tree
version=v4
num_class=1
num_tree_per_iteration=1
label_index=0
max_feature_idx=12
objective=binary sigmoid:1
feature_names=train_kind prev_delay_departure_min time_reserve_min min_technical_time_min hour_sin hour_cos day_of_week is_track_closure is_speed_warning active_disruption_group num_platform_tracks is_passing_loop is_node
feature_infos=[0:1] [0:459] [0:73] [1:185] [-1:1] [-1:0.99999048072073449] [0:6] [0:1] [0:1] [0:7] [1:17] [0:1] [0:1]
tree_sizes=1717 1737 1754 1741 1763 1753 1759 1760 1765 1769 1767 1757 1763 1765 1761 1769 1769 1772 1776 1761 1777 1766 1761 1778 1772 1776 1765 1792 1776 1783 1776 1769 1776 1792 1782 1775 1775 1784 1776 1781 1789 1782 1783 1777 1786 1790 1776 1786 1782 1783 1794 1774 1785 1779 1798 1786 1785 1788 1780 1801 1782 1786 1797 1779 1778 1795 1797 1774 1782 1800 1787 1776 1769 1777 1794 1789 1788 1789 1784 1777 1781 1773 1779 1786 1764 1780 1790 1793 1786 1786 1796 1761 1766 1782 1796 1782 1772 1775 1796 1796 1766 1775 1789 1771 1766 1792 1792 1761 1774 1758 1781 1775 1785 1784 1776 1785 1774 1795 1781 1771 1782 1751 1767 1788 1782 1765 1755 1786 1770 1758 1791 1779 1752 1777 1756 1765 1764 1756 1772 1753 1782 1787 1758 1776 1754 1760 1751 1765 1775 1757 1766 1772 1785 1747 1784 1796 1756 1772 1751 1767 1767 1792 1751 1769 1781 1772 1784 1757 1766 1808 1748 1754 1767 1775 1782 1787 1759 1807 1742 1758

Tree=0
num_leaves=15
num_cat=0
split_feature=9 3 3 1 3 1 2 3 10 3 1 10 1 8
split_gain=30607.3 10320.8 2585.08 2253.44 1950.93 1697.85 1281.83 846.659 723.011 516.937 502.274 323.541 313.856 296.768
threshold=1.0000000180025095e-35 13.205000000000002 43.295000000000009 11.500000000000002 5.0200000000000005 10.500000000000002 4.660000000000001 76.950000000000017 1.5000000000000002 21.010000000000002 10.500000000000002 9.5000000000000018 8.5000000000000018 1.0000000180025095e-35
decision_type=2 2 2 2 2 2 2 2 2 2 2 2 2 2
left_child=7 4 3 8 -2 13 12 10 -3 -10 -1 -7 -4 -6
right_child=1 2 6 -5 5 11 -8 -9 9 -11 -12 -13 -14 -15
leaf_value=-3.0885566518037404 -3.0699467570699013 -2.5511489311839735 -2.5123088602755428 -2.6982882280135287 -3.0084371636345506 -2.845331480057919 -2.7587690346571954 -2.9722216694523351 -2.9091304510539522 -2.8428194910103608 -3.0534831939850906 -2.5938123262467117 -2.2096982439302559 -2.9511412586750727
leaf_weight=11475.082040056586 603.61270076036453 17.549896627664566 60.387205883860588 228.32156154513359 604.39077499508858 191.06045097112656 83.859111964702606 167.32918681204319 562.07218189537525 616.01866216957569 1120.4268980026245 13.702751800417898 9.9852860122919065 360.98321856558323
leaf_count=265465 13964 406 1397 5282 13982 4420 1940 3871 13003 14251 25920 317 231 8351
internal_value=-3.04864 -2.91418 -2.82116 -2.84222 -2.99694 -2.95927 -2.62672 -3.08395 -2.86971 -2.87446 -3.08544 -2.8285 -2.46937 -2.98701
internal_weight=16114.8 3351.94 1578.19 1423.96 1773.75 1170.14 154.232 12762.8 1195.64 1178.09 12595.5 204.763 70.3725 965.374
internal_count=372800 77544 36510 32942 41034 27070 3568 295256 27660 27254 291385 4737 1628 22333
is_linear=0
shrinkage=1


Tree=1
num_leaves=15
num_cat=0
split_feature=9 3 3 1 1 3 3 1 9 7 3 2 3 3
split_gain=24943.7 6189.31 1568.02 1099.04 1018.41 899.851 762.049 489.001 306.88 336.15 326.311 301.344 266.607 262.724
threshold=1.0000000180025095e-35 13.205000000000002 5.0200000000000005 8.5000000000000018 13.500000000000002 43.295000000000009 66.680000000000021 10.500000000000002 4.5000000000000009 1.0000000180025095e-35 25.235000000000003 5.5950000000000015 8.9950000000000028 21.965000000000003
decision_type=2 2 2 2 2 2 2 2 2 2 2 2 2 2
left_child=6 2 -2 -4 5 8 7 -1 -3 10 -10 -7 -5 -6
right_child=1 4 3 12 13 11 -8 -9 9 -11 -12 -13 -14 -15
leaf_value=-0.039432424920329792 -0.020649767371011599 0.17896090702992432 0.052474969785092897 0.086596141302584098 0.20875293484005059 0.31072120706500428 0.063400559225157749 -0.0046890106347150717 0.092993844721333846 0.1810215527102681 0.16713363820137903 0.18703618135027622 0.19287113404163098 0.30357231474033453
leaf_weight=11050.167956292629 592.01651671528816 457.01532287895679 979.05179646983743 82.088467441499233 135.62544219195843 115.28481462597847 194.93217942491174 1114.9405733495951 549.32269386947155 239.62162825465202 203.35238230973482 85.96835470944643 209.93609831109643 158.34789890795946
leaf_count=265104 13964 8935 21413 1600 2295 1687 4245 25907 10903 4658 3894 1534 4057 2604
internal_value=-0.000206345 0.111688 0.0465623 0.077867 0.174087 0.158816 -0.0346766 -0.0362482 0.145059 0.129444 0.113024 0.257887 0.162997 0.259827
internal_weight=16167.7 3807.63 1863.09 1271.08 1944.54 1650.57 12360 12165.1 1449.31 992.297 752.675 201.253 292.025 293.973
internal_count=372800 77544 41034 27070 36510 31611 295256 291011 28390 19455 14797 3221 5657 4899
is_linear=0
shrinkage=0.05


Tree=2
num_leaves=15
num_cat=0
split_feature=9 3 3 1 3 1 7 1 3 3 9 3 3 2
split_gain=20913.7 4217.41 1359.31 857.785 693.737 477.252 453.531 438.183 360.094 353.217 275.222 246.69 205.574 200.97
threshold=1.0000000180025095e-35 8.9950000000000028 19.425000000000004 9.5000000000000018 76.950000000000017 9.5000000000000018 1.0000000180025095e-35 17.500000000000004 53.235000000000007 4.0750000000000011 3.5000000000000004 9.4650000000000016 13.205000000000002 5.0900000000000007
decision_type=2 2 2 2 2 2 2 2 2 2 2 2 2 2
left_child=4 9 3 6 5 12 10 8 -4 -2 -3 -7 -1 -10
right_child=1 2 7 -5 -6 11 -8 -9 13 -11 -12 -13 -14 -15
leaf_value=-0.04452530462711448 -0.030254138525213338 0.10069092318704453 0.13557825088973482 0.15684889734222313 0.060783270959737234 -0.03373730840330795 0.14209292054932926 0.23044488619421624 0.24845301356647914 0.031455764021855383 0.046897759787534965 0.012430808498224392 -0.030224066823660779 0.15214810177122184
leaf_weight=6464.4610973708332 451.87015926092863 330.65323026478291 1093.5896884761751 403.84754194319248 189.85065784677863 478.5205687135458 208.0239769667387 180.2529119849205 122.17782682925463 476.31166480109096 846.51602253317833 731.86339543387294 4110.6856682337821 97.324302695691586
leaf_count=160783 10861 6358 17975 6280 3871 11224 3868 2328 1360 10159 16892 17173 102205 1463
internal_value=-0.000333918 0.0955158 0.122126 0.0927286 -0.0340349 -0.0355623 0.0740346 0.157344 0.147309 0.00141331 0.0620076 -0.00582158 -0.0389662 0.205753
internal_weight=16185.9 4210.57 3282.39 1789.04 11975.4 11785.5 1385.19 1493.34 1313.09 928.182 1177.17 1210.38 10575.1 219.502
internal_count=372800 77544 56524 33398 295256 291385 27118 23126 20798 21020 23250 28397 262988 2823
is_linear=0
shrinkage=0.05


Tree=3
num_leaves=15
num_cat=0
split_feature=9 3 3 3 1 1 1 3 3 3 10 3 10 10
split_gain=17849.2 3133.68 929.163 641.746 555.255 450.49 317.396 300.768 265.394 218.315 213.365 211.626 510.038 195.651
threshold=1.0000000180025095e-35 8.0050000000000008 15.005000000000001 45.500000000000007 8.5000000000000018 9.5000000000000018 10.500000000000002 4.0750000000000011 35.005000000000003 8.9950000000000028 1.5000000000000002 111.90000000000002 9.5000000000000018 9.5000000000000018
decision_type=2 2 2 2 2 2 2 2 2 2 2 2 2 2
left_child=3 7 4 5 -3 -1 8 -2 10 -7 -4 -5 -13 -11
right_child=1 2 6 11 -6 9 -8 -9 -10 13 -12 12 -14 -15
leaf_value=-0.038890160899471699 -0.029568817263362374 0.052539973556198133 0.2278688677068002 0.0115793713256865 0.12465214560128419 -0.036208357587930499 0.16053401410194901 0.027953566942398735 0.15122300941094555 0.0019291819913256896 0.10128524826829433 0.50686593913174582 0.065191468999861835 0.097226028459233657
leaf_weight=10070.879851143807 439.54269131273031 1018.4416727982461 34.093813762068748 262.19728741049767 361.76091163232923 404.97470078244805 459.64520808309317 470.49838986992836 380.12336071580648 728.5608936958015 1411.3028875477612 7.1458708718419066 76.63687601685524 58.159204952418804
leaf_count=259622 10861 19396 402 5908 5124 9796 5372 9776 4539 16962 22074 138 1480 1350
internal_value=-0.000424102 0.0832152 0.103834 -0.0333898 0.0714411 -0.0354503 0.123398 0.000170707 0.114048 -0.00638029 0.104271 0.0336845 0.102862 0.00897411
internal_weight=16184 4575.41 3665.37 11608.6 1380.2 11262.6 2285.17 910.041 1825.52 1191.69 1445.4 345.98 83.7827 786.72
internal_count=372800 77544 56907 295256 24520 287730 32387 20637 27015 28108 22476 7526 1618 18312
is_linear=0
shrinkage=0.05


Tree=4
num_leaves=15
num_cat=0
split_feature=9 3 3 3 1 1 10 7 2 3 9 9 10 3
split_gain=15429.5 2404.11 665.457 596.597 442.964 435.486 272.177 269.229 244.663 226.863 182.973 185.862 175.722 170.74
threshold=1.0000000180025095e-35 8.0050000000000008 20.460000000000004 45.500000000000007 6.5000000000000009 5.5000000000000009 6.5000000000000009 1.0000000180025095e-35 1.670000000000001 9.4650000000000016 3.5000000000000004 5.5000000000000009 9.5000000000000018 9.4650000000000016
decision_type=2 2 2 2 2 2 2 2 2 2 2 2 2 2
left_child=3 6 5 4 13 7 -2 10 -4 -6 -3 -12 -11 -1
right_child=1 2 8 -5 9 -7 -8 -9 -10 12 11 -13 -14 -15
leaf_value=-0.047458133174479028 0.029448747045524498 0.076789197588721075 0.14691034508146503 0.030841461231408657 -0.034450776599983107 0.10314555538137891 -0.025365807529052171 0.10492851705165873 0.10282265533679846 -0.0016665121761847348 0.016260868847666119 0.063590819491261982 0.074818371906762021 -0.03357768682149103
leaf_weight=3609.9361234679818 423.59255666285753 360.30101119726896 408.01918739825487 357.20609299093485 593.32405775040388 740.90338848903775 486.62833617627621 237.38515131548047 1375.6496024280787 881.04010221362114 539.35911216214299 337.04140530154109 82.093034937977791 5735.4180540144444
leaf_count=96942 8856 5951 4869 7526 15048 9891 11781 3639 16802 21140 9688 6067 1844 152756
internal_value=-0.000490621 0.0734833 0.0901777 -0.0327429 -0.0348263 0.0718738 0.000143426 0.056156 0.112908 -0.0101298 0.0467942 0.0344628 0.00485271 -0.0389394
internal_weight=16167.9 4908.88 3998.66 11259 10901.8 2214.99 910.221 1474.09 1783.67 1556.46 1236.7 876.401 963.133 9345.35
internal_count=372800 77544 56907 295256 287730 35236 20637 25345 21671 38032 21706 15755 22984 249698
is_linear=0
shrinkage=0.05


Tree=5
num_leaves=15
num_cat=0
split_feature=9 3 10 3 3 1 1 3 3 1 2 1 3 9
split_gain=13459.5 1887.35 569.482 515.196 512.152 327.809 323.985 294.432 258.997 227.041 275.276 204.614 186.072 144.406
threshold=1.0000000180025095e-35 8.0050000000000008 9.5000000000000018 15.005000000000001 128.53500000000003 9.5000000000000018 11.500000000000002 16.975000000000005 4.0750000000000011 3.5000000000000004 1.0899999999999974 17.500000000000004 53.235000000000007 4.5000000000000009
decision_type=2 2 2 2 2 2 2 2 2 2 2 2 2 2
left_child=2 8 4 6 5 -1 -3 -4 -2 -9 -11 12 -5 -10
right_child=1 3 7 11 -6 -7 -8 9 13 10 -12 -13 -14 -15
leaf_value=-0.039056906975129944 -0.028551596703304268 0.044185211489981363 -0.029063753911749701 0.081659040649254139 0.30668582177739839 -0.010083419802963907 0.098836618457315562 0.012561959317195863 0.064960407904149683 0.37261833641486936 0.070473999908201926 0.12767621178270014 0.12281891188207349 0.006450615618277371
leaf_weight=8917.3782373964787 422.30297118425369 1211.5160476565361 359.5931992419064 2072.006121315062 10.922245562076567 1096.2624289914966 349.38949317485094 426.69580272212625 154.12007852643728 8.1156261414289457 105.98721337690949 357.42428311705589 316.52848428487778 333.97479794546962
leaf_count=246131 10861 20541 9774 26328 133 26452 3979 10315 3106 184 2267 3236 2823 6670
internal_value=-0.000539376 0.0655287 -0.0320905 0.0793551 -0.0355117 -0.035885 0.0564183 0.00600003 0.000119313 0.029315 0.0919642 0.0923933 0.0871135 0.0249256
internal_weight=16142.2 5217.26 10925 4306.86 10024.6 10013.6 1560.91 900.392 910.398 540.799 114.103 2745.96 2388.53 488.095
internal_count=372800 77544 295256 56907 272716 272583 24520 22540 20637 12766 2451 32387 29151 9776
is_linear=0
shrinkage=0.05


Tree=6
num_leaves=15
num_cat=0
split_feature=9 3 10 3 3 1 3 1 3 1 3 1 2 3
split_gain=11832.3 1511.47 543.805 389.978 382.349 323.485 263.729 258.761 234.514 179.175 154.211 149.862 146.926 139.645
threshold=1.0000000180025095e-35 8.0050000000000008 9.5000000000000018 15.005000000000001 128.53500000000003 6.5000000000000009 16.975000000000005 7.5000000000000009 4.0750000000000011 3.5000000000000004 8.9950000000000028 17.500000000000004 1.0899999999999974 53.235000000000007
decision_type=2 2 2 2 2 2 2 2 2 2 2 2 2 2
left_child=2 8 4 7 5 -1 -4 -3 -2 -8 -7 13 -11 -5
right_child=1 3 6 11 -6 10 9 -9 -10 12 -12 -13 -14 -15
leaf_value=-0.039059872024623674 -0.027865018109923662 0.037812121536588049 -0.028381897365908338 0.072439234362912205 0.22691175824770127 -0.036684731356245448 0.011794706843973235 0.080923768122321341 0.023122222031399981 0.25190571113562371 -0.001651344588429019 0.11023938248440426 0.062747215427425312 0.10661281397176599
leaf_weight=8266.9747473560274 411.35439911112189 1134.904939930886 350.06546917557716 2214.9429512545466 13.925420939922331 469.1006542891264 431.59968185424805 502.01767444238067 499.20164560899138 11.29248486459255 950.76051649078727 392.26109234988689 112.89454873651266 345.58126291632652
leaf_count=236776 10861 18866 9774 26328 133 12520 10315 5654 9776 184 23287 3236 2267 2823
internal_value=-0.000576717 0.0589341 -0.0314372 0.0706087 -0.0348968 -0.0352732 0.00561188 0.0510338 8.81368e-05 0.027023 -0.0132258 0.0814603 0.0799476 0.0770515
internal_weight=16106.9 5500.26 10606.6 4589.71 9700.76 9686.84 905.852 1636.92 910.556 555.787 1419.86 2952.79 124.187 2560.52
internal_count=372800 77544 295256 56907 272716 272583 22540 24520 20637 12766 35807 32387 2451 29151
is_linear=0
shrinkage=0.05


Tree=7
num_leaves=15
num_cat=0
split_feature=9 3 3 3 1 1 3 7 10 1 2 9 10 9
split_gain=10464 1228.32 521.748 312.617 310.288 253.244 240.636 238.344 220.345 187.42 159.59 140.071 137.683 130.545
threshold=1.0000000180025095e-35 8.0050000000000008 21.550000000000004 19.425000000000004 10.500000000000002 6.5000000000000009 109.52500000000002 1.0000000180025095e-35 6.5000000000000009 8.5000000000000018 1.670000000000001 3.5000000000000004 9.5000000000000018 5.5000000000000009
decision_type=2 2 2 2 2 2 2 2 2 2 2 2 2 2
left_child=2 8 5 7 6 -1 12 9 -2 11 -5 -3 -4 -13
right_child=1 3 4 10 -6 -7 -8 -9 -10 -11 -12 13 -14 -15
leaf_value=-0.039810326334160526 0.02518853983315918 0.058305803197097078 -0.025629347363500466 0.099814404729960199 0.054521931619373215 -0.015722262856700319 0.060517795049084139 0.086356416899745783 -0.024016491110528258 0.067943654417148766 0.069177677901260198 0.010713971280358357 0.011456497838355041 0.046886618030836158
leaf_weight=7121.2295808345079 445.68160367012024 443.7956796772778 1295.0924852415919 555.74312254041433 184.58622363582253 1288.5624587871134 102.60485729947686 399.78468414768577 464.80994975566864 595.04451666772366 1807.7772213146091 640.65417974069715 310.21414260193706 408.4412278495729
leaf_count=212108 8856 6281 37273 5234 3936 32881 1642 4808 11781 5959 17892 10359 7416 6374
internal_value=-0.000603019 0.0533582 -0.0307818 0.0633596 -0.00706209 -0.0361195 -0.0137179 0.0509879 6.91547e-05 0.0442158 0.0763814 0.0347582 -0.0184628 0.024797
internal_weight=16064 5761.73 10302.3 4851.24 1892.5 8409.79 1707.91 2487.72 910.492 2087.94 2363.52 1492.89 1605.31 1049.1
internal_count=372800 77544 295256 56907 50267 244989 46331 33781 20637 28973 23126 23014 44689 16733
is_linear=0
shrinkage=0.05


Tree=8
num_leaves=15
num_cat=0
split_feature=9 3 10 3 1 1 3 3 9 3 2 3 9 4
split_gain=9295.09 1017.69 506.715 363.046 321.468 240.765 217.028 175.842 169.499 154.515 144.205 140.659 123.271 115.716
threshold=1.0000000180025095e-35 5.0200000000000005 9.5000000000000018 15.005000000000001 6.5000000000000009 11.500000000000002 16.975000000000005 117.91500000000001 4.5000000000000009 8.9950000000000028 1.0350000000000004 9.4650000000000016 5.5000000000000009 0.70864607840491667
decision_type=2 2 2 2 2 2 2 2 2 2 2 2 2 2
left_child=2 -2 4 5 7 8 -4 11 -3 -6 -8 -1 -10 -5
right_child=1 3 6 13 9 -7 10 -9 12 -11 -12 -13 -14 -15
leaf_value=-0.046603591726894267 -0.017160986971492525 0.054598612141313535 -0.026809302554569599 0.061362508010334486 -0.035819582755070994 0.069473101034763882 0.11773719782640946 0.14385078821684588 0.0061592286951272709 -0.0001584451671210014 0.017376191127775106 -0.03268236120590761 0.039279021777097523 0.087058652266253922
leaf_weight=2928.9260059297085 536.46270852535963 487.96688145399094 329.7274608053267 2794.8834805861115 446.93103264644742 498.94149815291166 38.344079345464706 13.319317810237406 697.02312489598989 948.16249999403954 537.82535321265459 4768.7166540324688 470.65550062060356 519.57108141481876
leaf_count=91707 13964 7242 9774 27211 12520 5132 817 105 11452 23320 11949 145064 7367 5176
internal_value=-0.000621888 0.0485577 -0.0301214 0.0550041 -0.0336693 0.0390262 0.0055416 -0.0376653 0.0298508 -0.0115828 0.0240552 -0.0379793 0.0195088 0.0653906
internal_weight=16017.5 6005.5 10012 5469.04 9106.06 2154.59 905.897 7710.96 1655.65 1395.09 576.169 7697.64 1167.68 3314.45
internal_count=372800 77544 295256 63580 272716 31193 22540 236876 26061 35840 12766 236771 18819 32387
is_linear=0
shrinkage=0.05


Tree=9
num_leaves=15
num_cat=0
split_feature=9 3 3 3 1 1 1 3 1 3 10 3 9 4
split_gain=8289.13 857.475 497.255 295.486 261.314 244.975 201.278 195.092 115.57 115.263 113.597 111.269 110.618 105.908
threshold=1.0000000180025095e-35 5.0200000000000005 21.550000000000004 14.030000000000003 10.500000000000002 6.5000000000000009 8.5000000000000018 109.52500000000002 10.500000000000002 9.4650000000000016 9.5000000000000018 8.9950000000000028 4.5000000000000009 0.97387466162284198
decision_type=2 2 2 2 2 2 2 2 2 2 2 2 2 2
left_child=2 -2 5 6 7 9 12 10 13 -1 -4 -7 -3 -5
right_child=1 3 4 8 -6 11 -8 -9 -10 -11 -12 -13 -14 -15
leaf_value=-0.046095547306486927 -0.016569111457902252 0.045774528109088296 -0.024103050996227036 0.051881337154691835 0.048580667964000762 -0.034460252921950603 0.059169479631849591 0.051478351445645942 0.075769086306555475 -0.032834688864884116 0.0093239531470295234 -0.0034742067664983349 0.015652636054864614 0.098115472850087065
leaf_weight=2970.2260926403105 528.06268198415637 436.25298949331045 1228.5033921934664 2758.3745387271047 195.02800821140409 453.9724568836391 600.09999790787697 110.84519118070602 769.01510637998581 3655.185150846839 320.46343884244561 800.75857522711158 1011.447991233319 129.68714747577906
leaf_count=96942 13964 6366 37273 27479 3936 13142 6170 1642 5731 115166 7416 19739 16548 1286
internal_value=-0.000635012 0.0443866 -0.0294607 0.0500289 -0.00616871 -0.0349432 0.0348221 -0.0126018 0.058544 -0.0387796 -0.0171874 -0.0146852 0.0247296 0.0539575
internal_weight=15967.9 6232.94 9734.98 5704.88 1854.84 7880.14 2047.8 1659.81 3657.08 6625.41 1548.97 1254.73 1447.7 2888.06
internal_count=372800 77544 295256 63580 50267 244989 29084 46331 34496 212108 44689 32881 22914 28765
is_linear=0
shrinkage=0.05


Tree=10
num_leaves=15
num_cat=0
split_feature=9 3 3 1 1 7 9 9 3 3 3 10 10 3
split_gain=7417.44 728.659 479.582 240.693 231.592 202.416 217.182 174.208 171.245 159.007 150.6 130.888 124.94 116.509
threshold=1.0000000180025095e-35 8.0050000000000008 21.550000000000004 6.5000000000000009 3.5000000000000004 1.0000000180025095e-35 4.5000000000000009 5.5000000000000009 4.0750000000000011 34.905000000000008 109.52500000000002 9.5000000000000018 9.5000000000000018 9.4650000000000016
decision_type=2 2 2 2 2 2 2 2 2 2 2 2 2 2
left_child=2 8 3 13 10 6 -3 9 -2 12 -4 -6 -8 -1
right_child=1 5 4 -5 11 -7 7 -9 -10 -11 -12 -13 -14 -15
leaf_value=-0.045777202621517736 -0.025981302847770484 0.058357544553743292 -0.019475168217024608 -0.014151032651367449 0.010632471710194515 0.064466446332433994 0.014727005118294018 0.048906887839602307 0.017795249103124355 0.074860285634769305 0.043587339899747057 0.075843291719739914 0.069899988156375145 -0.032191519216571311
leaf_weight=2844.5234098155051 383.78267759457231 1385.0754271522164 1353.7656524926424 1237.8823729418218 282.38621805980802 1345.3467239961028 1380.1476445123553 1165.1378224864602 534.55549183860421 138.36819311231375 101.79036091640592 105.77054101601243 110.85074424371123 3544.6355395745486
leaf_count=96942 10861 13737 40039 32881 7013 11981 16435 12555 9776 1049 1467 1748 1150 115166
internal_value=-0.000642596 0.0407427 -0.0287984 -0.0343303 -0.00591393 0.0475979 0.0421681 0.034144 -0.000499408 0.0235872 -0.0150651 0.0284021 0.0188289 -0.03824
internal_weight=15914 6443.26 9470.75 7627.04 1843.71 5524.93 4179.58 2794.5 918.338 1629.37 1455.56 388.157 1491 6389.16
internal_count=372800 77544 295256 244989 50267 56907 44926 31189 20637 18634 41506 8761 17585 212108
is_linear=0
shrinkage=0.05


Tree=11
num_leaves=15
num_cat=0
split_feature=9 3 3 10 3 3 1 1 1 9 2 7 3 10
split_gain=6653.78 626.56 464.2 328.651 256.334 205.769 188.886 168.017 156.299 128.001 112.994 93.6642 87.4519 82.4055
threshold=1.0000000180025095e-35 4.0750000000000011 16.465000000000003 9.5000000000000018 12.060000000000002 128.53500000000003 7.5000000000000009 8.5000000000000018 10.500000000000002 4.5000000000000009 1.0350000000000004 1.0000000180025095e-35 8.0050000000000008 6.5000000000000009
decision_type=2 2 2 2 2 2 2 2 2 2 2 2 2 2
left_child=2 -2 6 5 7 8 -1 -3 -4 -6 -5 13 -8 -11
right_child=1 4 3 10 9 -7 12 -9 -10 11 -12 -13 -14 -15
leaf_value=-0.039829203230402649 -0.02530009781744751 0.01510694776928562 -0.026019331227501014 0.099039139645024893 0.059161980255596824 0.14131146012196991 -0.033574471639757679 0.050598275577119156 0.01417409268036726 0.030066681912043508 0.014816845044489338 0.05555305897399801 -0.0022944202217879046 0.051947283427149674
leaf_weight=5193.6107187848538 374.64569697156549 1238.9419213533401 2212.844887893647 42.886517740786076 1540.0520446896553 19.528935834765434 381.57963846810162 456.27152064442635 271.55434425547719 1592.6722793914378 557.61452408879995 848.8142466545105 539.18418349511921 589.60531867295504
leaf_count=179848 10861 19786 71362 817 13337 133 11465 4894 6068 16213 12040 6943 13523 5510
internal_value=-0.000646805 0.0375103 -0.0281343 -0.0123883 0.0412656 -0.0203552 -0.0361289 0.0246595 -0.021626 0.0474239 0.0208318 0.04146 -0.0152574 0.0359784
internal_weight=15859.8 6641 9218.8 3104.43 6266.36 2503.93 6114.37 1695.21 2484.4 4571.14 600.501 3031.09 920.764 2182.28
internal_count=372800 77544 295256 90420 66683 77563 204836 24680 77430 42003 12857 28666 24988 21723
is_linear=0
shrinkage=0.05


Tree=12
num_leaves=15
num_cat=0
split_feature=9 3 3 10 1 3 1 3 1 1 4 9 3 10
split_gain=5983.88 543.245 450.447 300.097 220.21 242.785 186.167 174.481 145.662 102.689 100.232 88.0227 82.9088 82.1222
threshold=1.0000000180025095e-35 4.0750000000000011 16.465000000000003 9.5000000000000018 13.500000000000002 13.205000000000002 7.5000000000000009 128.53500000000003 10.500000000000002 3.5000000000000004 0.70864607840491667 4.5000000000000009 8.0050000000000008 1.5000000000000002
decision_type=2 2 2 2 2 2 2 2 2 2 2 2 2 2
left_child=2 -2 6 7 5 11 -1 8 -4 -5 13 -3 -8 -7
right_child=1 4 3 9 -6 10 12 -9 -10 -11 -12 -13 -14 -15
leaf_value=-0.039321893211299808 -0.024621917431175793 0.035042500799799661 -0.025344092321777967 0.0076290216853481313 0.057507223839712789 0.098201336487348648 -0.032936455164913905 0.12269801426197274 0.013289274195922957 0.055038033488713625 0.05997173361904018 0.010870875158643012 -0.0021844070694150928 0.03625635243321116
leaf_weight=5002.4540466349572 365.94098392128944 547.85452157258987 2159.5834159515798 459.76827203854918 1182.0114604644477 54.517931170761585 369.8237124606967 21.315630465745926 275.05978817865252 151.97506873309612 591.47167031466961 1205.1450888738036 538.05170379020274 2877.5259894654155
leaf_count=179848 10861 7506 71362 10392 8967 363 11465 133 6068 2465 5163 18599 13523 26085
internal_value=-0.000647671 0.0346426 -0.0274728 -0.0119275 0.0380005 0.0336307 -0.0355415 -0.0197324 -0.0209794 0.0194068 0.0411958 0.0184251 -0.0147113 0.0374081
internal_weight=15802.5 6824.47 8978.03 3067.7 6458.53 5276.52 5910.33 2455.96 2434.64 611.743 3523.52 1753 907.875 2932.04
internal_count=372800 77544 295256 90420 66683 57716 204836 77563 77430 12857 31611 26105 24988 26448
is_linear=0
shrinkage=0.05


Tree=13
num_leaves=15
num_cat=0
split_feature=9 3 3 10 1 3 1 10 3 2 7 10 9 9
split_gain=5392.47 473.289 449.11 387.602 268.102 200.296 163.69 129.734 115.673 96.3597 89.5032 114.511 105.609 100.931
threshold=1.0000000180025095e-35 4.0750000000000011 9.4650000000000016 9.5000000000000018 13.500000000000002 24.160000000000004 8.5000000000000018 1.5000000000000002 117.91500000000001 1.5849999999999993 1.0000000180025095e-35 6.5000000000000009 4.5000000000000009 6.5000000000000009
decision_type=2 2 2 2 2 2 2 2 2 2 2 2 2 2
left_child=2 -2 -1 4 8 6 7 -3 -4 -7 12 -12 -9 -14
right_child=1 5 3 -5 -6 9 -8 10 -10 -11 11 -13 13 -15
leaf_value=-0.042467118051898303 -0.023947454501776714 0.091728964905295959 -0.027971058362427765 0.015181660886296595 0.011466781811512727 0.0704878163090807 0.044374571646092875 0.032053880293151961 0.090633250862091563 0.042916716321298704 0.055778646887006879 0.0062313074277693297 0.002428739262256006 0.027118335600878164
leaf_weight=3006.7387664746493 357.6489928625524 68.413260921835899 4490.2702874559909 739.18290963210166 491.30924597010016 396.94435063004494 1319.5980797000229 938.12127732485533 20.652101583778858 1571.617818839848 380.43716475740075 168.15773859620094 1145.526256095618 648.14678356796503
leaf_count=111990 10861 475 155158 16683 11304 2756 10920 10323 121 11762 3789 2624 15760 8274
internal_value=-0.000645663 0.0320809 -0.0268122 -0.0186139 -0.0236079 0.0351001 0.0294597 0.0235824 -0.0274281 0.0484762 0.0221612 0.0405912 0.0184601 0.0113504
internal_weight=15742.8 6994.61 8748.15 5741.41 5002.23 6636.96 4668.4 3348.8 4510.92 1968.56 3280.39 548.595 2731.79 1793.67
internal_count=372800 77544 295256 183266 166583 66683 52165 41245 155279 14518 40770 6413 34357 24034
is_linear=0
shrinkage=0.05


Tree=14
num_leaves=15
num_cat=0
split_feature=9 3 3 10 1 3 1 10 1 2 0 2 3 2
split_gain=4867.53 441.117 414.081 359.168 257.189 169.232 139.305 118.259 87.5687 83.7862 83.5797 97.9974 97.2611 86.7541
threshold=1.0000000180025095e-35 9.4650000000000016 4.0750000000000011 9.5000000000000018 6.5000000000000009 24.160000000000004 6.5000000000000009 1.5000000000000002 4.5000000000000009 0.56000000000000061 1.0000000180025095e-35 1.670000000000001 33.965000000000011 2.4000000000000026
decision_type=2 2 2 2 2 2 2 2 2 2 2 2 2 2
left_child=1 -1 -2 4 -3 6 7 -4 -5 -6 11 -7 -12 -14
right_child=2 3 5 8 9 10 -8 -9 -10 -11 12 -13 13 -15
leaf_value=-0.042040444991999978 -0.023277386232675973 -0.028265919859213218 0.086535964207225827 0.0047104425440159655 0.088531912654775377 0.075530180281568771 0.039625124530730138 0.01999640169878204 0.044937548071870947 -0.0010104953105245509 -0.02479331063547149 0.043644437197827027 0.071283992589122727 0.012116373240487237
leaf_weight=2888.3989308383316 349.75097922235727 4026.5216257739812 68.224370960146189 572.1003853417933 26.965223614126444 290.94379940629005 1559.1222174949944 3143.6982443630695 177.18479407206178 838.33077187463641 83.904147319495678 1402.8851348757744 107.91547358781099 145.45938070863485
leaf_count=111990 10861 145169 443 13682 671 2026 13222 38500 3001 20743 644 10338 546 964
internal_value=-0.000641654 -0.0261499 0.02978 -0.0180135 -0.0229512 0.0325081 0.0273623 0.0214098 0.014223 0.00177992 0.0445954 0.0491214 0.0218656 0.0373166
internal_weight=15681.4 8529.5 7151.9 5641.1 4891.82 6802.15 4771.04 3211.92 749.285 865.296 2031.11 1693.83 337.279 253.375
internal_count=372800 295256 77544 183266 166583 66683 52165 38943 16683 21414 14518 12364 2154 1510
is_linear=0
shrinkage=0.05


Tree=15
num_leaves=15
num_cat=0
split_feature=9 3 3 10 1 10 1 3 9 3 4 1 3 5
split_gain=4399.75 432.736 368.166 332.542 243.401 128.468 120.939 105.148 88.6437 85.0382 80.6389 74.6435 70.271 68.6959
threshold=1.0000000180025095e-35 9.4650000000000016 8.9950000000000028 9.5000000000000018 6.5000000000000009 6.5000000000000009 13.500000000000002 36.090000000000011 4.5000000000000009 117.91500000000001 0.72085188119920351 4.5000000000000009 39.600000000000009 0.013089595571344455
decision_type=2 2 2 2 2 2 2 2 2 2 2 2 2 2
left_child=1 -1 5 4 9 8 7 10 -2 -3 -4 -5 -6 -12
right_child=2 3 6 11 12 -7 -8 -9 -10 -11 13 -13 -14 -15
leaf_value=-0.041604784160520381 0.044268553077324968 -0.028106179978348324 0.023157350803663952 0.0044554095442922333 -0.00093922869211214089 -0.021534127149827432 0.046478094483640736 0.047380071231853699 0.00097753492553438021 0.078717320548741254 0.03565395805999199 0.041037284459104699 0.078994917623023853 0.082664972087014718
leaf_weight=2775.5803237166256 176.18646174669266 3902.0346682146192 3796.1952596530318 574.54118533991277 838.3485376983881 427.68651699274778 1185.0619442611933 661.08471351861954 359.57892287522554 18.719711415469646 604.49377461522818 184.13430135697126 28.427159804850817 89.172300703823566
leaf_count=111990 2845 145064 38043 13682 20892 11781 7572 4081 6394 105 5944 3001 522 884
internal_value=-0.000635294 -0.0254874 0.0276975 -0.0174215 -0.0222953 -0.001099 0.0320763 0.0287629 0.0152138 -0.0275961 0.0260217 0.013334 0.00168233 0.0416973
internal_weight=15621.2 8321.79 7299.46 5546.21 4787.53 963.452 6336.01 5150.95 535.765 3920.75 4489.86 758.675 866.776 693.666
internal_count=372800 295256 77544 183266 166583 21020 56524 48952 9239 145169 44871 16683 21414 6828
is_linear=0
shrinkage=0.05


Tree=16
num_leaves=15
num_cat=0
split_feature=9 3 3 10 1 9 3 9 3 4 7 2 10 1
split_gain=3981.98 423.762 326.398 307.89 231.781 154.024 128.764 107.467 83.9703 73.5188 69.4161 66.7013 65.5418 64.4658
threshold=1.0000000180025095e-35 9.4650000000000016 4.0750000000000011 9.5000000000000018 10.500000000000002 4.5000000000000009 15.005000000000001 5.5000000000000009 117.91500000000001 0.72986233575078574 1.0000000180025095e-35 1.670000000000001 16.000000000000004 11.500000000000002
decision_type=2 2 2 2 2 2 2 2 2 2 2 2 2 2
left_child=1 -1 -2 4 8 9 7 10 -3 13 -7 -8 -5 -4
right_child=2 3 5 12 -6 6 11 -9 -10 -11 -12 -13 -14 -15
leaf_value=-0.041159866678378232 -0.022212489184892485 -0.026543849856351817 0.030223903530457626 0.019817066734753769 0.006654227071109426 -0.00227407781624234 0.04258840918234829 0.026744651489098728 0.072300908864361982 0.060258417844465284 0.034175478673114192 0.025089932263643196 -0.016712168343490298 0.051741879465669188
leaf_weight=2668.0382770895958 337.82116494327784 4039.0254850778729 1591.2572219856083 614.04444228857756 626.58727696910501 952.93231318518519 737.38830392807722 804.90942518413067 21.601053975522518 333.4166763946414 151.37083127349615 2082.9501167908311 153.48795382492244 445.52330850064754
leaf_count=111990 10861 152144 14707 13048 14322 12631 5595 10121 117 2812 1691 16149 3635 2977
internal_value=-0.000627284 -0.0248305 0.0258057 -0.0168434 -0.0216504 0.0280905 0.0228771 0.0128499 -0.026018 0.0384936 0.00272219 0.029665 0.0125121 0.0349307
internal_weight=15560.4 8122.78 7437.57 5454.75 4687.21 7099.75 4729.55 1909.21 4060.63 2370.2 1104.3 2820.34 767.532 2036.78
internal_count=372800 295256 77544 183266 166583 66683 46187 24443 152261 20496 14322 21744 16683 17684
is_linear=0
shrinkage=0.05


Tree=17
num_leaves=15
num_cat=0
split_feature=9 3 3 10 1 1 3 3 8 2 3 2 0 2
split_gain=3606.87 414.434 288.175 284.964 220.341 130.695 149.224 72.7185 71.7225 69.7876 68.732 68.4509 75.4409 64.3657
threshold=1.0000000180025095e-35 9.4650000000000016 4.0750000000000011 9.5000000000000018 6.5000000000000009 17.500000000000004 12.060000000000002 53.235000000000007 1.0000000180025095e-35 0.56000000000000061 117.91500000000001 22.265000000000004 1.0000000180025095e-35 2.4000000000000026
decision_type=2 2 2 2 2 2 2 2 2 2 2 2 2 2
left_child=1 -1 -2 4 10 6 8 -8 -4 -6 -3 12 -9 -14
right_child=2 3 5 -5 9 -7 7 11 -10 -11 -12 -13 13 -15
leaf_value=-0.040705474663579745 -0.021556990419179228 -0.026792967591568424 0.0012688645803617966 0.011747255059054083 0.077774416171700167 0.042634054895464908 0.025812146263041347 0.070288641276844144 0.022501038577818277 -0.00094143445013131232 0.065718907388896075 -0.021798299361900211 0.058327704779330164 0.0052952754182913099
leaf_weight=2565.5374478064477 330.86856028810143 3705.4404690042138 925.66359840333462 776.09109908901155 29.137848451733589 1032.2677894197404 4074.9415256902575 242.96963505446911 697.42032783105969 836.88499265350401 20.186613127589226 34.793398588895798 108.32595923542976 121.2639092952013
leaf_count=111990 10861 145064 13054 16683 671 6769 34865 1339 9172 20743 105 223 510 751
internal_value=-0.000618105 -0.0241753 0.0240744 -0.0162746 -0.0210109 0.0261604 0.0234201 0.0280347 0.0103921 0.00170701 -0.0262917 0.0458854 0.0508688 0.0303172
internal_weight=15501.8 7933.28 7568.51 5367.74 4591.65 7237.65 6205.38 4582.29 1623.08 866.023 3725.63 507.353 472.56 229.59
internal_count=372800 295256 77544 183266 166583 66683 59914 37688 22226 21414 145169 2823 2600 1261
is_linear=0
shrinkage=0.05


Tree=18
num_leaves=15
num_cat=0
split_feature=9 3 1 3 10 9 7 9 10 3 3 3 1 10
split_gain=3270.84 404.746 269.639 256.824 204.954 126.214 130.267 135.375 111.817 100.163 91.3344 68.8327 63.8228 61.5851
threshold=1.0000000180025095e-35 9.4650000000000016 10.500000000000002 5.0200000000000005 9.5000000000000018 4.5000000000000009 1.0000000180025095e-35 5.5000000000000009 9.5000000000000018 33.925000000000004 25.235000000000003 117.91500000000001 9.5000000000000018 6.5000000000000009
decision_type=2 2 2 2 2 2 2 2 2 2 2 2 2 2
left_child=1 -1 4 13 11 -5 7 8 10 -4 -7 -3 -9 -2
right_child=3 2 9 5 -6 6 -8 12 -10 -11 -12 -13 -14 -15
leaf_value=-0.040241420483172946 0.017432772107159347 -0.025229042088385258 0.0054429264393660052 0.034187944959616835 0.0052223313841503714 -0.0016527397977429319 0.034699392842592693 0.020866865747537728 0.043997038287699415 0.062149399056978888 0.026623943768044001 0.061535262307633891 0.04438277429767197 -0.023489929486994573
leaf_weight=2467.8519980702549 123.96305049210787 3846.4355915039778 656.25839291512966 2413.0244402140379 670.89627087116241 1549.6330230049789 1166.8383980505168 1155.5725256688893 187.84599385783076 88.356585472822189 350.0893040522933 22.995404176414013 384.54674495756626 355.8506564758718
leaf_count=111990 3124 152144 14564 19368 15108 17541 8423 11759 1479 1333 2408 117 2602 10840
internal_value=-0.000607381 -0.0235231 -0.0157163 0.0225034 -0.02029 0.0248614 0.0201674 0.0154933 0.00719703 0.0121718 0.00355821 -0.0247134 0.0267385 -0.0129173
internal_weight=15440.2 7752.79 5284.94 7687.36 4540.33 7207.55 4794.53 3627.69 2087.57 744.615 1899.72 3869.43 1540.12 479.814
internal_count=372800 295256 183266 77544 167369 63580 44212 35789 21428 15897 19949 152261 14361 13964
is_linear=0
shrinkage=0.05


Tree=19
num_leaves=15
num_cat=0
split_feature=9 3 1 3 3 1 3 3 2 3 3 4 10 2
split_gain=2967.72 394.666 254.843 230.17 188.758 110.93 115.562 87.618 84.2354 92.2812 64.2489 62.3554 61.6834 54.973
threshold=1.0000000180025095e-35 9.4650000000000016 5.5000000000000009 4.0750000000000011 45.500000000000007 11.500000000000002 13.205000000000002 33.925000000000004 1.6550000000000005 21.965000000000003 32.030000000000008 0.97387466162284198 9.5000000000000018 8.9450000000000021
decision_type=2 2 2 2 2 2 2 2 2 2 2 2 2 2
left_child=1 -1 4 -2 12 6 -5 8 9 -4 -7 -8 -3 -9
right_child=3 2 7 5 -6 10 11 13 -10 -11 -12 -13 -14 -15
leaf_value=-0.039767548124335889 -0.020476558868588422 -0.026296761006111353 0.011388716166288327 0.0093920696860836372 0.015027820729709511 0.03076937996155037 0.023070906425356408 0.06262388029550453 -0.0090689730234158154 0.089908924652807254 0.061576796292443892 0.052895960444984819 -0.0051941230968511436 -0.010197557142172893
leaf_weight=2374.765297152102 319.94307670742273 3375.2867503110319 261.11834934353828 1873.9430122449994 335.15189512260258 1422.9511057622731 3808.2203758880496 100.27241950854659 669.3940500933677 43.677974225953221 192.0820100158453 183.70106192678213 385.87430447898805 34.948982639238238
leaf_count=111990 10861 139603 6881 25376 6650 9493 29506 1647 16833 823 991 1317 10331 498
internal_value=-0.000596572 -0.0228761 -0.0151705 0.0210536 -0.0209278 0.0228298 0.019635 0.00608717 0.000852119 0.0226408 0.0344334 0.0244434 -0.0241317 0.0438026
internal_weight=15381.3 7580.49 5205.72 7800.84 4096.31 7480.9 5865.86 1109.41 974.19 304.796 1615.03 3991.92 3761.16 135.221
internal_count=372800 295256 183266 77544 156584 66683 56199 26682 24537 7704 10484 30823 149934 2145
is_linear=0
shrinkage=0.05


Tree=20
num_leaves=15
num_cat=0
split_feature=9 3 1 3 3 9 7 9 10 3 3 2 3 10
split_gain=2694.96 384.24 236.592 204.645 175.384 108.649 86.8045 121.5 95.16 78.0318 75.5665 75.1198 78.1993 58.7896
threshold=1.0000000180025095e-35 9.4650000000000016 5.5000000000000009 4.0750000000000011 45.500000000000007 4.5000000000000009 1.0000000180025095e-35 5.5000000000000009 9.5000000000000018 25.235000000000003 33.925000000000004 1.3700000000000008 18.995000000000001 9.5000000000000018
decision_type=2 2 2 2 2 2 2 2 2 2 2 2 2 2
left_child=1 -1 4 -2 13 -5 7 8 9 -7 11 12 -4 -3
right_child=3 2 10 5 -6 6 -8 -9 -10 -11 -12 -13 -14 -15
leaf_value=-0.039283750988972882 -0.019840556049513507 -0.025631265777088255 0.007288636499757856 0.029732763278812531 0.014089602049182685 -0.0026863961004562438 0.028363518321157535 0.023629468631881256 0.038611375496805413 0.023049557603156204 0.040045619763137336 -0.0084683241314780829 0.067074196636180278 -0.0049586682021263212
leaf_weight=2286.0693466868252 313.84687096625566 3291.9237710330635 228.70311024971306 2565.5798800811172 339.48080317676067 1582.752328298986 1274.1009199693799 1611.4316585436463 196.52354755997658 361.87068286538124 140.30165095813572 674.24991515465081 71.887571370229125 384.03529600426555
leaf_count=111990 10861 139603 6007 20496 6650 17769 9799 14732 1479 2408 2145 17102 1428 10331
internal_value=-0.000584622 -0.0222345 -0.0146377 0.0197249 -0.020296 0.0213605 0.0170873 0.0132587 0.00545367 0.00210275 0.00573688 0.000799072 0.0215866 -0.0234716
internal_weight=15322.8 7416.65 5130.58 7906.11 4015.44 7592.26 5026.68 3752.58 2141.15 1944.62 1115.14 974.841 300.591 3675.96
internal_count=372800 295256 183266 77544 156584 66683 46187 36388 21656 20177 26682 24537 7435 149934
is_linear=0
shrinkage=0.05


Tree=21
num_leaves=15
num_cat=0
split_feature=9 3 1 10 3 10 4 5 2 5 3 2 0 2
split_gain=2447.93 373.562 224.311 187.651 186.78 85.6734 84.589 80.0985 70.5847 97.2986 70.3461 74.5048 151.239 68.4999
threshold=1.0000000180025095e-35 9.4650000000000016 16.500000000000004 9.5000000000000018 8.0050000000000008 6.5000000000000009 0.72085188119920351 -0.030538513209822593 0.61000000000000021 -0.99980486111815015 32.030000000000008 0.99500000000000111 1.0000000180025095e-35 4.660000000000001
decision_type=2 2 2 2 2 2 2 2 2 2 2 2 2 2
left_child=1 -1 3 8 5 -2 10 -8 9 -3 11 12 -6 -12
right_child=4 2 -4 -5 6 -7 7 -9 -10 -11 13 -13 -14 -15
leaf_value=-0.03878995104026127 0.010653755831746976 0.24073406562062172 0.018097506092203338 0.0057997230039714279 0.062942791059511796 -0.019798908857513006 0.028067238180189243 0.064588833404236656 -0.023687392767161298 0.00013170202966829585 0.042370290875708434 0.014948460923297 -0.030520418089958024 0.01739008658386107
leaf_weight=2201.5651035439223 538.33190330117941 4.2791286669671527 488.24619314819574 723.76136155985296 199.86880227178335 404.50209144502878 893.46393691748381 180.45023625344038 3609.7351941354573 232.85335981659591 572.34041720628738 4635.77893538028 55.247917748987675 527.24532613158226
leaf_count=111990 8856 174 10183 15705 1687 11781 7072 1378 147598 9606 3206 39773 463 3328
internal_value=-0.000572434 -0.0215978 -0.0141159 -0.0175571 0.018492 -0.00241129 0.0212818 0.034204 -0.0219515 0.00447345 0.0189652 0.0163962 0.0427025 0.0303924
internal_weight=15267.7 7260.44 5058.88 4570.63 8007.23 942.834 7064.4 1073.91 3846.87 237.132 5990.48 4890.9 255.117 1099.59
internal_count=372800 295256 183266 173083 77544 20637 56907 8450 157378 9780 48457 41923 2150 6534
is_linear=0
shrinkage=0.05


Tree=22
num_leaves=15
num_cat=0
split_feature=9 3 1 3 3 1 3 3 2 5 1 3 3 2
split_gain=2224.29 362.788 213.678 165.415 143.676 99.1188 91.4031 87.7725 86.5547 56.2119 53.89 53.2638 51.3223 49.767
threshold=1.0000000180025095e-35 9.4650000000000016 3.5000000000000004 4.0750000000000011 45.500000000000007 10.500000000000002 12.060000000000002 32.030000000000008 0.81499999999999961 0.058870663549117255 9.5000000000000018 19.425000000000004 32.030000000000008 7.9800000000000013
decision_type=2 2 2 2 2 2 2 2 2 2 2 2 2 2
left_child=1 10 4 -2 -3 6 -5 8 11 -9 -1 -4 13 -7
right_child=3 2 7 5 -6 12 -8 9 -10 -11 -12 -13 -14 -15
leaf_value=-0.04126299252319883 -0.01880722502899429 -0.02293930236676725 0.031893190920366805 0.0050894468842620048 0.011958888476079644 0.027674466784814156 0.019276619007633784 0.013062375391320527 -0.0042708040686678305 0.069934721450760351 -0.016949041307908141 0.15309423300597083 0.051981921992560687 -0.019860372407539236
leaf_weight=1861.3697449248284 304.36923391744494 3333.4906123634428 30.90440814755857 1520.3852698542178 323.55667614936829 1521.9877955727279 4482.3178957775235 108.10505622252822 1110.1831634845585 72.642914563417435 259.69148090109229 12.827298905700443 215.2192602455616 57.129552111029625
leaf_count=100766 10861 141799 840 20572 6372 9929 34762 1779 31084 1125 11224 267 1072 348
internal_value=-0.000559659 -0.020963 -0.0136022 0.0173538 -0.0198517 0.0187654 0.0156832 0.0035218 -0.00155293 0.0359195 -0.0382861 0.0674436 0.0290765 0.0259547
internal_weight=15214.2 7112.77 4991.71 8101.41 3657.05 7797.04 6002.7 1334.66 1153.91 180.748 2121.06 43.7317 1794.34 1579.12
internal_count=372800 295256 183266 77544 148171 66683 55334 35095 32191 2904 111990 1107 11349 10277
is_linear=0
shrinkage=0.05


Tree=23
num_leaves=15
num_cat=0
split_feature=9 3 1 3 3 9 3 2 7 9 10 3 1 2
split_gain=2022.38 351.738 198.391 147.756 133.593 91.8452 76.6258 73.56 73.1465 104.13 80.0551 65.4452 53.5113 50.5498
threshold=1.0000000180025095e-35 9.4650000000000016 3.5000000000000004 4.0750000000000011 45.500000000000007 4.5000000000000009 32.030000000000008 0.81499999999999961 1.0000000180025095e-35 5.5000000000000009 9.5000000000000018 34.905000000000008 9.5000000000000018 8.9450000000000021
decision_type=2 2 2 2 2 2 2 2 2 2 2 2 2 2
left_child=1 12 4 -2 -3 -5 7 -4 9 10 11 -7 -1 -8
right_child=3 2 6 5 -6 8 13 -9 -10 -11 -12 -13 -14 -15
leaf_value=-0.040831061390715302 -0.018194779023056062 -0.022285633564697899 0.060151270401181525 0.025138265610874778 0.011242433950791116 -0.0023420721220955287 0.047870066136129041 -0.0040735762284934644 0.023880913148736457 0.019662222183717586 0.032768451589757309 0.033954337624133586 -0.016370623873487585 -0.012830787559296243
leaf_weight=1788.8510100282729 299.02228955924511 3261.5605720486492 46.456611722707748 2677.8573990315199 326.87917875312269 1865.2355736643076 140.83454096876085 1105.851141570136 1326.8000053912401 1679.7033723555505 206.59748547524214 133.04990850389004 255.53164825588465 45.339868303388357
leaf_count=100766 10861 141799 1107 20496 6372 19419 2252 31084 9799 14732 1479 758 11224 652
internal_value=-0.000546079 -0.0203384 -0.0131038 0.0163047 -0.0192315 0.0176123 0.00332441 -0.00148428 0.0137451 0.0102831 0.00313803 7.46166e-05 -0.0377737 0.0330873
internal_weight=15159.6 6971.3 4926.92 8188.27 3588.44 7889.24 1338.48 1152.31 5211.39 3884.59 2204.88 1998.29 2044.38 186.174
internal_count=372800 295256 183266 77544 148171 66683 35095 32191 46187 36388 21656 20177 111990 2904
is_linear=0
shrinkage=0.05


Tree=24
num_leaves=15
num_cat=0
split_feature=9 3 10 1 3 10 4 5 1 2 5 10 3 10
split_gain=1838.94 340.545 191.082 151.078 136.648 71.7076 71.5926 65.7321 63.7099 62.8953 66.4079 148.186 58.7715 76.092
threshold=1.0000000180025095e-35 9.4650000000000016 9.5000000000000018 13.500000000000002 8.0050000000000008 6.5000000000000009 0.72085188119920351 -0.030538513209822593 33.500000000000007 0.61000000000000021 -0.99946220892790427 4.5000000000000009 53.235000000000007 13.000000000000002
decision_type=2 2 2 2 2 2 2 2 2 2 2 2 2 2
left_child=1 -1 3 9 5 -2 8 -8 12 10 11 -3 -6 -14
right_child=4 2 -4 -5 6 -7 7 -9 -10 -11 -12 -13 13 -15
leaf_value=-0.037251375919170944 0.0090714135970028954 -0.02055459896515701 0.0097709274693481441 0.0083074885515533603 0.012795386438409221 -0.018881762846063434 0.023760167475323644 0.055906725560882525 0.035848272863852455 -0.02242241235931218 -0.00041473628221122116 0.43139336667749051 0.045954047338131521 0.0032426089113492713
leaf_weight=1971.3442151658237 550.39137496426702 4.8485598117113105 796.97008489444852 514.96198241785169 5378.7212957330048 393.42000149562955 930.63581301271915 191.79015561193228 363.25246288627386 3322.8700592443347 222.64809562638402 2.8976750429719687 305.01210331916809 158.44757187366486
leaf_count=111990 8856 185 16683 11304 44132 11781 7072 1378 1982 145548 9449 97 1470 873
internal_value=-0.000532487 -0.0197203 -0.0126169 -0.0170027 0.0153263 -0.00258064 0.0176326 0.0292531 0.0155308 -0.0206708 0.00459229 0.148508 0.0142675 0.0313519
internal_weight=15108.2 6836.54 4865.2 4068.23 8271.67 943.811 7327.86 1122.43 6205.43 3553.26 230.394 7.74623 5842.18 463.46
internal_count=372800 295256 183266 166583 77544 20637 56907 8450 48457 155279 9731 282 46475 2343
is_linear=0
shrinkage=0.05


Tree=25
num_leaves=15
num_cat=0
split_feature=9 3 1 3 1 10 1 10 7 3 3 3 2 2
split_gain=1672.69 331.154 171.478 122.14 108.548 94.8591 70.0598 68.5196 72.3626 61.5505 59.133 58.9833 58.8692 58.8485
threshold=1.0000000180025095e-35 15.005000000000001 5.5000000000000009 9.2250000000000014 16.500000000000004 9.5000000000000018 33.500000000000007 6.5000000000000009 1.0000000180025095e-35 43.295000000000009 9.4650000000000016 128.53500000000003 1.0350000000000004 13.555000000000001
decision_type=2 2 2 2 2 2 2 2 2 2 2 2 2 2
left_child=1 2 10 7 5 11 9 8 -2 -5 -1 -3 -7 -11
right_child=3 4 -4 6 -6 12 -8 -9 -10 13 -12 -13 -14 -15
leaf_value=-0.040719484332381373 0.0041189852696319178 -0.015751894250512852 -0.0084876976781450598 0.014074670054192993 0.024038699942105932 0.062517436032542853 0.037075931030664692 -0.017351815836806044 0.0649743373823366 0.035200342711082799 -0.026900968719136678 0.06173351995186032 0.0035180580658580839 -0.0096150012811567244
leaf_weight=1560.0322636719793 762.07717256993055 1848.4464713018388 848.19172042049468 6039.8968406692147 273.90928527712822 45.66098715737462 406.19854240119457 395.29137421399355 52.194807048887014 609.26993268728256 1536.8982732761651 24.890783548355103 570.96518931165338 83.263108819723129
leaf_count=95194 10928 79311 30419 48581 4932 772 2156 11867 535 3001 73155 120 11353 476
internal_value=-0.000518836 -0.0191086 -0.0284065 0.0144207 -0.00583682 -0.00912328 0.0169102 -0.000271764 0.00801981 0.0156935 -0.0338618 -0.0147224 0.00788694 0.0298122
internal_weight=15057.2 6708.99 3945.12 8348.19 2763.87 2489.96 7138.63 1209.56 814.272 6732.43 3096.93 1873.34 616.626 692.533
internal_count=372800 295256 198768 77544 96488 91556 54214 23330 11463 52058 168349 79431 12125 3477
is_linear=0
shrinkage=0.05


Tree=26
num_leaves=15
num_cat=0
split_feature=9 3 1 3 3 1 3 3 2 3 11 3 3 1
split_gain=1521.91 319.504 170.247 114.437 109.708 81.2315 67.9266 62.4131 71.2457 63.5792 57.3603 86.5102 60.8696 54.0395
threshold=1.0000000180025095e-35 9.4650000000000016 3.5000000000000004 45.500000000000007 4.0750000000000011 10.500000000000002 12.060000000000002 32.030000000000008 1.0149999999999999 18.995000000000001 1.0000000180025095e-35 22.760000000000002 23.640000000000004 5.5000000000000009
decision_type=2 2 2 2 2 2 2 2 2 2 2 2 2 2
left_child=1 13 3 -3 -2 6 -6 8 9 -4 11 -11 -12 -1
right_child=4 2 7 -5 5 -7 -8 -9 -10 10 12 -13 -14 -15
leaf_value=-0.04027877353333989 -0.016785342226893155 -0.020564311935161145 0.0054080936774636781 0.010397781160127701 0.0029205191452731801 0.023787660219364768 0.014933674045607418 0.02982605422665114 -0.0092344360560948305 0.22078002999799096 -0.010568853277887716 0.00030488623945052677 0.082664359928003028 -0.018173872657918921
leaf_weight=1499.7786695640534 287.32045071572065 3084.6066211424768 259.32873697951436 330.39787853322923 1571.0224244780838 1872.832897529006 4688.101798646152 192.64920647628605 791.59964813478291 11.131226135417821 36.804643688723445 7.4118520934134713 33.387696916237473 338.97741511277854
leaf_count=95194 10861 141799 7657 6372 20572 11349 34762 2904 22722 247 918 147 500 16796
internal_value=-0.000504593 -0.0185084 -0.0116546 -0.0175688 0.0135791 0.014652 0.0119184 0.00350463 -0.000944753 0.0179084 0.0544405 0.132654 0.0337785 -0.0362037
internal_weight=15005.4 6586.07 4747.32 3415 8419.28 8131.96 6259.12 1332.31 1139.66 348.064 88.7354 18.5431 70.1923 1838.76
internal_count=372800 295256 183266 148171 77544 66683 55334 35095 32191 9469 1812 394 1418 111990
is_linear=0
shrinkage=0.05


Tree=27
num_leaves=15
num_cat=0
split_feature=9 3 10 1 3 9 11 7 1 8 0 3 9 2
split_gain=1384.98 307.871 158.542 127.207 98.419 77.9723 61.6154 53.6221 53.5944 49.6967 61.3526 89.2467 59.3243 52.8081
threshold=1.0000000180025095e-35 9.4650000000000016 9.5000000000000018 5.5000000000000009 4.0750000000000011 4.5000000000000009 1.0000000180025095e-35 1.0000000180025095e-35 5.5000000000000009 1.0000000180025095e-35 1.0000000180025095e-35 21.010000000000002 6.5000000000000009 15.090000000000005
decision_type=2 2 2 2 2 2 2 2 2 2 2 2 2 2
left_child=1 8 3 -3 -2 -6 7 -7 -1 12 11 -11 -8 -13
right_child=4 2 -4 -5 5 6 9 -9 -10 10 -12 13 -14 -15
leaf_value=-0.039827522318763554 -0.016207869428847478 -0.020459087350521599 0.0089842672300387855 0.00074592483279615324 0.020574610069297408 -0.00091192896680545145 -0.0020758772670069849 0.021181268599831948 -0.017576603713300065 0.012291880544024351 -0.0033069559113737337 0.036264909377093646 0.020226222263209314 -0.02540879998605923
leaf_weight=1442.3928580060601 282.7969872020185 2959.2437124736607 805.22029736451805 929.37167160399258 2794.603699285537 1552.5742606297135 794.62285421788692 333.66534608229995 333.12309735640883 1100.7266606278718 278.61018802598119 836.02661736309528 477.28125801682472 36.212305247783661
leaf_count=95194 10861 142535 16683 24048 20496 14441 7897 2228 16796 10414 1776 4982 4232 217
internal_value=-0.000490824 -0.017918 -0.0112096 -0.0153911 0.0127931 0.0137928 0.0102894 0.00299624 -0.0356528 0.0141936 0.0186567 0.0217583 0.00629297 0.0337044
internal_weight=14956.5 6469.35 4693.84 3888.62 8487.12 8204.32 5409.72 1886.24 1775.52 3523.48 2251.58 1972.97 1271.9 872.239
internal_count=372800 295256 183266 166583 77544 66683 46187 16669 111990 29518 17389 15613 12129 5199
is_linear=0
shrinkage=0.05


Tree=28
num_leaves=15
num_cat=0
split_feature=9 3 1 10 3 2 12 5 2 1 10 7 3 1
split_gain=1259.9 296.39 151.856 127.019 90.1118 63.9878 65.4034 132.817 64.3336 58.7976 56.8806 59.0837 53.78 53.3051
threshold=1.0000000180025095e-35 9.4650000000000016 16.500000000000004 9.5000000000000018 9.2250000000000014 0.61000000000000021 1.0000000180025095e-35 -0.99946220892790427 0.45000000000000112 11.500000000000002 6.5000000000000009 1.0000000180025095e-35 128.53500000000003 9.5000000000000018
decision_type=2 2 2 2 2 2 2 2 2 2 2 2 2 2
left_child=1 13 3 5 10 6 -3 -8 -9 -6 11 -2 -7 -1
right_child=4 2 -4 -5 9 12 7 8 -10 -11 -12 -13 -14 -15
leaf_value=-0.038584821127537285 0.0032298754571091388 -0.010777182029183889 0.015015914418837257 0.0049584273167320647 0.011818699110913329 -0.020396645659482578 0.33024723959254559 0.021102996870287018 0.27434392964607429 0.022761701258542863 -0.016440694998903008 0.056564886771628131 0.053773052574605601 -0.012845672858329125
leaf_weight=1482.5698662605137 771.74573392048478 151.62116159684956 508.41501858085394 731.69557456113398 5780.9904837235808 3155.3270191755146 3.9164646863937369 65.420266069471836 2.6078739222139111 1558.4248637408018 385.23839725926518 55.67157194763422 24.631148666143417 232.72560122050345
leaf_count=100766 10928 6719 10183 15705 45844 147482 90 2860 111 8370 11867 535 116 11224
internal_value=-0.000476545 -0.0173315 -0.0107708 -0.0139413 0.0120561 -0.0180043 0.0078517 0.0471115 0.030811 0.0141423 -0.000570556 0.00681844 -0.0198221 -0.0350926
internal_weight=14911 6358.93 4643.63 4135.22 8552.07 3403.52 223.566 71.9446 68.0281 7339.42 1212.66 827.417 3179.96 1715.3
internal_count=372800 295256 183266 173083 77544 157378 9780 3061 2971 54214 23330 11463 147598 111990
is_linear=0
shrinkage=0.05


Tree=29
num_leaves=15
num_cat=0
split_feature=9 3 1 3 1 1 3 10 3 5 6 10 2 12
split_gain=1146.67 286.47 153.169 81.7352 79.4921 75.998 73.0741 62.2737 54.4808 47.7498 52.9249 47.7418 46.7585 59.2018
threshold=1.0000000180025095e-35 15.005000000000001 5.5000000000000009 12.060000000000002 16.500000000000004 5.5000000000000009 66.680000000000021 5.5000000000000009 9.4650000000000016 0.60702770852580734 4.5000000000000009 9.5000000000000018 0.81499999999999961 1.0000000180025095e-35
decision_type=2 2 2 2 2 2 2 2 2 2 2 2 2 2
left_child=1 2 8 5 6 7 12 -2 -1 10 -5 -7 13 -3
right_child=3 4 -4 9 -6 11 -8 -9 -10 -11 -12 -13 -14 -15
leaf_value=-0.038902565966525415 0.0052857509545118694 -0.0022079404654365298 -0.0070596967004037453 0.01885853542505396 0.020539112203039431 0.012490068970251369 0.016460996625513095 -0.014815632471808018 -0.024839896520718063 0.0016122227596478975 0.0077994884272635252 0.057331477337905369 -0.012447817876842442 0.074621657506136807
leaf_weight=1336.7132407035679 967.4565679654479 90.622180268168449 821.44601740129292 4068.9502307698131 285.83279307186604 745.91268238052726 283.65999161452055 640.29458291828632 1420.7609094362706 651.88133243471384 1473.6549334526062 64.490072261542082 1979.3902952224016 34.664891548454762
leaf_count=95194 13045 3928 30419 27466 4932 7628 4083 13849 73155 4518 10019 1019 82325 1220
internal_value=-0.000463098 -0.0167605 -0.0260113 0.0113694 -0.00437981 0.00357346 -0.00736207 -0.00271972 -0.0316569 0.0144127 0.0159182 0.0160584 -0.0105728 0.0190496
internal_weight=14865.7 6253.09 3578.92 8612.64 2674.17 2418.15 2388.34 1607.75 2757.47 6194.49 5542.61 810.403 2104.68 125.287
internal_count=372800 295256 198768 77544 96488 35541 91556 26894 168349 42003 37485 8647 87473 5148
is_linear=0
shrinkage=0.05


Tree=30
num_leaves=15
num_cat=0
split_feature=9 3 1 3 1 3 2 3 10 1 2 3 5 10
split_gain=1043.34 274.884 136.65 91.2804 77.4537 88.9369 56.7621 63.6814 52.7808 51.1387 49.8903 53.7737 43.9333 42.1565
threshold=1.0000000180025095e-35 9.4650000000000016 3.5000000000000004 45.500000000000007 8.5000000000000018 12.060000000000002 8.0250000000000021 32.030000000000008 5.5000000000000009 5.5000000000000009 0.81499999999999961 32.030000000000008 0.058870663549117255 1.5000000000000002
decision_type=2 2 2 2 2 2 2 2 2 2 2 2 2 2
left_child=1 9 3 -3 5 8 7 -6 -2 -1 -4 -12 -13 -7
right_child=4 2 10 -5 6 13 -8 -9 -10 -11 11 12 -14 -15
leaf_value=-0.038419458136796932 0.0052276324976046167 -0.018355137350440431 0.050623643408217747 0.0091987674450981251 0.017526821438864453 0.047470666322035504 -0.016882383084895852 0.045909321407031009 -0.012574842224280972 -0.016058397076368698 -0.0028120276028146731 0.0056106711403659014 0.053471944019155421 0.010897652201126394
leaf_weight=1287.1091017089784 1071.4176472350955 2883.0507277660072 54.065875321626663 335.55777174606919 1946.4115933254361 80.176100745797157 107.088757365942 219.96335126459599 680.96707135438919 319.06795161962509 1076.5732617415488 114.85572662763298 82.307166209444404 4564.5912842601538
leaf_count=95194 14321 141799 1128 6372 13487 393 599 1032 14789 16796 31084 1763 1120 32923
internal_value=-0.000449194 -0.0161965 -0.00991483 -0.0154825 0.010725 0.00790778 0.0186521 0.0204086 -0.00169031 -0.0339774 0.00358126 0.00158446 0.0255907 0.011529
internal_weight=14823.2 6152.59 4546.41 3218.61 8670.62 6397.15 2273.46 2166.37 1752.38 1606.18 1327.8 1273.74 197.163 4644.77
internal_count=372800 295256 183266 148171 77544 62426 15118 14519 29110 111990 35095 33967 2883 33316
is_linear=0
shrinkage=0.05


Tree=31
num_leaves=15
num_cat=0
split_feature=9 3 10 1 11 10 3 5 3 3 3 10 2 2
split_gain=949.467 263.388 126.894 100.519 73.6485 86.8596 64.1685 60.542 55.1858 69.5884 108.732 97.5823 69.6466 66.572
threshold=1.0000000180025095e-35 9.4650000000000016 9.5000000000000018 5.5000000000000009 1.0000000180025095e-35 1.5000000000000002 4.0750000000000011 0.48098876891938797 21.010000000000002 27.785000000000004 32.030000000000008 8.5000000000000018 4.660000000000001 0.40500000000000008
decision_type=2 2 2 2 2 2 2 2 2 2 2 2 2 2
left_child=1 -1 3 -3 5 -2 -7 8 -6 13 11 -11 -12 -10
right_child=4 2 -4 -5 7 6 -8 -9 9 10 12 -13 -14 -15
leaf_value=-0.033391677618273739 0.045133862164698994 -0.018234102691946447 0.0083846576741270478 0.0007879871990756701 0.010839646248543462 -0.028789955293673689 0.0040096391038742657 0.00088998815806461259 0.091727798524069662 -0.021940114190316717 0.035109258014798327 0.036782904865747999 0.0099837841574753478 0.030663766111098403
leaf_weight=1554.0600722236559 123.15571521967649 2763.4554917234927 811.42292881757021 927.6252952683717 2633.9045192077756 157.36176073178649 2845.7847640216351 806.91538214869797 48.11815682053566 286.48568642139435 598.74052505195141 93.94307903945446 511.37865288555622 616.32426942884922
leaf_count=111990 675 142535 16683 24048 27932 6261 23397 6994 277 1774 2998 572 2880 3784
internal_value=-0.000435126 -0.0156437 -0.00951796 -0.0134536 0.0101256 0.0039787 0.00229097 0.0135598 0.0156946 0.0216286 0.0156297 -0.00743905 0.0235352 0.035086
internal_weight=14778.7 6056.56 4502.5 3691.08 8722.11 3126.3 3003.15 5595.81 4788.89 2154.99 1490.55 380.429 1110.12 664.442
internal_count=372800 295256 183266 166583 77544 30333 29658 47211 40217 12285 8224 2346 5878 4061
is_linear=0
shrinkage=0.05


Tree=32
num_leaves=15
num_cat=0
split_feature=9 3 1 1 3 1 3 3 4 2 12 4 5 10
split_gain=863.696 253.053 140.829 69.3616 74.7413 63.9159 57.2129 51.2437 43.6485 42.9616 48.44 69.8235 59.1099 42.0603
threshold=1.0000000180025095e-35 15.005000000000001 5.5000000000000009 10.500000000000002 8.0050000000000008 16.500000000000004 66.680000000000021 9.4650000000000016 0.72085188119920351 0.81499999999999961 1.0000000180025095e-35 -0.94190875317427436 -0.99771148674921373 13.000000000000002
decision_type=2 2 2 2 2 2 2 2 2 2 2 2 2 2
left_child=1 2 7 4 -2 6 9 -1 -6 10 -3 -12 -13 -11
right_child=3 5 -4 -5 8 -7 -8 -9 -10 13 11 12 -14 -15
leaf_value=-0.037482399477136968 -0.00776308081401632 -0.00085080853847670039 -0.0059401023376083068 0.017737939711217253 0.0070631438690446739 0.018541099801371266 0.014507609623146889 -0.023264825998466451 0.018374767777705685 -0.01383513421153316 0.27424339018275379 0.25196678088485758 0.022884141805188322 0.0087096453859542844
leaf_weight=1200.200293793343 747.97330768033862 88.205705337226391 801.58170257136226 2001.8186342865229 4992.5855999402702 293.04354071244597 290.8699574843049 1342.8732923362404 1028.5139950290322 1676.4074453767389 3.6759186945855609 3.109222885221242 29.84759765304625 236.00594243779778
leaf_count=95194 17640 3928 30419 12659 39713 4932 4083 73155 7532 76807 126 63 1031 5518
internal_value=-0.000421469 -0.0150985 -0.0242146 0.00956158 0.00714359 -0.00346606 -0.00623612 -0.0299748 0.00899538 -0.00919783 0.0192209 0.0675503 0.0444963 -0.0110529
internal_weight=14736.7 5965.82 3344.66 8770.89 6769.07 2621.17 2328.12 2543.07 6021.1 2037.25 124.838 36.6327 32.9568 1912.41
internal_count=372800 295256 198768 77544 64885 96488 91556 168349 47245 87473 5148 1220 1094 82325
is_linear=0
shrinkage=0.05


Tree=33
num_leaves=15
num_cat=0
split_feature=9 3 1 3 9 3 1 7 9 10 2 2 3 12
split_gain=785.967 242.181 113.357 74.8674 66.3909 66.4309 50.6785 46.2954 58.6127 48.474 44.2355 41.3162 44.3997 40.0134
threshold=1.0000000180025095e-35 9.4650000000000016 3.5000000000000004 45.500000000000007 4.5000000000000009 8.0050000000000008 9.5000000000000018 1.0000000180025095e-35 5.5000000000000009 9.5000000000000018 0.99500000000000111 0.81499999999999961 32.030000000000008 1.0000000180025095e-35
decision_type=2 2 2 2 2 2 2 2 2 2 2 2 2 2
left_child=1 6 3 13 10 -6 -1 8 9 -7 -2 -4 -13 -3
right_child=4 2 11 -5 5 7 -8 -9 -10 -11 -12 12 -14 -15
leaf_value=-0.036115610392296438 0.041802587207171435 -0.02272115153409424 0.045175904017089805 0.0081166456201241469 -0.009670007164483848 -0.0030242874945971693 -0.0099033875807162334 0.015642326382414608 0.011978959441397135 0.021560292011317657 0.013692758741806324 -0.0024569444764023667 0.023061006405782184 -0.010658522486992865
leaf_weight=1243.1359932757914 147.17078618332744 1383.3832241743803 56.863268401473761 340.84988608583808 611.79634688980877 1944.6986673511565 216.51422346755862 1368.5970068201423 1667.3501196429133 223.55332704633474 2855.2563038803637 1068.7150192894042 202.81118980422616 1366.649289470166
leaf_count=100766 1355 75885 1128 6372 14179 17193 11224 8328 12555 1441 22493 31084 2883 65914
internal_value=-0.000408278 -0.0145695 -0.00873715 -0.0139869 0.00903246 0.00591535 -0.0322275 0.00774753 0.00493056 -0.000489543 0.0150706 0.00347798 0.00161322 -0.0167265
internal_weight=14697.3 5878.92 4419.27 3090.88 8818.42 5816 1459.65 5204.2 3835.6 2168.25 3002.43 1328.39 1271.53 2750.03
internal_count=372800 295256 183266 148171 77544 53696 111990 39517 31189 18634 23848 35095 33967 141799
is_linear=0
shrinkage=0.05


Tree=34
num_leaves=15
num_cat=0
split_feature=9 3 1 10 11 10 3 2 5 1 1 12 5 2
split_gain=715.009 231.053 104.654 90.7737 63.5283 74.8875 54.9042 54.0468 52.3978 49.7076 47.3522 47.1323 64.9279 54.699
threshold=1.0000000180025095e-35 9.4650000000000016 16.500000000000004 9.5000000000000018 1.0000000180025095e-35 1.5000000000000002 4.0750000000000011 0.61000000000000021 0.48098876891938797 5.5000000000000009 8.5000000000000018 1.0000000180025095e-35 -0.99946220892790427 0.48500000000000038
decision_type=2 2 2 2 2 2 2 2 2 2 2 2 2 2
left_child=1 9 3 7 5 -2 -7 11 10 -1 -6 -3 -13 -14
right_child=4 2 -4 -5 8 6 -8 -9 -10 -11 -12 12 13 -15
leaf_value=-0.036456748219256874 0.040503388025884116 -0.0080430273452603267 0.012550730689344022 0.0045817626250312443 0.010836189200894754 -0.027983399501283809 0.0028266205250466261 -0.016759935956962239 -4.2655195130986961e-05 -0.013457946240126868 0.022268733728500401 0.2001255164422196 0.018252029231782523 0.24004087168579002
leaf_weight=1117.0639400351793 126.78756035864353 142.11520329490304 525.66327647864819 734.64235207252204 3682.1334072798491 152.22614137642086 2885.523578543216 2902.2770186401904 815.56519648991525 297.50861845724285 1201.1836262885481 5.8878588043153277 67.948753776028752 2.8985564410686484
leaf_count=95194 675 6719 10183 15705 32945 6261 23397 147598 6994 16796 7272 90 2882 89
internal_value=-0.000394936 -0.0140503 -0.00837792 -0.0112312 0.00853465 0.00285407 0.00128268 -0.0149532 0.011689 -0.0316197 0.0136483 0.00900729 0.0405849 0.027326
internal_weight=14659.4 5796.01 4381.43 3855.77 8863.42 3164.54 3037.75 3121.13 5698.88 1414.57 4883.32 218.85 76.7352 70.8473
internal_count=372800 295256 183266 173083 77544 30333 29658 157378 47211 111990 40217 9780 3061 2971
is_linear=0
shrinkage=0.05


Tree=35
num_leaves=15
num_cat=0
split_feature=9 3 1 1 3 2 1 3 3 3 2 4 10 9
split_gain=650.425 221.388 122.645 59.8647 65.8182 55.7887 53.775 44.9235 43.141 40.7761 39.437 39.0511 41.4053 37.7473
threshold=1.0000000180025095e-35 13.205000000000002 5.5000000000000009 5.5000000000000009 13.205000000000002 8.3350000000000026 3.5000000000000004 32.030000000000008 45.500000000000007 5.0200000000000005 0.81499999999999961 0.97676355679130622 1.5000000000000002 4.5000000000000009
decision_type=2 2 2 2 2 2 2 2 2 2 2 2 2 2
left_child=1 2 -1 4 -2 7 8 13 -3 -4 -8 12 -6 -5
right_child=3 6 9 5 11 -7 10 -9 -10 -11 -12 -13 -14 -15
leaf_value=-0.029910224680127318 -0.0022584728493583676 -0.011659307505698095 -0.031006194853625886 0.02217198172845557 0.044222027752396198 -0.017012020313821243 0.056722936089814116 0.033787547621327872 0.0077276046111199523 0.00057109332174844153 0.003983266864687739 0.030733074094136104 0.0070222670817135582 0.0090235115285326999
leaf_weight=2054.8412541858852 1980.8783418834209 1759.9010721612722 125.69623773451895 805.15130204334855 76.338731646537781 138.95882309228182 36.989144841209054 298.26413831114769 342.85784908756614 547.71091796923429 849.71971837989986 194.6636556610465 3716.7114185988903 1694.9355201348662
leaf_count=151511 30712 88798 7361 5484 353 805 607 1419 6372 19971 20636 1152 24880 12739
internal_value=-0.000382131 -0.0135425 -0.0238414 0.00806703 0.00519125 0.0139106 -0.00414354 0.0154461 -0.00849824 -0.00532303 0.00618331 0.00889186 0.00777095 0.013258
internal_weight=14623.6 5717.72 2728.25 8905.9 5968.59 2937.31 2989.47 2798.35 2102.76 673.407 886.709 3987.71 3793.05 2500.09
internal_count=372800 295256 178843 77544 57097 20447 116413 19642 95170 27332 21243 26385 25233 18223
is_linear=0
shrinkage=0.05


Tree=36
num_leaves=15
num_cat=0
split_feature=9 3 12 10 1 3 1 10 2 3 2 2 1 5
split_gain=591.619 213.051 96.1567 81.8952 59.7795 57.4621 57.9003 56.4978 55.5177 54.6428 50.3258 48.4229 48.2868 48.0809
threshold=1.0000000180025095e-35 9.4650000000000016 1.0000000180025095e-35 1.5000000000000002 16.500000000000004 43.295000000000009 5.5000000000000009 1.5000000000000002 0.99500000000000111 4.0750000000000011 22.265000000000004 6.0250000000000012 9.5000000000000018 -0.99946220892790427
decision_type=2 2 2 2 2 2 2 2 2 2 2 2 2 2
left_child=1 12 -3 -4 8 6 7 -2 13 -9 -7 -8 -1 -5
right_child=5 2 3 4 -6 10 11 9 -10 -11 -12 -13 -14 -15
leaf_value=-0.034572588422869199 0.042835188472918485 -0.015937682567973548 0.2477605000839844 0.16108477148803602 0.020011101421263697 0.023998815533342238 0.013826764151982952 -0.022269177235061905 -0.0059290974737995616 0.0037447912795404424 -0.031468136466274249 -0.014923176185073855 -0.0084130738847416585 0.023812395909603979
leaf_weight=1127.8825943572447 89.213736783713102 1926.074711849913 3.3063228502869597 6.9204763434827319 290.08638783171773 712.87211880087852 2649.2728534787893 210.21308814175427 1997.9987040534616 5082.8359060063958 43.382945567369461 155.02976289018989 209.10960862226784 81.512508232146502
leaf_count=100766 460 94404 88 92 5105 3330 18844 8754 80390 45011 238 907 11224 3187
internal_value=-0.000368994 -0.0130459 -0.00763222 -0.000910325 -0.00125629 0.0076301 0.00641193 0.00337672 -0.00421319 0.00271165 0.0208169 0.0122374 -0.0304812 0.0345549
internal_weight=14585.7 5642.89 4305.9 2379.82 2376.52 8942.82 8186.57 5382.26 2086.43 5293.05 756.255 2804.3 1336.99 88.433
internal_count=372800 295256 183266 88862 88774 77544 73976 54225 83669 53765 3568 19751 111990 3279
is_linear=0
shrinkage=0.05


Tree=37
num_leaves=15
num_cat=0
split_feature=9 3 1 3 2 11 10 10 11 3 3 5 3 0
split_gain=538.069 203.756 105.771 89.0737 71.5592 55.9609 56.3145 55.6586 85.2192 164.195 46.7918 46.3433 41.0556 63.327
threshold=1.0000000180025095e-35 8.0050000000000008 10.500000000000002 21.550000000000004 1.9900000000000013 1.0000000180025095e-35 1.5000000000000002 2.5000000000000004 1.0000000180025095e-35 22.760000000000002 4.0750000000000011 0.48098876891938797 21.010000000000002 1.0000000180025095e-35
decision_type=2 2 2 2 2 2 2 2 2 2 2 2 2 2
left_child=1 -1 3 -3 7 6 -2 -5 9 -9 -8 12 -7 -14
right_child=5 2 -4 4 -6 11 10 8 -10 -11 -12 -13 13 -15
leaf_value=-0.031716597352319374 0.033895452221866726 -0.017182940393235323 0.0083482662870766056 -0.022861540551239984 -0.0060908998703197662 0.0078592615869583198 -0.027036452921354044 0.42612942138749949 0.027003010523528232 0.060126828537026472 0.0019150843386463489 -0.00083789335426581095 0.020868240348794566 -0.0013347588609360856
leaf_weight=1111.3425922999159 131.90535973757505 2368.7308606393635 827.16785287111998 46.13231829367578 1052.7849813457578 2727.0591178946197 146.57809882611036 3.9778666049242046 148.88519357703626 13.342745047062634 2915.588808991015 822.66815775632858 1844.4441168755293 388.85454577207565
leaf_count=96564 675 134881 17480 2394 37465 27932 6261 176 5778 518 23397 6994 10276 2009
internal_value=-0.000356539 -0.0125609 -0.00778873 -0.011462 -0.000750419 0.00721907 0.00190717 0.025728 0.0392146 0.144183 0.000529248 0.0101529 0.0119757 0.0170023
internal_weight=14549.5 5572.36 4461.02 3633.85 1265.12 8977.1 3194.07 212.338 166.206 17.3206 3062.17 5783.03 4960.36 2233.3
internal_count=372800 295256 198692 181212 46331 77544 30333 8866 6472 694 29658 47211 40217 12285
is_linear=0
shrinkage=0.05


Tree=38
num_leaves=15
num_cat=0
split_feature=9 3 1 3 9 11 2 3 3 2 3 2 10 3
split_gain=489.368 193.703 96.5819 69.0614 55.405 51.1585 47.897 54.5996 42.4591 42.0905 41.146 64.3468 44.2136 40.8898
threshold=1.0000000180025095e-35 8.0050000000000008 3.5000000000000004 16.975000000000005 4.5000000000000009 1.0000000180025095e-35 1.6550000000000005 33.925000000000004 18.995000000000001 15.090000000000005 27.785000000000004 1.5200000000000016 1.5000000000000002 53.235000000000007
decision_type=2 2 2 2 2 2 2 2 2 2 2 2 2 2
left_child=1 -1 3 -3 -2 10 8 -8 -4 13 12 -12 -6 -7
right_child=4 2 6 -5 5 9 7 -9 -10 -11 11 -13 -14 -15
leaf_value=-0.031103300605313695 0.012268862179720834 -0.020844337637361519 0.0078216014974883865 -0.0056879585004441444 0.030261555304006066 0.0066025388937865307 -0.008689051787962223 0.02083952117516371 0.043459112290826073 -0.029716373564144707 0.090192990460127923 0.0077170874164612883 -0.0069259066723270021 0.025557707311597497
leaf_weight=1077.4614013908431 3081.178879968822 1356.9178005754948 306.69986722245812 1684.8114271294326 83.867389857769012 3460.1308764684945 767.98121827468276 196.62816291861236 114.88662970811129 74.79861805588007 25.881461650133133 274.16838535666466 1701.9377702251077 310.00137656927109
leaf_count=96564 23848 86587 10133 73720 431 30795 23453 2648 2151 458 139 1565 18899 1409
internal_value=-0.00034541 -0.0120906 -0.00746418 -0.0124492 0.0068297 0.00400393 0.00347452 -0.00266988 0.0175332 0.00742428 -0.00230093 0.0148312 -0.00517946 0.00816114
internal_weight=14517.4 5505.39 4427.93 3041.73 9011.96 5930.79 1386.2 964.609 421.586 3844.93 2085.86 300.05 1785.81 3770.13
internal_count=372800 295256 198692 160307 77544 53696 38385 26101 12284 32662 21034 1704 19330 32204
is_linear=0
shrinkage=0.05


Tree=39
num_leaves=15
num_cat=0
split_feature=9 3 10 1 4 5 3 2 1 10 2 3 2 7
split_gain=444.91 184.122 101.45 81.9056 52.2674 62.3116 50.7668 43.208 41.8746 47.2887 45.83 44.2578 39.7384 43.3178
threshold=1.0000000180025095e-35 7.0150000000000015 9.5000000000000018 6.5000000000000009 0.72986233575078574 0.034899496702500858 13.205000000000002 1.0350000000000004 5.5000000000000009 1.5000000000000002 8.3350000000000026 12.060000000000002 0.81499999999999961 1.0000000180025095e-35
decision_type=2 2 2 2 2 2 2 2 2 2 2 2 2 2
left_child=1 -1 3 6 8 -6 -3 -4 9 -2 -10 -11 -8 -14
right_child=4 2 7 -5 5 -7 12 -9 10 11 -12 -13 13 -15
leaf_value=-0.032660938806180581 0.039996067944815167 -0.023491251836130749 0.044436207847525354 0.0015515652035906957 0.011212168720468749 0.042224921343137073 0.01722314157968181 0.0046895559079514967 0.011309560687467706 -0.0061844072685888103 -0.019912215934792227 0.0044489619388772368 -0.016769798126280527 0.0029562707752405939
leaf_weight=873.71898968238384 81.191856246441603 1146.0125954179093 75.31479290407151 955.1726293489337 1172.9898032024503 187.91505595296621 125.76412426494062 742.16080420650542 2573.1429398562759 1350.0446958020329 123.16294714435935 3556.2881261110306 1155.9411685373634 366.56220991536975
leaf_count=80947 408 81551 1385 25991 9971 1400 5645 15650 17744 22419 711 24891 64970 19117
internal_value=-0.000333355 -0.0116317 -0.00760847 -0.0110881 0.00646288 0.0154944 -0.0154088 0.00835145 0.00486328 0.00214935 0.0098834 0.00152304 -0.00978918 -0.0120205
internal_weight=14485.4 5440.65 4566.93 3749.45 9044.74 1360.9 2794.28 817.476 7683.83 4987.52 2696.31 4906.33 1648.27 1522.5
internal_count=372800 295256 214309 197274 77544 11371 171283 17035 66173 47718 18455 47310 89732 84087
is_linear=0
shrinkage=0.05


Tree=40
num_leaves=15
num_cat=0
split_feature=9 3 10 1 9 3 11 2 4 5 5 9 2 10
split_gain=404.474 175.054 92.5107 75.7991 49.4877 48.0879 46.3816 39.6676 38.5548 42.7015 38.4919 38.1889 37.5201 37.3196
threshold=1.0000000180025095e-35 7.0150000000000015 9.5000000000000018 6.5000000000000009 4.5000000000000009 13.205000000000002 1.0000000180025095e-35 1.3700000000000008 0.99474520680959266 0.40274668985873718 0.95037782124851555 2.5000000000000004 15.090000000000005 16.000000000000004
decision_type=2 2 2 2 2 2 2 2 2 2 2 2 2 2
left_child=1 -1 3 5 11 10 -6 -5 9 -4 -3 -2 -8 -11
right_child=4 2 8 7 6 -7 12 -9 -10 13 -12 -13 -14 -15
leaf_value=-0.032061335925762498 0.0062577053150511654 -0.024204730933349877 -0.00054129489166255998 0.015796305527346469 -0.0025544476010372985 -0.0093931417082219193 0.0073731596587240794 -0.0057659251170361116 0.073653165007717875 0.035794839257686811 0.040327519521187266 0.017399669659264198 -0.028687578069478904 -0.022485131853948414
leaf_weight=846.25909337028861 1723.9547205120325 1096.5775993717834 602.39972369465977 321.07371444720775 2089.2940989788622 1632.8057452961802 3799.9414373114705 635.44340162724257 21.689462229609489 166.24856767803431 23.605054375715554 1388.4136064592749 73.528944872319698 32.90555630531162
leaf_count=80947 12996 79876 12510 8867 21034 89732 32204 17124 525 3123 1675 10852 458 877
internal_value=-0.000321874 -0.011186 -0.0072886 -0.0106536 0.0061175 -0.0148666 0.00344995 0.00147186 0.00787419 0.00609426 -0.0228449 0.0112281 0.00668863 0.0261654
internal_weight=14454.1 5379.01 4532.75 3709.51 9075.13 2752.99 5962.76 956.517 823.243 801.554 1120.18 3112.37 3873.47 199.154
internal_count=372800 295256 214309 197274 77544 171283 53696 25991 17035 16510 81551 23848 32662 4000
is_linear=0
shrinkage=0.05


Tree=41
num_leaves=15
num_cat=0
split_feature=9 3 1 3 2 1 10 11 3 3 5 10 10 10
split_gain=367.63 166.209 86.3778 76.4954 60.0485 48.9299 45.5714 60.7823 75.6516 43.3072 42.5196 37.7033 38.7838 36.5278
threshold=1.0000000180025095e-35 7.0150000000000015 10.500000000000002 21.550000000000004 1.9900000000000013 17.500000000000004 2.5000000000000004 1.0000000180025095e-35 22.760000000000002 12.060000000000002 0.95037782124851555 11.000000000000002 16.000000000000004 5.5000000000000009
decision_type=2 2 2 2 2 2 2 2 2 2 2 2 2 2
left_child=1 -1 3 10 6 9 -5 8 -8 13 11 -3 -13 -2
right_child=5 2 -4 4 -6 -7 7 -9 -10 -11 -12 12 -14 -15
leaf_value=-0.031454541386255384 0.0032212201300026127 -0.018227291296806652 0.0071998501838832999 -0.021736757568496204 -0.0053935649497984699 0.014796563690100691 0.26612167407593434 0.024331210432079968 0.053732148127524963 0.0065756349810210529 0.025716343101515993 0.035034744755440793 -0.021448441863930447 -0.010355352073115637
leaf_weight=820.12451957259327 1343.3882829286158 2194.3870983878151 867.03314004465938 44.405112504959106 1037.0000142212957 1293.6404116805643 5.9651780351996448 153.66252600215375 14.11010445281863 5685.9926388636231 60.583563288673759 69.074209103360772 54.268949626013637 784.89498833194375
leaf_count=80947 16224 141494 19108 2394 37465 7537 176 5778 518 37688 3429 2172 1775 16095
internal_value=-0.000310625 -0.0107529 -0.00698038 -0.0103641 -0.000377587 0.00578946 0.0234672 0.0350207 0.116842 0.00429835 -0.0156345 -0.0167154 0.0101831 -0.00178572
internal_weight=14428.5 5320.61 4500.49 3633.46 1255.14 9107.92 218.143 173.738 20.0753 7814.28 2378.31 2317.73 123.343 2128.28
internal_count=372800 295256 214309 195201 46331 77544 8866 6472 694 70007 148870 145441 3947 32319
is_linear=0
shrinkage=0.05


Tree=42
num_leaves=15
num_cat=0
split_feature=9 3 10 1 3 0 2 7 4 5 2 5 10 5
split_gain=334.202 157.59 80.8599 64.7672 46.6538 48.6227 60.7039 44.8412 42.0366 46.5518 40.552 39.8894 38.5369 42.0353
threshold=1.0000000180025095e-35 7.0150000000000015 9.5000000000000018 6.5000000000000009 43.295000000000009 1.0000000180025095e-35 0.99500000000000111 1.0000000180025095e-35 0.64445579466475156 0.034899496702500858 22.265000000000004 -0.99894830403340407 3.5000000000000004 0.93819133592248416
decision_type=2 2 2 2 2 2 2 2 2 2 2 2 2 2
left_child=1 -1 3 7 5 6 11 -3 -8 -10 -6 -2 -9 -14
right_child=4 2 -4 -5 10 -7 8 12 9 -11 -12 -13 13 -15
leaf_value=-0.030841110947586382 0.087313122013407629 -0.016985717139693459 0.0074112993927756624 0.001251425236034921 0.020030645733855212 -0.015651971404426188 0.0024129522220890098 -0.015899709658917759 0.0087051599087636985 0.037308685433815623 -0.030216543580410551 0.019718688265414556 0.0096307517692582039 0.17227926869621438
leaf_weight=795.25235192291439 23.049157425761223 2179.4354389719665 828.77946143969893 960.04937761835754 727.74942111968994 291.81093913130462 6342.4353561401367 223.06980947777629 1133.0328032523394 162.66674039885402 42.498845875263214 411.30790919065475 274.83735366165638 4.0306713096797457
leaf_count=80947 146 142504 17035 25991 3330 3899 54642 14100 9888 1224 238 4177 14459 220
internal_value=-0.000300185 -0.0103329 -0.00668448 -0.00989264 0.005483 0.00439865 0.00512346 -0.0138827 0.00408949 0.0122961 0.0172582 0.0233056 -0.000409321 0.0119816
internal_weight=14400 5265.45 4470.2 3641.42 9134.55 8364.3 8072.49 2681.37 7638.13 1295.7 770.248 434.357 501.938 278.868
internal_count=372800 295256 214309 197274 77544 73976 70077 171283 65754 11112 3568 4323 28779 14679
is_linear=0
shrinkage=0.05


Tree=43
num_leaves=15
num_cat=0
split_feature=9 3 12 10 2 1 9 3 1 2 10 3 5 9
split_gain=303.641 149.252 77.1098 60.636 45.9324 46.1565 43.9527 42.8136 39.882 39.2326 51.7335 38.8986 38.7806 35.9014
threshold=1.0000000180025095e-35 7.0150000000000015 1.0000000180025095e-35 1.5000000000000002 0.99500000000000111 16.500000000000004 4.5000000000000009 8.0050000000000008 11.500000000000002 1.6550000000000005 11.000000000000002 66.680000000000021 -0.99946220892790427 6.5000000000000009
decision_type=2 2 2 2 2 2 2 2 2 2 2 2 2 2
left_child=1 -1 8 -4 12 11 -2 -8 -3 10 13 -6 -5 -9
right_child=6 2 3 4 5 -7 7 9 -10 -11 -12 -13 -14 -15
leaf_value=-0.030221625690052812 0.0099774262406364268 -0.016948552024906357 0.19442327631000944 0.13723170035659735 -0.0077767914271550977 0.015996061412693104 -0.0098428991769207094 0.0035967294102456854 0.0011259733469485419 0.001259982767618945 0.056105969079381805 0.012134490776614 0.022751725159293412 0.019558221361810613
leaf_weight=771.58264435362071 3149.3309508562088 1648.0100926626474 3.9884000644087783 7.9926072470843783 1717.4277104698122 303.3147615082562 612.4253719355911 1083.6114846244454 374.56528865545988 3733.3475965484977 59.914755366742611 286.15688898786902 99.385991379618645 522.00237761437893
leaf_count=80947 23848 105928 88 96 85283 5572 14179 8701 9338 26698 334 3840 4164 3784
internal_value=-0.000289424 -0.00992369 -0.00639699 -0.000371501 -0.000693303 -0.00218123 0.0051925 0.00268567 -0.0136013 0.00410686 0.0104882 -0.00493301 0.0312729 0.00878598
internal_weight=14373.1 5212.42 4440.84 2418.27 2414.28 2306.9 9160.63 6011.3 2022.58 5398.88 1665.53 2003.58 107.379 1605.61
internal_count=372800 295256 214309 99043 98955 94695 77544 53696 115266 39517 12819 89123 4260 12485
is_linear=0
shrinkage=0.05


Tree=44
num_leaves=15
num_cat=0
split_feature=9 3 12 2 3 5 3 5 1 3 2 3 3 3
split_gain=275.873 141.506 71.0778 51.0893 83.4367 56.6509 44.8845 47.4102 43.7922 37.4701 39.1603 34.915 51.1432 51.1841
threshold=1.0000000180025095e-35 8.0050000000000008 1.0000000180025095e-35 1.0149999999999999 23.640000000000004 -0.99851060265596125 32.030000000000008 0.14996639865976327 17.500000000000004 53.235000000000007 5.0900000000000007 18.995000000000001 24.160000000000004 21.550000000000004
decision_type=2 2 2 2 2 2 2 2 2 2 2 2 2 2
left_child=1 -1 11 4 5 -4 -5 -8 9 -2 -11 -3 13 -13
right_child=8 2 3 6 -6 -7 7 -9 -10 10 -12 12 -14 -15
leaf_value=-0.027423902975872258 0.002511421800585033 -0.017823530076244983 0.089321222234106074 -0.0092777454342359185 0.055028564927448259 -3.2786605241051485e-05 -0.0013492791109426293 0.029576076578139807 0.013395268868747449 0.02719281956720759 0.0018389558145757347 -0.0050031718380272689 -0.017392909980557827 0.035360457232061396
leaf_weight=909.92300930060446 7267.1961545348167 1239.9137685950845 18.597414971329272 1219.613456225954 100.45791256614029 384.11777843907475 444.15256555564702 171.89551095291972 1306.7310831137002 327.22695614397526 284.89663650095463 208.81922666355968 338.09193724393845 125.89024518616498
leaf_count=96564 67184 74541 669 56202 2540 19140 9581 3414 7537 1360 1463 11105 15717 5783
internal_value=-0.000279052 -0.00952845 -0.00569844 0.000147959 0.0142627 0.00409359 -0.00372103 0.0072798 0.00491802 0.00351212 0.0153925 -0.0128473 -0.0036766 0.0101783
internal_weight=14347.5 5161.47 4251.55 2338.83 503.173 402.715 1835.66 616.048 9186.05 7879.32 612.124 1912.72 672.801 334.709
internal_count=372800 295256 198692 91546 22349 19809 69197 12995 77544 70007 2823 107146 32605 16888
is_linear=0
shrinkage=0.05


Tree=45
num_leaves=15
num_cat=0
split_feature=9 3 1 3 4 5 11 10 5 0 3 2 3 2
split_gain=250.706 134.271 70.5395 56.4174 42.1804 48.2029 37.3285 43.6512 38.1851 37.8579 64.0876 36.9655 38.8694 40.5915
threshold=1.0000000180025095e-35 7.0150000000000015 3.5000000000000004 15.005000000000001 0.72986233575078574 -0.030538513209822593 1.0000000180025095e-35 1.5000000000000002 0.4403299185040393 1.0000000180025095e-35 68.850000000000009 1.3700000000000008 34.020000000000003 8.9450000000000021
decision_type=2 2 2 2 2 2 2 2 2 2 2 2 2 2
left_child=1 -1 3 -3 6 -6 7 -2 9 10 -8 -4 -13 -14
right_child=4 2 11 -5 5 -7 8 -9 -10 -11 -12 12 13 -15
leaf_value=-0.029013838634962031 0.028336431537977061 -0.018382266517463216 0.015311561209616537 -0.004379088796682344 0.0083030186834351753 0.032447728404623906 0.0079795661723122847 -0.0028112332841243714 -0.0035779672309003414 -0.0062650176971174761 0.039580000930287518 -0.0068734499874942906 0.031917120410561814 -0.021857140186978791
leaf_weight=729.1776776490733 117.5260393768549 1239.6214411193505 440.90072901826352 1713.5744471270591 1145.0839000958949 252.25053109787405 3574.3326169997454 2621.0805054698139 898.882299143821 430.12202023342252 167.98637798428535 803.07073669973761 140.06251867488027 46.826054675504565
leaf_count=80947 587 93127 13638 79252 9522 1849 29039 25147 7411 3232 757 25878 1833 581
internal_value=-0.000269211 -0.00914671 -0.00584231 -0.010257 0.00466089 0.0126617 0.00322941 -0.00147455 0.00576962 0.00778341 0.00939806 0.00326931 -0.00209398 0.0184437
internal_weight=14320.5 5113.23 4384.06 2953.2 9207.26 1397.33 7809.93 2738.61 5071.32 4172.44 3742.32 1430.86 989.959 186.889
internal_count=372800 295256 214309 172379 77544 11371 66173 25734 40439 33028 29796 41930 28292 2414
is_linear=0
shrinkage=0.05


Tree=46
num_leaves=15
num_cat=0
split_feature=9 3 1 3 2 3 5 1 3 10 3 2 10 3
split_gain=227.659 126.689 64.8536 52.3249 43.0435 46.3246 46.5451 40.0561 39.4328 39.4651 38.5631 33.1991 46.6376 30.0521
threshold=1.0000000180025095e-35 7.0150000000000015 1.5000000000000002 13.205000000000002 1.7299999999999989 34.020000000000003 0.14996639865976327 10.500000000000002 23.640000000000004 3.5000000000000004 7.0150000000000015 1.2349999999999997 11.000000000000002 117.91500000000001
decision_type=2 2 2 2 2 2 2 2 2 2 2 2 2 2
left_child=1 -1 3 -3 8 -6 -7 10 -4 -10 -2 12 -12 -5
right_child=7 2 4 13 5 6 -8 -9 9 -11 11 -13 -14 -15
leaf_value=-0.028380316596806201 -0.0097278110267620885 -0.020764999627057225 0.008075710379116148 -0.0073234525849980876 -0.0083297634991702438 -0.00167497879340374 0.043921171904436479 0.01044889376285533 -0.01183352559466324 0.069608095404025225 0.0077670216451679154 0.0014237695379327201 0.050112017489127858 0.020073725429897823
leaf_weight=708.70767924655229 580.88920100219548 852.13976745959371 484.63412868417799 1638.5953134158626 968.72332311421633 140.59588042087853 92.988313119858503 2119.5345799494535 20.538262451067567 53.946788743138313 1841.8485659919679 4619.7890627346933 67.40333916246891 106.60474533587694
leaf_count=80947 15156 67703 19431 83976 37220 2311 1181 12659 547 770 14935 34397 397 1170
internal_value=-0.00025922 -0.00877419 -0.00558636 -0.0106089 0.00181971 -0.0035104 0.0164765 0.00441596 0.0132814 0.0471517 0.00261748 0.00371585 0.00926195 -0.00564991
internal_weight=14296.9 5067.47 4358.77 2597.34 1761.43 1202.31 233.584 9229.46 559.119 74.4851 7109.93 6529.04 1909.25 1745.2
internal_count=372800 295256 214309 152849 61460 40712 3492 77544 20748 1317 64885 49729 15332 85146
is_linear=0
shrinkage=0.05


Tree=47
num_leaves=15
num_cat=0
split_feature=9 3 12 10 9 9 3 1 0 7 3 10 10 3
split_gain=206.784 119.351 62.7802 46.7317 39.2852 40.8129 56.3392 40.6634 36.5092 42.6776 61.2689 51.4794 40.2311 41.9557
threshold=1.0000000180025095e-35 7.0150000000000015 1.0000000180025095e-35 1.5000000000000002 4.5000000000000009 6.5000000000000009 35.005000000000003 9.5000000000000018 1.0000000180025095e-35 1.0000000180025095e-35 34.905000000000008 3.5000000000000004 9.5000000000000018 25.235000000000003
decision_type=2 2 2 2 2 2 2 2 2 2 2 2 2 2
left_child=1 -1 -3 -4 -2 6 8 -7 9 12 11 -11 13 -6
right_child=4 2 3 -5 5 7 -8 -9 -10 10 -12 -13 -14 -15
leaf_value=-0.027743347548865607 0.0086797774346370603 -0.012021904092586235 0.15900155064344856 -0.00022763243952108811 -0.01022497961967006 0.0032777446350401931 0.016115856640553657 0.018683661611111985 -0.028802259964833616 0.033744130510084729 -0.040046962872723309 0.0032644968189829062 0.015555983304028402 0.0092753639017352594
leaf_weight=689.23059031553566 3186.7659052368253 1941.8732768762857 4.61685094423592 2386.9840888436884 1956.3146302644163 1769.5802898351103 407.75951662659645 565.10161275789142 137.50842494890094 203.11238376051188 59.612113654613495 435.7104764431715 206.82825099490583 321.10839359462261
leaf_count=80947 23848 115266 88 98955 19530 17977 1948 3654 1500 1242 341 4089 1503 1912
internal_value=-0.000249768 -0.00841695 -0.00534312 7.97505e-05 0.00418526 0.00182276 -0.00142375 0.00700669 -0.00357782 -0.002488 0.00843163 0.0129554 -0.005558 -0.0074755
internal_weight=14272.1 5022.7 4333.47 2391.6 9249.4 6062.64 3727.95 2334.68 3320.19 3182.69 698.435 638.823 2484.25 2277.42
internal_count=372800 295256 214309 99043 77544 53696 32065 21631 30117 28617 5672 5331 22945 21442
is_linear=0
shrinkage=0.05


Tree=48
num_leaves=15
num_cat=0
split_feature=9 3 1 3 5 4 5 11 10 5 0 3 3 2
split_gain=187.642 113.736 78.1366 65.279 39.4146 37.6962 42.0197 33.3073 37.8887 33.8667 32.9911 55.4555 33.3513 31.439
threshold=1.0000000180025095e-35 5.9400000000000004 3.5000000000000004 13.205000000000002 0.95037782124851555 0.72986233575078574 -0.047978128521344234 1.0000000180025095e-35 1.5000000000000002 0.4403299185040393 1.0000000180025095e-35 68.850000000000009 104.24500000000002 1.3700000000000008
decision_type=2 2 2 2 2 2 2 2 2 2 2 2 2 2
left_child=1 -1 3 4 -3 7 -7 8 -2 10 11 -9 -13 -4
right_child=5 2 13 -5 -6 6 -8 9 -10 -11 -12 12 -14 -15
leaf_value=-0.032019260180395859 0.025732617844662731 -0.021458828153410901 0.014166771816531924 -0.0047275422289558547 0.03866735518793691 0.0072460413598523779 0.029024607814816129 0.0070625967444696517 -0.0030766858467901285 -0.0037982455625500088 -0.0062540866981669373 0.054948839857651026 0.010047639110765923 -0.0013420891343208915
leaf_weight=450.72561026876792 119.30837190523744 1081.4951584180817 484.29754862096161 1932.9681011140347 27.961186801549047 1137.087623173371 275.05467313155532 3607.3667240031064 2627.3484545834363 900.36929353699088 428.94314658269286 99.397537618875504 70.82260625064373 1004.658245890867
leaf_count=54656 587 95913 16824 95170 2195 9368 2003 29039 25147 7411 3232 423 334 30498
internal_value=-0.00024048 -0.00806565 -0.00568304 -0.0102762 -0.0199435 0.00396706 0.011488 0.00261472 -0.00182528 0.0050027 0.00688646 0.00837856 0.036267 0.00370232
internal_weight=14247.8 4982.11 4531.38 3042.42 1109.46 9265.7 1412.14 7853.56 2746.66 5106.9 4206.53 3777.59 170.22 1488.96
internal_count=372800 295256 240600 193278 98108 77544 11371 66173 25734 40439 33028 29796 757 47322
is_linear=0
shrinkage=0.05


Tree=49
num_leaves=15
num_cat=0
split_feature=9 3 12 1 3 2 1 1 2 3 3 3 2 3
split_gain=170.302 107.535 74.3595 42.7362 41.761 39.8005 37.0245 36.093 34.0388 42.9193 37.7638 35.9832 62.2366 33.9911
threshold=1.0000000180025095e-35 5.9400000000000004 1.0000000180025095e-35 5.5000000000000009 13.995000000000003 0.99500000000000111 33.500000000000007 15.500000000000002 1.6550000000000005 9.8150000000000013 25.740000000000006 26.135000000000002 0.52000000000000146 31.500000000000004
decision_type=2 2 2 2 2 2 2 2 2 2 2 2 2 2
left_child=1 -1 3 4 -3 -4 8 -7 10 -10 -2 -12 13 -13
right_child=6 2 5 -5 -6 7 -8 -9 9 -11 11 12 -14 -15
leaf_value=-0.031416732583666833 0.0048868978341834665 -0.026023598077173866 0.028657766148380334 -0.0010514924285986269 -0.0091294123564400025 -0.0035371903413567783 0.016591368552237636 0.014189863781891347 -0.013213072577004676 0.0020927747777951737 0.05869168166194693 0.049845297330931855 0.027818079078087577 -0.02503814585919439
leaf_weight=436.75908489944413 2443.6700899526477 684.36519879288971 119.04069621954113 588.71702820342034 785.80961854569614 1993.0433955155313 530.12628942355514 335.46861593052745 501.03097244910896 5334.4591220915318 54.085806950926781 17.671918421983719 296.11615633964539 106.36868093907833
leaf_count=54656 25833 65057 4808 19649 48885 95655 2943 6546 10245 36178 280 92 1379 594
internal_value=-0.000231379 -0.00772824 -0.00543238 -0.0124352 -0.0169936 0.000458385 0.00376048 -0.000983254 0.00298341 0.000778626 0.00739272 0.0203047 0.0153632 -0.0143696
internal_weight=14226.7 4943.2 4506.44 2058.89 1470.17 2447.55 9283.53 2328.51 8753.4 5835.49 2917.91 474.243 420.157 124.041
internal_count=372800 295256 240600 133591 113942 107009 77544 102201 74601 46423 28178 2345 2065 686
is_linear=0
shrinkage=0.05


Tree=50
num_leaves=15
num_cat=0
split_feature=9 3 12 1 3 10 3 9 9 3 1 9 0 7
split_gain=154.559 101.547 68.2957 39.7754 39.7274 36.005 35.3407 34.6777 39.057 47.7223 34.5229 33.7012 33.4796 31.6573
threshold=1.0000000180025095e-35 5.9400000000000004 1.0000000180025095e-35 5.5000000000000009 13.995000000000003 1.5000000000000002 2.0200000000000005 4.5000000000000009 6.5000000000000009 35.005000000000003 9.5000000000000018 2.5000000000000004 1.0000000180025095e-35 1.0000000180025095e-35
decision_type=2 2 2 2 2 2 2 2 2 2 2 2 2 2
left_child=1 -1 3 4 -3 -4 -2 11 9 13 -10 -8 -5 -9
right_child=6 2 5 12 -6 -7 7 8 10 -11 -12 -13 -14 -15
leaf_value=-0.030807338676076275 -0.033764339188258261 -0.025376333083586597 0.13109409219822979 -0.0020005443395332018 -0.0087518067549095697 0.00015225869789505908 0.0034119070329761748 -0.0062710815997990823 0.0032160950703671518 0.014482855610773813 0.017406152050211354 0.013741137891379974 0.14121950343176418 0.0053260569740758721
leaf_weight=423.46911599859595 62.972796874120831 667.17261338094249 5.2611475698649874 584.03816386219114 778.90863597393036 2442.878502711188 1764.7909653671086 2540.1234082337469 1758.3583263177425 410.91771492362022 566.79109674692154 1429.182059943676 4.1091991495341054 765.87951367162168
leaf_count=54656 2758 65057 88 19563 48885 106921 12581 23521 16966 1948 3450 10485 86 5835
internal_value=-0.000222757 -0.00740335 -0.00519228 -0.0119629 -0.0164218 0.000433658 0.00356548 0.00382 0.00159246 -0.00158705 0.00667514 0.00803385 -0.000999911 -0.00358445
internal_weight=14204.9 4905.84 4482.37 2034.23 1446.08 2448.14 9299.02 9236.04 6042.07 3716.92 2325.15 3193.97 588.147 3306
internal_count=372800 295256 240600 133591 113942 107009 77544 74786 51720 31304 20416 23066 19649 29356
is_linear=0
shrinkage=0.05


Tree=51
num_leaves=15
num_cat=0
split_feature=9 3 1 3 10 2 6 4 5 1 5 10 5 3
split_gain=140.236 95.7854 65.5837 57.0235 36.1871 39.3793 34.7069 35.1088 31.6692 33.2298 30.3826 29.6664 28.9958 27.2448
threshold=1.0000000180025095e-35 5.9400000000000004 1.5000000000000002 13.205000000000002 13.000000000000002 1.7299999999999989 4.5000000000000009 0.72986233575078574 0.4403299185040393 11.500000000000002 0.97859653660919488 16.000000000000004 0.41469324265623908 34.905000000000008
decision_type=2 2 2 2 2 2 2 2 2 2 2 2 2 2
left_child=1 -1 3 10 5 -4 7 8 9 -2 -3 -6 -9 -11
right_child=6 2 4 -5 11 -7 -8 12 -10 13 -12 -13 -14 -15
leaf_value=-0.030191676624450665 0.0031203149368496737 -0.021115134956584382 0.010293956077421625 -0.0046012103817475846 0.036053067286194812 -0.0058371193197247432 -0.0016076944907062055 0.012285970800420348 -0.0044686831965488451 0.010443205379755481 0.055329641674687291 -0.0080952901040723772 0.06626900320649709 0.036765448291043536
leaf_weight=410.82339171646163 3653.243098910898 910.61207654466853 590.02231793245301 1706.3957329690456 131.45846947841346 1054.5385547005571 2536.7297373004258 1041.0683855414391 983.74090646952391 963.07694516144693 13.185979405418037 53.553301428444684 25.48378368280828 109.48071676492691
leaf_count=54656 32932 85153 25363 85146 1832 41016 21564 8293 8418 5701 925 1165 166 470
internal_value=-0.00021447 -0.00708927 -0.00496113 -0.0100181 0.00230882 -4.97419e-05 0.00338104 0.00524864 0.00369311 0.0053921 -0.020024 0.0232739 0.0135758 0.01313
internal_weight=14183.4 4870.59 4459.77 2630.19 1829.57 1644.56 9312.82 6776.09 5709.54 4725.8 923.798 185.012 1066.55 1072.56
internal_count=372800 295256 240600 171224 69376 66379 77544 55980 47521 39103 86078 2997 8459 6171
is_linear=0
shrinkage=0.05


Tree=52
num_leaves=15
num_cat=0
split_feature=9 3 12 3 3 3 10 2 2 3 3 1 11 2
split_gain=127.242 90.2384 61.573 35.2143 48.8087 45.5001 95.0158 34.2565 33.7793 35.4308 34.633 31.1523 28.7214 116.776
threshold=1.0000000180025095e-35 5.9400000000000004 1.0000000180025095e-35 18.995000000000001 24.160000000000004 21.550000000000004 2.5000000000000004 0.99500000000000111 1.9549999999999998 9.8150000000000013 21.250000000000004 16.500000000000004 1.0000000180025095e-35 0.40500000000000008
decision_type=2 2 2 2 2 2 2 2 2 2 2 2 2 2
left_child=1 -1 3 -3 5 -5 -7 -4 10 -10 -2 -9 13 -8
right_child=8 2 7 4 -6 6 12 11 9 -11 -12 -13 -14 -15
leaf_value=-0.029570365023616371 0.0041433119480414121 -0.015834737769765621 0.026403139826989577 -0.0028217088016126595 -0.015486698235978253 -0.02256708332478851 0.39945764617570223 -0.0030920774673755275 -0.011307561331677977 0.0022205808746919207 0.015822631273941869 0.01370317882974741 0.037517401331091035 0.073857135990296835
leaf_weight=398.7911685211584 2253.7879200950265 1352.4202927006409 122.08859092695639 199.53239844832569 320.44869016949087 45.009315216913819 2.9672670736908904 1997.5193604179658 529.24350669980049 5661.5811824277043 883.58282044529915 320.37619352992624 39.213632939383388 38.26918919570744
leaf_count=54656 24921 100986 4808 11105 15717 2224 49 96077 10612 37453 4558 6124 1775 1735
internal_value=-0.000206329 -0.00678755 -0.00474025 -0.0112489 -0.00163996 0.0120132 0.0356069 0.000589024 0.00320601 0.00106408 0.00743258 -0.000770661 0.0681534 0.0972865
internal_weight=14164.8 4836.64 4437.84 1997.86 645.44 324.992 125.459 2439.98 9328.2 6190.82 3137.37 2317.9 80.4501 41.2365
internal_count=372800 295256 240600 133591 32605 16888 5783 107009 77544 48065 29479 102201 3559 1784
is_linear=0
shrinkage=0.05


Tree=53
num_leaves=15
num_cat=0
split_feature=3 9 1 3 4 5 10 2 5 2 3 2 3 1
split_gain=118.902 84.0742 60.8912 56.972 33.2898 37.4436 32.0964 35.1052 27.7467 27.7109 26.3147 31.9796 26.2414 26.0596
threshold=4.0750000000000011 1.0000000180025095e-35 1.5000000000000002 13.205000000000002 0.66098293165790345 0.034899496702500858 13.000000000000002 1.7299999999999989 0.95037782124851555 0.6900000000000005 34.020000000000003 5.1150000000000011 117.91500000000001 49.500000000000007
decision_type=2 2 2 2 2 2 2 2 2 2 2 2 2 2
left_child=-1 2 3 8 13 -6 7 -4 -2 -10 -9 -12 -5 -3
right_child=1 4 6 12 5 -7 -8 10 9 -11 11 -13 -14 -15
leaf_value=-0.023017815796281184 -0.020869995082392082 0.0015754959173496456 0.00946706242567847 -0.0058268962371448765 0.0070808531909592829 0.029813857661139122 0.021495353224070042 -0.0088656943325401468 0.25726298527346819 0.020021997877219283 0.035878272807554255 -0.0092204555941657104 0.019758144286447767 0.018888589624271188
leaf_weight=548.75046735303476 932.72970683500171 7260.1040464118123 605.77157845627517 1585.6071572229266 1391.2624413780868 208.24878695607185 190.85760858561844 910.17812861688435 1.2973422571085418 24.021142028272152 78.465845882892609 78.767969969660044 106.98188588023186 224.05748280882835
leaf_count=52063 93195 54352 26794 83976 9871 1324 3258 40987 68 1951 1391 1264 1170 1136
internal_value=-0.00019936 0.00072146 -0.00485522 -0.00972474 0.00349313 0.0100406 0.00206917 -0.000146751 -0.0194681 0.0321784 -0.00560273 0.0132856 -0.00420977 0.00209381
internal_weight=14147.1 13598.4 4514.68 2650.64 9083.67 1599.51 1864.04 1673.18 958.048 25.3185 1067.41 157.234 1692.59 7484.16
internal_count=372800 320737 254054 180360 66683 11195 73694 70436 95214 2019 43642 2655 85146 55488
is_linear=0
shrinkage=0.05


Tree=54
num_leaves=15
num_cat=0
split_feature=3 9 12 1 0 3 9 9 7 10 3 9 0 3
split_gain=109.783 76.0757 57.6467 34.7747 39.1864 36.0469 32.9486 39.6259 44.0109 42.142 38.2291 38.1565 49.7704 33.3944
threshold=4.0750000000000011 1.0000000180025095e-35 1.0000000180025095e-35 11.500000000000002 1.0000000180025095e-35 13.995000000000003 4.5000000000000009 6.5000000000000009 1.0000000180025095e-35 9.5000000000000018 25.235000000000003 5.5000000000000009 1.0000000180025095e-35 27.385000000000002
decision_type=2 2 2 2 2 2 2 2 2 2 2 2 2 2
left_child=-1 2 3 5 -5 -2 -3 8 9 10 -8 12 -10 -12
right_child=1 6 -4 4 -6 -7 7 -9 11 -11 13 -13 -14 -15
leaf_value=-0.022373012975981616 -0.022014844796912552 0.0074410976287954947 0.00046291019446479623 0.00092276235143994674 0.16592344408716447 -0.0070842933697175094 -0.010510053169419687 0.0063360800456075134 0.017415835611681703 0.013520037466045852 0.033739247178635252 -0.016220120604450071 -0.013778925525884701 -0.00083879721769791911
leaf_weight=536.64983700402081 767.90451281610876 3155.736282415688 2479.391279169824 387.49614268355072 3.6320865815505377 853.65467110741884 1961.2469082288444 2258.0033132061362 657.13870056718588 267.49292846396565 84.169175773859024 148.35863086208701 158.75341261550784 409.72921124100685
leaf_count=52063 76923 20496 113375 11468 59 52229 19208 16743 4044 1656 500 867 884 2285
internal_value=-0.000191921 0.000683804 -0.00464037 -0.010927 0.00245499 -0.0141548 0.00331182 0.00111987 -0.00207476 -0.00532578 -0.00737907 0.00710476 0.0113461 0.00505392
internal_weight=14129.4 13592.7 4492.08 2012.69 391.128 1621.56 9100.63 5944.89 3686.89 2722.64 2455.15 964.251 815.892 493.898
internal_count=372800 320737 254054 140679 11527 129152 66683 46187 29444 23649 21993 5795 4928 2785
is_linear=0
shrinkage=0.05


Tree=55
num_leaves=15
num_cat=0
split_feature=3 1 9 2 3 3 5 10 2 10 8 7 10 3
split_gain=101.301 71.9474 69.4896 56.6926 56.3132 47.17 39.0252 36.6443 44.9829 27.2722 38.3121 38.1643 50.3331 29.6466
threshold=4.0750000000000011 5.5000000000000009 1.0000000180025095e-35 12.510000000000002 15.005000000000001 32.030000000000008 0.95037782124851555 9.5000000000000018 1.9549999999999998 14.500000000000002 1.0000000180025095e-35 1.0000000180025095e-35 9.5000000000000018 10.360000000000001
decision_type=2 2 2 2 2 2 2 2 2 2 2 2 2 2
left_child=-1 2 4 5 6 7 -2 8 -3 11 -11 12 -4 -13
right_child=1 3 9 -5 -6 -7 -8 -9 -10 10 -12 13 -14 -15
leaf_value=-0.021732681440005994 -0.016777760483608083 0.010599282825426288 -0.0016278990740492398 -0.029750261522266976 -0.0019294548400476546 0.021267699009523681 0.034006157891826559 0.019114759350266363 -0.0013334568011813732 0.02396793198014012 -0.015698083521629706 0.047303357675464106 0.018153028863563049 0.0082668869627478131
leaf_weight=525.13598720170557 1358.0807938757353 1274.7814838718623 3915.2901595570147 108.52392935007811 1766.6568683115765 500.3449239898473 38.913623671978712 405.83668840862811 2075.8719262275845 71.123573787510395 422.46188679710031 50.6118518486619 350.36623110622168 1246.9885441735387
leaf_count=52063 129257 19070 34289 993 83429 3440 2973 3799 29462 492 3726 435 2165 7207
internal_value=-0.000184795 0.000648098 -0.00185551 0.00593622 -0.00786147 0.00684601 -0.0153632 0.00492512 0.00320644 0.00128156 -0.00998238 0.00228092 -3.16221e-06 0.00978947
internal_weight=14111 13585.9 9220.49 4365.36 3163.65 4256.84 1396.99 3756.49 3350.65 6056.84 493.585 5563.26 4265.66 1297.6
internal_count=372800 320737 263973 56764 215659 55771 132230 52331 48532 48314 4218 44096 36454 7642
is_linear=0
shrinkage=0.05


Tree=56
num_leaves=15
num_cat=0
split_feature=3 9 12 3 3 3 10 2 10 10 3 2 3 5
split_gain=93.762 67.7242 56.2522 34.3296 45.1285 39.294 79.826 30.8113 31.0321 28.7023 27.0679 31.7508 60.2757 49.2946
threshold=3.225000000000001 1.0000000180025095e-35 1.0000000180025095e-35 18.995000000000001 24.160000000000004 21.550000000000004 2.5000000000000004 1.9549999999999998 1.5000000000000002 1.5000000000000002 117.91500000000001 1.0149999999999999 23.640000000000004 -0.99851060265596125
decision_type=2 2 2 2 2 2 2 2 2 2 2 2 2 2
left_child=-1 2 3 -2 5 -5 -7 -3 -9 -4 11 12 13 -11
right_child=1 7 9 4 -6 6 -8 8 -10 10 -12 -13 -14 -15
leaf_value=-0.025172171045617045 -0.015132288040070611 0.0070627698661521526 0.11143917509544043 -0.0021148171765137912 -0.014662989222848727 -0.021574667516903581 0.061695307212750121 0.031076276094328725 0.00049706600250366904 0.075853291077231558 0.020265369001441959 -0.0045109203008214891 0.042806274259992227 -0.0020383332722196854
leaf_weight=365.49290674272925 1386.6626468733884 3046.2995009254664 5.8163388762623063 196.6838487861678 313.2601964212954 43.55840171687305 84.836884660646319 84.114969346672297 6072.6781271416694 21.244768104050308 158.02215798944235 1744.4050327031873 107.27130359597504 462.76169195491821
leaf_count=37724 114807 25002 88 11105 15717 2224 3559 390 45044 810 1573 82515 2527 29715
internal_value=-0.000178033 0.000487427 -0.00452127 -0.0107152 -0.0011201 0.0119304 0.0334458 0.00294986 0.000914843 0.000496808 0.000238045 -0.00111692 0.00889617 0.00138061
internal_weight=14093.1 13727.6 4524.52 2025 638.339 325.079 128.395 9203.09 6156.79 2499.52 2493.7 2335.68 591.278 484.006
internal_count=372800 335076 264640 147412 32605 16888 5783 70436 45434 117228 117140 115567 33052 30525
is_linear=0
shrinkage=0.05


Tree=57
num_leaves=15
num_cat=0
split_feature=3 1 9 12 10 3 2 3 9 9 11 10 4 3
split_gain=86.8147 65.229 65.8252 46.0716 32.8346 31.0763 29.5943 47.4537 25.579 35.197 25.3283 48.6738 61.1082 41.0013
threshold=4.0750000000000011 16.500000000000004 1.0000000180025095e-35 1.0000000180025095e-35 1.5000000000000002 13.995000000000003 8.3350000000000026 40.135000000000012 4.5000000000000009 2.5000000000000004 1.0000000180025095e-35 13.000000000000002 0.99474520680959266 17.985000000000003
decision_type=2 2 2 2 2 2 2 2 2 2 2 2 2 2
left_child=-1 2 3 5 -5 -2 7 -3 9 -4 -6 -12 -13 -14
right_child=1 6 8 4 10 -7 -8 -9 -10 -11 11 12 13 -15
leaf_value=-0.020532427278640061 -0.019696308299494796 0.008436766013234882 0.00042801451868981403 0.12557885627371532 -0.018826134636762422 -0.0060493384861026308 -0.018214467915860205 0.045252701257183628 -0.00032638619192354071 0.011885921106863331 -0.0034065638713246128 0.013629086121337231 -0.0037390119344746842 0.18715829969709391
leaf_weight=504.77243304625154 786.72096743620932 1847.3605590183288 1454.7751033566892 5.0808904767036429 195.53306308761239 888.02334519475698 96.316305181011558 91.879386067390442 5036.8381544314325 1242.8635823205113 1619.9975659828633 295.63322848081589 4.1668842397630206 8.6556646786630136
leaf_count=52063 79102 20837 9790 78 7363 53374 869 526 41290 8385 92094 6653 225 151
internal_value=-0.00017184 0.000585312 -0.000870515 -0.00625571 -0.00137529 -0.0124601 0.00883748 0.0101811 0.00177792 0.00570693 -0.00167899 5.96255e-05 0.0182639 0.125123
internal_weight=14078.6 13573.8 11538.3 3803.81 2129.07 1674.74 2035.56 1939.24 7734.48 2697.64 2123.99 1928.45 308.456 12.8225
internal_count=372800 320737 298505 239040 106564 132476 22232 21363 59465 18175 106486 99123 7029 376
is_linear=0
shrinkage=0.05


Tree=58
num_leaves=15
num_cat=0
split_feature=3 1 3 2 9 10 3 10 2 2 3 4 2 5
split_gain=81.3203 62.4663 62.1833 50.0737 44.5664 41.2063 39.6559 37.1146 36.0142 33.567 32.362 32.3554 44.4517 31.0153
threshold=3.225000000000001 5.5000000000000009 13.205000000000002 12.510000000000002 1.0000000180025095e-35 9.5000000000000018 40.135000000000012 1.5000000000000002 1.9549999999999998 3.9650000000000007 45.500000000000007 -0.7660444431189779 0.99500000000000111 0.95037782124851555
decision_type=2 2 2 2 2 2 2 2 2 2 2 2 2 2
left_child=-1 2 4 5 13 6 8 9 -3 11 -9 12 -4 -2
right_child=1 3 7 -5 -6 -7 -8 10 -10 -11 -12 -13 -14 -15
leaf_value=-0.023977869973136817 -0.016883397349874273 0.0098242973789891743 0.13597171425305526 -0.028587104090133448 -0.0030070682133383052 0.018671022108619057 0.031754187448553982 -0.0011274092837841585 -0.00052634908782223284 0.056589736924001481 0.0088218206987926689 -0.024312429124363474 -0.010267154488566526 0.030455374749530813
leaf_weight=349.62553327064961 1125.9769332646392 1332.5526917418465 9.1058375407010335 106.13843587785959 1908.216314535588 572.20972819533199 126.71912604570389 5140.9183605648577 2275.3691685069352 56.524712456390262 971.83460749685764 38.719556662254035 12.103414830751715 35.697418462019414
leaf_count=37724 121693 20205 91 993 24959 5014 790 114987 31896 772 9384 1139 279 2874
internal_value=-0.000165608 0.000441548 -0.00188326 0.00534041 -0.00770753 0.00617652 0.00426215 0.000987068 0.00329657 0.0289491 0.000454367 0.00287845 0.0525181 -0.0154287
internal_weight=14061.7 13712.1 9299.1 4412.99 3069.89 4306.85 3734.64 6229.21 3607.92 116.454 6112.75 59.9288 21.2093 1161.67
internal_count=372800 335076 276178 58898 149526 57905 52891 126652 52101 2281 124371 1509 370 124567
is_linear=0
shrinkage=0.05


Tree=59
num_leaves=15
num_cat=0
split_feature=3 11 8 10 3 0 2 2 3 7 10 10 5 10
split_gain=75.1839 59.3428 47.7082 79.5133 60.0114 64.8441 72.5964 41.0239 41.9286 39.313 63.8432 48.3871 43.5091 38.6923
threshold=3.225000000000001 1.0000000180025095e-35 1.0000000180025095e-35 9.5000000000000018 21.250000000000004 1.0000000180025095e-35 9.4450000000000038 1.6299999999999975 33.965000000000011 1.0000000180025095e-35 13.000000000000002 6.5000000000000009 0.81537853675899896 1.5000000000000002
decision_type=2 2 2 2 2 2 2 2 2 2 2 2 2 2
left_child=-1 13 3 7 9 6 -6 8 -3 10 -4 -11 -13 -2
right_child=1 2 4 -5 5 -7 -8 -9 -10 11 -12 12 -14 -15
leaf_value=-0.023330338473366723 0.016539628599002765 0.0060049494183284716 -0.0054311151520995875 0.027636416398338162 0.017731597627406205 -0.0047497979895851361 -0.0089959446860911063 -0.0081312975824696307 -0.052715122306714851 0.018641421118767036 0.033721925712362814 -0.011376463520755045 0.11056731644257588 -0.0050545273690070476
leaf_weight=341.57062729634345 217.30882638180628 980.54619052167982 1905.7816527765244 211.80139001412317 2019.6933546559885 548.8208463024348 290.61756823305041 2037.9288226305507 31.372915523126721 524.02863766485825 110.13442971836776 250.37180510303006 7.5349137447774401 4567.6079492741264
leaf_count=37724 6225 32894 51172 3411 26744 4184 4021 53486 420 13075 1689 5333 127 132295
internal_value=-0.000159277 0.000418278 0.00282832 -0.00198773 0.00560512 0.0106995 0.0143695 -0.00404502 0.00418443 0.000399175 -0.00329209 0.00991566 -0.0078138 -0.00407382
internal_weight=14045.1 13703.5 8918.63 3261.65 5656.98 2859.13 2310.31 3049.85 1011.92 2797.85 2015.92 781.935 257.907 4784.92
internal_count=372800 335076 196556 90211 106345 34949 30765 86800 33314 71396 52861 18535 5460 138520
is_linear=0
shrinkage=0.05


Tree=60
num_leaves=15
num_cat=0
split_feature=9 3 1 7 6 5 4 1 2 2 3 5 3 10
split_gain=71.2755 64.2991 44.2144 34.112 30.5542 28.7462 39.7013 28.5476 29.9115 28.3253 36.087 32.865 26.1806 31.3767
threshold=1.0000000180025095e-35 5.9400000000000004 1.0000000180025095e-35 1.0000000180025095e-35 4.5000000000000009 0.4403299185040393 0.28192217936745773 5.5000000000000009 8.1250000000000018 1.7299999999999989 34.020000000000003 0.14996639865976327 23.640000000000004 3.5000000000000004
decision_type=2 2 2 2 2 2 2 2 2 2 2 2 2 2
left_child=1 -1 3 -3 5 7 -7 -2 -9 12 -11 -12 -4 -14
right_child=4 2 9 -5 -6 6 -8 8 -10 10 11 -13 13 -15
leaf_value=-0.026072355375216696 0.0030217968764281668 -0.011724967246749513 0.0061580906014617872 0.0030577975765806566 -0.0023162545930198084 -0.0059274683427111641 0.040260169710451932 0.011925998056123217 -0.017182189815709504 -0.0065731994946674243 0.00010339959803639381 0.035242573094813795 -0.013923474143519297 0.05247267184918869
leaf_weight=342.14582067541778 3928.2686889842153 1742.7425428209826 606.59281017119065 502.84348520031199 2546.357448335737 960.20452032238245 48.894849125295877 1798.9969766810536 92.810000289231539 1091.7861710977741 174.7338336892426 107.46555312816054 24.211537076160312 67.124450413510203
leaf_count=54656 35268 126414 30558 27062 21564 8222 335 11636 519 50508 3024 1350 735 949
internal_value=-0.000153728 -0.00520793 -0.0035545 -0.00841473 0.00235821 0.00410116 -0.00368949 0.00545192 0.010498 0.00171312 -0.00245352 0.0134849 0.00991583 0.0348722
internal_weight=14035.2 4659.65 4317.5 2245.59 9375.53 6829.18 1009.1 5820.08 1891.81 2071.91 1373.99 282.199 697.929 91.336
internal_count=372800 295256 240600 153476 77544 55980 8557 47423 12155 87124 54882 4374 32242 1684
is_linear=0
shrinkage=0.05


Tree=61
num_leaves=15
num_cat=0
split_feature=3 1 9 12 2 4 3 4 5 2 3 9 9 1
split_gain=66.3153 54.178 55.8706 42.1903 30.6386 30.4975 29.9391 26.4604 22.8841 22.1413 25.2549 22.1276 30.9718 22.0243
threshold=3.225000000000001 16.500000000000004 1.0000000180025095e-35 1.0000000180025095e-35 0.99500000000000111 0.72085188119920351 13.995000000000003 -0.99851060265596125 -0.99946220892790427 8.3350000000000026 39.100000000000009 4.5000000000000009 2.5000000000000004 5.5000000000000009
decision_type=2 2 2 2 2 2 2 2 2 2 2 2 2 2
left_child=13 2 3 6 7 9 -2 -5 -9 10 -3 12 -4 -1
right_child=1 5 11 4 -6 -7 -8 8 -10 -11 -12 -13 -14 -15
leaf_value=-0.028638830195205481 -0.018899308888879959 0.0054271641251676895 0.00017476303501509204 0.17267301099208954 -0.002702063615059304 0.024859094516737956 -0.0054939193340360869 0.092705317002857945 0.012935944329435243 -0.020194433369089135 0.032215303924255055 -0.00046725800658340371 0.010858445072544165 0.0041059381869834885
leaf_weight=265.85283212317154 793.00077890697867 1656.9207435781136 1467.4917387440801 2.8993374258279792 2023.6437539020553 233.7665415359661 877.26942017767578 9.8287430480122548 105.46483744867146 79.104622986167669 92.91744638979435 5087.545148467645 1261.5228501148522 63.645885283127427
leaf_count=32697 85486 19062 10359 139 104784 2755 53374 92 5163 722 522 43757 8861 5027
internal_value=-0.000147935 0.000385514 -0.000939169 -0.00590191 -0.00125682 0.0078535 -0.0118584 0.0234879 0.0197363 0.00567993 0.00684963 0.00148114 0.00511344 -0.0223139
internal_weight=14020.9 13691.4 11628.7 3812.11 2141.84 2062.71 1670.27 118.193 115.294 1828.94 1749.84 7816.56 2729.01 329.499
internal_count=372800 335076 312015 249038 110178 23061 138860 5394 5255 20306 19584 62977 19220 37724
is_linear=0
shrinkage=0.05


Tree=62
num_leaves=15
num_cat=0
split_feature=11 8 10 3 0 2 3 3 10 7 10 10 10 10
split_gain=61.4043 42.4602 63.1581 58.19 58.097 62.5573 41.8386 37.1225 38.5222 33.7486 59.906 48.8762 50.7943 46.726
threshold=1.0000000180025095e-35 1.0000000180025095e-35 9.5000000000000018 21.250000000000004 1.0000000180025095e-35 9.4450000000000038 4.0750000000000011 39.600000000000009 13.000000000000002 1.0000000180025095e-35 9.5000000000000018 5.5000000000000009 4.5000000000000009 6.5000000000000009
decision_type=2 2 2 2 2 2 2 2 2 2 2 2 2 2
left_child=6 2 -2 9 5 -5 -1 -6 -9 10 11 12 -3 -11
right_child=1 3 -4 4 7 -7 -8 8 -10 13 -12 -13 -14 -15
leaf_value=-0.023576817056053495 -0.0041392355635575685 -0.005548779040561511 0.022697664094791709 0.016445637916808333 -0.029551078739725387 -0.0084396338744057997 -0.0035147283018127536 0.016084558457485361 -0.013908889123607516 0.017327607656928555 0.020710226716530448 -0.016941630586569768 0.020787212631089107 -0.0069198027112109678
leaf_weight=275.24603462824598 3068.9059847760946 887.05058952607214 236.09845675434917 2041.1254317397252 118.12433512508869 288.19961011968553 4653.6934424289502 229.50603577587754 200.64190079271793 531.40129254525527 225.5242683426477 702.71649302588776 230.70319780753925 317.33475208142772
leaf_count=32429 90874 28079 4909 26744 1210 4021 128998 1606 1368 13075 4851 17991 6914 9731
internal_value=-0.000142321 0.00229721 -0.0022221 0.00488478 0.00991988 0.0133667 -0.00463505 -0.00472376 0.00209416 -0.000120514 -0.0035977 -0.00660903 -0.000113058 0.00826172
internal_weight=14006.3 9077.33 3305 5772.33 2877.6 2329.33 4928.94 548.272 430.148 2894.73 2045.99 1820.47 1117.75 848.736
internal_count=372800 211373 95783 115590 34949 30765 161427 4184 2974 80641 57835 52984 34993 22806
is_linear=0
shrinkage=0.05


Tree=63
num_leaves=15
num_cat=0
split_feature=1 3 2 9 10 5 7 2 4 3 3 10 2 9
split_gain=60.7349 76.1918 42.013 40.4484 34.2666 32.8842 32.7973 33.6116 104.065 38.2754 32.5332 30.518 33.6367 29.5606
threshold=5.5000000000000009 9.4650000000000016 12.510000000000002 1.0000000180025095e-35 9.5000000000000018 0.59130964836358235 1.0000000180025095e-35 0.99500000000000111 -0.99894830403340407 34.640000000000008 34.905000000000008 1.5000000000000002 3.9650000000000007 5.5000000000000009
decision_type=2 2 2 2 2 2 2 2 2 2 2 2 2 2
left_child=1 3 4 -1 5 10 7 8 -3 13 -2 12 -8 -9
right_child=2 6 -4 -5 -6 -7 11 9 -10 -11 -12 -13 -14 -15
leaf_value=-0.02326658492479268 0.004285564927637593 0.1572306305100134 -0.026918934819496167 -0.0059205788795652758 0.016529798627157252 -0.0065446507715309077 -0.020771736645991454 -0.0070862525039582739 0.0073868751287328562 0.00634623162367879 0.023263486036461778 0.0039448746475456891 0.081340462082527862 0.0028674662828741693
leaf_weight=584.08158676512539 2897.1855188612826 11.990755161270497 102.98225981742144 791.5201879478991 596.52552424464375 655.80236897943541 11.731137047521768 3842.1374425953254 344.00834444351494 852.97536601219326 244.91373126208782 2109.088554000482 25.805641564540565 925.59713374823332
leaf_count=95194 44243 284 993 17709 5582 11506 355 127841 9444 12239 1601 37975 333 7501
internal_value=-0.000137399 -0.00240374 0.00464932 -0.0132857 0.00538911 0.00363928 -0.000560994 -0.002465 0.0124339 -0.00340865 0.00576482 0.00474021 0.049428 -0.00515386
internal_weight=13996.3 9498.94 4497.41 1375.6 4394.43 3797.9 8123.33 5976.71 355.999 5620.71 3142.1 2146.63 37.5368 4767.73
internal_count=372800 308875 63925 112903 62932 57350 195972 157309 9728 147581 45844 38663 688 135342
is_linear=0
shrinkage=0.05


Tree=64
num_leaves=15
num_cat=0
split_feature=9 3 1 5 2 3 2 2 3 5 2 3 3 2
split_gain=56.1489 52.4378 37.3175 31.8679 27.7495 26.5748 26.3625 39.469 30.1304 26.4415 24.952 23.0299 34.8276 44.0129
threshold=1.0000000180025095e-35 5.9400000000000004 1.0000000180025095e-35 0.93819133592248416 1.9549999999999998 13.205000000000002 1.6550000000000005 1.6299999999999975 34.020000000000003 0.14996639865976327 4.1849999999999996 25.740000000000006 26.135000000000002 0.52000000000000146
decision_type=2 2 2 2 2 2 2 2 2 2 2 2 2 2
left_child=1 -1 3 5 11 -3 7 -4 -8 10 -10 -2 -13 -14
right_child=4 2 6 -5 -6 -7 8 -9 9 -11 -12 12 13 -15
leaf_value=-0.024237154878077281 0.0040287667270580783 -0.016811980520159236 0.008870262932736123 0.031095150441507846 0.00014547605549343292 -0.0048783717848492961 -0.0062246079585192354 0.22106074539678514 0.028258609290597949 0.030979976844647695 -0.012462473906848771 0.051381977557003071 -0.013843064080750265 0.02076982671849617
leaf_weight=318.32583887688816 2656.2041910272092 682.21353595610708 694.87231900310144 51.637386807240546 6217.5686435718089 1475.5038694534451 1084.2930160555989 2.1984470584429792 54.098135649226606 111.82244829740375 123.49626123253256 60.09807176887989 128.72077259421349 320.5701519548893
leaf_count=54656 27026 74460 32015 3158 48065 75858 50622 89 1068 1350 1980 292 704 1457
internal_value=-0.000132513 -0.00465868 -0.00320257 -0.0077225 0.00208565 -0.00865147 0.00161983 0.00953948 -0.00239889 0.0119341 -5.81711e-05 0.00589636 0.0156349 0.0108533
internal_weight=13981.6 4598.46 4280.14 2209.35 9383.16 2157.72 2070.78 697.071 1373.71 289.417 177.594 3165.59 509.389 449.291
internal_count=372800 295256 240600 153476 77544 150318 87124 32104 55020 4398 3048 29479 2453 2161
is_linear=0
shrinkage=0.05


Tree=65
num_leaves=15
num_cat=0
split_feature=1 3 9 4 2 3 2 3 4 3 7 10 10 9
split_gain=53.3701 63.6822 36.6431 32.7755 28.749 32.7237 28.2727 69.9732 72.6426 51.2383 33.1014 37.0086 63.7669 35.3714
threshold=10.500000000000002 9.4650000000000016 1.0000000180025095e-35 0.81284475016066593 8.3350000000000026 64.500000000000014 0.99500000000000111 27.385000000000002 -0.99894830403340407 21.890000000000004 1.0000000180025095e-35 9.5000000000000018 16.000000000000004 1.0000000180025095e-35
decision_type=2 2 2 2 2 2 2 2 2 2 2 2 2 2
left_child=1 2 -1 4 5 -2 7 8 -3 -10 11 13 -13 -8
right_child=3 6 -4 -5 -6 -7 10 -9 9 -11 -12 12 -14 -15
leaf_value=-0.020534568553487315 0.0042807932889779559 0.1319169293777136 -0.0048240312404002521 0.022234684357211772 -0.018839111501521986 0.040214407443138811 -0.010527436124858833 -0.016102623704896634 0.0070655949402626643 0.04880141232826192 0.0042739061168452037 0.013273639582399653 -0.014263115627655087 -0.0017471649416305462
leaf_weight=625.90944972774014 2680.3992813453078 14.517959808930753 911.86834110319614 270.75087206065655 131.07144763786346 64.891691900789738 1653.5538573404774 171.38586651906371 281.64911307953298 99.524815401062369 2258.1770958397537 772.28464419580996 288.87760029546916 3744.5294568575919
leaf_count=101696 33870 278 19758 3424 1225 331 116567 2682 8256 1297 39458 10322 3820 29816
internal_value=-0.000127615 -0.0017942 -0.0112186 0.00560342 0.00403793 0.00513017 -0.000233254 0.0105847 0.0221438 0.0179629 -0.000936977 -0.00275872 0.00577738 -0.00443676
internal_weight=13969.4 10822.3 1537.78 3147.11 2876.36 2745.29 9284.5 567.078 395.692 381.174 8717.42 6459.25 1061.16 5398.08
internal_count=372800 333950 121454 38850 35426 34201 212496 12513 9831 9553 199983 160525 14142 146383
is_linear=0
shrinkage=0.05


Tree=66
num_leaves=15
num_cat=0
split_feature=3 11 8 10 3 0 2 3 2 3 10 4 0 3
split_gain=51.1455 42.0967 33.6231 58.0793 40.5531 51.7269 51.9853 40.892 35.3322 37.863 33.3657 33.9213 32.0997 31.6946
threshold=3.225000000000001 1.0000000180025095e-35 1.0000000180025095e-35 9.5000000000000018 21.250000000000004 1.0000000180025095e-35 9.4450000000000038 10.075000000000001 1.6299999999999975 33.965000000000011 1.5000000000000002 -0.97081889804462873 1.0000000180025095e-35 39.600000000000009
decision_type=2 2 2 2 2 2 2 2 2 2 2 2 2 2
left_child=-1 10 3 8 7 6 -6 -4 9 -3 11 -2 -9 -7
right_child=1 2 4 -5 5 13 -8 12 -10 -11 -12 -13 -14 -15
leaf_value=-0.020283626388759156 0.070378788853432989 0.0057885870144558189 0.012152260958779236 0.02297694512679721 0.014779907182718557 -0.028344840832964086 -0.0079598889646310296 -0.0036224820765226075 -0.0073775301020339024 -0.051134928367007386 -0.0044116757958904641 0.0085186336605439991 0.038865738772635092 0.0011686202387366539
leaf_weight=307.66061931522563 25.051782174035907 979.70295469369739 581.72064600931481 221.75918001588434 2069.2955912416801 115.25715222209692 286.07840238139033 2162.1821882827207 2004.7424268312752 30.110505856573582 4502.0584364794195 192.05374366044998 45.386448378674686 431.64443050138652
leaf_count=37724 538 32894 22620 3411 26744 1210 4021 47641 53486 420 132295 5687 1135 2974
internal_value=-0.000123341 0.000331155 0.00235014 -0.00171902 0.00466393 0.00880148 0.012018 0.000358777 -0.00353573 0.00409125 -0.00348843 0.0156567 -0.00274895 -0.00505121
internal_weight=13954.7 13647 8927.88 3236.32 5691.56 2902.28 2355.37 2789.29 3014.56 1009.81 4719.16 217.106 2207.57 546.902
internal_count=372800 335076 196556 90211 106345 34949 30765 71396 86800 33314 138520 6225 48776 4184
is_linear=0
shrinkage=0.05


Tree=67
num_leaves=15
num_cat=0
split_feature=1 3 2 9 10 4 3 10 2 4 2 2 10 3
split_gain=48.6421 61.5541 36.1127 36.0922 35.2713 28.5213 28.7994 27.8506 27.5947 27.5754 35.9007 27.3196 48.7303 36.922
threshold=5.5000000000000009 12.060000000000002 12.510000000000002 1.0000000180025095e-35 5.5000000000000009 0.68359067519442884 117.91500000000001 1.5000000000000002 3.9650000000000007 -0.7660444431189779 0.99500000000000111 1.8649999999999995 11.000000000000002 18.995000000000001
decision_type=2 2 2 2 2 2 2 2 2 2 2 2 2 2
left_child=1 3 5 -1 -5 6 -2 8 9 10 -3 12 -9 -14
right_child=2 7 -4 4 -6 -7 -8 11 -10 -11 -12 -13 13 -15
leaf_value=-0.015882483406966984 0.0030290779653752336 0.11757642662558128 -0.025522996330505716 0.0017633658603871207 -0.013433013705816819 0.015751712836825343 0.061875528519241565 0.003190662722098211 0.048907029479872494 -0.024475499702104483 -0.011446446378730966 -0.0020218626375416312 0.085853471115178104 0.019386537036265219
leaf_weight=1038.0179855809547 3866.4831475224346 9.6798096578568238 100.25934139173478 1015.5040971916169 611.93342401366681 525.94487525941804 20.903738930821419 1717.1249068202451 58.321977701038122 38.920071694999933 12.169958984479306 4831.0166040668264 29.666484817862511 70.654670979827642
leaf_count=137324 55070 91 993 13045 13849 7751 111 38650 772 1188 279 102610 414 653
internal_value=-0.000118909 -0.00216148 0.00414989 -0.0085973 -0.00395063 0.00482398 0.00334551 0.000373313 0.024339 0.000760681 0.0457128 -5.59777e-05 0.00516961 0.0390418
internal_weight=13946.6 9433.01 4513.59 2665.46 1627.44 4413.33 3887.39 6767.55 119.092 60.7698 21.8498 6648.46 1817.45 100.321
internal_count=372800 308875 63925 164218 26894 62932 55181 144657 2330 1558 370 142327 39717 1067
is_linear=0
shrinkage=0.05


Tree=68
num_leaves=15
num_cat=0
split_feature=3 1 9 3 5 3 4 2 10 3 10 5 2 3
split_gain=46.4551 42.8196 47.7814 30.4902 31.2939 27.8831 27.6786 26.4437 31.8575 27.0352 50.6931 24.2578 23.0062 36.3452
threshold=2.9850000000000003 16.500000000000004 1.0000000180025095e-35 117.91500000000001 0.93819133592248416 8.0050000000000008 -0.013089595571345017 1.0050000000000001 13.000000000000002 53.895000000000003 6.5000000000000009 0.80385686061721728 8.0250000000000021 40.360000000000007
decision_type=2 2 2 2 2 2 2 2 2 2 2 2 2 2
left_child=-1 2 3 4 5 -2 -6 8 9 -7 -11 12 13 -3
right_child=1 11 -4 -5 6 7 -8 -9 -10 10 -12 -13 -14 -15
leaf_value=-0.030496224830512744 -0.018962478449325679 0.0081344429887378316 0.0012000520946443645 0.01609896191021927 0.034718061103507288 -0.0014786322124612078 -0.019010425587420249 -0.0087107543421410406 0.048082811469250149 0.18055062769389391 -0.023916078570311271 -0.010323916759129706 -0.016491325817602386 0.042657621225387875
leaf_weight=124.69364448776469 452.64899489702657 1738.1616406189278 7903.2545251045376 155.0855914875865 82.073690788820386 882.43991718022153 33.859272215515375 2158.7452280782163 35.127928866073489 5.7961107492446882 6.355228278785944 189.39251388330013 88.259899535216391 79.734124161303043
leaf_count=17381 74806 19789 67037 1524 4936 57299 1866 123322 430 149 91 2927 817 426
internal_value=-0.000114479 0.000159826 -0.00101765 -0.00561534 -0.00653619 -0.00737308 0.0190262 -0.00567452 0.00137541 -0.000458651 0.0736132 0.0067426 0.0084383 0.00964865
internal_weight=13935.6 13810.9 11715.4 3812.13 3657.05 3541.11 115.933 3088.46 929.719 894.591 12.1513 2095.55 1906.16 1817.9
internal_count=372800 355419 331460 264423 262899 256097 6802 181291 57969 57539 240 23959 21032 20215
is_linear=0
shrinkage=0.05


Tree=69
num_leaves=15
num_cat=0
split_feature=11 3 2 4 2 2 8 10 3 0 2 3 10 7
split_gain=45.0644 29.9569 30.9203 35.5075 29.6527 35.7246 29.4934 45.4028 38.941 47.2899 44.2632 28.8596 33.1957 28.497
threshold=1.0000000180025095e-35 11.960000000000003 0.94999999999999896 -0.96185846619598292 1.3699999999999999 5.9900000000000011 1.0000000180025095e-35 9.5000000000000018 21.250000000000004 1.0000000180025095e-35 8.9450000000000021 39.600000000000009 13.000000000000002 1.0000000180025095e-35
decision_type=2 2 2 2 2 2 2 2 2 2 2 2 2 2
left_child=1 4 3 -3 -1 -6 7 -2 13 10 -10 -11 -13 -8
right_child=6 2 -4 -5 5 -7 8 -9 9 11 -12 12 -14 -15
leaf_value=-0.0030921848942066328 -0.0035014870555496315 0.08831407460313756 -0.0023885439272495037 0.012032080041922471 -0.019171367902100899 0.037002584807044714 -0.0032355340319187593 0.018857612617795585 0.014052912146717106 -0.027538082919486985 -0.0053785463008446536 0.013688569638330131 -0.014071566559909397 0.0076593389713727009
leaf_weight=805.29193011391908 3026.8582238457166 17.130325434729457 3149.1811685208231 139.35765390191227 713.43841936113313 29.472557906061411 2027.6151893651113 245.45827987976372 2027.0625031916425 113.32498372346163 342.60388193186373 232.02603655122221 200.96581360697746 852.56806518742815
leaf_count=52493 90874 322 62121 3040 42290 1161 57835 4909 26068 1210 4697 1606 1368 22806
internal_value=-0.000110518 -0.00399876 -0.00131058 0.0203825 -0.00973848 -0.0169429 0.00197065 -0.00182432 0.00411316 0.00818622 0.0112435 -0.00507499 0.000804174 -1.05237e-05
internal_weight=13922.4 4853.87 3305.67 156.488 1548.2 742.911 9068.48 3272.32 5796.17 2915.98 2369.67 546.317 432.992 2880.18
internal_count=372800 161427 65483 3362 95944 43451 211373 95783 115590 34949 30765 4184 2974 80641
is_linear=0
shrinkage=0.05


Tree=70
num_leaves=15
num_cat=0
split_feature=3 1 9 3 4 2 3 5 1 5 4 3 10 2
split_gain=41.9628 39.1519 41.0326 31.9087 27.3793 22.9201 25.0484 22.3343 21.3772 21.3636 27.5233 21.6779 19.2438 19.2333
threshold=2.9850000000000003 10.500000000000002 1.0000000180025095e-35 9.4650000000000016 0.81284475016066593 8.3350000000000026 68.850000000000009 0.42853991835487659 49.500000000000007 0.88191916553215621 -0.0479781285213439 117.91500000000001 9.5000000000000018 1.0050000000000001
decision_type=2 2 2 2 2 2 2 2 2 2 2 2 2 2
left_child=-1 2 3 -2 5 6 7 8 -3 11 -11 13 -9 -5
right_child=1 4 -4 9 -6 -7 -8 12 -10 10 -12 -13 -14 -15
leaf_value=-0.029605025345694175 -0.017071453059314106 0.0046289443232138796 0.00086727389260520872 0.00087966324272291917 0.020133717110927315 -0.017103379400159428 0.036443370422606348 -0.0067362073576570369 0.020475664657193665 0.027694976449735481 -0.024344762798668745 0.013876556349180481 0.019807336933399741 -0.008443094265532405
leaf_weight=119.52469843951985 527.78888029977679 1736.9193956302479 7165.4234793689102 782.69824348576367 274.70166561380029 127.61412073392421 60.300316959619522 622.52032581157982 242.5377503009513 106.87579516880214 33.332165943458676 149.16160328686237 76.695606145076454 1887.0272304918617
leaf_count=17381 88373 20096 62557 48213 3290 1225 300 8861 2593 5279 1800 1468 755 110609
internal_value=-0.000106531 0.00014908 -0.00129749 -0.00574601 0.00505449 0.00360947 0.00457452 0.00385711 0.0065706 -0.00372598 0.0153234 -0.00467347 -0.0038247 -0.00570989
internal_weight=13913.1 13793.6 10652.3 3486.88 3141.29 2866.59 2738.97 2678.67 1979.46 2959.1 140.208 2818.89 699.216 2669.73
internal_count=372800 355419 318299 255742 37120 33830 32605 32305 22689 167369 7079 160290 9616 158822
is_linear=0
shrinkage=0.05


Tree=71
num_leaves=15
num_cat=0
split_feature=11 10 3 4 10 8 10 3 3 0 10 3 9 6
split_gain=39.8756 28.83 30.9211 29.5826 26.9215 23.1121 52.4682 47.4862 44.3806 42.9652 37.8094 33.3324 194.11 133.162
threshold=1.0000000180025095e-35 1.5000000000000002 4.0750000000000011 -0.95566235021011103 2.5000000000000004 1.0000000180025095e-35 3.5000000000000004 18.450000000000006 21.550000000000004 1.0000000180025095e-35 9.5000000000000018 17.985000000000003 1.0000000180025095e-35 3.5000000000000004
decision_type=2 2 2 2 2 2 2 2 2 2 2 2 2 2
left_child=1 3 -3 -1 -2 10 7 11 -8 -10 -6 -7 13 -13
right_child=4 2 -4 -5 5 6 8 -9 9 -11 -12 12 -14 -15
leaf_value=0.063039231813261098 -0.011272253805093842 -0.022348363674164734 -0.0036762334054770852 0.0070500595893053051 -0.0026547681084569141 0.031652171372855732 -0.0019174881585054871 0.0077347808226505433 0.01062647623338521 -0.0053440054102502944 0.017674867448435532 0.1133505946889532 0.0052931480825343684 0.54076430736936432
leaf_weight=26.808827168308198 374.61806917143986 233.5623725457117 4373.4366109389812 196.62798416987062 2866.7516114395112 157.35161078814417 2487.7533747218549 292.13702056836337 2090.3699495531619 527.38306641858071 248.53535215742886 3.9545699618756798 18.060435675084591 3.3797615403309464
leaf_count=696 17109 30738 123397 6596 83794 5038 65380 4996 25526 4059 4909 240 116 206
internal_value=-0.000102545 -0.00377218 -0.00462286 0.0137679 0.00185174 0.00241713 0.00434313 0.02024 0.00286449 0.007409 -0.00103288 0.0402308 0.0933855 0.310309
internal_weight=13900.7 4830.44 4607 223.437 9070.29 8695.68 5580.39 474.883 5105.51 2617.75 3115.29 182.746 25.3948 7.33433
internal_count=372800 161427 154135 7292 211373 194264 105561 10596 94965 29585 88703 5600 562 446
is_linear=0
shrinkage=0.05


Tree=72
num_leaves=15
num_cat=0
split_feature=1 3 2 3 4 3 10 2 8 4 2 2 10 4
split_gain=38.0704 48.7407 30.894 29.0066 24.1802 25.7318 23.3851 24.3234 23.6572 23.1226 30.1842 22.0934 36.8108 32.6305
threshold=5.5000000000000009 3.225000000000001 12.510000000000002 13.205000000000002 0.43051109680829497 117.91500000000001 1.5000000000000002 3.9650000000000007 1.0000000180025095e-35 -0.54280675319151028 0.99500000000000111 1.670000000000001 11.000000000000002 -0.99771148674921373
decision_type=2 2 2 2 2 2 2 2 2 2 2 2 2 2
left_child=1 -1 4 -3 5 -2 7 9 -9 10 -5 12 13 -8
right_child=2 3 -4 6 -6 -7 11 8 -10 -11 -12 -13 -14 -15
leaf_value=-0.024811944463534068 0.0021779723304541716 -0.0054611598773013107 -0.024142474298210457 0.10366026678221052 0.011945428117912625 0.058419171915873341 0.041252092104018839 -0.0035168180919876568 0.065769538880481648 -0.025209018449326465 -0.00941201974066928 -0.0016444663685777376 0.033808345117239083 0.0017526373043619079
leaf_weight=226.88213504943997 3572.239467675332 2921.4524933737703 97.722848072648048 10.150736393406989 834.66781259095296 20.4540960714221 54.253835061565042 17.495591474696994 41.645370174199343 36.105858583934605 14.101264858618377 4501.2184305135161 105.02875312231481 1441.1628655353561
leaf_count=32697 50691 149526 993 93 12137 104 1022 284 488 1080 336 91859 1066 30424
internal_value=-0.000100623 -0.00191947 0.00366542 -0.00135137 0.00427921 0.00249817 0.000578581 0.0224837 0.0452726 0.000154303 0.0379147 0.000149577 0.00519528 0.00318568
internal_weight=13894.6 9369.5 4525.08 9142.62 4427.36 3592.69 6221.16 119.499 59.141 60.3579 24.252 6101.66 1600.45 1495.42
internal_count=372800 308875 63925 276178 62932 50795 126652 2281 772 1509 429 124371 32512 31446
is_linear=0
shrinkage=0.05


Tree=73
num_leaves=15
num_cat=0
split_feature=9 3 12 6 4 0 1 5 3 3 3 10 11 2
split_gain=37.1346 34.2589 26.9909 26.6577 25.5446 22.5359 25.7144 21.6232 21.48 47.5495 30.9917 65.5735 27.5612 53.5459
threshold=1.0000000180025095e-35 3.225000000000001 1.0000000180025095e-35 4.5000000000000009 0.72986233575078574 1.0000000180025095e-35 20.500000000000004 0.4403299185040393 18.995000000000001 24.160000000000004 21.550000000000004 2.5000000000000004 1.0000000180025095e-35 0.40500000000000008
decision_type=2 2 2 2 2 2 2 2 2 2 2 2 2 2
left_child=1 -1 5 4 7 8 -7 -2 -3 10 -10 -12 13 -13
right_child=3 2 -4 -5 -6 6 -8 -9 9 -11 11 12 -14 -15
leaf_value=-0.027773518431078517 0.0033787733885181875 -0.011864511808282201 0.0003857493573859461 -0.0026788500950894901 0.010345499048716721 0.023729748696678505 0.19545606853444358 -0.0047789829364151409 -2.5823239991250129e-05 -0.014823809956100754 -0.020199515746605307 0.2494238701316864 0.027575795725037468 0.06539519422168516
leaf_weight=144.57850228669122 4773.7233753474429 1242.5595367355272 2483.2662812010385 2540.179349093698 1087.8879755754024 13.988487477879973 2.582354260608553 978.8706553960219 188.61613222211599 297.90081837866455 41.603750017471611 4.374858282506465 43.913907060399652 40.96334084123373
leaf_count=30616 39103 113498 117228 21564 8459 1459 35 8418 11056 15581 2224 49 1775 1735
internal_value=-9.66669e-05 -0.0038282 -0.00303412 0.00169512 0.00331937 -0.0075598 0.0504911 0.00199064 -0.008077 -0.000454038 0.0129455 0.0316423 0.0558078 0.0831528
internal_weight=13885 4504.35 4359.77 9380.66 6840.48 1876.5 16.5708 5752.59 1859.93 617.373 319.472 130.856 89.2521 45.3382
internal_count=372800 295256 264640 77544 55980 147412 1494 47521 145918 32420 16839 5783 3559 1784
is_linear=0
shrinkage=0.05


Tree=74
num_leaves=15
num_cat=0
split_feature=1 9 3 5 3 4 5 10 4 4 3 10 5 0
split_gain=34.8535 40.1947 34.0666 27.6536 23.538 23.168 20.6586 20.0315 42.5605 30.3414 24.1098 22.2227 45.1167 20.1428
threshold=16.500000000000004 1.0000000180025095e-35 5.9400000000000004 0.93819133592248416 117.91500000000001 -0.013089595571345017 0.80385686061721728 13.000000000000002 0.97387466162284198 0.82288656328208976 45.500000000000007 1.5000000000000002 -0.22707572263313966 1.0000000180025095e-35
decision_type=2 2 2 2 2 2 2 2 2 2 2 2 2 2
left_child=1 2 -1 4 7 -5 -2 9 -9 11 -10 12 -4 -13
right_child=6 -3 3 5 -6 -7 -8 8 10 -11 -12 13 -14 -15
leaf_value=-0.02327950602012023 0.0073536062781445199 0.00086892052299193841 -0.010361136567850638 0.034399597132592594 0.013886630562106575 -0.016297759037379633 -0.0099846985062304362 -4.1300996490136298e-05 0.038563725781869104 -0.017743523584463235 0.14677216335737017 -0.0061899374986449304 0.090066907628274559 0.022769272155876045
leaf_weight=248.38068888243288 1929.7862050295807 7942.6784755410627 28.257552819792181 81.012384023983032 158.69918338954449 31.219214346725494 188.59167263749987 327.24085408402607 25.29199361521751 552.87991004204378 6.4630990549921981 2275.7687122523785 18.507981690578163 61.673651456832886
leaf_count=51678 21986 69514 2345 4195 1524 1660 3085 7521 609 42493 91 161473 1199 3427
internal_value=-9.36119e-05 -0.00115724 -0.00537517 -0.00412845 -0.00492194 0.0202972 0.00581004 -0.00582753 0.00532162 -0.00719027 0.0605873 -0.00474305 0.0293844 -0.00542585
internal_weight=13876.5 11758.1 3815.4 3567.01 3454.78 112.232 2118.38 3296.08 358.996 2937.09 31.7551 2384.21 46.7655 2337.44
internal_count=372800 347729 278215 226537 220682 5855 25071 219158 8221 210937 700 168444 3544 164900
is_linear=0
shrinkage=0.05


Tree=75
num_leaves=15
num_cat=0
split_feature=11 10 2 3 3 2 1 10 4 3 6 1 3 3
split_gain=34.4001 23.3497 25.2711 74.2767 34.2867 33.3749 32.5409 23.1132 22.7897 21.8578 20.0554 21.5563 26.9009 25.4648
threshold=1.0000000180025095e-35 1.5000000000000002 1.3699999999999999 27.785000000000004 11.630000000000001 5.9900000000000011 1.5000000000000002 2.5000000000000004 -0.95566235021011103 12.060000000000002 4.5000000000000009 4.5000000000000009 3.7500000000000004 12.135000000000003
decision_type=2 2 2 2 2 2 2 2 2 2 2 2 2 2
left_child=1 8 3 6 5 -4 -3 -2 -1 -6 11 13 -13 -9
right_child=7 2 4 -5 9 -7 -8 10 -10 -11 -12 12 -14 -15
leaf_value=0.0542315027382127 -0.010544933026471193 -0.00819776431399683 -0.018805176793444549 0.067236360111751423 0.036656033139262509 0.039759986337217404 0.0064539447747173854 -0.0051641673913376722 0.006183429633566921 -0.0046158745475220831 -0.0016514639813590996 0.067666239098720396 0.0071568978756479402 0.0038838399808296988
leaf_weight=28.214760554488748 368.47657896671444 762.24965574685484 671.72871760651469 41.06492187641561 32.536914930678904 25.240689832251519 753.63814022764564 1048.1823091143742 196.92929442366585 2285.4358955500647 2398.1620756387711 18.521018369589001 2222.9386895280331 3012.7724731015041
leaf_count=696 17109 45589 41307 434 945 956 20177 52655 6596 44727 54857 1278 26383 59091
internal_value=-9.05986e-05 -0.00351486 -0.00428898 0.000883939 -0.00696034 -0.0166842 -0.000913527 0.00172065 0.0122048 -0.00403655 0.00224011 0.00372091 0.00765688 0.00154844
internal_weight=13866.1 4797.04 4571.89 1556.95 3014.94 696.969 1515.89 9069.05 225.144 2317.97 8700.58 6302.41 2241.46 4060.95
internal_count=372800 161427 154135 66200 87935 42263 65766 211373 7292 45672 194264 139407 27661 111746
is_linear=0
shrinkage=0.05


Tree=76
num_leaves=15
num_cat=0
split_feature=3 1 9 5 3 10 3 4 4 9 9 4 5 9
split_gain=32.1106 28.813 33.0597 22.7456 24.3579 20.5214 34.2744 30.4208 19.8963 19.872 29.0475 19.2125 24.3045 17.7511
threshold=2.9850000000000003 16.500000000000004 1.0000000180025095e-35 0.93819133592248416 16.465000000000003 1.5000000000000002 17.985000000000003 -0.84455963375842924 -0.013089595571345017 4.5000000000000009 2.5000000000000004 0.81284475016066593 0.058870663549117255 6.5000000000000009
decision_type=2 2 2 2 2 2 2 2 2 2 2 2 2 2
left_child=-1 2 3 4 -2 6 -6 -8 -5 10 -4 -3 -13 -11
right_child=1 11 9 8 5 -7 7 -9 -10 13 -12 12 -14 -15
leaf_value=-0.027279263305103885 -0.0098917103369104489 0.0039492042792495172 -0.00036525398245532907 0.029044821179318905 0.23313643820389598 -0.0023060996484175751 0.096215888809774164 -0.012032697273447338 -0.017045364054127009 -0.0031914065318768888 0.009915955521092687 0.0096745404289187136 0.048901528105472603 0.0028402794713487489
leaf_weight=107.72621624357998 1659.8128742077388 1912.9313293220475 1481.7536839284003 87.614902772009373 2.1108103208243874 1921.9067376898602 9.791582724079495 19.250302602536973 31.955062792636454 3150.8863129094243 1280.8794232774526 147.29945888090879 53.949929812923074 1990.2979795150459
leaf_count=17381 173531 21660 11038 4936 106 82497 289 1198 1866 28109 9526 1653 646 18364
internal_value=-8.74228e-05 0.000125608 -0.000849987 -0.00472823 -0.00543831 -0.00165357 0.0386027 0.0244637 0.0167272 0.000981446 0.00440157 0.0054952 0.0201903 -0.00085637
internal_weight=13858.2 13750.4 11636.3 3732.44 3612.87 1953.06 31.1527 29.0419 119.57 7903.82 2762.63 2114.18 201.249 5141.18
internal_count=372800 355419 331460 264423 257621 84090 1593 1487 6802 67037 20564 23959 2299 46473
is_linear=0
shrinkage=0.05


Tree=77
num_leaves=15
num_cat=0
split_feature=11 8 10 3 3 3 2 3 1 2 3 5 5 3
split_gain=30.8056 21.9849 35.616 28.4098 42.2721 74.1873 32.2779 29.5809 44.2651 28.3171 35.1142 28.5197 28.284 27.8078
threshold=1.0000000180025095e-35 1.0000000180025095e-35 9.5000000000000018 21.250000000000004 29.020000000000003 34.640000000000008 4.660000000000001 10.075000000000001 1.0000000180025095e-35 1.6299999999999975 33.965000000000011 -0.99851060265596125 0.12619896913582987 31.500000000000004
decision_type=2 2 2 2 2 2 2 2 2 2 2 2 2 2
left_child=-1 2 9 7 -5 -6 -7 8 -3 10 11 -2 -8 -13
right_child=1 3 -4 4 5 6 12 -9 -10 -11 -12 13 -14 -15
leaf_value=-0.003334321168936269 0.042368308325802934 -0.0031826798110101101 0.016405604078632289 0.015443117307815744 -0.015301993700772185 0.016117543583904211 -0.0038619592322499856 -0.0028680058448169489 0.022530269054981508 -0.0066655917663933362 -0.050290726978614746 0.0023863110088575392 0.016980122765796489 0.088892097657071026
leaf_weight=4776.5189698957838 49.009833945892751 349.6941432217136 251.59109530877322 973.57205449789762 443.19111752510071 673.57650985941291 635.1997116683051 2203.1392385605723 321.04093759972602 1980.9410009565763 29.373507951386273 933.18105351738632 218.86644145287573 9.3834182349964959
leaf_count=161427 848 21829 4909 13253 6296 6386 6910 48776 10036 54707 420 34749 2104 150
internal_value=-8.43692e-05 0.00162682 -0.00166481 0.00346743 0.0069192 0.00270848 0.00793357 -6.90503e-05 0.00912458 -0.00317931 0.00358512 0.00518109 0.00147912 0.00324749
internal_weight=13848.3 9071.76 3253.48 5818.28 2944.41 1970.83 1527.64 2873.87 670.735 3001.89 1020.95 991.574 854.066 942.564
internal_count=372800 211373 95783 115590 34949 21696 15400 80641 31865 90874 36167 35747 9014 34899
is_linear=0
shrinkage=0.05


Tree=78
num_leaves=15
num_cat=0
split_feature=3 6 7 10 9 10 1 5 4 5 0 2 10 4
split_gain=29.5473 27.8497 29.2958 31.1138 31.0216 27.2427 23.0111 22.0616 21.2108 28.7515 26.2815 20.6632 19.6243 21.6331
threshold=2.9850000000000003 4.5000000000000009 1.0000000180025095e-35 9.5000000000000018 1.0000000180025095e-35 16.000000000000004 1.5000000000000002 0.95037782124851555 0.66098293165790345 -0.66750613617984622 1.0000000180025095e-35 4.995000000000001 11.000000000000002 0.99474520680959266
decision_type=2 2 2 2 2 2 2 2 2 2 2 2 2 2
left_child=-1 2 3 4 6 8 7 -2 10 -10 -5 -7 -11 -14
right_child=1 -3 -4 5 -6 11 -8 -9 9 12 -12 -13 13 -15
leaf_value=-0.026560999138965109 -0.012351710527581461 -0.0035482916059506745 0.0062829447402215416 0.01138734481575702 0.0010076185818256435 -0.012169528205370461 -0.00052811805971269058 0.032410745402746764 0.087193885786026756 -0.0039655463685891968 -0.025702675059308084 0.02514422998928206 0.02474751154441187 0.092245442195029059
leaf_weight=104.55501196789555 1095.224198628217 3758.3573756539263 2425.1604347601533 545.02942878333852 4476.3946300605312 220.0631445045583 909.48122955625877 28.236092122737318 18.235097446013242 53.131779341958463 52.348690091166645 44.626023611519486 96.90256476495415 13.527923583984373
leaf_count=17381 109171 100794 47995 7574 36226 2777 44909 2071 219 886 752 626 1229 190
internal_value=-8.14955e-05 0.000120049 0.00150173 -3.34052e-05 -0.0013185 0.00798019 -0.00644045 -0.0112267 0.012688 0.0276422 0.00813712 -0.00587851 0.0210029 0.0330161
internal_weight=13841.3 13736.7 9978.36 7553.2 6509.34 1043.86 2032.94 1123.46 779.175 181.797 597.378 264.689 163.562 110.43
internal_count=372800 355419 254625 206630 192377 14253 156151 111242 10850 2524 8326 3403 2305 1419
is_linear=0
shrinkage=0.05


Tree=79
num_leaves=15
num_cat=0
split_feature=2 3 1 3 5 10 7 3 3 12 3 10 5 1
split_gain=27.9383 39.9572 31.4367 29.1354 25.6799 23.786 21.2753 33.464 29.5705 27.6531 51.5986 30.1537 28.0725 22.6253
threshold=1.6550000000000005 21.890000000000004 1.5000000000000002 4.0750000000000011 0.99280730429812436 1.5000000000000002 1.0000000180025095e-35 27.135000000000002 32.845000000000006 1.0000000180025095e-35 35.45000000000001 9.5000000000000018 0.46947156278589108 11.500000000000002
decision_type=2 2 2 2 2 2 2 2 2 2 2 2 2 2
left_child=1 2 4 5 -1 -2 -5 -8 -9 10 -10 13 -13 -11
right_child=3 -3 -4 6 -6 -7 7 8 9 11 -12 12 -14 -15
leaf_value=-0.0047820433260494068 0.14739541518953844 0.010926287739030066 0.0050162408177637603 -0.002739552228177039 0.10366690465273834 -0.025343543680024158 0.0089498003653003168 -0.019968136686044718 -0.054538373363370231 0.010081550546973893 0.0078321407147864345 -0.008686025227334207 0.031510955822743485 0.046368931696045189
leaf_weight=1727.1456295123789 2.0189929213374844 1199.3848392954096 1784.2688647557516 6694.0247160578147 5.4759239307604721 154.09212218457833 1131.6045873211697 213.47708844486624 60.450790425762534 291.1661651134491 73.453131536021829 398.00333248451352 48.755093418061733 50.390053387731314
leaf_count=99906 342 13824 42354 158026 359 19033 26029 3926 1076 3137 823 3218 474 273
internal_value=-7.86667e-05 0.00304552 0.000357904 -0.00169475 -0.00443929 -0.0231095 -0.00132169 0.00286442 -0.00319904 0.000682701 -0.020325 0.00425108 -0.0042993 0.0154351
internal_weight=13833.7 4716.28 3516.89 9117.44 1732.62 156.111 8961.32 2267.3 1135.7 922.219 133.904 788.315 446.758 341.556
internal_count=372800 156443 142619 216357 100265 19375 196982 38956 12927 9001 1899 7102 3692 3410
is_linear=0
shrinkage=0.05


Tree=80
num_leaves=15
num_cat=0
split_feature=3 6 1 3 2 3 4 3 8 10 4 10 12 3
split_gain=26.2574 25.1707 24.6964 32.4721 30.4509 22.5426 21.8974 30.2884 17.9427 17.3294 18.0938 15.7877 15.7028 15.115
threshold=2.9850000000000003 4.5000000000000009 4.5000000000000009 12.060000000000002 8.0250000000000021 3.7500000000000004 0.68359067519442884 117.91500000000001 1.0000000180025095e-35 4.5000000000000009 0.64445579466475156 1.5000000000000002 1.0000000180025095e-35 18.995000000000001
decision_type=2 2 2 2 2 2 2 2 2 2 2 2 2 2
left_child=-1 2 3 -2 5 9 7 13 -8 10 -4 -5 -6 -7
right_child=1 -3 4 11 12 6 8 -9 -10 -11 -12 -13 -14 -15
leaf_value=-0.025552330806695063 -0.0063674782418575706 -0.0033834779408156591 -0.022438908628862358 0.023422745896431459 -0.034234366522814662 0.00046998545102467553 0.0033761813440393038 0.074201698173618755 0.024346488618237547 0.084966193282029714 0.20378817440494135 0.001314661334264179 -0.0036885990923168897 0.0076890219870484749
leaf_weight=100.4044312145561 1699.7934625796042 3747.6217201522086 8.8034511758014542 82.199801789596677 68.454931183252484 1703.4391540866345 169.15502938395366 15.24437567591667 256.95366474986076 15.778924270998687 0.98249621759168881 4586.4077694825828 109.17793495301157 1262.4733193013817
leaf_count=17381 103890 100794 888 1619 778 29711 2756 76 3075 895 117 98778 1070 10972
internal_value=-7.60083e-05 0.000110342 0.00142247 -0.000450424 0.00472601 0.00577055 0.00541958 0.00390417 0.0160218 0.052547 0.000273992 0.00170392 -0.0154601 0.00354285
internal_weight=13826.9 13726.5 9978.86 6368.4 3610.46 3432.83 3407.27 2981.16 426.109 25.5649 9.78595 4668.61 177.633 2965.91
internal_count=372800 355419 254625 204287 50338 48490 46590 40759 5831 1900 1005 100397 1848 40683
is_linear=0
shrinkage=0.05


Tree=81
num_leaves=15
num_cat=0
split_feature=2 3 1 3 5 5 9 4 5 4 10 3 2 2
split_gain=25.6177 34.591 27.1594 25.9489 21.2155 20.6471 20.6606 26.6337 68.141 25.4758 45.9153 46.9427 25.2912 22.1246
threshold=1.6550000000000005 21.890000000000004 1.5000000000000002 4.0750000000000011 0.99280730429812436 -0.99993812531908899 1.0000000180025095e-35 -0.7117179123887335 -0.6962244151503385 -0.90352021490211409 9.5000000000000018 16.975000000000005 1.5849999999999993 1.5449999999999993
decision_type=2 2 2 2 2 2 2 2 2 2 2 2 2 2
left_child=1 2 4 -2 5 -1 7 8 -7 -10 -11 13 -9 -12
right_child=3 -3 -4 -5 -6 6 -8 12 9 10 11 -13 -14 -15
leaf_value=0.058056457021754708 -0.022173161457835992 0.010221980250659677 0.0047176235688543202 -0.0012763004617817777 0.089691816056194459 0.38868433868987712 -0.00034843037432620084 -0.018825916346545141 -0.012851795360285911 0.014478759550826304 0.019313971805575144 0.51329297208424174 0.2204504977471291 0.36079505784275523
leaf_weight=13.128400498069821 151.06569666787982 1206.1860853750259 1791.1215412882157 8950.4093131059781 6.0109948487952343 1.1385593945160497 1013.4257364328951 469.49880766472779 132.09202631097287 80.783734789583832 2.1551669454202056 0.88275787234306324 1.1069623171351839 0.60818701842799772
leaf_count=488 19375 13824 42354 196982 359 147 13822 58732 15924 10089 432 16 139 117
internal_value=-7.31806e-05 0.00291676 0.000407772 -0.00162315 -0.00407812 -0.00440682 -0.00488871 -0.011574 0.00288862 0.000859949 0.0223122 0.195871 -0.0182631 0.0944706
internal_weight=13819.6 4718.14 3511.95 9101.48 1720.83 1714.82 1701.69 688.266 217.66 216.522 84.4298 3.64611 470.606 2.76335
internal_count=372800 156443 142619 216357 100265 99906 99418 85596 26725 26578 10654 565 58871 549
is_linear=0
shrinkage=0.05


Tree=82
num_leaves=15
num_cat=0
split_feature=11 10 10 2 3 3 2 1 10 3 9 9 4 9
split_gain=24.6202 20.4477 18.4035 21.6128 61.9713 28.1013 29.7846 24.6982 23.1325 19.6242 19.0308 21.8267 18.7964 18.7441
threshold=1.0000000180025095e-35 2.5000000000000004 1.5000000000000002 1.3699999999999999 27.785000000000004 11.630000000000001 9.8700000000000028 1.5000000000000002 2.5000000000000004 12.060000000000002 4.5000000000000009 6.5000000000000009 -0.95566235021011103 6.5000000000000009
decision_type=2 2 2 2 2 2 2 2 2 2 2 2 2 2
left_child=2 -2 12 4 7 6 8 -4 -5 -7 -9 -12 -1 -14
right_child=1 -3 3 5 -6 9 -8 10 -10 -11 11 -13 13 -15
leaf_value=0.048362052918353944 -0.01014559882877839 0.0019406414044397515 -0.0070566148859204716 -0.0022464056399986196 0.060621810110766096 0.034615655184546769 0.068275959087892038 0.013016768573960275 -0.022664272604514285 -0.0041176604527373819 -0.011104723961087927 0.01624700973722747 -0.0016715917033761987 0.038994376542475187
leaf_weight=29.181285806000233 364.60169076290913 8706.7232243386097 743.42256768117659 198.37101559527218 42.535401534289122 33.179771827533841 10.519722281955181 412.80246513918974 461.32883321447298 2266.7212370485067 242.35430832672864 104.34086566604674 163.52691526873969 34.275481062009931
leaf_count=696 17109 194264 45589 13013 434 945 358 16968 28892 44727 2305 904 6435 161
internal_value=-7.13982e-05 0.00145486 -0.00299075 -0.00368907 0.00110636 -0.0061843 -0.0151936 -0.000578037 -0.0165246 -0.00355887 0.00576342 -0.00287299 0.0109015 0.00537507
internal_weight=13813.9 9071.32 4742.56 4515.58 1545.46 2970.12 670.22 1502.92 659.7 2299.9 759.498 346.695 226.984 197.802
internal_count=372800 211373 161427 154135 66200 87935 42263 65766 41905 45672 20177 3209 7292 6596
is_linear=0
shrinkage=0.05


Tree=83
num_leaves=15
num_cat=0
split_feature=1 9 3 4 5 12 0 1 6 2 8 5 5 5
split_gain=24.0174 24.078 25.7685 22.213 29.5571 19.808 20.5652 26.2952 19.4794 18.5284 17.841 17.1186 16.8798 15.728
threshold=52.500000000000007 1.0000000180025095e-35 3.225000000000001 0.5428067531915105 -0.047978128521344234 1.0000000180025095e-35 1.0000000180025095e-35 20.500000000000004 3.5000000000000004 0.99500000000000111 1.0000000180025095e-35 0.83985479045490841 -0.99946220892790427 0.42853991835487659
decision_type=2 2 2 2 2 2 2 2 2 2 2 2 2 2
left_child=1 2 -1 8 -5 6 10 -8 13 12 -4 -2 -7 -3
right_child=11 3 5 4 -6 9 7 -9 -10 -11 -12 -13 -14 -15
leaf_value=-0.025731436392753673 0.01517253321436355 0.0034498713627809097 -0.012770214595559297 0.0031587222207466767 0.02031329662938635 0.077014223750948241 0.023629517330509987 0.20773644351645004 -0.0032396223351144936 -0.00094005043378103626 -0.0026492764886285134 -0.028610524082386676 0.01285589623569767 -0.004588042654454662
leaf_weight=126.54916793736629 352.07507056090981 3395.2252158634365 816.2116286708042 1613.6571537200361 297.37050829082727 11.1923217959702 13.988160070963206 2.2516232579946509 3086.7612818842754 2272.8123904559761 933.35168464807793 23.83674155222252 122.00530264014378 741.50884545501322
leaf_count=30375 3993 28090 74812 13214 2095 95 1459 24 26294 110286 69554 462 5505 6542
internal_value=-6.88972e-05 -0.000417727 -0.00350366 0.0010344 0.00582811 -0.0028294 -0.00685106 0.0491557 -0.00023381 0.000122151 -0.00737093 0.0123962 0.018247 0.00200908
internal_weight=13808.8 13432.9 4298.36 9134.52 1911.03 4171.81 1765.8 16.2398 7223.5 2406.01 1749.56 375.912 133.198 4136.73
internal_count=372800 368345 292110 76235 15309 261735 145849 1483 60926 115886 144366 4455 5600 34632
is_linear=0
shrinkage=0.05


Tree=84
num_leaves=15
num_cat=0
split_feature=1 3 2 3 3 2 3 4 5 4 9 9 5 5
split_gain=22.7928 28.6547 22.8152 51.1549 60.1761 36.7555 30.725 31.648 27.9883 26.0555 22.5085 30.2388 22.6232 20.0735
threshold=10.500000000000002 3.225000000000001 0.99500000000000111 27.385000000000002 25.950000000000003 0.6900000000000005 11.960000000000003 -0.99771148674921373 -0.15212338618991647 0.5094157245188784 2.5000000000000004 4.5000000000000009 0.88191916553215621 0.80385686061721728
decision_type=2 2 2 2 2 2 2 2 2 2 2 2 2 2
left_child=1 -1 3 4 5 6 -3 -8 -7 -5 12 -12 -4 -2
right_child=13 2 10 9 -6 8 7 -9 -10 -11 11 -13 -14 -15
leaf_value=-0.019082153816472394 0.004850672578865625 -0.0057892865488153181 -0.004912534950932297 -0.028146187415507021 0.07293210983485382 0.050281157259744573 0.10169415081192229 0.015922736815716477 0.22239915563035526 0.015687125638469752 0.0081319895168870324 -0.0011801719694299361 0.012433474545257851 -0.0093798158684693499
leaf_weight=218.91423445567489 2916.4588584196754 215.13154001208022 4128.4550563641824 123.5826236018911 41.777364982292056 8.6299843788146955 11.207343199290333 266.3359491173178 3.251915260218083 46.718881981447339 1096.3438082560897 4255.9648995436728 196.9397319718264 270.82413277262822
leaf_count=34610 34326 12510 220744 1896 338 540 212 6052 178 786 7790 38066 10228 4524
internal_value=-6.64519e-05 -0.00117999 -0.000802958 0.0078054 0.0152638 0.0104888 0.00839308 0.0193862 0.0973875 -0.0161214 -0.00144041 0.000727291 -0.00412275 0.0036415
internal_weight=13800.5 10613.3 10394.3 716.636 546.334 504.557 492.675 277.543 11.8819 170.302 9677.7 5352.31 4325.39 3187.28
internal_count=372800 333950 299340 22512 19830 19492 18774 6264 718 2682 276828 45856 230972 38850
is_linear=0
shrinkage=0.05


Tree=85
num_leaves=15
num_cat=0
split_feature=6 7 10 9 3 5 10 4 2 4 2 3 3 2
split_gain=22.1169 22.4892 27.2811 29.746 26.5614 28.8513 23.1487 22.5622 21.7404 34.1073 20.157 19.4356 18.2731 18.1872
threshold=4.5000000000000009 1.0000000180025095e-35 9.5000000000000018 5.5000000000000009 33.965000000000011 -0.98734235357768474 16.000000000000004 0.85716730070211244 0.99500000000000111 -0.99894830403340407 4.660000000000001 5.9400000000000004 13.995000000000003 4.995000000000001
decision_type=2 2 2 2 2 2 2 2 2 2 2 2 2 2
left_child=1 2 3 4 8 -6 -4 -5 9 12 -7 -3 -1 -8
right_child=-2 11 6 7 5 10 13 -9 -10 -11 -12 -13 -14 -15
leaf_value=-0.0047399990697762568 -0.0033370662075401475 -0.010067895203010241 0.011584379731907133 0.0031108975008056748 0.056015595408071189 0.014362994531272861 -0.011557138877482337 0.024168172359039689 -0.0050649283331104609 0.0045040048407861679 -0.0087863110252876034 0.0065999878647045318 0.12087334398761709 0.023213293922328408
leaf_weight=4.0938651913311324 3756.6424169884995 189.49926070612855 786.98301893426105 1116.2260596649721 30.228799859061837 241.11313737835735 217.61029390245676 143.57035186234862 4467.0028295088559 360.68953906651586 154.15692243818194 2269.3444416355342 9.8883729856461269 45.466026702895761
leaf_count=279 105846 13358 10850 9415 498 3673 2777 1125 167069 16501 2996 37617 170 626
internal_value=-6.45025e-05 0.00116049 -0.000187841 -0.00139122 -0.003042 0.00893521 0.00729213 0.00551065 -0.00409459 0.00747423 0.00533467 0.00531542 0.084095 -0.00554796
internal_weight=13792.5 10035.9 7577.03 6526.97 5267.17 425.499 1050.06 1259.8 4841.67 374.672 395.27 2458.84 13.9822 263.076
internal_count=372800 266954 215979 201726 191186 7167 14253 10540 184019 16950 6669 50975 449 3403
is_linear=0
shrinkage=0.05


Tree=86
num_leaves=15
num_cat=0
split_feature=2 3 1 3 6 8 3 5 10 4 5 3 8 5
split_gain=21.8065 27.9939 21.7794 21.0321 19.0125 19.2632 21.3833 22.7597 18.3783 17.7667 17.0907 16.9668 26.6089 16.7861
threshold=1.6550000000000005 21.250000000000004 1.5000000000000002 9.2250000000000014 4.5000000000000009 1.0000000180025095e-35 10.075000000000001 0.42853991835487659 13.000000000000002 0.85149619467482773 0.99280730429812436 12.315000000000003 1.0000000180025095e-35 -0.99993812531908899
decision_type=2 2 2 2 2 2 2 2 2 2 2 2 2 2
left_child=1 2 10 8 -5 -6 7 -7 -2 -10 13 -4 -13 -1
right_child=3 -3 11 4 5 6 -8 -9 9 -11 -12 12 -14 -15
leaf_value=0.05067014439014092 -0.010965905924678367 0.0092341212454929485 0.0088492074517205112 0.00066530684008592493 -0.010904324745521794 0.011278823584758344 -0.0025920620265183375 0.082840519501098567 0.0072415967068996945 0.1092959925224055 0.076594109779051914 0.011509459585636494 -0.0072125491948288184 -0.004391742511503466
leaf_weight=13.956433761399238 712.4260966219008 1215.1131007485092 950.75547945150174 6095.5258851251565 806.29897847026587 52.510884595569223 1367.1889133071527 14.092672549188135 14.728837867733093 6.0027057165279976 6.6136698070913544 286.80559545848519 561.03248665481806 1682.5933211583178
leaf_count=488 53104 13887 31073 116494 18956 1306 25356 299 684 158 359 3889 7381 99366
internal_value=-6.22304e-05 0.00269515 0.000426118 -0.0014964 -0.000782292 -0.00472136 -0.00124435 0.0264206 -0.00961548 0.0367909 -0.00362606 0.0042633 -0.000879292 -0.00393878
internal_weight=13785.6 4716.87 3501.76 9068.77 8335.62 2240.09 1433.79 66.6036 733.158 20.7315 1703.16 1798.59 847.838 1696.55
internal_count=372800 156443 142556 216357 162411 45917 26961 1605 53946 842 100213 42343 11270 99854
is_linear=0
shrinkage=0.05


Tree=87
num_leaves=15
num_cat=0
split_feature=1 11 10 9 10 2 3 2 4 2 5 3 5 5
split_gain=20.8606 20.0407 20.0781 16.6402 15.8117 24.2569 22.8289 20.3781 15.9021 15.6995 14.941 14.7273 14.3811 25.6226
threshold=52.500000000000007 1.0000000180025095e-35 2.5000000000000004 1.0000000180025095e-35 5.5000000000000009 5.9900000000000011 12.995000000000003 0.99500000000000111 -0.99708375941630667 6.9700000000000015 0.83985479045490841 33.965000000000011 -0.90905222235081207 -0.87985392543367547
decision_type=2 2 2 2 2 2 2 2 2 2 2 2 2 2
left_child=1 4 3 -3 12 6 -6 -8 -7 -10 -2 -9 -1 -14
right_child=10 2 -4 -5 5 8 7 11 9 -11 -12 -13 13 -15
leaf_value=-0.0083201104053347921 0.014053082455941435 -0.020662902740483362 0.0014924627782613657 0.0011504654731596955 -0.030750427185330637 -0.039585548518037916 0.04099417414918255 -0.0060800023795697395 0.05682734944456326 0.0085662502979625341 -0.027400521296563264 -0.024165609423694858 0.024300243690069348 -0.0009404277972157347
leaf_weight=639.33010726119392 355.27784247882664 191.22455354174599 8470.4715476788115 161.06991120055318 134.23246718640439 14.220019710250197 20.380528124049306 558.32858062535524 20.003903277218342 106.92078527156264 23.153308673296124 140.9870767313987 104.23413481377065 2841.064806427341
leaf_count=24281 3993 15817 191801 1157 12153 121 373 9439 197 1666 462 1824 3414 106102
internal_value=-6.00887e-05 -0.000386974 0.00100602 -0.0106898 -0.00307058 -0.00864673 -0.0118205 -0.00828988 0.0105549 0.0161724 0.0115169 -0.00972619 -0.00152267 -4.71604e-05
internal_weight=13780.9 13402.5 8822.77 352.294 4579.7 995.073 853.929 719.696 141.145 126.925 378.431 699.316 3584.63 2945.3
internal_count=372800 368345 208775 16974 159570 25773 23789 11636 1984 1863 4455 11263 133797 109516
is_linear=0
shrinkage=0.05


Tree=88
num_leaves=15
num_cat=0
split_feature=1 9 3 4 10 3 9 2 9 6 4 5 5 4
split_gain=19.9307 24.1634 24.1023 19.3794 38.317 22.0821 18.2679 22.9425 19.4778 17.9407 16.2833 19.0047 16.1513 20.426
threshold=16.500000000000004 1.0000000180025095e-35 3.225000000000001 0.82288656328208976 13.000000000000002 117.91500000000001 4.5000000000000009 0.99500000000000111 2.5000000000000004 1.0000000180025095e-35 0.99474520680959266 -0.093673685591813508 0.95037782124851555 0.03271900495616191
decision_type=2 2 2 2 2 2 2 2 2 2 2 2 2 2
left_child=1 2 -1 5 -5 12 7 -3 9 -9 -6 -12 -4 -14
right_child=-2 6 3 4 10 -7 -8 8 -10 -11 11 -13 13 -15
leaf_value=-0.027177005564128116 0.0043763418437389222 0.023088881438033365 -0.0034501008938932795 -0.016413058282171145 0.0066089004700492313 0.018159041166487724 -0.0010754433858315927 0.011176539277033548 0.0075029567237276749 -0.0037254340177695178 0.13906953118930609 0.029045740031573664 0.029265368051574082 -0.021444486173629065
leaf_weight=110.7506297880318 2140.3458544523455 148.3323709256947 2703.9873624779284 556.94196527730674 81.047482757363468 132.86027690768242 5151.1128971269354 244.49355676025152 1218.7535466458648 1161.3187216194347 5.1750639751553562 16.247040250338614 78.878753611352295 26.539663413539529
leaf_count=29177 25071 1248 192686 47075 1863 1222 48265 1888 9202 8911 81 410 4228 1473
internal_value=-5.79576e-05 -0.000873579 -0.00420234 -0.00349587 -0.0112432 -0.00175957 0.000685957 0.00395805 0.00287683 -0.00113374 0.0168561 0.0556248 -0.00270155 0.0164989
internal_weight=13776.8 11636.4 3712.43 3601.68 659.412 2942.27 7924.01 2772.9 2624.57 1405.81 102.47 21.4221 2809.41 105.418
internal_count=372800 347729 278215 249038 49429 199609 69514 21249 20001 10799 2354 491 198387 5701
is_linear=0
shrinkage=0.05


Tree=89
num_leaves=15
num_cat=0
split_feature=2 3 2 1 3 3 10 3 4 4 3 10 1 11
split_gain=19.5248 24.833 41.6969 28.1996 19.8003 19.1303 19.5607 18.9699 19.2613 34.3263 18.5779 17.833 26.089 19.8669
threshold=1.6550000000000005 53.235000000000007 1.6299999999999975 1.5000000000000002 48.340000000000011 7.0150000000000015 14.500000000000002 7.3500000000000014 -0.79863551004729283 -0.8051507324423498 3.7500000000000004 1.5000000000000002 1.5000000000000002 1.0000000180025095e-35
decision_type=2 2 2 2 2 2 2 2 2 2 2 2 2 2
left_child=1 2 3 4 5 -1 7 -7 9 -9 -2 12 -12 -13
right_child=10 -3 -4 -5 -6 6 -8 8 -10 -11 11 13 -14 -15
leaf_value=-0.011765671529786555 -0.027278653091699492 0.020358807598226579 0.1730760778050483 0.0055730421482520325 -0.063843006775514244 0.10291880422692577 0.06998826945212798 0.0051217963742873594 -0.0037811499818340521 0.074091744029207846 0.038149596353549087 -0.0049194757160794184 -0.0085609786761942537 0.00015084498586513613
leaf_weight=406.37839629082009 68.907085626618937 187.98021340370178 3.5511896298266938 2293.2055487481412 13.001756219193338 4.4532289924100033 9.9956469899043423 519.1013235906139 1262.2656046133488 18.689954363740981 68.62049511494115 2846.6491835422348 52.966149296145886 6012.6077778525651
leaf_count=44419 11946 1089 140 45884 311 308 129 17071 46712 380 1937 77771 723 123980
internal_value=-5.61671e-05 0.00255138 0.00181254 0.00167819 -0.00232008 -0.00195991 0.0002362 -0.000150175 -0.000405161 0.00751872 -0.00141577 -0.00121733 0.0178013 -0.00147835
internal_weight=13768.4 4718.62 4530.64 4527.09 2233.89 2220.88 1814.51 1804.51 1800.06 537.791 9049.75 8980.84 121.587 8859.26
internal_count=372800 156443 155354 155214 109330 109019 64600 64471 64163 17451 216357 204411 2660 201751
is_linear=0
shrinkage=0.05


Tree=90
num_leaves=15
num_cat=0
split_feature=6 7 10 9 3 5 4 10 10 10 2 10 4 8
split_gain=18.2715 19.9174 23.6228 26.8336 23.6585 25.3864 20.1299 18.9551 18.6444 35.5069 23.6645 27.0762 23.6147 21.2343
threshold=4.5000000000000009 1.0000000180025095e-35 9.5000000000000018 5.5000000000000009 33.965000000000011 -0.98734235357768474 0.85716730070211244 16.000000000000004 5.5000000000000009 4.5000000000000009 0.99500000000000111 2.5000000000000004 -0.99930993162990922 1.0000000180025095e-35
decision_type=2 2 2 2 2 2 2 2 2 2 2 2 2 2
left_child=1 2 3 4 8 -6 -5 -4 9 10 11 -1 -13 -11
right_child=-2 -3 7 6 5 -7 -8 -9 -10 13 -12 12 -14 -15
leaf_value=-0.008109240550370397 -0.003039670214938403 0.0049635784635375744 0.010560551816277013 0.00292830524706927 0.051989511282442502 0.0049615254118383929 0.022712703238483119 -0.0049722031332020255 -0.0088074421719748011 -0.0017123355585883908 -0.0055173252392369601 0.10847363148948271 0.020250855890165086 0.018279903058280918
leaf_weight=107.11507444735616 3734.5916615775786 2462.1904996768571 795.06421879678965 1117.5195513973013 30.940964655019343 395.5923767387867 145.28394363634288 260.85452886391431 1386.0639816848561 230.90846758871339 2646.0051045066211 8.0572751320432854 129.43088375777006 312.65465830103494
leaf_count=8031 105846 50975 10850 9415 498 6669 1125 3403 40604 9714 112183 135 5595 7757
internal_value=-5.43485e-05 0.00105747 -0.000213774 -0.00133904 -0.00291395 0.00837296 0.00520448 0.00672333 -0.00391271 -0.00193715 -0.00414183 0.0107377 0.025421 0.0097871
internal_weight=13762.3 10027.7 7565.49 6509.57 5246.77 426.533 1262.8 1055.92 4820.24 3434.17 2890.61 244.603 137.488 543.563
internal_count=372800 266954 215979 201726 191186 7167 10540 14253 184019 143415 125944 13761 5730 17471
is_linear=0
shrinkage=0.05


Tree=91
num_leaves=15
num_cat=0
split_feature=2 3 1 3 3 4 10 2 4 3 2 3 10 3
split_gain=17.9572 25.8532 23.5741 22.7648 24.5679 42.5713 23.546 22.3437 19.3565 18.7713 28.17 18.0032 16.9238 25.0036
threshold=1.2899999999999989 53.895000000000003 1.5000000000000002 31.500000000000004 25.615000000000006 -0.98664098404873146 6.5000000000000009 0.52000000000000146 -0.41667649009683366 7.0150000000000015 1.2349999999999997 2.9850000000000003 1.5000000000000002 8.9950000000000028
decision_type=2 2 2 2 2 2 2 2 2 2 2 2 2 2
left_child=1 2 3 4 9 -6 -7 -5 -3 10 -1 -2 13 -13
right_child=11 8 -4 7 5 6 -8 -9 -10 -11 -12 12 -14 -15
leaf_value=-0.012604084046183239 -0.0300787876884137 0.044797670008771329 0.0054699541286282244 -0.039297129588133375 0.088019738901025379 0.01888498415574236 -0.039803043123404672 0.012756599693787431 0.0090940848881819556 0.00031463967446222692 0.25606727306781346 0.12635787041006982 -0.0013893912032510248 0.012598985560630419
leaf_weight=393.32824590080418 54.057406233157963 59.462530557066202 2176.0926337109413 74.365304116159678 19.578795691020787 94.638015696778893 20.857214795425534 28.522253999486566 104.98550136387348 1508.7305410481058 0.97805389994755287 5.0352007485926142 9097.5872835137416 118.67894836282358
leaf_count=43112 9901 280 43607 1384 219 1808 261 789 625 57238 123 573 210647 2233
internal_value=-5.25894e-05 0.00254626 0.00180506 -0.0019199 -0.000761495 0.0198438 0.00828655 -0.0248669 0.0220041 -0.00222402 -0.0119377 -0.00130826 -0.0011396 0.017229
internal_weight=13756.9 4481.54 4317.09 2141 2038.11 135.074 115.495 102.888 164.448 1903.04 394.306 9275.36 9221.3 123.714
internal_count=372800 149446 148541 104934 102761 2288 2069 2173 905 100473 43235 223354 213453 2806
is_linear=0
shrinkage=0.05


Tree=92
num_leaves=15
num_cat=0
split_feature=1 2 3 3 2 5 4 3 4 4 9 4 5 3
split_gain=17.7696 16.8687 38.5998 53.1484 30.8453 28.1051 22.247 22.2022 22.8884 21.6826 18.7423 20.4192 30.3953 19.8
threshold=52.500000000000007 0.99500000000000111 27.385000000000002 25.950000000000003 0.51499999999999979 0.4403299185040393 -0.81664155516167869 11.960000000000003 -0.99771148674921373 0.5094157245188784 1.0000000180025095e-35 0.41270604763485824 -0.047978128521344234 4.0750000000000011
decision_type=2 2 2 2 2 2 2 2 2 2 2 2 2 2
left_child=1 2 3 4 7 -6 -7 -1 -9 -4 13 -12 -13 -3
right_child=-2 10 9 -5 5 6 -8 8 -10 -11 11 12 -14 -15
leaf_value=-0.004867988177634586 0.010593704134579241 -0.022596143336520366 -0.024697292651446125 0.061125723832926672 0.033122560809335892 0.23252084653626948 0.032481029758454565 0.076237171331285575 0.011256429518323691 0.013140182521713228 -0.0009089622186583638 0.0023773323984615548 0.019934944911463141 -0.003030027174415497
leaf_weight=294.73969076829962 381.19866653066128 133.88930801232345 133.54833840113133 50.326996570453048 34.327161158667877 3.4638281301595271 2.3213367583230129 14.172446477226911 309.2867626613006 52.84426283556968 6476.9596917321905 1807.0504409186542 285.4351097010076 3771.7760787243024
leaf_count=20045 4455 33093 1959 366 1523 93 168 222 6129 812 54423 14773 2003 232736
internal_value=-5.08711e-05 -0.000354361 0.00627613 0.0116015 0.00781539 0.0503041 0.152254 0.00505847 0.0141036 -0.01397 -0.000830068 0.000478302 0.00477236 -0.00370077
internal_weight=13751.3 13370.1 895.031 708.638 658.311 40.1123 5.78516 618.199 323.459 186.393 12475.1 8569.45 2092.49 3905.67
internal_count=372800 368345 31317 28546 28180 1784 261 26396 6351 2771 337028 71199 16776 265829
is_linear=0
shrinkage=0.05


Tree=93
num_leaves=15
num_cat=0
split_feature=2 3 5 4 10 9 5 5 10 7 4 9 9 1
split_gain=17.5485 24.2677 24.241 20.6688 24.5913 20.3031 21.9464 19.8655 29.4568 21.168 16.4805 16.3694 47.8456 28.2533
threshold=22.265000000000004 45.500000000000007 -0.95172615796921589 0.99474520680959266 11.000000000000002 6.5000000000000009 0.4539904997395468 -0.87355785710609635 9.5000000000000018 1.0000000180025095e-35 0.94762689235065267 4.5000000000000009 2.5000000000000004 1.5000000000000002
decision_type=2 2 2 2 2 2 2 2 2 2 2 2 2 2
left_child=1 5 -3 4 7 11 10 8 -4 -9 -7 12 13 -1
right_child=-2 2 3 -5 -6 6 -8 9 -10 -11 -12 -13 -14 -15
leaf_value=-0.005489323636938874 -0.018569397144705509 -0.011880770874733578 0.022384632615078767 0.062669643021545207 -1.0620713607333591e-05 0.0045403395339532722 -0.0086845622485800314 0.00062303681596197029 0.097484457714038367 0.021830725882353616 0.02277114692172005 -0.0042685627531001856 0.0085180442244841992 0.0016792030730156532
leaf_weight=2893.0378572852351 126.72842849604785 146.67971040122211 53.761100850999355 18.210523201152682 431.72078850492835 1775.0637401584536 302.38529824558645 214.23105531185865 17.245641719549894 261.02069618552923 133.27254809439182 3433.2403198061511 1318.9262829404324 2618.677463917993
leaf_count=211945 1619 1333 406 201 3620 16718 2926 2365 129 1903 1191 30728 10123 87593
internal_value=-4.93815e-05 0.000122972 0.00709647 0.0098907 0.00890792 -0.000515911 0.00383046 0.0159565 0.0406244 0.0122709 0.00581353 -0.00145207 -3.64325e-05 -0.00208348
internal_weight=13744.2 13617.5 1142.87 996.19 977.979 12474.6 2210.72 546.258 71.0067 475.252 1908.34 10263.9 6830.64 5511.72
internal_count=372800 371181 9957 8624 8423 361224 20835 4803 535 4268 17909 340389 309661 299538
is_linear=0
shrinkage=0.05


Tree=94
num_leaves=15
num_cat=0
split_feature=6 7 10 9 3 5 2 4 10 10 10 9 9 9
split_gain=16.4229 17.706 21.4425 22.6606 21.5413 22.9401 17.9073 17.3901 18.7433 16.9346 32.3062 19.8437 19.765 20.0086
threshold=4.5000000000000009 1.0000000180025095e-35 9.5000000000000018 5.5000000000000009 33.965000000000011 -0.98734235357768474 4.660000000000001 0.99959545790613524 16.000000000000004 5.5000000000000009 4.5000000000000009 2.5000000000000004 4.5000000000000009 2.5000000000000004
decision_type=2 2 2 2 2 2 2 2 2 2 2 2 2 2
left_child=1 2 3 4 9 -6 -7 8 -4 10 12 -12 13 -1
right_child=-2 -3 7 -5 5 6 -8 -9 -10 -11 11 -13 -14 -15
leaf_value=-0.0036672973676452705 -0.0028841466058656473 0.0046860914326417305 0.0094387065561970934 0.0047228831766545302 0.049112935578976849 0.013225831388145919 -0.0086025548744660101 0.061893486669148505 -0.0062222233767622575 -0.0083722251777247955 0.00085872393612578066 0.020050012564334696 -0.01037988752017022 0.0089366381435250705
leaf_weight=1648.3617262879852 3720.956080789445 2464.2916631603148 792.69149700412527 1268.8628275245428 31.477740133181214 242.37540584616363 153.43543875869364 13.933882046490906 251.72084785299376 1374.600679684896 304.51669619651511 241.53269079141319 838.51200263295323 389.2325439248234
leaf_count=114848 105846 50975 10777 10540 498 3673 2996 137 3339 40604 15404 2067 8324 2772
internal_value=-4.77499e-05 0.00100602 -0.000194938 -0.00127064 -0.0027264 0.00803121 0.00476409 0.00640446 0.00566416 -0.00368468 -0.0018018 0.00934756 -0.00391858 -0.00125962
internal_weight=13736.5 10015.5 7551.25 6492.91 5224.04 427.289 395.811 1058.35 1044.41 4796.76 3422.16 546.049 2876.11 2037.59
internal_count=372800 266954 215979 201726 191186 7167 6669 14253 14116 184019 143415 17471 125944 117620
is_linear=0
shrinkage=0.05


Tree=95
num_leaves=15
num_cat=0
split_feature=1 9 3 0 3 9 2 3 10 5 4 4 10 3
split_gain=16.5356 17.6671 19.6281 19.3544 29.5964 22.5877 22.2814 27.0379 22.5632 22.3364 19.8189 17.788 33.2961 18.2924
threshold=16.500000000000004 1.0000000180025095e-35 3.225000000000001 1.0000000180025095e-35 68.850000000000009 5.5000000000000009 0.99500000000000111 32.030000000000008 2.5000000000000004 -0.99946220892790427 -0.99227555066051842 0.82288656328208976 13.000000000000002 117.91500000000001
decision_type=2 2 2 2 2 2 2 2 2 2 2 2 2 2
left_child=1 2 -1 4 6 -6 7 8 -3 -10 -11 13 -13 -4
right_child=-2 3 11 -5 5 -7 -8 -9 9 10 -12 12 -14 -15
leaf_value=-0.025257372073340729 0.0039863670704696668 -0.0071174729599883888 -0.0022501321051874067 -0.0085633262653551923 0.027154873958221543 -0.0070830649318838791 -8.6486064228495296e-05 -0.026531628100875143 0.093033963892306212 0.061743062702041954 0.015596836865600741 -0.01551353560396144 0.015314005520917665 0.016606330106027679
leaf_weight=102.28471043379977 2145.0096056121401 83.067389624193311 2782.4708198870067 544.23476760741323 183.39491550624371 65.333313748240471 6702.9044304387644 41.587195783853531 10.772644791752098 25.537615578621626 261.72365914098918 542.93427240173332 104.43901473004371 134.84740240126848
leaf_count=29177 25071 797 198387 5038 795 299 59353 214 61 250 2707 47075 2354 1222
internal_value=-4.61831e-05 -0.000792792 -0.00366201 0.000535904 0.00120744 0.0181616 0.000615632 0.0117497 0.0159271 0.02235 0.0196993 -0.00304235 -0.0105402 -0.00137853
internal_weight=13730.5 11585.5 3666.98 7918.56 7374.32 248.728 7125.59 422.689 381.101 298.034 287.261 3564.69 647.373 2917.32
internal_count=372800 347729 278215 69514 64476 1094 63382 4029 3815 3018 2957 249038 49429 199609
is_linear=0
shrinkage=0.05


Tree=96
num_leaves=15
num_cat=0
split_feature=2 3 5 10 4 2 3 3 2 3 4 5 1 9
split_gain=16.6783 19.4458 21.7097 17.7373 29.4588 17.6449 34.9199 45.5867 30.1922 27.9499 19.9073 19.5388 17.1791 20.0602
threshold=22.265000000000004 45.500000000000007 -0.95172615796921589 11.000000000000002 0.98442422532924956 0.99500000000000111 27.385000000000002 25.950000000000003 0.6900000000000005 11.960000000000003 -0.98035499251202984 0.4403299185040393 16.500000000000004 1.0000000180025095e-35
decision_type=2 2 2 2 2 2 2 2 2 2 2 2 2 2
left_child=1 5 -3 -4 -5 6 7 8 9 -1 -11 -10 13 -7
right_child=-2 2 3 4 -6 12 -8 -9 11 10 -12 -13 -14 -15
leaf_value=-0.0051787869732419414 -0.018170377727245137 -0.011646273486274224 0.014915750859305146 -0.0013995446434607577 0.058285766105326556 -0.0053082064626083858 -0.016259451774959226 0.05581568942144062 0.051124332051638126 0.057165512094954365 0.011996346169687953 0.20275181219192884 0.0033090225894781564 -0.00033492021150490723
leaf_weight=312.35675228131004 125.74918149132282 146.23123853839934 557.53274392150342 422.33862973377109 21.73784875869751 2903.6269995102193 142.20284532103688 52.269169833511114 14.04219547705725 26.390994721092284 322.23537595476955 2.5033939732238641 1952.0099441297352 6720.919925423339
leaf_count=20897 1619 1333 4919 3518 187 245405 2210 370 728 387 6308 96 23188 61635
internal_value=-4.46982e-05 0.000122941 0.00635009 0.0089775 0.00152209 -0.000451244 0.00640761 0.0108243 0.0073534 0.00568346 0.0154156 0.074066 -0.000967885 -0.00183531
internal_weight=13722.1 13596.4 1147.84 1001.61 444.076 12448.6 872.001 729.798 677.529 660.983 348.626 16.5456 11576.6 9624.55
internal_count=372800 371181 9957 8624 3705 361224 30996 28786 28416 27592 6695 824 330228 307040
is_linear=0
shrinkage=0.05


Tree=97
num_leaves=15
num_cat=0
split_feature=2 5 5 3 5 3 12 3 10 3 2 2 2 3
split_gain=15.9218 19.886 21.1174 20.0383 30.3323 89.136 19.8971 17.0385 16.7671 15.7857 16.5003 15.2888 14.2794 17.3627
threshold=1.6550000000000005 -0.90905222235081207 -0.99851060265596125 21.965000000000003 -0.87985392543367547 31.500000000000004 1.0000000180025095e-35 27.785000000000004 9.5000000000000018 9.2250000000000014 9.8700000000000028 1.5649999999999997 22.265000000000004 117.91500000000001
decision_type=2 2 2 2 2 2 2 2 2 2 2 2 2 2
left_child=1 2 6 11 5 -5 -1 8 -8 10 -2 -3 13 -11
right_child=9 3 -4 4 -6 -7 7 -9 -10 12 -12 -13 -14 -15
leaf_value=-0.011852307288259744 -0.0098004445018375214 0.0017119770970220466 -0.0075359793877613898 0.14175867481016183 0.0085597558181520657 -0.025774182129791191 0.042735113209614588 -0.053430108066918419 -0.012561770994066966 -0.00079000435505287259 0.033389516532181425 0.12395803659617416 -0.017492243528295023 0.013425648115380665
leaf_weight=51.712435805704445 689.87351808557287 2835.9203387929592 778.85394481499679 15.931429912336171 911.90958045143634 15.82692429702729 72.235863847425207 6.207764880731701 16.919619400752708 7946.544384047389 22.846249473746866 2.5599679718725374 124.13495203759521 220.7621788084507
leaf_count=2175 53260 115978 25680 115 10488 173 1234 110 342 159322 686 148 1619 1470
internal_value=-4.33589e-05 0.00231284 -0.0042547 0.00392068 0.0102326 0.0582679 0.0131216 0.0266642 0.0322411 -0.00127536 -0.00841599 0.00182223 -0.000661565 -0.000405755
internal_weight=13712.2 4708.08 925.93 3782.15 943.668 31.7584 147.076 95.3632 89.1555 9004.16 712.72 2838.48 8291.44 8167.31
internal_count=372800 156443 29541 126902 10776 288 3861 1686 1576 216357 53946 116126 162411 160792
is_linear=0
shrinkage=0.05


Tree=98
num_leaves=15
num_cat=0
split_feature=6 7 10 9 3 5 9 9 4 10 10 8 2 1
split_gain=14.702 15.7452 18.5244 19.7183 18.7955 20.588 16.4702 28.3095 16.2747 16.5989 15.9551 27.8683 19.674 18.6478
threshold=4.5000000000000009 1.0000000180025095e-35 9.5000000000000018 5.5000000000000009 33.965000000000011 -0.98734235357768474 4.5000000000000009 2.5000000000000004 0.85716730070211244 3.5000000000000004 6.5000000000000009 1.0000000180025095e-35 11.540000000000003 4.5000000000000009
decision_type=2 2 2 2 2 2 2 2 2 2 2 2 2 2
left_child=1 2 3 4 6 -6 7 -1 9 -5 12 -12 -3 -13
right_child=-2 10 -4 8 5 -7 -8 -9 -10 -11 11 13 -14 -15
leaf_value=-0.0038368704818517126 -0.0027316224645189805 0.0084543292863472515 0.0059383172360266585 0.0096623682534066543 0.04603049039266803 0.0043662099638732878 -0.0078376536625526221 0.0076466919376059917 0.019931570909943044 -0.0027048379879999591 0.028249041940315734 -0.0092604785929193672 -0.019687847589820087 0.0073857946286680996
leaf_weight=2618.8697926076129 3707.0431829509325 1554.9047433394007 1062.5605988018215 457.99459132924676 32.048822275362909 396.1470593046397 1477.1945041324943 675.01361834444106 148.82169107161462 665.64271332602948 73.658504569437355 526.08442362491041 64.687482771463692 247.34196178382263
leaf_count=164826 105846 31247 14253 3780 498 6669 14449 4744 1125 5635 1219 14031 1172 3306
internal_value=-4.20839e-05 0.000954843 -0.000180318 -0.00118491 -0.00255026 0.00748462 -0.00345087 -0.00148355 0.00439394 0.00233604 0.00442211 -0.00113825 0.00733031 -0.003937
internal_weight=13708 10001 7534.29 6471.73 5199.27 428.196 4771.08 3293.88 1272.46 1123.64 2466.68 847.085 1619.59 773.426
internal_count=372800 266954 215979 201726 191186 7167 184019 169570 10540 9415 50975 18556 32419 17337
is_linear=0
shrinkage=0.05


Tree=99
num_leaves=15
num_cat=0
split_feature=2 3 3 2 1 3 10 4 3 10 1 11 5 8
split_gain=14.8412 20.2213 20.6847 18.0321 16.9836 18.5886 16.6953 16.0031 15.4357 15.2856 22.0506 16.9661 23.2613 23.2275
threshold=1.2899999999999989 53.895000000000003 48.340000000000011 1.1249999999999998 1.5000000000000002 7.0150000000000015 14.500000000000002 -0.41667649009683366 2.9850000000000003 1.5000000000000002 1.5000000000000002 1.0000000180025095e-35 -0.99771148674921373 1.0000000180025095e-35
decision_type=2 2 2 2 2 2 2 2 2 2 2 2 2 2
left_child=1 2 3 4 5 -1 -7 -3 -2 10 -10 -11 -13 -14
right_child=8 7 -4 -5 -6 6 -8 -9 9 11 -12 12 13 -15
leaf_value=-0.011531989125466508 -0.028706444510821175 0.040365773564646892 -0.062663262720630983 0.054576319119987317 0.0047532461152436332 0.00027982847459802758 0.063713351738094878 0.0078437685823812345 0.034767746571848862 -0.0044359856046811237 -0.0077532775842289424 -0.017195717010738229 -0.0034847075665493084 0.0030425241493718799
leaf_weight=381.63636126392521 50.672153955791146 59.078915014863014 12.459530880674718 16.156725182197988 2174.5489660520107 1712.2940906169824 10.436031485907732 105.14905808866024 70.525732213631272 2887.8872751104645 53.709379666950554 186.20252237655222 2101.0170979860704 3879.9725224631839
leaf_count=42928 9901 280 312 752 43463 60957 129 625 2059 80395 747 3787 56279 70186
internal_value=-4.07465e-05 0.00232342 0.0016669 0.00185351 0.00165444 -0.00154772 0.000664099 0.0195431 -0.00118614 -0.00103422 0.016385 -0.00127321 0.000207808 0.000749622
internal_weight=13701.7 4471.76 4307.53 4295.07 4278.92 2104.37 1722.73 164.228 9229.99 9179.31 124.235 9055.08 6167.19 5980.99
internal_count=372800 149446 148541 148229 147477 104014 61086 905 223354 213453 2806 210647 130252 126465
is_linear=0
shrinkage=0.05


Tree=100
num_leaves=15
num_cat=0
split_feature=1 5 2 3 3 2 3 10 3 9 5 5 1 11
split_gain=14.5878 15.008 13.4208 17.4011 19.3111 17.155 13.8088 13.9986 22.1404 37.2189 19.0389 21.1142 18.7747 16.2317
threshold=49.500000000000007 0.83985479045490841 1.2899999999999989 53.895000000000003 48.340000000000011 1.1249999999999998 3.225000000000001 1.5000000000000002 8.9950000000000028 1.0000000180025095e-35 -0.99674141811544459 -0.90905222235081207 3.5000000000000004 1.0000000180025095e-35
decision_type=2 2 2 2 2 2 2 2 2 2 2 2 2 2
left_child=2 -2 3 4 5 -1 -4 8 9 -8 -10 -12 -13 -9
right_child=1 -3 6 -5 -6 -7 7 13 10 -11 11 12 -14 -15
leaf_value=0.0013076735413645897 0.011373007599900882 -0.027613086467595228 -0.024862035254086732 0.018001544850081944 -0.062159833871248404 0.05386757861121641 0.010356048163022479 -0.004667257979137503 0.072737000406325095 0.2807570909482065 -0.049144966918100642 0.028037757711066071 -0.022775222966326988 -4.0735667183775846e-05
leaf_weight=4150.4872956203762 405.81639230949804 26.28437598189339 62.504970970563591 162.4533603079617 11.945442883297799 15.582937310915439 3.2939581475220612 2780.6818154645152 11.2709030858241 2.0737570151686668 15.691028295084832 64.506617330014706 25.312025338876992 5957.5587337980978
leaf_count=145729 4533 517 12332 896 312 741 492 78814 170 25 317 1407 312 126203
internal_value=-3.93822e-05 0.00900151 -0.000333921 0.00194651 0.00132225 0.00150427 -0.00144322 -0.00127801 0.0155315 0.114822 0.0109677 0.00436926 0.013718 -0.00151299
internal_weight=13695.5 432.101 13263.4 4340.47 4178.02 4166.07 8922.89 8860.39 122.148 5.36772 116.781 105.51 89.8186 8738.24
internal_count=372800 5050 367750 147678 146782 146470 220072 207740 2723 517 2206 2036 1719 205017
is_linear=0
shrinkage=0.05


Tree=101
num_leaves=15
num_cat=0
split_feature=2 5 3 5 1 2 2 10 8 10 2 3 10 1
split_gain=14.4492 19.0445 18.6144 16.8504 15.3353 28.8771 37.3773 23.5498 29.2371 24.4427 23.2752 19.6155 18.7671 25.19
threshold=15.090000000000005 -0.79202145701753912 128.53500000000003 -0.89783339391592742 5.5000000000000009 6.2100000000000053 6.530000000000002 14.500000000000002 1.0000000180025095e-35 16.000000000000004 4.995000000000001 3.225000000000001 9.5000000000000018 1.5000000000000002
decision_type=2 2 2 2 2 2 2 2 2 2 2 2 2 2
left_child=2 3 4 -2 5 7 -7 11 9 -9 -11 -1 -13 -14
right_child=1 -3 -4 -5 -6 6 -8 8 -10 10 -12 12 13 -15
leaf_value=-0.01766626458257747 -0.0055950886899542177 -0.019541758545278606 0.022614735030165464 0.039089195233876592 0.0024370019422061229 0.09888354415720535 0.007071276649594907 0.056865397749182492 -0.01704503218998581 -0.011611835428042429 0.068585898804421203 -0.0016226746954261938 0.0016956962577833546 0.025188263263588556
leaf_weight=177.84775131358765 78.324885463342071 206.12168022384867 92.072048299014568 28.876181050203741 4479.4945315439254 11.264740590006111 695.81101121427491 23.766025075688958 470.51384352007881 68.309290617704391 10.428253402933477 6736.5696154134348 459.89602355053648 151.75914820469916
leaf_count=32697 1042 2789 447 316 63252 191 13876 398 7663 1300 118 239228 7634 1849
internal_value=-3.81106e-05 -0.0106519 0.000210476 0.00644128 5.52106e-05 -0.00115635 0.00853398 -0.00200235 -0.0117735 0.012424 -0.00099019 -0.0012584 -0.000861278 0.00752449
internal_weight=13691.1 313.323 13377.7 107.201 13285.7 8806.17 707.076 8099.09 573.017 102.504 78.7375 7526.07 7348.22 611.655
internal_count=372800 4147 368653 1358 368206 304954 14067 290887 9479 1816 1418 281408 248711 9483
is_linear=0
shrinkage=0.05


Tree=102
num_leaves=15
num_cat=0
split_feature=6 7 10 9 3 5 3 3 11 12 8 2 10 3
split_gain=13.2878 13.9012 15.9897 17.8169 16.8131 18.8199 16.4134 30.5255 51.4814 25.6758 47.6947 33.7552 30.8051 24.207
threshold=4.5000000000000009 1.0000000180025095e-35 9.5000000000000018 5.5000000000000009 33.965000000000011 -0.98734235357768474 27.385000000000002 25.740000000000006 1.0000000180025095e-35 1.0000000180025095e-35 1.0000000180025095e-35 0.99500000000000111 8.5000000000000018 25.950000000000003
decision_type=2 2 2 2 2 2 2 2 2 2 2 2 2 2
left_child=1 2 3 4 6 -6 7 -1 13 10 11 -8 -11 -9
right_child=-2 -3 -4 -5 5 -7 9 8 -10 12 -12 -13 -14 -15
leaf_value=-0.0033818766255197166 -0.0025986317186170679 0.0041668280855254062 0.0055129029657993156 0.0042021897186640695 0.043691006950351226 0.0040851853234085715 -0.028236233510997823 0.09339123722479295 0.037122114151827118 -0.033593745648775604 -0.01666185092096616 0.087906106573156229 0.018939174608435815 -0.021763824614431299
leaf_weight=4245.864198314026 3695.8816217829008 2467.750355437398 1066.8102266315836 1274.162712068297 32.446358121931553 396.90954411681741 8.5549889476969856 4.8615850619971743 120.95851004496217 168.1975523866713 72.886695457622409 23.280434547923505 33.457096436992288 74.474506493657827
leaf_count=174048 105846 50975 14253 10540 498 6669 369 110 1687 2719 2283 506 577 1720
internal_value=-3.71747e-05 0.000910399 -0.000157819 -0.00109486 -0.00239734 0.00707819 -0.00325338 -0.00248205 0.0165926 -0.014447 0.00563877 0.0566957 -0.0248779 -0.0147073
internal_weight=13686.5 9990.61 7522.86 6456.05 5181.89 429.356 4752.54 4446.16 200.295 306.377 104.722 31.8354 201.655 79.3361
internal_count=372800 266954 215979 201726 191186 7167 184019 177565 3517 6454 3158 875 3296 1830
is_linear=0
shrinkage=0.05


Tree=103
num_leaves=15
num_cat=0
split_feature=2 5 3 5 0 1 2 2 10 8 10 2 2 9
split_gain=13.5174 17.5062 16.512 14.9473 14.7472 14.0025 25.4015 30.5943 22.1334 26.5858 21.0816 20.2033 19.209 18.5401
threshold=15.090000000000005 -0.79202145701753912 128.53500000000003 -0.89783339391592742 1.0000000180025095e-35 5.5000000000000009 6.2100000000000053 6.530000000000002 14.500000000000002 1.0000000180025095e-35 16.000000000000004 4.995000000000001 3.0400000000000009 1.0000000180025095e-35
decision_type=2 2 2 2 2 2 2 2 2 2 2 2 2 2
left_child=2 3 5 -2 -4 6 8 -8 -1 10 -10 -12 -7 -9
right_child=1 -3 4 -5 -6 12 7 13 9 -11 11 -13 -14 -15
leaf_value=-0.0011797673321692053 -0.0054572931520560702 -0.018946358150380191 0.047878200671612262 0.036335002979312074 0.0062917913041894398 0.0040356279183225846 0.086474776525965247 -0.0047185147706896849 0.051864512299264753 -0.016497162491154949 -0.011261023213558116 0.062019600501179384 -0.0039531428616862022 0.012443667187046299
leaf_weight=7513.2428931880277 78.180777502246201 203.84879602584988 33.290545664727688 29.455610262230039 59.276223570108414 3526.532827335177 12.192145992070435 238.96430788375437 24.664124599192291 465.84125026129186 67.868233671877533 10.918729322031139 956.5640425933525 460.83973851427436
leaf_count=281408 1042 2789 143 316 304 53506 191 11025 398 7663 1300 118 9746 2851
internal_value=-3.63212e-05 -0.010333 0.00020356 0.00597952 0.0212479 5.68473e-05 -0.00110245 0.0079513 -0.0019 -0.0114053 0.0115233 -0.00110539 0.00233105 0.00658324
internal_weight=13681.7 311.485 13370.2 107.636 92.5668 13277.6 8794.53 711.996 8082.54 569.292 103.451 78.787 4483.1 699.804
internal_count=372800 4147 368653 1358 447 368206 304954 14067 290887 9479 1816 1418 63252 13876
is_linear=0
shrinkage=0.05


Tree=104
num_leaves=15
num_cat=0
split_feature=1 2 5 5 12 2 4 5 5 10 3 1 4 3
split_gain=12.6498 12.5067 16.8852 18.7706 16.6387 15.3269 26.0113 15.7563 14.737 48.7938 44.5021 28.4546 15.5682 14.9344
threshold=52.500000000000007 1.6550000000000005 -0.90905222235081207 -0.99851060265596125 1.0000000180025095e-35 0.20499999999999965 0.03271900495616191 -0.99946220892790427 -0.86927725521452082 3.5000000000000004 21.965000000000003 2.5000000000000004 -0.48289919458286229 53.235000000000007
decision_type=2 2 2 2 2 2 2 2 2 2 2 2 2 2
left_child=1 2 3 4 -1 7 -7 -6 9 10 12 -11 -4 -10
right_child=-2 -3 8 -5 5 6 -8 -9 13 11 -12 -13 -14 -15
leaf_value=-0.011226860314656563 0.008886580047765642 -0.0014064925805689387 0.083137416500405861 -0.00747438048940623 0.075931640313586346 -0.0068669542930798536 0.080935378135120264 0.0092123771812588247 0.001965976990625794 -0.025473993566973292 0.12010824547718882 0.026495729052971612 0.014110907940406318 0.019172342706205752
leaf_weight=50.059065937995911 386.08183997217566 8711.5452169976197 10.089344457956029 756.40367753827013 22.373398219933733 48.374820136930794 10.216554260579867 14.638707572594283 3368.6303080373909 62.867534057702869 17.055745112709701 45.329528765752912 42.907635224517435 131.01514281332493
leaf_count=2161 4455 213536 250 25465 139 1048 332 156 119275 2131 152 854 2043 803
internal_value=-3.52519e-05 -0.000294407 0.00182089 -0.00430928 0.0121266 0.0243548 0.0084431 0.0495434 0.00332442 0.0173484 0.0498596 -0.0037011 0.0272519 0.00261013
internal_weight=13677.6 13291.5 4579.96 902.066 145.663 95.6035 58.5914 37.0121 3677.9 178.25 70.0527 108.197 52.997 3499.65
internal_count=372800 368345 154809 29301 3836 1675 1380 295 125508 5430 2445 2985 2293 120078
is_linear=0
shrinkage=0.05


Tree=105
num_leaves=15
num_cat=0
split_feature=2 5 3 5 9 0 3 5 9 9 2 5 10 10
split_gain=12.1602 16.0737 14.9253 21.6179 13.7447 19.9515 24.5751 16.737 16.2283 23.9978 19.5081 18.6293 15.7201 22.6562
threshold=15.090000000000005 -0.79202145701753912 117.91500000000001 0.089328680705530225 1.0000000180025095e-35 1.0000000180025095e-35 53.235000000000007 -0.5628049276950684 4.5000000000000009 6.5000000000000009 0.99500000000000111 0.4539904997395468 4.5000000000000009 3.5000000000000004
decision_type=2 2 2 2 2 2 2 2 2 2 2 2 2 2
left_child=2 -2 4 -4 -1 6 8 -8 10 12 -6 -11 13 -10
right_child=1 -3 3 -5 5 -7 7 -9 9 11 -12 -13 -14 -15
leaf_value=-0.0023968370528061884 0.0057353097439929203 -0.018195887603753309 0.0070665227420444515 0.056385010638449619 0.022176153363581294 -0.0086327349216401405 0.027899576088258882 0.0034464451304071992 -0.0021164541701735829 0.0055290231044772646 0.0032538459689015324 -0.0079893919976892318 0.00036242288316283864 -0.014230591546205266
leaf_weight=4090.4025393491611 107.78632069844753 201.03424909198657 128.23254282772541 26.876535892486572 143.30963785946369 498.64158895332366 146.40793511271477 134.04077033698559 1057.0165805071592 1853.1057794475928 2749.0956597514451 295.48718130867928 1635.0131162758917 607.94724408537149
leaf_count=291496 1358 2789 741 154 1160 4941 627 570 9271 16698 20196 2815 14269 5715
internal_value=-3.42187e-05 -0.00984328 0.000192426 0.0156122 1.13771e-05 0.00109148 0.0016539 0.0162122 0.00116441 -0.000442485 0.00419139 0.00366989 -0.00312002 -0.00653983
internal_weight=13674.4 308.821 13365.6 155.109 13210.5 9120.07 8621.42 280.449 8340.98 5448.57 2892.41 2148.59 3299.98 1664.96
internal_count=372800 4147 368653 895 367758 76262 71321 1197 70124 48768 21356 19513 29255 14986
is_linear=0
shrinkage=0.05


Tree=106
num_leaves=15
num_cat=0
split_feature=6 7 10 4 10 2 9 3 2 10 10 8 4 4
split_gain=12.0436 12.8007 15.0251 16.1281 20.6397 20.5645 15.2835 14.9602 18.4911 16.1111 28.8816 17.3153 18.506 21.0714
threshold=4.5000000000000009 1.0000000180025095e-35 9.5000000000000018 0.66098293165790345 11.000000000000002 1.9900000000000013 5.5000000000000009 33.965000000000011 4.660000000000001 5.5000000000000009 4.5000000000000009 1.0000000180025095e-35 -0.92471001826442634 -0.97387466162284164
decision_type=2 2 2 2 2 2 2 2 2 2 2 2 2 2
left_child=1 2 6 4 -4 -6 7 9 -9 10 -1 -12 13 -13
right_child=-2 -3 3 -5 5 -7 -8 8 -10 -11 11 12 -14 -15
leaf_value=-0.0032691297861097285 -0.0024758382717262502 0.0039923169610023039 0.01241594571091912 0.016222401276121009 0.015647882520316236 -0.0092132754346751725 0.0038257773885184095 0.014908357472769002 -0.0063627258884415526 -0.0076977457598877246 -0.0011972085001843503 0.020748750734179595 0.010774946256671879 0.081697072162102063
leaf_weight=2836.5498176072724 3685.2202943502925 2468.8142178358976 294.82731421338394 258.0116849928163 104.3210512495134 410.43502956721932 1278.9457503203303 263.11802417039871 167.02735418267548 1354.5756377284415 228.16455146297812 42.998299852944911 252.27360125002451 21.159703530371189
leaf_count=125944 105846 50975 4416 3342 1466 5029 10540 3922 3245 40604 9714 834 6513 410
internal_value=-3.30793e-05 0.000868825 -0.000157653 0.00533637 0.00186703 -0.00417488 -0.00106775 -0.00227927 0.0066487 -0.0030902 -0.00124429 0.00930216 0.0168728 0.0408499
internal_weight=13666.4 9981.22 7512.41 1067.6 809.583 514.756 6444.81 5165.87 430.145 4735.72 3381.15 544.596 316.432 64.158
internal_count=372800 266954 215979 14253 10911 6495 201726 191186 7167 184019 143415 17471 7757 1244
is_linear=0
shrinkage=0.05


Tree=107
num_leaves=15
num_cat=0
split_feature=2 5 3 5 5 10 3 1 12 3 4 2 3 1
split_gain=11.7421 15.2441 19.7349 18.8452 16.9529 43.0515 34.5655 24.3794 16.8002 14.5149 13.9592 13.8958 14.4416 23.7833
threshold=1.2899999999999989 -0.90905222235081207 35.005000000000003 -0.99851060265596125 -0.86927725521452082 3.5000000000000004 21.965000000000003 1.5000000000000002 1.0000000180025095e-35 10.960000000000003 -0.48289919458286229 1.1249999999999998 11.780000000000003 1.0000000180025095e-35
decision_type=2 2 2 2 2 2 2 2 2 2 2 2 2 2
left_child=1 3 4 8 5 6 10 -7 -1 -9 -3 -6 13 -13
right_child=-2 2 -4 -5 11 7 -8 9 -10 -11 -12 12 -14 -15
leaf_value=-0.010724376206377555 -0.001054473114074963 0.078210584175557846 0.022533260199131433 -0.0070929426536241735 0.0017728100314549919 -0.025778381066622752 0.10845106990424624 -0.016568337243683336 0.024971713625063688 0.042620864386533105 0.013994583443567616 0.032153215469072363 0.025532097637238124 0.31831570722209129
leaf_weight=50.441216493025422 9191.0566147484351 10.749183270148931 131.40359756071121 733.52682612137869 3275.1306906917598 53.282858341932297 17.934451164677739 15.294052631128578 95.120476687792689 32.092283818870783 39.786938544828445 1.8077481314539903 12.773988897912202 1.2134813242591915
leaf_count=2123 223354 253 1118 24372 114549 1880 152 526 1601 394 1873 206 327 72
internal_value=-3.21461e-05 0.00206966 0.00351417 -0.0038318 0.00279188 0.0182297 0.0488168 -0.00257419 0.012602 0.0235174 0.0276535 0.00199844 0.0487832 0.147091
internal_weight=13661.6 4470.56 3591.47 879.089 3460.07 169.14 68.4706 100.669 145.562 47.3863 50.5361 3290.93 15.7952 3.02123
internal_count=372800 149446 121350 28096 120232 5078 2278 2800 3724 920 2126 115154 605 278
is_linear=0
shrinkage=0.05


Tree=108
num_leaves=15
num_cat=0
split_feature=1 1 5 11 10 10 2 2 3 3 2 2 9 4
split_gain=11.5285 12.0301 12.9397 10.9593 17.0686 14.3472 36.702 32.4856 33.9306 20.3945 14.7678 14.3305 13.6031 15.3968
threshold=52.500000000000007 131.50000000000003 0.83985479045490841 1.0000000180025095e-35 2.5000000000000004 2.5000000000000004 0.99500000000000111 0.6900000000000005 21.965000000000003 11.960000000000003 1.3949999999999998 9.8700000000000028 2.5000000000000004 -0.55738156824517471
decision_type=2 2 2 2 2 2 2 2 2 2 2 2 2 2
left_child=3 2 -2 5 12 -1 7 8 -7 10 -8 -12 -5 -14
right_child=1 -3 -4 4 -6 6 9 -9 -10 -11 11 -13 13 -15
leaf_value=0.0021645127891368708 0.014603587950508085 -0.012895302370337451 -0.027098362130500243 -0.017566052483468583 0.0011950690028280763 0.0035910471766096006 -0.0045642771469382179 0.1002304342499323 0.078203575876282752 -0.0028960115254359343 -0.020016276915397969 0.041274819575364462 -0.01432049853799376 0.020918346884890616
leaf_weight=1290.2453172542155 311.04637948004529 56.284747358877212 19.784859635867178 221.51903841784224 8431.9945426676422 114.63843889418058 338.10593573492952 11.759147736243902 17.573026800528169 2300.9399347938597 411.34169725887477 9.7632129308767599 62.643690604716539 61.360085552558303
leaf_count=60111 3415 641 399 16056 191801 4305 19859 425 186 45780 28600 304 456 462
internal_value=-3.12966e-05 0.00847407 0.0121097 -0.000279382 0.000748738 -0.00228731 -0.00407998 0.0205915 0.0135083 -0.00524069 -0.0123467 -0.0185953 -0.0101433 0.00311654
internal_weight=13659 387.116 330.831 13271.9 8777.52 4494.37 3204.12 143.971 132.211 3060.15 759.211 421.105 345.523 124.004
internal_count=372800 4455 3814 368345 208775 159570 99459 4916 4491 94543 48763 28904 16974 918
is_linear=0
shrinkage=0.05


Tree=109
num_leaves=15
num_cat=0
split_feature=4 5 4 3 5 10 3 3 12 4 10 10 12 4
split_gain=11.4824 43.832 19.949 40.188 25.9837 57.7462 18.8348 18.8126 18.4295 17.0476 16.7027 15.8153 15.0765 15.0564
threshold=-0.78935016367528243 -0.54280675319151028 -0.82039949111557775 21.890000000000004 -0.56999676259630283 3.5000000000000004 3.7500000000000004 96.945000000000007 1.0000000180025095e-35 -0.66098293165790289 1.5000000000000002 9.5000000000000018 1.0000000180025095e-35 -0.99851060265596125
decision_type=2 2 2 2 2 2 2 2 2 2 2 2 2 2
left_child=1 2 4 6 5 -1 11 -5 -6 -2 12 -4 13 -3
right_child=9 10 3 7 8 -7 -8 -9 -10 -11 -12 -13 -14 -15
leaf_value=0.24223832752271837 -0.0068503926502637442 0.11799889175192964 0.029233021045187713 0.043612233530433767 0.0025731380866566632 0.031023106103236626 -0.011666472094752019 -0.030086586503043567 0.050299006104821548 -0.00024991152278479892 0.00031156723729121517 0.23031180164837917 0.099069799209788589 0.011416181919158074
leaf_weight=4.8175183273851863 1115.4830050962046 3.5319704366847864 3.1306772881653151 84.500158749520779 37.85948779550381 9.8576149595901352 114.10847315238789 9.647607281804083 43.433321658521891 7951.7647435357794 4215.4943147890735 1.4220674301031975 6.3766939714550963 53.56847761827521
leaf_count=150 28690 104 555 988 1150 185 3348 99 1141 234081 100421 108 47 1733
internal_value=-3.05842e-05 0.00200776 0.0202011 0.0116667 0.0391263 0.10036 -0.00768748 0.0360601 0.0280722 -0.00106192 0.000694902 0.0920408 0.026152 0.0180089
internal_weight=13655 4587.75 308.777 212.809 95.9679 14.6751 118.661 94.1478 81.2928 9067.25 4278.97 4.55274 63.4771 57.1004
internal_count=372800 110029 7724 5098 2626 335 4011 1087 2291 262771 102305 663 1884 1837
is_linear=0
shrinkage=0.05


Tree=110
num_leaves=15
num_cat=0
split_feature=1 5 2 3 3 5 0 5 3 6 5 3 10 5
split_gain=11.1605 15.5365 19.1278 21.2036 14.6232 12.852 18.3138 13.002 14.1903 21.2313 13.5773 13.698 13.08 24.6969
threshold=10.500000000000002 0.80385686061721728 8.0250000000000021 40.360000000000007 3.225000000000001 0.92554050401756627 1.0000000180025095e-35 0.63101285980617716 3.7500000000000004 1.0000000180025095e-35 0.7117179123887335 12.995000000000003 1.5000000000000002 0.46947156278589108
decision_type=2 2 2 2 2 2 2 2 2 2 2 2 2 2
left_child=4 2 3 -2 -1 7 -7 8 9 -6 -9 -12 13 -10
right_child=1 -3 -4 -5 5 6 -8 10 12 -11 11 -13 -14 -15
leaf_value=-0.014517194076259541 0.0035546760072901538 -0.0089706135938336096 -0.014458388438175894 0.024403461844329923 0.22388005241142045 0.0091007249091449513 0.11109932901213955 -0.017046344872128635 0.0072527514230482084 0.02697992834431668 -0.015556128848518419 0.0018983202734962016 -0.00062024601004157388 0.072680786024325914
leaf_weight=191.32458926574327 2665.801371416077 268.00426157005131 139.5690777990967 127.79813243448734 1.6375938723795105 227.21534384507686 4.4877014877274624 234.68521642428823 148.32760197017342 8.3492581290192884 153.45034228218719 420.2286862321198 9046.8903767636511 15.976476095151154
leaf_count=34610 32309 4524 1318 699 173 7837 176 6827 4728 888 9589 10219 258425 478
internal_value=-3.00837e-05 0.00255302 0.00360594 0.00450844 -0.000821178 -0.000565811 0.0110763 -0.000834767 -0.000301745 0.0592666 -0.00691506 -0.00277048 -0.000366329 0.0136148
internal_weight=13653.7 3201.17 2933.17 2793.6 10452.6 10261.2 231.703 10029.5 9221.18 9.98685 808.364 573.679 9211.19 164.304
internal_count=372800 38850 34326 33008 333950 299340 8013 291327 264692 1061 26635 19808 263631 5206
is_linear=0
shrinkage=0.05


Tree=111
num_leaves=15
num_cat=0
split_feature=5 3 3 5 2 5 3 3 2 5 4 5 3 2
split_gain=11.107 15.0243 38.3914 17.2288 14.2264 17.7016 39.2604 14.7878 14.1288 17.0787 12.5033 35.191 17.3137 14.3473
threshold=-0.89783339391592742 98.63000000000001 104.24500000000002 -0.96759678964602525 1.6550000000000005 -0.88599923532063174 20.990000000000006 4.0750000000000011 12.065000000000001 -0.98442422532924934 -0.99771148674921373 -0.019633645735922151 11.960000000000003 0.99500000000000111
decision_type=2 2 2 2 2 2 2 2 2 2 2 2 2 2
left_child=1 3 -3 8 5 6 -2 -6 -1 -10 11 12 -7 -14
right_child=4 2 -4 -5 7 10 -8 -9 9 -11 -12 -13 13 -15
leaf_value=-0.00060907463357320153 0.0054465348482600744 0.070005829205592437 -0.003541896441694599 -0.0081945731087413303 -0.019447199180967149 0.0051162914339055463 0.10952510908758802 -0.00034496405089841104 0.073586206587324163 -0.016402895851348721 0.0021509263703390043 -0.0021254503912773149 0.10722780791506428 0.044297375985729089
leaf_weight=1438.9136000534054 32.720926964422688 24.885282147675753 61.824828132987022 1141.1563651699107 102.77628173842095 20.492167171789333 12.530919871293007 7127.7850753969979 13.887172427028419 8.4994167266413552 3507.8569258006755 107.2153300398495 12.050441850908099 36.461272760294378
leaf_count=39525 1344 154 520 31969 15931 1027 116 159431 263 126 118666 2981 132 615
internal_value=-2.92735e-05 -0.00290873 0.0175659 -0.00359092 0.000677243 0.00318557 0.0342675 -0.000616486 4.16309e-06 0.0394204 0.00280379 0.0157999 0.0436515 0.0599295
internal_weight=13649.1 2689.17 86.7101 2602.46 10959.9 3729.33 45.2518 7230.56 1461.3 22.3866 3684.08 176.219 69.0039 48.5117
internal_count=372800 72557 674 71883 300243 124881 1460 175362 39914 389 123421 4755 1774 747
is_linear=0
shrinkage=0.05


Tree=112
num_leaves=15
num_cat=0
split_feature=2 3 9 0 3 9 9 5 2 4 7 9 10 3
split_gain=11.0008 13.4099 11.7028 17.9351 18.0324 14.9879 19.2923 16.8338 16.1988 15.25 14.7457 34.8752 24.52 23.3772
threshold=22.265000000000004 117.91500000000001 1.0000000180025095e-35 1.0000000180025095e-35 53.235000000000007 4.5000000000000009 6.5000000000000009 0.4539904997395468 0.99500000000000111 0.64445579466475156 1.0000000180025095e-35 5.5000000000000009 3.5000000000000004 34.905000000000008
decision_type=2 2 2 2 2 2 2 2 2 2 2 2 2 2
left_child=1 2 -1 4 5 8 10 -8 -4 -10 -7 12 -12 -13
right_child=-2 -3 3 -5 -6 6 7 -9 9 -11 11 13 -14 -15
leaf_value=-0.0023203670475905884 -0.015175047990318716 0.012116641106685243 0.020162171067917303 -0.0083589686289013213 0.013632484059792886 -0.0047790607960547793 0.0048489545774504737 -0.0079847924882501201 0.0013695593910136347 0.011289977791135303 0.023118803461499873 -0.0059425241305773452 0.0016022603687980493 -0.05058877992146852
leaf_weight=4107.7561663258821 118.83236508723348 228.42101912945509 145.2930295355618 495.89089749753475 291.98269055783749 2546.1432910338044 1882.3573492290452 295.64564084820449 2307.2202292094007 465.56218595057726 190.85819345712662 96.103578687645495 432.35810573771596 42.192074865102768
leaf_count=292936 1619 1497 1160 4941 1257 23546 16832 2831 17193 3141 1088 739 3758 262
internal_value=-2.84359e-05 0.000104617 -0.000101694 0.000889838 0.00141727 0.00099286 -0.000547201 0.00310688 0.003888 0.00303524 -0.00295332 0.00315113 0.00819164 -0.0195635
internal_weight=13646.6 13527.8 13299.4 9191.61 8695.72 8403.73 5485.66 2178 2918.08 2772.78 3307.66 761.512 623.216 138.296
internal_count=372800 371181 369684 76748 71807 70550 49056 19663 21494 20334 29393 5847 4846 1001
is_linear=0
shrinkage=0.05


Tree=113
num_leaves=15
num_cat=0
split_feature=6 1 2 4 3 2 2 5 5 12 3 10 8 3
split_gain=10.7493 11.5966 25.7271 16.0147 20.553 15.8753 18.13 17.8841 15.5639 13.7819 13.5343 11.9149 23.1251 18.9565
threshold=4.5000000000000009 4.5000000000000009 8.0250000000000021 0.67074870689676336 117.91500000000001 6.2100000000000053 9.4450000000000038 -0.99851060265596125 -0.79202145701753912 1.0000000180025095e-35 9.8150000000000013 14.500000000000002 1.0000000180025095e-35 18.995000000000001
decision_type=2 2 2 2 2 2 2 2 2 2 2 2 2 2
left_child=1 5 3 4 -3 10 7 -7 -8 -4 -1 -12 13 -13
right_child=-2 2 9 -5 -6 6 8 -9 -10 -11 11 12 -14 -15
leaf_value=-0.0074340381630277931 -0.0023400290027567614 0.0024017517085146347 -0.033483387914499764 0.012786301655492589 0.05963549934742738 -0.05383986249778018 0.01606520143757335 0.017951332569243635 -0.0070563561418705376 -0.0046855918623911778 0.00035145265629588893 0.068570984523420656 -0.015272385782404037 0.0037230662490457035
leaf_weight=783.68865546025336 3672.4075922491029 3009.5633245399222 66.64712581038475 452.40112156164832 15.768161013722418 8.9379840018227679 100.39022982819006 294.7093992610462 264.65118719357997 110.31124033452943 4495.1116688600741 14.027605287730692 292.78196781314909 57.317279577255249
leaf_count=78027 105846 44176 778 6560 76 157 1519 5756 4786 1070 119530 216 3424 879
internal_value=-2.76205e-05 0.000824461 0.00306583 0.00401213 0.00270006 -0.000473385 0.00681112 0.0158381 -0.000697685 -0.0155316 -0.0013366 -0.000353219 -0.00905233 0.0164733
internal_weight=13638.7 9966.31 3654.69 3477.73 3025.33 6311.62 668.689 303.647 365.041 176.958 5642.93 4859.24 364.127 71.3449
internal_count=372800 266954 52660 50812 44252 214294 12218 5913 6305 1848 202076 124049 4519 1095
is_linear=0
shrinkage=0.05


Tree=114
num_leaves=15
num_cat=0
split_feature=2 5 5 3 0 10 1 10 9 9 9 0 3 4
split_gain=10.3116 13.7773 12.7738 12.3232 12.21 12.3056 11.8909 11.6174 10.8141 16.9277 18.4533 21.8033 36.045 16.4997
threshold=15.090000000000005 -0.79202145701753912 -0.89783339391592742 128.53500000000003 1.0000000180025095e-35 14.500000000000002 5.5000000000000009 2.5000000000000004 1.0000000180025095e-35 4.5000000000000009 6.5000000000000009 1.0000000180025095e-35 53.235000000000007 0.94762689235065267
decision_type=2 2 2 2 2 2 2 2 2 2 2 2 2 2
left_child=3 2 6 8 -5 -6 -2 -3 -1 -10 11 12 -11 -12
right_child=1 7 -4 4 5 -7 -8 -9 9 10 13 -13 -14 -15
leaf_value=-0.0020786699106178064 0.0040879473876254289 -0.066903922738542232 0.032817441617745961 0.042498832621802901 0.022099914932194653 -0.024926233516622112 -0.045240527009010899 -0.014046172060524307 0.003947333498633087 -0.002816318243605502 0.0018146974662120404 -0.018516963074474157 0.02553342890914902 0.019241312731792949
leaf_weight=4103.2513388167135 63.050220549106598 11.011894227936862 30.195712273940444 33.427541829645634 37.737660691142082 22.03330946713686 15.152985426597295 185.62025082856417 3193.2269074991345 3280.3191646691412 2191.222379132174 208.18339894339442 116.08869281411171 144.80406648106873
leaf_count=291824 887 104 316 143 201 103 155 2685 23444 29255 20064 1897 495 1227
internal_value=-2.6883e-05 -0.00911655 0.00519528 0.000181112 0.0182988 0.00476472 -0.00547015 -0.0170063 5.35501e-05 0.00101142 -0.000566705 -0.00281008 -0.00184733 0.00289493
internal_weight=13635.3 305.031 108.399 13330.3 93.1985 59.771 78.2032 196.632 13237.1 9133.84 5940.62 3604.59 3396.41 2336.03
internal_count=372800 4147 1358 368653 447 304 1042 2789 368206 76382 52938 31647 29750 21291
is_linear=0
shrinkage=0.05


Tree=115
num_leaves=15
num_cat=0
split_feature=11 10 9 10 2 2 3 3 2 2 4 4 5 4
split_gain=9.93165 13.496 12.7229 12.6116 31.6125 28.3219 27.5658 17.3897 14.6965 17.971 12.3407 15.294 40.0563 14.3869
threshold=1.0000000180025095e-35 2.5000000000000004 1.0000000180025095e-35 2.5000000000000004 0.99500000000000111 0.6900000000000005 21.965000000000003 11.960000000000003 9.8700000000000028 1.3949999999999998 0.80515073244235003 0.99115537938034648 -0.12186934340514737 0.52435624418390936
decision_type=2 2 2 2 2 2 2 2 2 2 2 2 2 2
left_child=3 2 -2 10 5 6 -5 8 9 -6 13 -12 -13 -1
right_child=1 -3 -4 4 7 -7 -8 -9 -10 -11 11 12 -14 -15
leaf_value=0.0024583766097519225 -0.017712935207027363 0.0013277543261549958 0.0013841207863295926 0.0030932737006267677 -0.0036065073997859826 0.088517077444428299 0.068164059083617543 -0.0025233884783166954 0.04731666958063524 -0.019028413895295054 -0.016579045678911188 0.13741853469412588 -0.0015286074167580614 0.022137227438030187
leaf_weight=1025.1968313490506 184.55158959422261 8668.1074418020435 165.36268394999206 118.12496410589665 347.71550482138991 13.286601976025848 18.876504449173808 2355.2727095102891 10.593178763985632 413.5928965259809 157.80850446526892 5.9231488937512031 41.731404003454372 102.12929707881995
leaf_count=43288 15935 194264 1174 4352 20131 433 188 46287 308 28892 9128 42 2589 5789
internal_value=-2.59632e-05 0.000939125 -0.00868804 -0.00191375 -0.0035814 0.0188184 0.0120589 -0.00465791 -0.0111709 -0.0119847 0.00218716 -0.00908268 0.0157416 0.00424117
internal_weight=13628.3 9018.02 349.914 4610.25 3277.46 150.288 137.001 3127.17 771.902 761.308 1332.79 205.463 47.6546 1127.33
internal_count=372800 211373 17109 161427 100591 4973 4540 95618 49331 49023 60836 11759 2631 49077
is_linear=0
shrinkage=0.05


Tree=116
num_leaves=15
num_cat=0
split_feature=5 3 3 5 2 5 2 5 4 8 3 4 10 5
split_gain=9.9053 14.4474 31.7481 18.5508 13.4878 15.4426 12.4458 14.2554 11.4679 16.1484 15.2934 15.309 22.61 12.11
threshold=-0.90905222235081207 98.63000000000001 104.24500000000002 -0.96759678964602525 13.490000000000004 -0.79202145701753912 12.065000000000001 -0.98442422532924934 -0.99970967602773309 1.0000000180025095e-35 128.53500000000003 -0.99771148674921373 7.5000000000000009 -0.54280675319151028
decision_type=2 2 2 2 2 2 2 2 2 2 2 2 2 2
left_child=1 3 -3 6 8 -6 -1 -8 9 -2 11 12 -10 -13
right_child=4 2 -4 -5 5 -7 7 -9 10 -11 -12 13 -14 -15
leaf_value=-0.00051652886661490054 0.0078269913486842032 0.064722308071987755 -0.0029273989986946217 -0.0087744419743443179 0.016392351661613284 -0.015255590947539008 0.066397992697222727 -0.015448943444280392 0.02009443096188698 -0.023266741552859977 0.023202463988612098 0.0031934394091582986 -0.013244491799840783 -0.00051954077497887413
leaf_weight=1435.4741888635326 66.610490227816626 25.045226659625769 56.394549448043108 999.81233744439669 45.988168238662183 238.15330234728754 14.602809505537154 8.368996041826902 219.446242851438 111.9098711933475 77.788170427083969 3184.5262270325329 66.195836103754118 7074.6407781220041
leaf_count=39525 1849 154 471 28090 537 3626 263 126 5763 2138 369 87794 1151 200944
internal_value=-2.55392e-05 -0.00284209 0.017877 -0.0035285 0.00061975 -0.0101334 6.77716e-05 0.0365798 0.000902629 -0.0116649 0.00111384 0.000950889 0.0123683 0.000632998
internal_weight=13625 2539.7 81.4398 2458.26 11085.3 284.141 1458.45 22.9718 10801.1 178.52 10622.6 10544.8 285.642 10259.2
internal_count=372800 68629 625 68004 304171 4163 39914 389 300008 3987 296021 295652 6914 288738
is_linear=0
shrinkage=0.05


Tree=117
num_leaves=15
num_cat=0
split_feature=1 5 1 6 5 3 7 10 10 3 11 5 10 4
split_gain=9.85368 11.9049 11.2891 9.70418 11.8362 13.4426 10.6618 14.2975 15.3248 24.1754 21.2699 18.1349 16.3416 19.0671
threshold=49.500000000000007 0.83985479045490841 131.50000000000003 4.5000000000000009 -0.13701201561689402 5.9400000000000004 1.0000000180025095e-35 9.5000000000000018 5.5000000000000009 34.905000000000008 1.0000000180025095e-35 -0.97676355679130589 4.5000000000000009 -0.92471001826442634
decision_type=2 2 2 2 2 2 2 2 2 2 2 2 2 2
left_child=3 2 -2 6 -5 -6 7 8 12 -10 -11 -12 -1 -14
right_child=1 -3 -4 4 5 -7 -8 -9 9 10 11 -13 13 -15
leaf_value=-0.001170228260153868 0.012601069995877673 -0.025967342080316466 -0.012105055140687318 -0.004797440760780456 -0.021826719512390222 0.0021996936460119856 0.0034392265026983201 0.005000004638459424 -0.0073379339557203055 -0.020305628966058819 0.062032845443801943 0.011893486091439961 0.021111104898967965 0.0026280673614988109
leaf_weight=3530.4403008960653 358.17421989422292 25.237011049874127 53.090680234599859 2176.5814726236276 60.922121335053816 1310.8442079406232 2402.9135645027272 1046.5920591987669 1606.7745295343921 47.139635891653597 20.174931723624468 169.96459267940372 178.82262369105592 635.07859074277803
leaf_count=132479 3955 517 578 64996 7328 32200 50339 14085 42994 727 227 2257 3606 16512
internal_value=-2.47869e-05 0.00736623 0.00941173 -0.00026945 -0.00250491 0.00113265 0.00055357 -0.000404826 -0.0013189 -0.00513793 0.00975973 0.0172136 0.000302175 0.00668898
internal_weight=13622.8 436.502 411.265 13186.2 3548.35 1371.77 9637.9 7234.99 6188.4 1844.05 237.279 190.14 4344.34 813.901
internal_count=372800 5050 4533 367750 104524 39528 263226 212887 198802 46205 3211 2484 152597 20118
is_linear=0
shrinkage=0.05


Tree=118
num_leaves=15
num_cat=0
split_feature=2 7 3 3 3 5 4 12 3 3 3 4 10 10
split_gain=9.47645 9.82237 20.2323 21.9255 25.6111 28.6923 24.2714 27.8223 48.4723 25.4535 25.826 20.9062 19.3752 25.3589
threshold=27.475000000000005 1.0000000180025095e-35 5.9400000000000004 27.135000000000002 35.45000000000001 -0.99851060265596125 0.99894830403340429 1.0000000180025095e-35 33.965000000000011 32.030000000000008 30.970000000000002 -0.91964803180066912 9.5000000000000018 16.000000000000004
decision_type=2 2 2 2 2 2 2 2 2 2 2 2 2 2
left_child=1 12 -3 -4 6 -6 7 8 -5 10 -9 -11 -1 -14
right_child=-2 2 3 4 5 -7 -8 9 -10 11 -12 -13 13 -15
leaf_value=-0.0016006420452273611 -0.02450340599297314 -0.01151078710749086 0.0071906649367026836 -0.0055996562249113393 -0.05120052314678674 0.0064909935194018597 0.062737320075604994 0.010293693427429106 -0.057557184087938022 0.02911917295674929 -0.034525518621991762 -0.0027469079667164086 0.0083430711357799624 -0.0071935143980643495
leaf_weight=8803.8470938350074 39.421200610697269 242.12606617063284 1746.1867142883129 111.94516186788678 22.206521011888981 730.85590276494622 11.513333328068255 48.228690629824996 74.93785700108856 73.826472358778119 96.360561354085803 169.97227964922786 1102.5102706083562 344.76929382421076
leaf_count=281877 618 18660 37472 2455 192 6257 94 713 1339 562 1177 1667 15005 4712
internal_value=-2.41356e-05 4.69287e-05 0.00240699 0.00349896 -0.00131234 0.00478977 -0.00914361 -0.0105822 -0.026434 -0.00295472 -0.0195758 0.00690269 -0.000719295 0.00464196
internal_weight=13618.7 13579.3 3328.16 3086.03 1339.85 753.062 586.784 575.271 186.883 388.388 144.589 243.799 10251.1 1447.28
internal_count=372800 372182 70588 51928 14456 6449 8007 7913 3794 4119 1890 2229 301594 19717
is_linear=0
shrinkage=0.05


Tree=119
num_leaves=15
num_cat=0
split_feature=2 3 3 1 5 3 2 10 5 6 4 5 5 10
split_gain=9.5683 12.3497 18.519 11.4297 12.649 12.6811 13.3865 12.4394 12.2365 14.8427 12.9104 26.7306 15.1815 64.0713
threshold=1.2899999999999989 53.895000000000003 48.340000000000011 1.5000000000000002 0.99599981283320382 7.0150000000000015 1.2349999999999997 14.500000000000002 -0.99993812531908899 3.5000000000000004 -0.79863551004729283 0.59130964836358235 -0.56999676259630283 2.5000000000000004
decision_type=2 2 2 2 2 2 2 2 2 2 2 2 2 2
left_child=1 2 3 4 5 6 -1 8 9 -7 11 12 13 -10
right_child=-2 -3 -4 -5 -6 7 -8 -9 10 -11 -12 -13 -14 -15
leaf_value=-0.010312823052156396 -0.00094995296361112145 0.015349231732652411 -0.061812801766427262 0.0040498283791040928 0.088690424106584981 -0.0023365001549894566 0.13357780806450043 0.053270908147944752 0.17037422839365135 0.10242623875750777 -0.0031098324865988527 0.082491950801797637 0.0027914591813215967 -0.010943116836366359
leaf_weight=368.17754417611286 9148.5379056192469 163.77909171953797 11.569710934534667 2196.9872876477893 3.9137906404212108 7.1075427313335222 1.623502236790954 11.105720326770095 7.0113094449043301 6.4483569832518697 1172.3501341552474 11.274788833223282 488.36567309638485 15.96947455499321
leaf_count=43004 223354 905 312 43606 190 234 123 129 144 174 44134 167 15806 518
internal_value=-2.38505e-05 0.00187339 0.00136035 0.00153071 -0.00111313 -0.00128135 -0.00968111 0.000524994 0.000182136 0.0474977 -0.00019628 0.00633943 0.00466033 0.0443758
internal_weight=13614.2 4465.68 4301.9 4290.34 2093.35 2089.43 369.801 1719.63 1708.53 13.5559 1694.97 522.621 511.346 22.9808
internal_count=372800 149446 148541 148229 104623 104433 43127 61306 61177 408 60769 16635 16468 662
is_linear=0
shrinkage=0.05


Tree=120
num_leaves=15
num_cat=0
split_feature=1 5 2 3 5 0 9 9 3 0 9 2 2 5
split_gain=9.13378 13.4282 15.7199 17.1215 11.8352 15.0882 12.8092 25.4275 14.6693 13.1683 16.0004 13.8556 17.0366 14.6931
threshold=10.500000000000002 0.80385686061721728 8.0250000000000021 40.360000000000007 0.92554050401756627 1.0000000180025095e-35 2.5000000000000004 4.5000000000000009 3.225000000000001 1.0000000180025095e-35 6.5000000000000009 5.2950000000000026 15.090000000000005 -0.79202145701753912
decision_type=2 2 2 2 2 2 2 2 2 2 2 2 2 2
left_child=4 2 3 -2 6 -6 8 -8 -1 11 -11 -9 -13 -14
right_child=1 -3 -4 -5 5 -7 7 9 -10 10 -12 12 13 -15
leaf_value=-0.022023796656117148 0.0032410202699832886 -0.0084570939062898944 -0.013254759348624299 0.021975864174537812 0.0084691451859249169 0.097364206047861987 0.0071275350541180425 -0.0014478129401130386 -0.0025676215899528843 -0.019006788524211761 0.0047328410783667643 0.010908799802506332 0.0098976175517597239 -0.038245928792980083
leaf_weight=99.069231882225722 2669.582991163712 265.4045963739045 136.91907926276326 127.78754421696067 232.55915378616191 4.8733769468963137 1175.1315164323896 3694.4829045757651 4384.7973973683547 209.39028125070035 107.37550890259445 439.24369595199823 28.700507495552301 35.390314165502787
leaf_count=28572 32309 4524 1318 699 8686 176 9055 37627 243257 1865 1392 2905 166 249
internal_value=-2.33566e-05 0.00231304 0.0032872 0.00409685 -0.00074142 0.0102937 -0.00099896 0.000576018 -0.0029975 -0.00112932 -0.0109597 -0.000387527 0.00739499 -0.0166868
internal_weight=13610.7 3199.69 2934.29 2797.37 10411 237.433 10173.6 5689.71 4483.87 4514.58 316.766 4197.82 503.335 64.0908
internal_count=372800 38850 34326 33008 333950 8862 325088 53259 271829 44204 3257 40947 3320 415
is_linear=0
shrinkage=0.05


Tree=121
num_leaves=15
num_cat=0
split_feature=2 3 3 10 2 8 5 0 3 3 5 5 3 5
split_gain=9.18158 25.8174 33.4007 19.6938 24.6128 15.6529 13.2811 13.2091 12.0397 21.8632 19.0016 42.37 12.0397 12.4571
threshold=0.99500000000000111 27.385000000000002 25.950000000000003 2.5000000000000004 0.6900000000000005 1.0000000180025095e-35 0.99599981283320382 1.0000000180025095e-35 4.0750000000000011 3.7500000000000004 -0.58424966563743441 -0.91792564226701101 19.425000000000004 -0.15858851532202847
decision_type=2 2 2 2 2 2 2 2 2 2 2 2 2 2
left_child=1 2 3 6 -5 -3 8 -7 9 -1 11 -11 -10 -14
right_child=-2 5 -4 4 -6 7 -8 -9 12 10 -12 -13 13 -15
leaf_value=0.0056113625403075513 -0.00037215166881594982 -0.034148955345247721 0.046921450944001811 0.0093138447252130874 0.075392140052765885 0.014145631115247909 0.1067652912946897 -0.018255295711173781 -0.02123684974910077 0.014420368296443931 0.020935119874695762 0.53998261700093664 -0.035320112940275927 0.025684222705515288
leaf_weight=16.096089741215113 12687.10548088653 55.702650685794652 53.743141470476985 477.76134383864701 14.520629187580196 61.920035594142973 2.5018891561776391 63.934537025168538 125.97412684140727 0.77173240180127323 1.4022452076897014 0.76227120077237509 11.403555445373057 31.43950329720974
leaf_count=4393 341229 1085 370 14814 446 1131 49 569 7522 169 309 158 268 288
internal_value=-2.27676e-05 0.0048062 0.00896988 0.00598198 0.0112629 -0.0120812 -0.00767546 -0.00231415 -0.00919965 0.0284999 0.153971 0.275581 -0.0134499 0.00944667
internal_weight=13605 917.934 736.377 682.633 492.282 181.557 190.351 125.855 187.85 19.0323 2.93625 1.534 168.817 42.8431
internal_count=372800 31571 28786 28416 15260 2785 13156 1700 13107 5029 636 327 8078 556
is_linear=0
shrinkage=0.05


Tree=122
num_leaves=15
num_cat=0
split_feature=5 3 3 5 2 3 5 10 3 1 3 11 3 1
split_gain=8.85071 12.7492 28.2813 16.7 12.6914 16.4665 15.5977 33.6241 24.3455 20.9883 12.152 12.0315 11.9638 11.6863
threshold=-0.90905222235081207 98.63000000000001 101.23500000000001 -0.96759678964602525 1.0050000000000001 35.005000000000003 -0.86927725521452082 3.5000000000000004 21.965000000000003 1.5000000000000002 10.960000000000003 1.0000000180025095e-35 2.9850000000000003 1.5000000000000002
decision_type=2 2 2 2 2 2 2 2 2 2 2 2 2 2
left_child=1 3 -3 -1 5 6 7 8 11 -9 -11 -2 -6 -13
right_child=4 2 -4 -5 12 -7 -8 9 -10 10 -12 13 -14 -15
leaf_value=6.9381930678835232e-05 0.0085222475298531164 0.068460126531917437 -1.9094532019098081e-05 -0.0083438859466888719 -0.029410736243083171 0.020796872107245803 0.0016306673167580865 -0.024063344253233237 0.091372703768976271 -0.015223946276192439 0.039514713538063163 0.10583291054471321 -0.0004349754304924944 0.022595575250044304
leaf_weight=1455.8027534091379 34.448413148056716 19.972066514194012 61.518741294741631 991.5790240210481 35.793749803677201 126.15632232557982 3242.0226197768934 50.767189527861774 19.296903135254979 14.791552174137903 32.235017343424261 7.6371516296640065 7502.1419113276061 9.4153811344876868
leaf_count=39914 1770 104 521 28090 8105 1084 112512 1822 152 509 382 244 177479 112
internal_value=-2.25979e-05 -0.00269152 0.016764 -0.00333933 0.000586841 0.00305789 0.00240174 0.0172294 0.043473 -0.00176961 0.0222974 0.0255255 -0.000572566 0.0598743
internal_weight=13603.6 2528.87 81.4908 2447.38 11074.7 3536.77 3410.61 168.592 70.7978 97.7938 47.0266 51.5009 7537.94 17.0525
internal_count=372800 68629 625 68004 304171 118587 117503 4991 2278 2713 891 2126 185584 356
is_linear=0
shrinkage=0.05


Tree=123
num_leaves=15
num_cat=0
split_feature=6 5 3 7 9 9 3 1 2 10 2 2 9 9
split_gain=8.74794 10.2443 12.4635 9.60856 13.3844 12.9778 14.4901 12.3483 16.7551 16.9764 15.5265 33.1923 14.0482 19.3257
threshold=4.5000000000000009 -0.13701201561689402 5.9400000000000004 1.0000000180025095e-35 5.5000000000000009 6.5000000000000009 34.905000000000008 1.5000000000000002 16.125000000000004 9.5000000000000018 2.0550000000000002 2.1050000000000009 6.5000000000000009 4.5000000000000009
decision_type=2 2 2 2 2 2 2 2 2 2 2 2 2 2
left_child=3 -2 -3 7 -5 6 -6 10 9 12 -1 -12 13 -9
right_child=1 2 -4 4 5 -7 -8 8 -10 -11 11 -13 -14 -15
leaf_value=-0.004888851249911925 -0.0042355716212731896 -0.02095281145061673 0.0021780078147456828 0.0054591522565059789 -0.0062902068528038193 0.00044525904801481298 -0.045047153746473473 0.0025721024447502069 -0.032883074068514165 0.010736732019985996 0.13013505207557383 0.0014060807351734773 0.0079837941480391198 -0.0060253936254487991
leaf_weight=2190.7475529951043 2225.0825066086836 60.829916248563677 1366.1176031604409 1902.7775969521608 75.890804562252015 455.03911150619388 35.349783658981323 1759.7005872861482 34.51631620619446 496.82689690589905 5.0257651046849778 1381.1981244029012 571.02790280245245 1039.8870708085597
leaf_count=107492 65646 7445 32755 45105 624 5030 216 52519 356 4694 160 38013 4041 8704
internal_value=-2.19648e-05 -0.00211489 0.00119195 0.000746374 0.00345087 -0.00329725 -0.0186063 -0.000146474 0.00179875 0.00210828 -0.00226844 0.00187279 0.000836456 -0.000621377
internal_weight=13600 3652.03 1426.95 9947.99 2469.06 566.28 111.241 7478.93 3901.96 3867.44 3576.97 1386.22 3370.62 2799.59
internal_count=372800 105846 40200 266954 50975 5870 840 215979 70314 69958 145665 38173 65264 61223
is_linear=0
shrinkage=0.05


Tree=124
num_leaves=15
num_cat=0
split_feature=2 11 10 9 10 2 2 3 3 2 2 3 3 3
split_gain=8.51458 8.65601 11.8618 12.1515 11.619 25.4598 19.7147 22.4044 15.1698 13.0565 16.1761 11.352 38.99 32.2678
threshold=27.475000000000005 1.0000000180025095e-35 2.5000000000000004 1.0000000180025095e-35 2.5000000000000004 0.99500000000000111 0.6900000000000005 21.965000000000003 11.960000000000003 9.8700000000000028 1.3949999999999998 26.960000000000004 28.500000000000004 23.640000000000004
decision_type=2 2 2 2 2 2 2 2 2 2 2 2 2 2
left_child=1 4 3 -3 11 6 7 -6 9 10 -7 13 -13 -1
right_child=-2 2 -4 -5 5 8 -8 -9 -10 -11 -12 12 -14 -15
leaf_value=0.0042673922257578968 -0.023502104787854226 -0.017071896098335995 0.0013117158487338911 0.0017093421005739456 0.0025014397413584853 -0.0033091644814830057 0.071145121115707435 0.060152587930196559 -0.0023225707953870378 0.043771028057976731 -0.018052907500659337 0.046050928148434957 -0.0029801915263619762 -0.017756491653824476
leaf_weight=945.18382708728313 38.499340546317399 181.07011143187992 8629.1169613869861 164.24449647217989 118.9901330191642 345.58608803828247 14.925724167376755 19.632715733721852 2344.3403675043955 10.941458563320337 402.9598251786083 61.859093916602433 117.68229262065142 201.8235774692148
leaf_count=54219 618 15927 193784 1167 4352 20131 433 188 46213 308 28892 765 2225 3578
internal_value=-2.14946e-05 4.51792e-05 0.000948081 -0.00813884 -0.00172253 -0.00332896 0.0165452 0.0106664 -0.00431215 -0.0104535 -0.0112461 0.00222212 0.013913 0.000392143
internal_weight=13596.9 13558.4 8974.43 345.315 4583.93 3257.38 153.549 138.623 3103.83 759.487 748.546 1326.55 179.541 1147.01
internal_count=372800 372182 210878 17094 161304 100517 4973 4540 95544 49331 49023 60787 2990 57797
is_linear=0
shrinkage=0.05


Tree=125
num_leaves=15
num_cat=0
split_feature=1 1 5 6 5 3 5 5 3 4 9 0 1 2
split_gain=8.42252 9.88489 9.98758 7.95997 8.88964 10.8446 8.2531 11.6888 14.0677 13.1986 11.9653 14.808 12.8689 11.8192
threshold=52.500000000000007 131.50000000000003 0.83985479045490841 4.5000000000000009 -0.13701201561689402 5.9400000000000004 0.60702770852580734 0.92554050401756627 63.055000000000007 -0.0479781285213439 2.5000000000000004 1.0000000180025095e-35 23.500000000000004 2.4550000000000005
decision_type=2 2 2 2 2 2 2 2 2 2 2 2 2 2
left_child=3 2 -2 6 -5 -6 -1 8 -8 10 11 12 -9 -12
right_child=1 -3 -4 4 5 -7 7 9 -10 -11 13 -13 -14 -15
leaf_value=0.0010383040393989035 0.012581878498338623 -0.012295110694896369 -0.024943115190099351 -0.0042622816512450845 -0.020283813392468139 0.0018064730896471138 -0.0073872366577706827 0.026979137050999049 0.025753372954686521 -0.013515878592217274 -0.018354448096252616 0.13443884499232781 -0.028856714066493584 0.025437589470741109
leaf_weight=8538.900255508488 315.329334017355 55.612351800780743 18.788600999861956 2163.2908962399233 58.000552194891497 1319.5755052177701 855.06351540307514 91.955877090571448 33.26729204505682 61.609611807391047 44.013051900081336 2.9436804242432109 11.623906974215059 23.706730626523495
leaf_count=229863 3415 641 399 65056 7350 32255 25907 4294 264 2331 459 137 247 182
internal_value=-2.12122e-05 0.00722302 0.0104717 -0.000235034 -0.00226308 0.000876398 0.000508106 -0.00351909 -0.00614615 0.00637561 0.0134089 0.0238558 0.0207131 -0.00302413
internal_weight=13593.7 389.73 334.118 13204 3540.87 1377.58 9663.08 1124.18 888.331 235.853 174.243 106.523 103.58 67.7198
internal_count=372800 4455 3814 368345 104661 39605 263684 33821 26171 7650 5319 4678 4541 641
is_linear=0
shrinkage=0.05


Tree=126
num_leaves=15
num_cat=0
split_feature=4 5 4 3 5 1 9 3 3 3 12 4 3 5
split_gain=8.00417 37.9707 17.5836 33.5301 18.8697 42.99 22.3109 16.4483 16.123 19.1287 15.2433 13.6051 14.5234 19.7074
threshold=-0.78935016367528243 -0.54280675319151028 -0.82039949111557775 21.890000000000004 -0.56999676259630283 3.5000000000000004 3.5000000000000004 96.945000000000007 3.7500000000000004 3.225000000000001 1.0000000180025095e-35 -0.66098293165790289 10.360000000000001 0.64445579466475167
decision_type=2 2 2 2 2 2 2 2 2 2 2 2 2 2
left_child=1 2 4 8 5 6 -1 -5 9 -4 -6 12 13 -2
right_child=11 -3 3 7 10 -7 -8 -9 -10 -11 -12 -13 -14 -15
leaf_value=0.24356266388751072 0.016931742907569988 0.00044996627319864903 0.035559666800378531 0.039348402863441857 0.0028248295061239184 -0.0045755260251520583 0.084132318722230773 -0.029784544500399013 -0.011250120551131058 0.29410695423405503 0.045971622338607854 -0.00016181071740050274 -0.0088986695499321238 -0.01506868323090212
leaf_weight=4.1798157142475265 136.9605716066435 4274.586771157803 4.0527330779004833 86.130339365452528 37.570136984111741 7.2490769852884105 4.6197642162442207 9.5586627870798093 113.01206354913302 0.86874505970627058 44.974581029964611 7905.6336737470701 888.49834335874766 74.166314549394883
leaf_count=198 7691 102305 609 988 1150 84 53 99 3348 54 1141 234081 16344 4655
internal_value=-2.06749e-05 0.00167944 0.0185123 0.0104512 0.0359784 0.0855866 0.159862 0.0324425 -0.00739214 0.0811987 0.0263334 -0.000886624 -0.00609759 0.00569038
internal_weight=13592.1 4586.8 312.216 213.623 98.5934 16.0487 8.79958 95.689 117.934 4.92148 82.5447 9005.26 1099.63 211.127
internal_count=372800 110029 7724 5098 2626 335 251 1087 4011 663 2291 262771 28690 12346
is_linear=0
shrinkage=0.05


Tree=127
num_leaves=15
num_cat=0
split_feature=1 4 5 2 5 4 7 5 4 9 4 10 0 3
split_gain=7.91136 13.2886 14.3584 12.6439 12.5615 9.83035 9.5341 8.52907 10.3859 8.31292 18.3701 26.6526 13.9762 13.8605
threshold=17.500000000000004 0.72085188119920351 0.21217767215644626 4.3550000000000022 0.5094157245188784 0.99930993162990944 1.0000000180025095e-35 -0.95566235021011103 -0.55738156824517471 1.0000000180025095e-35 0.82288656328208976 13.000000000000002 1.0000000180025095e-35 68.850000000000009
decision_type=2 2 2 2 2 2 2 2 2 2 2 2 2 2
left_child=9 3 5 6 -4 -3 -2 -8 -9 10 -1 -12 13 -11
right_child=1 2 4 -5 -6 -7 7 8 -10 12 11 -13 -14 -15
leaf_value=-0.00083938665968285491 0.0013072526098401903 0.011127990226640643 0.054929444938247342 -0.009291352231401635 -0.0054827584998483085 -0.031997453308594652 0.033992912932723447 0.015971280625745911 -0.0075835790354877326 0.00053624649818657792 -0.014664955308022296 0.012216734258320885 -0.0074735003624877604 0.012527019611370947
leaf_weight=2967.3513848482398 1293.3418796081096 184.67638830747455 33.336420260835439 240.80151126813143 11.598349602427332 14.23262918088585 37.464579142164439 140.01082123769447 70.291918385773897 7166.7029556487687 542.73081362817902 111.07965643331409 528.86753588728607 249.39135714620352
leaf_count=222878 15986 2114 364 2029 172 162 454 1473 808 63847 53249 3104 5060 1100
internal_value=-2.0666e-05 0.00286175 0.013809 0.00136369 0.0393361 0.00804222 0.00302856 0.0120138 0.00809827 -0.000525508 -0.00251103 -0.0100979 0.000379455 0.000939477
internal_weight=13591.9 2025.75 243.844 1781.91 44.9348 198.909 1541.11 247.767 210.303 11566.1 3621.16 653.81 7944.96 7416.09
internal_count=372800 23562 2812 20750 536 2276 18721 2735 2281 349238 279231 56353 70007 64947
is_linear=0
shrinkage=0.05


Tree=128
num_leaves=15
num_cat=0
split_feature=5 2 3 3 5 2 5 2 3 9 1 3 5 3
split_gain=7.83543 11.5429 11.2076 25.5089 15.0222 11.1486 12.0587 10.5481 10.1472 10.11 13.4003 9.89897 16.9864 41.3385
threshold=-0.90905222235081207 1.6550000000000005 98.63000000000001 104.24500000000002 -0.96759678964602525 12.065000000000001 -0.98442422532924934 1.6299999999999975 4.0750000000000011 1.5000000000000002 4.5000000000000009 21.965000000000003 -0.87985392543367547 31.500000000000004
decision_type=2 2 2 2 2 2 2 2 2 2 2 2 2 2
left_child=2 7 4 -4 5 9 -7 11 -3 10 -1 -2 13 -13
right_child=1 8 3 -5 -6 6 -8 -9 -10 -11 -12 12 -14 -15
leaf_value=-0.012296401690374692 0.0011817399489096544 -0.016749590073645959 0.057575652521963006 -0.0029869144304904838 -0.0079148019287426409 0.060663432189899391 -0.014438812776590966 0.05504623101746077 -0.00039758054202298056 0.0025991656331626773 0.0048211474203796014 0.088864232116972419 0.0057878428941850173 -0.022021969444822966
leaf_weight=322.00104235927574 2842.1758528556675 96.145046579418704 25.149005498737097 56.3332294896245 984.55932600679807 15.212924101389946 8.239777769893406 9.6316388007253391 7174.5585293469485 931.70530690206215 177.28035437897779 19.717985576018691 909.36062919627875 14.649645552970467
leaf_count=26007 116028 16136 154 471 28090 263 126 169 161133 7702 5816 115 10417 173
internal_value=-2.0108e-05 0.000552933 -0.00253606 0.0157054 -0.00314547 8.30509e-05 0.0342773 0.00278794 -0.000613813 -0.000477365 -0.00621846 0.002655 0.00709192 0.0415976
internal_weight=13586.7 11066.2 2520.48 81.4822 2439 1454.44 23.4527 3795.54 7270.7 1430.99 499.281 3785.9 943.728 34.3676
internal_count=372800 304171 68629 625 68004 39914 389 126902 177269 39525 31823 126733 10705 288
is_linear=0
shrinkage=0.05


Tree=129
num_leaves=15
num_cat=0
split_feature=2 7 5 2 3 3 3 4 4 2 0 5 2 10
split_gain=7.73179 8.01912 16.4557 19.8957 17.6318 16.5831 26.092 21.5721 25.0949 30.7158 18.359 17.771 16.1573 16.0801
threshold=27.475000000000005 1.0000000180025095e-35 -0.99851060265596125 0.40500000000000008 5.9400000000000004 27.135000000000002 35.45000000000001 0.99894830403340429 -0.92471001826442634 2.2800000000000007 1.0000000180025095e-35 0.370557437509836 4.0150000000000015 2.5000000000000004
decision_type=2 2 2 2 2 2 2 2 2 2 2 2 2 2
left_child=1 -1 3 -3 -4 10 7 8 9 -7 -6 -8 -11 -12
right_child=-2 2 4 -5 5 6 11 -9 -10 12 13 -13 -14 -15
leaf_value=-0.00065059108160789162 -0.022633889890895639 0.05730260521039178 -0.010521392191588957 -0.023752114668212934 0.006103899758856602 -0.038508408986792024 0.002206849775951369 0.058905961827470293 -0.015940207174797268 0.053276535429961608 -0.010780579742858672 0.022652936636063218 0.0092854731249895957 0.04952359822808225
leaf_weight=10219.317293165834 37.691628897096962 8.2181641012430173 230.31057663587853 96.111126678762957 1635.0356665272266 27.256518189795315 602.44910625834018 11.6283274712041 418.89307029824704 28.39132986497134 14.72771869972348 129.03820439614356 78.818257097154856 44.320802424103022
leaf_count=301594 618 47 18221 1834 35050 289 4954 94 6193 380 449 1303 809 965
internal_value=-1.95381e-05 4.3393e-05 0.00217621 -0.0173673 0.00280926 0.00383589 -0.00042022 -0.00849118 -0.00990747 0.00888589 0.00709306 0.00581365 0.0209352 0.0344827
internal_weight=13582.2 13544.5 3325.2 104.329 3220.87 2990.56 1296.47 564.988 553.359 134.466 1694.08 731.487 107.21 59.0485
internal_count=372800 372182 70588 1881 68707 50486 14022 7765 7671 1478 36464 6257 1189 1414
is_linear=0
shrinkage=0.05


Tree=130
num_leaves=15
num_cat=0
split_feature=4 10 4 10 10 4 1 2 3 9 9 9 0 3
split_gain=7.67267 14.8615 13.2765 17.3977 11.3618 10.21 11.4985 8.92194 11.4163 10.7893 15.532 14.7507 18.6439 24.8816
threshold=-0.99970967602773309 5.5000000000000009 -0.99771148674921373 7.5000000000000009 8.5000000000000018 -0.99894830403340407 1.0000000180025095e-35 27.475000000000005 117.91500000000001 1.0000000180025095e-35 4.5000000000000009 6.5000000000000009 1.0000000180025095e-35 35.45000000000001
decision_type=2 2 2 2 2 2 2 2 2 2 2 2 2 2
left_child=1 -1 3 -2 -5 -6 -7 8 9 -4 -11 12 13 -12
right_child=2 -3 7 4 5 6 -8 -9 -10 10 11 -13 -14 -15
leaf_value=0.0056940122899533973 0.017288671249518734 -0.022797693157820605 -0.0024323693793973965 -0.045135944383032714 -0.023743810428292617 0.049000798126645942 -0.011439881732459781 -0.025893277815661572 0.010407313088172847 0.0035582198381620884 -0.0032430783172408455 0.0023227243469573404 -0.017837471417406672 0.012921892376848043
leaf_weight=82.443290261318907 228.73826775839552 102.88484681188129 3955.6752713938477 18.02206289418973 24.423674603458494 16.032062087208036 15.454706184333189 33.489389560651034 255.74596945941448 3104.5214288122952 3035.2087651123293 2252.5687304073945 196.28698924602941 258.30877138674259
leaf_count=2673 5854 1457 285081 536 324 252 151 572 1780 22742 27745 20559 1858 1216
internal_value=-1.92534e-05 -0.0101231 0.000120546 0.0104735 -0.010612 0.00051641 0.0193346 -0.000118804 -5.27031e-05 -0.000261654 0.000708929 -0.000831494 -0.00286745 -0.00197527
internal_weight=13579.8 185.328 13394.5 302.671 73.9325 55.9104 31.4868 13091.8 13058.3 12802.6 8846.89 5742.37 3489.8 3293.52
internal_count=372800 4130 368670 7117 1263 727 403 361553 360981 359201 74120 51378 30819 28961
is_linear=0
shrinkage=0.05


Tree=131
num_leaves=15
num_cat=0
split_feature=2 5 4 10 3 0 10 1 2 10 8 3 2 12
split_gain=7.59044 10.4955 11.3014 10.8975 8.90555 10.0009 9.83078 8.07282 17.2971 16.3882 27.4107 19.201 15.9107 14.4983
threshold=15.090000000000005 -0.79202145701753912 -0.5628049276950684 2.5000000000000004 128.53500000000003 1.0000000180025095e-35 14.500000000000002 5.5000000000000009 3.0400000000000009 14.500000000000002 1.0000000180025095e-35 18.995000000000001 5.9550000000000027 1.0000000180025095e-35
decision_type=2 2 2 2 2 2 2 2 2 2 2 2 2 2
left_child=4 2 -2 -3 7 -6 -7 9 -9 12 11 -11 -1 -10
right_child=1 3 -4 -5 5 6 -8 8 13 10 -12 -13 -14 -15
leaf_value=-0.0010162677515620411 0.057928950410081281 -0.064793459556312938 -0.00038834576418864987 -0.012125475937512002 0.037457531428924731 0.018580730649128296 -0.023464941093523567 0.0033875192836736131 -0.012317687130595237 0.044664939236766517 -0.014385228587990566 0.00034576229664385813 0.0061434963843181728 0.00048327282102703919
leaf_weight=7230.3375401915982 9.0610929839313012 10.391117249615489 99.905588933266699 179.13420045236126 33.42232695966959 38.368315920233727 21.801884345710278 3528.9071497183759 348.95907515101135 32.81459298171103 471.87528595235199 95.746907308697701 869.22964667808264 604.13490812992677
leaf_count=276915 62 104 1296 2685 143 201 103 53506 4126 791 7981 1529 17738 5620
internal_value=-1.88075e-05 -0.00790394 0.00446101 -0.0150131 0.000158484 0.0155274 0.00334603 4.93641e-05 0.00177328 -0.000838749 -0.00880903 0.011658 -0.000247896 -0.00420358
internal_weight=13574.1 298.492 108.967 189.525 13275.6 93.5925 60.1702 13182 4482 8700 600.437 128.562 8099.57 953.094
internal_count=372800 4147 1358 2789 368653 447 304 368206 63252 304954 10301 2320 294653 9746
is_linear=0
shrinkage=0.05


Tree=132
num_leaves=15
num_cat=0
split_feature=2 3 3 2 10 4 12 0 5 3 3 5 5 3
split_gain=7.4923 22.3196 29.8475 23.2523 15.2873 14.6215 13.0265 11.4721 11.1132 10.9347 15.4488 11.0245 22.2283 11.0213
threshold=0.99500000000000111 27.385000000000002 25.950000000000003 0.96999999999999997 2.5000000000000004 0.5094157245188784 1.0000000180025095e-35 1.0000000180025095e-35 0.99599981283320382 4.0750000000000011 3.7500000000000004 -0.61566147532565851 -0.91792564226701101 19.425000000000004
decision_type=2 2 2 2 2 2 2 2 2 2 2 2 2 2
left_child=1 2 3 4 8 6 -3 -8 9 10 -1 12 -12 -11
right_child=-2 5 -4 -5 -6 -7 7 -9 -10 13 11 -13 -14 -15
leaf_value=0.005884934736493137 -0.00033492576905282275 -0.042904777522928976 0.04390074466016252 0.15779162525750626 0.0094058862169536135 0.010432561493286543 0.01096446388927374 -0.026532019266690757 0.09266783990664422 -0.02053534634711323 0.014289446245067606 0.034558790428155906 0.37654261356510038 0.0089581903196518497
leaf_weight=16.016949411481622 12652.753438897547 43.596483522094786 54.17531499825418 2.4924010857939711 495.0784089921508 53.305483773350716 38.161745632067323 43.823730744421482 2.7378574777394524 123.43979291128926 0.77318859728984535 1.7657860643230368 0.93624174501746915 42.608529499731958
leaf_count=4393 341229 1239 370 60 15200 815 310 421 49 7522 169 359 108 556
internal_value=-1.83298e-05 0.00434097 0.00817224 0.00535005 0.00479405 -0.0115083 -0.0208215 -0.00907855 -0.0073328 -0.00880842 0.0266192 0.122181 0.212693 -0.0129672
internal_weight=13571.7 918.912 740.024 685.849 683.357 178.887 125.582 81.9855 188.278 185.54 19.4922 3.47522 1.70943 166.048
internal_count=372800 31571 28786 28416 28356 2785 1970 731 13156 13107 5029 636 277 8078
is_linear=0
shrinkage=0.05


Tree=133
num_leaves=15
num_cat=0
split_feature=6 7 9 9 3 5 4 10 3 4 10 2 5 5
split_gain=7.12376 8.35448 11.968 11.6448 13.0371 10.5459 19.5425 14.6519 13.3148 15.6426 16.5721 12.5296 12.1135 11.5681
threshold=4.5000000000000009 1.0000000180025095e-35 5.5000000000000009 6.5000000000000009 34.905000000000008 -0.019633645735922151 -0.99771148674921373 9.5000000000000018 13.995000000000003 0.97387466162284198 14.500000000000002 2.9950000000000006 -0.60006981186135366 -0.51129308607705204
decision_type=2 2 2 2 2 2 2 2 2 2 2 2 2 2
left_child=1 5 -3 4 -4 6 11 -8 12 -10 -11 -1 -9 -14
right_child=-2 2 3 -5 -6 -7 7 8 9 10 -12 -13 13 -15
leaf_value=0.032295232255793914 -0.0019123825184632769 0.0050889746312199448 -0.0062534132757392519 0.00032774730462803875 -0.043503516560015519 -0.0028533905557543114 -0.00046646378969959849 0.0087371934800245452 0.0022375410871347981 0.05849005944397883 -0.0049401735104799682 -0.0057562131667577409 0.081870160634922556 0.026884511838620118
leaf_weight=80.107186662731692 3634.1196562338155 1905.8394544337643 75.626867834478617 454.42223568400368 34.071229740977287 2443.467122290167 4170.6236937148497 62.444222941761836 589.01762959174812 26.078449551016092 17.016369422897696 29.638109315186739 13.26978873554617 34.264742359984666
leaf_count=1979 105846 45105 624 5030 216 72979 131125 1707 5986 296 210 524 194 979
internal_value=-1.81286e-05 0.000674708 0.00319542 -0.00320181 -0.017823 -0.000159222 0.00115151 0.000685354 0.00715868 0.00436507 0.0334441 0.022019 0.0232152 0.0422344
internal_weight=13570 9935.89 2469.96 564.12 109.698 7465.93 5022.46 4912.71 742.091 632.112 43.0948 109.745 109.979 47.5345
internal_count=372800 266954 50975 5870 840 215979 143000 140497 9372 6492 506 2503 2880 1173
is_linear=0
shrinkage=0.05


Tree=134
num_leaves=15
num_cat=0
split_feature=1 4 6 2 2 3 3 3 10 1 4 5 2 3
split_gain=7.03888 9.5323 7.50478 6.96746 11.1883 16.1246 9.78781 16.7867 9.33001 18.0764 12.2462 11.6998 11.9438 11.9922
threshold=52.500000000000007 -0.96759678964602536 2.5000000000000004 1.2899999999999989 1.1249999999999998 3.7500000000000004 53.895000000000003 48.340000000000011 1.5000000000000002 1.5000000000000002 -0.93435781809160678 -0.99674141811544459 9.8700000000000028 8.9950000000000028
decision_type=2 2 2 2 2 2 2 2 2 2 2 2 2 2
left_child=3 -2 -3 4 6 -6 7 -1 9 10 -5 -12 13 -13
right_child=1 2 -4 8 5 -7 -8 -9 -10 -11 11 12 -14 -15
leaf_value=0.00096072826739042284 0.024450036487907709 0.012541277171191448 -0.0029177843020248319 0.081505989438829002 0.15471322670363272 0.020946601680508398 0.013343290188504213 -0.061287480403567331 -0.0012128587967688747 -0.010100992906009638 0.081210381432666665 0.083991580477809288 0.040336949244368009 -0.016657507967879903
leaf_weight=4146.6033988967538 62.73486459068954 129.65959218051285 199.00021611107513 9.5254243407398445 2.6652510538697269 14.559705615276469 161.52017652243376 10.858971480280159 8717.1128980340436 51.346171694807708 7.0864600460045031 3.2913791052997103 23.332645582966506 29.350062277168036
leaf_count=145936 606 1503 2346 298 157 586 896 312 217574 758 123 414 266 1025
internal_value=-1.77306e-05 0.00659009 0.00318097 -0.000213998 0.00142769 0.0416446 0.0012673 0.000798141 -0.00101919 0.0126032 0.0286638 0.0206819 0.0130188 -0.00650862
internal_weight=13568.6 391.395 328.66 13177.3 4336.21 17.225 4318.98 4157.46 8841.05 123.932 72.586 63.0605 55.9741 32.6414
internal_count=372800 4455 3849 368345 147887 743 147144 146248 220458 2884 2126 1828 1705 1439
is_linear=0
shrinkage=0.05


Tree=135
num_leaves=15
num_cat=0
split_feature=2 5 10 1 4 3 5 6 3 5 5 4 8 10
split_gain=7.06409 9.46802 10.4827 10.1844 8.31274 8.04319 15.3264 9.54918 9.01222 7.9158 15.0315 35.1549 16.768 24.2145
threshold=15.090000000000005 -0.79202145701753912 2.5000000000000004 6.5000000000000009 -0.43837114678907735 117.91500000000001 0.089328680705530225 1.0000000180025095e-35 107.97500000000001 -0.83985479045490818 -0.54280675319151028 -0.82039949111557775 1.0000000180025095e-35 2.5000000000000004
decision_type=2 2 2 2 2 2 2 2 2 2 2 2 2 2
left_child=5 3 -3 4 -2 8 7 -7 9 -1 11 12 13 -11
right_child=1 2 -4 -5 -6 6 -8 -9 -10 10 -12 -13 -14 -15
leaf_value=-0.002022239768159509 0.039952125403060035 -0.064038807662849015 -0.011637993765835792 -0.031376762643536553 0.0029433648970232217 0.034211795636209588 0.045036459325606938 -0.0019828725644825385 -0.018395393409521808 0.14025134808561188 -0.00027460676160876075 0.0030721799619175452 0.01349487524262582 0.040298760515280786
leaf_weight=3259.4083640980534 19.167921280488372 10.08606358990073 177.6339304074645 17.088507426902652 72.804060209542513 21.942276790738106 27.856027081608772 107.50442261248827 66.112086109817028 7.1823913527186951 7450.2581817926839 2243.0046840956202 47.211706202244386 38.753616423811764
leaf_count=89170 202 104 2685 164 992 121 154 620 547 472 211834 63690 1055 990
internal_value=-1.72124e-05 -0.00764638 -0.0144535 0.00407027 0.0106564 0.000153422 0.0113924 0.00415242 1.85891e-05 0.000111905 0.000822692 0.0043221 0.0344204 0.055927
internal_weight=13566 296.78 187.72 109.06 91.972 13269.2 157.303 129.447 13111.9 13045.8 9786.41 2336.15 93.1477 45.936
internal_count=372800 4147 2789 1358 1194 368653 895 741 367758 367211 278041 66207 2517 1462
is_linear=0
shrinkage=0.05


Tree=136
num_leaves=15
num_cat=0
split_feature=11 10 2 2 3 3 3 2 10 5 7 4 1 1
split_gain=6.95033 10.6985 20.436 15.5256 17.9418 13.9802 29.6639 28.6106 23.7013 23.0774 12.8914 13.9161 16.766 12.9303
threshold=1.0000000180025095e-35 2.5000000000000004 0.99500000000000111 0.6900000000000005 21.965000000000003 19.425000000000004 26.465000000000003 1.3949999999999998 3.5000000000000004 0.20364175114017766 1.0000000180025095e-35 0.5428067531915105 1.5000000000000002 1.0000000180025095e-35
decision_type=2 2 2 2 2 2 2 2 2 2 2 2 2 2
left_child=1 -1 3 4 -3 -4 8 -8 -7 10 13 12 -12 -10
right_child=-2 2 5 -5 -6 6 7 -9 9 -11 11 -13 -14 -15
leaf_value=0.0021779856723248068 0.00078993688807116585 0.0017948207920443341 -0.0065912687379915402 0.061095738648701603 0.052551114643680778 -0.0067051680509859352 0.044301040115594083 -0.010611838167952596 0.0038628671516785801 -0.0056928979029302815 0.11763124252543065 0.012148026292805819 0.036350734323296864 0.026734145921848879
leaf_weight=1326.8207521035802 8994.4304403918795 120.03809742862359 1963.028241054737 16.030862820334733 20.364917106926441 183.6702721612528 24.869085033424199 513.45238908659667 102.36080932337791 101.19562794733793 10.856728848069908 17.135218364186585 15.265239251777528 155.94194619450718
leaf_count=60836 211373 4352 78719 433 188 2689 169 8723 1754 1341 243 298 157 1525
internal_value=-1.68815e-05 -0.00160446 -0.00315141 0.0144794 0.00915683 -0.00404463 0.000400045 -0.008075 0.00817989 0.014968 0.0219012 0.0471633 0.0701323 0.0176707
internal_weight=13565.5 4571.03 3244.21 156.434 140.403 3087.78 1124.75 538.321 586.426 402.756 301.56 43.2572 26.122 258.303
internal_count=372800 161427 100591 4973 4540 95618 16899 8892 8007 5318 3977 698 400 3279
is_linear=0
shrinkage=0.05


Tree=137
num_leaves=15
num_cat=0
split_feature=4 10 4 10 10 4 1 12 5 5 1 4 10 3
split_gain=6.77827 13.422 11.0095 14.8637 10.6502 9.14495 9.88893 8.21934 11.943 9.61206 10.1691 9.61157 8.15971 15.5613
threshold=-0.99970967602773309 5.5000000000000009 -0.99771148674921373 7.5000000000000009 8.5000000000000018 -0.99894830403340407 1.0000000180025095e-35 1.0000000180025095e-35 0.058870663549117255 0.021814885034560704 7.5000000000000009 -0.99894830403340407 3.5000000000000004 21.965000000000003
decision_type=2 2 2 2 2 2 2 2 2 2 2 2 2 2
left_child=1 -1 3 7 -5 -6 -7 8 9 10 11 -2 -9 -14
right_child=2 -3 -4 4 5 6 -8 12 -10 -11 -12 -13 13 -15
leaf_value=0.0053976420841631133 0.029762070772181626 -0.021749851302582918 -0.00010499036737508521 -0.044200869708557779 -0.022815354840600734 0.04477462134428558 -0.01089797722553458 -0.0043398847653333813 0.059207028458389079 -0.011731786409898977 0.04557112278362449 -0.02354687055655591 0.018662975318613318 0.064421996204737
leaf_weight=82.701017945772037 15.548120358493174 101.29916692525148 13073.521135195624 17.467538683325984 23.978195125935599 16.608282777480785 15.347058087121694 18.726026579039171 10.007793142227454 59.058718885527924 20.159183877054602 18.535292743705217 64.090667450218461 26.164212578907609
leaf_count=2673 585 1457 361553 536 324 252 151 455 306 1522 281 702 1773 230
internal_value=-1.67493e-05 -0.0095481 0.000114332 0.00949413 -0.0101194 0.000523955 0.018037 0.0156918 0.00684978 0.00222512 0.0174212 0.000771522 0.0256963 0.0319282
internal_weight=13563.2 184 13379.2 305.691 73.4011 55.9335 31.9553 232.29 123.309 113.301 54.2426 34.0834 108.981 90.2549
internal_count=372800 4130 368670 7117 1263 727 403 5854 3396 3090 1568 1287 2458 2003
is_linear=0
shrinkage=0.05


Tree=138
num_leaves=15
num_cat=0
split_feature=3 5 10 0 3 5 2 5 2 4 3 2 3 7
split_gain=6.74568 6.81464 9.97431 16.8981 15.2092 15.5684 14.8912 18.2677 13.8854 18.1132 17.6476 31.2551 21.653 23.9591
threshold=2.9850000000000003 -0.90905222235081207 4.5000000000000009 1.0000000180025095e-35 99.685000000000016 -0.91792564226701101 0.40500000000000008 -0.99946220892790427 2.9849999999999999 -0.1326885612468873 19.985000000000003 1.9900000000000013 24.160000000000004 1.0000000180025095e-35
decision_type=2 2 2 2 2 2 2 2 2 2 2 2 2 2
left_child=-1 2 8 4 6 -6 7 -4 10 -10 -2 -12 13 -13
right_child=1 -3 3 -5 5 -7 -8 -9 9 -11 11 12 -14 -15
leaf_value=-0.015344554064913639 -0.0063574993612110151 0.00059970210190216317 0.058425944360043724 -0.014716564580371898 0.0055068516372616186 0.072002207833583312 0.00010198304702216264 0.005805924223668997 -0.02971670423354271 -0.0052212047731642688 -0.0056479717823872191 0.05029304607402723 0.014846490174659503 0.17271827839376103
leaf_weight=71.398207615595311 600.42341584037058 10999.459410494193 24.617894796654582 161.19796485337429 20.098843701183796 15.66136948764324 1123.7793237180449 49.980299756629393 122.73234877642244 195.96850654459558 105.96577750984579 23.513352646492425 43.180631622672081 4.8147217072546473
leaf_count=17381 26644 290171 149 2105 157 97 23864 992 2764 4998 1862 744 714 158
internal_value=-1.62839e-05 6.48353e-05 -0.00229608 0.000508241 0.00249684 0.0346288 0.00153801 0.0231709 -0.00586436 -0.0146545 -0.00226309 0.0115889 0.0371316 0.0711008
internal_weight=13562.8 13491.4 2491.93 1395.34 1234.14 35.7602 1198.38 74.5982 1096.6 318.701 777.898 177.474 71.5087 28.3281
internal_count=372800 355419 65248 27364 25259 254 25005 1141 37884 7762 30122 3478 1616 902
is_linear=0
shrinkage=0.05


Tree=139
num_leaves=15
num_cat=0
split_feature=1 5 5 3 5 5 10 6 4 10 2 5 9 4
split_gain=6.54494 10.1205 9.29542 8.92777 11.1594 11.7202 7.44954 7.07445 6.92228 6.9198 12.5579 11.2376 7.39573 17.0981
threshold=33.500000000000007 0.83985479045490841 -0.61566147532565851 7.3500000000000014 -0.19509032201612839 -0.31937206085412706 14.500000000000002 3.5000000000000004 0.67074870689676336 16.000000000000004 5.9900000000000011 0.013089595571344455 6.5000000000000009 0.94762689235065267
decision_type=2 2 2 2 2 2 2 2 2 2 2 2 2 2
left_child=9 2 -2 4 5 7 -5 -4 -6 12 -11 -12 -1 -14
right_child=1 -3 3 6 8 -7 -8 -9 -10 10 11 -13 13 -15
leaf_value=-0.00065269348294223859 -0.0019196101353020703 -0.017240386634399831 0.081691182707597412 0.0065364478633608532 0.0017469632811038241 0.15267236808274895 0.038955372676824647 -0.01229596446825415 0.068555409047099947 -0.010820996253550631 0.024801207142513992 -0.01961052229542895 0.0014313011988600739 0.019967832505442165
leaf_weight=10154.992217773804 265.50122150452808 51.294301304034889 4.7173229921609146 462.19756881985813 20.138240030501041 3.361130761448293 18.426811713725328 3.4785114470869303 4.8017735606990746 332.04458543006331 50.946142392233014 19.771180580370128 2037.3255259660073 132.4936505574733
leaf_count=337299 2861 928 178 4169 777 99 103 123 196 4791 653 306 19156 1161
internal_value=-1.61219e-05 0.00427509 0.00568525 0.00958975 0.0334305 0.0740457 0.00777937 0.0418008 0.0146098 -0.000297285 -0.00674654 0.0123846 -8.65295e-05 0.00256318
internal_weight=13561.5 833.917 782.623 517.121 36.497 11.557 480.624 8.19583 24.94 12727.6 402.762 70.7173 12324.8 2169.82
internal_count=372800 9434 8506 5645 1373 400 4272 301 973 363366 5750 959 357616 20317
is_linear=0
shrinkage=0.05


Tree=140
num_leaves=15
num_cat=0
split_feature=2 5 10 1 3 5 6 3 4 7 10 10 10 3
split_gain=6.4287 8.76539 9.92344 9.24725 7.36359 13.4795 8.50306 8.17644 7.25493 7.10798 16.4939 26.6986 24.7295 27.1169
threshold=15.090000000000005 -0.79202145701753912 2.5000000000000004 6.5000000000000009 117.91500000000001 0.089328680705530225 1.0000000180025095e-35 107.97500000000001 -0.43837114678907735 1.0000000180025095e-35 9.5000000000000018 16.000000000000004 5.5000000000000009 33.965000000000011
decision_type=2 2 2 2 2 2 2 2 2 2 2 2 2 2
left_child=4 3 -3 8 7 6 -6 9 -2 10 12 -12 -1 -14
right_child=1 2 -4 -5 5 -7 -8 -9 -10 -11 11 -13 13 -15
leaf_value=0.00040797842848869177 0.03723911640051903 -0.06294558474352073 -0.011193184925785573 -0.030275024773192435 0.032271152211371466 0.0422359538817699 -0.0017576840543935598 -0.017600001390237281 0.0028884033836673595 0.0021942799792756111 0.0088492310683928616 -0.0082222119606777822 -0.0073840901777569717 0.0081317804903944038
leaf_weight=6104.1156893293373 19.479994188062847 9.7765567777678353 176.25997308269143 16.721092498861253 22.149698197841644 28.167901404201984 107.2345277518034 65.529802395030856 72.870853469707072 3104.7992833369644 963.24599927430972 300.46928707975894 2246.9778754701838 321.94334049150348
leaf_count=215795 202 104 2685 164 121 154 620 547 992 68406 13755 4451 60174 4630
internal_value=-1.5727e-05 -0.00731472 -0.0139129 0.0039393 0.000146659 0.0108917 0.00406782 1.74998e-05 0.0101342 0.000106022 -0.000546467 0.00479021 -0.00132405 -0.0054396
internal_weight=13559.7 295.108 186.037 109.072 13264.6 157.552 129.384 13107.1 92.3508 13041.6 9936.75 1263.72 8673.04 2568.92
internal_count=372800 4147 2789 1358 368653 895 741 367758 1194 367211 298805 18206 280599 64804
is_linear=0
shrinkage=0.05


Tree=141
num_leaves=15
num_cat=0
split_feature=1 6 2 7 3 3 11 5 10 5 9 5 5 9
split_gain=6.2749 12.3245 16.3384 14.8109 12.5195 13.9709 12.4346 11.0398 12.4177 10.2068 10.4537 9.75954 12.6418 10.2433
threshold=10.500000000000002 1.5000000000000002 3.9650000000000007 1.0000000180025095e-35 34.905000000000008 9.4650000000000016 1.0000000180025095e-35 0.46947156278589108 9.5000000000000018 0.4539904997395468 6.5000000000000009 0.88191916553215621 0.63101285980617716 2.5000000000000004
decision_type=2 2 2 2 2 2 2 2 2 2 2 2 2 2
left_child=11 3 7 -2 5 -4 -5 9 -9 10 -3 12 13 -1
right_child=1 2 4 6 -6 -7 -8 8 -10 -11 -12 -13 -14 -15
leaf_value=-0.0023080663699307498 0.0034528971249104799 0.0017354637155073491 0.032383443683122286 -0.00090778729894633271 0.0027279352925988227 -0.016938516339776135 0.026554775194445986 -0.008178807359812414 0.021072000342846911 0.059482130396863578 0.012815689940498476 0.0076950379577571046 -0.0073743203562485959 0.0010388299068058739
leaf_weight=4030.8545166519471 752.27208570856601 1110.5090171787888 15.113605563994495 57.717419840395451 162.81068772636354 287.04972588829696 144.19121573492885 360.29002360580489 40.346110348589718 8.297355459071694 263.35105844307691 341.77062329195905 700.61495129845571 5281.4843484535813
leaf_count=247109 9242 15503 318 820 1027 2905 1204 5694 407 76 1654 13144 24416 49281
internal_value=-1.54042e-05 0.00191905 -0.000102048 0.00668017 -0.00844914 -0.0144715 0.0187044 0.00207497 -0.0052331 0.00419331 0.0038594 -0.000613588 -0.000897185 -0.000409877
internal_weight=13556.7 3201.95 2247.77 954.181 464.974 302.163 201.909 1782.79 400.636 1382.16 1373.86 10354.7 10013 9312.34
internal_count=372800 38850 27584 11266 4250 3223 2024 23334 6101 17233 17157 333950 320806 296390
is_linear=0
shrinkage=0.05


Tree=142
num_leaves=15
num_cat=0
split_feature=4 10 4 2 10 10 5 3 1 10 2 8 6 2
split_gain=6.21003 12.3192 9.81286 13.5069 9.44857 8.93183 12.8339 10.1306 19.4913 8.75057 13.8044 17.9683 8.94154 7.75469
threshold=-0.99970967602773309 4.5000000000000009 -0.99771148674921373 1.7299999999999989 7.5000000000000009 2.5000000000000004 0.021814885034560704 23.240000000000006 6.5000000000000009 4.5000000000000009 2.9950000000000006 1.0000000180025095e-35 3.5000000000000004 27.475000000000005
decision_type=2 2 2 2 2 2 2 2 2 2 2 2 2 2
left_child=1 -1 3 5 9 -2 7 8 -7 -5 11 12 -11 -4
right_child=2 -3 13 4 -6 6 -8 -9 -10 10 -12 -13 -14 -15
leaf_value=0.0072973551169878102 -0.0080247935311553633 -0.019384116733783791 -3.6861465476660781e-05 -0.0015046637159552732 -0.014695268894588737 -0.0036146770973768403 0.0076362847146377189 0.066808522003310541 0.079886088534072683 0.22838467842669352 0.0088522138632240021 0.030115109186433644 0.078387232860970879 -0.024593354215880332
leaf_weight=70.129026405978948 20.679201492341235 112.92070308467373 13030.208234603982 75.212380243930966 66.164539036224596 20.750377263408158 43.649837962118909 25.847831889986992 10.53796078218147 2.1310080247931156 31.490798618178815 8.6079531020950526 1.8613591722678395 32.228833697736263
leaf_count=2350 862 1780 360981 1895 1083 767 1200 189 161 151 495 214 100 572
internal_value=-1.50426e-05 -0.00916205 0.000110196 0.00894715 0.000458915 0.021908 0.0280496 0.0436446 0.0245085 0.00886328 0.0265493 0.070778 0.158451 -9.74495e-05
internal_weight=13552.4 183.05 13369.4 306.933 185.468 121.465 100.786 57.1362 31.2883 119.303 44.0911 12.6003 3.99237 13062.4
internal_count=372800 4130 368670 7117 3938 3179 2317 1117 928 2855 960 465 251 361553
is_linear=0
shrinkage=0.05


Tree=143
num_leaves=15
num_cat=0
split_feature=3 5 5 10 0 4 3 2 5 4 2 10 3 2
split_gain=6.21723 6.88242 6.15741 9.27733 15.4585 13.3038 13.2817 13.5519 16.0192 13.3245 12.6461 17.4148 15.8345 27.2931
threshold=2.9850000000000003 -0.99894830403340407 -0.90905222235081207 4.5000000000000009 1.0000000180025095e-35 0.34816221916848028 99.685000000000016 0.40500000000000008 -0.99946220892790427 0.12403415627048857 2.9849999999999999 2.5000000000000004 19.985000000000003 1.9900000000000013
decision_type=2 2 2 2 2 2 2 2 2 2 2 2 2 2
left_child=1 -1 3 10 6 -6 7 8 -5 -8 12 -12 -2 -14
right_child=2 -3 -4 4 5 -7 9 -9 -10 -11 11 -13 13 -15
leaf_value=0.12682060123629979 -0.006112370607709177 -0.016562369395819589 0.00057067923769747351 0.054691473426236918 -0.019804438123104836 0.022420945181374552 0.068598848370600068 0.00013801578794344995 0.0057249147807706662 0.0069085175171609879 0.0033982097972768393 -0.02196805517425927 -0.0054329804106927129 0.034264993015570726
leaf_weight=0.84712021215818722 597.6188736774493 69.536190584418364 10995.796784252627 25.077636206522584 138.30866161477752 21.561870073433965 14.864910736680029 1122.5168487625197 50.011841017985716 21.288465533405542 98.233390941983089 217.41713178995997 105.6196544226259 73.375848463736475
leaf_count=247 26644 17134 290171 149 1824 281 71 23864 992 183 2400 5362 1862 1616
internal_value=-1.47724e-05 -0.0148366 6.26075e-05 -0.00218473 0.000519414 -0.0141095 0.00241502 0.00151366 0.0220783 0.0322733 -0.00563498 -0.0140738 -0.00220505 0.0108405
internal_weight=13552.1 70.3833 13481.7 2485.9 1393.63 159.871 1233.76 1197.61 75.0895 36.1534 1092.26 315.651 776.614 178.996
internal_count=372800 17381 355419 65248 27364 2105 25259 25005 1141 254 37884 7762 30122 3478
is_linear=0
shrinkage=0.05


Tree=144
num_leaves=15
num_cat=0
split_feature=6 5 3 3 5 10 5 5 12 2 2 3 9 3
split_gain=6.06497 8.34838 10.0652 8.77274 21.4016 16.9369 16.8835 17.5482 18.7148 11.568 10.5556 11.4243 10.3356 10.7555
threshold=4.5000000000000009 -0.13701201561689402 5.9400000000000004 12.060000000000002 0.5094157245188784 13.000000000000002 0.21217767215644626 0.25460194820552756 1.0000000180025095e-35 0.99500000000000111 0.20499999999999965 15.005000000000001 6.5000000000000009 10.960000000000003
decision_type=2 2 2 2 2 2 2 2 2 2 2 2 2 2
left_child=-1 -2 -3 4 6 -6 12 8 -8 10 11 -5 13 -4
right_child=1 2 3 9 5 -7 7 -9 -10 -11 -12 -13 -14 -15
leaf_value=0.00062450662571962427 -0.0036954352376140464 -0.019242498843841768 -0.015616490343130446 0.059911326984118066 -0.0084987026729581982 0.064219308815252202 0.013873830447726367 0.027588044288077342 0.14578667412686069 -0.0016295683120789283 0.079147289679738608 0.0013121015964095842 0.036900549583682614 0.020224171261006368
leaf_weight=9927.5711887519574 2200.2892430416541 57.659176128800027 51.645088847028092 10.504302181303499 153.10541676916182 8.449287786614148 4.4081185837276262 76.521902544191107 6.8934354493394494 948.25833432096988 6.9721195492893449 39.949275982566178 22.552285112440586 35.198893401306123
leaf_count=266954 65646 7445 2998 215 5950 198 266 2670 189 17850 85 627 208 1499
internal_value=-1.44804e-05 -0.00176569 0.00122 0.0020847 0.0087971 -0.00469556 0.0198498 0.0361773 0.0943347 -0.000309922 0.0214811 0.0135123 0.00674196 -0.00108985
internal_weight=13550 3622.41 1422.12 1364.46 358.774 161.555 197.22 87.8235 11.3016 1005.68 57.4257 50.4536 109.396 86.844
internal_count=372800 105846 40200 32755 13978 6148 7830 3125 455 18777 927 842 4705 4497
is_linear=0
shrinkage=0.05


Tree=145
num_leaves=15
num_cat=0
split_feature=1 1 4 1 7 3 6 3 2 5 5 10 1 1
split_gain=6.0187 7.45083 6.55208 8.91848 6.54873 6.72061 5.97937 7.03395 11.4309 9.0564 8.65342 8.36172 9.99045 8.35998
threshold=192.50000000000003 55.500000000000007 -0.92799670371935572 88.500000000000014 1.0000000180025095e-35 12.995000000000003 4.5000000000000009 117.91500000000001 13.490000000000004 -0.70401472445596813 0.41469324265623908 9.5000000000000018 2.5000000000000004 6.5000000000000009
decision_type=2 2 2 2 2 2 2 2 2 2 2 2 2 2
left_child=1 6 3 4 5 -3 7 8 -1 13 11 -9 -13 -10
right_child=-2 2 -4 -5 -6 -7 -8 10 9 -11 -12 12 -14 -15
leaf_value=0.00046894102799133598 -0.046344780397865791 0.047703996649220586 0.0033452760977673735 -0.001177244019188039 0.063328790653661718 0.0053175204978018926 -0.0019438243361210421 0.03123126235808282 0.011703930683793868 -0.024019097905652112 0.044532423866591238 0.0087762519204262236 -0.020056720446076152 -0.039956925017070544
leaf_weight=9316.3893031715415 7.0062602292746297 15.472696053329853 261.43609756347723 32.474744701758027 12.766219697892664 23.639743853360415 3523.1404275033856 29.278338238596916 43.104039086960256 85.819459303282201 16.164076410233974 134.61934630572796 38.674154371023178 9.5697029111906868
leaf_count=259785 91 239 3117 302 92 173 104780 121 729 1802 131 1055 269 114
internal_value=-1.43767e-05 9.59245e-06 0.00725479 0.0193715 0.0322345 0.0220854 -0.000180251 0.000462045 0.000256972 -0.0140021 0.00932632 0.00651708 0.00234156 0.00231825
internal_weight=13549.6 13542.5 345.79 84.3534 51.8787 39.1124 13196.8 9673.62 9454.88 138.493 218.736 202.572 173.294 52.6737
internal_count=372800 372709 3923 806 504 412 368786 264006 262430 2645 1576 1445 1324 843
is_linear=0
shrinkage=0.05


Tree=146
num_leaves=15
num_cat=0
split_feature=4 8 1 4 2 10 10 5 3 1 10 2 8 10
split_gain=5.76191 11.4034 11.0266 8.62885 11.9017 8.46578 7.79155 11.2327 8.86751 16.3794 7.657 11.2626 12.4852 7.48391
threshold=-0.99970967602773309 1.0000000180025095e-35 9.5000000000000018 -0.99771148674921373 1.7299999999999989 7.5000000000000009 2.5000000000000004 0.021814885034560704 23.240000000000006 6.5000000000000009 4.5000000000000009 2.9950000000000006 1.0000000180025095e-35 8.5000000000000018
decision_type=2 2 2 2 2 2 2 2 2 2 2 2 2 2
left_child=1 2 -1 4 6 10 -2 8 9 -8 -6 12 -12 -7
right_child=3 -3 -4 -5 5 13 7 -9 -10 -11 11 -13 -14 -15
leaf_value=0.019203838995533198 -0.0076485332527193072 -0.018332762229529783 -0.028098731172869464 -8.8788455059595275e-05 -0.0015019295326800261 -0.043008718761194768 -0.0035608578606688883 0.0070043356270746097 0.061854859708668219 0.071670121256215982 0.1297422169027023 0.0083217317380675591 0.028051015434919044 -0.0042050944374184681
leaf_weight=50.352276192279533 20.550119860563427 115.69322408712469 16.310898805037141 13057.022690826328 75.194568121456541 16.664251932525076 20.729401882039387 43.958134904969484 26.480261195451021 11.11431104224175 4.6016085490118686 31.680940878111869 8.7724784421734512 48.854111618362367
leaf_count=1617 862 2281 232 361553 1895 533 767 1200 189 161 251 495 214 550
internal_value=-1.392e-05 -0.00884167 0.00763002 0.000106523 0.00837025 0.000385744 0.0204458 0.0260904 0.0404753 0.0226968 0.0082645 0.0245642 0.0630398 -0.0140746
internal_weight=13548 182.356 66.6632 13365.6 308.6 185.768 122.832 102.282 58.324 31.8437 120.25 45.055 13.3741 65.5184
internal_count=372800 4130 1849 368670 7117 3938 3179 2317 1117 928 2855 960 465 1083
is_linear=0
shrinkage=0.05


Tree=147
num_leaves=15
num_cat=0
split_feature=7 5 2 3 3 3 4 2 2 2 3 5 0 10
split_gain=5.63883 14.457 14.9075 14.8569 15.4048 21.0755 19.4728 27.3989 24.8564 45.7085 17.4726 16.6473 16.3295 13.5906
threshold=1.0000000180025095e-35 -0.99851060265596125 0.40500000000000008 5.9400000000000004 27.135000000000002 35.45000000000001 -0.92471001826442634 2.2800000000000007 1.9900000000000013 0.99500000000000111 21.010000000000002 0.370557437509836 1.0000000180025095e-35 9.5000000000000018
decision_type=2 2 2 2 2 2 2 2 2 2 2 2 2 2
left_child=13 2 -2 -3 10 6 7 -6 9 -8 -5 -7 -12 -1
right_child=1 3 -4 4 5 11 8 -9 -10 -11 12 -13 -14 -15
leaf_value=-0.0013432480736886752 0.045597261383277375 -0.0099772356521073205 -0.022502025750515853 0.0035775107047077166 -0.037358573110664053 0.001281757710725023 -0.02044344020582152 0.019275074528341207 -0.019179146456550663 0.055194314527454186 0.014012371902861507 0.020910155508420555 0.085376608147679098 0.0038739315821403188
leaf_weight=8741.6347952744691 8.7867616117000562 227.27813007694203 94.100852077361196 1297.5766225648113 26.470767927356064 618.15760734025389 47.372304541990161 110.52956453897059 346.49176152143627 34.534801913425326 399.44613483827561 130.89662410505116 8.1800254071131331 1456.2076022655237
leaf_count=281993 47 18221 1834 31033 289 5190 693 1257 5382 345 5245 1309 197 19765
internal_value=-1.36169e-05 0.0017662 -0.0166862 0.00235091 0.00327881 -0.000788763 -0.00807604 0.0083325 -0.0133234 0.011448 0.00641429 0.0047118 0.0154445 -0.000598257
internal_weight=13547.7 3349.82 102.888 3246.93 3019.66 1314.45 565.399 137 428.399 81.9071 1705.2 749.054 407.626 10197.8
internal_count=372800 71042 1881 69161 50940 14465 7966 1546 6420 1038 36475 6499 5442 301758
is_linear=0
shrinkage=0.05


Tree=148
num_leaves=15
num_cat=0
split_feature=1 2 3 3 12 12 10 8 3 3 9 2 3 2
split_gain=5.62347 19.2027 16.2589 24.4296 13.63 13.5625 12.4971 20.9416 16.8794 12.616 11.9285 12.6323 11.125 10.2683
threshold=5.5000000000000009 4.3550000000000022 32.030000000000008 30.970000000000002 1.0000000180025095e-35 1.0000000180025095e-35 14.500000000000002 1.0000000180025095e-35 18.995000000000001 3.225000000000001 1.0000000180025095e-35 4.995000000000001 126.50000000000001 3.0400000000000009
decision_type=2 2 2 2 2 2 2 2 2 2 2 2 2 2
left_child=6 2 3 13 -5 -3 9 8 -8 -1 -10 -12 -9 -2
right_child=1 5 -4 4 -6 -7 7 12 10 -11 11 -13 -14 -15
leaf_value=-0.014105882753453664 0.0031389529529445032 -0.016539963349639166 0.014622399431629405 0.0071678514088451472 -0.043299550324987723 -0.001351552523602524 0.040580281302281543 -0.014978965356769715 -0.023201398238183499 4.6120050368251628e-05 -0.0022017449267696439 0.047048382942932961 0.007443145040830758 -0.0076556899741507499
leaf_weight=160.56534292746801 3328.648341590073 222.23204837460071 268.51106710359454 18.892998936586082 45.837999017909169 434.05039962008595 34.067528464365751 438.86662171501666 35.894449550658464 8196.5776662591379 41.730524994432926 18.924158871173859 63.30009139329195 235.9189652078785
leaf_count=32697 52095 2631 1720 166 334 3832 791 7833 1143 265655 292 105 359 3147
internal_value=-1.36175e-05 0.00141783 0.00275008 0.00187171 -0.0285697 -0.00649469 -0.000738756 -0.00751359 0.0103213 -0.000225782 -0.000355574 0.0131642 -0.0121526 0.00242452
internal_weight=13544 4554.09 3897.81 3629.3 64.731 656.282 8989.93 632.783 130.617 8357.14 96.5491 60.6547 502.167 3564.57
internal_count=372800 63925 57462 55742 500 6463 308875 10523 2331 298352 1540 397 8192 55242
is_linear=0
shrinkage=0.05


Tree=149
num_leaves=15
num_cat=0
split_feature=1 1 5 2 3 3 2 8 3 2 3 4 6 5
split_gain=5.60406 6.58469 7.29222 5.6157 18.9024 22.6821 21.3208 14.7951 13.281 15.878 12.4959 11.267 11.2264 10.4644
threshold=192.50000000000003 52.500000000000007 0.83985479045490841 0.99500000000000111 27.385000000000002 25.950000000000003 0.96999999999999997 1.0000000180025095e-35 11.960000000000003 0.51499999999999979 14.840000000000002 0.5094157245188784 2.5000000000000004 0.089328680705530225
decision_type=2 2 2 2 2 2 2 2 2 2 2 2 2 2
left_child=1 3 -3 4 5 6 8 -6 -1 10 -10 13 -13 -9
right_child=-2 2 -4 -5 7 -7 -8 11 9 -11 -12 12 -14 -15
leaf_value=-0.0033998835208265605 -0.045252076509562228 0.008050439974711247 -0.022633671985145001 -0.0004601423687790626 -0.033553720033572182 0.038377226974932968 0.14715643011941759 -0.023733293399405081 0.024545743414648005 0.05595573768769866 0.0025891984129114728 -0.010459689724768484 0.044574047754162488 0.014769769609102219
leaf_weight=313.47977864160202 6.8423585011623791 367.16680311830714 20.440981114283204 12246.733766736579 51.926942152902484 53.89195111207664 2.6150719672441474 57.636282446794212 87.292497223243117 18.385786576196551 251.49549987539649 16.224144680425525 21.608698535710573 25.433879783377051
leaf_count=21309 91 3915 449 337028 1078 366 59 926 2205 461 4146 219 281 267
internal_value=-1.35068e-05 9.36381e-06 0.00643227 -0.000180004 0.00363201 0.00716468 0.00466627 -0.0112313 0.00411066 0.0107024 0.00824655 -0.00164395 0.0209735 -0.0119447
internal_weight=13541.2 13534.3 387.608 13146.7 899.991 727.161 673.269 172.83 670.654 357.174 338.788 120.903 37.8328 83.0702
internal_count=372800 372709 4364 368345 31317 28546 28180 2771 28121 6812 6351 1693 500 1193
is_linear=0
shrinkage=0.05


Tree=150
num_leaves=15
num_cat=0
split_feature=7 5 2 3 3 3 4 2 2 2 3 5 0 3
split_gain=5.58086 13.1191 14.0342 12.8026 13.2302 18.6558 17.8129 24.3104 23.2613 39.73 15.3432 14.8502 13.6098 13.2294
threshold=1.0000000180025095e-35 -0.99851060265596125 4.450000000000002 5.9400000000000004 27.135000000000002 35.45000000000001 -0.92471001826442634 2.2800000000000007 1.9900000000000013 0.99500000000000111 21.010000000000002 0.370557437509836 1.0000000180025095e-35 10.360000000000001
decision_type=2 2 2 2 2 2 2 2 2 2 2 2 2 2
left_child=-1 2 -2 -3 10 6 7 -6 9 -8 13 -7 -12 -5
right_child=1 3 -4 4 5 11 8 -9 -10 -11 12 -13 -14 -15
leaf_value=-0.00059490421389448832 -0.00025120067507675012 -0.009236613542408555 -0.037965407211534734 0.013985730204873115 -0.035737968620980415 0.0012871779824255303 -0.019052260228560186 0.018236334367724066 -0.018314810099457648 0.051538886933622012 0.013147932179040762 0.019754956706751526 0.07650281252626831 0.00099693562705956921
leaf_weight=10192.881151833339 59.298960678745061 223.44371199735906 42.23639549780637 240.53545538778417 25.663837282918394 617.68432904966176 46.124267857521772 111.50279600173235 341.69533107150346 35.101014524698257 402.30272361449897 132.14077707007527 8.6592743005603534 1059.750022017397
leaf_count=301758 1287 18221 594 9021 289 5190 693 1257 5382 345 5245 1309 197 22012
internal_value=-1.32691e-05 0.00175849 -0.0159395 0.00231232 0.00316647 -0.000615351 -0.00751947 0.00813776 -0.0125976 0.0114533 0.00606135 0.00454173 0.0144829 0.00339969
internal_weight=13539 3346.14 101.535 3244.6 3021.16 1309.91 560.087 137.167 422.921 81.2253 1711.25 749.825 410.962 1300.29
internal_count=372800 71042 1881 69161 50940 14465 7966 1546 6420 1038 36475 6499 5442 31033
is_linear=0
shrinkage=0.05


Tree=151
num_leaves=15
num_cat=0
split_feature=5 5 1 6 1 2 3 5 5 10 2 9 9 5
split_gain=5.52959 10.847 9.19441 10.6221 8.72402 15.5688 12.9923 21.9929 12.138 41.3988 13.7234 11.7557 20.7863 10.9579
threshold=0.60702770852580734 0.7117179123887335 26.500000000000004 1.5000000000000002 8.5000000000000018 8.9450000000000021 34.905000000000008 0.370557437509836 0.59130964836358235 13.000000000000002 0.99500000000000111 2.5000000000000004 4.5000000000000009 -0.023995916671216925
decision_type=2 2 2 2 2 2 2 2 2 2 2 2 2 2
left_child=4 2 -2 -4 8 6 -6 13 11 10 -10 -1 -13 -8
right_child=1 -3 3 -5 5 -7 7 -9 9 -11 -12 12 -14 -15
leaf_value=-0.002654451235511588 -0.012324817859972413 -0.00029634704086109156 0.040911407257380801 -0.0055289769878531037 0.0023811363762365739 -0.014188221804945415 0.014033133303352503 0.053810180817952462 0.070621555210881024 0.13583751781082568 -0.0098218594345453256 0.0073538994531051928 -0.00061786984540083381 -0.014045844684974364
leaf_weight=3813.0709133647615 377.83398375951219 1208.9513128022663 18.068130371626467 38.654671269468963 2671.7008074682672 131.20097193866968 185.07509394548833 30.749537315219641 6.433201153529807 7.1546167451888314 30.144903101958334 1031.6997064901516 3942.74383384455 42.776829533278942
leaf_count=239289 11038 36463 208 443 34349 1328 1087 179 111 137 1019 7994 38903 252
internal_value=-1.32208e-05 -0.00273168 -0.00950684 0.00926386 0.000362454 0.00266247 0.00341694 0.0141182 -0.000434886 0.0258413 0.00432619 -0.000565655 0.00103548 0.0087616
internal_weight=13536.3 1643.51 434.557 56.7228 11892.8 3061.5 2930.3 258.601 8831.25 43.7327 36.5781 8787.51 4974.44 227.852
internal_count=372800 48152 11689 651 324648 37195 35867 1518 287453 1267 1130 286186 46897 1339
is_linear=0
shrinkage=0.05


Tree=152
num_leaves=15
num_cat=0
split_feature=4 10 2 7 5 2 3 10 11 4 9 10 10 10
split_gain=5.45306 7.36767 5.43636 5.69857 12.2564 13.1145 11.9632 12.9934 25.4621 13.8198 13.4407 11.745 21.3576 23.9281
threshold=0.99993812531908921 6.5000000000000009 27.475000000000005 1.0000000180025095e-35 -0.99851060265596125 4.450000000000002 5.9400000000000004 3.5000000000000004 1.0000000180025095e-35 -0.47139561498536736 1.0000000180025095e-35 9.5000000000000018 5.5000000000000009 4.5000000000000009
decision_type=2 2 2 2 2 2 2 2 2 2 2 2 2 2
left_child=2 -2 3 11 5 -5 7 8 -6 -10 -11 12 13 -1
right_child=1 -3 -4 4 6 -7 -8 -9 9 10 -12 -13 -14 -15
leaf_value=-0.0010959644024162028 -0.031845793903799137 0.025491750425870253 -0.019639558111421884 -0.00024254251623387747 -0.0055471297283737845 -0.036960526568136698 0.0032524650415947879 -0.01179363758193866 0.24919070584090031 -0.050235438546702163 0.22685486067120358 0.0036656454292995815 -0.0050259279706416013 0.0068945830469709177
leaf_weight=4976.9162788650719 27.060881065903232 7.0654517014045259 35.010967474896461 59.281451609451324 8.7499564480967802 41.232890481129289 2995.1396346569527 207.75349574733991 1.8196204162668439 1.1492804228328157 0.7067811470478772 1450.5251306269784 2564.3611681055045 1154.1777457664721
leaf_count=187664 1051 337 618 1287 1804 594 50396 15833 177 257 8 19677 64775 28322
internal_value=-1.307e-05 -0.0199747 3.74025e-05 8.85776e-05 0.00188808 -0.015305 0.00242555 -0.00882314 0.0408428 0.151274 0.0552795 -0.000499521 -0.00119433 0.000408255
internal_weight=13531 34.1263 13496.8 13461.8 3315.83 100.514 3215.32 220.179 12.4256 3.67568 1.85606 10146 8695.46 6131.09
internal_count=372800 1388 371412 370794 70356 1881 68475 18079 2246 442 265 300438 280761 215986
is_linear=0
shrinkage=0.05


Tree=153
num_leaves=15
num_cat=0
split_feature=2 3 3 4 10 1 4 2 4 4 4 9 4 4
split_gain=5.29123 8.41619 15.7586 9.08115 8.32443 15.0118 10.5357 12.1552 11.3302 9.60447 14.5655 8.87502 8.72561 15.4003
threshold=1.2899999999999989 53.895000000000003 48.340000000000011 -0.41667649009683366 1.5000000000000002 1.5000000000000002 -0.77300861373495267 3.5049999999999977 -0.069756473744125233 -0.83146961230254524 -0.93435781809160678 6.5000000000000009 -0.091501618663402284 -0.97768935359824216
decision_type=2 2 2 2 2 2 2 2 2 2 2 2 2 2
left_child=1 2 -1 -3 5 6 9 -8 11 10 -2 -9 13 -7
right_child=4 3 -4 -5 -6 12 7 8 -10 -11 -12 -13 -14 -15
leaf_value=0.001123844357518585 0.07433675417874723 0.028656197743446268 -0.06089005104420412 0.0038837705149729271 -0.00088583735764065331 0.040348121614656847 -0.021582397937941696 -0.011805111319504395 0.061654286500079536 0.14701228938038297 -0.051108052657620168 0.05192362746060733 0.019957458156673647 -0.040017905612048155
leaf_weight=4281.0983505046461 9.8423776407726091 56.964365608990192 10.268793823197482 105.5320318415761 8948.0947961721104 7.6042646495625368 15.14410518365912 16.740524081978947 17.340867931488901 2.8010185360908499 3.0252201850526026 8.1095600128173846 18.244320903439075 27.586276643443853
leaf_count=148229 298 280 312 625 220446 103 841 346 352 93 163 33 253 426
internal_value=-1.30644e-05 0.0013984 0.000975452 0.0125679 -0.000705822 0.0120339 0.0267736 0.0168439 0.0306367 0.0631084 0.0448442 0.00899208 -0.00810364 -0.0226517
internal_weight=13528.4 4453.86 4291.37 162.496 9074.53 126.439 73.0037 57.3351 42.191 15.6686 12.8676 24.8501 53.4349 35.1905
internal_count=372800 149446 148541 905 223354 2908 2126 1572 731 554 461 379 782 529
is_linear=0
shrinkage=0.05


Tree=154
num_leaves=15
num_cat=0
split_feature=11 10 3 1 8 3 4 0 5 5 2 3 8 3
split_gain=5.30588 10.5235 10.9662 21.4566 15.6976 15.8769 16.2216 14.6554 14.0468 17.6449 15.8926 17.3853 21.3228 12.7672
threshold=1.0000000180025095e-35 2.5000000000000004 10.075000000000001 1.5000000000000002 1.0000000180025095e-35 5.9400000000000004 0.68359067519442884 1.0000000180025095e-35 -0.89199273379975219 -0.50565617000311525 3.9650000000000007 8.9950000000000028 1.0000000180025095e-35 3.7500000000000004
decision_type=2 2 2 2 2 2 2 2 2 2 2 2 2 2
left_child=-1 -2 3 8 7 13 -7 -5 -3 -10 -11 -12 -13 -6
right_child=1 2 -4 4 5 6 -8 -9 9 10 11 12 -14 -15
leaf_value=-0.0014046085900154943 -0.0079016634985731929 -0.015603873319402526 0.00026015952179320721 0.0076136402856183255 0.028205797427035946 0.021868467212739984 0.060632316945741775 -0.032215871342579867 0.015749565175526246 -0.006057173839802605 -0.0085771017881557231 0.18457069305819795 0.037272932952543879 -0.013989519872435206
leaf_weight=4545.3875115375267 342.65544772217982 133.43721175333485 7270.4368732543662 372.56168745434843 28.272489604773 166.00634692981839 32.228091346565634 24.621786472387612 172.57223781896755 364.73732678545639 11.474644792499021 3.3503825068473807 9.2131894794292748 48.991500401170924
leaf_count=161427 17109 9280 125545 12790 1872 2862 604 710 11348 26119 893 153 306 1782
internal_value=-1.26342e-05 0.000691895 0.00103279 0.00514066 0.0115059 0.0206769 0.0281705 0.00514457 -0.00102206 0.00244416 -0.00346192 0.0359164 0.0765535 0.00145062
internal_weight=13525.9 8980.56 8637.9 1367.47 672.682 275.498 198.234 397.183 694.785 561.348 388.776 24.0382 12.5636 77.264
internal_count=372800 211373 194264 68719 20620 7120 3466 13500 48099 38819 27471 1352 459 3654
is_linear=0
shrinkage=0.05


Tree=155
num_leaves=15
num_cat=0
split_feature=4 10 4 2 10 9 9 9 0 3 5 10 10 10
split_gain=5.2465 11.1565 7.41798 10.9094 7.46198 7.14022 15.8513 12.7821 17.1768 22.6372 14.4674 13.9231 20.2081 20.0837
threshold=-0.99970967602773309 5.5000000000000009 -0.99771148674921373 1.7299999999999989 7.5000000000000009 1.0000000180025095e-35 4.5000000000000009 6.5000000000000009 1.0000000180025095e-35 35.45000000000001 0.4539904997395468 4.5000000000000009 5.5000000000000009 3.5000000000000004
decision_type=2 2 2 2 2 2 2 2 2 2 2 2 2 2
left_child=1 -1 3 -2 -5 -4 -7 8 9 11 -9 13 -13 -8
right_child=2 -3 5 4 -6 6 7 10 -10 -11 -12 12 -14 -15
leaf_value=0.005029189584179989 0.019263507067300706 -0.019862918719823573 -0.0018080823106170517 0.0074232264398266731 -0.013585072135736559 0.0035722970464291911 -0.0020316444824531074 0.0036328009173707265 -0.016376885744978569 0.011811247082280419 -0.0081110320404969884 0.01144559554821036 -0.0027178645028640915 -0.013810237483869545
leaf_weight=83.062901157187298 123.61856484296732 98.267298522638157 4097.134700610768 121.30837257951498 64.871600551414303 3142.1943654362112 977.29017844237387 1978.843165375758 216.38162318989635 278.27350325137377 302.31150330603123 322.94225082173944 1143.8708927799016 574.74638468679041
leaf_count=2673 3179 1457 286810 2855 1083 22963 8846 17774 1986 1309 2964 2778 10524 5599
internal_value=-1.27485e-05 -0.00846046 0.000102048 0.00774872 0.000103202 -7.97016e-05 0.000712681 -0.000837966 -0.00273015 -0.00183455 0.00207644 -0.00309241 0.000400447 -0.00639346
internal_weight=13525.1 181.33 13343.8 309.799 186.18 13034 8936.85 5794.66 3513.5 3297.12 2281.15 3018.85 1466.81 1552.04
internal_count=372800 4130 368670 7117 3938 361553 74743 51780 31042 29056 20738 27747 13302 14445
is_linear=0
shrinkage=0.05


Tree=156
num_leaves=15
num_cat=0
split_feature=1 1 4 1 3 4 10 2 2 8 3 3 4 10
split_gain=5.23613 5.69281 5.68802 5.98462 6.07294 6.8155 6.63745 5.50461 16.6281 17.8937 16.6083 22.6759 13.3534 11.9148
threshold=192.50000000000003 55.500000000000007 -0.94901139070403795 112.50000000000001 12.995000000000003 -0.98035499251202984 5.5000000000000009 0.99500000000000111 0.51499999999999979 1.0000000180025095e-35 27.135000000000002 25.950000000000003 0.5094157245188784 5.5000000000000009
decision_type=2 2 2 2 2 2 2 2 2 2 2 2 2 2
left_child=1 7 3 4 5 -3 -6 8 10 -10 11 -1 -12 -11
right_child=-2 2 -4 -5 6 -7 -8 -9 9 13 12 -13 -14 -15
leaf_value=0.0024856565351407929 -0.044247821551569956 0.025518905424044187 0.003060360571948648 -0.0062474521965337941 -0.0072965082247355845 0.086246898448327336 0.036430980614801434 -0.00043454904993315717 -0.029615266001660329 0.048948816547351774 -0.023068502817141182 0.039111346471386504 0.0091538125259393258 -0.0029885980992606308
leaf_weight=628.23935362976044 6.6865073759108773 11.634866156149657 276.02332884049974 17.849094031844288 17.293473988771439 7.663254050537943 17.420000031590462 12265.16424451652 12.017040150007231 48.056690257275477 106.35214526392519 45.308181740343571 46.085661213845015 14.33677199622616
leaf_count=26417 91 171 3245 164 135 103 105 337442 701 997 1834 312 716 367
internal_value=-1.26081e-05 9.27966e-06 0.00632253 0.0188528 0.0271476 0.0496339 0.0146469 -0.00015754 0.00361586 0.0262541 0.00157645 0.00494939 -0.0133269 0.0370146
internal_weight=13520.1 13513.4 347.884 71.8607 54.0116 19.2981 34.7135 13165.6 900.396 74.4105 825.985 673.548 152.438 62.3935
internal_count=372800 372709 3923 678 514 274 240 368786 31344 2065 29279 26729 2550 1364
is_linear=0
shrinkage=0.05


Tree=157
num_leaves=15
num_cat=0
split_feature=2 1 0 3 0 3 10 6 5 10 10 5 1 2
split_gain=5.10898 7.54176 8.9595 6.50653 7.76179 7.51111 7.32526 7.07018 6.79988 6.01174 8.47243 18.3283 17.5221 21.879
threshold=22.265000000000004 1.0000000180025095e-35 1.0000000180025095e-35 117.91500000000001 1.0000000180025095e-35 107.97500000000001 13.000000000000002 3.5000000000000004 0.089328680705530225 16.000000000000004 9.5000000000000018 -0.99599981283320349 1.0000000180025095e-35 4.450000000000002
decision_type=2 2 2 2 2 2 2 2 2 2 2 2 2 2
left_child=3 2 -2 5 8 9 7 -6 -5 10 -1 -12 -13 -14
right_child=1 -3 -4 4 6 -7 -8 -9 -10 -11 11 12 13 -15
leaf_value=-0.00028994860039372399 -0.018628977268918042 -0.02873407380054643 0.016859431464255118 0.011801670901031616 0.030321289268714136 -0.01682281426022042 -0.01061197034072309 -0.009392690320999807 0.043002438591508166 -0.0061779813665336905 -0.025789753272689231 -0.0014162815898567714 0.01466020409879208 -0.0024418095541510749
leaf_weight=11127.64268668741 36.147772877942771 38.09791946830228 35.009883962571621 91.31326862424612 28.641950085759163 66.573143335059285 71.631570912897587 18.410354882478714 21.591873645782471 380.55790032818913 51.354605907341465 683.57737030438147 595.2065414940007 272.69391456246376
leaf_count=337031 827 414 378 610 176 557 488 121 102 5631 961 16023 7261 2220
internal_value=-1.23068e-05 -0.0107808 -0.00116852 7.54325e-05 0.00838355 -7.0578e-05 -0.000544421 0.0147822 0.0177685 1.44838e-05 0.000199598 0.00359827 0.00457103 0.00928676
internal_weight=13518.5 109.256 71.1577 13409.2 231.589 13177.6 118.684 47.0523 112.905 13111 12730.5 1602.83 1551.48 867.9
internal_count=372800 1619 1205 371181 1497 369684 785 297 712 369127 363496 26465 25504 9481
is_linear=0
shrinkage=0.05


Tree=158
num_leaves=15
num_cat=0
split_feature=4 10 1 4 3 10 5 9 10 2 3 3 6 1
split_gain=4.94205 6.8364 5.21169 5.09679 11.3857 14.1842 12.5269 9.0967 9.08848 6.88417 7.61983 6.48915 9.11077 6.16817
threshold=0.99993812531908921 6.5000000000000009 1.5000000000000002 0.99332015631575699 21.965000000000003 13.000000000000002 0.10452846326765323 1.0000000180025095e-35 5.5000000000000009 4.995000000000001 17.200000000000003 11.960000000000003 3.5000000000000004 3.5000000000000004
decision_type=2 2 2 2 2 2 2 2 2 2 2 2 2 2
left_child=3 -2 -3 -1 6 7 9 -6 -9 10 13 -11 -13 -5
right_child=1 2 -4 4 5 -7 -8 8 -10 11 -12 12 -14 -15
leaf_value=-0.00011588370244618256 -0.030912762584403425 -0.0049965103220927344 0.086511404777784573 -0.0068757434628557174 -0.0081527501985488929 0.058135415749982669 0.063526137657047163 0.037054481436187045 0.0011270946869899215 -0.021016062420984929 -0.026685193341531008 0.09854393194182956 0.0025683959874497893 0.019616566165157744
leaf_weight=13162.838441280881 26.427425318164751 4.8874902240931979 2.2826815848238766 102.41299373900983 40.086256306618452 18.549690004438162 7.1174013708950943 40.871355891227722 30.919174060225487 4.4455823772586873 37.812342347577214 5.066804903559385 4.8297312711365521 27.972474272362888
leaf_count=358803 1051 292 45 7357 1973 140 476 177 150 258 1144 158 134 642
internal_value=-1.2015e-05 -0.0191647 0.0241358 3.57109e-05 0.00626975 0.0176413 -0.00155043 0.0109272 0.0215811 -0.00408783 -0.00692322 0.0291644 0.0517057 -0.00119217
internal_weight=13516.5 33.5976 7.17017 13482.9 320.084 130.426 189.657 111.877 71.7905 182.54 168.198 14.3421 9.89654 130.385
internal_count=372800 1388 337 371412 12609 2440 10169 2300 327 9693 9143 550 292 7999
is_linear=0
shrinkage=0.05


Tree=159
num_leaves=15
num_cat=0
split_feature=6 5 3 8 3 5 10 3 11 3 3 5 10 1
split_gain=4.8722 7.2766 8.35318 8.02983 13.4025 14.2187 7.82979 12.9813 11.6136 11.1703 20.8233 18.5433 18.5941 10.6226
threshold=4.5000000000000009 -0.10018806161207632 5.9400000000000004 1.0000000180025095e-35 20.390000000000004 -0.99381409694945344 2.5000000000000004 18.995000000000001 1.0000000180025095e-35 6.6450000000000005 5.0200000000000005 -0.95819554783650362 1.5000000000000002 1.0000000180025095e-35
decision_type=2 2 2 2 2 2 2 2 2 2 2 2 2 2
left_child=-1 3 -3 4 6 -6 7 9 -9 10 11 12 -2 -11
right_child=1 2 -4 -5 5 -7 -8 8 -10 13 -12 -13 -14 -15
leaf_value=0.00056081396021019582 0.38753465011593113 -0.01817238164197689 0.0021057194893457534 -0.00099348530442206514 0.021501985624229229 -0.020576042121253815 -0.0055135712037698292 0.14307346529965811 0.014379929721900366 -0.027524984472255654 0.19137547938371158 -0.0096079800853817229 0.070602172158131235 0.012631548791111662
leaf_weight=9910.6490344430786 0.56921929493546608 52.850614412804134 1299.536666572094 1398.3072053529322 22.012656284496188 228.26555804815143 512.65054628730286 3.3473797030746928 3.6806078888475895 28.023686558008194 2.0475540927145621 10.975252856966108 2.475067675113678 39.940393832046539
leaf_count=266954 93 7131 31276 34664 381 4157 20864 101 190 2311 241 2498 541 1398
internal_value=-1.17205e-05 -0.00158584 0.00131326 -0.0033266 -0.0071468 -0.0168752 -0.00311373 0.010397 0.0756757 0.00493741 0.0424308 0.0206774 0.129862 -0.00392623
internal_weight=13515.3 3604.68 1352.39 2252.3 853.988 250.278 603.71 91.0592 7.02799 84.0312 16.0671 14.0195 3.04429 67.9641
internal_count=372800 105846 38407 67439 32775 4538 28237 7373 291 7082 3373 3132 634 3709
is_linear=0
shrinkage=0.05


Tree=160
num_leaves=15
num_cat=0
split_feature=1 1 5 1 3 5 2 3 3 2 8 10 9 3
split_gain=4.86449 5.08189 6.5007 5.14349 6.30337 4.87043 4.77617 14.7513 17.7969 16.2712 13.7257 12.3335 9.84058 9.35911
threshold=192.50000000000003 52.500000000000007 0.83985479045490841 131.50000000000003 20.990000000000006 -0.97948508855270655 0.99500000000000111 27.385000000000002 25.950000000000003 0.96999999999999997 1.0000000180025095e-35 2.5000000000000004 4.5000000000000009 4.0750000000000011
decision_type=2 2 2 2 2 2 2 2 2 2 2 2 2 2
left_child=1 6 3 5 -5 -3 7 8 9 11 -9 13 -12 -1
right_child=-2 2 -4 4 -6 -7 -8 10 -10 -11 12 -13 -14 -15
leaf_value=0.025833581471552076 -0.043152045094634578 -0.012794405392475212 -0.02202230841768683 -0.022245068006892538 0.015925629374541617 0.011086998461216649 -0.00041679224677540147 -0.031979280761831735 0.03393339605848452 0.12144969774147446 0.01531165279513657 0.0078485961376372378 -0.013668604985738264 -0.01120519071949898
leaf_weight=19.032118999166414 6.5313328271731725 22.985809239093214 20.147345829755068 29.734174681827426 16.998896453529596 299.89934683218598 12219.951933862641 49.894278544001281 54.45705615542829 2.9470750652253619 52.959797131828964 489.58551260153763 65.547056689858437 164.20991363143548
leaf_count=4986 91 237 449 385 115 3178 337028 1078 366 59 1260 15049 433 8086
internal_value=-1.17722e-05 9.08627e-06 0.00563539 0.00714297 -0.00836069 0.00938691 -0.000158077 0.00336004 0.00643639 0.00422056 -0.00997985 0.00370708 -0.000717552 -0.00735822
internal_weight=13514.9 13508.4 389.766 369.618 46.7331 322.885 13118.6 898.633 730.232 675.775 168.401 672.828 118.507 183.242
internal_count=372800 372709 4364 3915 500 3415 368345 31317 28546 28180 2771 28121 1693 13072
is_linear=0
shrinkage=0.05


Tree=161
num_leaves=15
num_cat=0
split_feature=3 5 7 5 2 10 10 3 3 5 10 3 3 9
split_gain=4.84564 5.55099 4.93344 11.2294 12.695 10.6618 19.3098 24.3111 30.7699 21.1484 19.9988 32.9603 26.7331 21.3136
threshold=2.9850000000000003 -0.99894830403340407 1.0000000180025095e-35 -0.99851060265596125 0.40500000000000008 9.5000000000000018 5.5000000000000009 28.500000000000004 27.785000000000004 -0.99851060265596125 4.5000000000000009 27.385000000000002 25.950000000000003 6.5000000000000009
decision_type=2 2 2 2 2 2 2 2 2 2 2 2 2 2
left_child=1 -1 5 4 -4 6 10 8 9 -8 13 12 -12 -2
right_child=2 -3 3 -5 -6 -7 7 -9 -10 -11 11 -13 -14 -15
leaf_value=0.10603578441803847 -0.0025049602161488814 -0.015083644543968787 0.04183592244116386 0.0022369330478225146 -0.020543300793205287 0.0034602683886247065 0.020206922761652528 0.0055923237456870578 -0.032405834798711737 -0.006672492375738772 0.0087361149268926127 -0.009350701431843288 0.046666495470737465 0.0062348198190168187
leaf_weight=0.95960385305806895 4102.9850740411784 66.643037498695776 8.9710117578506452 3222.3057363929693 89.80681686848402 1459.7125202780589 76.096384803764522 460.89051732327789 113.53292721230537 1907.8776465614792 852.25633143843152 261.77375878579915 49.131063367240131 840.48103256057948
leaf_count=247 170110 17134 47 65005 1771 19765 1257 6989 1543 54028 24081 3367 518 6938
internal_value=-1.15043e-05 -0.0133644 5.5631e-05 0.00172789 -0.014878 -0.000492898 -0.00115885 -0.00480547 -0.00709021 -0.00564152 0.000368919 0.00626776 0.0108036 -0.00101904
internal_weight=13513.4 67.6026 13445.8 3321.08 98.7778 10124.7 8665.02 2558.4 2097.51 1983.97 6106.63 1163.16 901.387 4943.47
internal_count=372800 17381 355419 66823 1818 288596 268831 63817 56828 55285 205014 27966 24599 177048
is_linear=0
shrinkage=0.05


Tree=162
num_leaves=15
num_cat=0
split_feature=4 10 4 2 9 4 10 3 2 10 5 1 1 6
split_gain=4.83418 10.2755 6.60679 9.41351 6.93106 13.3403 8.21204 7.44375 13.8444 14.9099 7.26442 10.5021 9.50374 7.06659
threshold=-0.99970967602773309 4.5000000000000009 -0.99771148674921373 1.7299999999999989 1.0000000180025095e-35 -0.99851060265596125 7.5000000000000009 17.985000000000003 2.9950000000000006 5.5000000000000009 -0.037079656230784644 3.5000000000000004 1.0000000180025095e-35 4.5000000000000009
decision_type=2 2 2 2 2 2 2 2 2 2 2 2 2 2
left_child=1 -1 3 -2 5 10 13 8 9 -7 11 -5 -12 -6
right_child=2 -3 -4 4 6 7 -8 -9 -10 -11 12 -13 -14 -15
leaf_value=0.0067488316416803437 0.017911436241664049 -0.017693174927771969 -7.3589623968398966e-05 -5.0648729361098292e-05 0.010707261480682335 -0.050801394655934841 -0.023168820854550458 0.028561770274323307 0.25110307730630393 0.16550085916237292 0.021960613076502187 0.087273962380664788 -0.037917831232113841 -0.022887449221576411
leaf_weight=70.602858460973948 125.00538862822577 109.98667254159227 13018.6371854631 9.6202085867989791 68.263051254674792 1.5742129941936567 45.298875371459872 5.5353477923199534 1.3224283956224097 1.6130483496235681 11.61585019878112 5.3621489531360558 15.428112958790733 20.310841431841254
leaf_count=2350 3179 1780 361553 577 486 151 471 266 93 142 802 176 611 163
internal_value=-1.16415e-05 -0.00813739 9.84463e-05 0.00730114 0.000168108 0.0156465 -0.00585238 0.0674118 0.115098 0.0586675 0.00327365 0.0312026 -0.012199 0.00300367
internal_weight=13510.2 180.59 13329.6 310.95 185.944 52.0714 133.873 10.045 4.50969 3.18726 42.0263 14.9824 27.044 88.5739
internal_count=372800 4130 368670 7117 3938 2818 1120 652 386 293 2166 753 1413 649
is_linear=0
shrinkage=0.05


Tree=163
num_leaves=15
num_cat=0
split_feature=2 3 1 2 3 5 3 6 8 2 10 2 6 1
split_gain=4.73481 7.97587 9.94597 6.69199 6.27701 9.99527 6.91041 6.28595 5.90901 5.45018 5.44163 9.5337 10.0154 7.75553
threshold=19.025000000000002 35.45000000000001 1.0000000180025095e-35 28.265000000000004 117.91500000000001 0.089328680705530225 107.97500000000001 1.0000000180025095e-35 1.0000000180025095e-35 4.995000000000001 16.000000000000004 5.9900000000000011 3.5000000000000004 1.0000000180025095e-35
decision_type=2 2 2 2 2 2 2 2 2 2 2 2 2 2
left_child=4 8 3 -3 6 7 10 -6 -2 -8 -1 13 -13 -12
right_child=1 2 -4 -5 5 -7 9 -9 -10 -11 11 12 -14 -15
leaf_value=0.00022641720514354307 -0.055824504420483624 0.012251896401017265 -0.01998371416406285 -0.027026061272685021 0.025786818138250029 0.033692835496470681 -0.035040213228201167 -0.00089645476578734118 -0.013898412113722294 -0.0052305204679614211 -0.018594811888245112 -0.0042189336199241053 0.044889342035617681 -0.0028601140745567618
leaf_weight=12694.257210765267 13.06849267054349 81.381521695293486 53.556674782186747 12.511343896389006 26.72066617757082 34.039424754679203 24.220214053988457 126.85561115294695 23.545444617047906 41.789196884259582 124.32146741217002 24.701138980686665 17.910631480626762 211.6139399507083
leaf_count=362975 264 904 492 182 157 197 200 804 650 356 2487 443 326 2363
internal_value=-1.15576e-05 -0.00797606 -0.00278954 0.00701806 9.84474e-05 0.00917943 -3.12245e-05 0.00374616 -0.028863 -0.0161683 5.02576e-05 -0.0058571 0.0164223 -0.00868314
internal_weight=13510.5 184.063 147.45 93.8929 13326.4 187.616 13138.8 153.576 36.6139 66.0094 13072.8 378.547 42.6118 335.935
internal_count=372800 2492 1578 1086 370308 1158 369150 961 914 556 368594 5619 769 4850
is_linear=0
shrinkage=0.05


Tree=164
num_leaves=15
num_cat=0
split_feature=5 5 1 6 4 1 5 10 2 2 9 9 4 10
split_gain=4.71865 9.93475 8.22426 9.42741 7.56926 7.29991 11.3099 30.1058 18.7432 35.2653 10.7683 23.3463 10.4615 12.6286
threshold=0.60702770852580734 0.7117179123887335 26.500000000000004 1.5000000000000002 -0.7589854749920405 15.500000000000002 0.56460558230995084 13.000000000000002 4.995000000000001 3.9650000000000007 2.5000000000000004 4.5000000000000009 0.85716730070211244 13.000000000000002
decision_type=2 2 2 2 2 2 2 2 2 2 2 2 2 2
left_child=5 2 4 -4 -2 6 10 8 9 -8 12 -12 -1 -14
right_child=1 -3 3 -5 -6 -7 7 -9 -10 -11 11 -13 13 -15
leaf_value=-0.0011703178967239272 -0.0039746598452787612 -0.0002005294145004093 0.038110923285670728 -0.0053967421324303058 -0.018261906788246123 0.0031714149301030809 0.0091232116358043493 0.099210559774175047 -0.030372423250219122 0.12369123901480997 0.007369802526541804 -0.00060928124860172139 -0.010682999346122168 0.0068406468101367638
leaf_weight=3473.666439028224 170.46100494172424 1206.2890661763959 18.389581075403839 38.555161103606224 203.2257421601098 1905.3258556206711 93.145720529602841 9.6564406105317158 25.831876561976969 7.2387736872769883 1153.296926849056 4469.7434155456722 611.41176634817384 123.59548461157829
leaf_count=196090 4514 36463 208 443 6524 20987 3317 194 476 160 8674 42429 49286 3035
internal_value=-1.12546e-05 -0.00252788 -0.00904728 0.00865351 -0.0117446 0.000335713 -0.000206338 0.0141206 0.00761062 0.0173848 -0.000404334 0.00102724 -0.00231701 -0.0077363
internal_weight=13509.8 1636.92 430.631 56.9447 373.687 11872.9 9967.59 135.873 126.216 100.384 9831.71 5623.04 4208.67 735.007
internal_count=372800 48152 11689 651 11038 324648 303661 4147 3953 3477 299514 51103 248411 52321
is_linear=0
shrinkage=0.05


Tree=165
num_leaves=15
num_cat=0
split_feature=11 10 9 4 3 1 5 5 2 3 6 8 3 4
split_gain=4.54563 9.51236 10.586 13.1358 9.72249 18.3412 12.8942 15.553 14.1162 14.2141 13.1015 12.8738 14.2393 13.5495
threshold=1.0000000180025095e-35 2.5000000000000004 2.5000000000000004 -0.55738156824517471 10.075000000000001 1.5000000000000002 -0.89199273379975219 -0.50565617000311525 3.9650000000000007 7.9750000000000005 4.5000000000000009 1.0000000180025095e-35 5.9400000000000004 0.68359067519442884
decision_type=2 2 2 2 2 2 2 2 2 2 2 2 2 2
left_child=-1 2 -2 -4 5 6 -3 -8 -9 -10 -11 -7 -13 -14
right_child=1 4 3 -5 -6 11 7 8 9 10 -12 12 13 -15
leaf_value=-0.0013017492317502855 -0.014306192444720416 -0.014998039237261604 -0.012232755196343167 0.020128678320109714 0.00023443619392446484 0.0048877749828814786 0.014774548247472281 -0.0056896985482520609 -0.04203090640485993 0.028284998552735863 0.12122048013219094 0.0007588191774470193 0.020112405833721494 0.054927905494175089
leaf_weight=4533.7043844473083 214.61711811297573 131.40390310646035 62.599388179369271 62.83101680316031 7259.939803338144 398.42035620729439 174.86711138300598 361.94205824460369 4.9829112670850035 14.551342783961447 5.1289050774648777 78.247083279769868 168.76061332272366 33.492017179727554
leaf_count=161427 16180 9280 463 466 125545 13500 11348 26119 553 600 199 3654 2862 604
internal_value=-1.13476e-05 0.00064073 -0.00756192 0.00397784 0.000963874 0.00482427 -0.000898693 0.00240104 -0.00319567 0.0334052 0.0525051 0.0106649 0.0188706 0.0258777
internal_weight=13505.5 8971.78 340.048 125.43 8631.74 1371.8 692.876 561.472 386.605 24.6632 19.6802 678.92 280.5 202.253
internal_count=372800 211373 17109 929 194264 68719 48099 38819 27471 1352 799 20620 7120 3466
is_linear=0
shrinkage=0.05


Tree=166
num_leaves=15
num_cat=0
split_feature=1 5 5 4 5 10 10 2 3 3 3 5 5 4
split_gain=4.51744 4.45116 8.92963 23.978 16.5498 29.4294 9.22364 8.47878 8.92106 8.46412 8.32312 14.5407 25.6497 17.2323
threshold=192.50000000000003 -0.89783339391592742 -0.53361451591561171 -0.82039949111557775 -0.56999676259630283 3.5000000000000004 14.500000000000002 10.764999999999999 9.8150000000000013 140.30000000000004 24.880000000000006 -0.15212338618991647 0.4539904997395468 -0.96535657505894057
decision_type=2 2 2 2 2 2 2 2 2 2 2 2 2 2
left_child=1 -1 3 4 5 -3 -5 10 -9 -10 -4 13 -13 -12
right_child=-2 2 7 6 -6 -7 -8 8 9 -11 11 12 -14 -15
leaf_value=-0.0018433510117517437 -0.042086702940335549 0.14936973006843354 -0.0011806708023539307 0.0024675184162490111 0.016420638658290545 0.017935127592479443 -0.0088393473822681971 0.032609252971882906 -0.016496324325209952 0.0043305129200226535 -0.02526783225545608 0.011056389110050245 -0.0033278946828980936 -0.00045541983565676323
leaf_weight=2616.0250856896164 6.376356561202555 6.8659238214604583 5389.0539237384219 2893.7601405202877 116.24167899682652 11.216618252452461 192.35691841645166 12.182345091365276 191.1653785626404 65.498338673263788 79.16630863212049 825.15168923791498 496.33612988796085 602.72570945322514
leaf_count=72555 91 150 182447 80416 3218 185 2829 359 3637 633 1074 10733 6848 7625
internal_value=-1.13859e-05 8.49053e-06 0.000453683 0.00266286 0.0233427 0.0678407 0.00176276 -0.000474952 -0.00919719 -0.0111815 -0.000157744 0.00259391 0.00565381 -0.00333609
internal_weight=13504.1 13497.7 10881.7 3220.44 134.324 18.0825 3086.12 7661.28 268.846 256.664 7392.43 2003.38 1321.49 681.892
internal_count=372800 372709 300154 86798 3553 335 83245 213356 4629 4270 208727 26280 17581 8699
is_linear=0
shrinkage=0.05


Tree=167
num_leaves=15
num_cat=0
split_feature=4 8 1 2 4 2 10 5 3 1 9 4 10 6
split_gain=4.54182 10.0518 10.1254 6.06616 5.71915 8.37138 6.43089 8.98376 7.13122 13.3217 6.22949 10.9429 7.60397 6.36786
threshold=-0.99970967602773309 1.0000000180025095e-35 9.5000000000000018 13.555000000000001 -0.99771148674921373 1.7299999999999989 2.5000000000000004 0.021814885034560704 23.240000000000006 6.5000000000000009 1.0000000180025095e-35 -0.99851060265596125 7.5000000000000009 4.5000000000000009
decision_type=2 2 2 2 2 2 2 2 2 2 2 2 2 2
left_child=1 2 -1 -3 5 6 -2 8 9 -8 11 -7 13 -12
right_child=4 3 -4 -5 -6 10 7 -9 -10 -11 12 -13 -14 -15
leaf_value=0.018420162915165982 -0.0086689382694618011 -0.019970237368456087 -0.027149031574921337 0.027843770957960569 -6.5390373509877523e-05 0.0030900514641954992 -0.0050715802730383289 0.0047856542302707472 0.053162214173849746 0.060936324571373768 0.010008510731123889 0.059639392614378534 -0.02248986247636597 -0.022058779546326165
leaf_weight=50.765800371998921 20.841138071380556 106.08760192524642 16.042345814872533 7.0759685374796382 13009.580066721421 42.177894524415024 21.227816624799743 44.93879312183708 27.409177751280367 11.944904482457785 68.637954635545611 10.731627181172369 44.849795906338841 19.99015668220818
leaf_count=1617 862 2138 232 143 361553 2166 767 1200 189 161 486 652 471 163
internal_value=-1.135e-05 -0.0079012 0.00747783 -0.0169805 9.52342e-05 0.00677681 0.0167119 0.0217248 0.03429 0.0186967 4.13069e-05 0.0145599 -0.00571376 0.0027757
internal_weight=13502.3 179.972 66.8081 113.164 13322.3 312.749 126.362 105.521 60.5819 33.1727 186.387 52.9095 133.478 88.6281
internal_count=372800 4130 1849 2281 368670 7117 3179 2317 1117 928 3938 2818 1120 649
is_linear=0
shrinkage=0.05


Tree=168
num_leaves=15
num_cat=0
split_feature=4 10 4 3 10 5 11 5 7 5 2 3 5 3
split_gain=4.51176 6.30531 4.59799 9.75073 11.5946 10.8393 8.53203 6.22529 6.67632 11.8745 6.034 6.99995 5.66414 10.9954
threshold=0.99993812531908921 6.5000000000000009 0.99332015631575699 21.965000000000003 13.000000000000002 0.10452846326765323 1.0000000180025095e-35 -0.041439601562202326 1.0000000180025095e-35 0.021814885034560704 4.995000000000001 17.200000000000003 0.058870663549117255 11.630000000000001
decision_type=2 2 2 2 2 2 2 2 2 2 2 2 2 2
left_child=2 -2 -1 5 6 10 7 -5 9 -9 11 12 -4 -14
right_child=1 -3 3 4 -6 -7 -8 8 -10 -11 -12 -13 13 -15
leaf_value=-0.00010985317374797419 -0.030049645749252941 0.022759636074707924 -0.006310637276654785 -0.0028723422159979725 0.052238701913267661 0.057771147366658906 -0.00060469147611964347 0.070312043991925297 0.065900506302836906 -0.014648930564089113 0.027011438766184778 -0.025672419950007064 0.044724968203523896 -0.021368908486384446
leaf_weight=13149.524158912362 25.779545630328357 7.2396341196726999 102.90469757921528 11.904777762480078 19.286059834063053 7.4539655727567142 69.055207294411957 6.8101597791537669 13.587433138862254 10.382523237727581 14.650806004181502 36.897375010885298 16.514839292387482 10.16610161308199
leaf_count=358803 1051 337 6274 282 140 476 1546 103 94 275 550 1144 1222 503
internal_value=-1.10805e-05 -0.0184709 3.41732e-05 0.00595969 0.0164371 -0.00131975 0.0102578 0.0278311 0.0397062 0.0190048 -0.00375144 -0.00645863 -0.000987818 0.0195416
internal_weight=13502.2 33.0192 13469.1 319.614 131.026 188.588 111.74 42.6849 30.7801 17.1927 181.134 166.483 129.586 26.6809
internal_count=372800 1388 371412 12609 2440 10169 2300 754 472 378 9693 9143 7999 1725
is_linear=0
shrinkage=0.05


Tree=169
num_leaves=15
num_cat=0
split_feature=3 5 7 5 2 10 10 3 3 5 8 0 5 10
split_gain=4.38045 4.64477 4.55622 10.1751 11.5108 9.62986 17.5722 22.1782 28.4999 19.1951 19.1184 19.2508 26.6778 17.9979
threshold=2.9850000000000003 -0.99894830403340407 1.0000000180025095e-35 -0.99851060265596125 4.450000000000002 9.5000000000000018 5.5000000000000009 28.500000000000004 27.785000000000004 -0.99851060265596125 1.0000000180025095e-35 1.0000000180025095e-35 -0.98734235357768474 4.5000000000000009
decision_type=2 2 2 2 2 2 2 2 2 2 2 2 2 2
left_child=1 -1 5 4 -4 6 13 8 9 -8 -9 12 -12 -2
right_child=2 -3 3 -5 -6 -7 7 10 -10 -11 11 -13 -14 -15
leaf_value=0.090922075005064606 -0.00097380583098332122 -0.014483313713745777 -0.00011044905447477982 0.0021414077891581764 -0.035105758089351694 0.0032779249837245755 0.019099178453834277 0.022467091575387413 -0.031407142163116041 -0.0063951567945523292 0.080328417338663971 -0.034180741042158555 0.00063292306373577856 0.0059287314483698027
leaf_weight=1.0620884571690101 4935.7153352447785 65.536443435354158 58.174120431533083 3222.6539184183348 39.420603702310473 1462.239556329092 76.818943388294429 120.21164344530553 111.30881808884442 1898.5572119394783 10.891577671281992 38.174374761991203 292.68959473166615 1167.8221431872807
leaf_count=247 177048 17134 1224 65005 594 19765 1257 1689 1543 54028 184 439 4677 27966
internal_value=-1.07903e-05 -0.0128023 5.26201e-05 0.00165973 -0.0142458 -0.000474942 -0.00110918 -0.00459622 -0.00679081 -0.00540373 0.00531668 -0.000715936 0.00349216 0.000346893
internal_weight=13501.3 66.5985 13434.7 3320.25 97.5947 10114.4 8652.19 2548.65 2086.68 1975.38 461.967 341.756 303.581 6103.54
internal_count=372800 17381 355419 66823 1818 288596 268831 63817 56828 55285 6989 5300 4861 205014
is_linear=0
shrinkage=0.05


Tree=170
num_leaves=15
num_cat=0
split_feature=2 9 2 1 3 3 0 10 6 5 2 10 2 6
split_gain=4.42996 7.19785 5.12093 11.1964 4.67028 6.4813 6.4372 6.63523 6.19228 5.45065 5.03768 5.02526 7.62884 8.46008
threshold=22.265000000000004 1.5000000000000002 27.475000000000005 1.5000000000000002 117.91500000000001 107.97500000000001 1.0000000180025095e-35 13.000000000000002 3.5000000000000004 0.089328680705530225 4.995000000000001 16.000000000000004 5.9900000000000011 3.5000000000000004
decision_type=2 2 2 2 2 2 2 2 2 2 2 2 2 2
left_child=4 2 3 -2 5 11 9 8 -8 -6 -7 -1 -13 -14
right_child=1 -3 -4 -5 6 10 7 -9 -10 -11 -12 12 13 -15
leaf_value=0.00019351472938873996 0.024475154359374141 -0.02689245690718628 -0.017978400961510793 -0.036500350518005854 0.010273228046175762 -0.033993974887938025 0.027860289042045773 -0.010630523029826781 -0.0092251921645292324 0.038109929513036545 -0.0052344477190196534 -0.0082433718961175545 -0.0050995890904593647 0.039196750264907786
leaf_weight=12714.17574152106 32.701524031814188 40.103212155401707 25.29589475877583 9.7799961632117611 92.333978414535522 23.955445805564523 29.01637925952673 71.772204980254173 18.389637753367424 21.722607240080833 41.788937326520681 333.41928847087547 25.1210852349177 18.880118289031088
leaf_count=363496 650 277 562 130 610 200 176 488 121 102 357 4850 451 330
internal_value=-1.08847e-05 -0.0101024 -0.000167876 0.0104375 7.04171e-05 -5.39068e-05 0.00708383 -0.0010423 0.0134742 0.0155749 -0.0157136 2.47344e-05 -0.00566097 0.0139072
internal_weight=13498.5 107.881 67.7774 42.4815 13390.6 13157.3 233.235 119.178 47.406 114.057 65.7444 13091.6 377.42 44.0012
internal_count=372800 1619 1342 780 371181 369684 1497 785 297 712 557 369127 5631 781
is_linear=0
shrinkage=0.05


Tree=171
num_leaves=15
num_cat=0
split_feature=6 5 3 3 4 4 5 3 1 1 2 0 4 2
split_gain=4.26065 6.82433 9.75412 9.31977 24.6389 14.8733 21.715 12.7861 9.43648 11.1024 7.23552 7.98772 22.1972 7.79157
threshold=4.5000000000000009 0.21217767215644626 5.9400000000000004 10.075000000000001 -0.95943479462706061 0.85716730070211244 0.4539904997395468 8.9950000000000028 84.500000000000014 25.500000000000004 0.99500000000000111 1.0000000180025095e-35 -0.84920016057599423 0.20499999999999965
decision_type=2 2 2 2 2 2 2 2 2 2 2 2 2 2
left_child=-1 -2 -3 4 7 -6 -7 -4 9 10 13 -12 -13 -5
right_child=1 2 3 8 5 6 -8 -9 -10 -11 11 12 -14 -15
leaf_value=0.00052474156798055442 -0.0027847947478261766 -0.023857062017673378 0.15997962291843723 0.013210604120188591 0.0050003549994631514 0.026107781505836026 0.18670406378340412 0.034241373994339318 0.049313113024899047 -0.017294785410936118 -0.00014001346209573904 0.075305080562986126 -0.022548594523017679 0.072839991697420364
leaf_weight=9902.2320157059003 2651.2583846991183 34.688923117355444 4.1806716560386104 34.889946798793972 137.65633184998296 9.0266443057917041 2.744985277298837 3.9153186022303998 9.908593023195861 80.859781060367823 596.71541286073625 12.437220930121841 10.852225674316285 6.4986746143549672
leaf_count=266954 79856 4655 218 590 5709 441 87 159 94 719 12916 154 159 89
internal_value=-1.05574e-05 -0.00148475 0.00216503 0.00315732 0.0142162 0.0096133 0.0635567 0.0991711 0.000841291 0.000194224 0.00233237 0.000981178 0.029708 0.0225734
internal_weight=13497.9 3595.63 944.375 909.686 157.524 149.428 11.7716 8.09599 752.162 742.253 661.393 620.005 23.2894 41.3886
internal_count=372800 105846 25990 21335 6614 6237 528 377 14721 14627 13908 13229 313 679
is_linear=0
shrinkage=0.05


Tree=172
num_leaves=15
num_cat=0
split_feature=1 1 4 1 4 2 5 4 5 10 1 3 3 3
split_gain=4.22987 4.34386 4.97795 4.93062 5.95472 4.48584 7.73388 12.956 12.8658 25.2258 18.1107 13.8867 11.1244 10.7543
threshold=192.50000000000003 55.500000000000007 -0.96185846619598292 112.50000000000001 -0.98203879058658672 1.0050000000000001 -0.90905222235081207 -0.069756473744125233 -0.86927725521452082 3.5000000000000004 2.5000000000000004 21.965000000000003 10.960000000000003 35.005000000000003
decision_type=2 2 2 2 2 2 2 2 2 2 2 2 2 2
left_child=1 5 3 4 -3 6 7 -1 9 11 -11 -8 -12 -10
right_child=-2 2 -4 -5 -6 -7 8 -9 13 10 12 -13 -14 -15
leaf_value=-0.010836464924213998 -0.041141489612828513 0.013726281120907775 0.0027209752205409974 -0.0056296066590487406 0.051493825248801466 -0.00077749040285321524 0.024218095354095324 0.0020170201475609262 0.00097457929349484003 -0.020339194585193301 -0.014426900961720064 0.072853802034269652 0.04117865180811528 0.015999711383887526
leaf_weight=329.47797046368942 6.2478131600655606 30.853200115263462 287.20426530274563 16.048963034525514 15.771885728463529 8883.0435838365229 51.343638190068305 484.11896977387369 3153.9084653039463 53.577837861375883 13.144808200187979 20.55136270262301 28.487732868641615 123.76658316142857
leaf_count=11025 91 281 3340 147 155 224133 2110 16190 111403 1957 422 152 317 1077
internal_value=-1.05406e-05 8.50711e-06 0.005507 0.018274 0.0265019 -0.000137885 0.00119634 -0.00318819 0.00223189 0.0157649 -0.00111629 0.0381207 0.0236221 0.00154194
internal_weight=13497.5 13491.3 349.878 62.674 46.6251 13141.4 4258.38 813.597 3444.78 167.105 95.2104 71.895 41.6325 3277.68
internal_count=372800 372709 3923 583 436 368786 144653 27215 117438 4958 2696 2262 739 112480
is_linear=0
shrinkage=0.05


Tree=173
num_leaves=15
num_cat=0
split_feature=2 5 10 5 1 9 11 10 4 10 3 5 4 10
split_gain=4.14959 7.22734 9.07417 8.13833 8.44717 5.70121 5.50479 5.04074 5.03722 10.8055 7.66768 5.85018 5.83294 8.72236
threshold=15.090000000000005 -0.79202145701753912 2.5000000000000004 -0.89783339391592742 5.5000000000000009 3.5000000000000004 1.0000000180025095e-35 9.5000000000000018 -0.99970967602773309 5.5000000000000009 126.50000000000001 -0.32762939985997175 -0.99771148674921373 7.5000000000000009
decision_type=2 2 2 2 2 2 2 2 2 2 2 2 2 2
left_child=8 3 -3 4 -2 6 -4 -5 9 -1 12 -12 13 -10
right_child=1 2 5 7 -6 -7 -8 -9 10 -11 11 -13 -14 -15
leaf_value=0.0049338125899979629 0.0030628832167592817 -0.060823345504418806 -0.040341425045556094 0.051646618749428302 -0.040905574459723731 -0.023689012992853295 -0.00051745095754265186 0.01018823172541599 0.011363908524180656 -0.020041039166941266 0.0041597833779021655 0.027673536985412008 -4.4637560312515467e-05 -0.0095982689473193342
leaf_weight=81.523894757498056 63.730868206359446 9.0695819137617928 9.4106523701921088 11.755319084040822 13.183341780677436 50.054563388228416 111.37274075066671 19.483853798359632 238.29515067336615 92.391753748524934 68.070104159414768 43.265669785439968 12620.777654084726 62.677792233880609
leaf_count=2620 887 104 400 123 155 356 1929 193 5784 1414 337 220 357127 1151
internal_value=-1.03019e-05 -0.005947 -0.0120876 0.00426761 -0.00447345 -0.0095003 -0.00362027 0.025789 0.000119185 -0.00833394 0.000231985 0.0132974 0.000119411 0.00699852
internal_weight=13495.1 288.061 179.908 108.153 76.9142 170.838 120.783 31.2392 13207 173.916 13033.1 111.336 12921.8 300.973
internal_count=372800 4147 2789 1358 1042 2685 2329 316 368653 4034 364619 557 364062 6935
is_linear=0
shrinkage=0.05


Tree=174
num_leaves=15
num_cat=0
split_feature=9 9 4 5 9 0 3 4 10 10 7 3 3 3
split_gain=4.18028 12.1899 13.1783 12.1602 10.7337 14.2955 20.4686 13.0504 12.7051 17.3621 18.2503 38.9282 25.8857 24.5367
threshold=1.0000000180025095e-35 4.5000000000000009 0.66098293165790345 -0.054514371903160649 6.5000000000000009 1.0000000180025095e-35 53.235000000000007 0.94762689235065267 4.5000000000000009 3.5000000000000004 1.0000000180025095e-35 33.240000000000002 27.785000000000004 23.640000000000004
decision_type=2 2 2 2 2 2 2 2 2 2 2 2 2 2
left_child=-1 2 -2 -4 5 6 8 -6 9 10 12 -12 13 -3
right_child=1 4 3 -5 7 -7 -8 -9 -10 -11 11 -13 -14 -15
leaf_value=-0.0013137190186124227 0.0016033881042514216 -0.0039483996803812331 0.0069528689329413492 0.027683611754998779 0.00089060334953427838 -0.014725025882133728 0.017276877093461852 0.016107384421079975 0.00067220682266545589 -0.012449093543725212 0.016311869048896702 -0.05575342649558699 0.01786607542021491 -0.026853500343269887
leaf_weight=4223.9845377019374 2708.9917726800777 548.83401499316096 473.11709196073934 83.17301102494821 2237.1941220345907 223.29084120644256 136.87999844551086 150.37331988103688 1623.5006091212854 587.78458517231047 223.43726706597954 20.454720176756382 104.41480503976345 148.57148885726929
leaf_count=295256 20187 6301 3163 498 20385 2047 602 1246 14335 5757 1241 150 575 1057
internal_value=-1.00074e-05 0.000584043 0.0030428 0.0100524 -0.000752994 -0.00247047 -0.00166421 0.00184898 -0.00246024 -0.00557352 -0.00170882 0.0102679 -0.00535182 -0.00882798
internal_weight=13494 9270.02 3265.28 556.29 6004.74 3617.17 3393.88 2387.57 3257 1633.5 1045.71 243.892 801.82 697.406
internal_count=372800 77544 23848 3661 53696 32065 30018 21631 29416 15081 9324 1391 7933 7358
is_linear=0
shrinkage=0.05


Tree=175
num_leaves=15
num_cat=0
split_feature=4 10 1 3 2 7 5 2 10 10 3 3 2 5
split_gain=4.21816 5.81615 4.29799 3.97398 3.98157 4.35326 9.43972 11.2489 8.48084 15.9653 20.0668 26.596 17.4721 17.0995
threshold=0.99993812531908921 6.5000000000000009 1.5000000000000002 2.9850000000000003 27.475000000000005 1.0000000180025095e-35 -0.99851060265596125 0.40500000000000008 9.5000000000000018 5.5000000000000009 28.500000000000004 27.785000000000004 12.510000000000002 -0.99851060265596125
decision_type=2 2 2 2 2 2 2 2 2 2 2 2 2 2
left_child=3 -2 -3 -1 5 8 7 -7 9 -5 11 13 -12 -11
right_child=1 2 -4 4 -6 6 -8 -9 -10 10 12 -13 -14 -15
leaf_value=-0.012240620339343703 -0.029374743908340863 -0.0056470759191723551 0.075623192140290063 0.00041212261424844606 -0.017231940853885293 0.03924111726769039 0.0021807400750778294 -0.019174438324931205 0.0031496096285889199 0.017917941188931124 0.0036692104204012112 -0.030440153006890899 0.070978286446719302 -0.0060312708769430599
leaf_weight=65.624239731580019 25.24723035749048 4.9381825509481123 2.4260684156324714 6079.8273423056817 33.078526027034968 9.0973095521330816 3194.9540324932896 87.581106849713251 1455.9254778565373 77.608519002795219 452.25941363628954 109.16476889606565 9.8513788050040585 1880.0466148362029
leaf_count=17381 1051 292 45 204201 618 47 64319 1771 19677 1257 6795 1543 175 53628
internal_value=-1.00746e-05 -0.0179707 0.0211265 3.34573e-05 9.36151e-05 0.000136524 0.00171496 -0.0136776 -0.000379702 -0.000976584 -0.00431519 -0.00642121 0.00510412 -0.00508184
internal_weight=13487.6 32.6115 7.36425 13455 13389.4 13356.3 3291.63 96.6784 10064.7 8608.76 2528.93 2066.82 462.111 1957.66
internal_count=372800 1388 337 371412 354031 353413 66137 1818 287276 267599 63398 56428 6970 54885
is_linear=0
shrinkage=0.05


Tree=176
num_leaves=15
num_cat=0
split_feature=11 10 3 3 3 10 9 8 5 4 5 9 6 10
split_gain=4.17741 9.38279 14.9374 35.4374 19.4806 19.9542 15.4385 23.0081 26.8701 30.2448 14.0186 14.4115 12.2137 12.1207
threshold=1.0000000180025095e-35 2.5000000000000004 19.425000000000004 23.640000000000004 20.990000000000006 6.5000000000000009 1.5000000000000002 1.0000000180025095e-35 -0.61566147532565851 0.32762939985997225 -0.24403759431433028 1.0000000180025095e-35 4.5000000000000009 5.5000000000000009
decision_type=2 2 2 2 2 2 2 2 2 2 2 2 2 2
left_child=1 -1 -3 4 5 -4 7 12 9 -9 11 -7 -6 -8
right_child=-2 2 3 -5 6 10 13 8 -10 -11 -12 -13 -14 -15
leaf_value=0.0023047092481707529 0.0006152801479508013 -0.0052616234290501921 -0.0206790935882449 -0.0036208413332720507 0.038245018827248331 0.0047466271094601499 0.035245352566133661 0.025325754958033766 0.029937818704112641 0.18699866128884907 -0.0085048092077843161 0.070588928854830812 -0.027431766769328483 0.0051904814601946726
leaf_weight=1317.0608484087279 8960.9691251247423 2055.6603903984651 59.4775471072644 828.94198107486591 26.112610884010792 14.92306064814329 53.116219453513622 4.3477006210014251 12.370936990715562 8.6445062905549985 24.147568663582206 18.756100714206696 9.7115281913429481 91.047498181462288
leaf_count=60836 211373 83082 1475 11844 1060 488 296 206 493 103 440 103 412 589
internal_value=-1.00259e-05 -0.00124852 -0.00270766 0.00185131 0.0159099 -0.000345298 0.0251956 0.0462392 0.0826782 0.132897 0.020569 0.0414145 0.0204408 0.016264
internal_weight=13485.3 4524.32 3207.26 1151.6 322.655 117.304 205.351 61.1873 25.3631 12.9922 57.8267 33.6792 35.8241 144.164
internal_count=372800 161427 100591 17509 5665 2506 3159 2274 802 309 1031 591 1472 885
is_linear=0
shrinkage=0.05


Tree=177
num_leaves=15
num_cat=0
split_feature=1 1 10 0 3 9 9 5 4 4 3 6 4 5
split_gain=3.9168 4.03702 7.92754 11.7896 11.1507 8.43731 16.9861 12.0219 13.4101 9.91781 9.56634 9.35218 9.32017 30.0974
threshold=192.50000000000003 13.500000000000002 14.500000000000002 1.0000000180025095e-35 75.950000000000017 2.5000000000000004 4.5000000000000009 0.88191916553215621 0.03271900495616191 0.52435624418390936 13.205000000000002 5.5000000000000009 -0.70401472445596835 -0.67397850752516397
decision_type=2 2 2 2 2 2 2 2 2 2 2 2 2 2
left_child=1 2 5 4 -4 7 9 10 -9 -7 12 -12 13 -1
right_child=-2 -3 3 -5 -6 6 -8 8 -10 -11 11 -13 -14 -15
leaf_value=0.068668145716624815 -0.040096359760741579 0.0017765697884285692 -0.0049858325675198809 -0.019452795162441097 0.015657116398904714 0.0041145215442302931 -0.00016096327165958022 0.014794320254970253 -0.018523263293508351 0.015105448315840646 0.00067416418286975069 -0.0074360982056938659 -0.0086606775355494697 -0.0024082107115937792
leaf_weight=15.305588898365384 6.0909387473948291 2603.3930426777806 564.66151462402195 123.80960564571433 73.98994018882513 901.11361581273377 4440.6438187560998 191.64028885564767 35.851144595537335 265.79318378865719 2382.9739522002637 417.77007615426555 906.0660272546811 554.22510946402326
leaf_count=1571 91 30564 10085 1278 510 7058 43545 9605 2555 1786 88890 15934 105836 53492
internal_value=-1.01152e-05 8.00147e-06 -0.000415425 -0.00533179 -0.00259428 -4.47011e-05 0.00124971 -0.00165632 0.00954369 0.00661799 -0.00225213 -0.000535595 -0.0055102 -0.000498102
internal_weight=13483.3 13477.2 10873.8 762.461 638.651 10111.4 5607.55 4503.83 227.491 1166.91 4276.34 2800.74 1475.6 569.531
internal_count=372800 372709 342145 11873 10595 330272 52389 277883 12160 8844 265723 104824 160899 55063
is_linear=0
shrinkage=0.05


Tree=178
num_leaves=15
num_cat=0
split_feature=2 5 10 5 1 1 1 3 2 9 4 4 2 6
split_gain=3.9372 6.51339 8.5927 7.28587 7.81332 5.57814 7.30364 6.25323 5.46773 4.88956 5.46557 5.94312 6.5823 5.06656
threshold=15.090000000000005 -0.79202145701753912 2.5000000000000004 -0.89783339391592742 5.5000000000000009 27.500000000000004 3.5000000000000004 22.760000000000002 30.150000000000002 2.5000000000000004 -1.0000000180025095e-35 -0.7117179123887335 17.035000000000004 2.5000000000000004
decision_type=2 2 2 2 2 2 2 2 2 2 2 2 2 2
left_child=-1 3 -3 4 -2 6 7 -4 9 10 11 12 -9 -11
right_child=1 2 5 -5 -6 -7 -8 8 -10 13 -12 -13 -14 -15
leaf_value=0.00011586841950651116 0.002708556014176937 -0.059893433731469305 -0.045086519105410755 0.024136465892694567 -0.04004864549150184 0.033622872444553906 -0.03183556539945729 -0.037299414739584327 -0.032251262546425706 -0.032644248667087455 -0.0091926867924970422 0.070715674997492275 0.021884527158044426 0.0041154077750816592
leaf_weight=13192.397847559536 64.004407949745655 8.7835813011042756 9.3373532555997354 31.463510227389634 12.825603993609546 7.2862076200544825 33.65809038374573 5.4986180793493906 13.758860127534716 17.734653420746326 25.291006769053645 5.1111721573397508 32.263981905765831 19.882716439664364
leaf_count=368653 887 104 325 316 155 73 408 178 293 110 463 155 555 125
internal_value=-1.01498e-05 -0.0058048 -0.0116711 0.00387031 -0.00442911 -0.0091769 -0.0110955 -0.00567903 -0.00260091 0.00125565 0.00924135 0.0201155 0.0132667 -0.0132149
internal_weight=13479.3 286.9 178.606 108.294 76.83 169.823 162.536 128.878 119.541 105.782 68.1648 42.8738 37.7626 37.6174
internal_count=372800 4147 2789 1358 1042 2685 2612 2204 1879 1586 1351 888 733 235
is_linear=0
shrinkage=0.05


Tree=179
num_leaves=15
num_cat=0
split_feature=4 3 5 5 3 1 4 5 3 3 5 10 2 2
split_gain=3.89169 5.62414 3.9893 9.00812 7.48975 6.63057 10.887 11.2566 11.2961 10.8587 10.5944 24.7416 16.8693 27.9873
threshold=0.99993812531908921 29.745000000000005 0.60702770852580734 0.7117179123887335 82.735000000000014 15.500000000000002 0.72986233575078574 0.058870663549117255 12.995000000000003 21.250000000000004 0.56460558230995084 13.000000000000002 4.995000000000001 3.9650000000000007
decision_type=2 2 2 2 2 2 2 2 2 2 2 2 2 2
left_child=2 -2 5 4 -4 10 -7 9 -9 -8 -1 12 13 -12
right_child=1 -3 3 -5 -6 6 7 8 -10 -11 11 -13 -14 -15
leaf_value=-0.00036010554893317333 -0.02926267947322532 0.019392052906787735 -0.010229972139156863 -7.4930193549668076e-05 0.017351493770243965 0.0015512112220378638 -0.0017368267388450671 0.054423419315835719 0.012177802297235654 0.023256028484042256 0.0089912685200284476 0.088226371420087324 -0.02917882210474922 0.10663831393950862
leaf_weight=9779.9784908046713 24.316147543024272 7.8591143926605573 400.07322930160444 1203.4418264607666 26.226998690515757 1640.8966419270728 130.27248165360652 28.207324829651043 36.042767822742462 65.215743396431208 93.207299974863417 10.28805406601168 25.012495225295424 7.9651690898463121
leaf_count=298213 1258 130 11508 36463 181 17993 1716 459 293 439 3317 194 476 160
internal_value=-9.91818e-06 -0.0173783 3.16405e-05 -0.00228738 -0.0085331 0.000351466 0.00305679 0.0125683 0.0307246 0.0066009 -0.000167049 0.0136678 0.00758893 0.0166789
internal_weight=13479 32.1753 13446.8 1629.74 426.3 11817.1 1900.63 259.738 64.2501 195.488 9916.45 136.473 126.185 101.172
internal_count=372800 1388 371412 48152 11689 323260 20900 2907 752 2155 302360 4147 3953 3477
is_linear=0
shrinkage=0.05


end of trees

feature_importances:
min_technical_time_min=649
time_reserve_min=326
num_platform_tracks=322
hour_cos=282
prev_delay_departure_min=258
active_disruption_group=214
hour_sin=195
is_track_closure=56
train_kind=51
day_of_week=49
is_speed_warning=42
is_passing_loop=41
is_node=35

parameters:
[boosting: gbdt]
[objective: binary]
[metric: binary_logloss]
[tree_learner: serial]
[device_type: cpu]
[data_sample_strategy: bagging]
[data: ]
[valid: ]
[num_iterations: 180]
[learning_rate: 0.05]
[num_leaves: 15]
[num_threads: 2]
[seed: 42]
[deterministic: 0]
[force_col_wise: 0]
[force_row_wise: 0]
[histogram_pool_size: -1]
[max_depth: -1]
[min_data_in_leaf: 100]
[min_sum_hessian_in_leaf: 0.001]
[bagging_fraction: 1]
[pos_bagging_fraction: 1]
[neg_bagging_fraction: 1]
[bagging_freq: 0]
[bagging_seed: 400]
[bagging_by_query: 0]
[feature_fraction: 1]
[feature_fraction_bynode: 1]
[feature_fraction_seed: 30056]
[extra_trees: 0]
[extra_seed: 12879]
[early_stopping_round: 0]
[early_stopping_min_delta: 0]
[first_metric_only: 0]
[max_delta_step: 0]
[lambda_l1: 0]
[lambda_l2: 0]
[linear_lambda: 0]
[min_gain_to_split: 0]
[drop_rate: 0.1]
[max_drop: 50]
[skip_drop: 0.5]
[xgboost_dart_mode: 0]
[uniform_drop: 0]
[drop_seed: 17869]
[top_rate: 0.2]
[other_rate: 0.1]
[min_data_per_group: 100]
[max_cat_threshold: 32]
[cat_l2: 10]
[cat_smooth: 10]
[max_cat_to_onehot: 4]
[top_k: 20]
[monotone_constraints: ]
[monotone_constraints_method: basic]
[monotone_penalty: 0]
[feature_contri: ]
[forcedsplits_filename: ]
[refit_decay_rate: 0.9]
[cegb_tradeoff: 1]
[cegb_penalty_split: 0]
[cegb_penalty_feature_lazy: ]
[cegb_penalty_feature_coupled: ]
[path_smooth: 0]
[interaction_constraints: ]
[verbosity: -1]
[saved_feature_importance_type: 0]
[use_quantized_grad: 0]
[num_grad_quant_bins: 4]
[quant_train_renew_leaf: 0]
[stochastic_rounding: 1]
[linear_tree: 0]
[max_bin: 255]
[max_bin_by_feature: ]
[min_data_in_bin: 3]
[bin_construct_sample_cnt: 200000]
[data_random_seed: 175]
[is_enable_sparse: 1]
[enable_bundle: 1]
[use_missing: 1]
[zero_as_missing: 0]
[feature_pre_filter: 1]
[pre_partition: 0]
[two_round: 0]
[header: 0]
[label_column: ]
[weight_column: ]
[group_column: ]
[ignore_column: ]
[categorical_feature: ]
[forcedbins_filename: ]
[precise_float_parser: 0]
[parser_config_file: ]
[objective_seed: 16083]
[num_class: 1]
[is_unbalance: 0]
[scale_pos_weight: 1]
[sigmoid: 1]
[boost_from_average: 1]
[reg_sqrt: 0]
[alpha: 0.9]
[fair_c: 1]
[poisson_max_delta_step: 0.7]
[tweedie_variance_power: 1.5]
[lambdarank_truncation_level: 30]
[lambdarank_norm: 1]
[label_gain: ]
[lambdarank_position_bias_regularization: 0]
[eval_at: ]
[multi_error_top_k: 1]
[auc_mu_weights: ]
[num_machines: 1]
[local_listen_port: 12400]
[time_out: 120]
[machine_list_filename: ]
[machines: ]
[gpu_platform_id: -1]
[gpu_device_id: -1]
[gpu_device_id_list: ]
[gpu_use_dp: 0]
[num_gpu: 1]

end of parameters

pandas_categorical:[]
