id,line_number,discriminant,station_name,axis_km,latitude,longitude
1,1,ST,Warszawa Zachodnia,3.082,52.2200903,20.9651803
2,1,POGP,Warszawa Włochy,6.804,52.206915,20.9171483
3,1,ST,Pruszków,15.891,52.1680597,20.7983506
4,1,ST,Grodzisk Mazowiecki,29.548,52.1101483,20.6224214
5,1,PO,Jaktorów,35.032,52.0867325,20.5521675
6,1,PO,Międzyborów,40.468,52.0635814,20.4824628
7,1,ST,Żyrardów,43.141,52.0520969,20.4479542
8,1,PO,Sucha Żyrardowska,50.033,52.0228947,20.359495
9,1,PO,Jesionka,51.959,52.0148142,20.3347558
10,1,PO,Radziwiłłów Mazowiecki,55.404,52.0002753,20.2903767
11,1,PO,Skierniewice Rawka,60.779,51.9775589,20.2212819
12,1,ST,Skierniewice,65.926,51.9671575,20.1498425
13,1,PO,Dąbrowice Skierniewickie,71.355,51.9333564,20.1022939
14,1,PO,Maków,75.372,51.9422214,20.0456217
15,1,ST,Płyćwia,80.131,51.916685,20.0020389
16,1,PO,Lipce Reymontowskie,84.710,51.9052103,19.9432317
17,1,PO,Krosnowa,89.822,51.8633281,19.9232139
18,1,PO,Przyłęk Duży,92.345,51.8409694,19.9174028
19,1,ST,Rogów,95.723,51.8177553,19.8859083
20,1,PO,Wągry,99.619,51.7910811,19.8493306
21,1,ST,Koluszki,105.194,51.7453014,19.8193356
22,1,PO,Chrusty Nowe,111.011,51.6946956,19.7942633
23,1,ST,Rokiciny,114.176,51.6675286,19.7807122
24,1,PO,Łaznów,118.651,51.6310883,19.7547794
25,1,PO,Wolbórka,123.399,51.5935211,19.7236411
26,1,ST,Baby,129.944,51.5369919,19.7168194
27,1,PO,Moszczenica,133.825,51.5036581,19.7005414
28,1,PO,Jarosty,138.545,51.4615128,19.6931775
29,1,ST,Piotrków Trybunalski,144.242,51.4105617,19.6848344
30,1,PO,Milejów,150.389,51.3556058,19.6757981
31,1,ST,Rozprza,156.555,51.3015361,19.6601825
32,1,PO,Luciążanka,159.433,51.2770533,19.648135
33,1,PO,Wilkoszewice,162.533,51.2515097,19.6304094
34,1,ST,Gorzkowice,166.718,51.2182428,19.6032325
35,1,PO,Gorzędów,171.660,51.1969489,19.5437083
36,1,PO,Kamieńsk,175.004,51.1862292,19.49902
37,1,ST,Gomunice,177.694,51.1642456,19.4870144
38,1,PO,Dobryszyce koło Radomska,183.452,51.1243328,19.4443886
39,1,ST,Radomsko,189.133,51.0745689,19.4376928
40,1,PO,Bobry,194.756,51.0287322,19.4048531
41,1,PO,Widzów Teklinów,200.710,50.9808322,19.3670856
42,1,PO,Jacków,202.758,50.9641806,19.3546242
43,1,ST,Kłomnice,208.201,50.9159589,19.3415806
44,1,PO,Rzerzęczyce,210.606,50.8973242,19.3284297
45,1,ST,Rudniki koło Częstochowy,217.700,50.8781567,19.2322614
46,1,PO,Częstochowa Aniołów,225.816,50.8353992,19.1519217
47,1,ST,Częstochowa,229.745,50.8086903,19.1210189
48,1,PO,Częstochowa Raków,233.500,50.7876381,19.1554592
49,1,PO,Korwinów,239.158,50.7389967,19.1765236
50,1,PO,Poraj,246.950,50.6769092,19.2193508
51,1,PO,Masłońskie Natalin,250.787,50.6504244,19.2540783
52,1,PO,Żarki-Letnisko,254.088,50.6233708,19.2728961
53,1,PO,Myszków Nowa Wieś,257.525,50.5948328,19.2915756
54,1,ST,Myszków,261.016,50.5745317,19.3283528
55,1,PO,Myszków Światowit,263.442,50.5656167,19.3596814
56,1,PO,Myszków Mrzygłód,266.370,50.5431531,19.3775025
57,1,PO,Zawiercie Borowe Pole,270.300,50.5110653,19.3986917
58,1,ST,Zawiercie,274.227,50.4809444,19.4231181
59,1,ST,Łazy,280.654,50.4298867,19.3915517
60,1,PO,Wiesiółka,284.313,50.4146553,19.3490919
61,1,PO,Chruszczobród,286.557,50.4000008,19.3294558
62,1,PO,Dąbrowa Górnicza Sikorka,289.202,50.3886403,19.2974028
63,1,ST,Dąbrowa Górnicza Ząbkowice,292.896,50.3668464,19.2650044
64,1,PO,Dąbrowa Górnicza Pogoria,295.398,50.3504712,19.2407866
65,1,PO,Dąbrowa Górnicza Gołonóg,296.726,50.3438667,19.2261011
66,1,ST,Dąbrowa Górnicza,300.267,50.3305911,19.1834539
67,1,PO,Będzin Ksawera,302.077,50.3305847,19.1587453
68,1,PO,Będzin Miasto,304.385,50.3187978,19.1355508
69,1,PO,Sosnowiec Środula,307.080,50.2867681,19.1513048
70,1,ST,Sosnowiec Główny,309.544,50.2787675,19.1262233
71,1,PO,Katowice Morawa,311.830,50.263849,19.108115
72,1,PO,Katowice Szopienice Południowe,312.910,50.2589556,19.0931844
73,1,ST,Katowice Zawodzie,315.653,50.2573869,19.0551833
74,1,ST,Katowice,318.378,50.2575667,19.0172519
75,2,ST,Warszawa Zachodnia,-2.424,52.2200903,20.9651803
76,2,ST,Warszawa Centralna,0.000,52.2286969,21.0027278
77,2,ST,Warszawa Wschodnia,4.254,52.2512736,21.0524594
78,2,ST,Warszawa Rembertów,11.753,52.2570944,21.1584269
79,2,PO,Warszawa Wesoła,16.385,52.2539683,21.2261019
80,2,PO,Warszawa Wola Grzybowska,18.183,52.2527325,21.2523594
81,2,PO,Sulejówek,19.989,52.2476708,21.2772494
82,2,ST,Sulejówek Miłosna,21.567,52.2409017,21.2975758
83,2,PO,Józefin,24.350,52.2290314,21.3332689
84,2,PO,Halinów,25.664,52.2233944,21.3501694
85,2,PO,Cisie,28.813,52.2098908,21.3906575
86,2,PO,Dębe Wielkie,31.317,52.1991489,21.4228467
87,2,PO,Nowe Dębe Wielkie,32.661,52.1933892,21.4400792
88,2,PO,Wrzosów,35.800,52.1843239,21.4830597
89,2,ST,Mińsk Mazowiecki,40.595,52.1758481,21.5517764
90,2,PO,Mińsk Mazowiecki Anielina,43.087,52.1677692,21.5855253
91,2,PO,Barcząca,46.143,52.1568089,21.6263142
92,2,PO,Mienia,50.404,52.1493128,21.6871164
93,2,PO,Cegłów,53.784,52.1484606,21.7363756
94,2,ST,Mrozy,58.685,52.1644222,21.8027317
95,2,PO,Grodziszcze Mazowieckie,63.805,52.1608492,21.8724433
96,2,PO,Sosnowe,68.760,52.1758569,21.9405431
97,2,PO,Koszewnica,72.128,52.1690567,21.9869753
98,2,PO,Kotuń,77.941,52.1762828,22.0679558
99,2,PO,Sabinka,85.345,52.1732067,22.172885
100,2,PO,Siedlce Zachodnie,89.863,52.1734939,22.2355372
101,2,ST,Siedlce,92.694,52.1619497,22.2715467
102,2,PO,Siedlce Wschodnie,95.414,52.1443369,22.2978083
103,2,PO,Białki Siedleckie,97.335,52.1286483,22.3093578
104,2,PO,Kosiorki,100.333,52.1071839,22.3358619
105,2,PO,Borki-Kosy,102.880,52.0889717,22.3583761
106,2,PO,Dziewule,107.220,52.0554578,22.3861964
107,2,PO,Radomyśl,109.954,52.0310847,22.3809731
108,2,PO,Krynka Łukowska,112.678,52.0068225,22.3757747
109,2,ST,Łuków,120.448,51.9418419,22.3893064
110,2,PO,Łuków Zapowiednik,122.506,51.9319558,22.4145817
111,2,PO,Matysy,128.086,51.9399731,22.4938464
112,2,PO,Szaniawy,131.680,51.9469089,22.54495
113,2,PO,Brzozowica,136.063,51.9536922,22.6075542
114,2,PO,Misie,141.677,51.9592908,22.6881989
115,2,ST,Międzyrzec Podlaski,148.657,51.9760133,22.7855744
116,2,PO,Sitno,154.297,51.9857717,22.8661139
117,2,PO,Szachy,157.414,51.9916892,22.910445
118,2,PO,Sokule,160.700,51.9979183,22.9572408
119,2,PO,Porosiuki,168.070,52.011815,23.0621622
120,2,ST,Biała Podlaska,172.863,52.0202381,23.1305756
121,2,PO,Biała Podlaska Wschodnia,174.995,52.02061,23.1615047
122,2,PO,Ogrodniki,180.806,52.0007764,23.2397181
123,2,PO,Perkowice,183.604,51.9965822,23.2798447
124,2,ST,Chotyłów,188.896,51.9968369,23.3566367
125,2,PO,Dobrynka,194.714,51.9985528,23.4413922
126,2,PO,Małaszewicze,201.687,52.0273053,23.5316422
127,2,PO,Kobylany,204.024,52.0376414,23.5609778
128,2,ST,Terespol,209.280,52.0740333,23.6010197
129,3,ST,Warszawa Zachodnia,3.082,52.2200903,20.9651803
130,3,POGP,Warszawa Włochy,6.804,52.206915,20.9171483
131,3,PO,Warszawa Ursus Północny,8.993,52.2058319,20.8893892
132,3,POGP,Warszawa Gołąbki,10.719,52.2083922,20.8637825
133,3,ST,Ożarów Mazowiecki,15.384,52.2073081,20.7959231
134,3,PO,Płochocin,21.978,52.1999419,20.7012061
135,3,PO,Błonie Rokitno,26.470,52.1889644,20.6400983
136,3,ST,Błonie,28.684,52.1865161,20.608415
137,3,PO,Witanów,31.118,52.1858875,20.5727578
138,3,PO,Boża Wola,34.318,52.1898994,20.5266069
139,3,PO,Seroki,38.534,52.1966303,20.465935
140,3,ST,Teresin Niepokalanów,41.942,52.2020564,20.4168864
141,3,PO,Piasecznica,47.008,52.21003,20.3439131
142,3,ST,Sochaczew,54.315,52.2154597,20.2398231
143,3,PO,Kornelin,58.725,52.1830464,20.2061342
144,3,PO,Nowa Sucha,62.074,52.1613864,20.1721811
145,3,PO,Kęszyce,65.157,52.1383539,20.1481947
146,3,PO,Jasionna Łowicka,67.470,52.1243506,20.1230956
147,3,ST,Bednary,72.327,52.1046903,20.0619983
148,3,PO,Mysłaków,75.783,52.0921042,20.0138789
149,3,ST,Łowicz Główny,80.441,52.1043258,19.9560783
150,3,PO,Niedźwiada Łowicka,86.938,52.1401817,19.8847503
151,3,ST,Jackowice,93.380,52.157155,19.7947381
152,3,PO,Zosinów,99.700,52.1858214,19.7158608
153,3,ST,Żychlin,107.106,52.2132983,19.6175456
154,3,PO,Złotniki Kutnowskie,115.866,52.2251214,19.4914725
155,3,PO,Sklęczki,122.050,52.2250214,19.4026883
156,3,ST,Kutno,125.903,52.2271922,19.347845
157,3,PO,Nowe Kutnowskie,134.608,52.2377144,19.2265256
158,3,ST,Krzewie,138.780,52.2353369,19.1655953
159,3,PO,Turzynów,148.264,52.2304769,19.0271272
160,3,ST,Kłodawa,157.620,52.2273561,18.8905717
161,3,ST,Barłogi,166.107,52.2160658,18.7686558
162,3,ST,Koło,175.657,52.2110275,18.6320028
163,3,PO,Budki Nowe,181.750,52.2443942,18.5647706
164,3,ST,Kramsk,187.834,52.2451458,18.4760808
165,3,PO,Patrzyków,195.648,52.2293586,18.3670175
166,3,ST,Konin,204.279,52.2310844,18.2540544
167,3,PO,Konin Zachód,206.557,52.2367558,18.2221533
168,3,PO,Kawnice,211.636,52.2497992,18.1511228
169,3,PO,Spławie,215.818,52.2576756,18.0911303
170,3,PO,Cienin Kościelny,221.612,52.2700422,18.0094769
171,3,ST,Cienin,224.497,52.2724589,17.9673672
172,3,PO,Słupca,232.822,52.2873861,17.8520322
173,3,ST,Strzałkowo,236.869,52.3102194,17.8078653
174,3,PO,Wólka,240.819,52.3216636,17.7533906
175,3,PO,Otoczna,245.213,52.3256117,17.6893897
176,3,PO,Gutowo Wielkopolskie,248.407,52.3323797,17.6437903
177,3,ST,Podstolice,262.729,52.3419439,17.4797178
178,3,PO,Nekla,268.280,52.3544153,17.3999608
179,3,PO,Gułtowy,274.380,52.3681556,17.316405
180,3,ST,Kostrzyn Wielkopolski,281.277,52.3932725,17.2248733
181,3,POGP,Paczkowo,285.790,52.3969114,17.1589786
182,3,ST,Swarzędz,291.618,52.4041528,17.0744983
183,3,PO,Poznań Antoninek,294.954,52.4096367,17.0281694
184,3,ST,Poznań Wschód,298.997,52.4190239,16.9741808
185,3,PO,Poznań Garbary,301.577,52.4161897,16.9382903
186,3,ST,Poznań Główny,304.656,52.4014439,16.9118931
187,3,ST,Poznań Górczyn,309.155,52.3803169,16.8795708
188,3,PO,Poznań Junikowo,312.846,52.3778467,16.8255897
189,3,ST,Palędzie,318.278,52.3744033,16.7460158
190,3,PO,Dopiewo,323.501,52.3537508,16.6780414
191,3,PO,Otusz,329.408,52.3466975,16.5942011
192,3,ST,Buk,334.137,52.3448958,16.5254381
193,3,PO,Wojnowice Wielkopolskie,338.585,52.3270289,16.4671047
194,3,ST,Opalenica,343.376,52.3100981,16.4028017
195,3,PO,Porażyn,351.409,52.3022108,16.2905403
196,3,PO,Sątopy,357.090,52.3032806,16.2034492
197,3,ST,Nowy Tomyśl,362.041,52.3041261,16.1308722
198,3,PO,Jastrzębsko,366.964,52.2950725,16.0609508
199,3,PO,Chrośnica,371.929,52.2814781,15.9921783
200,3,ST,Zbąszyń,379.335,52.25936,15.8946839
201,3,ST,Zbąszynek,385.628,52.2420039,15.8174564
202,3,ST,Szczaniec,396.515,52.2643408,15.6933519
203,3,PO,Kupienino,402.084,52.2572794,15.6134092
204,3,ST,Świebodzin,407.344,52.2451194,15.5396592
205,3,PO,Wilkowo Świebodzińskie,412.454,52.2563811,15.4689781
206,3,PO,Mostki,417.700,52.2688858,15.3957447
207,3,ST,Toporów,427.562,52.2602283,15.2615669
208,3,PO,Drzewce,434.673,52.2694472,15.1616328
209,3,PGLP,Torzym,443.423,52.3126575,15.0583017
210,3,ST,Boczów,451.135,52.3268339,14.9488794
211,3,ST,Rzepin,460.781,52.3499083,14.8152897
212,3,PO,Kunowice,472.936,52.3417256,14.6374881
213,3,PO,Słubice,475.925,52.3360561,14.5953394
214,4,ST,Grodzisk Mazowiecki,1.088,52.1101483,20.6224214
215,4,ST,Opoczno Południe,92.564,51.3586881,20.2319028
216,4,ST,Włoszczowa Północ,153.650,50.856555,19.9461369
217,4,ST,Zawiercie,224.050,50.4809444,19.4231181
218,6,ST,Zielonka,14.763,52.3127797,21.1600711
219,6,ST,Wołomin,21.480,52.3466131,21.2380231
220,6,PO,Zagościniec,25.010,52.3648469,21.2805419
221,6,PO,Dobczyn,27.715,52.3788183,21.3130567
222,6,PO,Klembów,31.030,52.3959039,21.3529364
223,6,PO,Jasienica Mazowiecka,34.814,52.4153797,21.3985014
224,6,ST,Tłuszcz,37.802,52.4307858,21.4345219
225,6,PO,Chrzęsne,41.089,52.447135,21.4747764
226,6,PO,Mokra Wieś,43.154,52.4574678,21.5000153
227,6,PO,Szewnica,48.335,52.4833592,21.5634128
228,6,PO,Urle,53.155,52.5073669,21.6223572
229,6,PO,Barchów,55.208,52.5176631,21.6476136
230,6,ST,Łochów,58.480,52.5339981,21.6876506
231,6,PO,Ostrówek Węgrowski,63.622,52.5596631,21.7507133
232,6,PO,Topór,68.683,52.5848853,21.8128075
233,6,PO,Sadowne Węgrowskie,72.489,52.6050461,21.8580731
234,6,PO,Prostyń,81.703,52.6592206,21.9610347
235,6,ST,Małkinia,87.969,52.6937364,22.0367131
236,6,PO,Zaręby Kościelne,96.249,52.7309456,22.1407756
237,6,POGP,Kietlanka,99.195,52.7439425,22.1787489
238,6,PO,Szulborze Wielkie,102.968,52.7605828,22.2274783
239,6,ST,Czyżew,111.850,52.7997308,22.3421914
240,6,PO,Kity,118.107,52.8282442,22.4222133
241,6,PO,Dąbrowa-Łazy,120.732,52.8401175,22.455835
242,6,ST,Szepietowo,127.383,52.8700881,22.5411847
243,6,PO,Szymbory,132.692,52.8940439,22.6095414
244,6,PO,Jabłoń Kościelna,135.803,52.9079731,22.6495053
245,6,ST,Racibory,140.623,52.9296006,22.7117533
246,6,PO,Zdrody Nowe,146.093,52.9539797,22.7820961
247,6,PO,Łapy Osse,150.450,52.9734464,22.8383636
248,6,ST,Łapy,154.015,52.9901411,22.8839189
249,6,PO,Uhowo,156.433,53.0049656,22.9099622
250,6,PO,Bojary,160.107,53.0276389,22.9495775
251,6,ST,Baciuty,163.133,53.0463444,22.9823383
252,6,PO,Trypucie,167.060,53.0707072,23.0248986
253,6,PO,Niewodnica,168.992,53.0826194,23.0456619
254,6,PO,Klepacze,172.150,53.1022069,23.0797525
255,6,PO,Białystok Zielone Wzgórza,174.288,53.1154908,23.1033389
256,6,ST,Białystok,177.305,53.1339108,23.1359611
257,6,ST,Wasilków,185.155,53.1978775,23.1768075
258,6,MPO,Czarny Blok,191.278,53.2491964,23.2096764
259,6,PO,Wólka Ratowiecka,195.401,53.2798911,23.243895
260,6,ST,Czarna Białostocka,199.178,53.3059131,23.28017
261,6,ST,Machnacz,203.118,53.3324522,23.3192978
262,6,PO,Rozedranka,207.390,53.3590417,23.3653619
263,6,PO,Geniusze,212.805,53.3822706,23.4352433
264,6,ST,Sokółka,218.527,53.4033931,23.5081642
265,6,PO,Kundzin,225.511,53.4392375,23.5905158
266,6,PO,Czuprynowo,230.163,53.4723572,23.6316556
267,6,ST,Kuźnica Białostocka,234.635,53.5110444,23.6418156
268,7,ST,Warszawa Wschodnia,4.254,52.2512736,21.0524594
269,7,PO,Warszawa Grochów,6.600,52.2556508,21.0837228
270,7,PO,Warszawa Olszynka Grochowska,8.335,52.2498956,21.1067242
271,7,PO,Warszawa Gocławek,10.523,52.2378728,21.1343172
272,7,ST,Warszawa Wawer,12.579,52.2233742,21.1499233
273,7,PO,Warszawa Anin,13.928,52.2130756,21.1599603
274,7,PO,Warszawa Międzylesie,15.129,52.203835,21.169175
275,7,PO,Warszawa Radość,17.550,52.1852722,21.1877203
276,7,PO,Warszawa Miedzeszyn,19.195,52.1726808,21.2002767
277,7,ST,Warszawa Falenica,20.581,52.1620569,21.2108664
278,7,PO,Michalin,22.390,52.1481928,21.2246831
279,7,PO,Józefów,23.991,52.1359208,21.2368956
280,7,PO,Otwock Świder,25.930,52.1210433,21.2516911
281,7,ST,Otwock,27.569,52.1085647,21.2644011
282,7,PO,Otwock Śródborów,30.051,52.1011572,21.2959769
283,7,PO,Pogorzel Warszawska,33.251,52.0946956,21.3406014
284,7,PO,Stara Wieś,34.955,52.0842789,21.3588136
285,7,ST,Celestynów,38.758,52.0581931,21.3931869
286,7,PO,Kołbiel,42.260,52.0402689,21.4343564
287,7,PO,Chrosna,43.676,52.0314936,21.4484836
288,7,PO,Zabieżki,46.356,52.0125008,21.4718644
289,7,PO,Augustówka,50.452,51.986975,21.5138906
290,7,ST,Pilawa,54.345,51.9546589,21.5345067
291,7,PO,Garwolin,60.425,51.9020281,21.553415
292,7,PO,Ruda Talubska,66.572,51.8527558,21.5898931
293,7,PO,Wola Rowska,70.085,51.8219364,21.6010381
294,7,PO,Łaskarzew,72.799,51.7982333,21.6085064
295,7,PO,Leokadia,76.555,51.7679142,21.6318525
296,7,ST,Sobolew,80.631,51.7417108,21.6724478
297,7,PO,Grabniak,84.700,51.7123658,21.7054403
298,7,PO,Wygoda,87.945,51.6889469,21.7308914
299,7,PO,Mika,90.025,51.6730556,21.7479289
300,7,ST,Życzyn,93.217,51.6474944,21.7607478
301,7,PO,Rokitnia Stara,98.069,51.6119519,21.7985833
302,7,ST,Dęblin,103.282,51.5772147,21.8351736
303,7,PO,Skoki - Borowa,107.850,51.5396708,21.8488667
304,7,PO,Gołąb,113.666,51.5049622,21.9106061
305,7,ST,Puławy Azoty,118.057,51.4752386,21.9489331
306,7,PO,Puławy Chemia,121.546,51.4467922,21.9681558
307,7,PO,Puławy Miasto,123.901,51.4275586,21.9845275
308,7,ST,Puławy,126.597,51.4109433,22.0107531
309,7,PO,Końskowola,129.625,51.3982983,22.0490825
310,7,POGP,Klementowice,135.900,51.3629828,22.1096211
311,7,PO,Łopatki,140.614,51.3294739,22.1522244
312,7,ST,Nałęczów,145.212,51.3182172,22.2117317
313,7,PO,Czesławice,148.990,51.3073703,22.2634192
314,7,ST,Sadurki,151.808,51.2867617,22.2836689
315,7,PO,Miłocin Lubelski,154.547,51.2692367,22.3118269
316,7,PO,Motycz Leśny,159.989,51.2374706,22.3729014
317,7,ST,Motycz,164.055,51.2214872,22.4234906
318,7,PO,Stasin Polny,167.715,51.2134239,22.4745242
319,7,PO,Lublin Zachodni,170.274,51.2190122,22.5089928
320,7,ST,Lublin Główny,174.854,51.2311725,22.5689492
321,7,PO,Lublin Północny,177.420,51.2418394,22.5989064
322,7,PO,Świdnik Miasto,186.062,51.2239069,22.6947461
323,7,PO,Świdnik Wschód,187.480,51.2210722,22.7144717
324,7,ST,Minkowice,191.018,51.217525,22.7636361
325,7,PO,Podzamcze,192.890,51.2097231,22.7873569
326,7,PO,Dominów,196.813,51.2124756,22.8418917
327,7,ST,Jaszczów,201.843,51.2021583,22.9106136
328,7,PO,Biskupice,207.155,51.1614483,22.9470375
329,7,ST,Trawniki,211.731,51.1356789,22.9941319
330,7,PO,Wólka Kańska,216.955,51.1284653,23.06603
331,7,PO,Kanie,219.699,51.1246317,23.1047525
332,7,PO,Zalesie Krasieńskie,224.040,51.1217392,23.1663731
333,7,ST,Rejowiec,229.286,51.1175925,23.2391308
334,7,ST,Zawadówka,238.219,51.1240669,23.3555906
335,7,PO,Chełm Miasto,245.848,51.1379794,23.4579453
336,7,ST,Chełm,248.419,51.1412114,23.4940203
337,7,PO,Chełm Cementownia,251.814,51.1409603,23.5423366
338,7,ST,Brzeźno,257.551,54.4073023,18.6373054
339,7,ST,Wólka Okopska,263.781,51.1727489,23.7192783
340,7,ST,Dorohusk,269.508,51.1723181,23.7866686
341,8,ST,Warszawa Zachodnia,3.082,52.2200903,20.9651803
342,8,POGP,Warszawa Aleje Jerozolimskie,6.167,52.2042044,20.9427467
343,8,PO,Warszawa Rakowiec,8.032,52.1968322,20.965905
344,8,PO,Warszawa Żwirki i Wigury,9.073,52.1934433,20.9801014
345,8,PO,Warszawa Służewiec,10.754,52.1799325,20.9869436
346,8,ST,Warszawa Okęcie,12.388,52.1657531,20.9872733
347,8,PO,Warszawa Dawidy,16.500,52.1285797,20.9910894
348,8,PO,Warszawa Jeziorki,18.550,52.1102669,20.9931133
349,8,PO,Nowa Iwiczna,20.655,52.0914144,20.9951978
350,8,ST,Piaseczno,23.835,52.0668122,21.0169217
351,8,PO,Zalesie Górne,28.618,52.0265236,21.0417506
352,8,PO,Ustanówek,32.162,51.9967292,21.060065
353,8,PO,Czachówek Górny,35.610,51.9676853,21.0776725
354,8,ST,Czachówek Południowy,36.701,51.9581281,21.081565
355,8,PO,Sułkowice,40.260,51.9269486,21.0923281
356,8,ST,Chynów,43.011,51.9028058,21.1006114
357,8,PO,Krężel,46.563,51.8714328,21.1114131
358,8,PO,Michalczew,49.709,51.8438053,21.1208744
359,8,PO,Gośniewice,53.087,51.8163267,21.1397756
360,8,ST,Warka,56.284,51.7940411,21.1683692
361,8,PO,Warka Miasto,57.849,51.7812253,21.1773194
362,8,PO,Grabów nad Pilicą,62.347,51.7420728,21.1820908
363,8,PO,Strzyżyna,67.780,51.6936689,21.1726672
364,8,ST,Dobieszyn,74.835,51.6306806,21.1763269
365,8,PO,Kruszyna,80.500,51.5798811,21.1789428
366,8,PO,Wola Bierwiecka,84.581,51.5431769,21.1772742
367,8,PO,Bartodzieje,86.589,51.5251611,21.1779917
368,8,PO,Lesiów,91.909,51.4792511,21.1936986
369,8,PO,Radom Stara Wola,96.463,51.4393264,21.1848256
370,8,PO,Radom Północny,98.670,51.4195872,21.1863953
371,8,PO,Radom Gołębiów,99.475,51.4123958,21.1878528
372,8,PO,Radom Wschodni,101.359,51.398905,21.1738772
373,8,ST,Radom Główny,102.944,51.3909661,21.1553453
374,8,PO,Radom Południowy,106.598,51.3634681,21.1369839
375,8,PO,Trablice,110.015,51.34912,21.0986975
376,8,ST,Rożki,113.254,51.3380708,21.0532475
378,8,PO,Dąbrówka Zabłotnia,116.780,51.3092908,21.0458658
379,8,PO,Ruda Wielka,118.660,51.2928058,21.0402903
380,8,PO,Wola Lipieniecka,120.700,51.2768653,21.0262967
381,8,ST,Jastrząb,125.123,51.2484831,20.9836594
382,8,PO,Gąsawy Plebańskie,128.639,51.2321078,20.9471219
383,8,ST,Szydłowiec,132.513,51.2076381,20.9233303
384,8,PO,Lipowe Pole,138.680,51.1551839,20.9010342
385,8,ST,Skarżysko-Kamienna,143.442,51.1159431,20.8816053
386,8,PO,Skarżysko Zachodnie,145.850,51.1002711,20.8593175
387,8,PODS,Suchedniów Północny,150.037,51.0658836,20.8491408
388,8,ST,Suchedniów,152.404,51.0454172,20.8498631
389,8,PO,Berezów,155.099,51.0239167,20.8363992
390,8,ST,Łączna,160.271,50.9917231,20.7984525
391,8,ST,Zagnańsk,171.297,50.9745964,20.6627719
392,8,PO,Tumlin,176.198,50.9663442,20.6022006
393,8,ST,Kostomłoty,182.060,50.9211681,20.6164983
394,8,PO,Kielce Piaski,185.865,50.889815,20.6252997
395,8,ST,Kielce Główne,187.672,50.8742892,20.6178469
396,8,ST,Kielce Białogon,191.742,50.8547231,20.5729514
397,8,PO,Kielce Słowik,195.368,50.8336519,20.5385914
398,8,ST,Sitkówka Nowiny,197.330,50.8182667,20.5504108
399,8,PO,Radkowice,202.246,50.7799433,20.5280478
400,8,ST,Wolica,207.761,50.7534881,20.4696403
401,8,ST,Sobków,211.877,50.7319056,20.4305356
402,8,ST,Miąsowa,219.489,50.71946,20.3650894
403,8,PO,Mnichów,222.437,50.7079075,20.33359
404,8,PO,Podchojny,227.515,50.6636625,20.32079
405,8,ST,Jędrzejów,231.665,50.6449725,20.2760958
406,8,PO,Potok,238.263,50.6176081,20.1967994
407,8,PODS,Krzcięcice,244.543,50.5875222,20.1402386
408,8,ST,Sędziszów,251.075,50.5651844,20.0531817
409,8,PO,Klimontów,256.304,50.5257903,20.0303808
410,8,ST,Kozłów,262.098,50.4746019,20.0119758
411,8,ST,Tunel,267.778,50.4349858,19.9919778
412,8,PO,Pstroszyce,272.194,50.3991992,20.0083339
413,8,ST,Miechów,277.343,50.3546494,20.0112222
414,8,PO,Kamieńczyce,280.724,50.3272583,20.0057883
415,8,PO,Szczepanowice,284.891,50.3010944,20.0246681
416,8,PO,Smroków,287.322,50.2747108,20.0466247
417,8,ST,Słomniki,290.541,50.2483242,20.0640669
418,8,PO,Słomniki Miasto,292.211,50.2358342,20.0763817
419,8,ST,Niedźwiedź,295.782,50.2057717,20.0815297
420,8,PO,Goszcza,298.890,50.1849756,20.0609469
421,8,PO,Łuczyce,301.570,50.1626558,20.0744022
422,8,PO,Baranówka,304.180,50.1467233,20.0953617
423,8,ST,Zastów,307.946,50.1215492,20.0648022
424,8,PO,Kraków Piastów,311.944,50.1069817,20.0141072
425,8,ST,Kraków Batowice,313.275,50.1074617,19.9954908
426,8,ST,Kraków Główny,319.440,50.0683944,19.9475033
427,9,ST,Warszawa Wschodnia,4.408,52.2512736,21.0524594
428,9,PO,Warszawa Targówek,7.432,52.2642464,21.0518367
429,9,ST,Warszawa Praga,10.100,52.2779108,21.0222194
430,9,PO,Warszawa Praga,10.133,52.2779108,21.0222194
431,9,PO,Warszawa Toruńska,12.045,52.2938417,21.0133675
432,9,PO,Warszawa Żerań,14.537,52.3142114,20.9989886
433,9,PO,Warszawa Płudy,16.875,52.3337133,20.9861386
434,9,PO,Warszawa Choszczówka,19.700,52.3577267,20.9724161
435,9,ST,Legionowo,25.190,52.4020111,20.9408914
436,9,PO,Legionowo Przystanek,27.478,52.4116064,20.9120586
437,9,PO,Chotomów,29.393,52.4157067,20.8846314
438,9,PO,Janówek,36.772,52.4252756,20.7783961
439,9,ST,Nowy Dwór Mazowiecki,40.441,52.4252064,20.7248194
440,9,ST,Modlin,44.106,52.4432228,20.7033486
441,9,PO,Pomiechówek,48.553,52.4737192,20.7440006
442,9,PO,Brody Warszawskie,53.193,52.5139031,20.7480656
443,9,PO,Studzianki Nowe,55.800,52.5371481,20.75144
444,9,ST,Nasielsk,60.153,52.5744389,20.7689483
445,9,PO,Kątne,63.958,52.6070967,20.7623956
446,9,PO,Jackowo Dworskie,66.824,52.6311719,20.7749758
447,9,POGP,Świercze,71.428,52.6701511,20.762975
448,9,PO,Kałęczyn,75.713,52.7073258,20.7474019
449,9,ST,Gąsocin,79.668,52.7386239,20.7202778
450,9,PO,Gołotczyzna,85.424,52.7844311,20.6818756
451,9,PO,Ciechanów Przemysłowy,95.414,52.8646336,20.6153964
452,9,ST,Ciechanów,98.055,52.8833828,20.5913156
453,9,PO,Czeruchy,106.322,52.9361111,20.5059692
454,9,PO,Krośnice Mazowieckie,110.148,52.9681133,20.4906239
455,9,ST,Konopki,113.852,52.9960794,20.4602808
456,9,PO,Stupsk Mazowiecki,117.161,53.0211511,20.4339672
457,9,PO,Wyszyny,122.435,53.0612014,20.3920517
458,9,PO,Mława Miasto,128.160,53.1089578,20.3639264
459,9,ST,Mława,130.282,53.1265169,20.350585
460,9,ST,Iłowo,136.465,53.1652764,20.2944606
461,9,PO,Narzym,140.345,53.1899131,20.2536319
462,9,ST,Działdowo,148.226,53.2375267,20.1678375
463,9,PO,Burkat,153.033,53.2750444,20.1353428
464,9,PO,Turza Wielka,158.223,53.3071603,20.0839675
465,9,ST,Gralewo,162.037,53.3200219,20.0355217
466,9,PO,Żabiny,166.470,53.3421117,19.9831972
467,9,PO,Tuczki,168.668,53.3518503,19.9550544
468,9,ST,Rybno Pomorskie,173.054,53.3808867,19.9139575
469,9,PO,Jeglia,175.865,53.3910369,19.8761647
470,9,PO,Hartowiec,178.499,53.3961128,19.8451525
471,9,POGP,Montowo,183.723,53.4162389,19.779945
472,9,POGP,Zajączkowo Lubawskie,189.500,53.4442428,19.7130308
473,9,ST,Rakowice,195.803,53.4779672,19.641715
474,9,PO,Smolniki,203.296,53.5406217,19.6040325
475,9,ST,Iława Główna,208.977,53.5824742,19.5737867
476,9,PO,Iława Miasto,211.847,53.5956244,19.5485992
477,9,PO,Ząbrowo,219.901,53.6372403,19.4608514
478,9,ST,Redaki,225.031,53.6706078,19.4094136
479,9,ST,Susz,232.429,53.7109378,19.3295214
480,9,ST,Prabuty,242.297,53.7589406,19.20957
481,9,PO,Gdakowo,249.340,53.81648,19.1700761
482,9,PO,Mikołajki Pomorskie,253.367,53.8497633,19.1582736
483,9,ST,Mleczewo,262.468,53.91967,19.1223267
484,9,PO,Dąbrówka Malborska,269.600,53.9775172,19.0870758
485,9,PO,Gronajny,272.425,53.9916556,19.0533722
486,9,ST,Malbork,277.888,54.0358731,19.0430492
487,9,PO,Malbork Kałdowo,279.674,54.0472092,19.0242189
488,9,PO,Stogi Malborskie,283.793,54.0639,18.9690269
489,9,ST,Szymankowo,286.748,54.0728631,18.9265086
490,9,PO,Lisewo,293.724,54.0929114,18.8255553
491,9,ST,Tczew,296.249,54.0974403,18.7901806
492,9,PO,Miłobądz,302.681,54.1472406,18.7403847
493,9,ST,Pszczółki,306.676,54.1745364,18.7017742
494,9,PO,Skowarcz,308.294,54.1842581,18.6834106
495,9,PO,Różyny,311.768,54.2122047,18.6615361
496,9,PO,Cieplewo,314.440,54.2344458,18.6475275
497,9,ST,Pruszcz Gdański,317.123,54.2585622,18.6469189
498,9,PO,Gdańsk Lipce,322.094,54.3026347,18.6355269
499,9,PO,Gdańsk Orunia,324.538,54.3243431,18.6344731
500,9,ST,Gdańsk Główny,327.741,54.3553942,18.6439281
501,10,ST,Legionowo,0.000,52.4020111,20.9408914
502,10,ST,Legionowo Piaski,1.444,52.4126361,20.9428689
503,10,PO,Michałów-Reginów,3.200,52.4226022,20.9629208
504,10,ST,Wieliszew,4.220,52.4281569,20.9748031
505,10,PO,Nieporęt,8.550,52.430635,21.0326267
506,10,PO,Dąbkowizna,12.280,52.4238111,21.0860989
507,10,ST,Radzymin,18.382,52.4241961,21.1758364
508,10,ST,Krusze,31.845,52.4273331,21.3704431
509,10,ST,Tłuszcz,35.910,52.4307858,21.4345219
510,11,ST,Skierniewice,0.264,51.9671575,20.1498425
511,11,PO,Mokra,4.117,51.9786639,20.0997006
512,11,PO,Sierakowice Skierniewickie,7.535,51.9985728,20.0617925
513,11,ST,Bełchów,11.215,52.0259758,20.0334375
514,11,PO,Bobrowniki,15.169,52.0585667,20.0103872
515,11,ST,Łowicz Główny,21.547,52.1043258,19.9560783
516,12,ST,Skierniewice,0.000,51.9671575,20.1498425
517,12,PO,Długokąty,9.989,51.975431,20.299939
518,12,PO,Grabce,19.813,52.4643409,18.0659306
519,12,PO,Grzegorzewice,34.656,51.762983,21.1244101
520,12,PO,Jeżewice,41.599,52.9697984,17.9890358
521,12,PO,Gąski,52.570,53.6771806,20.1261217
522,12,PO,Prażmów,58.342,51.9421776,20.9537316
523,12,PO,Czachówek Środkowy,65.264,51.9688291,21.0782719
524,12,POGP,Czachówek Wschodni,66.525,51.9720689,21.0964067
525,12,ST,Góra Kalwaria,73.563,51.9895733,21.1945106
526,12,PO,Warszówka,81.665,51.9878652,21.3260774
527,12,PO,Jaźwiny,95.657,51.9881058,23.0314889
528,12,ST,Pilawa,99.603,51.9546589,21.5345067
529,12,PO,Huta Czechy,104.620,51.9462696,21.5937877
530,12,PO,Parysów,110.620,51.9759282,21.6801952
531,12,PO,Chromin,118.231,51.9593016,21.8157068
532,12,PO,Iwowe,124.188,51.9760641,21.8603657
533,12,PO,Kobiałki,136.232,53.1879518,20.539364
534,12,PO,Jedlanka,141.825,51.384173,21.567974
535,12,PO,Żdżary,148.016,53.5827287,14.7971101
536,12,PO,Krzna,153.783,52.0326325,23.1691313
537,12,ST,Łuków,160.108,51.9418419,22.3893064
538,13,ST,Krusze,0.813,52.4273331,21.3704431
539,13,ST,Mińsk Mazowiecki,32.351,52.1758481,21.5517764
540,13,ST,Pilawa,56.334,51.9546589,21.5345067
541,14,ST,Łódź Kaliska,0.000,51.7585044,19.4299433
542,14,PO,Łódź Retkinia,3.031,51.7402106,19.4061831
543,14,ST,Łódź Lublinek,7.002,51.7208694,19.35926
544,14,PO,Pabianice Północne,12.946,51.6698864,19.3419731
545,14,ST,Pabianice,14.490,51.6609161,19.3250906
546,14,PO,Chechło,17.705,51.64491,19.2864919
547,14,PODS,Dobroń,21.300,51.6293481,19.2408794
548,14,PO,Kolumna,24.799,51.6149264,19.1961617
549,14,ST,Łask,30.850,51.6036906,19.111985
550,14,PODS,Borszewice,36.181,51.6097353,19.035685
551,14,ST,Zduńska Wola,42.360,51.6112764,18.9468944
552,14,PO,Izabelów,44.672,51.6101692,18.9146036
553,14,PO,Męcka Wola,49.329,51.6090767,18.8465475
554,14,PO,Sieradz Męka,54.516,51.6151528,18.7765514
555,14,PO,Sieradz Warta,58.163,51.6029639,18.7303072
556,14,ST,Sieradz,59.435,51.5976864,18.7146442
557,14,ST,Sędzice,70.614,51.6288406,18.5700236
558,14,ST,Błaszki,79.272,51.6736475,18.4710867
559,14,PO,Skalmierz,83.145,51.6973467,18.4300975
560,14,PO,Radliczyce,89.478,51.7232253,18.3500519
561,14,ST,Opatówek,98.311,51.7433556,18.2272242
562,14,PO,Kalisz Winiary,104.811,51.73346,18.1413983
563,14,ST,Kalisz,112.133,51.7427692,18.0712992
564,14,PO,Kalisz Szczypiorno,115.720,51.7258908,18.027335
565,14,ST,Nowe Skalmierzyce,118.643,51.7088742,17.9983219
566,14,PO,Ociąż,123.679,51.7021722,17.9347142
567,14,ST,Czekanów,129.070,51.685635,17.8614983
568,14,ST,Ostrów Wielkopolski,136.121,51.6492981,17.8052061
569,14,PO,Ostrów Wielkopolski Gorzyce,142.024,51.6473958,17.7317944
570,14,PO,Łąkociny,146.623,51.6570822,17.6672472
571,14,PO,Daniszyn,150.460,51.6674297,17.6143067
572,14,ST,Biadki,153.880,51.6769758,17.5673436
573,14,PO,Gorzupia,158.596,51.691935,17.50377
574,14,PO,Dzierżanów Wielkopolski,171.120,51.7121486,17.3537047
575,14,PO,Kuklinów,173.671,51.7191192,17.3192733
576,14,ST,Kobylin,180.268,51.7200247,17.2238564
577,14,PO,Czeluścin,184.532,51.7278975,17.1638428
578,14,ST,Pępowo,188.207,51.7370264,17.1127261
579,14,PO,Włostowo,194.496,51.7529025,17.0254225
580,14,ST,Krobia,198.288,51.758955,16.9714925
581,14,PO,Karzec,202.979,51.7547294,16.9041558
582,14,PO,Dzięczyn,206.405,51.7572239,16.854715
583,14,ST,Poniec,209.672,51.7615111,16.808105
584,14,PO,Pawłowice,217.270,51.8200925,16.7589303
585,14,ST,Kąkolewo,223.994,51.8577992,16.6868083
586,14,POGP,Leszno Grzybowo,229.118,51.86021,16.6125528
587,14,ST,Leszno,235.868,51.8459897,16.5652194
588,14,ST,Lasocice,242.796,51.8158183,16.4857531
589,14,ST,Wschowa,254.751,51.7937906,16.3161847
590,14,PO,Stare Drzewce,263.301,51.7765311,16.1953725
591,14,POGP,Głogówko,271.551,51.7354892,16.0963747
592,14,PO,Grodziec Mały,277.195,51.6878178,16.0759347
593,14,ST,Głogów,280.509,51.6696211,16.0797939
594,14,PO,Żukowice,287.240,50.2993208,20.7419271
595,14,PO,Nielubia,291.157,51.6386074,15.995947
596,14,PO,Gaworzyce,299.498,51.6281886,15.8825348
597,14,PO,Przecław Szprotawski,306.497,,
598,14,PO,Dzikowice,318.753,51.5983139,15.6003326
599,14,PO,Bukowina Bobrzańska,331.936,51.5952386,15.4244937
600,14,ST,Żagań,340.532,51.6042572,15.3150156
601,14,ST,Żary,353.370,51.6343906,15.1377142
602,14,PO,Sieniawa Żarska,358.709,51.6365353,15.0613983
603,14,PO,Lipinki Łużyckie,362.638,51.6489044,15.0098061
604,14,PO,Tuplice Dębinka,369.773,51.6660631,14.9104861
605,14,ST,Tuplice,374.850,51.6713994,14.8387136
606,14,PO,Zasieki,388.572,51.7354917,14.6692675
607,15,ST,Bednary,0.000,52.1046903,20.0619983
608,15,ST,Łowicz Główny,4.833,52.1043258,19.9560783
609,15,ST,Łowicz Przedmieście,8.840,52.0930397,19.9468153
610,15,PO,Stare Grudze,15.225,52.0465328,19.8997897
611,15,ST,Domaniewice,21.435,52.0206403,19.8211036
612,15,PO,Domaniewice Centrum,23.681,52.0119575,19.7918994
613,15,PO,Kamień Łowicki,27.400,51.9887419,19.7531047
614,15,PO,Głowno Północne,29.775,51.9792356,19.7224639
615,15,ST,Głowno,32.300,51.9614069,19.7028958
616,15,PO,Bratoszewice,36.847,51.9385683,19.6528011
617,15,ST,Stryków,42.270,51.9107061,19.5941669
618,15,PO,Swędów,46.275,51.9058089,19.5402036
619,15,MPO,Glinnik,50.327,51.8869022,19.4971583
620,15,PO,Glinnik Wieś,51.480,51.8826786,19.4820417
621,15,PO,Smardzew,53.343,51.8711458,19.4675244
622,15,PO,Zgierz Rudunki,55.900,51.8615236,19.4380831
623,15,ST,Zgierz,57.405,51.8494964,19.4258197
624,15,PO,Łódź Radogoszcz Zachód,60.745,51.8219503,19.4157728
625,15,ST,Łódź Żabieniec,64.071,51.7935839,19.4070436
626,15,ST,Łódź Kaliska,68.285,51.7585044,19.4299433
627,16,ST,Łódź Widzew,0.000,51.7633217,19.5433675
628,16,PO,Łódź Stoki,2.760,51.7766069,19.5105539
629,16,MPO,Łódź Marysin,6.110,51.8001608,19.4861222
630,16,PO,Łódź Warszawska,7.489,51.8079578,19.4712089
631,16,PO,Łódź Arturówek,8.810,51.8153975,19.4566161
632,16,PO,Łódź Radogoszcz Wschód,10.386,51.8267133,19.4433592
633,16,ST,Zgierz,13.728,51.8494964,19.4258197
634,16,PO,Zgierz Jaracza,15.612,51.8639739,19.4221528
635,16,ST,Zgierz Północ,18.392,51.8690858,19.3840908
636,16,MPO,Zgierz Kontrewers,21.544,51.8648244,19.3417478
637,16,PO,Jedlicze koło Zgierza,23.125,51.8693222,19.3207528
638,16,PO,Grotniki,25.254,51.8872725,19.3110717
639,16,ST,Chociszew,30.944,51.9241578,19.2671606
640,16,PO,Ozorków Nowe Miasto,34.841,51.9589267,19.2696733
641,16,ST,Ozorków,36.372,51.9724839,19.2659008
642,16,PO,Sierpów,42.381,52.0182247,19.2227031
643,16,ST,Łęczyca,46.405,52.0492481,19.193205
644,16,PO,Gawrony,54.248,52.11232,19.2195917
645,16,ST,Witonia,60.574,52.1569539,19.2765772
646,16,ST,Kutno,70.983,52.2271922,19.347845
647,17,ST,Łódź Fabryczna,0.091,51.7694772,19.4700042
648,17,PO,Łódź Niciarniana,2.752,51.7667544,19.5074153
649,17,ST,Łódź Widzew,5.267,51.7633217,19.5433675
650,17,PGLP,Łódź Andrzejów,10.847,51.7419956,19.6150164
651,17,PO,Bedoń,13.050,51.7318403,19.6422628
652,17,PO,Justynów,15.921,51.7308411,19.6834814
653,17,ST,Gałkówek,19.197,51.7296514,19.7305194
654,17,PO,Żakowice,23.503,51.7321506,19.7909178
655,17,ST,Koluszki,26.197,51.7453014,19.8193356
656,18,ST,Kutno,0.000,52.2271922,19.347845
657,18,ST,Ostrowy,13.658,52.2994928,19.1912531
658,18,PO,Rutkowice,21.134,52.3614439,19.1591147
659,18,ST,Kaliska Kujawskie,27.287,52.4120106,19.1239614
660,18,PO,Wiktorowo,33.310,52.4642758,19.1063406
661,18,ST,Czerniewice,38.555,52.5089633,19.0894111
662,18,PO,Gołaszewo Kujawskie,42.662,52.5458069,19.0914522
663,18,PO,Warząchewka,47.056,52.5847175,19.0807858
664,18,ST,Włocławek,54.808,52.6529319,19.0590731
665,18,PO,Włocławek Zazamcze,57.048,52.6678694,19.0391642
666,18,PO,Brzezie,62.943,52.6961617,18.9654719
667,18,PODS,Lubanie,69.223,52.7418272,18.9244778
668,18,ST,Nieszawa Waganiec,77.189,52.8031842,18.8700925
669,18,PO,Turzno Kujawskie,84.160,52.8335844,18.7806914
670,18,ST,Aleksandrów Kujawski,91.702,52.8758222,18.6965253
671,18,ST,Otłoczyn,95.947,52.9128758,18.6927264
672,18,PBSP,Brzoza Toruńska,101.493,52.9614672,18.6852878
673,18,PO,Toruń Czerniewice,103.249,52.9755706,18.6733811
674,18,ST,Toruń Główny,109.058,53.0001186,18.6146464
675,18,PO,Toruń Kluczyki,111.741,52.9898544,18.5779375
676,18,ST,Cierpice,119.304,52.9887853,18.4699781
677,18,PO,Cierpice Kąkol,120.890,52.9918042,18.4469961
678,18,PODS,Przyłubie,131.325,53.0495678,18.324705
679,18,ST,Solec Kujawski,138.699,53.0784472,18.2247867
680,18,PGLP,Bydgoszcz Łęgnowo,148.699,53.1081744,18.1133106
681,18,ST,Bydgoszcz Wschód,152.300,53.1279044,18.0860769
682,18,PO,Bydgoszcz Bielawy,154.395,53.1315492,18.0553583
683,18,PGLP,Bydgoszcz Leśna,156.343,53.1426289,18.0337172
684,18,ST,Bydgoszcz Główna,160.058,53.1353269,17.9913603
685,18,PO,Bydgoszcz Zachód,163.068,53.1356228,17.9503161
686,18,PO,Bydgoszcz Osowa Góra,165.979,53.14811,17.9123828
687,18,PO,Pawłówek,169.863,53.1521867,17.8555092
688,18,ST,Zielonczyn,173.095,53.1510211,17.8072656
689,18,PO,Ślesin,180.203,53.1560769,17.7015153
690,18,PO,Trzeciewnica,184.267,53.15318,17.6410008
691,18,ST,Nakło nad Notecią,186.887,53.1425797,17.6074458
692,18,PO,Anieliny,195.140,53.12912,17.4865356
693,18,PGLP,Samostrzel,198.674,53.1277503,17.4338744
694,18,PO,Jadwiżyn,202.833,53.1239519,17.3720747
695,18,ST,Wyrzysk Osiek,208.183,53.1190408,17.2925944
696,18,PO,Krostkowo,213.983,53.1078831,17.208255
697,18,ST,Białośliwie,219.898,53.0972908,17.1220503
698,18,PO,Miasteczko Krajeńskie,226.963,53.0926883,17.0186608
699,18,ST,Kaczory,236.800,53.105265,16.8821867
700,18,PO,Piła Fabryczna,245.178,53.1389733,16.7730742
701,18,ST,Piła Główna,247.181,53.1428142,16.7439853
702,20,ST,Warszawa Zachodnia,4.360,52.2200903,20.9651803
703,20,PO,Warszawa Zachodnia peron 9,4.600,52.2219341,20.9613556
704,20,PO,Warszawa Wola,5.550,52.2298003,20.9579289
705,20,PO,Warszawa Młynów,6.500,52.23914,20.958495
706,20,PO,Warszawa Koło,7.383,52.2462308,20.9590489
707,20,PO,Warszawa Powązki,8.928,52.2561964,20.9727817
708,20,ST,Warszawa Gdańska,10.534,52.2591917,20.9934489
709,20,PO,Warszawa ZOO,12.200,52.2633728,21.0175039
710,20,ST,Warszawa Praga,14.101,52.2779108,21.0222194
711,21,ST,Warszawa Wileńska,0.063,52.2554486,21.0376669
712,21,PO,Warszawa Zacisze Wilno,3.965,52.2779847,21.0802489
713,21,PO,Ząbki,6.740,52.2925681,21.1134592
714,21,ST,Zielonka,10.840,52.3127797,21.1600711
715,21,PO,Kobyłka Ossów,13.426,52.3274542,21.1934983
716,21,PO,Kobyłka,15.286,52.3370067,21.2155283
717,21,ST,Wołomin,17.166,52.3466131,21.2380231
718,21,POGT,Wołomin Słoneczna,18.636,52.3543458,21.2555986
719,22,ST,Tomaszów Mazowiecki,0.914,51.5470283,20.0334522
720,22,PO,Tomaszów Mazowiecki Białobrzegi,3.585,51.5245667,20.0660231
721,22,MPO,Brzustów,10.805,51.4929008,20.1469953
722,22,PO,Antoniów,15.894,51.4757811,20.1982753
723,22,ST,Dęba Opoczyńska,20.028,51.4819036,20.2570158
724,22,PO,Radzice,30.225,51.4666036,20.3972953
725,22,ST,Drzewica,35.993,51.4376408,20.4643022
726,22,PO,Bieliny Opoczyńskie,39.125,51.42373,20.5030278
727,22,PO,Zygmuntów,44.117,51.4091603,20.5705847
728,22,PO,Smogorzów Przysuski,47.002,51.3948878,20.6051381
729,22,ST,Przysucha,51.404,51.3780417,20.6587297
730,22,PO,Skrzynno,56.035,51.3651597,20.7218361
731,22,PO,Wieniawa,60.772,51.3634583,20.7894803
732,22,PO,Podbór,66.815,51.3604344,20.8762311
733,22,PO,Chronów,70.575,51.3581058,20.9300058
734,22,ST,Wolanów,75.373,51.3534319,20.9984867
735,22,PO,Kończyce Radomskie,78.701,51.3490014,21.04574
736,22,PO,Kosów,79.940,51.3464342,21.0629033
737,22,PO,Radom Potkanów,82.770,51.3530403,21.1021175
738,22,PO,Radom Południowy,85.559,51.3634681,21.1369839
739,22,ST,Radom Główny,88.237,51.3909661,21.1553453
740,23,ST,Warszawa Główna,1.930,52.2240456,20.9808661
741,23,ST,Warszawa Zachodnia,2.650,52.2200903,20.9651803
742,24,ST,Piotrków Trybunalski,2.179,51.4105617,19.6848344
743,24,ST,Bełchatów,24.350,51.3547046,19.3769199
744,24,PO,Bełchatów Miasto,26.600,51.3482822,19.3743911
745,25,ST,Łódź Kaliska,0.000,51.7585044,19.4299433
746,25,PO,Łódź Pabianicka,3.794,51.7264267,19.4449908
747,25,ST,Łódź Chojny,6.926,51.726255,19.4844889
748,25,PO,Łódź Olechów Wiadukt,11.189,51.7237258,19.5450722
749,25,PO,Łódź Olechów Zachód,12.164,51.7248856,19.5590206
750,25,PO,Łódź Olechów Wschód,14.783,51.7299319,19.5959203
751,25,ST,Łódź Olechów,14.905,51.7286885,19.5724981
752,25,PO,Bedoń,18.057,51.7318403,19.6422628
753,25,PO,Justynów,20.923,51.7308411,19.6834814
754,25,ST,Gałkówek,24.207,51.7296514,19.7305194
755,25,PO,Żakowice Południowe,28.165,51.7301117,19.7862756
756,25,PO,Wykno,39.959,51.6610031,19.9042125
757,25,PO,Zaosie,43.618,51.6336286,19.9334353
758,25,ST,Skrzynki,47.698,51.6030408,19.9660219
759,25,ST,Tomaszów Mazowiecki,55.700,51.5470283,20.0334522
760,25,ST,Jeleń,61.398,51.5021786,20.0729147
761,25,ST,Bratków,67.405,51.4550792,20.1151692
762,25,PO,Tomaszówek,68.140,51.4496889,20.1211703
763,25,PO,Szadkowice,72.852,51.4196331,20.1685317
764,25,PO,Słomianka,76.015,51.4018408,20.2037644
765,25,ST,Opoczno,81.901,51.3728392,20.2715047
766,25,PO,Sitowa,87.431,51.3389517,20.3244631
767,25,PO,Petrykozy,92.967,51.2955414,20.3633192
768,25,PO,Ruda Białaczowska,96.924,51.2622614,20.3823319
769,25,PO,Kornica,102.452,51.2164956,20.4056072
770,25,ST,Końskie,105.654,51.1902639,20.4228822
771,25,PO,Wąsosz Konecki,112.158,51.1450514,20.4778628
772,25,PO,Czarniecka Góra,115.100,51.1436967,20.5182714
773,25,ST,Stąporków,119.163,51.1433383,20.5748428
774,25,PO,Wólka Plebańska,123.600,51.1536086,20.6329658
775,25,PO,Sołtyków,128.460,51.1366689,20.6929561
776,25,PO,Gilów,131.600,51.1199592,20.7285481
777,25,ST,Bliżyn,133.831,51.11059,20.7567647
778,25,PO,Brzask,137.560,51.0969642,20.8046989
779,25,PO,Skarżysko Milica,141.149,51.1081708,20.8508486
780,25,ST,Skarżysko-Kamienna,143.513,51.1159431,20.8816053
781,25,PO,Skarżysko Kościelne,146.193,51.1221258,20.9175094
782,25,PO,Marcinków,152.401,51.0933397,20.9798853
783,25,ST,Wąchock,155.335,51.0802903,21.0152553
784,25,PO,Starachowice,159.841,51.0515481,21.0579203
785,25,ST,Starachowice Wschodnie,161.698,51.0416692,21.0789922
786,25,PO,Starachowice Michałów,165.850,51.0149369,21.1087872
787,25,PO,Styków Iłżecki,168.870,51.0108828,21.1509567
788,25,PO,Brody Iłżeckie,172.620,51.0214636,21.1999469
789,25,PO,Staw Kunowski,176.465,51.005485,21.2451556
790,25,ST,Kunów,181.990,50.9688697,21.2935689
791,25,PO,Boksycka,184.866,50.9501756,21.3221414
792,25,ST,Ostrowiec Świętokrzyski,189.122,50.9338408,21.3768717
793,25,ST,Bodzechów,193.560,50.91428,21.4317692
794,25,PO,Brzóstowa,197.624,50.8984292,21.4826147
795,25,PO,Ćmielów,201.091,50.88796,21.5285033
796,25,PO,Drygulec,204.945,50.8755314,21.5788181
797,25,PO,Jasice,209.315,50.8523358,21.62772
798,25,ST,Jakubowice,214.721,50.8110278,21.6646122
799,25,PO,Stary Garbów,222.710,50.7647086,21.7489578
800,25,ST,Dwikozy,230.167,50.7321719,21.7911225
801,25,PO,Metan,234.800,50.6928494,21.8055494
802,25,ST,Sandomierz,240.957,50.6600044,21.7651375
803,25,PO,Wielowieś,244.903,50.6255486,21.7586258
804,25,PO,Tarnobrzeg Sob w,247.275,,
805,25,ST,Sobów,248.502,50.5956558,21.7392131
806,25,ST,Tarnobrzeg,252.905,50.5679689,21.6962333
807,25,PO,Tarnobrzeg Ocice,255.777,50.5442525,21.6827646
808,25,ST,Chmielów,260.209,50.9410901,21.325701
809,25,PO,Dąbrowica Małopolska,264.126,50.2949524,21.1386254
810,25,PO,Baranów Sandomierski,269.053,50.4994982,21.5417887
811,25,ST,Padew,275.025,50.4327975,21.5039233
812,25,PO,Jaślany,279.507,50.3998817,21.4681722
813,25,PO,Tuszów Narodowy,282.548,50.3735372,21.4587631
814,25,PO,Chorzelów,285.942,50.3434856,21.4529919
815,25,PO,Chorzelów Południowy,287.550,50.3303811,21.4434739
816,25,ST,Mielec,291.933,50.2926175,21.4296283
817,25,PO,Mielec Wolności,293.850,50.191215,18.9164108
818,25,PO,Wojsław,295.680,50.2698606,21.466205
819,25,PO,Mielec Południowy,297.550,50.25794,21.4837564
820,25,PO,Rzochów,299.700,50.2400892,21.4953419
821,25,PO,Rzemień,302.464,50.2165444,21.5061833
822,25,PO,Tuszyma,305.918,50.1859475,21.5025447
823,25,PO,Dąbie koło Dębicy,307.786,50.1697417,21.4953333
824,25,PO,Pustków,310.656,50.1446133,21.4961808
825,25,ST,Kochanówka Pustków,314.568,50.1109381,21.4920225
826,25,PO,Pustynia,318.900,50.0795978,21.4570233
827,25,ST,Dębica,323.216,50.0542389,21.4050542
828,26,ST,Łuków,0.293,51.9418419,22.3893064
829,26,ST,Łuków Łapiguz,3.928,51.9233742,22.3593528
830,26,PO,Sarnów,14.173,51.8428681,22.2959253
831,26,PO,Borowina,16.922,51.8250478,22.2704039
832,26,PO,Hordzieżka,27.983,51.7546472,22.1609739
833,26,ST,Okrzeja,30.948,51.7322508,22.1368478
834,26,PO,Grabów Szlachecki,35.065,51.704415,22.0976033
835,26,PO,Leopoldów,42.197,51.6682228,22.0125917
836,26,PO,Ryki,53.187,51.6063269,21.9225244
837,26,ST,Dęblin,61.444,51.5772147,21.8351736
838,26,POGP,Zajezierze koło Dęblina,67.210,51.5410133,21.8169603
839,26,ST,Bąkowiec,74.952,51.5172844,21.7234839
840,26,ST,Garbatka-Letnisko,81.985,51.4948228,21.6300425
841,26,ST,Żytkowice,87.207,51.4831622,21.5581856
842,26,ST,Pionki,93.945,51.4798225,21.4628939
843,26,PO,Pionki Zachodnie,95.702,51.4720039,21.4414572
844,26,PO,Jedlnia Kościelna,98.700,51.4551428,21.4078661
845,26,ST,Jedlnia-Letnisko,104.993,51.4296303,21.3276822
846,26,PO,Groszowice Wrzosów,106.794,51.4295233,21.3020742
847,26,PO,Antoniówka,108.550,51.4246294,21.2784647
848,26,PO,Rajec Poduchowny,110.544,51.4152614,21.2539617
849,26,ST,Radom Główny,117.399,51.3909661,21.1553453
850,27,ST,Nasielsk,0.282,52.5744389,20.7689483
851,27,PO,Cieksyn,8.378,52.5774772,20.6638808
852,27,PO,Wkra,14.793,52.5847739,20.5717856
853,27,PO,Dalanówek,22.208,52.5944694,20.4636217
854,27,ST,Płońsk,29.612,52.6160106,20.3659369
855,27,PO,Arcelin,35.840,52.6597617,20.3184583
856,27,PO,Kaczorowo,48.225,52.7269822,20.1733311
857,27,ST,Raciąż,55.721,52.7789719,20.1048844
858,27,PO,Koziebrody,63.725,52.7988694,19.9920828
859,27,PO,Zawidz Kościelny,71.999,52.8243472,19.8770167
860,27,PO,Mieszaki,81.030,52.8367544,19.7452308
861,27,ST,Sierpc,87.792,52.8477689,19.6536956
862,27,PO,Podwierzbie,93.300,52.8648214,19.5791039
863,27,PO,Koziołek,98.730,52.8658683,19.4988236
864,27,PO,Czermno,103.717,52.8636614,19.4248383
865,27,ST,Skępe,109.588,52.8721278,19.3416383
866,27,PO,Karnkowo,114.815,52.8670164,19.2646853
867,27,ST,Lipno,120.837,52.8541764,19.1787739
868,27,PO,Konotopie,126.509,52.8698556,19.1029158
869,27,PO,Ograszka,133.043,52.9058208,19.0262303
870,27,ST,Czernikowo,139.424,52.9394364,18.9511283
871,27,PO,Obrowo,145.079,52.9683036,18.8827428
872,27,PO,Dobrzejewice,150.521,52.9997828,18.8207997
873,27,ST,Lubicz,156.715,53.0279319,18.7452853
874,27,PO,Grębocin,160.992,53.0458042,18.6902119
875,27,ST,Toruń Wschodni,165.022,53.0262042,18.6329542
876,28,ST,Wieliszew,-0.372,52.4281569,20.9748031
877,28,PO,Wieliszew Centrum,1.856,52.443235,20.9950617
878,28,ST,Zegrze Południowe,3.200,52.4520778,21.0083656
879,29,ST,Tłuszcz,0.000,52.4307858,21.4345219
880,29,PO,Jarzębia Łąka,3.430,52.4578025,21.4477611
881,29,PO,Grzegorzewo,6.752,52.4852378,21.4287733
882,29,ST,Mostówka,10.706,52.5194403,21.4423758
883,29,PO,Lucynów,14.727,52.5535136,21.4594267
884,29,PO,Rybienko,18.040,52.58242,21.4579736
885,29,ST,Wyszków,20.568,52.6017344,21.4465319
886,29,PO,Leszczydół,25.797,52.6462831,21.4695497
887,29,PO,Dalekie,30.142,52.6823319,21.4943336
888,29,PO,Zygmuntowo Mazowieckie,35.576,52.7273236,21.525455
889,29,ST,Przetycz,40.585,52.7694511,21.5514131
890,29,PO,Prabuty Góry,44.885,52.8064042,21.5698567
891,29,ST,Pasieki,50.204,52.8538128,21.5604817
892,29,PO,Goworowo,58.150,52.9210539,21.5819728
893,29,ST,Gierwaty,66.574,52.9939219,21.6038286
894,29,ST,Ostrołęka,74.236,53.0561983,21.6171272
895,30,ST,Łuków,1.571,51.9418419,22.3893064
896,30,PO,Aleksandrów,7.653,51.9041742,22.4823847
897,30,PO,Kownatki,11.778,51.9103754,22.5341726
898,30,PO,Jaski,16.617,51.8596414,22.5908942
899,30,ST,Radzyń Podlaski,22.997,51.8276053,22.6675217
900,30,PO,Ustrzesz,28.105,51.8023536,22.7293964
901,30,PO,Bezwola,34.276,51.7718794,22.8040922
902,30,PO,Milanów,44.450,51.70186,22.8751139
903,30,PO,Parczew Kolejowa,51.984,51.6343089,22.8809436
904,30,ST,Parczew,53.145,51.6261464,22.8715825
905,30,PO,Laski,56.050,51.6080831,22.8413414
906,30,PO,Gródek,60.584,51.5797678,22.7941908
907,30,PO,Zabiele,65.173,51.543555,22.7635969
908,30,PO,Brzeźnica Bychawska,67.336,51.5290692,22.7428436
909,30,PO,Berejów,69.544,51.5142589,22.7216464
910,30,PO,Tarło,72.418,51.5063317,22.6867125
911,30,PO,Pałecznica,75.260,51.4904717,22.6593364
912,30,PO,Lubartów Słowackiego,79.668,51.4731547,22.6052025
913,30,PO,Lubartów Lipowa,80.916,51.4640839,22.5994411
914,30,ST,Lubartów,83.037,51.4457958,22.6080858
915,30,PO,Wandzin,88.516,51.3984939,22.6299372
916,30,PO,Niemce,92.634,51.3628397,22.64647
917,30,ST,Bystrzyca koło Lublina,94.471,51.3483589,22.6376517
918,30,PO,Ciecierzyn,98.339,51.3190061,22.6081375
919,30,PO,Łagiewniki,100.116,51.3049544,22.6174178
920,30,PO,Rudnik,102.348,51.2876647,22.6226039
921,30,PO,Lublin Ponikwoda,105.190,51.2660778,22.6060225
922,30,PO,Lublin Zadębie,106.136,51.2579269,22.6099989
923,31,ST,Siedlce,0.000,52.1619497,22.2715467
924,31,PO,Stok Lacki,9.412,52.1614436,22.3861347
925,31,PO,Krzymosze,13.468,52.17791,22.4390344
926,31,PO,Mordy,17.902,52.1958569,22.4969125
927,31,PO,Mordy Miasto,19.713,52.2030969,22.5205903
928,31,PO,Cierpigórz,25.430,52.2262036,22.5953194
929,31,ST,Niemojki,33.430,52.2582947,22.7001072
930,31,PO,Patków,36.887,52.2710494,22.74611
931,31,ST,Platerów,43.379,52.3011039,22.8210806
932,31,PO,Sarnaki,48.363,52.3257958,22.8814517
933,31,PO,Fronołów,53.498,52.3608564,22.9291106
934,31,ST,Siemiatycze,57.027,52.3908806,22.9449147
935,31,PO,Sycze,62.726,52.4291803,22.9984117
936,31,ST,Nurzec,69.971,52.4599344,23.0820436
937,31,PO,Nowy Nurzec,76.542,52.4724969,23.1762694
938,31,PO,Borowiki,79.951,52.4835175,23.2229044
939,31,ST,Czeremcha,90.167,52.5194622,23.3536736
940,31,PO,Dobrowoda,96.124,52.5620711,23.3919461
941,31,PO,Policzna,99.764,52.5887608,23.4230511
942,31,PO,Witowo,106.750,52.6391736,23.484495
943,31,PO,Orzeszkowo,112.626,52.6823022,23.53412
944,31,ST,Hajnówka,120.114,52.7333756,23.5830664
945,31,ST,Bernadczyzna,134.246,52.8504877,23.6921927
946,31,ST,Narewka,139.842,52.8359438,23.757029
947,31,ST,Siemianówka,146.115,52.8987821,23.8381887
948,31,PO,Cisówka,151.355,52.9442762,23.8691042
949,32,ST,Czeremcha,0.885,52.5194622,23.3536736
950,32,PO,Repczyce,3.035,52.5460653,23.3556242
951,32,PO,Kleszczele,6.440,52.5641792,23.3192619
952,32,PO,Suchowolce,12.940,52.6172567,23.2837047
953,32,PO,Gregorowce Południowe,16.843,52.6480456,23.2578436
954,32,ST,Gregorowce,18.738,52.6624353,23.2416033
955,32,PO,Podbiele,22.628,52.6913097,23.2108294
956,32,POGP,Lewki,27.145,52.7301617,23.2117133
957,32,ST,Bielsk Podlaski,30.974,52.7613547,23.1880747
958,32,PO,Orzechowicze,36.906,52.8108292,23.1587589
959,32,PO,Rajsk,40.829,52.8435036,23.1411603
960,32,ST,Strabla,47.653,52.9013222,23.1132958
961,32,PO,Zimnochy,54.199,52.9548294,23.0854214
962,32,PO,Hołówki Duże,56.310,52.9714544,23.0953658
963,32,ST,Lewickie,63.159,53.0282867,23.1247564
964,32,PO,Hryniewicze,68.178,53.0727269,23.1280253
965,32,PO,Białystok Stadion,71.110,53.0977856,23.1294994
966,32,PO,Białystok Nowe Miasto,72.585,53.1064156,23.1137014
967,32,PO,Białystok Zielone Wzgórza,73.986,53.1154908,23.1033389
968,32,ST,Białystok,77.003,53.1339108,23.1359611
969,33,ST,Kutno,0.244,52.2271922,19.347845
970,33,PO,Kutno Azory,3.320,52.2398419,19.3043603
971,33,PO,Raciborów Kutnowski,8.882,52.2804725,19.3415942
972,33,ST,Strzelce Kujawskie,14.017,52.3228861,19.3687283
973,33,ST,Sierakówek,20.652,52.3723964,19.4216133
974,33,ST,Gostynin,28.481,52.4335494,19.4763553
975,33,PO,Rogożew,34.244,52.4617925,19.5413661
976,33,ST,Łąck,38.876,52.4868397,19.5958117
977,33,ST,Płock Radziwie,45.720,52.5243192,19.6722825
978,33,ST,Płock,52.258,52.5527439,19.7126933
979,33,ST,Płock Trzepowo,57.635,52.5905003,19.7331017
980,33,PO,Susk,79.640,52.7848728,19.6832206
981,33,ST,Sierpc,87.116,52.8477689,19.6536956
982,33,PO,Puszcza Rządowa,108.800,53.0009307,19.4890031
983,33,PO,Brodnica Płd.,137.113,,
984,33,ST,Brodnica,142.484,53.2635547,19.4053981
985,34,ST,Ostrołęka,0.000,53.0561983,21.6171272
986,34,PO,Daniszewo,5.525,52.582009,20.1414254
987,34,PO,Jarnuty,9.700,53.15699,22.00287
988,34,PO,Gucin,13.002,51.7700618,21.0549822
989,34,PO,Gocły,18.040,52.92434,21.72572
990,34,PO,Jelonki,22.477,52.8836145,21.8079084
991,34,PO,Ostrów Mazowiecka Miasto,36.586,52.8083548,21.9102312
992,34,PO,Biel,41.375,52.77354,21.95862
993,34,ST,Małkinia,53.642,52.6937364,22.0367131
994,35,ST,Ostrołęka,0.000,53.0561983,21.6171272
995,35,ST,Grabowo,6.246,53.0726686,21.5339189
996,35,PO,Nowa Wieś Kościelna,14.865,53.0847214,21.4125989
997,35,PO,Zabiele Wielkie,20.015,53.08509,21.3402503
998,35,ST,Jastrząbka,28.942,53.1318778,21.2495764
999,35,PO,Parciaki,37.914,53.1755417,21.1401267
1000,35,PO,Olszewka,45.400,53.2171531,21.0546225
1001,35,PO,Raszujka,50.100,53.2458303,21.0043225
1002,35,ST,Chorzele,56.083,53.2818703,20.9394911
1003,35,ST,Wielbark,71.060,53.3986978,20.9527603
1004,35,PO,Jesionowiec,77.250,53.4466106,20.9957922
1005,35,ST,Szymany,82.743,53.4887531,20.9629125
1006,35,PO,Siódmak,87.062,53.5244339,20.9714692
1007,35,ST,Szczytno,92.460,53.5600636,20.9975872
1008,36,ST,Ostrołęka,0.812,53.0561983,21.6171272
1009,36,PO,Kurpie,9.464,53.0557864,21.7549289
1010,36,PO,Żyźniewo,18.554,53.05635,21.8710796
1011,36,ST,Śniadowo,25.520,53.0438069,21.9897547
1012,36,PO,Śniadowo - Stara Stacja,27.774,53.0449258,22.0236703
1013,36,PO,Czerwony Bór,36.366,53.0424631,22.1141107
1014,36,PO,Łubnica Łomżyńska,47.434,,
1015,36,PO,Kołaki,51.973,53.8909721,20.7699974
1016,36,PO,Kulesze Kościelne,62.634,53.0196731,22.5204319
1017,36,PO,Wnory,68.488,53.0641659,22.59793
1018,36,PO,Jamiołki,71.500,53.0119754,22.6519937
1019,36,PO,Roszki Leśne,79.320,52.9969681,22.7543818
1020,36,PO,Płonka,83.133,54.27,16.3583333
1021,36,ST,Łapy,88.156,52.9901411,22.8839189
1022,37,ST,Białystok,0.524,53.1339108,23.1359611
1023,37,ST,Białystok Fabryczny,3.675,53.1400514,23.1843569
1024,37,PO,Kuriany,13.524,53.1111586,23.32131
1025,37,PO,Zajezierce,16.233,53.1013289,23.3581989
1026,37,PO,Żednia,24.079,53.0869822,23.4713344
1027,37,PO,Sokole Białostockie,26.785,53.0862622,23.5112478
1028,37,PO,Waliły,36.712,53.1082933,23.6519275
1029,37,PO,Straszewo Białostockie,42.329,,
1030,37,ST,Zubki Białostockie,47.515,53.09948,23.8819021
1031,38,ST,Białystok,0.000,53.1339108,23.1359611
1032,38,PO,Białystok Zielone Wzgórza,3.017,53.1154908,23.1033389
1033,38,ST,Białystok Starosielce,4.555,53.1219008,23.0861814
1034,38,MPO,Białystok Bacieczki,8.013,53.1512406,23.0715392
1035,38,PO,Fasty,12.636,53.1769361,23.0247392
1036,38,PO,Dobrzyniewo Duże,15.147,53.1941794,23.0032583
1037,38,PO,Borsukówka,21.286,53.2273208,22.9308494
1038,38,ST,Knyszyn,28.437,53.2847622,22.8958517
1039,38,PO,Zastocze,32.483,53.3123703,22.8573492
1040,38,PO,Czechowizna,37.340,53.3511703,22.8368067
1041,38,ST,Mońki,43.872,53.4025431,22.7966167
1042,38,PO,Goniądz,52.317,53.4594181,22.7264108
1043,38,ST,Osowiec,57.232,53.4721678,22.6580411
1044,38,MPO,Podlasek,70.379,53.5573531,22.5350589
1045,38,PO,Ruda,74.054,53.5892681,22.5206378
1046,38,ST,Grajewo,82.477,53.6497486,22.4484483
1047,38,ST,Prostki,88.008,53.69614,22.4311389
1048,38,PO,Lipińskie Małe,93.002,53.7362839,22.3975739
1049,38,PO,Ełk Szyba Wschód,100.433,53.8010306,22.3729708
1050,38,ST,Ełk,103.191,53.825025,22.3626175
1051,38,MPO,Woszczele,112.275,53.8598281,22.2487667
1052,38,ST,Stare Juchy,121.862,53.9249908,22.1692292
1053,38,ST,Wydminy,132.818,53.9768825,22.032645
1054,38,MPO,Siedliska,141.231,54.0003483,21.9142728
1055,38,ST,Giżycko,150.976,54.0314219,21.7781322
1056,38,PO,Wilkasy Niegocin,154.436,54.0195361,21.7372575
1057,38,PO,Sterławki Małe,160.402,54.0117739,21.6460539
1058,38,ST,Sterławki Wielkie,165.394,54.0151706,21.5751406
1059,38,PO,Martiany,169.576,54.0267942,21.515925
1060,38,ST,Kętrzyn,180.375,54.0726469,21.3851864
1061,38,PO,Nowy Młyn,184.585,54.0664114,21.3278975
1062,38,PO,Linkowo,189.287,54.0906103,21.2652228
1063,38,ST,Tołkiny,192.888,54.1125414,21.2392228
1064,38,ST,Korsze,202.044,54.1725119,21.1361358
1065,38,PO,Studzieniec,208.826,54.2045103,21.0690476
1066,38,PO,Różyna Warmińska,212.465,,
1067,39,PO,Wieliczki Oleckie,8.379,53.9839797,22.5787415
1068,39,PO,Wilkasy,12.080,54.2094505,22.3738804
1069,39,PO,Cimochy,16.275,52.9230365,23.5808785
1070,39,PO,Wasilówka,19.190,53.4636123,23.2758277
1071,39,PO,Poddubówek,30.671,54.0437066,22.8858881
1072,39,ST,Suwałki,42.979,54.1057592,22.945185
1073,40,ST,Sokółka,0.395,53.4033931,23.5081642
1074,40,PO,Gliniszcze,8.660,53.4654458,23.5012303
1075,40,PO,Racewo,12.454,53.4980014,23.4845569
1076,40,ST,Sidra,19.201,53.5447533,23.4468469
1077,40,PO,Różanystok,29.220,53.6231433,23.3922706
1078,40,ST,Dąbrowa Białostocka,32.586,53.64758,23.3652178
1079,40,PO,Kamienna Nowa,41.993,53.6911831,23.2630603
1080,40,PO,Ostrowie Biebrzańskie,46.250,53.7195447,23.2439589
1081,40,ST,Jastrzębna,50.750,53.7461403,23.1976756
1082,40,PO,Balinka,54.234,53.7679706,23.1611636
1083,40,ST,Augustów,67.565,53.8526172,23.0263794
1084,40,PO,Augustów Port,69.415,53.8623594,23.0039328
1085,40,PO,Blizna,74.789,53.9062633,23.0148853
1086,40,MPO,Szczepki,82.325,53.9668686,22.9847303
1087,40,PO,Płociczno koło Suwałk,90.700,54.0375361,22.9490589
1088,40,ST,Suwałki,98.843,54.1057592,22.945185
1089,41,ST,Ełk,0.000,53.825025,22.3626175
1090,41,PO,Przykopka,6.900,53.8624937,22.4346374
1091,41,PO,Chełchy,9.898,53.879882,22.464065
1092,41,PO,Olecko Małe,20.265,53.9732476,22.5399152
1093,41,PO,Stożne,36.315,53.80689,22.69988
1094,41,PO,Kowale Oleckie,42.613,54.1628369,22.4169549
1095,41,PO,Pogorzel,48.017,54.2085209,22.4134477
1096,41,PO,Górne,53.700,54.2556395,22.4286124
1097,41,PO,Botkuny,61.157,54.3017371,22.3564398
1098,41,ST,Gołdap,65.316,54.3077084,22.3018576
1099,42,ST,Warszawa Zachodnia,3.324,52.2200903,20.9651803
1100,43,ST,Czeremcha,0.498,52.5194622,23.3536736
1101,44,PO,Regny,4.032,51.69923,19.88743
1102,45,ST,Warszawa Wschodnia,0.685,52.2512736,21.0524594
1103,46,ST,Warszawa Zachodnia,3.082,52.2200903,20.9651803
1104,49,ST,Śniadowo,0.000,53.0438069,21.9897547
1105,49,PO,Koziki,7.970,53.0990586,22.0398883
1106,49,PO,Konarzyce,13.429,53.1443522,22.0460994
1107,49,ST,Łomża,16.040,53.1722172,22.064655
1108,51,ST,Suwałki,0.000,54.1057592,22.945185
1109,51,ST,Trakiszki,25.188,54.2385039,23.2073125
1110,52,POGP,Lewki,0.000,52.7301617,23.2117133
1111,52,PO,Mikłasze,7.128,52.7269264,23.3157417
1112,52,PO,Orlanka,9.340,52.7269669,23.3483894
1113,52,PO,Morze,13.893,52.7303586,23.4112383
1114,52,PO,Stare Berezowo,16.741,52.7319097,23.4533314
1115,52,PO,Chytra,21.023,52.7390783,23.5150658
1116,52,ST,Hajnówka,25.805,52.7333756,23.5830664
1117,52,PO,Nieznany Bór,29.163,52.72363,23.63718
1118,53,ST,Tomaszów Mazowiecki,0.801,51.5470283,20.0334522
1119,53,ST,Spała,8.562,51.5525339,20.1350358
1120,55,PO,Bielany Podlaskie,99.133,53.62951,23.60277
1121,55,PO,Borki Siedleckie,111.838,52.2319243,22.2897005
1122,55,ST,Siedlce,119.862,52.1619497,22.2715467
1123,57,ST,Kuźnica Białostocka,165.440,53.5110444,23.6418156
1124,57,ST,Sokółka,181.538,53.4033931,23.5081642
1125,59,ST,Siemianówka,8.279,52.8987821,23.8381887
1126,60,ST,Terespol,209.280,52.0740333,23.6010197
1127,61,ST,Kielce Główne,0.000,50.8742892,20.6178469
1128,61,ST,Kielce Herbskie,2.254,50.8858328,20.6040994
1129,61,PO,Kielce Ślichowice,3.723,50.8888733,20.5837406
1130,61,POGP,Szczukowskie Górki,8.173,50.8834989,20.5235156
1131,61,PO,Piekoszów,11.375,50.8757236,20.4831828
1132,61,PO,Rykoszyn,19.024,50.8681789,20.3787092
1133,61,PO,Wierna Rzeka,23.735,50.8652303,20.3129714
1134,61,ST,Małogoszcz,27.306,50.8501733,20.2733047
1135,61,PO,Bukowa,32.538,50.85933,20.2012947
1136,61,ST,Ludynia,36.699,50.8520342,20.1626922
1137,61,PO,Ludynia Dwór,40.567,50.8474069,20.1134844
1138,61,ST,Włoszczowa,47.735,50.8377408,20.0144958
1139,61,PO,Czarnca,53.035,50.8239272,19.9452856
1140,61,ST,Żelisławice,59.716,50.8036619,19.8579275
1141,61,ST,Koniecpol,71.478,50.7762706,19.6990886
1142,61,PO,Koniecpol Centrum,73.466,50.7774756,19.6719528
1143,61,PO,Koniecpol Magdasz,74.854,50.7726958,19.6538792
1144,61,PODS,Podlesie,78.508,50.7649867,19.6044406
1145,61,PO,Staropole Częstochowskie,83.935,50.7647642,19.5286186
1146,61,ST,Julianka,87.888,50.7646769,19.4731783
1147,61,PODS,Lusławice,93.962,50.7609125,19.3879706
1148,61,ST,Turów,99.679,50.7679072,19.3176506
1149,61,PO,Kusięta Nowe,104.217,50.7779014,19.2615764
1150,61,ST,Częstochowa Stradom,117.223,50.7973375,19.1072186
1151,61,PO,Częstochowa Gnaszyn,122.931,50.7916444,19.0292264
1152,61,PO,Blachownia,127.655,50.7739081,18.9695708
1153,61,ST,Herby Stare,134.666,50.7471442,18.8802831
1154,61,ST,Lisów,141.799,50.7211367,18.7922417
1155,61,ST,Kochanowice,145.837,50.6991228,18.7478917
1156,61,ST,Lubliniec,152.231,50.6732917,18.6899517
1157,61,PO,Lisowice,156.795,50.6827628,18.6305919
1158,61,ST,Pawonków,161.223,50.6807289,18.5681133
1159,61,ST,Pludry,168.443,50.6647747,18.4698467
1160,61,ST,Fosowskie,176.335,50.6602522,18.35991
1161,62,ST,Tunel,0.750,50.4349858,19.9919778
1162,62,ST,Charsznica,7.793,50.3961153,19.9420636
1163,62,PO,Gajówka,12.478,50.3946103,19.8788319
1164,62,PO,Jeżówka,17.315,50.3993133,19.8156853
1165,62,ST,Wolbrom,22.296,50.3759978,19.7723711
1166,62,PO,Wolbrom Zachodni,23.675,50.3795522,19.7545236
1167,62,PO,Zarzecze,28.029,50.3633778,19.6990397
1168,62,PO,Chrząstowice Olkuskie,30.379,50.3443953,19.6856975
1169,62,ST,Jaroszowiec Olkuski,35.744,50.3411003,19.6193994
1170,62,ST,Olkusz,45.021,50.2739342,19.5739778
1171,62,ST,Bukowno,53.538,50.2639572,19.4594461
1172,62,PO,Bukowno Przymiarki,57.338,50.2753981,19.4097783
1173,62,ST,Sławków,61.261,50.29557,19.3738028
1174,62,ST,Dąbrowa Górnicza Wschodnia,65.941,50.3032972,19.3113561
1175,62,ST,Dąbrowa Górnicza Strzemieszyce,69.221,50.3111378,19.2676636
1176,62,ST,Sosnowiec Kazimierz,73.608,50.2883356,19.2317831
1177,62,PO,Sosnowiec Porąbka,75.685,50.2726083,19.2169739
1178,62,ST,Sosnowiec Dańdówka,78.930,50.2655267,19.1742197
1179,62,ST,Sosnowiec Południowy,82.732,50.2694775,19.1256708
1180,62,ST,Sosnowiec Główny,84.054,50.2787675,19.1262233
1181,63,ST,Dorohusk,2.031,51.1723181,23.7866686
1182,63,ST,Chełm,23.120,51.1412114,23.4940203
1183,64,ST,Kozłów,0.000,50.4746019,20.0119758
1184,64,PO,Wola Kuczkowska,34.912,50.7282449,19.7739576
1185,64,ST,Koniecpol,43.527,50.7762706,19.6990886
1186,66,PO,Szozdy,5.085,50.5781963,22.9364609
1187,66,PO,Tereszpol Biłgorajski,8.995,50.5743569,22.8852658
1188,66,PO,Wola Duża,16.243,50.5633751,22.7846731
1189,66,ST,Biłgoraj,20.500,50.5514558,22.7316953
1190,66,PO,Dąbrowica koło Biłgoraja,25.585,,
1191,66,PO,Ciosmy,33.625,50.5437549,22.5457663
1192,66,ST,Huta Krzeszowska,40.300,50.5262792,22.4509797
1193,66,PO,Golce,46.278,53.3696548,16.4296095
1194,66,PO,Huta Deręgowska,54.125,50.5382852,22.2596481
1195,66,PO,Kłyżów,60.300,50.5474425,22.1643592
1196,66,ST,Stalowa Wola Południe,67.554,50.5446353,22.0790803
1197,67,ST,Lublin Główny,0.562,51.2311725,22.5689492
1198,67,ST,Lublin Tatary,3.715,51.2376208,22.6189293
1199,68,ST,Lublin Główny,0.000,51.2311725,22.5689492
1200,68,ST,Lublin Zemborzyce,8.732,51.1711003,22.5021119
1201,68,PO,Krężnica Jara,12.059,51.1531311,22.4662672
1202,68,PO,Majdan,15.027,51.1483625,22.4265011
1203,68,ST,Niedrzwica,20.181,51.1145192,22.3770486
1204,68,PO,Niedrzwica Kościelna,24.763,51.0802483,22.3632583
1205,68,PO,Leśniczówka,28.268,51.0501836,22.3569839
1206,68,PO,Wilkołaz Wieś,33.265,51.0072558,22.3360153
1207,68,ST,Wilkołaz,35.888,50.9856883,22.3287114
1208,68,PO,Pułankowice,39.379,50.9589492,22.3061011
1209,68,ST,Kraśnik,44.108,50.9297272,22.2829711
1210,68,PO,Sulów,48.759,50.9057333,22.3331739
1211,68,ST,Szastarka,55.329,50.8533869,22.3318231
1212,68,PO,Polichna Kraśnicka,58.528,50.8308528,22.3058356
1213,68,PO,Rzeczyca-Kolonia,61.546,50.8416731,22.2672042
1214,68,ST,Rzeczyca,66.521,50.8396875,22.2079969
1215,68,PO,Potok Kraśnicki,72.475,50.7965081,22.1633056
1216,68,ST,Zaklików,78.836,50.7683733,22.1074494
1217,68,PO,Zaklików Miasto,81.150,50.7552269,22.0925239
1218,68,ST,Lipa,90.277,50.6900431,22.0680617
1219,68,PO,Kępa,95.318,50.6540172,22.0327289
1220,68,PO,Pilchów,99.469,50.6169797,22.0269453
1221,68,ST,Stalowa Wola Rozwadów,102.770,50.5912803,22.0419503
1222,68,PO,Stalowa Wola Centrum,105.248,50.5706931,22.0546269
1223,68,PO,Stalowa Wola,106.237,50.5626911,22.0607089
1224,68,ST,Stalowa Wola Południe,108.638,50.5446353,22.0790803
1225,68,PO,Moskale,111.686,50.5245817,22.1082331
1226,68,PO,Nisko Osiedle,112.801,50.5208383,22.1228211
1227,68,ST,Nisko,114.421,50.5133589,22.1422119
1228,68,PO,Nisko Racławice,115.895,50.5046581,22.1578778
1229,68,PO,Nisko Podwolina,117.397,50.4954739,22.1734192
1230,68,PO,Rudnik Stróża,122.621,50.4582539,22.2167217
1231,68,ST,Rudnik nad Sanem,126.192,50.4349503,22.2505486
1232,68,ST,Łętownia,134.467,50.3635383,22.2558892
1233,68,PO,Nowa Sarzyna Kolonia,141.390,50.3309875,22.3359344
1234,68,ST,Nowa Sarzyna,142.771,50.3209844,22.3473536
1235,68,PO,Jelna,144.980,50.3044158,22.364365
1236,68,ST,Leżajsk,151.186,50.2641411,22.4197344
1237,68,PO,Wierzawice,155.725,50.2385433,22.4643286
1238,68,ST,Grodzisko Dolne,164.198,50.1695531,22.50911
1239,68,MPO,Tryńcza,168.460,50.1364394,22.5391939
1240,68,PO,Gniewczyna,173.000,50.0995728,22.5206572
1241,68,ST,Przeworsk,177.172,50.0672419,22.5018047
1242,69,ST,Rejowiec,0.000,51.1175925,23.2391308
1243,69,PO,Zagrody Kościół,6.500,51.07859,23.1904925
1244,69,PO,Żulin,8.880,51.0619369,23.1718881
1245,69,ST,Krasnystaw Fabryczny,13.200,51.0244294,23.1827808
1246,69,PO,Krasnystaw Miasto,18.347,50.9850086,23.1830044
1247,69,PO,Wólka Orłowska,25.163,50.9271753,23.1837622
1248,69,PO,Izbica,30.545,50.8904583,23.1552714
1249,69,PO,Tarzymiechy,36.599,50.8545314,23.1221467
1250,69,PO,Krzak,43.012,50.8015856,23.0956142
1251,69,PO,Złojec,46.935,50.7686025,23.1009525
1252,69,ST,Zawada,53.992,50.71519,23.1240014
1253,69,PO,Wólka Niedzieliska,56.705,50.7087269,23.0873511
1254,69,PO,Niedzieliska-Kolonia,59.980,50.6982639,23.0443731
1255,69,PO,Szczebrzeszyn,64.783,50.6808083,22.9875114
1256,69,PO,Żurawnica,69.916,50.6425011,22.9598
1257,69,PO,Zwierzyniec,74.102,50.60911,22.9843589
1258,69,PO,Nowiny,97.925,50.4490756,23.1413961
1259,69,ST,Susiec,105.219,50.4160483,23.2271031
1260,69,PO,Maziły,111.811,50.4050081,23.3148225
1261,69,PO,Bełżec Drugi,118.993,50.3807383,23.4036728
1262,69,ST,Bełżec,122.470,50.3775764,23.4485556
1263,69,ST,Hrebenne,135.801,50.2982611,23.5769339
1264,70,ST,Włoszczowice,0.000,50.6528581,20.5871958
1265,70,ST,Chmielów,87.116,50.9410901,21.325701
1266,71,PO,Chmielów Zagumnie,0.560,50.5236411,21.6858544
1267,71,PO,Cygany,2.102,50.5126661,21.6970406
1268,71,PO,Jadachy,5.500,50.482825,21.6965228
1269,71,PO,Tarnowska Wola,10.010,50.4515861,21.7356975
1270,71,PO,Dęba Rozalin,12.693,50.4287339,21.7431136
1271,71,PO,Nowa Dęba,14.181,50.4155753,21.7398169
1272,71,PO,Huta Komorowska,18.290,50.3894386,21.7157442
1273,71,MPO,Majdan Królewski,19.807,50.3789206,21.7251944
1274,71,PO,Majdan Królewski Podlasek,22.285,50.3628286,21.7366086
1275,71,PO,Komorów Podmurynia,23.835,50.3495178,21.7330458
1276,71,PO,Cmolas,31.115,50.2939042,21.7520756
1277,71,PO,Zarębki,33.620,50.2724686,21.762075
1278,71,ST,Kolbuszowa,36.890,50.2467803,21.7839414
1279,71,PO,Kolbuszowa Górna,39.968,50.2227767,21.8053619
1280,71,PO,Widełka,45.430,50.2015692,21.8729611
1281,71,PO,Budy Głogowskie,50.350,50.1681856,21.9181453
1282,71,ST,Głogów Małopolski,54.207,50.1469794,21.9599528
1283,71,PO,Głogów Małopolski Niwa,55.455,50.1363175,21.9648303
1284,71,PO,Rogoźnica koło Rzeszowa,57.640,50.1168458,21.9689247
1285,71,ST,Zaczernie,60.165,50.0953606,21.9793839
1286,71,PO,Rzeszów Miłocin,62.433,50.0756303,21.9871714
1287,71,PO,Rzeszów Staromieście,63.908,50.0627756,21.9923497
1288,71,PO,Rzeszów Zachodni,64.986,50.0531506,21.994135
1289,71,ST,Rzeszów Główny,66.310,50.0429492,22.0066892
1290,72,ST,Zawada,0.424,50.71519,23.1240014
1291,72,PO,Mokre,6.450,50.7079972,23.2052378
1292,72,ST,Zamość,8.937,50.7135592,23.2392281
1293,72,PO,Zamość Starówka,10.753,50.7166136,23.2624936
1294,72,PO,Zamość Wschód,12.279,50.7226867,23.2753858
1295,72,PO,Koniuchy,35.950,50.7207219,23.608103
1296,72,PO,Frankamionka,40.055,50.7260309,23.6546856
1297,72,PO,Konopne,44.285,50.7319168,23.7332785
1298,72,ST,Werbkowice,49.010,50.7455992,23.7662156
1299,72,PO,Metelin,55.476,50.7472473,23.8562995
1300,72,ST,Hrubieszów Miasto,61.639,50.7967567,23.9087181
1301,73,ST,Sitkówka Nowiny,0.000,50.8182667,20.5504108
1302,73,POGP,Brzeziny,4.771,50.7774119,20.5658858
1303,73,ST,Nida,6.822,50.7607453,20.5782847
1304,73,PO,Dębska Wola,13.982,50.7015017,20.5973311
1305,73,ST,Włoszczowice,19.542,50.6528581,20.5871958
1306,73,PO,Kije,24.740,50.6080222,20.5774192
1307,73,PO,Stawiany Pińczowskie,28.075,50.5811447,20.5908492
1308,73,ST,Szarbków,33.922,50.5487137,20.6391701
1309,73,PO,Grochowiska,38.645,50.4932533,20.6419581
1310,73,PO,Busko-Zdrój,44.053,50.4617811,20.6858128
1311,74,ST,Sobów,0.000,50.5956558,21.7392131
1312,74,PO,Tarnobrzeg Olszynka,1.421,,
1313,74,ST,Grębów,7.389,50.6038703,21.8368178
1314,74,ST,Zbydniów,14.466,50.6347961,21.9204458
1315,74,PO,Turbia,18.616,50.6177744,21.9726344
1316,74,ST,Stalowa Wola Rozwadów,23.335,50.5912803,22.0419503
1317,76,ST,Bąkowiec,0.000,51.5172844,21.7234839
1318,78,ST,Sandomierz,1.329,50.6600044,21.7651375
1319,78,PO,Wielowieś,3.945,50.6255486,21.7586258
1320,78,ST,Grębów,10.783,50.6038703,21.8368178
1321,81,ST,Chełm,0.497,51.1412114,23.4940203
1322,81,PO,Karolinówka,7.078,51.1898305,23.5506086
1323,81,PO,Ruda-Huta,12.853,51.2357998,23.5929545
1324,81,PO,Uhrusk Przystanek,20.034,51.2956096,23.6189241
1325,81,PO,Majdan Stuleński,26.892,51.3552532,23.6065281
1326,81,PO,Stulno,29.076,51.3730356,23.625154
1327,81,PO,Okuninka Białe,42.043,51.5124294,23.5395549
1328,82,ST,Bąkowiec,0.000,51.5172844,21.7234839
1329,83,ST,Zawada,0.569,50.71519,23.1240014
1330,85,ST,Warszawa Zachodnia,3.082,52.2200903,20.9651803
1331,90,ST,Zebrzydowice,13.436,49.8700878,18.6247272
1332,90,PO,Kończyce,16.128,49.8505294,18.6252994
1333,90,ST,Kaczyce,18.548,49.8328822,18.6126689
1334,90,PO,Pogwizdów,22.071,49.80623,18.5977128
1335,90,ST,Cieszyn Marklowice,24.406,49.7856039,18.6037894
1336,90,ST,Cieszyn,29.328,49.7510908,18.6370489
1337,91,ST,Kraków Główny,-0.305,50.0683944,19.9475033
1338,91,PO,Kraków Zabłocie,2.114,50.048375,19.9569189
1339,91,ST,Kraków Płaszów,4.091,50.03496,19.9749944
1340,91,PO,Kraków Prokocim,6.100,50.0265036,19.9989286
1341,91,ST,Kraków Bieżanów,8.400,50.0211167,20.0298556
1342,91,PO,Kraków Złocień,9.929,50.0181686,20.0505406
1343,91,PO,Kokotów,11.295,50.0178078,20.0697206
1344,91,PO,Węgrzce Wielkie,13.970,50.0187147,20.1069992
1345,91,ST,Podłęże,18.404,50.0189925,20.1651978
1346,91,PO,Staniątki,21.280,50.0106267,20.2067347
1347,91,PO,Szarów,24.851,50.0095389,20.2564556
1348,91,ST,Kłaj,28.131,50.001865,20.3004722
1349,91,PO,Stanisławice,32.165,49.9919636,20.3545683
1350,91,PO,Cikowice,34.202,49.9848344,20.3808578
1351,91,ST,Bochnia,37.996,49.9773231,20.4312842
1352,91,PO,Rzezawa,44.078,49.9847561,20.5150131
1353,91,PO,Jasień Brzeski,47.187,49.9869933,20.5580567
1354,91,ST,Brzesko Okocim,50.954,49.9866533,20.61053
1355,91,PO,Sterkowiec,56.102,49.9943297,20.6804558
1356,91,PO,Biadoliny,60.197,50.0037425,20.7342986
1357,91,ST,Bogumiłowice,69.930,50.0075408,20.8698983
1358,91,ST,Tarnów Mościce,73.896,50.0064547,20.9252094
1359,91,ST,Tarnów,77.432,50.0052903,20.9744678
1360,91,ST,Wola Rzędzińska,85.433,50.0350864,21.0716133
1361,91,PO,Wałki,90.854,50.0504731,21.1425281
1362,91,PO,Czarna Tarnowska,98.870,50.0603931,21.2487386
1363,91,PO,Grabiny,105.189,50.0460114,21.3322889
1364,91,ST,Dębica,110.654,50.0542389,21.4050542
1365,91,PO,Dębica Wschodnia,113.950,50.06243,21.4488206
1366,91,PO,Lubzina,119.820,50.0722228,21.5292797
1367,91,ST,Ropczyce,123.703,50.0786378,21.5819011
1368,91,PO,Ropczyce Witkowice,126.970,50.0773283,21.6278836
1369,91,ST,Sędziszów Małopolski,131.877,50.0753658,21.6937533
1370,91,PO,Sędziszów Małopolski Wschodni,134.330,50.0701103,21.7279644
1371,91,PO,Będziemyśl,137.979,50.0666261,21.7741428
1372,91,POGP,Trzciana,143.338,50.0785533,21.8456053
1373,91,PO,Świlcza,147.435,50.0780692,21.9014339
1374,91,PO,Rudna Wielka,150.327,50.0810722,21.9414514
1375,91,PO,Rzeszów Dworzysko,152.270,50.0779853,21.9680397
1376,91,PO,Rzeszów Baranówka,154.443,50.0643808,21.9890317
1377,91,PO,Rzeszów Zachodni,155.839,50.0531506,21.994135
1378,91,ST,Rzeszów Główny,157.579,50.0429492,22.0066892
1379,91,PO,Rzeszów Pobitno,159.770,50.0524067,22.0304481
1380,91,PO,Rzeszów Załęże,162.658,50.0585386,22.0694628
1381,91,ST,Strażów,166.062,50.0674744,22.1150358
1382,91,PO,Krzemienica,171.464,50.0817028,22.1870269
1383,91,ST,Łańcut,174.251,50.0817108,22.2260228
1384,91,PO,Głuchów,178.107,50.0834533,22.2796678
1385,91,PO,Kosina,181.180,50.0835539,22.3225067
1386,91,ST,Rogóżno koło Łańcuta,183.955,50.0835303,22.3612953
1387,91,PO,Grzęska,190.511,50.0800122,22.4526042
1388,91,ST,Przeworsk,194.396,50.0672419,22.5018047
1389,91,PO,Pełkinie,202.914,50.0477619,22.6116689
1390,91,ST,Jarosław,209.319,50.0106586,22.6772233
1391,91,ST,Munina,213.293,49.9896486,22.7192903
1392,91,PO,Ostrów koło Radymna,219.420,49.9544489,22.7831628
1393,91,ST,Radymno,223.155,49.9392703,22.8295783
1394,91,PO,Sośnica Jarosławska,227.717,49.9016428,22.8514339
1395,91,PO,Niziny,230.376,49.8787042,22.8618331
1396,91,PO,Walawa,232.330,49.8619631,22.8567531
1397,91,ST,Żurawica,235.889,49.8237231,22.7998479
1398,91,PO,Żurawica Rozrządowa,235.923,49.8323678,22.8372142
1399,91,PO,Żurawica Osobowa,237.630,49.8199269,22.8245817
1400,91,PO,Przemyśl Zasanie,242.731,49.7934197,22.7735458
1401,91,ST,Przemyśl Główny,244.332,49.7837336,22.7762308
1402,91,PO,Przemyśl Wschodni,246.351,49.7846422,22.8041283
1403,91,ST,Hurko,250.589,49.7853203,22.8626636
1404,91,PO,Medyka Towarowa,252.180,49.7862617,22.8842936
1405,91,PO,Medyka Rozrządowa,254.264,49.7941086,22.9103258
1406,91,PO,Medyka,256.561,49.8024919,22.9392189
1407,92,ST,Przemyśl Główny,0.000,49.7837336,22.7762308
1408,92,ST,Hurko,6.258,49.7853203,22.8626636
1409,93,ST,Trzebinia,0.000,50.1540031,19.4529019
1410,93,PO,Chrzanów Śródmieście,3.689,50.1441894,19.4139017
1411,93,ST,Chrzanów,5.343,50.1334178,19.3984947
1412,93,ST,Libiąż,11.234,50.1127878,19.3275956
1413,93,ST,Chełmek,17.561,50.0990894,19.2540569
1414,93,PO,Gorzów Chrzanowski,20.510,50.0736958,19.2421175
1415,93,ST,Oświęcim,25.253,50.0411342,19.1991953
1416,93,PO,Brzeszcze,31.475,49.9958892,19.1549342
1417,93,ST,Brzeszcze Jawiszowice,34.913,49.9726339,19.1286283
1418,93,PO,Jawiszowice Jaźnik,37.742,49.9497239,19.1157181
1419,93,PO,Dankowice,40.447,49.9375639,19.0832261
1420,93,PO,Kaniów,42.993,49.9260719,19.0525331
1421,93,ST,Czechowice-Dziedzice,46.664,49.9151689,19.0049569
1422,93,PO,Zabrzeg,51.505,49.9077272,18.9382786
1423,93,PO,Zabrzeg Czarnolesie,53.791,49.9039438,18.9066652
1424,93,ST,Chybie,60.772,49.8930642,18.8116075
1425,93,PO,Drogomyśl,64.723,49.8867717,18.7574769
1426,93,ST,Pruchna,69.807,49.8786958,18.6878719
1427,93,ST,Zebrzydowice,76.374,49.8700878,18.6247272
1428,94,ST,Kraków Płaszów,0.633,50.03496,19.9749944
1429,94,POGP,Kraków Podgórze P2,1.430,50.0387856,20.0196957
1430,94,ST,Kraków Bonarka,3.128,50.0292083,19.9458397
1431,94,PO,Kraków Łagiewniki,4.243,50.0236033,19.9338661
1432,94,PO,Kraków Sanktuarium,5.345,50.0139253,19.9342947
1433,94,PO,Kraków Swoszowice,7.091,50.0004064,19.9280547
1434,94,POGP,Kraków Opatkowice,9.660,49.9888147,19.8994219
1435,94,PO,Kraków Sidzina,11.491,49.9855703,19.8747778
1436,94,PO,Skawina Jagielnia,13.971,49.9811564,19.8412656
1437,94,ST,Skawina,15.473,49.9771397,19.8218722
1438,94,PO,Skawina Zachodnia,17.680,49.9731614,19.79279
1439,94,ST,Podbory Skawińskie,19.420,49.9664367,19.7722933
1440,94,PO,Zelczyna,21.400,49.9610742,19.7460175
1441,94,PODS,Wielkie Drogi,23.940,49.9595322,19.7109097
1442,94,PO,Jaśkowice,26.544,49.9617703,19.6752119
1443,94,ST,Brzeźnica,29.945,49.9673469,19.6289564
1444,94,PO,Półwieś,33.860,49.9761233,19.5764614
1445,94,PO,Ryczów,36.862,49.9893094,19.5399542
1446,94,PO,Spytkowice Kępki,38.510,49.9987486,19.5228164
1447,94,ST,Spytkowice,42.085,49.9950725,19.4764964
1448,94,PO,Zator,45.710,50.0024419,19.4280244
1449,94,PO,Zator Park Rozrywki,47.300,50.0053364,19.406345
1450,94,ST,Przeciszów,50.118,50.0132894,19.3696044
1451,94,PO,Włosienica,53.210,50.0229019,19.3291672
1452,94,ST,Dwory,57.375,50.0455783,19.2854139
1453,94,ST,Oświęcim,64.193,50.0411342,19.1991953
1454,95,ST,Kraków Mydlniki,0.000,50.0834333,19.8622114
1455,95,ST,Kraków Batowice,10.751,50.1074617,19.9954908
1456,95,PO,Kraków Piastów,12.091,50.1069817,20.0141072
1457,95,PO,Kraków Lubocza,17.118,50.0905931,20.0746306
1458,95,PO,Kraków Nowa Huta,21.100,50.0902381,20.1286442
1459,95,PO,Kraków Kościelniki,24.797,50.0898467,20.1689972
1460,95,PO,Kraków Przylasek,28.801,50.0549239,20.1651281
1461,95,ST,Podłęże,33.233,50.0189925,20.1651978
1462,96,ST,Tarnów,0.459,50.0052903,20.9744678
1463,96,PO,Kłokowa,7.319,49.9533036,20.9572744
1464,96,ST,Łowczówek Pleśna,10.586,49.9282994,20.9496367
1465,96,MPO,Łowczów,16.023,49.9125144,21.0040156
1466,96,ST,Tuchów,20.873,49.8920075,21.0568675
1467,96,PO,Lubaszowa,24.591,49.8647194,21.0359353
1468,96,MPO,Siedliska koło Tuchowa,25.987,49.8602419,21.0187436
1469,96,PO,Chojnik,29.121,49.8512942,20.9842
1470,96,ST,Gromnik,31.826,49.8341319,20.9611406
1471,96,ST,Bogoniowice Ciężkowice,36.257,49.7983125,20.9765892
1472,96,PO,Pławna,42.147,49.7545592,20.9505989
1473,96,ST,Bobowa,47.390,49.7165547,20.9575219
1474,96,PO,Bobowa-Miasto,49.186,49.7078681,20.9385381
1475,96,PO,Jankowa,50.604,49.6958067,20.9341639
1476,96,MPO,Wilczyska,53.822,49.6762744,20.9423275
1477,96,ST,Stróże,57.410,49.6541858,20.9767003
1478,96,ST,Grybów,61.067,49.6265403,20.9578717
1479,96,POGP,Ptaszkowa,71.785,49.6033222,20.8817322
1480,96,PODS,Mszalnica,76.654,49.5929081,20.8286853
1481,96,ST,Kamionka Wielka,80.645,49.5780008,20.7811222
1482,96,PO,Nowy Sącz Jamnica,83.947,49.5868019,20.7442047
1483,96,PO,Nowy Sącz Gorzków,86.054,49.5987131,20.7231633
1484,96,ST,Nowy Sącz,88.190,49.6067228,20.7030717
1485,96,PO,Nowy Sącz Dąbrówka,90.200,49.5972956,20.6789267
1486,96,MLP,Nowy Sącz Biegonice,92.070,49.5858317,20.6601975
1487,96,ST,Stary Sącz,95.425,49.5589894,20.6433506
1488,96,PO,Barcice,99.100,49.5261878,20.6487025
1489,96,ST,Rytro,104.755,49.4865269,20.6802103
1490,96,PO,Młodów,107.260,49.4686933,20.6960564
1491,96,PO,Piwniczna-Zdrój,111.157,49.4407394,20.7173544
1492,96,ST,Piwniczna,113.308,49.4317567,20.7159778
1493,96,PO,Łomnica-Zdrój,114.973,49.4198942,20.7247756
1494,96,PO,Wierchomla Wielka,118.930,49.4022603,20.7559044
1495,96,PO,Zubrzyk,121.119,49.3876372,20.7536181
1496,96,ST,Żegiestów,126.110,49.3677589,20.7856006
1497,96,PO,Żegiestów-Zdrój,128.276,49.3629492,20.8032539
1498,96,MPO,Andrzejówka,131.586,49.3383,20.8235708
1499,96,PO,Milik,134.193,49.3466022,20.8515014
1500,96,ST,Muszyna,138.838,49.3463786,20.8940106
3501,96,PO,Muszyna Poprad,141.769,49.3282501,20.9076428
3502,96,PO,Leluchów,146.032,49.3008768,20.9365151
3503,97,ST,Skawina,0.000,49.9771397,19.8218722
3504,97,PO,Rzozów Centrum,2.700,49.9578189,19.8033431
3505,97,PO,Rzozów,4.037,49.9459067,19.8044103
3506,97,PO,Radziszów Centrum,5.081,49.9368683,19.8069542
3507,97,ST,Radziszów,7.212,49.9183097,19.8092422
3508,97,PO,Wola Radziszowska Lipki,9.083,49.9106469,19.7947714
3509,97,PO,Wola Radziszowska,10.458,49.9063489,19.7770219
3510,97,PO,Podolany,12.460,49.8981253,19.7532839
3511,97,ST,Leńcze,14.638,49.8918761,19.7308881
3512,97,PO,Przytkowice,18.898,49.8959539,19.6782461
3514,97,ST,Kalwaria Zebrzydowska Lanckorona,22.252,49.8711444,19.6886658
3515,97,ST,Stronie,28.994,49.8335525,19.6701114
3516,97,ST,Stryszów,33.115,49.8256092,19.6222797
3517,97,PO,Dąbrówka Jezioro Mucharskie,35.612,49.8150028,19.59967
3518,97,PO,Zembrzyce,40.825,49.7750542,19.5913864
3519,97,ST,Sucha Beskidzka,46.239,49.740565,19.5804917
3520,97,PO,Stryszawa,50.400,49.7340261,19.5261508
3521,97,ST,Lachowice,52.479,49.7233914,19.5036106
3522,97,PO,Lachowice Centrum,55.200,49.7120147,19.4727714
3523,97,PO,Kurów Suski,58.604,49.7077675,19.4331964
3524,97,PO,Hucisko,61.802,49.6892928,19.4076267
3525,97,PO,Pewel Wielka,65.100,49.6693922,19.3803953
3526,97,PO,Pewel Wielka Centrum,67.485,49.6609028,19.3529308
3527,97,ST,Jeleśnia,70.252,49.652365,19.3203975
3528,97,PO,Pewel Mała,73.859,49.6673625,19.2784517
3529,97,ST,Żywiec Sporysz,78.159,49.6760708,19.2231622
3530,97,ST,Żywiec,81.392,49.6795819,19.1857992
3531,98,ST,Sucha Beskidzka,0.000,49.740565,19.5804917
3532,98,ST,Maków Podhalański,7.613,49.7266608,19.6785064
3533,98,PO,Juszczyn,10.343,49.7068742,19.6919778
3534,98,PO,Kojszówka,13.325,49.690455,19.7228189
3535,98,ST,Osielec,16.457,49.6746489,19.7565989
3536,98,PO,Bystra Podhalańska,19.619,49.6588964,19.7870236
3537,98,ST,Jordanów,24.315,49.6374214,19.8323117
3538,98,MPO,Skawa,28.230,49.6308906,19.8795164
3539,98,PO,Skawa Środkowa,30.993,49.6126644,19.9003622
3540,98,ST,Chabówka,34.737,49.5970356,19.9364636
3541,99,ST,Chabówka,0.000,49.5970356,19.9364636
3542,99,PO,Chabówka Stadion,1.609,49.5897944,19.9202997
3543,99,PO,Rokiciny Podhalańskie,3.275,49.5786236,19.9058953
3544,99,ST,Raba Wyżna,5.620,49.5656883,19.8818844
3545,99,ST,Sieniawa,10.988,49.5390247,19.9233964
3546,99,PO,Pyzówka,15.104,49.5210492,19.9604925
3547,99,ST,Lasek,18.097,49.4993639,19.9794914
3548,99,ST,Nowy Targ,22.595,49.4734656,20.0152481
3549,99,ST,Szaflary,26.530,49.4393867,20.0175331
3550,99,PO,Szaflary Centrum,28.406,49.4229733,20.0190283
3551,99,PO,Bańska Niżna,31.277,49.3973908,20.016025
3552,99,ST,Biały Dunajec,33.856,49.3753381,20.0067969
3553,99,ST,Poronin,37.468,49.3437431,20.0035808
3554,99,PO,Poronin Misiagi,39.258,49.3294006,19.9959833
3555,99,ST,Zakopane,43.334,49.3007806,19.9630044
3556,100,ST,Kraków Mydlniki,0.000,50.0834333,19.8622114
3557,100,ST,Kraków Główny,4.639,50.0683944,19.9475033
3558,100,ST,Kraków Płaszów,11.765,50.03496,19.9749944
3559,100,ST,Kraków Prokocim Towarowy,15.046,50.02753,20.0107134
3560,100,ST,Kraków Bieżanów,19.811,50.0211167,20.0298556
3561,101,ST,Munina,0.321,49.9896486,22.7192903
3562,101,PO,Surochów,5.274,50.0126364,22.7688444
3563,101,ST,Bobrówka,13.164,50.0497169,22.8591942
3564,101,PO,Zagrody,16.419,50.0514283,22.9045653
3565,101,PO,Korzenica,18.830,50.0558628,22.9368914
3566,101,PO,Nowa Grobla,24.540,50.0890539,22.9937906
3567,101,PO,Oleszyce,32.810,50.15655,23.0358708
3568,101,ST,Lubaczów,39.335,50.1655497,23.1244681
3569,101,PO,Basznia Dolna,46.209,50.1899631,23.2074403
3570,101,PO,Basznia,49.530,50.1786522,23.2478656
3571,101,ST,Horyniec-Zdrój,57.542,50.1944031,23.3563686
3572,101,ST,Werchrata,71.333,50.2481272,23.4859386
3573,101,PO,Siedliska Tomaszowskie,77.672,50.2615561,23.5544794
3574,101,ST,Hrebenne,82.789,50.2982611,23.5769339
3575,102,ST,Przemyśl Główny,0.000,49.7837336,22.7762308
3576,102,PO,Pikulice,4.486,49.7466266,22.7766538
3577,102,PO,Hermanowice,9.068,49.7252258,22.8149504
3578,102,PO,Malhowice,11.443,49.7017645,22.8259941
3579,103,ST,Trzebinia,0.631,50.1540031,19.4529019
3580,103,PO,Piła Kościelecka,3.111,50.1231813,19.4502439
3581,103,PO,Regulice Górne,9.692,50.0928951,19.5296315
3582,103,PO,Regulice,12.103,50.5120205,17.3349397
3583,103,PO,Alwernia,14.260,50.0690434,19.5396737
3584,103,PO,Miejsce,19.405,50.9453125,17.776297
3585,103,ST,Spytkowice,23.521,49.9950725,19.4764964
3586,103,PO,Trzebieńczyce,26.234,49.9778894,19.4538054
3587,103,PO,Grodzisko,28.413,54.1931617,22.0229952
3588,103,PO,Woźniki,31.396,50.5870812,19.0595251
3589,103,PO,Radocza,33.715,49.9189643,19.4718535
3590,103,ST,Wadowice,37.408,49.8849669,19.5020164
3591,104,ST,Chabówka,0.582,49.5970356,19.9364636
3592,104,PO,Rabka-Zdrój,1.712,49.6098744,19.9520503
3593,104,ST,Rabka Zaryte,5.481,49.6268411,19.9905172
3594,104,PO,Raba Niżna,8.500,49.6432929,20.0339899
3595,104,PO,Mszana Dolna Marki,13.381,49.6591718,20.0601884
3596,104,ST,Mszana Dolna,14.951,49.6810782,20.0764991
3597,104,PO,Kasina Wielka,23.393,49.7229988,20.1388945
3598,104,PO,Skrzydlna,25.959,49.7543487,20.1774423
3599,104,PO,Dobra koło Limanowej,30.840,49.7232371,20.2448637
3600,104,ST,Tymbark,37.160,49.7293607,20.3248972
3601,104,PO,Piekiełko,40.078,51.8333553,20.8632748
3602,104,PO,Łososina Górna,43.200,49.7356854,20.4112974
3603,104,ST,Limanowa,47.017,49.7061713,20.4217266
3604,104,PO,Mordarka,49.122,49.69971,20.46081
3605,104,PO,Pisarzowa,52.458,49.6886305,20.5060502
3606,104,PO,Męcina Podgórze,56.377,,
3607,104,PO,Męcina,59.480,49.679019,20.5495183
3608,104,PO,Chomranice,61.979,49.6798984,20.5898699
3609,104,PO,Klęczany,64.384,49.6673335,20.6224465
3610,104,ST,Marcinkowice,64.648,49.6711136,20.6607983
3611,104,PO,Nowy Sącz Chełmiec,70.104,49.6302483,20.6771075
3612,104,PO,Nowy Sącz Miasto,71.822,49.6213369,20.69012
3613,104,ST,Nowy Sącz,73.891,49.6067228,20.7030717
3614,105,ST,Muszyna,0.000,49.3463786,20.8940106
3615,105,PO,Muszyna Zdrój,1.558,49.3578792,20.89629
3616,105,ST,Powroźnik,5.356,49.3696053,20.9428883
3617,105,ST,Krynica-Zdrój,10.537,49.4096964,20.9571875
3618,106,ST,Rzeszów Główny,0.476,50.0429492,22.0066892
3619,106,PO,Rzeszów Centrum,0.643,50.0431464,21.9980642
3620,106,ST,Rzeszów Staroniwa,1.534,50.0389025,21.9898664
3621,106,PO,Rzeszów Politechnika,2.920,50.0271536,21.9835519
3622,106,PO,Rzeszów Osiedle,3.568,50.02267,21.9777753
3623,106,PO,Rzeszów Zwięczyca,5.980,50.0059542,21.9572731
3624,106,PO,Boguchwała Dolna,7.621,49.9945414,21.9439017
3625,106,ST,Boguchwała,8.985,49.9840444,21.9344083
3626,106,MPO,Lutoryż,11.335,49.9657831,21.9226317
3627,106,PO,Wisłoczanka,13.015,49.9517256,21.9147531
3628,106,MPO,Babica,15.312,49.9345103,21.899825
3629,106,PO,Babica Kolonia,17.526,49.9337656,21.8699556
3630,106,ST,Czudec,20.373,49.9403744,21.8328372
3631,106,PO,Zaborów Błonia,23.009,49.9239467,21.8197364
3632,106,MPO,Zaborów,25.057,49.9073058,21.8303339
3633,106,PO,Żarnowa,28.600,49.8774042,21.8188075
3634,106,ST,Strzyżów nad Wisłokiem,30.990,49.8692906,21.8020064
3635,106,PO,Strzyżów Zachodni,33.270,49.8687203,21.7714469
3636,106,MPO,Dobrzechów,35.329,49.8728928,21.7436239
3637,106,PO,Markuszowa,38.112,49.8741758,21.7060464
3638,106,PO,Kalembina,39.708,49.8692783,21.68554
3639,106,PO,Wiśniowa,42.158,49.8662125,21.6522486
3640,106,ST,Frysztak,47.568,49.8316939,21.6181675
3641,106,MPO,Przybówka,51.994,49.7988339,21.6474469
3642,106,PO,Wojaszówka,54.928,49.7762158,21.6590797
3643,106,PO,Szebnie,59.044,49.7561761,21.6156744
3644,106,PO,Jasło Fabryczne,65.125,49.7493775,21.5340833
3645,106,ST,Jasło Towarowa,66.375,49.7467166,21.5247875
3646,106,ST,Jasło,69.725,49.7377603,21.4709081
3647,107,POGP,Nowy Zagórz,0.000,49.5211711,22.2591372
3648,107,ST,Zagórz,1.130,49.5135569,22.2644244
3649,107,PO,Tarnawa Dolna,5.066,49.47358,22.25471
3650,107,PO,Czaszyn,9.167,49.4494102,22.2170959
3651,107,PO,Morochów,14.847,49.4660588,22.1844618
3652,107,PO,Mokre Małopolskie,17.550,49.4474994,22.167542
3653,107,PO,Wysoczany,20.360,49.4342029,22.1467723
3654,107,ST,Szczawne Kulaszne,24.610,49.4072176,22.1429552
3655,107,PO,Rzepedź,29.998,49.384966,22.1118034
3656,107,PO,Komańcza Letnisko,34.203,49.3462959,22.0805831
3657,107,ST,Komańcza,35.251,49.336141,22.0697551
3658,107,PO,Nowy Łupków,46.438,49.2548607,22.0857873
3659,107,ST,Łupków,49.020,49.2472345,22.059131
3660,108,ST,Stróże,0.000,49.6541858,20.9767003
3661,108,PO,Polna,3.615,49.6752306,20.9945919
3662,108,PO,Szalowa,5.860,49.6792461,21.0236964
3663,108,ST,Wola Łużańska,10.090,49.6940333,21.0609694
3664,108,PO,Moszczenica Małopolska,14.704,49.6969619,21.1224464
3665,108,ST,Gorlice Zagórzany,20.232,49.6939106,21.1949986
3666,108,PO,Libusza,24.250,49.7119278,21.24104
3667,108,ST,Biecz,27.479,49.7325408,21.2629661
3668,108,PO,Siepietnica,31.016,49.7544442,21.2967067
3669,108,PO,Skołyszyn,34.927,49.7451633,21.3391544
3670,108,ST,Przysieki,39.154,49.7328003,21.3944492
3671,108,PBSP,Jasło Niegłowice,43.820,49.7263106,21.4518356
3672,108,ST,Jasło,45.835,49.7377603,21.4709081
3673,108,PO,Gliniczek,51.172,49.7370353,21.5385956
3674,108,ST,Tarnowiec,54.007,49.736255,21.5776761
3675,108,PO,Jedlicze Męcinka,58.133,49.7264153,21.6260731
3676,108,ST,Jedlicze,60.511,49.7190739,21.6479256
3677,108,PO,Krosno Turaszówka,64.332,49.70918,21.6984833
3678,108,PO,Krosno Polanka,66.231,49.7019025,21.7222956
3679,108,ST,Krosno,68.258,49.693935,21.7483375
3680,108,PO,Krosno Miasto,70.552,49.6825513,21.7730572
3681,108,ST,Targowiska,75.707,52.5906609,22.8432809
3682,108,PO,Widacz,78.308,49.8093664,21.6279544
3683,108,ST,Wróblik Szlachecki,81.477,49.6142431,21.8806628
3684,108,PO,Milcza,83.479,49.6103643,21.906423
3685,108,PO,Besko,87.738,49.5918349,21.9571794
3686,108,ST,Zarszyn,92.426,49.5841917,22.0195539
3687,108,PO,Długie,94.672,53.86755,22.65419
3688,108,ST,Nowosielce,97.943,50.0585746,22.4024477
3689,108,PO,Sanok Dąbrówka,103.645,49.5690608,22.1594931
3690,108,PO,Sanok Miasto,106.882,49.5559375,22.1985854
3691,108,ST,Sanok,107.922,49.5531594,22.2109031
3692,108,POGP,Nowy Zagórz,113.256,49.5211711,22.2591372
3693,108,ST,Zagórz,114.200,49.5135569,22.2644244
3694,108,PO,Załuż,117.707,49.5302064,22.3006043
3695,108,PO,Lesko Łukawica,121.744,49.5054452,22.3354033
3696,108,PO,Jankowce,124.882,49.4844095,22.3573376
3697,108,PO,Uherce Tunel,128.074,49.4638705,22.3803553
3698,108,ST,Uherce,130.251,49.4653618,22.3999
3699,108,PO,Olszanica,133.530,52.8609359,23.0855897
3700,108,PO,Ustjanowa,141.679,49.4357932,22.5076011
3701,108,ST,Ustrzyki Dolne,149.655,49.4301874,22.5877003
3702,108,ST,Krościenko,157.747,49.4783429,22.6682494
3703,109,ST,Kraków Bieżanów,0.375,50.0211167,20.0298556
3704,109,PO,Kraków Bieżanów Drożdżownia,1.598,50.0101019,20.035395
3705,109,PO,Wieliczka Bogucice,3.271,49.9984511,20.0366081
3706,109,ST,Wieliczka Park,4.740,49.9890931,20.0494483
3707,109,PO,Wieliczka Rynek-Kopalnia,5.385,49.9856858,20.0566408
3708,110,ST,Gorlice Zagórzany,0.129,49.6939106,21.1949986
3709,110,PO,Gorlice Glinik,3.003,49.6717903,21.1729925
3710,110,ST,Gorlice,4.163,49.6643753,21.1629728
3711,114,ST,Trzebinia,0.613,50.1540031,19.4529019
3712,115,ST,Tarnów,0.766,50.0052903,20.9744678
3713,115,PO,Tarnów Północny,1.261,50.0076506,20.9583652
3714,115,PO,Tarnów Klikowa,3.727,50.0295265,20.9658047
3715,115,PO,Łukowa Tarnowska,9.869,,
3716,115,PO,Łęg Tarnowski,12.020,50.0942221,20.9280306
3717,115,PO,Niedomice,14.233,50.1098275,20.8940022
3718,115,PO,Dąbrówki Breńskie,34.382,50.2368756,20.9468731
3719,115,PO,Kupienin,40.800,52.2594266,15.6098169
3720,115,PO,Delastowice,43.265,50.297847,21.0228435
3721,116,ST,Werchrata,2.972,50.2481272,23.4859386
3722,116,ST,Horyniec-Zdrój,16.770,50.1944031,23.3563686
3723,117,ST,Kalwaria Zebrzydowska Lanckorona,0.000,49.8711444,19.6886658
3724,117,POGP,Kalwaria Zebrzydowska,1.520,49.8740044,19.6738606
3725,117,PO,Barwałd Górny,5.887,49.8648967,19.6214511
3726,117,MPO,Barwałd Średni,7.467,49.8693692,19.6028078
3727,117,PO,Klecza Górna,11.218,49.8652481,19.5679644
3728,117,PO,Klecza Dolna,14.362,49.8786589,19.5339233
3729,117,ST,Wadowice,17.483,49.8849669,19.5020164
3730,117,PO,Wadowice Osiedle Podhalanin,19.231,49.8878864,19.4824722
3731,117,PO,Chocznia,21.978,49.8742397,19.4520494
3732,117,PO,Chocznia Górna,23.986,49.8627897,19.4321722
3733,117,PO,Inwałd,27.750,49.8529675,19.3885044
3734,117,ST,Andrychów,30.512,49.8555492,19.3524739
3735,117,PO,Andrychów Górnica,33.766,49.8585233,19.3239478
3736,117,PO,Bulowice,36.938,49.8758889,19.2905525
3737,117,PO,Zamek Bulowicki,39.000,49.8801069,19.2634422
3738,117,ST,Kęty,41.976,49.8806347,19.2256481
3739,117,PO,Kęty Podlesie,44.095,49.8781783,19.1967694
3740,117,PO,Kozy Zagroda,48.007,49.8575561,19.1643506
3741,117,ST,Kozy,50.097,49.8493475,19.1416925
3742,117,PO,Krzemionki,52.294,49.8408106,19.1151847
3743,117,ST,Bielsko-Biała Wschód,57.095,49.8347997,19.0572531
3744,117,ST,Bielsko-Biała Główna,58.463,49.8297739,19.0453486
3745,118,ST,Kraków Główny,0.305,50.0683944,19.9475033
3746,118,PO,Kraków Łobzów,3.279,50.0818928,19.9175956
3747,118,PO,Kraków Bronowice,5.138,50.0828133,19.8922422
3748,118,ST,Kraków Mydlniki,6.640,50.0834333,19.8622114
3749,118,PO,Kraków Młynówka,7.575,50.0817842,19.8585167
3750,118,PO,Kraków Zakliki,8.274,50.0797703,19.8494536
3751,118,PO,Kraków Olszanica,10.090,50.0764519,19.8254725
3752,118,ST,Kraków Lotnisko,11.941,50.0708922,19.8014247
3753,120,ST,Hurko,0.001,49.7853203,22.8626636
3754,123,ST,Hurko,0.001,49.7853203,22.8626636
3755,126,ST,Chrzanów,0.000,50.1334178,19.3984947
3756,126,PO,Pogorzyce,4.804,50.1019228,19.4216892
3757,127,ST,Radzionków,27.417,50.4088108,18.9151008
3758,127,ST,Nakło Śląskie,30.143,50.4297967,18.9034567
3759,127,ST,Tarnowskie Góry,33.882,50.4468294,18.8650375
3760,128,ST,Radzionków,27.415,50.4088108,18.9151008
3761,128,ST,Nakło Śląskie,30.143,50.4297967,18.9034567
3762,129,ST,Tarnowskie Góry,35.829,50.4468294,18.8650375
3763,129,PO,Miasteczko Śląskie,40.375,50.4975783,18.9002367
3764,130,ST,Tarnowskie Góry,37.321,50.4468294,18.8650375
3765,130,ST,Kalety,47.966,50.5657989,18.8884347
3766,131,ST,Chorzów Batory,5.900,50.2782875,18.9448053
3767,131,PO,Chorzów Uniwersytet,8.176,50.2927269,18.9412272
3768,131,ST,Chorzów Miasto,9.085,50.2986294,18.9500608
3769,131,ST,Chorzów Stary,12.372,50.3162622,18.9581233
3770,131,ST,Bytom,17.370,50.3431522,18.9151825
3771,131,ST,Bytom Karb,20.055,50.3518908,18.8815828
3772,131,PO,Bytom Stroszek,23.823,50.3846797,18.8843533
3773,131,PO,Radzionków Rojca,25.648,50.3959067,18.8999786
3774,131,ST,Radzionków,27.415,50.4088108,18.9151008
3775,131,ST,Nakło Śląskie,30.143,50.4297967,18.9034567
3776,131,ST,Tarnowskie Góry,33.882,50.4468294,18.8650375
3777,131,PO,Miasteczko Śląskie,40.220,50.4975783,18.9002367
3778,131,ST,Kalety,47.966,50.5657989,18.8884347
3779,131,PO,Strzebiń,53.965,50.6177489,18.8997283
3780,131,ST,Boronów,59.678,50.6662806,18.9006664
3781,131,ST,Herby Nowe,69.439,50.7482356,18.8539728
3782,131,ST,Kłobuck,89.404,50.9078206,18.9235111
3783,131,ST,Działoszyn,113.083,51.1175572,18.9134219
3784,131,ST,Chorzew Siemkowice,124.172,51.2102631,18.9412944
3785,131,PO,Huta,131.210,51.2700244,18.9633706
3786,131,ST,Rusiec Łódzki,136.365,51.3170431,18.9694039
3787,131,ST,Chociw Łaski,146.409,51.4051692,18.982815
3788,131,PO,Siedlce Łaskie,152.918,51.4568078,19.0153778
3789,131,ST,Kozuby,157.230,51.4944944,19.0233986
3790,131,PO,Zduńska Wola Południowa,167.605,51.5796947,19.0062106
3791,131,ST,Zduńska Wola Karsznice,168.803,51.5889544,18.9948847
3792,131,ST,Szadek,179.639,51.69175,18.97703
3793,131,ST,Otok,191.082,51.766367,18.9026766
3794,131,ST,Poddębice,203.216,51.8926555,18.9518908
3795,131,ST,Kłudna,213.089,51.9675872,18.9440012
3796,131,ST,Kraski,221.501,52.0333333,18.9
3797,131,ST,Dąbie nad Nerem,229.491,52.0871691,18.8220738
3798,131,ST,Ponętów,240.456,52.1970161,18.810891
3799,131,ST,Lipie Góry,251.281,52.2865755,18.7537551
3800,131,ST,Babiak,260.679,52.3535933,18.6702531
3801,131,ST,Zaryń,271.912,52.4403282,18.5872691
3802,131,ST,Piotrków Kujawski,283.964,52.5377631,18.5195336
3803,131,ST,Chełmce,294.614,51.6987874,18.1730899
3804,131,PO,Bachorce,300.904,52.66639,18.41991
3805,131,ST,Karczyn,306.285,50.7993606,16.9352574
3806,131,ST,Inowrocław Rąbinek,317.048,52.7700856,18.2402356
3807,131,ST,Inowrocław,324.936,52.805405,18.2443867
3808,131,ST,Jaksice,331.651,52.8570053,18.1981628
3809,131,ST,Złotniki Kujawskie,337.871,52.9036931,18.1473264
3810,131,ST,Nowa Wieś Wielka,346.082,52.9694364,18.0963853
3811,131,PO,Chmielniki Bydgoskie,351.085,53.0030317,18.0485494
3812,131,ST,Brzoza Bydgoska,354.516,53.0283661,18.0193989
3813,131,ST,Trzciniec,362.520,53.0852939,17.9483472
3814,131,PO,Bydgoszcz Błonie,366.220,53.1182008,17.9516369
3815,131,ST,Bydgoszcz Główna,370.310,53.1353269,17.9913603
3816,131,PO,Rynkowo Wiadukt,372.550,53.1519458,18.0054258
3817,131,ST,Maksymilianowo,379.848,53.2147942,18.0298308
3818,131,ST,Kotomierz,389.807,53.2849139,18.1216422
3819,131,ST,Pruszcz Pomorski,397.344,53.3343372,18.198945
3820,131,ST,Parlin,403.691,53.3710625,18.2706056
3821,131,ST,Terespol Pomorski,410.863,53.4097,18.3520661
3822,131,ST,Laskowice Pomorskie,422.552,53.4910394,18.4559589
3823,131,ST,Warlubie,438.565,53.5884003,18.6227144
3824,131,ST,Twarda Góra,449.586,53.6806142,18.6704417
3825,131,ST,Smętowo,457.250,53.7480889,18.6860544
3826,131,PO,Majewo,463.404,53.8025978,18.6791536
3827,131,ST,Morzeszczyn,467.340,53.8372394,18.6864717
3828,131,PO,Kulice Tczewskie,472.106,53.8795072,18.6905242
3829,131,ST,Pelplin,477.619,53.9265906,18.7066964
3830,131,ST,Subkowy,485.155,53.9857556,18.7534769
3831,131,PO,Subkowy Centrum,487.083,54.0025817,18.7607828
3832,131,PO,Czarlin,492.328,54.0488014,18.7672344
3833,131,ST,Tczew,498.160,54.0974403,18.7901806
3834,132,ST,Bytom,17.361,50.3431522,18.9151825
3835,132,ST,Pyskowice,40.110,50.3843783,18.6181083
3836,132,POGP,Paczyna,44.767,50.4130369,18.5706272
3837,132,ST,Toszek,49.920,50.4414914,18.5139406
3838,132,PO,Ligota Toszecka,53.837,50.4562986,18.4638858
3839,132,PO,Kotulin,56.249,50.4686942,18.4361078
3840,132,POGP,Błotnica Strzelecka,59.118,50.4840306,18.4035925
3841,132,ST,Strzelce Opolskie,66.931,50.5166264,18.3065606
3842,132,ST,Szymiszów,73.004,50.5284178,18.2236083
3843,132,ST,Otmice,80.523,50.5512261,18.1237397
3844,132,ST,Tarnów Opolski,84.585,50.5722233,18.0774225
3845,132,ST,Opole Groszowice,95.769,50.6360458,17.9557017
3846,132,ST,Opole Główne,99.322,50.6618208,17.9269633
3847,132,ST,Opole Zachodnie,101.331,50.6608058,17.8981767
3848,132,PO,Chróścina Opolska,107.030,50.6698411,17.8180233
3849,132,POGP,Dąbrowa Niemodlińska,112.385,50.6925094,17.7518906
3850,132,PO,Przecza,119.858,50.7330683,17.6675369
3851,132,PO,Lewin Brzeski,124.370,50.75754,17.6165467
3852,132,PO,Łosiów,130.041,50.7882481,17.5524044
3853,132,ST,Brzeg,139.447,50.8529886,17.4705908
3854,132,PO,Lipki,148.076,50.8982672,17.3724264
3855,132,ST,Oława,154.513,50.9309683,17.2969508
3856,132,PO,Oława Zachodnia,157.100,50.9453767,17.2679567
3857,132,PO,Lizawice,161.866,50.9719447,17.2148586
3858,132,PO,Zębice Wrocławskie,167.205,51.0065681,17.1622003
3859,132,ST,Święta Katarzyna,170.974,51.0297317,17.1229872
3860,132,PO,Wrocław Brochów,175.726,51.0645017,17.0844589
3861,132,ST,Wrocław Główny,181.041,51.0981203,17.0362947
3862,133,ST,Dąbrowa Górnicza Ząbkowice,0.000,50.3668464,19.2650044
3863,133,ST,Dąbrowa Górnicza Południowa,7.537,50.3106517,19.2873169
3864,133,ST,Sosnowiec Maczki,13.276,50.2605506,19.2705958
3865,133,ST,Jaworzno Szczakowa,15.810,50.2471161,19.2933003
3866,133,PO,Jaworzno Ciężkowice,20.877,50.2129664,19.337125
3867,133,PO,Balin,26.091,50.1784042,19.3847861
3868,133,ST,Trzebinia,31.716,50.1540031,19.4529019
3869,133,PO,Dulowa,36.791,50.1404853,19.5206469
3870,133,PO,Wola Filipowska,41.090,50.1308853,19.5770678
3871,133,ST,Krzeszowice,45.436,50.1308067,19.6368519
3872,133,PO,Pisary,48.689,50.1286983,19.6820747
3873,133,PO,Rudawa,51.634,50.1188344,19.7193225
3874,133,ST,Zabierzów,57.515,50.1177414,19.7994019
3875,133,PO,Zabierzów Rząska,59.760,50.1056319,19.8236208
3876,133,PO,Kraków Mydlniki Wapiennik,61.954,50.0911956,19.8444886
3877,133,ST,Kraków Mydlniki,63.304,50.0834333,19.8622114
3878,133,PO,Kraków Bronowice,65.729,50.0828133,19.8922422
3879,133,PO,Kraków Łobzów,67.530,50.0818928,19.9175956
3880,133,ST,Kraków Główny,70.494,50.0683944,19.9475033
3881,134,ST,Jaworzno Szczakowa,0.221,50.2471161,19.2933003
3882,134,PO,Sosnowiec Jęzor Południowy,10.215,50.2286514,19.1656164
3883,134,ST,Mysłowice,12.210,50.2377703,19.1415039
3884,135,ST,Gliwice Łabędy,0.000,50.3399367,18.6225861
3885,135,PO,Gliwice Kuźnica,1.977,50.3575994,18.6218842
3886,135,ST,Pyskowice,5.309,50.3843783,18.6181083
3887,136,ST,Kędzierzyn-Koźle,0.000,50.3443725,18.2051786
3888,136,PO,Raszowa,5.747,50.3877156,18.1611928
3889,136,ST,Zdzieszowice,10.375,50.4226897,18.1256664
3890,136,PODS,Jasiona,15.747,50.4588961,18.0758939
3891,136,ST,Gogolin,21.380,50.4926036,18.0190658
3892,136,ST,Górażdże,25.634,50.5291194,18.0033228
3893,136,ST,Przywory Opolskie,31.404,50.5802225,17.9894211
3894,136,PO,Opole Grotowice,34.829,50.6096894,17.9759839
3895,136,ST,Opole Groszowice,37.560,50.6360458,17.9557017
3896,137,ST,Katowice,0.381,50.2575667,19.0172519
3897,137,PO,Katowice Załęże,2.528,50.2635864,18.9903147
3898,137,ST,Katowice Towarowa,2.789,50.2652881,18.9854519
3899,137,ST,Chorzów Batory,6.166,50.2782875,18.9448053
3900,137,PO,Świętochłowice,8.413,50.2890014,18.9181217
3901,137,ST,Ruda Chebzie,11.740,50.3039756,18.8778192
3902,137,PO,Ruda Śląska,14.068,50.3158406,18.8517883
3903,137,ST,Zabrze,18.926,50.3052228,18.7868581
3904,137,ST,Gliwice,27.100,50.3012344,18.6768697
3905,137,ST,Gliwice Łabędy,32.985,50.3399367,18.6225861
3906,137,PO,Rzeczyce Śląskie,37.400,50.3566264,18.5672969
3907,137,ST,Taciszów,41.648,50.3579706,18.5076931
3908,137,ST,Rudziniec Gliwicki,49.056,50.3665061,18.4044847
3909,137,ST,Sławięcice,55.702,50.3514942,18.3144347
3910,137,ST,Kędzierzyn-Koźle,64.162,50.3443725,18.2051786
3911,137,PO,Kędzierzyn-Koźle Przystanek,68.370,50.3507617,18.155585
3912,137,PGLP,Kędzierzyn-Koźle Zachodnie,70.155,50.3466083,18.1314114
3913,137,PO,Pokrzywnica,73.772,50.3438411,18.0811772
3914,137,ST,Twardawa,79.619,50.3470897,17.9992056
3915,137,ST,Głogówek,88.597,50.3475464,17.8757392
3916,137,ST,Racławice Śląskie,97.739,50.3121939,17.7613211
3917,137,PO,Dytmarów,104.144,50.3298203,17.6767742
3918,137,ST,Prudnik,111.204,50.3292833,17.5777606
3919,137,PO,Szybowice,118.406,50.34458,17.4810417
3920,137,PO,Nowy Las,123.600,50.3621447,17.4134728
3921,137,ST,Nowy Świętów,127.228,50.3778842,17.3691339
3922,137,PO,Przełęk,132.000,50.4110836,17.3332867
3923,137,ST,Nysa,139.075,50.4778364,17.341895
3924,137,PO,Radzikowice,144.846,50.5111139,17.2775943
3925,137,ST,Goświnowice,147.933,50.4785597,17.2573081
3926,137,PO,Wójcice,150.885,50.4683878,17.22087
3927,137,ST,Otmuchów,155.804,50.4740778,17.1526075
3928,137,PO,Otmuchów Jezioro,158.930,50.4813794,17.1105292
3929,137,ST,Paczków,166.107,50.4784003,17.0110822
3930,137,PO,Doboszowice,172.123,50.5070811,16.9427769
3931,137,ST,Kamieniec Ząbkowicki,177.220,50.5360158,16.8975158
3932,137,ST,Ząbkowice Śląskie,187.080,50.5973889,16.8127547
3933,137,ST,Piława Górna,196.991,50.6779719,16.7731531
3934,137,ST,Dzierżoniów Śląski,208.815,50.7247594,16.640195
3935,137,MPO,Mościsko Dzierżoniowskie,215.552,50.7719072,16.5805653
3936,137,PO,Krzyżowa,219.952,50.7939306,16.5299
3937,137,ST,Świdnica Miasto,226.796,50.841165,16.4816142
3938,137,PO,Świdnica Zawiszów,228.909,50.8599864,16.4794442
3939,137,PO,Bolesławice Świdnickie,232.100,50.8871147,16.4649636
3940,137,ST,Jaworzyna Śląska,236.765,50.9125,16.4284667
3941,137,PO,Stanowice,242.065,50.9297661,16.3751231
3942,137,ST,Strzegom,247.227,50.9745325,16.3588986
3943,137,PO,Goczałków,251.830,51.0080483,16.3259658
3944,137,ST,Rogoźnica,253.624,51.0144931,16.3021769
3945,137,ST,Jawor,262.333,51.0554047,16.1970222
3946,137,PO,Stary Jawor,266.040,51.0792292,16.1608722
3947,137,PO,Brachów,268.307,51.0970149,16.1484236
3948,137,MPO,Przybyłowice,271.731,51.1268667,16.1594989
3949,137,PO,Legnica Strefa,276.404,51.1653039,16.1854108
3950,137,PO,Legnica Piekary,280.494,51.2012339,16.1978964
3951,137,ST,Legnica,283.905,51.2136928,16.1679108
3952,138,ST,Oświęcim,0.581,50.0411342,19.1991953
3953,138,ST,Nowy Bieruń,3.976,50.0739047,19.1847472
3954,138,ST,Chełm Śląski,8.531,50.1120806,19.1831731
3955,138,ST,Imielin,11.944,50.1424081,19.1760597
3956,138,ST,Mysłowice Kosztowy,15.485,50.1741189,19.1604322
3957,138,ST,Mysłowice Brzezinka,18.309,50.1976519,19.1543381
3958,138,PO,Mysłowice Brzęczkowice,20.100,50.2129511,19.1472278
3959,138,ST,Mysłowice,22.948,50.2377703,19.1415039
3960,138,PO,Katowice Szopienice Południowe,27.505,50.2589556,19.0931844
3961,138,ST,Katowice Zawodzie,30.243,50.2573869,19.0551833
3962,138,ST,Katowice,32.970,50.2575667,19.0172519
3963,139,ST,Katowice,0.379,50.2575667,19.0172519
3964,139,PO,Katowice Brynów,3.770,50.2521701,18.9952151
3965,139,ST,Katowice Ligota,6.080,50.2262292,18.9778606
3966,139,PO,Katowice Piotrowice,7.753,50.2137953,18.9712231
3967,139,PO,Katowice Podlesie,11.483,50.1829386,18.9602972
3968,139,ST,Tychy,16.970,50.136925,18.964305
3969,139,PO,Tychy Żwaków,20.120,50.1099033,18.9530206
3970,139,PGLP,Kobiór,25.556,50.0652203,18.9233894
3971,139,PO,Piasek,31.597,50.0125058,18.9400928
3972,139,ST,Pszczyna,35.918,49.9752436,18.9533708
3973,139,PO,Goczałkowice,39.531,49.9449942,18.9659378
3974,139,PO,Goczałkowice-Zdrój,40.865,49.9353467,18.9770717
3975,139,ST,Czechowice-Dziedzice,44.203,49.9151689,19.0049569
3976,139,PO,Czechowice-Dziedzice Przystanek,46.955,49.9063889,19.0223614
3977,139,ST,Czechowice-Dziedzice Południowe,48.786,49.8902556,19.0241972
3978,139,PBSP,Bielsko-Biała Komorowice,52.250,49.8602992,19.0360486
3979,139,PO,Bielsko-Biała Północ,54.348,49.8417606,19.0413581
3980,139,ST,Bielsko-Biała Główna,55.713,49.8297739,19.0453486
3981,139,POGP,Bielsko-Biała Lipnik,57.300,49.8162389,19.0493533
3982,139,ST,Bielsko-Biała Leszczyny,59.585,49.7978586,19.0598033
3983,139,PO,Bielsko-Biała Mikuszowice,61.476,49.7834844,19.0737072
3984,139,ST,Wilkowice Bystra,64.292,49.76107,19.0874614
3985,139,PO,Łodygowice Górne,68.257,49.7353739,19.1244789
3986,139,ST,Łodygowice,69.916,49.7252003,19.1411842
3987,139,PO,Pietrzykowice Żywieckie,72.777,49.7098736,19.1723486
3988,139,ST,Żywiec,76.479,49.6795819,19.1857992
3989,139,PO,Radziechowy Wieprz,80.435,49.6477561,19.1641661
3990,139,PO,Cięcina Dolna,83.510,49.6214108,19.1519875
3991,139,PO,Cięcina,85.156,49.6106053,19.1373819
3992,139,ST,Węgierska Górka,86.865,49.6034072,19.1178694
3993,139,PO,Cisiec,89.461,49.5829753,19.1051119
3994,139,ST,Milówka,92.700,49.5558503,19.0937881
3995,139,PO,Milówka Zabawa,95.275,49.54003,19.1027419
3996,139,ST,Rajcza,98.235,49.5165383,19.1129039
3997,139,PO,Rajcza Centrum,100.000,49.5066603,19.1002039
3998,139,PO,Rycerka,101.750,49.4982575,19.0816328
3999,139,ST,Sól,104.813,49.4937944,19.0510931
4000,139,PO,Sól Kiczora,108.008,49.5169117,19.03154
4001,139,PO,Laliki,110.104,49.5231572,19.0061894
4002,139,ST,Zwardoń,113.354,49.5044308,18.9777319
4003,140,ST,Katowice Ligota,0.660,50.2262292,18.9778606
4004,140,PO,Katowice Piotrowice,1.660,50.2137953,18.9712231
4005,140,MPO,Mikołów Jamna,5.861,50.1935558,18.9215319
4006,140,ST,Mikołów,8.750,50.1728789,18.8992575
4007,140,PO,Łaziska Górne,12.886,50.1596053,18.8467606
4008,140,MPO,Łaziska Górne Brada,14.866,50.1580822,18.8206119
4009,140,ST,Orzesze,18.630,50.1543358,18.7776008
4010,140,ST,Orzesze Jaśkowice,21.688,50.1448197,18.7409417
4011,140,ST,Czerwionka,26.049,50.1488114,18.6850925
4012,140,PO,Czerwionka Dębieńsko,27.819,50.1567239,18.6642194
4013,140,ST,Leszczyny,31.776,50.1411042,18.6184533
4014,140,PO,Rybnik Paruszowiec,37.679,50.1023594,18.5648492
4015,140,ST,Rybnik,39.702,50.0888608,18.5475883
4016,140,ST,Rybnik Towarowy,43.383,50.0661222,18.5137214
4017,140,PO,Rybnik Niedobczyce,44.820,50.0659556,18.4956772
4018,140,ST,Rybnik Niewiadom,46.932,50.0693158,18.4681697
4019,140,ST,Rydułtowy,50.008,50.0689719,18.4263081
4020,140,PO,Łuków Śląski,53.756,50.0999044,18.4093031
4021,140,PO,Sumina Wieś,56.138,50.1212386,18.4104844
4022,140,ST,Sumina,58.022,50.1366983,18.4024233
4023,140,PO,Górki Śląskie,59.086,50.1420792,18.3902053
4024,140,PODS,Szymocice,62.192,50.1511978,18.3494533
4025,140,POGP,Nędza Wieś,65.383,50.1646136,18.3111036
4026,140,ST,Nędza,67.104,50.1566667,18.2916236
4027,141,ST,Katowice Ligota,0.000,50.2262292,18.9778606
4028,141,ST,Gliwice,25.564,50.3012344,18.6768697
4029,142,ST,Katowice Ligota,0.757,50.2262292,18.9778606
4030,142,POGP,Katowice Ochojec,1.966,50.2187312,18.9916777
4031,142,PO,Katowice Murcki,5.610,50.2108673,18.998486
4032,142,PO,Katowice Kostuchna,9.000,50.1867608,19.0081383
4033,142,PO,Katowice Podlesie Dąbrowa,10.470,50.1793711,18.9763833
4034,142,ST,Tychy,15.172,50.136925,18.964305
4035,143,ST,Kalety,0.842,50.5657989,18.8884347
4036,143,ST,Koszęcin,7.405,50.6226156,18.8366067
4037,143,PODS,Rusinowice,13.320,50.6488786,18.7642558
4038,143,ST,Lubliniec,19.258,50.6732917,18.6899517
4039,143,PODS,Kochcice-Glinica,24.365,50.7136928,18.6577311
4040,143,ST,Ciasna,29.604,50.7570486,18.6289669
4041,143,ST,Sieraków Śląski,34.996,50.7995025,18.5928442
4042,143,ST,Sowczyce,43.460,50.8464383,18.5004303
4043,143,ST,Olesno Śląskie,50.137,50.8822147,18.4246989
4044,143,POGP,Stare Olesno,55.201,50.9153014,18.3754731
4045,143,ST,Bąków,61.756,50.9565983,18.3128428
4046,143,ST,Kluczbork,70.122,50.9712542,18.2006819
4047,143,PO,Smardy,74.708,50.9918714,18.1457064
4048,143,ST,Wołczyn,82.168,51.0136083,18.0460372
4049,143,PO,Wierzbica Górna,87.208,51.0222619,17.9756586
4050,143,ST,Domaszowice,94.271,51.0484489,17.8840464
4051,143,PO,Gręboszów,100.469,51.0653961,17.8003225
4052,143,ST,Namysłów,106.465,51.0745761,17.7164883
4053,143,PO,Wilków Namysłowski,111.089,51.0940525,17.6592125
4054,143,ST,Bierutów,119.873,51.1284017,17.5463358
4055,143,PO,Solniki Wielkie,126.770,51.1541414,17.4935919
4056,143,ST,Oleśnica,133.690,51.2004781,17.3873308
4057,143,ST,Borowa Oleśnicka,141.717,51.1842775,17.2774381
4058,143,ST,Długołęka,147.628,51.1783675,17.1940525
4059,143,PO,Mirków,150.077,51.1655958,17.1656303
4060,143,ST,Wrocław Psie Pole,153.742,51.1506528,17.1192131
4061,143,ST,Wrocław Sołtysowice,156.609,51.1417958,17.0806525
4062,143,ST,Wrocław Nadodrze,160.536,51.1257381,17.0325956
4063,143,PO,Wrocław Szczepin,161.921,51.1229614,17.0143431
4064,143,PO,Wrocław Mikołajów,163.530,51.1164222,16.99844
4065,144,ST,Tarnowskie Góry,0.183,50.4468294,18.8650375
4066,144,POGP,Borowiany,20.819,50.5423696,18.603782
4067,144,ST,Kielcza,26.297,50.5667543,18.5427898
4068,144,ST,Zawadzkie,34.505,50.6087639,18.4739192
4069,144,PO,Kolonowskie,42.295,50.6519292,18.3879581
4070,144,ST,Fosowskie,44.474,50.6602522,18.35991
4071,144,PO,Staniszcze Małe,47.560,50.6645064,18.3181128
4072,144,PO,Krasiejów,52.459,50.6683761,18.2491481
4073,144,ST,Ozimek,55.357,50.6700586,18.2082919
4074,144,PO,Dębska Kuźnia,62.575,50.6644294,18.1118117
4075,144,MPO,Chrząstowice,65.432,50.6601769,18.0730897
4076,144,PO,Suchy Bór Opolski,68.154,50.6573028,18.0354219
4077,144,ST,Opole Główne,75.924,50.6618208,17.9269633
4078,145,ST,Chorzów Stary,1.332,50.3162622,18.9581233
4079,145,ST,Radzionków,17.529,50.4088108,18.9151008
4080,146,MLP,Rząsawa,3.066,50.8838561,19.1767728
4081,146,PO,Mykanów,7.493,50.9250669,19.1792986
4082,146,PO,Stary Cykarzew,10.599,50.9517233,19.1702097
4083,146,PO,Cykarzew Północny,12.076,50.9644814,19.1633831
4084,146,PO,Stary Broniszew,14.225,50.9835169,19.1607233
4085,146,PO,Ważne Młyny,20.511,51.0373542,19.14672
4086,146,PO,Nowa Brzeźnica,24.533,51.0753444,19.1465969
4087,146,PO,Dubidze,27.593,51.1022314,19.1431739
4088,146,PO,Dubidze-Kolonia,29.290,51.1167453,19.1293347
4089,146,PO,Wistka,33.337,51.1548408,19.0851742
4090,146,PO,Biała Szlachecka,39.525,51.1752022,19.0249639
4091,146,ST,Chorzew Siemkowice,48.392,51.2102631,18.9412944
4092,147,PO,Zabrze Północne,3.772,50.3244442,18.7883331
4093,147,PO,Zabrze Maciejów,7.315,50.3066228,18.7479575
4094,147,ST,Gliwice,13.063,50.3012344,18.6768697
4095,148,ST,Pszczyna,0.000,49.9752436,18.9533708
4096,148,PO,Pszczyna Czarków,5.025,50.0113342,18.9212867
4097,148,MPO,Radostowice,7.621,50.0206869,18.8885581
4098,148,ST,Suszec,14.770,50.0350522,18.7919553
4099,148,PO,Suszec Kopalnia,16.200,50.0396125,18.7737733
4100,148,PO,Suszec Rudziczka,17.721,50.045645,18.7551028
4101,148,ST,Żory,21.873,50.0516933,18.7027725
4102,148,PODS,Szczejkowice,26.040,50.0796206,18.6718297
4103,148,POGP,Rybnik Gotartowice,29.581,50.0879883,18.6243925
4104,148,PO,Rybnik Piaski,32.508,50.0964433,18.5876281
4105,148,ST,Rybnik,35.702,50.0888608,18.5475883
4106,149,PO,Przyszowice,4.695,50.2465064,18.7363178
4107,149,ST,Knurów,11.872,50.2172253,18.6881433
4108,149,ST,Leszczyny,22.935,50.1411042,18.6184533
4109,150,ST,Czechowice-Dziedzice,2.963,49.9151689,19.0049569
4110,150,PO,Zabrzeg,4.445,49.9077272,18.9382786
4111,150,ST,Zabrzeg Czarnolesie,7.000,49.9039438,18.9066652
4112,150,ST,Chybie,13.449,49.8930642,18.8116075
4113,151,ST,Kędzierzyn-Koźle,0.000,50.3443725,18.2051786
4114,151,PO,Kędzierzyn-Koźle Azoty,4.527,50.31092,18.2393331
4115,151,ST,Bierawa,6.855,50.2933442,18.25704
4116,151,PGLP,Dziergowice,13.240,50.2429517,18.2998678
4117,151,ST,Kuźnia Raciborska,18.039,50.200515,18.2984508
4118,151,ST,Nędza,22.982,50.1566667,18.2916236
4119,151,POGP,Racibórz Markowice,28.088,50.1134806,18.270345
4120,151,ST,Racibórz,32.226,50.0901103,18.2262053
4121,151,ST,Krzyżanowice,44.973,49.9891303,18.2759828
4122,151,PO,Roszków Raciborski,48.007,49.9648525,18.2941783
4123,151,PO,Rudyszwałd,50.790,49.9407564,18.3032097
4124,151,ST,Chałupki,52.568,49.9255511,18.3115189
4125,152,POGP,Paczyna,5.018,50.4130369,18.5706272
4126,152,ST,Lubliniec,40.416,50.6732917,18.6899517
4127,153,ST,Rudziniec Gliwicki,19.426,50.3665061,18.4044847
4128,154,ST,Łazy,0.000,50.4298867,19.3915517
4129,156,ST,Bukowno,0.000,50.2639572,19.4594461
4130,156,ST,Jaworzno Szczakowa,11.299,50.2471161,19.2933003
4131,157,ST,Strumień,5.552,49.9120253,18.7527386
4132,157,ST,Chybie,11.279,49.8930642,18.8116075
4133,157,PO,Chybie Mnich,13.000,49.8874592,18.8207031
4134,157,PO,Zaborze,15.140,49.8701119,18.8111739
4135,157,ST,Pierściec,19.747,49.8303908,18.8133797
4136,157,PO,Skoczów Bajerki,23.349,49.7989053,18.8012089
4137,157,ST,Skoczów,23.744,49.7935931,18.7901464
4138,158,ST,Rybnik Towarowy,0.000,50.0661222,18.5137214
4139,158,PO,Rybnik Rymer,1.763,50.0567242,18.4982114
4140,158,PO,Radlin Obszary,3.684,50.0413006,18.4946556
4141,158,PO,Wodzisław Śląski Radlin,6.462,50.01968,18.4809117
4142,158,ST,Wodzisław Śląski,7.828,50.0077772,18.4766056
4143,158,PO,Wodzisław Śląski Centrum,9.415,49.9981753,18.4631311
4144,158,PO,Czyżowice,13.320,49.97451,18.4264269
4145,158,ST,Olza,20.514,49.9600164,18.3380217
4146,158,PO,Rudyszwałd,23.839,49.9407564,18.3032097
4147,158,ST,Chałupki,25.035,49.9255511,18.3115189
4148,159,ST,Żory,13.991,50.0516933,18.7027725
4149,159,PO,Żory Baranowice,17.620,,
4150,159,ST,Warszowice,20.957,49.9901864,18.7153767
4151,159,PO,Pawłowice Śląskie Centrum,23.975,49.963875,18.7248467
4152,160,ST,Zawiercie,275.014,50.4809444,19.4231181
4153,160,ST,Łazy,280.654,50.4298867,19.3915517
4154,160,ST,Dąbrowa Górnicza Ząbkowice,291.679,50.3668464,19.2650044
4155,161,ST,Chorzów Stary,12.505,50.3162622,18.9581233
4156,162,ST,Dąbrowa Górnicza Strzemieszyce,0.423,50.3111378,19.2676636
4157,163,ST,Sosnowiec Kazimierz,0.000,50.2883356,19.2317831
4158,163,ST,Sosnowiec Maczki,4.528,50.2605506,19.2705958
4159,164,ST,Chorzów Batory,0.010,50.2782875,18.9448053
4160,165,ST,Bytom Karb,0.938,50.3518908,18.8815828
4161,167,ST,Gliwice Łabędy,5.658,50.3399367,18.6225861
4162,168,ST,Gliwice,0.501,50.3012344,18.6768697
4163,168,ST,Gliwice Łabędy,5.785,50.3399367,18.6225861
4164,169,ST,Tychy,0.000,50.136925,18.964305
4165,169,PO,Wyry,4.524,50.1244439,18.9110631
4166,169,ST,Łaziska Średnie,7.711,50.1299611,18.8684092
4167,169,PO,Łaziska Kopanina,9.960,50.1309387,18.8416721
4168,169,PO,Orzesze Zawiść,12.880,50.1336574,18.7897265
4169,169,PO,Orzesze Miasto,14.668,50.1420806,18.7737614
4170,169,ST,Orzesze Jaśkowice,17.067,50.1448197,18.7409417
4171,171,ST,Dąbrowa Górnicza Wschodnia,12.290,50.3032972,19.3113561
4172,171,ST,Sosnowiec Dańdówka,24.549,50.2655267,19.1742197
4173,173,ST,Rybnik,0.000,50.0888608,18.5475883
4174,173,ST,Sumina,12.594,50.1366983,18.4024233
4175,174,ST,Kędzierzyn-Koźle,-0.196,50.3443725,18.2051786
4176,175,ST,Strzelce Opolskie,30.078,50.5166264,18.3065606
4177,175,PO,Rozmierka,35.802,50.5585631,18.2704957
4178,175,PO,Kadłub,40.728,50.6106558,18.2621577
4179,175,PO,Sporok,43.903,50.6393069,18.2851447
4180,175,PO,Staniszcze Wielkie,48.458,50.6482658,18.3483893
4181,175,ST,Fosowskie,51.726,50.6602522,18.35991
4182,175,PO,Myślina Lubliniecka,58.105,,
4183,175,PO,Zębowice,65.074,50.76211,18.3403
4184,175,PO,Szumirad,75.477,50.8419704,18.2449838
4185,175,PO,Lasowice Małe Oleskie,81.635,,
4186,175,ST,Kluczbork,89.006,50.9712542,18.2006819
4187,176,POGP,Racibórz Markowice,0.027,50.1134806,18.270345
4188,176,ST,Olza,19.635,49.9600164,18.3380217
4189,177,ST,Racibórz,0.000,50.0901103,18.2262053
4190,179,ST,Tychy,0.648,50.136925,18.964305
4191,179,PO,Tychy Zachodnie,2.348,50.121,18.9788683
4192,179,PO,Tychy Aleja Bielska,2.853,50.1171131,18.9825264
4193,179,PO,Tychy Grota Roweckiego,3.282,50.1140594,18.9861458
4194,179,ST,Mysłowice Kosztowy,25.800,50.1741189,19.1604322
4195,180,ST,Mysłowice Brzezinka,15.387,50.1976519,19.1543381
4196,181,ST,Herby Nowe,0.000,50.7482356,18.8539728
4197,181,PO,Kuleje,10.290,50.8287872,18.7925992
4198,181,ST,Panki,18.619,50.8967306,18.7483694
4199,181,ST,Krzepice,27.687,50.9695661,18.6965008
4200,181,PO,Jaworzno koło Wielunia,33.644,51.0138558,18.6534614
4201,181,ST,Janinów,39.511,51.0559725,18.6055
4202,181,PO,Dzietrzniki,46.691,51.1171672,18.6149039
4203,181,ST,Pątnów Wieluński,51.552,51.1592897,18.6334689
4204,181,PO,Wieluń,60.079,51.2235056,18.5825742
4205,181,ST,Wieluń Dąbrowa,63.032,51.2395206,18.5510406
4206,181,PO,Biała,72.258,50.3853609,17.6599107
4207,181,ST,Czastary,78.520,51.2581108,18.3209415
4208,181,PO,Pieczyska,86.737,51.922235,21.0196681
4209,181,PO,Wieruszów Miasto,90.855,51.2991156,18.1657692
4210,181,ST,Wieruszów,93.286,51.2951647,18.1510623
4211,181,PO,Świba,96.570,51.3009277,18.0838057
4212,181,ST,Kępno,102.606,51.2918311,18.0009139
4213,181,PO,Bralin,110.097,51.2855407,17.9020697
4214,181,PO,Perzów,116.560,51.2757438,17.8096264
4215,181,PO,Gęsia Górka,119.520,51.2274905,17.4289241
4216,181,PO,Stradomia,128.935,51.2662175,17.6415361
4217,181,PO,Poniatowice,137.558,51.2252069,17.5372939
4218,181,ST,Oleśnica,148.628,51.2004781,17.3873308
4219,182,ST,Tarnowskie Góry,0.000,50.4468294,18.8650375
4220,182,PO,Miasteczko Śląskie Centrum,6.811,50.4870686,18.9189217
4221,182,ST,Pyrzowice Lotnisko,18.293,50.4680061,19.0770875
4222,182,PO,Mierzęcice,22.007,50.4630414,19.128555
4223,182,ST,Siewierz,30.025,50.4793006,19.2372869
4224,182,MPO,Poręba,36.972,50.4839078,19.3321972
4225,182,PO,Zawiercie Kądzielów,42.572,50.4698659,19.412752
4226,182,ST,Zawiercie,44.949,50.4809444,19.4231181
4227,183,ST,Dąbrowa Górnicza Ząbkowice,0.000,50.3668464,19.2650044
4228,186,ST,Zawiercie,274.856,50.4809444,19.4231181
4229,186,ST,Łazy,280.654,50.4298867,19.3915517
4230,186,PO,Wiesiółka,284.490,50.4146553,19.3490919
4231,186,PO,Chruszczobród,286.713,50.4000008,19.3294558
4232,186,PO,Dąbrowa Górnicza Sikorka,289.447,50.3886403,19.2974028
4233,186,ST,Dąbrowa Górnicza Ząbkowice,291.721,50.3668464,19.2650044
4234,187,ST,Ruda Chebzie,7.500,50.3039756,18.8778192
4235,189,ST,Ruda Chebzie,0.000,50.3039756,18.8778192
4236,190,ST,Bielsko-Biała Główna,0.000,49.8297739,19.0453486
4237,190,PO,Bielsko-Biała Zachód,1.516,49.8382958,19.0394168
4238,190,PO,Bielsko-Biała Górne,3.366,49.8293177,19.0375327
4239,190,PO,Bielsko-Biała Aleksandrowice,5.336,49.8050359,19.0027903
4240,190,ST,Bielsko-Biała Wapienica,7.242,49.8275511,18.9683349
4241,190,ST,Jaworze Jasienica,10.771,49.8065014,18.9320386
4242,190,PO,Jasienica koło Bielska,12.470,,
4243,190,PO,Grodziec Śląski,14.774,49.8112575,18.8778889
4244,190,ST,Pogórze,18.653,49.7994134,18.8382573
4245,190,ST,Skoczów,22.186,49.7935931,18.7901464
4246,190,PO,Skoczów Bładnice,24.766,49.7720461,18.7791247
4247,190,ST,Goleszów,28.448,49.7468106,18.7491169
4248,190,PO,Goleszów Górny,30.085,49.7368003,18.7331328
4249,190,PO,Bażanowice,32.711,49.7344483,18.7021197
4250,190,PO,Cieszyn Uniwersytet,37.765,49.750745,18.6487619
4251,190,ST,Cieszyn,38.622,49.7510908,18.6370489
4252,191,ST,Goleszów,0.000,49.7468106,18.7491169
4253,191,ST,Ustroń,5.383,49.7280147,18.8029439
4254,191,PO,Ustroń Zdrój,6.783,49.7204156,18.8168881
4255,191,PO,Ustroń Brzegi,8.024,49.7099994,18.8211306
4256,191,MPO,Ustroń Polana,9.662,49.6966639,18.8301022
4257,191,PO,Wisła Jawornik,13.111,49.6700642,18.8476419
4258,191,ST,Wisła Uzdrowisko,14.610,49.6583881,18.8548947
4259,191,PO,Wisła Dziechcinka,16.200,49.6475231,18.8656942
4260,191,PO,Wisła Kopydło,17.922,49.6349064,18.8697869
4261,191,ST,Wisła Głębce,19.710,49.6218397,18.8751022
4262,199,ST,Rudziniec Gliwicki,49.056,50.3665061,18.4044847
4263,199,ST,Sławięcice,55.702,50.3514942,18.3144347
4264,199,ST,Kędzierzyn-Koźle,64.135,50.3443725,18.2051786
4265,200,ST,Gliwice,0.400,50.3012344,18.6768697
4266,201,ST,Nowa Wieś Wielka,0.000,52.9694364,18.0963853
4267,201,PO,Prądocin,4.338,52.6670184,15.2273188
4268,201,ST,Bydgoszcz Wschód,21.346,53.1279044,18.0860769
4269,201,PGLP,Bydgoszcz Leśna,24.178,53.1426289,18.0337172
4270,201,ST,Maksymilianowo,33.472,53.2147942,18.0298308
4271,201,PO,Stronno,41.658,53.2856867,18.0591425
4272,201,PO,Wudzyn,45.897,53.3224242,18.0756547
4273,201,ST,Serock,50.306,53.3610917,18.0896919
4274,201,PO,Lubania-Lipiny,53.450,53.3889942,18.0970778
4275,201,PO,Świekatowo,56.621,53.4170575,18.1051403
4276,201,PO,Lipienica,60.050,53.4466903,18.1124175
4277,201,ST,Wierzchucin,71.349,53.5479633,18.1128806
4278,201,PO,Zielonka Pomorska,74.650,53.5774131,18.1092319
4279,201,PO,Małe Gacno,78.290,53.6100922,18.1095597
4280,201,PO,Zarośle,84.369,53.6643903,18.1173881
4281,201,PO,Rosochatka,88.954,53.7053869,18.1146611
4282,201,ST,Lipowa Tucholska,94.370,53.7533889,18.1088881
4283,201,PO,Łąg Południowy,102.935,53.8279802,18.0811594
4284,201,PO,Szałamaje,105.557,53.8409105,18.0615178
4285,201,PO,Wojtal,111.194,53.893286,18.0341983
4286,201,ST,Bąk,116.699,53.9433333,18.0258333
4287,201,PO,Olpuch,124.540,54.0090148,18.028484
4288,201,PO,Olpuch Wdzydze,126.296,54.0272222,18.0180556
4289,201,PO,Podleś,131.875,52.0388889,22.7147222
4290,201,ST,Kościerzyna,137.322,54.1211531,17.9940269
4291,201,PO,Skorzewo,142.563,54.1649497,17.9809533
4292,201,ST,Gołubie Kaszubskie,149.367,54.2127033,18.0373072
4293,201,PO,Krzeszna,153.662,54.2356597,18.0891381
4294,201,PO,Wieżyca,156.200,54.23456,18.1274864
4295,201,PO,Sławki,160.906,54.2572364,18.1761919
4296,201,ST,Somonino,162.817,54.2700981,18.1929739
4297,201,PO,Kiełpino Kartuskie,166.340,54.2872183,18.2313467
4298,201,PO,Babi Dół,170.583,54.3011972,18.2875342
4299,201,PO,Borkowo,175.518,54.3333928,18.3334711
4300,201,PO,Żukowo,177.922,54.3443219,18.3617569
4301,201,ST,Żukowo Wschodnie,178.823,54.3485672,18.3733969
4302,201,PO,Pępowo Kartuskie,181.568,54.3668572,18.4016889
4303,201,PO,Rębiechowo,184.324,54.3883806,18.4211267
4304,201,ST,Gdańsk Osowa,188.600,54.4213936,18.45191
4305,201,PO,Gdynia Karwiny,195.583,54.4698886,18.5088006
4306,201,PO,Gdynia Stadion,201.745,54.4957156,18.53305
4307,201,ST,Gdynia Główna,204.702,54.5208617,18.5293044
4308,202,ST,Gdańsk Główny,0.000,54.3553942,18.6439281
4309,202,ST,Gdańsk Wrzeszcz,4.180,54.3820017,18.6050972
4310,202,PO,Gdańsk Oliwa,8.008,54.4094981,18.5719353
4311,202,ST,Sopot,11.661,54.4418144,18.5617683
4312,202,ST,Gdynia Orłowo,15.896,54.4779422,18.5475819
4313,202,ST,Gdynia Główna,20.992,54.5208617,18.5293044
4314,202,ST,Gdynia Chylonia,26.172,54.54616,18.4624442
4315,202,ST,Rumia,31.849,54.5690953,18.3866003
4316,202,ST,Reda,35.536,54.5950133,18.3532075
4317,202,PO,Reda Pieleszewo,38.204,54.6027481,18.3180667
4318,202,PODS,Wejherowo Śmiechowo,41.040,54.6019864,18.2743514
4319,202,PO,Wejherowo-Nanice,42.660,54.6035731,18.2496314
4320,202,ST,Wejherowo,43.995,54.6058203,18.2292289
4321,202,ST,Gościcino Wejherowskie,48.608,54.6054475,18.161305
4322,202,ST,Luzino,54.566,54.5672303,18.1036106
4323,202,ST,Strzebielino Morskie,59.411,54.5627919,18.0297814
4324,202,ST,Bożepole Wielkie,63.653,54.5692544,17.96556
4325,202,ST,Godętowo,70.508,54.5820128,17.8648961
4326,202,PO,Lębork Mosty,76.440,54.5501508,17.7928783
4327,202,ST,Lębork,79.745,54.5336953,17.7505833
4328,202,PO,Leśnice,85.650,54.5140489,17.669015
4329,202,ST,Pogorzelice,87.632,54.5038519,17.6409781
4330,202,PO,Runowo,94.242,54.1535863,20.4377173
4331,202,ST,Potęgowo,98.293,54.4850603,17.4871367
4332,202,PO,Głuszyno Pomorskie,103.000,54.4899039,17.41774
4333,202,PO,Strzyżyno Słupskie,105.990,54.4911903,17.3717783
4334,202,PO,Łebień,108.006,54.6442425,17.7177516
4335,202,ST,Damnica,112.387,54.4978989,17.2707417
4336,202,ST,Jezierzyce Słupskie,122.236,54.5042011,17.1231414
4337,202,PO,Siemianice,126.209,54.5020348,17.0607701
4338,202,ST,Słupsk,131.173,54.4672944,17.0165414
4339,202,MPO,Reblino,139.582,54.4303644,16.9169378
4340,202,PO,Sycewice,144.370,54.4145694,16.8495947
4341,202,MPO,Wrześnica,149.208,54.4028794,16.7780033
4342,202,ST,Sławno,158.230,54.3557897,16.6712097
4343,202,ST,Karwice,167.217,54.3450325,16.5357592
4344,202,MPO,Wiekowo,178.311,54.3033106,16.3869464
4345,202,ST,Skibno,186.607,54.2492272,16.3043411
4346,202,PO,Koszalin Wschodni,195.585,54.2122031,16.1848453
4347,202,PO,Koszalin Politechnika,196.765,54.2041056,16.1739308
4348,202,ST,Koszalin,198.301,54.1907156,16.1697225
4349,202,PO,Niekłonice,202.868,54.15927,16.14619
4350,202,PO,Dunowo,207.810,54.1224083,16.0926369
4351,202,ST,Nosówko,212.009,54.0932689,16.0531617
4352,202,PO,Kościernica,217.231,54.0536833,16.0103644
4353,202,ST,Białogard,222.634,54.0097964,15.9776486
4354,202,MPO,Czarnowęsy Pomorskie,230.522,53.9395756,15.9816208
4355,202,ST,Rąbino,239.058,53.8697747,15.9529464
4356,202,PO,Nielep,246.160,53.8296403,15.8707856
4357,202,ST,Świdwin,255.108,53.7811531,15.7727336
4358,202,PO,Świdwin Zamek,256.395,53.7704989,15.7652578
4359,202,PO,Klępnica,266.003,53.7167536,15.6538308
4360,202,ST,Worowo,269.671,53.6888861,15.6349686
4361,202,ST,Łobez,276.708,53.63661,15.6277783
4362,202,PO,Lesięcin,284.313,53.5856281,15.5701092
4363,202,ST,Runowo Pomorskie,288.718,53.5559053,15.5294361
4364,202,PO,Cieszyno Łobeskie,294.421,53.5207361,15.4693008
4365,202,ST,Chociwel,305.886,53.4706869,15.3358794
4366,202,PO,Lisowo,310.935,53.4312517,15.2975392
4367,202,ST,Trąbki,316.654,53.3954325,15.2381961
4368,202,PO,Gogolewo,321.476,53.3724892,15.1771167
4369,202,ST,Ulikowo,326.251,53.3486069,15.11762
4370,202,ST,Stargard,333.678,53.3395728,15.0311472
4371,203,ST,Tczew,0.000,54.0974403,18.7901806
4372,203,PO,Rokitki Tczewskie,5.423,54.0815131,18.7381264
4373,203,ST,Swarożyn,12.796,54.0377214,18.6556908
4374,203,PO,Szpęgawsk,17.456,54.0066914,18.6093383
4375,203,ST,Starogard Gdański,23.972,53.9770539,18.5256256
4376,203,PO,Piesienice,32.701,53.96506,18.3963383
4377,203,PO,Pinczyn,35.956,53.9619139,18.3475125
4378,203,POGP,Zblewo,39.413,53.9429672,18.3058028
4379,203,PO,Bytonia,42.270,53.9318228,18.2673744
4380,203,ST,Kaliska,46.926,53.9033289,18.2162889
4381,203,PO,Kamienna Karczma,51.496,53.8772906,18.1629139
4382,203,ST,Czarna Woda,56.106,53.8512,18.1085403
4383,203,PO,Łąg,59.878,53.8310692,18.0628833
4384,203,ST,Czersk,66.983,53.8005911,17.9701208
4385,203,PO,Gutowiec,74.693,53.7773569,17.8600294
4386,203,PO,Rytel Wieś,80.768,53.7604169,17.7723856
4387,203,ST,Rytel,84.126,53.7483633,17.7257794
4388,203,PO,Krojanty,89.226,53.7300014,17.6554106
4389,203,ST,Chojnice,96.227,53.6878142,17.5762269
4390,203,PO,Moszczenica Pomorska,104.196,53.6419531,17.488065
4391,203,ST,Wierzchowo Człuchowskie,107.983,53.6179644,17.4474642
4392,203,PO,Bukowo Człuchowskie,115.082,53.5729653,17.3714658
4393,203,ST,Lipka Krajeńska,126.413,53.4972644,17.2573106
4394,203,ST,Złotów,147.136,53.3589872,17.0529342
4395,203,ST,Krajenka,156.031,53.2888358,16.9912053
4396,203,PO,Dolnik,161.457,53.2562247,16.9308806
4397,203,PO,Skórka,167.299,53.2185403,16.8699789
4398,203,PO,Piła Podlasie,176.040,53.1634311,16.7775639
4399,203,ST,Piła Główna,179.542,53.1428142,16.7439853
4400,203,PO,Stobno,188.412,53.1087731,16.6249808
4401,203,PO,Biała Pilska,197.390,53.0613481,16.5171667
4402,203,ST,Trzcianka,202.073,53.0336131,16.4659892
4403,203,PO,Siedlisko Czarnkowskie,209.269,52.9835244,16.39828
4404,203,ST,Biernatowo,214.024,52.9570844,16.3427028
4405,203,ST,Wieleń,226.431,52.9074092,16.1799719
4406,203,ST,Krzyż,237.939,52.8774406,16.0186214
4407,203,PO,Stare Bielice,245.062,52.8534631,15.9216672
4408,203,ST,Nowe Drezdenko,251.027,52.8538353,15.83371
4409,203,ST,Stare Kurowo,261.533,52.854575,15.6786631
4410,203,ST,Zwierzyn,268.223,52.8367333,15.5843314
4411,203,PO,Sarbiewo,271.085,52.8191458,15.5453906
4412,203,ST,Górki Noteckie,276.333,52.7932706,15.4883478
4413,203,PGLP,Santok,283.884,52.7434078,15.4157194
4414,203,PO,Czechów,291.137,50.58285,20.57645
4415,203,PO,Gorzów Wielkopolski Wschodni,295.640,52.7317944,15.2492222
4416,203,ST,Gorzów Wielkopolski,297.071,52.7272817,15.2293314
4417,203,PO,Gorzów Wielkopolski Wieprzyce,300.492,52.7182578,15.1817664
4418,203,PO,Łupowo,304.911,52.7008844,15.1234242
4419,203,ST,Bogdaniec,308.214,52.689135,15.078525
4420,203,ST,Nowiny Wielkie,313.775,52.6726814,15.0028847
4421,203,ST,Witnica,321.017,52.6674006,14.8961967
4422,203,PO,Kamień Mały,329.725,52.6414464,14.7796089
4423,203,PO,Dąbroszyn,334.971,52.6187878,14.7121244
4424,203,ST,Kostrzyn,340.562,52.5913225,14.6470008
4425,204,ST,Malbork,0.171,54.0358731,19.0430492
4426,204,PO,Królewo Malborskie,4.948,54.0372228,19.1172872
4427,204,ST,Stare Pole,10.995,54.0532783,19.2052694
4428,204,PO,Fiszewo,14.295,54.0675578,19.2489028
4429,204,ST,Gronowo Elbląskie,18.702,54.0896117,19.3051625
4430,204,ST,Elbląg,28.954,54.1508222,19.41632
4431,204,PO,Komorowo Żuławskie,37.191,54.1047731,19.5100044
4432,204,ST,Bogaczewo,41.436,54.1001072,19.57313
4433,204,PO,Stegny,49.694,54.1092953,19.680037
4434,204,PO,Słobity,53.805,54.1427467,19.7823778
4435,204,PO,Bemowizna,78.964,54.3372761,19.8513553
4436,204,ST,Braniewo,83.712,54.3812489,19.8420603
4437,206,ST,Inowrocław Rąbinek,0.701,52.7700856,18.2402356
4438,206,PO,Kościelec Kujawski,5.865,52.797669,18.1729917
4439,206,ST,Pakość,11.766,52.8073319,18.0899612
4440,206,PO,Bielawy,16.901,52.0750602,19.6568518
4441,206,PO,Wapienno Przystanek,19.525,,
4442,206,PO,Jadowniki,30.176,50.957573,21.0709793
4443,206,ST,Żnin,37.758,52.8469452,17.72395
4444,207,ST,Toruń Wschodni,0.000,53.0262042,18.6329542
4445,207,PO,Toruń Katarzynka,4.288,53.0555747,18.6180744
4446,207,MPO,Łysomice,7.530,53.0846153,18.6199492
4447,207,ST,Ostaszewo Toruńskie,10.467,53.1103603,18.62735
4448,207,PO,Grzywna,15.556,53.1550461,18.6170922
4449,207,ST,Chełmża,19.172,53.1849075,18.5984122
4450,207,PO,Wrocławki,26.955,53.2409478,18.6101367
4451,207,PO,Firlus,30.365,53.2692747,18.6293356
4452,207,ST,Kornatowo,33.732,53.2969625,18.6476714
4453,207,PO,Gorzuchowo Chełmińskie,40.480,53.3502117,18.6931283
4454,207,PO,Wałdowo Szlacheckie,45.325,53.3872625,18.7227681
4455,207,ST,Grudziądz Mniszek,50.837,53.4329672,18.7253853
4456,207,PO,Grudziądz Rządz,52.905,53.4507594,18.7332419
4457,207,PO,Grudziądz Przedmieście,55.837,53.4749314,18.7489797
4458,207,ST,Grudziądz,57.367,53.4821472,18.7607822
4459,207,PO,Grudziądz Tuszewo,60.855,53.4863519,18.8120225
4460,207,ST,Grudziądz Owczarki,63.847,53.5027919,18.8468458
4461,207,PO,Rogóźno Pomorskie,70.504,53.5427167,18.9100739
4462,207,ST,Gardeja,77.354,53.5917031,18.9328878
4463,207,PO,Dziwno,81.279,53.6189394,18.9014592
4464,207,ST,Sadlinki,87.387,53.6673336,18.8806297
4465,207,ST,Kwidzyn,95.796,53.7313289,18.9337469
4466,207,PO,Brachlewo,104.289,53.8023069,18.9612328
4467,207,ST,Ryjewo,109.005,53.8434172,18.9568908
4468,207,PO,Sztumska Wieś,116.092,53.8951278,19.0015983
4469,207,ST,Sztum,119.947,53.9254614,19.0210786
4470,207,PO,Gościszewo,125.663,53.9752956,19.0183139
4471,207,ST,Malbork,133.464,54.0358731,19.0430492
4472,208,ST,Działdowo,0.000,53.2375267,20.1678375
4473,208,PO,Pierławki,4.515,53.2446519,20.1315829
4474,208,PO,Prioma,7.832,53.2462357,20.061848
4475,208,PO,Płośnica,11.150,53.2745748,20.0102175
4476,208,ST,Lidzbark,22.956,53.2628043,19.8231836
4477,208,PO,Lidzbark Miasto,24.408,,
4478,208,PO,Klonowo koło Lidzbarka,30.175,,
4479,208,PO,Gutowo Pomorskie,35.258,53.0976711,18.377993
4480,208,ST,Radoszki,40.104,50.7333611,21.6734376
4481,208,ST,Tama Brodzka,50.878,53.2794444,19.4652778
4482,208,ST,Brodnica,55.256,53.2635547,19.4053981
4483,208,PO,Najmowo,63.049,53.3072506,19.3209983
4484,208,PO,Konojady,71.089,53.3499217,19.2268089
4485,208,ST,Jabłonowo Pomorskie,78.560,53.39323,19.1620225
4486,208,PO,Bursztynowo,85.904,53.4015186,19.0693303
4487,208,PO,Linowo,88.525,53.4110692,19.0333881
4488,208,PO,Boguszewo,90.990,53.4218994,19.0010056
4489,208,ST,Mełno,94.931,53.4368475,18.9473011
4490,208,PO,Nicwałd,100.108,53.4597642,18.8802947
4491,208,ST,Grudziądz,108.845,53.4821472,18.7607822
4492,208,PO,Grudziądz Śródmieście,109.740,53.4823817,18.7473906
4493,208,PO,Dragacz,112.366,53.4913353,18.7107239
4494,208,PO,Dolna Grupa,114.733,53.4987425,18.6774353
4495,208,ST,Grupa,117.951,53.5039228,18.6298164
4496,208,PO,Dubielno,122.848,53.5087397,18.5567186
4497,208,PO,Jeżewo,127.383,53.5073478,18.4887581
4498,208,ST,Laskowice Pomorskie,130.363,53.4910394,18.4559589
4499,208,PO,Leosia,136.509,53.4860496,18.3879731
4500,208,PO,Drzycim,142.755,53.5136442,18.3167474
4501,208,PO,Jastrzębie Pomorskie,145.788,53.5198253,18.266994
4502,208,ST,Wierzchucin,156.743,53.5479633,18.1128806
4503,208,PO,Wierzchucin Stary,159.227,53.5570414,18.0912167
4504,208,PO,Cekcyn,163.980,53.5763556,18.0276494
4505,208,PO,Tuchola Rudzki Most,173.515,53.5765258,17.8917547
4506,208,ST,Tuchola,175.873,53.5841878,17.8591931
4507,208,PO,Żalno,183.220,53.5980406,17.7590953
4508,208,PO,Piastoszyn,186.647,53.6218853,17.7288636
4509,208,ST,Silno,190.324,53.6440964,17.6933706
4510,208,PO,Racławki,194.077,53.6678639,17.6543169
4511,208,ST,Chojnice,200.292,53.6878142,17.5762269
4512,209,ST,Kowalewo Pomorskie,49.765,53.1643092,18.8698311
4513,209,PO,Mlewiec,55.001,53.1584366,18.808762
4514,209,ST,Chełmża,70.075,53.1849075,18.5984122
4515,209,PO,Głuchowo,74.298,53.2020556,18.5436403
4516,209,PO,Nawra,78.274,53.2032178,18.4844814
4517,209,PO,Grzybno,80.850,53.2036033,18.4460664
4518,209,ST,Unisław Pomorski,85.110,53.2065525,18.3842233
4519,209,PO,Gzin,88.965,53.1920544,18.3318614
4520,209,PO,Dąbrowa Chełmińska Centrum,91.775,53.1812778,18.2939139
4521,209,PO,Bydgoszcz Stary Fordon,103.450,53.1462967,18.1569015
4522,209,PO,Bydgoszcz Politechnika,105.586,53.1406703,18.1367611
4523,209,PO,Bydgoszcz Brdyujście,107.419,53.1337444,18.1118953
4524,209,ST,Bydgoszcz Wschód,109.120,53.1279044,18.0860769
4525,210,ST,Chojnice,0.000,53.6878142,17.5762269
4526,210,PO,Brzeźno Człuchowskie,7.125,53.6709806,17.4828947
4527,210,ST,Człuchów,14.746,53.6576831,17.3710994
4528,210,PO,Biskupnica,25.930,53.6550967,17.2115972
4529,210,ST,Bińcze,31.490,53.6601467,17.1283208
4530,210,PO,Domisław,38.507,53.6680589,17.0325069
4531,210,ST,Czarne,45.199,53.6800394,16.9380083
4532,210,PO,Żółtnica,53.692,53.6952586,16.8122061
4533,210,PO,Czarnobór,56.737,53.6998111,16.7668103
4534,210,ST,Szczecinek,61.184,53.6935083,16.7049019
4535,210,PO,Jelenino,67.781,53.6593433,16.6252125
4536,210,PO,Silnowo,77.755,53.6348883,16.4916242
4537,210,ST,Łubowo,86.924,53.5838717,16.389595
4538,210,PO,Czarne Małe,92.502,53.5573844,16.3188053
4539,210,ST,Czaplinek,98.233,53.5375308,16.2390094
4540,210,PO,Żelisławie Pomorskie,105.017,53.5241178,16.1498642
4541,210,PO,Bobrowo Pomorskie,109.829,53.5283236,16.0778008
4542,210,ST,Złocieniec,113.787,53.5279664,16.0185353
4543,210,PO,Rzęśnica,118.335,53.5244392,15.9512939
4544,210,PO,Suliszewo Drawskie,122.290,53.5171839,15.8929481
4545,210,ST,Jankowo Pomorskie,130.447,53.5166581,15.7740628
4546,210,PO,Wiewiecko,139.056,53.5263364,15.6503914
4547,210,PO,Węgorzyno,145.507,53.5434692,15.5606844
4548,210,ST,Runowo Pomorskie,149.365,53.5559053,15.5294361
4549,211,ST,Chojnice,0.673,53.6878142,17.5762269
4550,211,PO,Powałki,7.707,53.7436508,17.5996892
4551,211,PO,Męcikał,19.728,53.8323672,17.6712222
4552,211,PO,Żabno koło Chojnic,23.176,53.8545133,17.7072561
4553,211,ST,Brusy,26.598,53.8824783,17.7279875
4554,211,PO,Lubnia,32.634,53.9358064,17.7424964
4555,211,PO,Raduń,37.248,53.9695697,17.7785706
4556,211,PO,Dziemiany Kaszubskie,41.918,54.0103589,17.7743325
4557,211,PO,Kalisz Kaszubski,45.960,54.0451383,17.786075
4558,211,PO,Lipuska Huta,49.151,54.0699044,17.7673803
4559,211,ST,Lipusz,52.612,54.0968103,17.7803692
4560,211,PO,Łubiana,59.520,54.1148706,17.8674269
4561,211,PO,Garczyn,62.597,54.1237278,17.9109794
4562,211,PO,Kościerzyna,67.263,54.1211531,17.9940269
4563,211,ST,Kościerzyna,69.322,54.1211531,17.9940269
4564,212,ST,Lipusz,0.000,54.0968103,17.7803692
4565,212,PO,Dąbrówka Bytowska,29.840,,
4566,212,PO,Gumieniec,57.940,54.25881,17.04456
4567,212,PO,Barcino,63.390,54.2768134,16.9610839
4568,212,PO,Korzybie,72.185,54.2964442,16.8737911
4569,213,ST,Reda,0.000,54.5950133,18.3532075
4570,213,PO,Reda Rekowo,4.758,54.6316964,18.3632917
4571,213,ST,Mrzezino,8.853,54.6526467,18.4129
4572,213,PO,Żelistrzewo,11.289,54.6741025,18.4160439
4573,213,ST,Puck,15.986,54.7157106,18.4083439
4574,213,PO,Swarzewo,20.997,54.7525603,18.3823706
4575,213,ST,Władysławowo,26.718,54.7937769,18.4017406
4576,213,PO,Władysławowo Port,28.232,54.7935281,18.4178353
4577,213,PO,Chałupy,34.810,54.7614431,18.502985
4578,213,ST,Kuźnica (Hel),40.391,54.7361094,18.5775339
4579,213,PO,Jastarnia Wczasy,46.375,54.7078839,18.6555594
4580,213,ST,Jastarnia,48.024,54.7012044,18.6775319
4581,213,PO,Jurata,50.917,54.6853767,18.7127169
4582,213,ST,Hel,61.669,54.6110675,18.8009397
4583,214,ST,Somonino,0.000,54.2700981,18.1929739
4584,214,PO,Somonino Bernardyno,2.068,54.2871217,18.2019297
4585,214,ST,Kartuzy,7.660,54.3349106,18.2066486
4586,215,ST,Laskowice Pomorskie,0.000,53.4910394,18.4559589
4587,215,PO,Dąbrowy,3.679,53.5173922,18.4895781
4588,215,PO,Czersk Świecki,7.899,53.5513444,18.4678578
4589,215,PO,Kwiatki,12.248,53.5782944,18.4216131
4590,215,ST,Osie,17.749,53.5935894,18.3477058
4591,215,PO,Tleń,23.764,53.6142889,18.2667381
4592,215,PO,Łążek,28.430,53.6404625,18.2153944
4593,215,PO,Laski Tucholskie,31.388,53.6662911,18.2079794
4594,215,PO,Śliwiczki,33.944,53.6871889,18.1929461
4595,215,PO,Lipowa Wschodnia,40.607,53.5785232,21.0079448
4596,215,ST,Szlachta,44.054,53.7629797,18.1190939
4597,215,PO,Będźmierowice,49.932,53.7879611,18.0426414
4598,215,ST,Czersk,55.197,53.8005911,17.9701208
4599,215,PO,Karsin,69.201,53.7239632,16.2635101
4600,215,ST,Bąk,77.763,53.9433333,18.0258333
4601,216,ST,Działdowo,0.000,53.2375267,20.1678375
4602,216,PO,Zakrzów-Sarnowo,11.201,53.2827667,20.2841169
4603,216,MPO,Kozłowo,14.726,53.3087853,20.3111278
4604,216,ST,Nidzica,24.385,53.3571283,20.4140042
4605,216,PO,Wietrzychowo,31.355,53.4184728,20.4005344
4606,216,PO,Dobrzyń,33.340,53.4342464,20.3866131
4607,216,PO,Bujaki,38.820,53.4793928,20.3760328
4608,216,MPO,Waplewo,42.895,53.5111739,20.3557819
4609,216,ST,Olsztynek,52.968,53.5850764,20.2952361
4610,216,PO,Gryźliny,57.960,53.6130728,20.3466794
4611,216,PO,Stawiguda,64.024,53.6507586,20.4076511
4612,216,MPO,Gągławki,68.688,53.6797228,20.4371631
4613,216,PO,Bartąg,72.489,53.7129542,20.4471747
4614,216,PO,Olsztyn Dajtki,78.710,53.7656994,20.4382803
4615,216,PO,Olsztyn Zachodni,81.117,53.7780894,20.4671197
4616,216,PO,Olsztyn Śródmieście,82.225,53.7826764,20.4822978
4617,216,ST,Olsztyn Główny,83.283,53.7857228,20.4975628
4618,217,PO,Bemowizna,49.930,54.3372761,19.8513553
4619,217,ST,Braniewo,54.778,54.3812489,19.8420603
4620,218,ST,Prabuty,32.015,53.7589406,19.20957
4621,218,PO,Gonty,36.834,53.7844675,19.1778814
4622,218,PO,Licze,42.398,53.73451,19.07355
4623,218,PO,Rakowiec Pomorski,46.274,,
4624,218,ST,Kwidzyn,52.989,53.7313289,18.9337469
4625,219,ST,Olsztyn Główny,0.000,53.7857228,20.4975628
4626,219,PO,Klewki,8.200,53.7362383,20.5682144
4627,219,ST,Marcinkowo,16.691,53.6956589,20.6708331
4628,219,ST,Pasym,26.691,53.6318589,20.7655747
4629,219,PO,Grom,34.190,53.6062883,20.8620114
4630,219,ST,Szczytno,44.946,53.5600636,20.9975872
4631,219,PO,Olszyny,52.293,53.5538578,21.1073253
4632,219,PO,Jeruty,55.409,53.5526894,21.1540892
4633,219,PO,Świętajno,60.511,53.5627319,21.2288886
4634,219,PO,Kolonia,63.454,53.5672561,21.2715853
4635,219,ST,Spychowo,69.687,53.5909367,21.3543506
4636,219,PO,Ruciane-Nida Zachód,82.436,53.6422578,21.5226397
4637,219,PO,Ruciane-Nida,85.785,53.6491508,21.5629978
4638,219,PO,Szeroki Bór,95.512,53.6397325,21.6993622
4639,219,ST,Pisz,101.997,53.6318742,21.7946219
4640,219,PO,Pisz Wschodni,104.533,53.6273781,21.82991
4641,219,PO,Stare Guty,110.975,53.6141206,21.9242528
4642,219,PO,Kaliszki,116.657,53.6204461,22.00624
4643,219,PO,Biała Piska,120.811,53.6149217,22.0654533
4644,219,MPO,Drygały,130.068,53.6799506,22.1050192
4645,219,PO,Pogorzel Wielka,134.532,53.7072622,22.1499439
4646,219,PO,Bajtkowo,142.379,53.7372711,22.2394614
4647,219,PO,Nowa Wieś Ełcka,150.070,53.7716944,22.3231567
4648,219,PO,Ełk Szyba Zachód,154.802,53.801995,22.3699967
4649,219,ST,Ełk,156.949,53.825025,22.3626175
4650,220,ST,Olsztyn Główny,0.000,53.7857228,20.4975628
4651,220,PO,Olsztyn Śródmieście,1.045,53.7826764,20.4822978
4652,220,PO,Olsztyn Zachodni,2.166,53.7780894,20.4671197
4653,220,PO,Olsztyn Jezioro Ukiel,3.676,53.7837206,20.4497142
4654,220,MPO,Olsztyn Likusy,4.343,53.7890781,20.4452156
4655,220,PO,Olsztyn Redykajny,5.426,53.7965078,20.4352794
4656,220,ST,Olsztyn Gutkowo,8.049,53.8088444,20.4024528
4657,220,PO,Jonkowo,15.278,53.8158006,20.2962031
4658,220,PO,Godki,18.371,53.8176192,20.2503258
4659,220,PO,Wołowno,22.157,53.8172419,20.1982633
4660,220,ST,Gamerki Wielkie,27.486,53.8452383,20.1374669
4661,220,PO,Kozia Góra,31.709,53.8530886,20.0809317
4662,220,MPO,Żabi Róg,37.151,53.8761186,20.0181542
4663,220,PO,Morąg Kolonia,43.376,53.9098086,19.9459519
4664,220,ST,Morąg,45.302,53.9191019,19.9223931
4665,220,PO,Dobrocin,51.640,53.9099969,19.8291597
4666,220,ST,Małdyty,58.187,53.9210158,19.7361375
4667,220,PO,Zielonka Pasłęcka,65.393,53.9809361,19.7010014
4668,220,PO,Nowa Wieś Cierpkie,72.793,54.0245094,19.6563958
4669,220,ST,Pasłęk,76.456,54.0570458,19.6560025
4670,220,ST,Bogaczewo,85.081,54.1001072,19.57313
4671,221,ST,Olsztyn Gutkowo,0.000,53.8088444,20.4024528
4672,221,PO,Bukwałd,9.104,53.8677619,20.3788672
4673,221,PO,Cerkiewnik,14.297,53.9096464,20.3966544
4674,221,PO,Swobodna,17.214,53.9354533,20.3926667
4675,221,ST,Dobre Miasto,22.966,53.9841489,20.3843831
4676,221,PO,Bzowiec,29.465,54.019665,20.3161767
4677,221,PO,Rogiedle,32.393,54.0382014,20.2823117
4678,221,PO,Lubomino,37.297,54.0665036,20.2326511
4679,221,ST,Orneta,45.124,54.1154761,20.1502742
4680,221,PO,Nowy Dwór koło Ornety,48.634,54.1460472,20.1424956
4681,221,PO,Henrykowo,51.858,54.17401,20.1445458
4682,221,PBSP,Pieniężno,60.388,54.2407681,20.1252181
4683,221,PO,Żugienie,64.655,54.2593847,20.0879317
4684,221,PO,Wysoka Braniewska,69.664,54.2791289,20.0213317
4685,221,PO,Jarzębiec,74.150,54.3123944,19.9934906
4686,221,PO,Grodzie,78.420,54.3452047,19.9617328
4687,221,ST,Braniewo,87.505,54.3812489,19.8420603
4688,223,ST,Czerwonka,0.212,53.9145908,20.8941303
4689,223,PO,Parleza Wielka,11.121,53.846723,20.9996967
4690,223,PO,Dąbrówka Kobułcka,16.289,53.8406727,21.0686669
4691,223,PO,Sorkwity,22.903,53.8446645,21.1434709
4692,223,PO,Bagienice,28.942,53.8475663,21.2284443
4693,223,ST,Mrągowo,34.078,53.8685741,21.3051587
4694,223,PO,Kosewo,41.420,53.82858,21.38942
4695,223,PO,Baranowo,46.171,53.8274007,21.448424
4696,223,PO,Zełwągi,51.206,53.8029231,21.4970708
4697,223,ST,Mikołajki,56.731,53.7981816,21.5772462
4698,223,PO,Woźnice,61.916,53.8506306,21.6328317
4699,223,PO,Olszewo,65.513,52.8160774,22.8891446
4700,223,PO,Dąbrówka Górkło,70.049,,
4701,223,PO,Tuchlin,75.433,53.8050778,21.7780852
4702,223,PO,Okartowo,80.565,53.8047541,21.8617656
4703,223,PO,Odoje,94.338,53.8538793,22.0010342
4704,223,PO,Rogale,106.180,54.2811805,22.1265694
4705,223,PO,Bartosze,113.954,53.8236738,22.2683168
4706,223,PO,Ełk Zachód,118.586,53.8416332,22.3414002
4707,223,ST,Ełk,121.270,53.825025,22.3626175
4708,225,ST,Nidzica,0.669,53.3571283,20.4140042
4709,225,PO,Napiwoda,7.571,53.4070488,20.484961
4710,225,PO,Muszaki,17.701,53.37823,20.60846
4711,225,PO,Puchałowo,26.463,53.36519,20.73648
4712,225,PO,Przeździęk Wielki,33.823,53.3662091,20.8235794
4713,225,ST,Wielbark,42.182,53.3986978,20.9527603
4714,226,ST,Pruszcz Gdański,0.000,54.2585622,18.6469189
4715,227,ST,Gdańsk Główny,0.672,54.3553942,18.6439281
4716,228,ST,Rumia,0.000,54.5690953,18.3866003
4717,229,ST,Pruszcz Gdański,0.000,54.2585622,18.6469189
4718,229,PO,Juszkowo,4.536,54.2562871,18.603323
4719,229,ST,Stara Piła,24.773,54.3265197,18.4128764
4720,229,PO,Otomino,27.497,54.3305869,18.3766967
4721,229,PO,Żukowo Zachodnie,29.699,54.332505,18.3476708
4722,229,MPO,Dzierżążno,36.367,54.3150286,18.2660975
4723,229,ST,Kartuzy,41.474,54.3349106,18.2066486
4724,229,PO,Prokowo,47.856,54.3581453,18.1681923
4725,229,PO,Reskowo,54.858,54.3372509,18.0616569
4726,229,PO,Mojusz,60.600,54.3443883,17.9661961
4727,229,PO,Niepoczołowice,76.560,54.436948,17.8880278
4728,229,PO,Kętrzyno,85.116,54.48875,17.94115
4729,229,PO,Nawcz,86.333,54.5047944,17.9410559
4730,229,PO,Rozłazino,88.878,54.5244964,17.9117922
4731,229,ST,Lębork,101.266,54.5336953,17.7505833
4732,229,PO,Lębork Nowy Świat,103.832,54.5451117,17.7346881
4733,229,PO,Nowa Wieś Lęborska,105.525,54.5581914,17.7216889
4734,229,PO,Garczegorze,109.427,54.58941,17.7030992
4735,229,PO,Lędziechowo,116.968,54.6450083,17.6818594
4736,229,ST,Wrzeście,120.915,54.6775531,17.6680253
4737,229,PO,Steknica,128.390,54.7148194,17.5826144
4738,229,ST,Łeba,133.644,54.7566867,17.5526997
4739,230,ST,Wejherowo,0.000,54.6058203,18.2292289
4740,230,PO,Orle,4.779,53.6372407,15.4045932
4741,230,PO,Góra Pomorska,7.390,53.9228813,16.7947801
4742,230,PO,Zamostne,9.939,54.6494777,18.1024871
4743,230,PO,Rybno Kaszubskie,12.317,54.6050864,18.2515015
4744,230,PO,Słuszewo,14.499,54.66003,18.06423
4745,230,PO,Lisewo Kaszubskie,20.378,,
4746,230,PO,Strzebielinko Lęborskie,25.050,,
4747,230,PO,Toliszczek,27.015,54.7465786,18.0130096
4748,230,PO,Prusewo,29.529,54.77431,17.99097
4749,230,PO,Lublewo,32.417,54.76071,17.94518
4750,230,PO,Osieki Lęborskie,34.765,54.7716299,17.8936049
4751,230,PO,Zwartowo,46.405,53.9841451,15.7970657
4752,230,PO,Gościęcino,49.795,54.6709934,17.8217907
4753,230,PO,Tawęcino,52.369,54.65531,17.79365
4754,230,PO,Rekowo Lęborskie,55.107,54.63042,17.78953
4755,230,PO,Obliwice,59.762,54.6149555,17.7445802
4756,230,PO,Garczegorze,63.436,54.58941,17.7030992
4757,231,ST,Inowrocław Rąbinek,0.000,52.7700856,18.2402356
4758,231,PO,Rożniaty,8.267,52.7073703,18.2925436
4759,231,ST,Kruszwica,11.924,52.6743797,18.3254766
4760,234,ST,Gdańsk Kokoszki,11.518,54.3623219,18.4923686
4761,234,PO,Leźno,14.503,54.3478667,18.4594189
4762,234,ST,Stara Piła,19.340,54.3265197,18.4128764
4763,235,ST,Gdańsk Osowa,9.203,54.4213936,18.45191
4764,236,ST,Wągrowiec,77.565,52.80954,17.2020147
4765,236,PO,Wiatrowiec,82.943,54.2398729,20.9559809
4766,236,PO,Runowo koło Wągrowca,87.964,,
4767,236,ST,Rogoźno Wielkopolskie,96.239,52.7544494,16.9717764
4768,237,ST,Lębork,0.405,54.5336953,17.7505833
4769,237,PO,Osowo Lęborskie,8.376,54.4694708,17.7842701
4770,238,ST,Smętowo,75.595,53.7480889,18.6860544
4771,240,ST,Terespol Pomorski,6.785,53.4097,18.3520661
4772,241,ST,Tuchola,0.000,53.5841878,17.8591931
4773,241,PO,Przyrowa,12.097,52.748324,20.4828833
4774,241,PO,Buszkowo,36.097,53.34592,17.86158
4775,243,ST,Starogard Gdański,23.987,53.9770539,18.5256256
4776,244,ST,Morzeszczyn,0.000,53.8372394,18.6864717
4777,244,PO,Brody Pomorskie,5.848,53.86343,18.75826
4778,244,PO,Brodzkie Młyny,9.140,53.838436,18.7783432
4779,244,ST,Gniew,11.239,53.8342221,18.8251596
4780,245,ST,Aleksandrów Kujawski,0.064,52.8758222,18.6965253
4781,245,PO,Odolion,3.776,52.8698978,18.7474075
4782,245,ST,Ciechocinek,6.832,52.8813717,18.7885625
4783,246,ST,Toruń Wschodni,0.000,53.0262042,18.6329542
4784,248,ST,Gdańsk Wrzeszcz,0.000,54.3820017,18.6050972
4785,248,PO,Gdańsk Strzyża,2.193,54.3915269,18.5783472
4786,248,PO,Gdańsk Niedźwiednik,3.830,54.3776814,18.5718153
4787,248,PO,Gdańsk Brętowo,5.282,54.3653881,18.5736644
4788,248,PO,Gdańsk Jasień,7.374,54.3538364,18.5506781
4789,248,PO,Gdańsk Kiełpinek,8.861,54.3553064,18.5288772
4790,248,PO,Gdańsk Matarnia,11.666,54.3733711,18.5065383
4791,248,POGP,Gdańsk Firoga,13.101,54.3782822,18.4874256
4792,248,PO,Gdańsk Port Lotniczy,14.572,54.3826694,18.4668339
4793,248,PO,Gdańsk Rębiechowo,15.988,54.3873033,18.4469278
4794,248,ST,Gdańsk Osowa,18.246,54.4213936,18.45191
4795,249,ST,Gdańsk Główny,0.556,54.3553942,18.6439281
4796,249,PO,Gdańsk Stocznia,1.043,54.364365,18.6420111
4797,249,PO,Gdańsk Nowe Szkoty,2.310,54.3879875,18.6233613
4798,249,PO,Gdańsk Kolonia,3.693,54.3879875,18.6233613
4799,249,PO,Gdańsk Stadion Expo,3.960,54.387496,18.6331559
4800,250,PO,Gdańsk Śródmieście,-1.013,54.3464492,18.6443958
4801,250,ST,Gdańsk Główny,0.080,54.3553942,18.6439281
4802,250,PO,Gdańsk Stocznia,1.074,54.364365,18.6420111
4803,250,PO,Gdańsk Politechnika,2.505,54.3740778,18.6275386
4804,250,ST,Gdańsk Wrzeszcz,4.180,54.3820017,18.6050972
4805,250,PO,Gdańsk Zaspa,5.437,54.3899158,18.5911644
4806,250,PO,Gdańsk Przymorze-Uniwersytet,6.973,54.4007606,18.5764489
4807,250,POGP,Gdańsk Oliwa SKM,8.031,54.403984,18.5744903
4808,250,PO,Gdańsk Żabianka-AWFiS,9.275,54.4206053,18.5684253
4809,250,PO,Sopot Wyścigi,10.528,54.4316644,18.565025
4810,250,ST,Sopot,11.680,54.4418144,18.5617683
4811,250,PO,Sopot Kamienny Potok,13.502,54.4575428,18.553505
4812,250,MPO,Gdynia Orłowo SKM,15.749,54.4735227,18.5517346
4813,250,PO,Gdynia Redłowo,17.557,54.4914125,18.5383092
4814,250,PO,Gdynia Wzgórze Św.Maksymiliana,19.370,54.5074792,18.5353856
4815,250,ST,Gdynia Główna,20.992,54.5208617,18.5293044
4816,250,PO,Gdynia Stocznia-Uniwersytet Morski,21.834,54.5254606,18.5192603
4817,250,PO,Gdynia Grabówek,23.643,54.5342378,18.4959956
4818,250,PO,Gdynia Leszczynki,25.012,54.5413494,18.4782806
4819,250,ST,Gdynia Chylonia,26.172,54.54616,18.4624442
4820,250,PO,Gdynia Cisowa,27.246,54.5497331,18.4473861
4821,250,PO,Rumia Janowo,30.262,54.55944,18.4046489
4822,250,ST,Rumia,31.849,54.5690953,18.3866003
4823,253,ST,Gdańsk Osowa,1.210,54.4213936,18.45191
4824,254,PO,Elbląg Zdrój,5.577,54.185434,19.3870253
4825,254,PO,Rubno Wielkie,8.959,54.2164707,19.393744
4826,254,PO,Jagodna,10.969,50.2524573,16.5644186
4827,254,PO,Kamiennica Elbląska,14.075,,
4828,254,PO,Nadbrzeże,15.470,54.2759849,19.4214463
4829,254,PO,Suchacz Zamek,17.462,54.2853365,19.4377766
4830,254,PO,Kadyny,20.156,54.2976125,19.4877801
4831,254,PO,Tolkmicko,24.432,54.3201802,19.5270187
4832,254,PO,Święty Kamień,31.312,54.31381,21.41006
4833,254,PO,Frombork,36.000,54.3583633,19.6823701
4834,254,PO,Stępień,42.402,54.36447,19.76913
4835,254,ST,Braniewo,48.201,54.3812489,19.8420603
4836,256,ST,Szymankowo,0.000,54.0728631,18.9265086
4837,256,PO,Stogi Malborskie,3.100,54.0639,18.9690269
4838,259,ST,Kętrzyn,1.131,54.0726469,21.3851864
4839,259,PO,Czerniki,5.005,54.0838612,21.4396907
4840,259,PO,Gierłoż,8.500,54.07857,21.49359
4841,259,PO,Parcz,9.870,54.0821515,21.5200804
4842,259,PO,Radzieje Węgorzewskie,16.154,,
4843,259,PO,Kamionek Wielki,21.060,54.15545,21.62959
4844,259,PO,Przystań,27.222,54.1998253,21.6460086
4845,260,ST,Zajączkowo Tczewskie,0.010,54.123966,18.7622724
4846,260,ST,Pszczółki,4.156,54.1745364,18.7017742
4847,260,PO,Skowarcz,6.024,54.1842581,18.6834106
4848,260,PO,Różyny,9.020,54.2122047,18.6615361
4849,260,PO,Cieplewo,11.691,54.2344458,18.6475275
4850,260,ST,Pruszcz Gdański,14.593,54.2585622,18.6469189
4851,265,ST,Zajączkowo Tczewskie,0.070,54.123966,18.7622724
4852,265,PO,Miłobądz,0.350,54.1472406,18.7403847
4853,265,ST,Pszczółki,4.149,54.1745364,18.7017742
4854,266,PO,Burkatów,63.562,50.7934925,16.4733339
4855,266,PO,Bystrzyca Górna,65.583,50.7812667,16.4561778
4856,266,PO,Lubachów,67.368,50.7743308,16.4345114
4857,266,PO,Zagórze Śląskie,71.280,50.7537631,16.4035553
4858,266,PO,Jugowice,73.862,50.7321131,16.405375
4859,266,PO,Jedlina-Zdrój Centrum,79.194,50.7210881,16.3446708
4860,266,ST,Jedlina-Zdrój,82.163,50.7115408,16.3431894
4861,271,ST,Wrocław Główny,0.000,51.0981203,17.0362947
4862,271,PO,Wrocław Mikołajów,3.971,51.1164222,16.99844
4863,271,PO,Wrocław Popowice,5.189,51.1272664,17.0014903
4864,271,PO,Wrocław Różanka,6.397,51.1380756,17.0037842
4865,271,ST,Wrocław Osobowice,9.718,51.1665189,16.9972125
4866,271,PO,Wrocław Świniary,13.720,51.1981181,16.9697606
4867,271,PO,Szewce,16.007,51.2161942,16.9540711
4868,271,POGP,Pęgów,19.608,51.2445864,16.9294039
4869,271,ST,Oborniki Śląskie,26.376,51.3031067,16.9063719
4870,271,PO,Osola,31.290,51.3383281,16.8656631
4871,271,ST,Skokowa,36.832,51.3870369,16.8489908
4872,271,ST,Żmigród,47.151,51.4721458,16.9014608
4873,271,PO,Garbce,51.800,51.5125542,16.8903011
4874,271,PO,Korzeńsko,55.580,51.5446389,16.8722556
4875,271,ST,Rawicz,63.062,51.6086578,16.8398733
4876,271,ST,Bojanowo,75.311,51.7004403,16.7444108
4877,271,PO,Kaczkowo,81.732,51.7426556,16.6809958
4878,271,PO,Rydzyna,85.707,51.7712186,16.6465117
4879,271,ST,Leszno,95.798,51.8459897,16.5652194
4880,271,PO,Lipno Nowe,103.970,51.9191658,16.5706519
4881,271,PO,Górka Duchowna,107.898,51.9542525,16.5769467
4882,271,ST,Stare Bojanowo,112.546,51.9957428,16.5849511
4883,271,PO,Przysieka Stara,117.277,52.0363056,16.6044142
4884,271,ST,Kościan,122.707,52.0790386,16.6421594
4885,271,PO,Oborzyska Stare,128.073,52.1104467,16.7012875
4886,271,ST,Czempiń,132.946,52.1397569,16.7533247
4887,271,PO,Iłowiec,138.767,52.1837714,16.7994828
4888,271,PO,Drużyna Poznańska,142.150,52.2102433,16.8238656
4889,271,ST,Mosina,146.091,52.2410364,16.8523072
4890,271,PO,Puszczykówko,149.743,52.2729931,16.86382
4891,271,PO,Puszczykowo,152.255,52.2951344,16.8708911
4892,271,ST,Luboń koło Poznania,157.933,52.3441894,16.8931064
4893,271,PO,Poznań Dębiec,160.758,52.3690792,16.9014186
4894,271,ST,Poznań Główny,163.753,52.4014439,16.9118931
4895,272,ST,Kluczbork,0.000,50.9712542,18.2006819
4896,272,ST,Krzywizna,6.339,51.0272581,18.2020158
4897,272,PO,Biskupice koło Kluczborka,11.423,51.0725047,18.2102822
4898,272,ST,Byczyna Kluczborska,16.123,51.1141144,18.1998792
4899,272,ST,Kostów,23.258,51.1648294,18.1474906
4900,272,ST,Łęka Opatowska,30.292,51.21696,18.0920456
4901,272,PO,Słupia,35.606,51.2520728,18.0411731
4902,272,PO,Kępno,40.917,51.2918311,18.0009139
4903,272,ST,Domanin,47.122,51.3447294,17.9952589
4904,272,ST,Ostrzeszów,58.109,51.4295483,17.9406214
4905,272,PO,Niedźwiedź Wielkopolski,67.051,51.4858869,17.8838158
4906,272,ST,Antonin,70.562,51.5137508,17.8601328
4907,272,ST,Przygodzice,77.301,51.5711144,17.8294867
4908,272,PO,Janków Przygodzki,81.736,51.6089378,17.8097372
4909,272,ST,Ostrów Wielkopolski,86.254,51.6492981,17.8052061
4910,272,ST,Biniew,96.392,51.7399689,17.7922678
4911,272,ST,Bronów,102.772,51.7958225,17.7736219
4912,272,PO,Taczanów,107.817,51.8398217,17.7565164
4913,272,ST,Pleszew,114.042,51.8923325,17.7330011
4914,272,ST,Kotlin,120.389,51.9146653,17.6486939
4915,272,ST,Witaszyce,126.991,51.9364781,17.5604308
4916,272,ST,Jarocin,133.574,51.9688469,17.4947275
4917,272,ST,Mieszków,140.972,52.0235386,17.4401614
4918,272,ST,Chocicza,149.318,52.0699069,17.3499353
4919,272,PO,Solec Wielkopolski,154.216,52.1094592,17.3197347
4920,272,ST,Sulęcinek,157.564,52.1388158,17.3088278
4921,272,ST,Środa Wielkopolska,167.035,52.2179797,17.2750431
4922,272,POGP,Pierzchno,176.471,52.2629647,17.1584683
4923,272,PO,Kórnik,180.802,52.2820903,17.1032031
4924,272,ST,Gądki,185.341,52.3021011,17.0452408
4925,272,ST,Poznań Krzesiny,191.622,52.3405525,16.9774867
4926,272,ST,Poznań Starołęka,196.001,52.3673731,16.9312692
4927,272,PO,Poznań Dębina,197.643,52.3739233,16.9097814
4928,272,ST,Poznań Główny,200.903,52.4014439,16.9118931
4929,273,ST,Wrocław Główny,0.000,51.0981203,17.0362947
4930,273,PO,Wrocław Muchobór,4.956,51.1115814,16.9740461
4931,273,ST,Wrocław Kuźniki,7.184,51.1268844,16.9536383
4932,273,PO,Wrocław Stadion,8.629,51.1370719,16.9406058
4933,273,ST,Wrocław Pracze,13.042,51.169335,16.9039803
4934,273,ST,Brzezinka Średzka,20.457,51.2197364,16.8368056
4935,273,PO,Czerna Mała,23.035,51.2299542,16.8036758
4936,273,POGP,Księginice,26.097,51.2420983,16.7643233
4937,273,ST,Brzeg Dolny,30.321,51.2665375,16.7260364
4938,273,PO,Łososiowice,35.365,51.2970992,16.6750844
4939,273,ST,Wołów,40.369,51.3334775,16.6333953
4940,273,PO,Orzeszków,51.885,51.3942597,16.5070231
4941,273,ST,Małowice Wołowskie,54.553,51.4042056,16.4722347
4942,273,ST,Ścinawa,58.720,51.4095625,16.4212353
4943,273,POGP,Chełmek Wołowski,65.577,51.4562872,16.3592058
4944,273,PO,Rudna Miasto,74.621,51.5059647,16.2700072
4945,273,ST,Rudna Gwizdanów,77.651,51.5300747,16.2805667
4946,273,ST,Grębocice,87.530,51.5932981,16.1851742
4947,273,ST,Krzepów,94.303,51.6443628,16.1342167
4948,273,ST,Głogów,99.095,51.6696211,16.0797939
4949,273,PO,Głogów Huta,105.425,51.6758119,15.9916553
4950,273,ST,Głogów Wróblin,108.240,51.6864542,15.9553697
4951,273,PO,Brzeg Głogowski,110.805,51.6908572,15.9189694
4952,273,POGP,Czerna,113.442,51.7020125,15.8856511
4953,273,ST,Bytom Odrzański,118.708,51.7263467,15.8217444
4954,273,ST,Nowa Sól,130.675,51.7994006,15.7086439
4955,273,ST,Niedoradz,138.640,51.8655133,15.6643408
4956,273,PO,Zielona Góra Nowy Kisielin,144.848,51.9157639,15.6264881
4957,273,PO,Zielona Góra Stary Kisielin,148.505,51.9371481,15.5891761
4958,273,ST,Zielona Góra Główna,153.858,51.9474708,15.5141647
4959,273,PO,Zielona Góra Przylep,161.047,51.9778906,15.4388525
4960,273,ST,Czerwieńsk,166.545,52.0152294,15.4121008
4961,273,PO,Nietkowice,173.165,52.0578831,15.3504878
4962,273,PO,Będów,176.368,52.0734336,15.3112033
4963,273,ST,Radnica,179.814,52.0901894,15.2689533
4964,273,PO,Bytnica,189.520,52.1317269,15.1473617
4965,273,ST,Budachów,194.643,52.1528939,15.0817089
4966,273,PO,Pliszka,201.930,52.2047042,15.0167908
4967,273,ST,Gądków Wielki,207.904,52.2461558,14.9636631
4968,273,ST,Jerzmanice Lubuskie,217.356,52.3066256,14.867475
4969,273,PO,Drzeńsko,228.086,52.3699122,14.7714269
4970,273,ST,Kowalów,231.256,52.3973231,14.7598714
4971,273,PO,Radów,235.289,52.4319561,14.7424089
4972,273,ST,Laski Lubuskie,238.994,52.4595836,14.7129461
4973,273,PO,Górzyca,245.085,52.4993642,14.6575042
4974,273,ST,Ługi Górzyckie,247.039,52.5160992,14.6509544
4975,273,ST,Kostrzyn,255.485,52.5913225,14.6470008
4976,273,ST,Namyślin,266.730,52.6783408,14.5703278
4977,273,ST,Boleszkowice,274.231,52.737425,14.5183328
4978,273,ST,Mieszkowice,279.663,52.7820617,14.4857144
4979,273,PO,Bielin,284.325,52.8222681,14.4668953
4980,273,PO,Witnica Chojeńska,289.539,52.8661733,14.4511917
4981,273,ST,Godków,293.417,52.9004353,14.4587608
4982,273,ST,Chojna,300.567,52.9627319,14.4447708
4983,273,PO,Lisie Pole,307.499,53.0224769,14.4507403
4984,273,ST,Krzywin Gryfiński,314.856,53.0876814,14.4540192
4985,273,PO,Widuchowa,318.966,53.12368,14.4461594
4986,273,PO,Pacholęta,324.746,53.1710614,14.4713747
4987,273,ST,Dolna Odra,329.448,53.2112361,14.4809969
4988,273,ST,Gryfino,334.406,53.2545219,14.4929517
4989,273,PO,Czepino,338.117,53.2847156,14.5124444
4990,273,ST,Daleszewo,340.752,53.3061553,14.5290597
4991,273,PO,Radziszewo,342.130,53.3180086,14.5322639
4992,273,PO,Szczecin Żydowce,346.966,53.3524658,14.5739325
4993,273,ST,Szczecin Podjuchy,348.178,53.3603228,14.5864328
4994,273,ST,Szczecin Port Centralny,354.535,53.41023,14.5701531
4995,273,PO,Szczecin Łasztownia,355.278,53.4180878,14.559995
4996,273,ST,Szczecin Główny,355.818,53.4178214,14.5483703
4997,274,PO,Wrocław Grabiszyn,3.406,51.096635,16.9741842
4998,274,ST,Wrocław Zachodni,5.201,51.0903956,16.9504953
4999,274,PO,Mokronos Górny,8.405,51.07886,16.90862
5000,274,POGP,Smolec,10.460,51.0715461,16.8817128
5001,274,PO,Sadowice Wrocławskie,14.786,51.0561325,16.8250247
5002,274,ST,Kąty Wrocławskie,20.365,51.0384256,16.7512806
5003,274,PO,Mietków,29.610,50.9851953,16.6560542
5004,274,ST,Imbramowice,35.848,50.9635631,16.5795569
5005,274,ST,Żarów,42.612,50.9396511,16.4934258
5006,274,ST,Jaworzyna Śląska,48.135,50.9125,16.4284667
5007,274,ST,Świebodzice,57.541,50.8601742,16.3328217
5008,274,ST,Wałbrzych Szczawienko,65.930,50.8159914,16.3021097
5009,274,ST,Wałbrzych Miasto,69.806,50.7847181,16.2841542
5010,274,PO,Wałbrzych Centrum,71.450,50.7735933,16.2698894
5011,274,ST,Wałbrzych Fabryczny,74.566,50.7613758,16.2675253
5012,274,ST,Wałbrzych Główny,78.912,50.7432583,16.2815603
5013,274,POGP,Boguszów-Gorce Wschód,83.870,50.7478597,16.2215481
5014,274,ST,Boguszów-Gorce,85.513,50.7503039,16.2019747
5015,274,ST,Boguszów-Gorce Zachód,88.352,50.7625125,16.1669986
5016,274,PO,Witków Śląski,92.892,50.7931906,16.1277694
5017,274,ST,Sędzisław,98.843,50.8134183,16.0700119
5018,274,ST,Marciszów,105.182,50.85129,16.0077589
5019,274,PO,Ciechanowice,107.877,50.8654431,15.9797933
5020,274,ST,Janowice Wielkie,113.580,50.8785219,15.9187183
5021,274,PO,Trzcińsko,117.000,50.8831589,15.8722347
5022,274,ST,Wojanów,120.753,50.8847267,15.8215428
5023,274,ST,Jelenia Góra,125.808,50.9026319,15.7558683
5024,274,PO,Jelenia Góra Zabobrze,127.125,50.9098669,15.7431197
5025,274,MPO,Rybnica,136.333,50.9105303,15.6456511
5026,274,ST,Stara Kamienica,142.062,50.9139517,15.56644
5027,274,PO,Kwieciszowice,146.760,50.9243206,15.50347
5028,274,ST,Rębiszów,151.844,50.9484075,15.4559492
5029,274,PO,Młyńsko,157.372,50.9900103,15.4503294
5030,274,ST,Gryfów Śląski,163.412,51.0339981,15.4289011
5031,274,PO,Ubocze,165.963,51.0557608,15.4201319
5032,274,PO,Olszyna Lubańska,169.720,51.0697417,15.3800917
5033,274,ST,Lubań Śląski,177.790,51.1114178,15.2933956
5034,274,PO,Batowice Lubańskie,188.499,51.0908814,15.1554539
5035,274,PO,Studniska,194.300,51.1094128,15.0860214
5036,274,ST,Jerzmanki,197.383,51.1301719,15.0556853
5037,274,ST,Zgorzelec,201.433,51.1402292,15.0041803
5038,275,POGP,Wrocław Nowy Dwór,6.812,51.12015,16.9529056
5039,275,ST,Wrocław Żerniki,9.495,51.1262156,16.9158381
5040,275,ST,Wrocław Leśnica,13.577,51.1427478,16.86611
5041,275,PO,Mrozów,20.734,51.1837681,16.7924889
5042,275,ST,Miękinia,24.433,51.1881961,16.7400719
5043,275,PO,Przedmoście Święte,29.618,51.1905122,16.66621
5044,275,PO,Środa Śląska,33.783,51.1894053,16.6066797
5045,275,ST,Malczyce,42.706,51.2157367,16.4879922
5046,275,POGP,Szczedrzykowice,52.223,51.21513,16.3518864
5047,275,PO,Jaśkowice Legnickie,54.950,51.2150844,16.3128894
5048,275,PO,Kunice,58.980,51.2149903,16.2552092
5049,275,ST,Legnica,65.113,51.2136928,16.1679108
5050,275,PO,Jezierzany,70.750,51.2355878,16.0977783
5051,275,ST,Miłkowice,74.572,51.2559219,16.0537561
5052,275,PO,Goliszów,81.800,51.2809523,15.9838214
5053,275,ST,Rokitki,88.892,51.3355061,15.8932889
5054,275,PO,Modła,96.043,51.3757517,15.8133478
5055,275,PO,Wierzbowa Śląska,100.510,51.396825,15.7590706
5056,275,PO,Studzianka,106.125,51.4271519,15.6948981
5057,275,ST,Leszno Górne,113.233,51.4669769,15.6157628
5058,275,ST,Małomice,128.310,51.5497669,15.4467967
5059,275,ST,Żagań,139.527,51.6042572,15.3150156
5060,275,ST,Bieniów,155.769,51.7160389,15.1786528
5061,275,PO,Gubinek,196.915,51.9281476,14.7099815
5062,276,ST,Wrocław Główny,0.000,51.0981203,17.0362947
5063,276,PO,Iwiny,6.266,51.0546819,17.0687803
5064,276,ST,Smardzów Wrocławski,9.032,51.0298794,17.0659956
5065,276,ST,Żórawina,14.374,50.9831428,17.0494769
5066,276,PO,Węgry,20.825,50.9260922,17.0328803
5067,276,ST,Boreczek,26.122,50.8788858,17.0245386
5068,276,PO,Warkocz,31.998,50.8281414,17.0468675
5069,276,ST,Strzelin,36.987,50.7847681,17.0602844
5070,276,MPO,Biały Kościół,43.830,50.7283578,17.0300356
5071,276,ST,Henryków,51.256,50.6634275,17.0299347
5072,276,ST,Ziębice,57.565,50.6085317,17.0339269
5073,276,MPO,Starczów,66.809,50.5641264,16.9471842
5074,276,ST,Kamieniec Ząbkowicki,71.886,50.5360158,16.8975158
5075,276,PO,Suszka,77.302,50.5307275,16.8236067
5076,276,ST,Bardo Przyłęk,82.545,50.5096928,16.7582644
5077,276,PO,Bardo Śląskie,84.439,50.5048742,16.7334681
5078,276,PO,Ławica,90.400,50.4771811,16.6702806
5079,276,ST,Kłodzko Główne,93.481,50.4513642,16.6566417
5080,276,ST,Kłodzko Miasto,95.409,50.4344503,16.6582417
5081,276,PO,Krosnowice Kłodzkie,100.362,50.392415,16.6369008
5082,276,ST,Gorzanów,104.760,50.3543031,16.6408603
5083,276,PO,Bystrzyca Kłodzka,111.325,50.2969142,16.6550281
5084,276,ST,Bystrzyca Kłodzka Przedmieście,112.788,50.2852858,16.6468683
5085,276,PO,Długopole-Zdrój,118.343,50.23911,16.6370158
5086,276,ST,Domaszków,121.756,50.2125872,16.6554289
5087,276,PO,Roztoki Bystrzyckie,124.705,50.1872858,16.6654678
5088,276,ST,Międzylesie,129.950,50.1436092,16.6548683
5089,277,ST,Opole Groszowice,0.000,50.6360458,17.9557017
5090,277,ST,Opole Wschodnie,6.386,50.6747444,17.9337242
5091,277,ST,Opole Czarnowąsy,11.688,50.7160906,17.9040864
5092,277,PO,Opole Borki,15.148,50.7428917,17.8818217
5093,277,ST,Dobrzeń Wielki,18.717,50.7712647,17.8597833
5094,277,ST,Popielów,28.257,50.8294319,17.7627033
5095,277,ST,Karłowice,35.681,50.8797631,17.6992681
5096,277,PO,Tarnowiec Brzeski,40.715,50.9134642,17.6527125
5097,277,PO,Mąkoszyce,43.935,50.9387531,17.6318981
5098,277,PO,Rogalice,47.656,50.9636642,17.5974619
5099,277,PO,Borucice,51.200,50.9820447,17.5564497
5100,277,ST,Biskupice Oławskie,54.257,50.9935442,17.5169661
5101,277,PO,Minkowice Oławskie,59.023,51.0119797,17.4563308
5102,277,PO,Kopalina,62.800,51.0210569,17.4043503
5103,277,ST,Jelcz-Laskowice,67.379,51.0372192,17.3449739
5104,277,PO,Jelcz Miłoszyce,70.308,51.0446767,17.3048931
5105,277,ST,Czernica Wrocławska,75.126,51.0497586,17.2372819
5106,277,PO,Zakrzów Kotowice,77.624,51.0358683,17.2107494
5107,277,ST,Siechnice,82.380,51.0384133,17.1440628
5108,277,ST,Wrocław Brochów,85.574,51.0645017,17.0844589
5109,278,ST,Węgliniec,0.387,51.2899753,15.2227031
5110,278,PGLP,Pieńsk,13.980,51.2453233,15.0470553
5111,278,PO,Lasów,16.381,51.225125,15.0350856
5112,278,PGLP,Jędrzychowice,22.421,51.1724522,15.0179494
5113,278,PO,Zgorzelec Miasto,24.555,51.1534044,15.020205
5114,278,ST,Zgorzelec,26.532,51.1402292,15.0041803
5115,279,ST,Lubań Śląski,0.000,51.1114178,15.2933956
5116,279,PO,Gierałtów,9.168,51.1920742,15.2998031
5117,279,ST,Gierałtów Wykroty,12.132,51.216915,15.2844722
5118,279,ST,Węgliniec,21.059,51.2899753,15.2227031
5119,280,ST,Opole Groszowice,0.000,50.6360458,17.9557017
5120,280,ST,Opole Główne,4.154,50.6618208,17.9269633
5121,281,ST,Oleśnica,0.000,51.2004781,17.3873308
5122,281,PO,Oleśnica Rataje,2.730,51.2169169,17.3647381
5123,281,POGP,Dąbrowa Oleśnicka,4.397,51.2312808,17.3693089
5124,281,ST,Dobroszyce,8.841,51.2700089,17.3634742
5125,281,ST,Grabowno Wielkie,17.644,51.3433531,17.4034647
5126,281,MPO,Bukowice Trzebnickie,24.560,51.3994561,17.3685117
5127,281,MPO,Krośnice,32.812,51.4714122,17.3738275
5128,281,PO,Wierzchowice,36.808,51.502715,17.3520539
5129,281,ST,Milicz,41.887,51.5273253,17.2950153
5130,281,PO,Rakoniewice Milickie,50.250,,
5131,281,PO,Cieszków,54.650,51.6312833,17.3524986
5132,281,ST,Zduny,56.606,51.6465914,17.3663767
5133,281,ST,Krotoszyn,63.959,51.7013053,17.4259272
5134,281,PO,Bożacin,67.512,51.7323436,17.4339292
5135,281,PO,Wolenice,72.090,51.7734028,17.4379722
5136,281,ST,Koźmin Wielkopolski,78.617,51.8319564,17.4437153
5137,281,PO,Obra Stara,84.788,51.8873244,17.4492447
5138,281,PO,Golina,87.041,51.9062678,17.4595472
5139,281,ST,Jarocin,94.600,51.9688469,17.4947275
5140,281,PO,Radlin Wielkopolski,101.831,52.033525,17.499515
5141,281,ST,Żerków,105.877,52.0698703,17.4976878
5142,281,ST,Orzechowo,112.662,52.1268947,17.4778497
5143,281,ST,Miłosław,121.770,52.2087642,17.4768108
5144,281,PO,Książno,126.154,52.2459289,17.4936625
5145,281,PO,Chwalibogowo,130.823,52.2831903,17.5250342
5146,281,PO,Obłaczkowo,132.165,52.2939142,17.5340439
5147,281,ST,Września,136.310,52.3282031,17.5553794
5148,281,PO,Marzenin,142.730,52.3857664,17.5613533
5149,281,ST,Czerniejewo,146.981,52.4239242,17.5651478
5150,281,PO,Żydowo,150.220,52.4530458,17.5680839
5151,281,PO,Gębarzewo,153.623,52.4834606,17.5703214
5152,281,ST,Gniezno,160.056,52.5295906,17.6034447
5153,281,ST,Gniezno Winiary,164.926,52.5595611,17.61163
5154,281,PO,Zdziechowa,171.049,52.5915064,17.5564769
5155,281,PO,Świątniki,175.116,50.5142481,20.1901013
5156,281,PO,Mieleszyn,179.234,52.668791,17.499003
5157,281,PO,Gącz,184.725,52.7143798,17.4998003
5158,281,PO,Dąbrowa Międzylesie,194.941,,
5159,281,PO,Wapno,206.274,52.91123,17.47195
5160,281,PO,Rusiec,209.948,51.32452,18.98603
5161,281,PO,Szczepice,221.315,53.0240815,17.5371067
5162,281,PO,Studzienki,226.329,53.0675154,17.5618843
5163,281,ST,Nakło nad Notecią,235.135,53.1425797,17.6074458
5164,281,PO,Kozia Góra Krajeńska,242.489,53.19855,17.59224
5165,281,PO,Witosław,253.194,51.9463889,16.7027778
5166,281,PO,Rajgród,257.076,53.7304739,22.6976173
5167,281,PO,Wysoka Krajeńska,276.176,53.3884857,17.5542057
5168,281,PO,Świdwie Sępoleńskie,281.219,,
5169,281,PO,Obkas,297.140,53.5710624,17.5515737
5170,281,ST,Chojnice,310.040,53.6878142,17.5762269
5171,282,ST,Miłkowice,0.000,51.2559219,16.0537561
5172,282,ST,Chojnów,8.991,51.2776086,15.9356556
5173,282,PO,Osetnica,15.405,51.2617953,15.8472847
5174,282,ST,Okmiany,20.544,51.2708872,15.7787867
5175,282,PO,Tomaszów Bolesławiecki,27.725,51.2860483,15.6797522
5176,282,ST,Bolesławiec,36.048,51.2661347,15.5689075
5177,282,ST,Zebrzydowa,49.073,51.2547081,15.3905633
5178,282,PO,Zagajnik,55.780,51.2702056,15.2991033
5179,282,ST,Węgliniec,61.501,51.2899753,15.2227031
5180,282,PO,Stary Węgliniec,64.489,51.3073283,15.1953833
5181,282,PO,Jagodzin,70.290,51.3559783,15.1703247
5182,282,ST,Ruszów,75.313,51.4009478,15.1765767
5183,282,PO,Okrąglica,79.362,51.4372172,15.1816719
5184,282,PO,Iłowa Żagańska,86.615,51.5022425,15.1885717
5185,282,PO,Konin Żagański,91.500,51.5460528,15.1914108
5186,282,ST,Jankowa Żagańska,93.952,51.5670406,15.1808644
5187,282,PO,Żary Kunice,97.630,51.5988031,15.1659756
5188,282,ST,Żary,102.407,51.6343906,15.1377142
5189,283,ST,Jelenia Góra,0.104,50.9026319,15.7558683
5190,283,PO,Jeżów Sudecki,3.560,50.933694,15.743396
5191,283,PO,Siedlęcin,7.237,50.9387107,15.6905264
5192,283,PO,Pilchowice Zapora,11.227,50.9637743,15.6451895
5193,283,PO,Pilchowice Nielestno,14.815,50.9919641,15.6620068
5194,283,ST,Wleń,18.004,51.0168814,15.6744645
5195,283,PO,Marczów,22.951,51.0459477,15.6463062
5196,283,PO,Dębowy Gaj,26.695,51.0754934,15.63692
5197,283,ST,Lwówek Śląski,32.636,51.1108891,15.5850018
5198,283,PO,Rakowice Wielkie,35.711,51.1315953,15.5633355
5199,283,ST,Niwnice,41.230,51.1242226,15.4920091
5200,283,PO,Gościszów,45.894,51.1617908,15.4517526
5201,283,PO,Nowogrodziec,51.618,51.1971363,15.3987046
5202,283,ST,Zebrzydowa,60.376,51.2547081,15.3905633
5203,283,PO,Tomisław,67.134,51.2935837,15.427529
5204,283,ST,Żagań,104.726,51.6042572,15.3150156
5205,284,ST,Legnica,0.000,51.2136928,16.1679108
5206,284,PO,Wilczyce,11.220,51.129313,17.1536783
5207,284,PO,Kozów,16.106,51.8594602,14.7407882
5208,285,ST,Wrocław Główny,0.000,51.0981203,17.0362947
5209,285,PO,Wrocław Wojszyce,6.842,51.0690561,17.0322711
5210,285,PO,Wrocław Partynice,9.421,51.0610936,16.9977089
5211,285,MPO,Bielany Wrocławskie,12.800,51.0361422,16.9757364
5212,285,PO,Domasław,16.174,51.0099942,16.952895
5213,285,ST,Kobierzyce,20.593,50.974015,16.9262911
5214,285,PO,Wierzbice,22.829,50.9651258,16.8992092
5215,285,PO,Pustków Żurawski,26.033,50.9541747,16.8573458
5216,285,PO,Olbrachtowice,28.767,50.9485365,16.8300361
5217,285,PO,Rogów Sobócki,33.408,50.93415,16.7591889
5218,285,PO,Sobótka,37.559,50.90533,16.7401461
5219,285,ST,Sobótka Zachodnia,40.314,50.907255,16.70258
5220,285,PO,Strzelce Świdnickie,43.300,50.9110075,16.6614256
5221,285,PO,Szczepanów,46.245,50.8984603,16.6254539
5222,285,PO,Marcinowice Świdnickie,49.900,50.8768317,16.5868094
5223,285,PO,Pszenno,54.910,50.8560444,16.5302242
5224,285,ST,Świdnica Przedmieście,58.061,50.8349833,16.50397
5225,286,ST,Kłodzko Główne,0.000,50.4513642,16.6566417
5226,286,PO,Bierkowice,4.615,50.4749353,16.6064483
5227,286,PO,Gorzuchów Kłodzki,7.610,50.4898558,16.5715769
5228,286,ST,Ścinawka Średnia,14.067,50.5263594,16.5046447
5229,286,ST,Nowa Ruda,21.664,50.5772558,16.4969764
5230,286,PO,Nowa Ruda Przedmieście,23.836,50.5882431,16.5153258
5231,286,PO,Nowa Ruda Zdrojowisko,27.075,50.6117267,16.5103861
5232,286,PO,Ludwikowice Kłodzkie,29.417,50.6195083,16.4810756
5233,286,PO,Świerki Dolne,33.189,50.6324772,16.4322733
5234,286,PO,Bartnica,35.210,50.6419486,16.4079392
5235,286,PO,Głuszyca Górna,40.110,50.6730694,16.3703614
5236,286,ST,Głuszyca,42.263,50.6880067,16.353905
5237,286,ST,Jedlina-Zdrój,45.036,50.7115408,16.3431894
5238,286,PO,Jedlina-Zdrój Borowa,47.727,50.7308592,16.3214594
5239,286,ST,Wałbrzych Główny,50.990,50.7432583,16.2815603
5240,287,ST,Opole Zachodnie,0.354,50.6608058,17.8981767
5241,287,PO,Opole Chmielowice,2.977,50.6446492,17.8667175
5242,287,ST,Komprachcice,6.609,50.6316328,17.8214008
5243,287,PO,Szydłów Centrum,14.508,50.6052936,17.7183117
5244,287,ST,Szydłów,15.484,50.6060083,17.7050933
5245,287,PO,Tułowice,19.709,50.5981989,17.6494233
5246,287,PO,Goszczowice,23.135,50.5730617,17.6222256
5247,287,PO,Sowin,25.296,50.5555492,17.6090503
5248,287,ST,Łambinowice,29.144,50.5375869,17.5652011
5249,287,PO,Budziszowice,31.963,50.5228569,17.5334508
5250,287,PO,Jasienica Dolna,34.914,50.5041706,17.503985
5251,287,PO,Mańkowice,37.654,50.4891231,17.4770881
5252,287,PO,Kubice,40.600,50.47568,17.4425933
5253,287,PO,Wyszków Śląski,44.441,50.46649,17.390965
5254,287,PO,Nysa Wschodnia,46.743,50.4658856,17.3586094
5255,287,ST,Nysa,48.753,50.4778364,17.341895
5256,288,ST,Nysa,0.237,50.4778364,17.341895
5257,288,PO,Myśliczyn,6.467,50.5255897,17.3282614
5258,288,PO,Pakosławice,9.409,50.5450914,17.3532189
5259,288,PO,Skoroszyce,15.075,50.5934378,17.3750375
5260,288,PO,Stary Grodków,21.438,50.6502792,17.3776614
5261,288,PO,Lipowa Śląska,32.594,50.7370756,17.4270056
5262,288,PO,Czeska Wieś,35.907,50.7583344,17.4596483
5263,288,PO,Olszanka,40.197,50.7952119,17.4776714
5264,288,ST,Brzeg,47.404,50.8529886,17.4705908
5265,289,ST,Legnica,0.198,51.2136928,16.1679108
5266,289,PO,Rzeszotary,5.764,51.2501267,16.1660842
5267,289,ST,Raszówka,11.649,51.3019825,16.1816983
5268,289,PO,Gorzelin,14.575,51.3282831,16.1809867
5269,289,PO,Chróstnik,17.590,51.3553761,16.180875
5270,289,ST,Lubin,22.329,51.3964611,16.1936719
5271,289,PO,Lubin Stadion,23.733,51.4086064,16.1993036
5272,289,MPO,Koźlice,29.060,51.4510919,16.2330208
5273,289,PO,Rynarcice,31.613,51.4730375,16.2275483
5274,289,PO,Rudna Miasto,36.298,51.5059647,16.2700072
5275,289,ST,Rudna Gwizdanów,39.065,51.5300747,16.2805667
5276,290,ST,Krzewina Zgorzelecka,17.514,51.0154839,14.9397725
5277,290,PO,Bratków Zgorzelecki,19.704,51.0017107,14.9444356
5278,291,POGP,Boguszów-Gorce Wschód,17.706,50.7478597,16.2215481
5279,291,PO,Boguszów-Gorce Dzikowiec,20.640,50.7276066,16.2176489
5280,291,PO,Unisław Śląski,22.500,50.7131503,16.2477789
5281,291,ST,Mieroszów,28.033,50.6669858,16.1862044
5282,292,PO,Chrząstawa Mała,4.066,51.0736392,17.2760231
5283,292,PO,Nadolice Wielkie,6.236,51.0798681,17.2509119
5284,292,PO,Nadolice Małe,8.480,51.0818208,17.2191025
5285,292,MPO,Dobrzykowice Wrocławskie,11.440,51.0877453,17.1799183
5286,292,PO,Wrocław Wojnów Wschodni,12.880,51.0980925,17.1681631
5287,292,PO,Wrocław Wojnów,13.863,51.1037317,17.1573683
5288,292,PO,Wrocław Strachocin,14.922,51.1097808,17.14577
5289,292,ST,Wrocław Swojczyce,16.894,51.1156281,17.1217122
5290,292,PO,Wrocław Popiele,17.812,51.1223347,17.1144125
5291,292,PO,Wrocław Kowale,19.526,51.134955,17.1001433
5292,292,ST,Wrocław Sołtysowice,21.447,51.1417958,17.0806525
5293,292,ST,Wrocław Osobowice,28.773,51.1665189,16.9972125
5294,293,PO,Kały,4.688,50.8272714,18.0805842
5295,293,PO,Laskowice Oleskie,8.361,50.8565,18.0951403
5296,293,PO,Tuły,10.347,50.8740669,18.0999767
5297,293,PO,Bukowo,12.873,50.8963078,18.1068675
5298,293,PO,Borkowice,18.461,50.9321422,18.1560119
5299,293,ST,Kluczbork,25.092,50.9712542,18.2006819
5300,294,PO,Głubczyce Las,5.270,50.2252505,17.7878094
5301,294,PO,Ściborzyce Małe,9.569,50.2688708,17.7759835
5302,294,ST,Racławice Śląskie,15.354,50.3121939,17.7613211
5303,295,ST,Węgliniec,0.523,51.2899753,15.2227031
5304,296,ST,Miłkowice,12.684,51.2559219,16.0537561
5305,297,ST,Nowy Świętów,0.000,50.3778842,17.3691339
5306,297,ST,Głuchołazy,5.952,50.3303264,17.3945089
5307,297,PO,Głuchołazy Miasto,7.561,50.3168161,17.3898761
5308,297,PO,Głuchołazy Zdrój,8.579,50.3089716,17.3836286
5309,298,ST,Kamienna Góra,0.000,50.7854583,16.0232169
5310,298,ST,Sędzisław,5.410,50.8134183,16.0700119
5311,299,ST,Kamienna Góra,0.308,50.7854583,16.0232169
5312,299,PO,Błażkowa,5.395,50.7443744,15.9902225
5313,299,PO,Lubawka,10.148,50.7064906,16.0032247
5314,300,ST,Opole Główne,0.451,50.6618208,17.9269633
5315,300,ST,Opole Wschodnie,5.077,50.6747444,17.9337242
5316,301,ST,Opole Główne,0.057,50.6618208,17.9269633
5317,301,PO,Opole Gosławice,5.569,50.6748819,17.9887633
5318,301,PO,Kotórz Mały,12.491,50.7292803,18.0363372
5319,301,PO,Osowiec Przystanek,15.081,50.7516619,18.0433625
5320,301,PO,Osowiec Śląski,17.560,50.7738847,18.0450933
5321,301,PO,Mańczok,25.883,50.8335728,17.9925457
5322,301,PO,Okoły,33.099,50.866775,17.9059586
5323,301,PO,Pokój,40.012,50.9017945,17.8369082
5324,301,PO,Biestrzykowice,50.382,50.9899667,17.7548708
5325,301,PO,Ziemiełowice,56.529,51.04368,17.73957
5326,301,ST,Namysłów,59.939,51.0745761,17.7164883
5327,302,ST,Malczyce,0.000,51.2157367,16.4879922
5328,302,PO,Łagiewniki Średzkie,21.200,51.0662604,16.4533426
5329,302,ST,Strzegom,36.289,50.9745325,16.3588986
5330,303,ST,Rokitki,0.000,51.3355061,15.8932889
5331,303,PO,Chocianów,10.357,51.4159117,15.9122306
5332,304,ST,Brzeg,0.148,50.8529886,17.4705908
5333,306,PO,Łowkowice,12.110,51.03999,18.244061
5334,306,PO,Strzeleczki,15.122,50.4594894,17.854778
5335,306,PO,Moszna,22.050,50.436794,17.7673891
5336,306,PO,Łącznik,23.867,50.4542049,17.729242
5337,306,PO,Krobusz,26.252,50.413987,17.721627
5338,306,PO,Józefówek,35.258,51.4941676,21.1605075
5339,306,ST,Prudnik,41.658,50.3292833,17.5777606
5340,308,PO,Kowary Górne,15.882,,
5341,308,PO,Kowary Średnie,20.101,50.7847222,15.8475
5342,308,PO,Kowary,25.132,50.778678,15.8360509
5343,308,PO,Kostrzyca,27.766,50.8181961,15.8020626
5344,308,PO,Mysłakowice,30.385,50.8352222,15.7880011
5345,308,PO,Łomnica,33.633,50.8617028,15.7980931
5346,308,PO,Łomnica Dolna,35.548,50.8779672,15.8013694
5347,308,PO,Łomnica Średnia,36.630,50.886835,15.7944433
5348,308,ST,Jelenia Góra,39.986,50.9026319,15.7558683
5349,309,PO,Kłodzko Książek,0.820,50.4156869,16.6408258
5350,309,PO,Kłodzko Zagórze,2.885,50.4149858,16.6127231
5351,309,PO,Stary Wielisław,5.656,50.4053383,16.5771292
5352,309,ST,Polanica-Zdrój,10.274,50.397585,16.5145906
5353,309,PO,Szczytna,15.977,50.4083814,16.44977
5354,309,ST,Duszniki-Zdrój,22.137,50.4089119,16.3861711
5355,309,PO,Kulin Kłodzki,27.445,50.4193622,16.325545
5356,309,PO,Lewin Kłodzki,36.101,50.4055472,16.2744592
5357,309,ST,Kudowa-Zdrój,39.967,50.4296858,16.2443917
5358,311,ST,Jelenia Góra,-3.123,50.9026319,15.7558683
5359,311,PO,Jelenia Góra Zabobrze,-2.155,50.9098669,15.7431197
5360,311,ST,Jelenia Góra Zachodnia,1.101,50.9006383,15.7194803
5361,311,PO,Jelenia Góra Przemysłowa,2.852,50.8879925,15.7055033
5362,311,PO,Jelenia Góra Cieplice,5.504,50.8697828,15.6856633
5363,311,PO,Jelenia Góra Orle,7.653,50.8641806,15.6575739
5364,311,ST,Jelenia Góra Sobieszów,9.261,50.8519714,15.6456175
5365,311,PO,Piechowice Dolne,11.582,50.8507256,15.6157978
5366,311,ST,Piechowice,13.316,50.8517072,15.5915869
5367,311,PO,Górzyniec,17.282,50.8600789,15.5681164
5368,311,PO,Szklarska Poręba Dolna,22.801,50.8486067,15.5573275
5369,311,PO,Szklarska Poręba Średnia,25.923,50.8387161,15.5396708
5370,311,ST,Szklarska Poręba Górna,28.438,50.8325758,15.5189381
5371,311,PO,Szklarska Poręba Huta,31.062,50.8267131,15.4971697
5372,311,PO,Polana Jakuszycka,37.693,50.8147433,15.4297136
5373,316,ST,Chojnów,21.337,51.2776086,15.9356556
5374,316,PO,Biała Górna,24.208,51.2974506,15.9285144
5375,316,ST,Rokitki,29.338,51.3355061,15.8932889
5376,317,ST,Gryfów Śląski,0.000,51.0339981,15.4289011
5377,317,PO,Proszówka,3.132,51.0100689,15.4246492
5378,317,PO,Mirsk,8.772,50.9730889,15.3803169
5379,317,PO,Mroczkowice,12.034,50.94751,15.3616269
5380,317,PO,Orłowice,13.929,50.9318639,15.3519861
5381,317,PO,Świeradów-Zdrój,16.439,50.9115411,15.3434253
5382,322,PO,Krosnowice Kłodzkie,0.231,50.392415,16.6369008
5383,322,PO,Żelazno,3.515,50.3710883,16.6676947
5384,322,PO,Ołdrzychowice Kłodzkie,6.772,50.3586469,16.7081106
5385,322,PO,Radochów,15.349,50.3390408,16.81824
5386,322,PO,Lądek-Zdrój,18.724,50.3418536,16.8591158
5387,322,PO,Lądek Stójków,21.046,50.3267928,16.8739328
5388,324,ST,Krzewina Zgorzelecka,0.001,51.0154839,14.9397725
5389,325,PO,Czerwonków,5.492,50.1213417,17.9548444
5390,325,PO,Nowa Cerekwia,9.247,50.093279,17.9297403
5391,325,PO,Ludmierzyce,17.826,50.0321278,17.9094679
5392,326,ST,Wrocław Psie Pole,0.000,51.1506528,17.1192131
5393,326,PO,Wrocław Zakrzów,1.127,51.1588503,17.1220531
5394,326,PO,Wrocław Pawłowice,2.650,51.1688103,17.1082381
5395,326,PO,Ramiszów,5.597,51.1932692,17.0983092
5396,326,PO,Pasikurowice,7.543,51.2090494,17.1097478
5397,326,PO,Siedlec Trzebnicki,10.423,51.2338314,17.1187819
5398,326,PO,Pierwoszów Miłocin,13.216,51.2554036,17.0987864
5399,326,PO,Brochocin Trzebnicki,15.696,51.2761914,17.0941386
5400,326,PO,Trzebnica,19.736,51.30424,17.0631081
5401,327,ST,Ścinawka Średnia,5.101,50.5263594,16.5046447
5402,329,ST,Szydłów,0.000,50.6060083,17.7050933
5403,329,PO,Grodziec Niemodliński,1.928,,
5404,329,PO,Sady,4.443,52.439255,22.7042586
5405,329,PO,Szydłowiec Śląski,11.106,50.6770711,17.6059279
5406,333,ST,Głuchołazy,0.000,50.3303264,17.3945089
5407,337,ST,Lubań Śląski,0.000,51.1114178,15.2933956
5408,337,PO,Kościelnik,2.927,51.0887255,15.2969572
5409,337,PO,Kościelniki Dolne,6.057,51.0805556,15.2952778
5410,337,PO,Kościelniki Górne,8.081,51.050538,15.2811615
5411,341,PO,Bielawa Zachodnia,0.001,50.6853311,16.6057206
5412,341,PO,Bielawa Centralna,1.365,50.6929569,16.6210697
5413,341,ST,Dzierżoniów Śląski,6.123,50.7247594,16.640195
5414,343,ST,Głuchołazy,0.000,50.3303264,17.3945089
5415,349,ST,Święta Katarzyna,-0.239,51.0297317,17.1229872
5416,349,ST,Wrocław Brochów,3.083,51.0645017,17.0844589
5417,349,ST,Wrocław Kuźniki,18.822,51.1268844,16.9536383
5418,351,ST,Poznań Główny,0.000,52.4014439,16.9118931
5419,351,PGLP,Poznań Wola,6.531,52.4335339,16.8504639
5420,351,ST,Kiekrz,12.909,52.4757833,16.79008
5421,351,ST,Rokietnica,17.743,52.5120939,16.7538453
5422,351,PO,Pamiątkowo,24.283,52.5534867,16.6854275
5423,351,PO,Baborówko,29.000,52.5804103,16.6317103
5424,351,ST,Szamotuły,33.040,52.6034083,16.5855972
5425,351,POGP,Pęckowo,42.387,52.6637539,16.4896508
5426,351,ST,Wronki,51.109,52.7050933,16.3858578
5427,351,PO,Wronki Zamość,52.823,52.7100131,16.3621078
5428,351,POGP,Mokrz,59.469,52.7411078,16.2782081
5429,351,ST,Miały,70.118,52.8093694,16.1758744
5430,351,ST,Drawski Młyn,78.005,52.8601175,16.0942681
5431,351,ST,Krzyż,83.728,52.8774406,16.0186214
5432,351,PO,Drawiny,90.073,52.8969364,15.9502536
5433,351,ST,Podlesiec,97.148,52.9368103,15.8763014
5434,351,PO,Mierzęcin,100.812,52.9510311,15.8271819
5435,351,ST,Dobiegniew,106.649,52.9683319,15.7472425
5436,351,ST,Bierzwnik,115.364,53.024325,15.6575014
5437,351,PO,Rębusz,120.987,53.0530792,15.5919667
5438,351,ST,Słonice,127.319,53.0907989,15.5183664
5439,351,PO,Stary Klukom,133.628,53.1319467,15.4551044
5440,351,ST,Choszczno,138.737,53.1653108,15.4032617
5441,351,PO,Ziemomyśl,145.694,53.1669969,15.30267
5442,351,ST,Dolice,152.862,53.1986378,15.2109694
5443,351,PO,Morzyca,157.260,53.2185247,15.1554572
5444,351,PO,Kolin,160.913,53.2450214,15.1239061
5445,351,PO,Strzebielewo,162.997,53.25649,15.08572
5446,351,PO,Witkowo,166.605,53.2859381,15.0759008
5447,351,ST,Stargard,173.294,53.3395728,15.0311472
5448,351,PO,Grzędzice,178.009,53.3583097,14.9723106
5449,351,PO,Miedwiecko,181.311,53.3647758,14.9241997
5450,351,ST,Reptowo,185.692,53.3728819,14.8594606
5451,351,PO,Szczecin Zdunowo,192.057,53.3830306,14.7653633
5452,351,PO,Szczecin Dunikowo,193.880,53.3859,14.738605
5453,351,ST,Szczecin Dąbie,198.491,53.3913622,14.6704439
5454,351,PO,Szczecin Zdroje,201.165,53.3788264,14.6370894
5455,351,ST,Szczecin Główny,213.264,53.4178214,14.5483703
5456,352,ST,Swarzędz,0.000,52.4041528,17.0744983
5457,352,ST,Poznań Franowo,4.944,52.3806965,17.0041653
5458,352,ST,Poznań Starołęka,11.662,52.3673731,16.9312692
5459,353,ST,Poznań Wschód,0.000,52.4190239,16.9741808
5460,353,PO,Ligowiec,4.639,52.435065,17.0369958
5461,353,ST,Kobylnica,7.727,52.4456403,17.0789647
5462,353,POGP,Biskupice Wielkopolskie,14.392,52.4669742,17.1702689
5463,353,PO,Promno,17.530,52.4717603,17.2157939
5464,353,PO,Pobiedziska Letnisko,19.195,52.4742889,17.2398944
5465,353,ST,Pobiedziska,21.795,52.4791736,17.27731
5466,353,PO,Lednogóra,27.763,52.4908781,17.3629808
5467,353,PO,Fałkowo,32.031,52.4985092,17.4245728
5468,353,ST,Pierzyska,35.976,52.5055253,17.4815156
5469,353,ST,Gniezno,44.699,52.5295906,17.6034447
5470,353,PO,Jankowo Dolne,52.705,52.5388339,17.7196144
5471,353,ST,Trzemeszno,60.303,52.5699047,17.8181364
5472,353,ST,Wydartowo,68.345,52.61117,17.9039869
5473,353,ST,Mogilno,74.382,52.6586981,17.94615
5474,353,ST,Kołodziejewo,82.991,52.7128453,18.0348594
5475,353,ST,Janikowo,89.844,52.7486856,18.11593
5476,353,ST,Inowrocław,100.955,52.805405,18.2443867
5477,353,ST,Więcławice,106.831,52.8420331,18.3062869
5478,353,ST,Wierzchosławice,111.522,52.8690706,18.3597603
5479,353,ST,Gniewkowo,115.180,52.8879872,18.4037619
5480,353,PO,Suchatówka,121.007,52.9108689,18.4815564
5481,353,ST,Toruń Główny,135.424,53.0001186,18.6146464
5482,353,ST,Toruń Miasto,137.141,53.0120569,18.6199483
5483,353,ST,Toruń Wschodni,139.092,53.0262042,18.6329542
5484,353,ST,Papowo Toruńskie,145.148,53.0671831,18.6922247
5485,353,PGLP,Turzno,149.923,53.1007758,18.7365033
5486,353,PO,Kamionki Jezioro,154.297,53.1297844,18.7798342
5487,353,PO,Rychnowo Wielkie,156.975,53.1423067,18.8139625
5488,353,ST,Kowalewo Pomorskie,161.474,53.1643092,18.8698311
5489,353,PO,Zieleń,168.600,53.216425,18.9308844
5490,353,ST,Wąbrzeźno,175.038,53.2652731,18.9821167
5491,353,POGP,Książki,184.341,53.3298314,19.0674072
5492,353,ST,Jabłonowo Pomorskie,193.940,53.39323,19.1620225
5493,353,POGP,Ostrowite koło Jabłonowa,202.569,53.4339656,19.2685967
5494,353,PO,Lipinki,207.350,53.4639478,19.3173422
5495,353,ST,Biskupiec Pomorski,213.048,53.4894531,19.3892964
5496,353,ST,Jamielnik,221.925,53.5294083,19.5023606
5497,353,ST,Iława Główna,229.672,53.5824742,19.5737867
5498,353,ST,Rudzienice Suskie,238.728,53.6382197,19.6684422
5499,353,PO,Pikus,243.719,53.6559608,19.7370575
5500,353,ST,Samborowo,249.653,53.6717989,19.8204128
5501,353,ST,Ostróda,259.103,53.6996389,19.9513442
5502,353,PO,Lubajny,264.261,53.7000119,20.02683
5503,353,ST,Stare Jabłonki,268.959,53.6912567,20.0932925
5504,353,ST,Biesal,276.674,53.7202894,20.1940139
5505,353,PO,Unieszewo,283.917,53.7289019,20.2988944
5506,353,ST,Naterki,289.416,53.7461964,20.3765442
5507,353,PO,Olsztyn Dajtki,294.328,53.7656994,20.4382803
5508,353,PO,Olsztyn Zachodni,296.727,53.7780894,20.4671197
5509,353,ST,Olsztyn Główny,298.893,53.7857228,20.4975628
5510,353,PO,Nikielkowo,303.715,53.8026614,20.5645631
5511,353,ST,Łęgajny,307.772,53.8211022,20.6173394
5512,353,ST,Barczewo,313.872,53.8445667,20.6997717
5513,353,PO,Wipsowo,322.631,53.8948164,20.7980061
5514,353,ST,Czerwonka,329.418,53.9145908,20.8941303
5515,353,PO,Górowo,337.506,53.9594708,20.9845267
5516,353,PO,Kolno,341.445,53.9942353,20.99154
5517,353,ST,Sątopy-Samulewo,351.505,54.0734464,21.0242503
5518,353,PO,Łankiejmy,359.969,54.1418442,21.0690361
5519,353,ST,Korsze,366.371,54.1725119,21.1361358
5520,353,PO,Parys,370.661,54.1852656,21.1966811
5521,353,PO,Drogosze,374.660,54.2071383,21.2476931
5522,353,PO,Modgarby,378.590,54.2412415,21.2574758
5523,354,PO,Poznań Podolany,3.261,52.4472642,16.8809933
5524,354,PO,Poznań Strzeszyn,5.000,52.4600547,16.8662947
5525,354,PO,Złotniki Grzybowe,8.157,52.4847069,16.8437656
5526,354,ST,Złotniki,9.525,52.4960311,16.8359375
5527,354,PO,Złotkowo,11.250,52.5109992,16.8305219
5528,354,PO,Golęczewo,13.907,52.5348375,16.8280219
5529,354,PO,Chludowo,16.747,52.5602986,16.8253297
5530,354,ST,Wargowo,19.424,52.5843131,16.8227656
5531,354,PO,Bogdanowo,24.228,52.6306869,16.8178447
5532,354,PO,Oborniki Wielkopolskie Miasto,26.331,52.6461475,16.8204014
5533,354,ST,Oborniki Wielkopolskie,27.788,52.6574261,16.8295381
5534,354,PO,Rożnowo,31.540,52.6792025,16.8717856
5535,354,MPO,Parkowo,35.907,52.7078889,16.9146539
5536,354,ST,Rogoźno Wielkopolskie,42.514,52.7544494,16.9717764
5537,354,PO,Tarnowo Rogozińskie,48.047,52.8039583,16.9752242
5538,354,PO,Sokołowo Budzyńskie,51.912,52.8384494,16.9691883
5539,354,ST,Budzyń,58.169,52.8942667,16.9660722
5540,354,PO,Ostrówki koło Chodzieży,63.337,52.9332194,16.926815
5541,354,ST,Chodzież,70.439,52.9938233,16.9094906
5542,354,PO,Milcz,77.356,53.0417972,16.8581925
5543,354,ST,Dziembówko,82.098,53.0708328,16.8153414
5544,354,PO,Piła Kalina,85.802,53.0997294,16.788315
5545,354,ST,Piła Główna,92.538,53.1428142,16.7439853
5546,355,ST,Ostrów Wielkopolski,0.000,51.6492981,17.8052061
5547,355,ST,Topola-Osiedle,5.282,51.6129414,17.7621628
5548,355,PO,Tarchały Wielkie,10.407,51.5870081,17.7014258
5549,355,ST,Odolanów,13.122,51.5747281,17.6678606
5550,355,PO,Garki,17.359,51.5399464,17.6486225
5551,355,ST,Granowiec,20.484,51.5119433,17.6452544
5552,355,ST,Sośnie Ostrowskie,25.037,51.4711953,17.6394311
5553,355,PO,Pawłów Wielkopolski,30.668,51.4218047,17.6546986
5554,355,MPO,Międzybórz,33.668,51.397711,17.6650165
5555,355,MPO,Bukowina Sycowska,38.980,51.3881986,17.5834414
5556,355,ST,Twardogóra,47.682,51.3603483,17.4691881
5557,355,ST,Grabowno Wielkie,53.578,51.3433531,17.4034647
5558,356,ST,Poznań Wschód,0.000,52.4190239,16.9741808
5559,356,PO,Poznań Karolin,2.479,52.4389872,16.9815633
5560,356,ST,Czerwonak,5.798,52.4685303,16.9795869
5561,356,PO,Czerwonak Osiedle,7.120,52.4803522,16.9780169
5562,356,PO,Owińska,10.810,52.5114417,16.9875858
5563,356,ST,Bolechowo,14.015,52.5397747,16.9790853
5564,356,PO,Zielone Wzgórza,17.650,52.5652231,17.00857
5565,356,ST,Murowana Goślina,18.849,52.5750475,17.0157664
5566,356,PO,Przebędowo,19.950,52.5835861,17.0236722
5567,356,PO,Łopuchowo,25.861,52.6134472,17.0947717
5568,356,PO,Łopuchowo Osiedle,27.050,52.6189961,17.1097239
5569,356,ST,Sława Wielkopolska,30.103,52.6342178,17.1440219
5570,356,PO,Roszkowo Wągrowieckie,38.786,52.7087361,17.1762656
5571,356,PO,Przysieczyn,43.838,52.7539217,17.1839744
5572,356,ST,Wągrowiec,51.375,52.80954,17.2020147
5573,356,PO,Kobylec,57.193,52.8483567,17.2008236
5574,356,PO,Grylewo,62.067,52.8878308,17.2278147
5575,356,PO,Laskownica,65.624,52.9159242,17.2509614
5576,356,PO,Panigródz,76.142,52.9574,17.39797
5577,356,PO,Grocholin,81.766,52.9889605,17.4295789
5578,356,PO,Pińsko Wielkopolskie,98.233,,
5579,356,PO,Kołaczkowo,107.767,53.0318629,17.7862277
5580,356,ST,Bydgoszcz Główna,127.800,53.1353269,17.9913603
5581,357,PO,Powodowo,34.561,52.12328,16.0538589
5582,357,ST,Wolsztyn,38.858,52.1117392,16.1079161
5583,357,PO,Adamowo,43.523,52.1037664,16.1548458
5584,357,PO,Tłoki,45.390,52.1162269,16.1722283
5585,357,PO,Rostarzewo,49.383,52.1349853,16.2069617
5586,357,ST,Rakoniewice,53.489,52.1388044,16.2652117
5587,357,PO,Drzymałowo,56.475,52.1569772,16.2969086
5588,357,PO,Ruchocice,60.386,52.1772517,16.3418428
5589,357,ST,Grodzisk Wielkopolski,67.769,52.2302878,16.3641069
5590,357,PO,Grąblewo,70.965,52.23579,16.3895367
5591,357,PO,Ptaszkowo,74.623,52.2292169,16.4413464
5592,357,PO,Kotowo,77.497,52.2283506,16.4833725
5593,357,ST,Granowo,80.698,52.2255467,16.5300069
5594,357,PO,Strykowo Poznańskie,87.660,52.2434139,16.6136739
5595,357,ST,Stęszew,95.467,52.2801703,16.7096558
5596,357,PO,Trzebaw Rosnówko,99.997,52.2965911,16.7679228
5597,357,ST,Szreniawa,103.348,52.3174228,16.7992539
5598,357,PO,Wiry,108.208,52.3152314,16.8680519
5599,357,ST,Luboń koło Poznania,111.587,52.3441894,16.8931064
5600,358,ST,Zbąszynek,0.000,52.2420039,15.8174564
5601,358,ST,Babimost,9.228,52.1684456,15.8151447
5602,358,PO,Łęgowo Sulechowskie,20.442,52.1324128,15.6745464
5603,358,ST,Sulechów,26.378,52.0928158,15.6185731
5604,358,ST,Czerwieńsk,43.834,52.0152294,15.4121008
5605,358,PO,Nietków,48.700,52.0258994,15.3433958
5606,358,PO,Laski Odrzańskie,51.540,52.0360228,15.3058531
5607,358,PO,Szczawno - Ciemnice,56.518,52.0394678,15.2338981
5608,358,ST,Krosno Odrzańskie,66.386,52.0318903,15.0938631
5609,358,MPO,Wężyska,76.609,52.0127417,14.9515011
5610,358,ST,Wałowice,88.043,51.9845372,14.7940233
5611,358,ST,Gubin,93.127,51.9784358,14.7209047
5612,359,ST,Leszno,0.000,51.8459897,16.5652194
5613,359,PO,Wilkowice,5.084,51.8867389,16.54129
5614,359,PO,Krzycko Wielkie,11.537,51.9041339,16.4528781
5615,359,ST,Włoszakowice,17.893,51.9327167,16.3736719
5616,359,PO,Boszkowo,22.025,51.9609033,16.3353644
5617,359,PO,Starkowo,24.586,51.9790144,16.3123531
5618,359,PO,Błotnica,26.400,51.9929683,16.3005178
5619,359,PO,Perkowo,28.995,52.0035153,16.2700383
5620,359,ST,Nowawieś Mochy,32.946,52.0147161,16.2157214
5621,359,PO,Nowy Solec,35.262,52.0306567,16.1949175
5622,359,PO,Wroniawy,39.113,52.0598422,16.1650103
5623,359,PO,Nowy Widzim,41.892,52.0806811,16.1426658
5624,359,ST,Wolsztyn,46.089,52.1117392,16.1079161
5625,359,PO,Tuchorza,53.581,52.1678192,16.0473981
5626,359,PO,Belęcin Wielkopolski,58.415,52.2037828,16.0082594
5627,359,ST,Stefanowo,62.775,52.236185,15.9720592
5628,359,PO,Zbąszyń Przedmieście,66.619,52.2568319,15.9271206
5629,359,ST,Zbąszyń,68.877,52.25936,15.8946839
5630,360,ST,Jarocin,0.204,51.9688469,17.4947275
5631,360,PO,Brzostów Wielkopolski,4.773,,
5632,360,PO,Góra,9.295,51.6681499,16.5393277
5633,360,PO,Łobzowiec,11.998,51.95604,17.34341
5634,360,PO,Wojciechowo,14.152,52.4536111,18.4725
5635,360,PO,Borek Wielkopolski,19.885,51.916153,17.2425955
5636,360,PO,Strumiany,22.095,53.4456445,14.8854197
5637,360,PO,Zalesie Wielkopolskie,25.620,51.8957451,17.1572615
5638,360,PO,Godurowo,27.773,51.8949853,17.121487
5639,360,PO,Piaski Wielkopolskie,31.981,51.8823454,17.0667679
5640,360,PO,Gola,39.642,51.4395394,16.2098066
5641,360,PO,Kosowo Wielkopolskie,42.969,51.8793108,16.9085048
5642,360,PO,Krzemieniewo,47.585,51.8582756,16.8338586
5643,360,PO,Garzyn,51.251,51.866705,16.7875708
5644,360,ST,Kąkolewo,58.638,51.8577992,16.6868083
5645,362,ST,Kobylin,0.666,51.7200247,17.2238564
5646,362,PO,Smolice,4.040,52.1029001,19.0542164
5647,362,PO,Jutrosin,7.685,51.6536197,17.1689896
5648,362,PO,Dłoń,13.184,51.6897668,17.0717336
5649,362,PO,Oczkowice,15.844,51.6920673,17.0391262
5650,362,PO,Sobiałkowo,18.708,51.6658955,16.9952074
5651,362,PO,Sarnowa,26.302,52.3761111,18.2675
5652,362,PO,Rawicz Wschód,29.887,,
5653,362,ST,Rawicz,32.787,51.6086578,16.8398733
5654,363,ST,Międzychód,63.223,52.6046468,15.8935386
5655,363,ST,Wierzbno,71.502,52.1898719,21.0167966
5656,363,PO,Chełmsko,86.859,52.5809828,15.5627115
5657,363,ST,Skwierzyna,92.635,52.5904728,15.4996847
5658,364,ST,Wierzbno,0.000,52.1898719,21.0167966
5659,364,PO,Zielomyśl,4.392,52.5286742,15.7741376
5660,364,PO,Pszczew,8.793,52.4792371,15.7783386
5661,364,PO,Policko,15.641,52.4568965,15.6983602
5662,364,PO,Bobowicko,19.136,52.4430284,15.6437744
5663,364,ST,Międzyrzecz,22.880,52.4453136,15.592925
5664,364,PO,Gorzyca,30.292,52.4993642,14.6575042
5665,364,PO,Kursko,34.237,52.4411559,15.4425511
5666,364,PO,Templewo,37.240,52.44448,15.38884
5667,364,PO,Wędrzyn,51.605,52.4441745,15.1928728
5668,364,PO,Sulęcin,58.767,52.4413768,15.1161501
5669,364,PO,Smogóry,67.161,52.4400641,14.9997961
5670,364,PO,Ośno Lubuskie,76.475,52.455132,14.8682003
5671,364,PO,Lubiechnia Mała,82.619,52.4078135,14.8452952
5672,364,ST,Rzepin,88.992,52.3499083,14.8152897
5673,367,ST,Zbąszynek,0.000,52.2420039,15.8174564
5674,367,PO,Dąbrówka Wielkopolska,5.226,52.2777058,15.8000931
5675,367,PO,Chociszewo Rogoziniec,9.129,52.3071839,15.7698622
5676,367,ST,Lutol Suchy,13.360,52.3437439,15.7546606
5677,367,PO,Panowice,15.646,52.3605114,15.7349803
5678,367,PO,Bukowiec Międzyrzecki,19.058,52.3852739,15.7064531
5679,367,ST,Międzyrzecz,29.896,52.4453136,15.592925
5680,367,PO,Głębokie Międzyrzeckie,36.039,52.4846831,15.5341072
5681,367,PO,Popowo Skwierzyńskie,41.912,52.53595,15.5221781
5682,367,ST,Skwierzyna,48.397,52.5904728,15.4996847
5683,367,PO,Trzebiszewo,56.295,52.6254933,15.4055306
5684,367,PO,Brzozowiec Gorzowski,60.634,52.6533253,15.3671989
5685,367,PO,Deszczno,65.420,52.6719342,15.3063422
5686,367,PO,Gorzów Wielkopolski Karnin,68.022,52.6892175,15.2805119
5687,367,ST,Gorzów Wielkopolski Zieleniec,69.757,52.6997881,15.2615797
5688,367,PO,Gorzów Wielkopolski Zamoście,72.727,52.7225192,15.2391822
5689,367,ST,Gorzów Wielkopolski,73.635,52.7272817,15.2293314
5690,368,ST,Szamotuły,0.000,52.6034083,16.5855972
5691,368,PO,Szczepankowo,6.191,53.1204173,21.9498582
5692,368,PO,Dobrojewo,12.256,53.2256776,15.7522938
5693,368,PO,Binino,15.084,52.6387469,16.3860157
5694,368,PO,Nojewo,21.429,52.5987742,16.3129794
5695,368,PO,Kikowo,24.456,53.8841893,16.2773996
5696,368,PO,Ryżyn,34.143,52.6401206,16.1744527
5697,368,ST,Sieraków Wielkopolski,40.013,52.6507667,16.081592
5698,368,PO,Kłosowice,44.079,53.53578,14.75658
5699,368,ST,Międzychód,56.047,52.6046468,15.8935386
5700,370,ST,Zielona Góra Główna,0.000,51.9474708,15.5141647
5701,370,PO,Słone,9.090,52.6315444,18.9384213
5702,370,PO,Buchałów,11.330,51.9169533,15.3628119
5703,370,PO,Letnica,16.475,51.8900525,15.3187275
5704,370,PO,Koźla Kożuchowska,18.732,51.8726558,15.3190331
5705,370,PO,Bogaczów,23.632,51.8440419,15.2680233
5706,370,ST,Nowogród Osiedle,29.854,51.7953072,15.2257889
5707,370,ST,Bieniów,40.630,51.7160389,15.1786528
5708,370,PO,Lubanice,45.750,51.6922447,15.1205267
5709,370,PO,Grabik,49.898,51.6552428,15.1162669
5710,370,PO,Żary Muzyków,51.454,51.6430908,15.11654
5711,370,ST,Żary,53.326,51.6343906,15.1377142
5712,374,PO,Motylewo,37.812,52.68073,15.04865
5713,374,ST,Piła Główna,43.087,53.1428142,16.7439853
5714,375,ST,Międzyrzecz,0.000,52.4453136,15.592925
5715,375,PO,Kaława,11.323,52.3690038,15.5335176
5716,375,PO,Łagów,32.752,52.3359678,15.3009853
5717,375,ST,Toporów,42.085,52.2602283,15.2615669
5718,377,ST,Gniezno Winiary,0.000,52.5595611,17.61163
5719,377,PO,Obora Wielkopolska,5.969,,
5720,377,PO,Dębnica Wielkopolska,9.400,,
5721,377,PO,Kłecko Wielkopolskie,15.512,52.6324247,17.4282911
5722,377,PO,Olekszyn,21.477,52.6211659,17.320723
5723,377,PO,Rybno Wielkie,25.531,52.612056,17.289117
5724,377,PO,Kiszkowo,29.190,52.5900887,17.2618579
5725,377,ST,Sława Wielkopolska,39.270,52.6342178,17.1440219
5726,379,ST,Sulechów,33.052,52.0928158,15.6185731
5727,380,ST,Jankowa Żagańska,0.000,51.5670406,15.1808644
5728,380,PO,Sanice,31.771,51.4096295,14.9784935
5729,382,ST,Legnica,113.304,51.2136928,16.1679108
5730,389,ST,Żagań,0.088,51.6042572,15.3150156
5731,389,ST,Jankowa Żagańska,11.111,51.5670406,15.1808644
5732,394,ST,Poznań Krzesiny,0.000,52.3405525,16.9774867
5733,394,ST,Poznań Franowo,7.150,52.3806965,17.0041653
5734,394,ST,Kobylnica,15.978,52.4456403,17.0789647
5735,395,ST,Kiekrz,20.368,52.4757833,16.79008
5736,401,ST,Szczecin Dąbie,0.000,53.3913622,14.6704439
5737,401,PO,Szczecin Dąbie Osiedle,2.320,53.3913468,14.6704623
5738,401,PO,Szczecin Trzebusz,3.876,53.4117556,14.71298
5739,401,PODS,Szczecin Załom,6.745,53.4295083,14.7439628
5740,401,ST,Kliniska,11.236,53.4609314,14.7839867
5741,401,POGP,Rurka,14.960,53.4936231,14.7958792
5742,401,PO,Goleniów Park Przemysłowy,19.090,53.5295706,14.8100417
5743,401,ST,Goleniów,22.972,53.5594669,14.8396789
5744,401,ST,Białuń,29.167,53.6143658,14.8405228
5745,401,POGP,Łoźnica,37.734,53.6898,14.8660089
5746,401,ST,Rokita,46.245,53.7655303,14.8555008
5747,401,ST,Wysoka Kamieńska,53.174,53.8253306,14.8321614
5748,401,ST,Parłówko,59.378,53.8455408,14.7499681
5749,401,PO,Troszyn,61.461,53.8442075,14.7186081
5750,401,ST,Recław,66.604,53.8403,14.62757
5751,401,PO,Wolin,68.729,53.8486889,14.6095622
5752,401,POGP,Mokrzyca Wielka,72.545,53.8761147,14.5790333
5753,401,PO,Ładzin,76.698,53.9105217,14.5627475
5754,401,ST,Warnowo,79.740,53.9281047,14.5336925
5755,401,PO,Międzyzdroje,85.623,53.9241989,14.4549942
5756,401,ST,Lubiewo,88.518,53.9154239,14.4180822
5757,401,PO,Świnoujście Przytór,94.464,53.8974297,14.3367467
5758,401,PO,Świnoujście Warszów,97.832,53.9002942,14.2859106
5759,401,ST,Świnoujście,99.398,53.9047825,14.2667269
5760,401,PO,Świnoujście Port,99.971,53.9012028,14.2601203
5761,402,ST,Koszalin,0.000,54.1907156,16.1697225
5762,402,ST,Mścice,8.410,54.2142331,16.0736719
5763,402,PO,Kazimierz Pomorski,11.650,54.2249339,16.0249817
5764,402,PO,Będzino,14.149,54.2111983,15.9920614
5765,402,PO,Słowienkowo,17.420,54.2072342,15.9424367
5766,402,PO,Tymień,23.890,54.2053375,15.844725
5767,402,PO,Łasin Koszaliński,28.240,54.2189902,15.8122314
5768,402,ST,Ustronie Morskie,30.168,54.2005,15.7492064
5769,402,PO,Kołobrzeg Amfiteatr,40.690,54.1810958,15.5956231
5770,402,ST,Kołobrzeg,42.432,54.1822856,15.5703
5771,402,PO,Kołobrzeg Stadion,43.606,54.1750483,15.5591281
5772,402,PO,Kołobrzeg Radzikowo,45.375,54.1622833,15.5435772
5773,402,PO,Korzystno,48.331,54.1434562,15.5157778
5774,402,PO,Stary Borek,50.270,54.1380261,15.4817722
5775,402,PO,Głowaczewo,53.243,54.1306036,15.4380836
5776,402,PO,Karcino,56.920,54.1088131,15.3971558
5777,402,PO,Bieczyno Pomorskie,60.240,54.0955964,15.3528781
5778,402,ST,Trzebiatów,66.711,54.0604614,15.2775481
5779,402,PO,Gąbin,72.430,54.0106119,15.28689
5780,402,PO,Górzyca Reska,78.790,53.9694328,15.2335114
5781,402,ST,Gryfice,85.570,53.9150081,15.1917886
5782,402,PO,Baszewice,91.555,53.8631461,15.1923064
5783,402,ST,Płoty,99.266,53.8081569,15.2612872
5784,402,PO,Wyszogóra,107.574,53.7482754,15.2260533
5785,402,PO,Żabowo,110.738,53.7172,15.1900189
5786,402,ST,Nowogard,118.237,53.6661078,15.1211797
5787,402,PO,Wyszomierz,124.218,53.6258289,15.063335
5788,402,PO,Osina,128.086,53.6088264,15.0124431
5789,402,PO,Mosty,134.315,53.5740392,14.9399911
5790,402,ST,Goleniów,142.131,53.5594669,14.8396789
5791,403,PO,Skrzatusz,13.964,53.2031838,16.5814156
5792,403,PO,Dobino Wałeckie,16.882,53.2265022,16.5250028
5793,403,ST,Wałcz,23.091,53.275035,16.4843089
5794,403,PO,Strączno,32.842,53.2431078,16.3608586
5795,403,PO,Rutwica,38.749,53.2293764,16.2827558
5796,403,PO,Jeziorki Wałeckie,50.835,53.2255719,16.1079247
5797,403,PO,Krępa Krajeńska,54.241,53.2277803,16.0576531
5798,403,PO,Biały Zdrój Południowy,62.008,53.2565286,15.9544381
5799,403,ST,Kalisz Pomorski,67.578,53.2777794,15.8807047
5800,403,PO,Cybowo,72.962,53.29334,15.8161103
5801,403,ST,Prostynia,76.101,53.3051992,15.7739519
5802,403,PO,Żółwino,82.143,53.2890106,15.6909053
5803,403,MPO,Recz Pomorski,91.381,53.2706261,15.5612922
5804,403,PO,Sokoliniec,96.282,53.2940289,15.5055169
5805,403,MPO,Tarnowo Pomorskie,107.146,53.3063822,15.3658
5806,403,PO,Sulino,110.803,53.3180628,15.3148972
5807,403,PO,Barzkowice,114.327,53.3270203,15.2641611
5808,403,PO,Pęzino,118.966,53.3354386,15.1960553
5809,403,ST,Ulikowo,124.764,53.3486069,15.11762
5810,404,ST,Szczecinek,0.000,53.6935083,16.7049019
5811,404,PO,Szczecinek Chyże,3.900,53.7186619,16.6961017
5812,404,PO,Szczecinek Bugno,4.825,53.7232167,16.6843928
5813,404,ST,Dalęcino,10.548,53.7478231,16.6087364
5814,404,PO,Przeradz,15.980,53.7705333,16.5367289
5815,404,ST,Iwin,19.048,53.7950164,16.5155478
5816,404,ST,Grzmiąca,27.049,53.8325453,16.4193931
5817,404,ST,Wielanowo,34.733,53.8737472,16.3263358
5818,404,ST,Tychowo,42.907,53.9214781,16.2350878
5819,404,ST,Podborsko,49.408,53.9342033,16.1388356
5820,404,ST,Białogard,63.521,54.0097964,15.9776486
5821,404,ST,Karlino,71.621,54.0452461,15.8832608
5822,404,PO,Daszewo,75.290,54.0774539,15.8746997
5823,404,ST,Wrzosowo,80.063,54.1145122,15.8379125
5824,404,PO,Jazy,83.650,54.1290842,15.7907983
5825,404,ST,Dygowo,88.027,54.140855,15.7268914
5826,404,PO,Stramnica,93.278,54.1548892,15.6501553
5827,404,PO,Kołobrzeg Ogrody,97.499,54.1763981,15.5973683
5828,404,ST,Kołobrzeg,99.416,54.1822856,15.5703
5829,405,ST,Piła Główna,0.252,53.1428142,16.7439853
5830,405,ST,Stara Łubianka,14.090,53.2319867,16.7050992
5831,405,ST,Płytnica,21.790,53.2950456,16.7503258
5832,405,ST,Jastrowie,34.835,53.4080894,16.7980233
5833,405,PO,Jastrowie Miasto,37.000,53.4256081,16.8118739
5834,405,ST,Okonek,48.074,53.5200567,16.8304631
5835,405,PO,Brokęcino,53.370,53.5622008,16.8180133
5836,405,PO,Lotyń,58.270,53.5998894,16.7797667
5837,405,ST,Turowo Pomorskie,64.752,53.6471711,16.7228931
5838,405,ST,Szczecinek,70.711,53.6935083,16.7049019
5839,405,PO,Gwda Mała,80.140,53.7319167,16.8277603
5840,405,PO,Drzonowo,89.110,53.8069278,16.8662383
5841,405,MLP,Biały Bór,98.328,53.8868531,16.8554594
5842,405,PO,Słosinko,108.725,53.9417258,16.9774069
5843,405,ST,Miastko,115.907,53.9983808,16.9653469
5844,405,MPO,Kawcze,125.929,54.0719872,16.8839378
5845,405,PO,Przytocko,132.107,54.1232956,16.8575125
5846,405,PO,Ciecholub,138.307,54.1725697,16.8878003
5847,405,PO,Biesowice,140.717,54.1936181,16.8878136
5848,405,PO,Kępka,143.394,54.2161933,16.8973228
5849,405,MPO,Kępice,146.252,54.2414914,16.8907542
5850,405,PO,Korzybie,152.618,54.2964442,16.8737911
5851,405,PO,Wrząca Pomorska,158.908,54.3434725,16.9171558
5852,405,MPO,Słonowice,163.506,54.3830617,16.9262083
5853,405,PO,Widzino,169.068,54.4287167,16.9624931
5854,405,PO,Kobylnica Słupska,171.274,54.4423914,16.9860681
5855,405,ST,Słupsk,175.004,54.4672944,17.0165414
5856,405,PO,Słupsk Północny,176.928,54.4835003,17.014455
5857,405,PO,Strzelinko,181.829,54.5130647,16.963275
5858,405,PO,Gałęzinowo,183.727,54.522995,16.9397847
5859,405,MPO,Charnowo Słupskie,185.327,54.5318656,16.9204397
5860,405,ST,Ustka,192.109,54.5782536,16.8622103
5861,405,PO,Ustka Uroczysko,193.285,54.5798175,16.8456647
5862,406,ST,Szczecin Główny,0.238,53.4178214,14.5483703
5863,406,PO,Szczecin Pomorzany,2.000,53.4139364,14.5300232
5864,406,PO,Szczecin Cmentarz Centralny,2.930,53.4220566,14.5271826
5865,406,PO,Szczecin Pogodno,4.840,53.4375215,14.5231946
5866,406,PO,Szczecin Łękno,6.049,53.446282,14.5218965
5867,406,PO,Szczecin Niemierzyn,6.730,53.4510358,14.5319356
5868,406,PO,Szczecin Drzetowo,9.425,53.4495299,14.569757
5869,406,PO,Szczecin Żelechowa,10.800,53.4592494,14.5774931
5870,406,PO,Szczecin Golęcino,11.681,53.4644388,14.5897975
5871,406,PO,Szczecin Gocław,13.220,53.4801737,14.6082285
5872,406,PO,Szczecin Stołczyn Północny,16.935,53.5054113,14.6148663
5873,406,PO,Szczecin Skolwin Północny,20.850,53.5309517,14.5887126
5874,406,PO,Szczecin Mścięcino,21.454,,
5875,406,PO,Police Dąbrówka,22.490,53.5418603,14.5706727
5876,406,PO,Police Zakład,25.990,,
5877,406,PO,Dębostrów,31.305,53.6044223,14.520782
5878,406,PO,Niekłończyca Uniemyśl,32.975,53.6169044,14.5082422
5879,407,ST,Wysoka Kamieńska,0.000,53.8253306,14.8321614
5880,407,PO,Stawno,4.709,53.8675853,14.8277322
5881,407,PO,Górki Pomorskie,8.225,53.8991306,14.8242822
5882,407,PO,Jarszewo,11.996,53.9295517,14.8000569
5883,407,ST,Kamień Pomorski,16.643,53.9661069,14.7739508
5884,408,ST,Szczecin Główny,0.239,53.4178214,14.5483703
5885,408,ST,Szczecin Gumieńce,4.779,53.3978189,14.4946608
5886,409,ST,Szczecin Gumieńce,0.116,53.3978189,14.4946608
5887,410,ST,Złocieniec,65.341,53.5279664,16.0185353
5888,410,PO,Osiek Drawski,72.481,53.4791415,16.0519419
5889,410,PO,Stara Korytnica,94.150,53.3020849,16.0396305
5890,410,PO,Biały Zdrój Północny,98.920,,
5891,410,PO,Kalisz Pomorski Miasto,103.107,53.2894599,15.9035813
5892,410,ST,Kalisz Pomorski,105.823,53.2777794,15.8807047
5893,410,PO,Dębsko Pomorskie,109.419,,
5894,410,PO,Sieniawa Drawska,114.280,,
5895,410,PO,Kiełpino,125.444,54.2914279,18.2267429
5896,410,PO,Suliszewo Choszczeńskie,128.892,,
5897,410,PO,Smoleń,138.856,50.438944,19.6791135
5898,410,ST,Choszczno,143.481,53.1653108,15.4032617
5899,411,ST,Stargard,0.000,53.3395728,15.0311472
5900,411,PO,Stargard Osiedle,2.535,53.3462593,15.0009038
5901,411,PO,Obryta,14.596,53.2212595,14.9795283
5902,411,PO,Okunica,18.900,53.1951747,14.9353182
5903,413,ST,Człuchów,0.000,53.6576831,17.3710994
5904,413,PO,Kiełpin,6.901,53.7108179,17.3964303
5905,413,PO,Czosnowo,17.582,54.2874846,19.8928541
5906,417,ST,Szczecin Dąbie,36.060,53.3913622,14.6704439
5907,418,ST,Sławno,15.578,54.3557897,16.6712097
5908,418,PO,Boleszewo,21.670,54.3726822,16.5840614
5909,418,PO,Nowy Jarosław,26.060,54.3924789,16.5258456
5910,418,PO,Sińczyca,28.700,54.3995222,16.4873731
5911,421,ST,Świdwin,24.447,53.7811531,15.7727336
5912,427,ST,Mścice,0.000,54.2142331,16.0736719
5913,427,PO,Mielno,5.025,54.2542172,16.0540975
5914,428,ST,Szczecin Dąbie,0.000,53.3913622,14.6704439
5915,428,PO,Szczecin Zdroje,2.670,53.3788264,14.6370894
5916,428,ST,Szczecin Podjuchy,6.929,53.3603228,14.5864328
5917,430,PO,Cychry,228.087,51.8914586,20.6563986
5918,430,PO,Krześnica Sarbinowo,231.683,52.6562596,14.6974609
5919,430,ST,Kostrzyn,240.452,52.5913225,14.6470008
5920,433,ST,Szczecin Główny,0.086,53.4178214,14.5483703
5921,433,ST,Szczecin Gumieńce,3.197,53.3978189,14.4946608
5922,434,PO,Port Lotniczy Szczecin Goleniów,3.853,53.5936131,14.8976983
5923,439,ST,Szczecin Port Centralny,0.178,53.41023,14.5701531
5924,440,ST,Warszawa Okęcie,0.001,52.1657531,20.9872733
5925,440,ST,Warszawa Lotnisko Chopina,1.902,52.1697086,20.975785
5926,445,ST,Warszawa Zachodnia,3.082,52.2200903,20.9651803
5927,445,POGP,Warszawa Aleje Jerozolimskie,6.068,52.2042044,20.9427467
5928,446,ST,Terespol,209.914,52.0740333,23.6010197
5929,447,ST,Warszawa Zachodnia,3.082,52.2200903,20.9651803
5930,447,POGP,Warszawa Włochy,6.804,52.206915,20.9171483
5931,447,PO,Warszawa Ursus,9.165,52.1960064,20.8842408
5932,447,PO,Warszawa Ursus Niedźwiadek,10.345,52.1911375,20.8692217
5933,447,PO,Piastów,12.457,52.1824286,20.8423403
5934,447,ST,Pruszków,15.891,52.1680597,20.7983506
5935,447,PO,Parzniew,18.631,52.1564033,20.7631925
5936,447,PO,Brwinów,22.057,52.1418478,20.7190086
5937,447,PO,Milanówek,26.005,52.1250875,20.6681803
5938,447,ST,Grodzisk Mazowiecki,29.548,52.1101483,20.6224214
5939,448,ST,Warszawa Zachodnia,-2.440,52.2200903,20.9651803
5940,448,PO,Warszawa Ochota,-0.907,52.2258672,20.9907656
5941,448,PO,Warszawa Śródmieście,0.300,52.2294958,21.0076031
5942,448,PO,Warszawa Powiśle,1.790,52.2337017,21.0280531
5943,448,PO,Warszawa Stadion,3.196,52.2448136,21.0439217
5944,448,ST,Warszawa Wschodnia,4.254,52.2512736,21.0524594
5945,448,ST,Warszawa Rembertów,11.753,52.2570944,21.1584269
5946,449,ST,Warszawa Rembertów,12.800,52.2570944,21.1584269
5947,449,PO,Warszawa Mokry Ług,17.178,52.2772364,21.1704861
5948,449,PO,Zielonka Bankowa,19.129,52.2914514,21.1539889
5949,449,ST,Zielonka,21.556,52.3127797,21.1600711
5950,452,ST,Warszawa Wschodnia,4.690,52.2512736,21.0524594
5951,453,ST,Terespol,210.076,52.0740333,23.6010197
5952,456,ST,Warszawa Praga,15.909,52.2779108,21.0222194
5953,456,PO,Warszawa Płudy,16.875,52.3337133,20.9861386
5954,456,PO,Warszawa Choszczówka,19.700,52.3577267,20.9724161
5955,456,ST,Legionowo,25.190,52.4020111,20.9408914
5956,456,PO,Legionowo Przystanek,27.478,52.4116064,20.9120586
5957,456,PO,Chotomów,29.393,52.4157067,20.8846314
5958,457,POGP,Warszawa Włochy,7.136,52.206915,20.9171483
5959,458,ST,Łódź Fabryczna,0.091,51.7694772,19.4700042
5960,458,ST,Łódź Widzew,3.344,51.7633217,19.5433675
5961,501,ST,Warszawa Praga,0.800,52.2779108,21.0222194
5962,502,ST,Warszawa Praga,0.061,52.2779108,21.0222194
5963,504,ST,Warszawa Praga,0.040,52.2779108,21.0222194
5964,505,ST,Warszawa Praga,0.040,52.2779108,21.0222194
5965,506,PO,Warszawa Gocławek,10.775,52.2378728,21.1343172
5966,506,ST,Warszawa Wawer,12.579,52.2233742,21.1499233
5967,507,POGP,Warszawa Gołąbki,2.351,52.2083922,20.8637825
5968,509,ST,Warszawa Gdańska,9.775,52.2591917,20.9934489
5969,510,POGP,Warszawa Aleje Jerozolimskie,3.911,52.2042044,20.9427467
5970,511,ST,Legionowo,0.100,52.4020111,20.9408914
5971,511,ST,Legionowo Piaski,1.019,52.4126361,20.9428689
5972,513,ST,Krusze,0.001,52.4273331,21.3704431
5973,513,ST,Tłuszcz,3.259,52.4307858,21.4345219
5974,515,ST,Białystok,0.001,53.1339108,23.1359611
5975,515,ST,Białystok Starosielce,1.949,53.1219008,23.0861814
5976,516,ST,Białystok,0.159,53.1339108,23.1359611
5977,516,ST,Białystok Starosielce,1.531,53.1219008,23.0861814
5978,519,ST,Białystok,0.549,53.1339108,23.1359611
5979,521,ST,Mińsk Mazowiecki,0.001,52.1758481,21.5517764
5980,522,ST,Mińsk Mazowiecki,1.669,52.1758481,21.5517764
5981,523,ST,Łuków,1.146,51.9418419,22.3893064
5982,525,ST,Czachówek Południowy,-0.067,51.9581281,21.081565
5983,525,POGP,Czachówek Wschodni,1.643,51.9720689,21.0964067
5984,526,ST,Czachówek Południowy,1.254,51.9581281,21.081565
5985,527,ST,Czachówek Południowy,0.002,51.9581281,21.081565
5986,527,POGP,Czachówek Wschodni,1.804,51.9720689,21.0964067
5987,528,ST,Czachówek Południowy,1.287,51.9581281,21.081565
5988,529,ST,Skierniewice,1.796,51.9671575,20.1498425
5989,530,ST,Skierniewice,0.578,51.9671575,20.1498425
5990,531,ST,Łowicz Główny,0.070,52.1043258,19.9560783
5991,531,ST,Łowicz Przedmieście,1.471,52.0930397,19.9468153
5992,532,ST,Łowicz Główny,0.117,52.1043258,19.9560783
5993,532,ST,Łowicz Przedmieście,1.462,52.0930397,19.9468153
5994,533,ST,Łowicz Główny,0.758,52.1043258,19.9560783
5995,534,ST,Koluszki,0.625,51.7453014,19.8193356
5996,534,ST,Słotwiny,3.213,51.722175,19.8395131
5997,535,ST,Koluszki,1.410,51.7453014,19.8193356
5998,536,ST,Słotwiny,0.618,51.722175,19.8395131
5999,536,ST,Koluszki,2.495,51.7453014,19.8193356
6000,537,ST,Słotwiny,2.907,51.722175,19.8395131
6001,538,ST,Koluszki,0.700,51.7453014,19.8193356
6002,539,ST,Łódź Kaliska,0.001,51.7585044,19.4299433
6003,540,ST,Łódź Chojny,0.832,51.726255,19.4844889
6004,540,PO,Łódź Dąbrowa,2.673,51.735885,19.5105011
6005,540,PO,Łódź Zarzew,4.448,51.7518183,19.5132197
6006,540,ST,Łódź Widzew,6.802,51.7633217,19.5433675
6007,541,ST,Łódź Widzew,0.766,51.7633217,19.5433675
6008,541,PO,Łódź Andrzejów Szosa,5.504,51.7416444,19.6128989
6009,541,ST,Łódź Olechów,7.366,51.7286885,19.5724981
6010,542,ST,Zduńska Wola Karsznice,7.092,51.5889544,18.9948847
6011,545,ST,Warszawa Praga,0.348,52.2779108,21.0222194
6012,546,ST,Warszawa Rembertów,9.926,52.2570944,21.1584269
6013,548,ST,Warszawa Gdańska,0.050,52.2591917,20.9934489
6014,549,ST,Warszawa Gdańska,0.050,52.2591917,20.9934489
6015,550,ST,Łódź Kaliska,6.360,51.7585044,19.4299433
6016,551,ST,Łódź Kaliska,6.212,51.7585044,19.4299433
6017,556,ST,Białystok,175.722,53.1339108,23.1359611
6018,558,ST,Skierniewice,0.543,51.9671575,20.1498425
6019,562,ST,Lublin Tatary,0.934,51.2376208,22.6189293
6020,563,ST,Rejowiec,0.800,51.1175925,23.2391308
6021,565,PO,Stalowa Wola Charzewice,0.594,50.6031517,22.0251942
6022,566,ST,Skarżysko-Kamienna,1.000,51.1159431,20.8816053
6023,567,ST,Kielce Herbskie,1.779,50.8858328,20.6040994
6024,568,ST,Sitkówka Nowiny,-1.172,50.8182667,20.5504108
6025,569,POGP,Brzeziny,2.979,50.7774119,20.5658858
6026,572,ST,Włoszczowa Północ,-0.740,50.856555,19.9461369
6027,572,ST,Żelisławice,7.729,50.8036619,19.8579275
6028,576,ST,Wolanów,0.073,51.3534319,20.9984867
6029,576,ST,Rożki,4.080,51.3380708,21.0532475
6031,577,ST,Garbatka-Letnisko,0.000,51.4948228,21.6300425
6032,579,ST,Dęblin,4.761,51.5772147,21.8351736
6033,581,PO,Świdnik Miasto,0.818,51.2239069,22.6947461
6034,581,PO,Lublin AIRPORT,3.094,51.2347456,22.7154978
6035,582,ST,Włoszczowa Północ,4.521,50.856555,19.9461369
6036,585,ST,Radom Główny,-0.788,51.3909661,21.1553453
6037,601,ST,Kraków Główny,1.187,50.0683944,19.9475033
6038,603,ST,Kraków Prokocim Towarowy,2.764,50.02753,20.0107134
6039,603,POGP,Kraków Podgórze P2,6.202,50.0387856,20.0196957
6040,603,ST,Kraków Bonarka,7.103,50.0292083,19.9458397
6041,604,ST,Kraków Płaszów,-0.561,50.03496,19.9749944
6042,604,ST,Kraków Prokocim Towarowy,0.549,50.02753,20.0107134
6043,605,ST,Kraków Płaszów,-0.322,50.03496,19.9749944
6044,605,ST,Kraków Prokocim Towarowy,3.964,50.02753,20.0107134
6045,608,ST,Podłęże,0.782,50.0189925,20.1651978
6046,611,ST,Rzeszów Główny,0.001,50.0429492,22.0066892
6047,611,ST,Rzeszów Staroniwa,0.865,50.0389025,21.9898664
6048,612,ST,Przeworsk,0.001,50.0672419,22.5018047
6049,613,ST,Żurawica,0.001,49.8237231,22.7998479
6050,613,ST,Hurko,5.808,49.7853203,22.8626636
6051,614,ST,Żurawica,1.801,49.8237231,22.7998479
6052,614,ST,Hurko,7.616,49.7853203,22.8626636
6053,615,ST,Przemyśl Główny,0.001,49.7837336,22.7762308
6054,617,ST,Zagórz,0.000,49.5135569,22.2644244
6055,618,ST,Jasło Towarowa,1.180,49.7467166,21.5247875
6058,624,PO,Kraków Podgórze,0.950,50.0411056,19.9592214
6059,624,ST,Kraków Bonarka,2.678,50.0292083,19.9458397
6060,625,POGP,Sucha Beskidzka Zamek,0.295,49.7437625,19.6032369
6061,626,ST,Zaczernie,0.231,50.0953606,21.9793839
6062,626,PO,Głogów Małopolski Południowy,2.586,50.1134744,21.9864458
6063,626,ST,Jasionka Lotnisko,5.148,50.1156119,22.0218603
6064,629,ST,Kraków Główny,-0.305,50.0683944,19.9475033
6065,629,PO,Kraków Grzegórzki,0.939,50.0570339,19.9479331
6066,629,PO,Kraków Zabłocie,2.114,50.048375,19.9569189
6067,629,ST,Kraków Płaszów,4.091,50.03496,19.9749944
6068,629,PO,Kraków Prokocim,6.058,50.0265036,19.9989286
6069,629,ST,Kraków Bieżanów,8.400,50.0211167,20.0298556
6070,642,POGP,Paczkowo,0.001,52.3969114,17.1589786
6071,651,ST,Chorzów Batory,3.546,50.2782875,18.9448053
6072,653,POGP,Katowice Ochojec,1.766,50.2187312,18.9916777
6073,655,ST,Mysłowice,0.001,50.2377703,19.1415039
6074,656,ST,Katowice,0.381,50.2575667,19.0172519
6075,659,ST,Sosnowiec Główny,4.480,50.2787675,19.1262233
6077,660,ST,Sosnowiec Południowy,0.000,50.2694775,19.1256708
6078,660,ST,Sosnowiec Główny,0.811,50.2787675,19.1262233
6079,663,ST,Sosnowiec Kazimierz,0.480,50.2883356,19.2317831
6080,665,ST,Sosnowiec Maczki,0.001,50.2605506,19.2705958
6081,666,ST,Sosnowiec Maczki,0.000,50.2605506,19.2705958
6082,666,ST,Jaworzno Szczakowa,2.000,50.2471161,19.2933003
6083,667,ST,Sosnowiec Maczki,0.001,50.2605506,19.2705958
6084,668,ST,Jaworzno Szczakowa,-0.060,50.2471161,19.2933003
6085,670,ST,Jaworzno Szczakowa,1.596,50.2471161,19.2933003
6086,671,ST,Gliwice,2.642,50.3012344,18.6768697
6087,679,ST,Chałupki,53.294,49.9255511,18.3115189
6088,680,ST,Kędzierzyn-Koźle,0.000,50.3443725,18.2051786
6089,681,ST,Kędzierzyn-Koźle,1.400,50.3443725,18.2051786
6090,682,ST,Kędzierzyn-Koźle,2.519,50.3443725,18.2051786
6091,686,ST,Herby Nowe,-0.498,50.7482356,18.8539728
6092,687,ST,Herby Stare,2.322,50.7471442,18.8802831
6093,688,ST,Rybnik Towarowy,0.000,50.0661222,18.5137214
6094,688,ST,Rybnik,1.032,50.0888608,18.5475883
6095,691,POGP,Nędza Wieś,0.000,50.1646136,18.3111036
6096,693,ST,Czechowice-Dziedzice,0.015,49.9151689,19.0049569
6097,693,ST,Zabrzeg Czarnolesie,2.077,49.9039438,18.9066652
6098,695,ST,Cieszyn,0.328,49.7510908,18.6370489
6099,696,PO,Tychy Lodowisko,0.336,50.1077664,19.0006458
6100,698,ST,Mysłowice Kosztowy,0.850,50.1741189,19.1604322
6101,699,ST,Oświęcim,0.250,50.0411342,19.1991953
6102,700,ST,Częstochowa,0.000,50.8086903,19.1210189
6103,700,ST,Częstochowa Stradom,2.204,50.7973375,19.1072186
6104,701,ST,Częstochowa,0.076,50.8086903,19.1210189
6105,701,PO,Częstochowa Raków,3.752,50.7876381,19.1554592
6106,702,ST,Częstochowa Stradom,1.965,50.7973375,19.1072186
6107,703,PO,Częstochowa Raków,2.700,50.7876381,19.1554592
6108,703,ST,Częstochowa,5.705,50.8086903,19.1210189
6109,704,ST,Herby Stare,0.295,50.7471442,18.8802831
6110,704,ST,Herby Nowe,2.398,50.7482356,18.8539728
6111,705,ST,Zawiercie,0.600,50.4809444,19.4231181
6112,708,ST,Chorzów Batory,0.000,50.2782875,18.9448053
6113,708,ST,Chorzów Miasto,3.102,50.2986294,18.9500608
6114,709,ST,Kędzierzyn-Koźle,0.000,50.3443725,18.2051786
6115,711,ST,Gliwice,2.034,50.3012344,18.6768697
6116,713,ST,Katowice,0.001,50.2575667,19.0172519
6117,713,ST,Katowice Towarowa,2.185,50.2652881,18.9854519
6118,713,ST,Chorzów Batory,4.503,50.2782875,18.9448053
6119,714,ST,Jaworzno Szczakowa,0.001,50.2471161,19.2933003
6120,715,ST,Jaworzno Szczakowa,3.000,50.2471161,19.2933003
6121,723,ST,Gdynia Chylonia,0.000,54.54616,18.4624442
6122,725,ST,Gdynia Główna,0.000,54.5208617,18.5293044
6123,726,ST,Tczew,0.536,54.0974403,18.7901806
6124,726,ST,Zajączkowo Tczewskie,2.223,54.123966,18.7622724
6125,727,ST,Tczew,0.954,54.0974403,18.7901806
6126,728,ST,Tczew,0.000,54.0974403,18.7901806
6127,728,ST,Zajączkowo Tczewskie,3.111,54.123966,18.7622724
6128,729,ST,Zajączkowo Tczewskie,8.026,54.123966,18.7622724
6129,730,ST,Zajączkowo Tczewskie,3.775,54.123966,18.7622724
6130,731,ST,Zajączkowo Tczewskie,1.961,54.123966,18.7622724
6131,732,ST,Tczew,0.400,54.0974403,18.7901806
6132,734,PO,Toruń Kluczyki,1.970,52.9898544,18.5779375
6133,734,ST,Toruń Główny,2.473,53.0001186,18.6146464
6134,735,ST,Zajączkowo Tczewskie,7.510,54.123966,18.7622724
6135,737,ST,Ponętów,0.000,52.1970161,18.810891
6136,737,ST,Barłogi,3.636,52.2160658,18.7686558
6137,739,ST,Zduńska Wola Karsznice,0.000,51.5889544,18.9948847
6138,739,ST,Zduńska Wola,4.900,51.6112764,18.9468944
6139,740,ST,Ponętów,0.000,52.1970161,18.810891
6140,741,ST,Jaksice,8.198,52.8570053,18.1981628
6141,742,ST,Inowrocław,0.000,52.805405,18.2443867
6142,742,ST,Inowrocław Rąbinek,6.577,52.7700856,18.2402356
6143,743,ST,Lipowa Tucholska,0.339,53.7533889,18.1088881
6144,743,ST,Szlachta,1.710,53.7629797,18.1190939
6145,745,ST,Bydgoszcz Główna,0.551,53.1353269,17.9913603
6146,747,ST,Szymany,1.000,53.4887531,20.9629125
6147,747,PO,Szymany Lotnisko,1.498,53.4891681,20.9476311
6148,748,ST,Chełm,0.825,51.1412114,23.4940203
6149,749,ST,Legnica,2.200,51.2136928,16.1679108
6150,750,ST,Wrocław Brochów,4.936,51.0645017,17.0844589
6151,751,ST,Wrocław Zachodni,5.698,51.0903956,16.9504953
6152,756,PO,Wrocław Mikołajów,3.109,51.1164222,16.99844
6153,757,PO,Wrocław Muchobór,3.726,51.1115814,16.9740461
6154,759,POGP,Wrocław Nowy Dwór,1.396,51.12015,16.9529056
6155,763,ST,Wrocław Brochów,1.166,51.0645017,17.0844589
6156,763,ST,Wrocław Główny,5.552,51.0981203,17.0362947
6157,764,ST,Siechnice,0.000,51.0384133,17.1440628
6158,764,ST,Wrocław Brochów,3.450,51.0645017,17.0844589
6159,765,ST,Wrocław Brochów,2.070,51.0645017,17.0844589
6160,766,PO,Oleśnica Rataje,2.874,51.2169169,17.3647381
6161,766,POGP,Dąbrowa Oleśnicka,3.937,51.2312808,17.3693089
6162,770,ST,Dęblin,2.100,51.5772147,21.8351736
6163,771,ST,Świdnica Przedmieście,0.000,50.8349833,16.50397
6164,771,ST,Świdnica Miasto,2.500,50.841165,16.4816142
6165,773,ST,Boguszów-Gorce,-0.283,50.7503039,16.2019747
6166,773,POGP,Boguszów-Gorce Wschód,1.820,50.7478597,16.2215481
6167,776,ST,Marciszów,0.240,50.85129,16.0077589
6168,776,PO,Płonina,5.989,50.9036931,16.0009446
6169,776,PO,Kaczorów,10.014,52.7375,20.1497222
6170,778,ST,Zgorzelec,0.580,51.1402292,15.0041803
6171,783,ST,Łapy,154.015,52.9901411,22.8839189
6172,784,ST,Warszawa Zachodnia,4.279,52.2200903,20.9651803
6173,786,PO,Turoszów Kopalnia,29.691,,
6174,788,ST,Wólka Okopska,0.001,51.1727489,23.7192783
6175,789,ST,Dorohusk,0.000,51.1723181,23.7866686
6176,790,ST,Czechowice-Dziedzice,1.600,49.9151689,19.0049569
6177,800,ST,Poznań Franowo,0.133,52.3806965,17.0041653
6178,801,ST,Poznań Starołęka,0.002,52.3673731,16.9312692
6179,801,ST,Poznań Górczyn,2.635,52.3803169,16.8795708
6180,802,ST,Poznań Starołęka,0.002,52.3673731,16.9312692
6181,802,ST,Luboń koło Poznania,4.015,52.3441894,16.8931064
6182,805,ST,Swarzędz,0.001,52.4041528,17.0744983
6183,806,ST,Poznań Franowo,0.002,52.3806965,17.0041653
6184,807,ST,Września,2.138,52.3282031,17.5553794
6185,808,ST,Września,-0.838,52.3282031,17.5553794
6186,808,ST,Podstolice,6.562,52.3419439,17.4797178
6187,809,ST,Barłogi,0.065,52.2160658,18.7686558
6188,810,ST,Zduńska Wola,0.885,51.6112764,18.9468944
6189,812,ST,Kępno,0.000,51.2918311,18.0009139
6190,813,ST,Kępno,0.001,51.2918311,18.0009139
6191,814,ST,Kępno,0.001,51.2918311,18.0009139
6192,815,ST,Krotoszyn,2.324,51.7013053,17.4259272
6193,816,ST,Krotoszyn,0.000,51.7013053,17.4259272
6194,819,ST,Zbąszynek,2.740,52.2420039,15.8174564
6195,820,ST,Zbąszynek,2.000,52.2420039,15.8174564
6196,821,ST,Jerzmanice Lubuskie,-0.012,52.3066256,14.867475
6197,821,PO,Rzepin Miasto,4.730,52.3466364,14.8245842
6198,821,ST,Rzepin,5.513,52.3499083,14.8152897
6199,822,ST,Rzepin,0.240,52.3499083,14.8152897
6200,823,ST,Poznań Franowo,0.002,52.3806965,17.0041653
6201,824,ST,Poznań Franowo,2.400,52.3806965,17.0041653
6202,826,ST,Jarocin,0.001,51.9688469,17.4947275
6203,827,ST,Kostrzyn,1.200,52.5913225,14.6470008
6204,828,ST,Kostrzyn,0.800,52.5913225,14.6470008
6205,829,ST,Warszawa Praga,16.133,52.2779108,21.0222194
6206,830,ST,Łódź Olechów,10.476,51.7286885,19.5724981
6207,831,ST,Łódź Olechów,7.366,51.7286885,19.5724981
6208,832,ST,Łódź Olechów,7.019,51.7286885,19.5724981
6209,833,ST,Warszawa Praga,10.100,52.2779108,21.0222194
6210,834,ST,Warszawa Praga,10.100,52.2779108,21.0222194
6211,835,ST,Warszawa Praga,9.701,52.2779108,21.0222194
6212,836,ST,Białystok,177.305,53.1339108,23.1359611
6213,837,ST,Białystok,177.183,53.1339108,23.1359611
6214,838,ST,Warszawa Praga,12.275,52.2779108,21.0222194
6215,840,ST,Kielce Herbskie,0.687,50.8858328,20.6040994
6216,841,ST,Skarżysko-Kamienna,4.310,51.1159431,20.8816053
6217,842,ST,Kielce Herbskie,0.200,50.8858328,20.6040994
6218,843,ST,Legionowo,24.000,52.4020111,20.9408914
6219,849,ST,Warszawa Zachodnia,3.710,52.2200903,20.9651803
6220,850,ST,Warszawa Zachodnia,4.290,52.2200903,20.9651803
6221,851,ST,Szczecin Gumieńce,2.193,53.3978189,14.4946608
6222,852,ST,Rzepin,0.001,52.3499083,14.8152897
6223,854,ST,Szczecin Port Centralny,0.001,53.41023,14.5701531
6224,855,ST,Szczecin Port Centralny,1.133,53.41023,14.5701531
6225,856,ST,Tarnowskie Góry,35.636,50.4468294,18.8650375
6226,857,ST,Szczecin Dąbie,0.001,53.3913622,14.6704439
6227,858,ST,Hajnówka,120.131,52.7333756,23.5830664
6228,860,ST,Trzebinia,2.213,50.1540031,19.4529019
6229,861,ST,Żurawica,1.626,49.8237231,22.7998479
6230,862,ST,Rybnik Towarowy,-0.046,50.0661222,18.5137214
6231,863,ST,Knurów,-1.066,50.2172253,18.6881433
6232,864,ST,Katowice Ligota,-0.280,50.2262292,18.9778606
6233,869,ST,Wałbrzych Szczawienko,0.000,50.8159914,16.3021097
6234,872,ST,Kędzierzyn-Koźle,63.088,50.3443725,18.2051786
6235,876,ST,Wodzisław Śląski,0.542,50.0077772,18.4766056
6236,880,ST,Czerwionka,0.001,50.1488114,18.6850925
6237,882,ST,Oświęcim,-1.150,50.0411342,19.1991953
6238,883,ST,Mysłowice Kosztowy,0.010,50.1741189,19.1604322
6239,885,ST,Nowy Bieruń,0.001,50.0739047,19.1847472
6240,886,ST,Dwory,0.001,50.0455783,19.2854139
6241,890,ST,Bierawa,0.001,50.2933442,18.25704
6242,891,ST,Zdzieszowice,3.994,50.4226897,18.1256664
6243,892,ST,Tarnowskie Góry,0.600,50.4468294,18.8650375
6244,900,ST,Ostrołęka,0.001,53.0561983,21.6171272
6245,901,ST,Warszawa Rembertów,10.000,52.2570944,21.1584269
6246,902,ST,Warszawa Wschodnia,4.951,52.2512736,21.0524594
6247,905,ST,Śniadowo,0.445,53.0438069,21.9897547
6248,906,ST,Chotyłów,-0.148,51.9968369,23.3566367
6249,906,ST,Bór,3.532,53.75867,22.96953
6250,911,ST,Bernadczyzna,1.492,52.8504877,23.6921927
6251,913,ST,Narewka,-0.994,52.8359438,23.757029
6252,918,ST,Warszawa Zachodnia,3.350,52.2200903,20.9651803
6253,919,ST,Warszawa Zachodnia,3.206,52.2200903,20.9651803
6254,920,ST,Warszawa Zachodnia,4.381,52.2200903,20.9651803
6255,930,ST,Lublin Główny,0.757,51.2311725,22.5689492
6256,930,ST,Lublin Tatary,2.383,51.2376208,22.6189293
6257,931,ST,Hrubieszów Miasto,0.001,50.7967567,23.9087181
6258,933,ST,Chmielów,0.000,50.9410901,21.325701
6259,934,ST,Małogoszcz,1.263,50.8501733,20.2733047
6260,935,ST,Lublin Główny,0.295,51.2311725,22.5689492
6261,936,ST,Skarżysko-Kamienna,2.353,51.1159431,20.8816053
6262,937,ST,Warszawa Okęcie,-2.832,52.1657531,20.9872733
6263,945,ST,Kraków Prokocim Towarowy,1.100,50.02753,20.0107134
6264,950,ST,Tarnowskie Góry,0.368,50.4468294,18.8650375
6265,951,ST,Tarnowskie Góry,0.001,50.4468294,18.8650375
6266,954,ST,Tarnowskie Góry,0.001,50.4468294,18.8650375
6267,957,ST,Rybnik,-0.257,50.0888608,18.5475883
6268,957,ST,Rybnik Towarowy,4.065,50.0661222,18.5137214
6269,958,ST,Rybnik Towarowy,0.200,50.0661222,18.5137214
6270,959,ST,Rybnik Towarowy,1.000,50.0661222,18.5137214
6271,960,ST,Gdynia Główna,0.669,54.5208617,18.5293044
6272,963,ST,Gdynia Główna,21.756,54.5208617,18.5293044
6273,964,ST,Gdynia Chylonia,0.295,54.54616,18.4624442
6274,966,ST,Działdowo,1.000,53.2375267,20.1678375
6275,967,ST,Iława Główna,2.191,53.5824742,19.5737867
6276,968,ST,Iława Główna,1.000,53.5824742,19.5737867
6277,971,ST,Lubin,0.000,51.3964611,16.1936719
6278,973,ST,Bolesławiec,0.000,51.2661347,15.5689075
6279,975,ST,Węgliniec,1.901,51.2899753,15.2227031
6280,976,ST,Boguszów-Gorce Zachód,0.001,50.7625125,16.1669986
6281,978,ST,Przywory Opolskie,1.076,50.5802225,17.9894211
6282,979,ST,Tarnowskie Góry,0.001,50.4468294,18.8650375
6283,980,ST,Czerwieńsk,0.670,52.0152294,15.4121008
6284,981,ST,Rzepin,0.100,52.3499083,14.8152897
6285,982,ST,Zbąszynek,0.001,52.2420039,15.8174564
6286,983,ST,Jarocin,0.000,51.9688469,17.4947275
6287,984,ST,Poznań Franowo,1.000,52.3806965,17.0041653
6288,987,ST,Tarnów Mościce,0.000,50.0064547,20.9252094
6289,988,ST,Przeworsk,0.001,50.0672419,22.5018047
6290,989,ST,Hurko,0.001,49.7853203,22.8626636
6291,990,ST,Szczecin Port Centralny,5.000,53.41023,14.5701531
6292,991,ST,Szczecin Port Centralny,3.521,53.41023,14.5701531
6293,992,ST,Szczecin Port Centralny,3.726,53.41023,14.5701531
6294,993,ST,Szczecin Port Centralny,1.000,53.41023,14.5701531
6295,994,ST,Szczecin Port Centralny,0.500,53.41023,14.5701531
6296,995,ST,Szczecin Port Centralny,0.400,53.41023,14.5701531
6297,996,ST,Lubiewo,0.000,53.9154239,14.4180822
6298,996,ST,Świnoujście,9.094,53.9047825,14.2667269
6299,997,ST,Świnoujście,0.084,53.9047825,14.2667269
6300,999,ST,Piła Główna,0.548,53.1428142,16.7439853
6303,1,PODG,Józefinów,12.088,52.1845296,20.8483703
6311,1,PODG,Radziwiłłów Mazowiecki,54.920,52.0002753,20.2903767
6343,1,STTH,Widzów Teklinów,199.944,50.9808322,19.3670856
6349,1,PODG,Wyczerpy,222.755,50.8602173,19.1700433
6352,1,STTH,Częstochowa Towarowa,232.527,50.7921928,19.1442664
6355,1,STTH,Poraj,245.850,50.6769092,19.2193508
6375,1,STTH,Będzin,305.574,50.3356279,19.1173282
6379,1,PODG,KATOWICE SZOPIENICE POŁUDNIOWE,312.634,50.2589556,19.0931844
6386,2,PODG,Warszawa Podskarbińska,5.988,52.2577477,21.0756368
6387,2,PODG,Warszawa Antoninów,7.375,52.2590027,21.0963478
6408,2,PODG,Kotuń,77.428,52.1762828,22.0679558
6414,2,PODG,Doły,96.730,50.4737055,20.743163
6419,2,STTH,Dziewule,107.957,52.0554578,22.3861964
6425,2,PODG,Szaniawy,131.554,51.9469089,22.54495
6432,2,PODG,Sokule,160.490,51.9979183,22.9572408
6441,2,STTH,Małaszewicze,199.920,52.0273053,23.5316422
6471,3,STTH,Stara Wieś koło Kutna,120.610,52.2283858,19.4305999
6478,3,PODG,Zamków,163.832,52.221697,18.8004591
6495,3,PODG,Sokołowo Wrzesińskie,253.293,52.3381661,17.5748301
6520,3,PODG,Chlastawa,382.754,52.2440091,15.8344066
6522,3,PODG,Dąbrówka Zbąska,387.742,52.2292371,15.7964783
6533,3,PODG,Kunowice,472.731,52.3417256,14.6374881
6537,4,STTH,Korytów,14.574,50.4565031,16.6011798
6538,4,STTH,Szeligi,23.542,53.8178799,22.4151425
6539,4,PODG,Biała Rawska,40.149,51.8075978,20.4720942
6540,4,STTH,Strzałki,57.381,52.4166667,19.4333333
6541,4,STTH,Idzikowice,80.739,51.9483117,19.1014075
6543,4,PODG,Pilichowice,106.588,51.254533,20.1361582
6544,4,STTH,Olszamowice,124.828,51.1099778,20.0530588
6546,4,PODG,Knapówka,160.588,50.7903171,19.9091915
6547,4,STTH,Psary,170.479,50.8691352,17.36217
6548,4,STTH,Góra Włodowska,206.688,50.5770125,19.4453082
6566,6,STTH,Sadowne Węgrowskie STTH,73.128,52.6081905,21.8639843
6596,6,STTH,Geniusze,211.791,53.3822706,23.4352433
6637,7,PODG,Wieprz,106.937,51.2807379,22.8727412
6639,7,STTH,Zarzeka,109.086,51.2972532,22.1525118
6656,7,PODG,Lublin Rury,171.519,51.2183244,22.5316314
6659,7,PODG,Lublin Północny,178.015,51.2418394,22.5989064
6660,7,PODG,Adampol,182.090,52.3947222,21.7233333
6661,7,STTH,Świdnik,185.244,51.2204629,22.6998639
6672,7,PODG,Kanie,220.144,51.1246317,23.1047525
6677,7,PODG,Uherka,246.573,51.1917417,23.4733958
6679,7,STTH,Chełm Wschodni,250.459,51.1412692,23.5254399
6711,8,PODG,Lesiów,90.162,51.4792511,21.1936986
6716,8,STTH,Radom Wschodni,101.223,51.398905,21.1738772
6769,8,PODG,Raciborowice,310.832,50.1185173,20.0324511
6772,8,PODG,Kraków Przedmieście,317.426,50.0848216,19.9498431
6785,9,PODG,Chotomów,30.276,52.4157067,20.8846314
6848,9,STTH,Gdańsk Południowy,325.848,54.3352545,18.6397071
6857,10,STTH,Emilianów,25.780,52.4712054,19.5489457
6868,12,STTH,Puszcza Mariańska,13.732,51.9788831,20.3494459
6870,12,PODG,Marków,24.650,54.1390125,20.6139226
6871,12,STTH,Mszczonów,26.199,51.9739985,20.5127831
6874,12,STTH,Tarczyn,47.963,51.9802935,20.8339613
6877,12,PODG,Czachówek Zachodni,64.340,51.9675918,21.065383
6881,12,PODG,Kępa Gliniecka,76.500,52.0029884,21.2322596
6883,12,STTH,Osieck,89.024,51.9662,21.41875
6885,12,PODG,Jaźwiny,96.400,51.9881058,23.0314889
6891,12,STTH,Stoczek Łukowski,130.136,51.9617406,21.9697078
6898,13,STTH,Pustelnik,19.768,52.2711605,21.4607313
6900,13,STTH,Grzebowilk,38.877,52.1166667,21.55
6901,13,STTH,Sufczyn,47.610,52.0450967,21.5266847
6904,14,PODG,Retkinia,2.350,51.7479363,19.4046298
6914,14,PODG,Gajewniki,39.842,51.6222384,19.0076552
6925,14,PODG,Radliczyce,90.065,51.7232253,18.3500519
6933,14,PODG,Stary Staw,132.275,51.6817937,17.816867
6935,14,STTH,Ostrów Wielkopolski Zachodni,138.582,51.6430631,17.7719021
6941,14,STTH,Durzyn,162.443,51.70945,17.47852
6942,14,PODG,Osusz,167.732,51.70016,17.39951
6965,14,PODG,Kłobuczyn,295.750,51.6139112,15.9284179
6968,14,STTH,Niegosławice,312.193,50.523062,20.3151636
6970,14,STTH,Szprotawa,324.000,51.5650714,15.5367584
6974,14,PODG,Sieniawa Żarska,358.639,51.6365353,15.0613983
7039,18,STTH,Włocławek Brzezie,59.956,52.6819959,19.0024895
7059,18,PODG,Czyżkówko,162.578,53.4719444,17.3430556
7061,18,STTH,Prądy,164.762,50.6535441,17.7109176
7078,19,STTH,Warszawa Główna Towarowa,1.095,52.2147831,20.9079188
7079,19,PODG,Józefinów,5.438,52.1845296,20.8483703
7080,20,STTH,Warszawa Główna Towarowa,-0.600,52.2147831,20.9079188
7081,20,STTH,Warszawa Czyste,3.412,52.2163581,20.9458107
7104,22,STTH,Radzice,28.430,51.4666036,20.3972953
7118,22,STTH,Radom Krychnowice,80.836,51.3499044,21.0842365
7127,24,STTH,Rogowiec,34.350,51.2762795,19.3053478
7139,25,PODG,Żakowice Południowe,28.433,51.7301117,19.7862756
7140,25,STTH,Mikołajów,33.967,51.2767106,19.8685075
7182,25,STTH,Ożarów Cementownia,206.230,50.8695059,21.5935899
7188,25,PODG,Zalesie Gorzyckie,235.248,50.6804779,21.8062962
7195,25,STTH,Ocice,257.532,51.2010599,15.4902901
7203,25,STTH,Chorzelów,286.457,50.3434856,21.4529919
7210,25,STTH,Rzochów,300.214,50.2400892,21.4953419
7217,25,STTH,Dębica Towarowa,321.451,50.0661218,21.4373081
7228,26,STTH,Stawy,55.710,52.0714319,19.4079808
7230,26,PODG,Wisła,64.970,52.380897,20.0867774
7242,26,STTH,Radom Wschodni,116.398,51.398905,21.1738772
7269,27,PODG,Grębocin,161.758,53.0458042,18.6902119
7297,30,STTH,Bezwola,34.636,51.7718794,22.8040922
7319,30,PODG,Zadębie,106.236,51.0239716,22.541077
7320,30,PODG,Lublin Północny,107.605,51.2418394,22.5989064
7322,31,PODG,Doły,3.967,50.4737055,20.743163
7370,33,STTH,Florek,6.150,52.261892,19.3268132
7391,34,STTH,Ostrów Mazowiecka,33.901,52.8071068,21.8796379
7417,36,STTH,Czarnowo-Undy,57.952,53.0270319,22.4301044
7469,39,STTH,Olecko,0.644,54.0347125,22.4943269
7475,39,STTH,Papiernia,37.822,51.1847269,20.0370132
7492,40,STTH,Las Suwalski,92.610,54.0541231,22.9417302
7498,41,STTH,Olecko,27.486,54.0347125,22.4943269
7506,42,STTH,Warszawa Czyste,4.350,52.2163581,20.9458107
7508,44,STTH,Mikołajów,1.158,51.2767106,19.8685075
7511,45,STTH,Warszawa Grochów,3.083,52.2556508,21.0837228
7513,46,STTH,Warszawa Czyste,4.350,52.2163581,20.9458107
7530,55,STTH,Sokołów Podlaski,90.819,52.4145578,22.239979
7536,57,STTH,Geniusze,186.221,53.3822706,23.4352433
7538,59,STTH,Mikłaszewo,15.035,52.8443165,23.7908823
7539,59,STTH,Zabłotczyzna,18.800,52.8407908,23.7416598
7540,60,STTH,Kobylany,205.248,52.0376414,23.5609778
7546,61,PODG,Szczukowice,10.740,50.8865761,20.5154812
7548,61,STTH,Rykoszyn,18.235,50.8681789,20.3787092
7557,61,PODG,Czarnca,53.261,50.8239272,19.9452856
7568,61,PODG,Kucelinka,110.251,50.7972398,19.1690374
7570,61,STTH,Częstochowa Gnaszyn,122.211,50.7916444,19.0292264
7573,61,STTH,Blachownia,128.317,50.7739081,18.9695708
7575,61,PODG,Liswarta,138.615,50.9868402,18.7767814
7578,61,PODG,Jawornica,149.840,50.393581,16.3302884
7605,63,STTH,Wólka Okopska,7.722,51.1727489,23.7192783
7606,63,STTH,Chełm Wschodni,20.922,51.1412692,23.5254399
7608,63,PODG,Uherka,24.300,51.1917417,23.4733958
7610,64,PODG,Sprowa,17.675,50.5992409,19.8908119
7611,64,PODG,Starzyny,32.570,51.9686534,19.046154
7614,66,STTH,Zwierzyniec Towarowy,0.058,50.5947203,22.996022
7628,67,STTH,Świdnik,8.099,51.2204629,22.6998639
7630,68,PODG,Lublin Rury,3.414,51.2183244,22.5316314
7652,68,PODG,Charzewice,100.455,49.8710225,20.7530358
7673,68,STTH,Przeworsk Gorliczyna,175.325,50.0816425,22.5039024
7680,69,STTH,Krasnystaw,19.699,50.982996,23.1697933
7684,69,STTH,Krzak,42.460,50.8015856,23.0956142
7690,69,STTH,Niedzieliska-Kolonia,60.534,50.6982639,23.0443731
7692,69,STTH,Szczebrzeszyn,66.407,50.6808083,22.9875114
7695,69,STTH,Zwierzyniec Towarowy,76.370,50.5947203,22.996022
7703,70,STTH,Chmielnik,13.655,50.6145952,20.7510406
7704,70,STTH,Grzybów,39.690,51.70867,18.91438
7705,70,STTH,Staszów,49.356,50.5612276,21.1677849
7706,70,PODG,Rytwiany,51.587,50.5288665,21.2058174
7707,70,STTH,Strzegomek,63.090,50.5228711,21.3112073
7709,71,STTH,Ocice,0.000,51.2010599,15.4902901
7714,71,STTH,Dęba Rozalin,12.651,50.4287339,21.7431136
7726,71,STTH,Widełka,46.295,50.2015692,21.8729611
7741,72,STTH,Zamość Szopinek,12.793,50.7229485,23.2881919
7742,72,STTH,Jarosławiec,20.648,50.7168844,23.3619855
7764,74,STTH,Stalowa Wola Rozwadów Towarowa,22.182,,
7766,75,PODG,Rytwiany,0.000,50.5288665,21.2058174
7767,75,STTH,Połaniec,16.492,50.4329071,21.2810473
7769,76,STTH,Sieciechów,1.863,51.5404909,21.7451259
7770,77,STTH,Świerże Górne,13.374,51.6562298,21.4833304
7774,79,STTH,Padew,0.001,50.4327975,21.5039233
7784,83,STTH,Zamość Bortatycze,5.200,50.7408873,23.1849319
7812,91,PODG,Biadoliny,60.796,50.0037425,20.7342986
7816,91,PODG,Tarnów Wschód,79.670,50.0084899,21.0047021
7820,91,PODG,Czarna Tarnowska,99.354,50.0603931,21.2487386
7865,91,STTH,Medyka,257.094,49.8024919,22.9392189
7868,92,STTH,Medyka,12.874,49.8024919,22.9392189
7877,93,STTH,Brzeszcze Kopalnia,31.978,49.9918649,19.1443996
7885,93,PODG,Bronów podg,58.409,,
7919,95,PODG,Dłubnia,13.150,50.1426704,19.9985743
7922,95,STTH,Kraków Nowa Huta,21.630,50.0902381,20.1286442
7924,95,PODG,Kościelniki,25.224,50.0954693,20.1797118
7928,96,STTH,Tarnów Filia,1.850,49.9987895,20.9814005
8026,100,STTH,Kraków Olsza,7.536,50.078432,19.9627088
8045,102,STTH,Przemyśl Bakończyce,1.681,49.7794775,22.7941118
8047,102,STTH,Przemyśl Pikulice,4.615,,
8144,108,PODG,Sobniów,48.203,49.7224478,21.4899632
8184,114,STTH,Trzebinia Siersza,5.482,50.1821399,19.4509115
8227,121,STTH,Medyka,0.000,49.8024919,22.9392189
8229,124,STTH,Medyka,0.001,49.8024919,22.9392189
8247,131,PODG,Bytom Północny,22.676,50.3749259,18.8787572
8256,131,PODG,Strzebiń Podg,54.655,50.6264048,18.9030845
8258,131,PODG,Kalina,67.107,52.4479539,18.3908933
8260,131,STTH,Wręczyca,79.598,51.1747157,19.003923
8262,131,STTH,Miedźno,101.356,51.6765688,18.7800237
8272,131,PODG,Dionizów,173.653,51.6309154,18.9787081
8280,131,PODG,Borysławice,243.973,51.6514622,18.4289963
8289,131,PODG,Mimowola,321.040,52.7936794,18.2150482
8301,131,PODG,Leszczynowa,383.007,50.0895297,19.7254065
8317,131,PODG,Górki,494.077,54.3107116,21.3504416
8320,132,STTH,Bytom Bobrek,20.052,50.3441195,18.8702061
8321,132,STTH,Zabrze Biskupice,23.160,50.3363176,18.8360096
8339,132,STTH,Lewin Brzeski,124.715,50.75754,17.6165467
8348,132,PODG,Wrocław Brochów PODG,173.124,51.0447332,17.104529
8353,133,PODG,Dorota,10.700,50.2988916,18.7875472
8356,133,PODG,Pieczyska,18.949,51.922235,21.0196681
8373,134,PODG,Długoszyn,2.852,52.462003,15.0764301
8374,134,STTH,Sosnowiec Jęzor,7.532,50.2418809,19.1977897
8381,136,PODG,Kłodnica,2.268,50.3461063,18.6089628
8383,136,PODG,Raszowa,6.444,50.3877156,18.1611928
8400,137,PODG,Szobiszowice,28.530,50.3099725,18.6759098
8406,137,PODG,Nowa Wieś,61.624,50.457263,20.82771
8408,137,PODG,Żabieniec,65.543,53.8012866,21.3799181
8435,137,PODG,Świdnica Kraszowice,223.787,50.8152616,16.4922024
8450,137,PODG,Legnica Wschód,282.214,51.2152505,16.1903022
8460,138,PODG,Szabelnia,26.255,51.178707,20.4486302
8461,138,PODG,KATOWICE SZOPIENICE POŁUDNIOWE,27.229,50.2589556,19.0931844
8466,139,PODG,Brynów,3.193,50.2346632,18.9960508
8471,139,PODG,Mąkołowiec,14.044,50.1517848,18.9821455
8532,141,PODG,Panewnik,1.999,50.2311419,18.9533944
8533,141,PODG,Radoszowy,5.025,50.2080027,18.0404601
8534,141,STTH,Ruda Kochłowice,6.643,50.2566935,18.9105661
8535,141,STTH,Ruda Bielszowice,13.396,50.2610627,18.8116221
8536,141,STTH,Zabrze Makoszowy,16.681,50.2700195,18.7751728
8537,141,STTH,Zabrze Makoszowy Kopalnia,17.995,50.2817413,18.7628508
8538,141,STTH,Gliwice Sośnica,21.250,50.2956861,18.7380307
8542,142,PODG,Staszic,2.901,50.882193,23.6741204
8544,142,STTH,Katowice Kostuchna,8.344,50.1867608,19.0081383
8547,142,PODG,Mąkołowiec,12.247,50.1517848,18.9821455
8571,143,PODG,Łukanów,137.017,51.195403,17.3421092
8579,143,STTH,Wrocław Popowice,163.000,51.1272664,17.0014903
8582,144,STTH,Tworóg,14.609,50.5319435,18.7187362
8594,144,PODG,Bolko,73.769,50.6513357,17.9483092
8597,145,STTH,Brzeziny Śląskie,7.650,50.3458423,18.9748119
8598,145,STTH,Piekary Śląskie Szarlej,12.804,50.3726063,18.9178393
8600,146,PODG,Wyczerpy,0.000,50.8602173,19.1700433
8605,146,STTH,Cykarzew,13.412,50.95,19.1833333
8608,146,STTH,Brzeźnica nad Wartą,24.197,51.0718737,19.1468347
8614,146,STTH,Biała Pajęczańska,39.776,51.1765156,19.0106554
8616,147,STTH,Zabrze Biskupice,0.000,50.3363176,18.8360096
8619,147,PODG,Maciejów Północny,7.917,50.3039448,18.7459073
8627,148,PODG,Suszec Rudziczka,18.096,50.045645,18.7551028
8628,148,PODG,Kleszczów,20.565,51.22165,19.30628
8634,149,STTH,Zabrze Makoszowy,0.281,50.2700195,18.7751728
8635,149,PODG,Mizerów,1.715,49.9900025,18.7925068
8638,149,PODG,Szczygłowice Kopalnia,18.360,50.1928209,18.6330529
8643,150,PODG,Bronów podg,11.350,,
8646,151,PODG,Stare Koźle,4.154,50.31223,18.22005
8651,151,PODG,Turze,21.382,54.09599,18.62784
8660,152,STTH,Toszek Północ,10.740,50.4543148,18.5404783
8661,152,STTH,Czarków,22.210,50.015967,18.9070027
8662,152,PODG,Krupski Młyn,24.650,50.5737746,18.6234495
8663,152,PODG,Droniowiczki,36.625,50.6624532,18.7104995
8665,153,STTH,Toszek Północ,0.000,50.4543148,18.5404783
8668,154,PODG,Przemiarki,7.717,50.0222392,19.9021906
8669,154,STTH,Dąbrowa Górnicza Towarowa,20.297,50.3195641,19.3288762
8670,155,PODG,Kucelinka,0.001,50.7972398,19.1690374
8671,155,STTH,Częstochowa Mirów,2.057,50.7526317,19.190229
8672,155,STTH,Poraj,10.567,50.6769092,19.2193508
8674,156,PODG,Borowa Górka,9.750,50.0149469,19.5809909
8676,157,STTH,Pawłowice Śląskie,0.000,49.9504083,18.71014
8677,157,PODG,Dębina,2.320,54.6363878,17.019844
8680,157,PODG,Bieniowiec,12.650,49.8934901,18.8306488
8688,158,PODG,Radlin Obszary,3.147,50.0413006,18.4946556
8698,159,PODG,Ciepłownia,15.813,54.3566466,18.7196618
8702,159,PODG,Studzionka,24.397,49.9621767,18.7730838
8703,159,STTH,Pawłowice Śląskie,26.354,49.9504083,18.71014
8707,161,STTH,Katowice Szopienice Północne,0.260,50.2638497,19.0856087
8708,161,STTH,Siemianowice Śląskie,5.509,50.3052029,19.0275635
8714,164,PODG,Hajduki,2.820,50.2695768,18.9391417
8715,164,STTH,Ruda Kochłowice,5.369,50.2566935,18.9105661
8716,165,STTH,Bytom Bobrek,0.000,50.3441195,18.8702061
8718,167,PODG,Szobiszowice,1.425,50.3099725,18.6759098
8719,167,STTH,Gliwice Port,3.175,50.3181247,18.6484133
8722,168,PODG,Szobiszowice,1.425,50.3099725,18.6759098
8731,171,STTH,Dąbrowa Górnicza Towarowa,3.908,50.3195641,19.3288762
8732,171,PODG,Kozioł,6.833,53.4305179,21.8324318
8734,171,PODG,Dorota,16.224,50.2988916,18.7875472
8736,171,PODG,Stawiska,30.097,54.056088,18.0281386
8737,171,STTH,Katowice Muchowiec,35.280,50.2258007,19.0152132
8738,171,PODG,Katowice Muchowiec KMB,37.740,50.2245681,19.0106406
8739,171,PODG,Panewnik,41.693,50.2311419,18.9533944
8741,173,PODG,Jejkowice,6.030,50.1059636,18.4728582
8744,174,PODG,Żabieniec,1.381,53.8012866,21.3799181
8755,175,PODG,Kuniów,85.780,50.9474074,18.2240273
8760,177,STTH,Pietrowice Wielkie,12.342,50.0844961,18.0906235
8761,177,STTH,Baborów,24.372,50.1563566,17.9859393
8766,179,STTH,Tychy Miasto,3.730,50.1116819,18.9913743
8767,179,PODG,Lędziny,20.275,50.128624,19.1160922
8769,180,PODG,Dorota,0.068,50.2988916,18.7875472
8770,180,STTH,Sosnowiec Jęzor,8.410,50.2418809,19.1977897
8804,183,STTH,Będzin Łagisza,8.369,50.357536,19.1571097
8811,187,STTH,Ruda Czarny Las,3.600,50.2784158,18.8528596
8813,187,PODG,Ruda Orzegów,8.938,50.3212938,18.8652654
8814,188,STTH,Bytom Bobrek,20.301,50.3441195,18.8702061
8815,188,STTH,Zabrze Biskupice,23.160,50.3363176,18.8360096
8817,189,PODG,Ruda Orzegów,1.616,50.3212938,18.8652654
8818,189,STTH,Zabrze Biskupice,6.210,50.3363176,18.8360096
8845,194,STTH,Pietrowice Wielkie,0.177,50.0844961,18.0906235
8846,194,STTH,Kietrz,8.645,50.0796271,18.0021082
8849,199,PODG,Nowa Wieś,61.624,50.457263,20.82771
8852,200,STTH,Gliwice Sośnica,4.337,50.2956861,18.7380307
8853,200,STTH,Kwk Sośnica,6.831,50.2773471,18.7386389
8856,201,STTH,Bydgoszcz Emilianowo,10.077,53.0530393,18.0905108
8888,201,PODG,Glincz,174.511,54.3194599,18.3437607
8895,201,STTH,Gdynia Wielki Kack,194.215,54.4636393,18.5002815
8899,201,STTH,Gdynia Port,208.115,54.5448319,18.4859121
8964,203,PODG,Malinowo,2.125,52.8015743,23.0671777
8965,203,PODG,Tczew Suchostrzygi,3.620,54.0950345,18.7526161
8980,203,PODG,Gutowiec Podg,75.066,53.7762889,17.8551237
9010,203,STTH,Wawrów,293.280,52.74991,15.2921554
9026,204,PODG,Tropy,26.551,54.1416207,19.3881626
9032,204,STTH,Młynary,60.769,54.1876231,19.7229376
9033,204,STTH,Chruściel,71.204,54.260386,19.8119791
9037,206,PODG,Dziarnowo,3.755,52.6243537,19.6849252
9042,206,STTH,Wapienno,20.090,52.83531,17.95992
9046,207,PODG,Toruń Mokre,2.500,53.0267562,18.6339075
9216,216,PODG,Olsztyn Kortowo,78.266,53.7615186,20.4350857
9221,217,STTH,Chruściel,42.270,54.260386,19.8119791
9293,223,STTH,Biskupiec Reszelski,7.517,53.8684495,20.9567574
9308,223,STTH,Orzysz,86.032,53.809833,21.9473601
9321,226,PODG,Gdańsk Święty Wojciech,4.983,54.3019768,18.6435957
9322,226,STTH,Gdańsk Olszynka,10.255,54.3361271,18.6755538
9323,226,STTH,Gdańsk Port Północny,14.050,54.3680204,18.6837164
9325,227,STTH,Gdańsk Zaspa Towarowa,4.424,54.3920341,18.637485
9327,228,STTH,Gdynia Port,5.869,54.5448319,18.4859121
9328,228,STTH,Gdynia Port Oksywie,11.226,54.5423873,18.5404791
9334,229,PODG,Glincz,31.193,54.3194599,18.3437607
9371,231,STTH,Inowrocław Mątwy,2.139,52.7538235,18.2529116
9374,234,PODG,Kiełpinek,9.654,53.7194516,17.3657747
9386,240,PODG,Konopat,4.531,53.4058903,18.3792928
9400,246,PODG,Toruń Mokre,2.490,53.0267562,18.6339075
9405,248,PODG,Brętowo,5.546,54.3741415,18.5676576
9408,248,PODG,Kiełpinek,9.211,53.7194516,17.3657747
9412,248,STTH,Gdańsk Rębiechowo,15.634,54.3873033,18.4469278
9420,249,STTH,Gdańsk Zaspa Towarowa,4.461,54.3920341,18.637485
9442,250,STTH,Gdynia Cisowa Postojowa,27.720,54.5531746,18.4278648
9445,253,STTH,Gdańsk Rębiechowo,0.001,54.3873033,18.4469278
9447,254,PODG,Tropy,0.111,54.1416207,19.3881626
9449,254,STTH,Elbląg Zdrój,5.772,54.185434,19.3870253
9479,266,PODG,Świdnica Kraszowice,60.736,50.8152616,16.4922024
9488,271,PODG,Grabiszyn,2.048,51.0916292,16.9874325
9490,271,STTH,Wrocław Popowice,4.600,51.1272664,17.0014903
9507,271,PODG,Rydzyna PODG,86.113,51.7739675,16.6432353
9525,272,PODG,Gotartów,2.811,51.0066735,18.206439
9533,272,STTH,Hanulin,42.420,51.304342,17.9933565
9541,272,PODG,Franklinów,90.345,51.6919485,17.8110112
9562,273,PODG,Grabiszyn,2.048,51.0916292,16.9874325
9564,273,PODG,Wrocław Muchobór,5.232,51.1115814,16.9740461
9594,273,PODG,Czerwieńsk Południe,164.078,52.0046092,15.4341951
9596,273,STTH,Czerwieńsk Towarowy,169.420,52.0336725,15.3759685
9605,273,PODG,Drzeńsko,227.380,52.3699122,14.7714269
9612,273,PODG,Chyrzyno,254.295,52.5677778,14.6497222
9641,274,PODG,Mietków,28.733,50.9851953,16.6560542
9674,274,PODG,Studniska,192.999,51.1094128,15.0860214
9678,275,PODG,Wrocław Muchobór,5.232,51.1115814,16.9740461
9690,275,PODG,Wielkie Piekary,61.298,51.2149379,16.2211582
9705,276,PODG,Lamowice,5.557,51.0596404,17.0698172
9724,276,PODG,Kłodzko Nowe,97.573,50.4154458,16.6498056
9749,277,PODG,Jelcz Miłoszyce,70.749,51.0446767,17.3048931
9754,277,PODG,Wrocław Brochów PODG,85.576,51.0447332,17.104529
9805,281,STTH,Damasławek,198.936,52.8399267,17.4994707
9808,281,STTH,Kcynia,216.444,52.9917668,17.4873729
9847,283,PODG,Rakowice Żwirownia,36.320,51.1268928,15.5548013
9855,284,STTH,Pawłowice Małe,7.259,51.1873088,16.0958612
9858,284,STTH,Jerzmanice-Zdrój,24.276,51.1153524,15.8753451
9876,285,PODG,Świdnica Kraszowice,60.110,50.8152616,16.4922024
9884,286,PODG,Ludwikowice Kłodzkie,29.009,50.6195083,16.4810756
9929,290,PODG,Las,0.850,50.7809911,23.031124
9930,290,STTH,Sulików,3.373,51.0769746,15.0649842
9931,290,PODG,Wilka,8.333,51.0372597,15.015161
9938,292,PODG,Jelcz Miłoszyce,0.487,51.0446767,17.3048931
9961,295,PODG,Bielawa Dolna,12.540,51.2966157,15.039164
9962,296,PODG,Wielkie Piekary,0.001,51.2149379,16.2211582
9963,296,PODG,Legnica Wschód,2.165,51.2152505,16.1903022
9975,300,PODG,Bolko,2.173,50.6513357,17.9483092
9978,301,PODG,Bolko,2.203,50.6513357,17.9483092
10011,309,PODG,Kłodzko Nowe,0.098,50.4154458,16.6498056
10036,312,STTH,Jerzmanice-Zdrój,36.669,51.1153524,15.8753451
10046,322,PODG,Kłodzko Nowe,-2.553,50.4154458,16.6498056
10054,325,STTH,Baborów,0.000,50.1563566,17.9859393
10067,327,STTH,Nowa Ruda Słupiec,0.272,50.5484166,16.5457871
10081,342,STTH,Jerzmanice-Zdrój,0.000,51.1153524,15.8753451
10083,344,PODG,Wilka,0.077,51.0372597,15.015161
10084,344,STTH,Zawidów,2.812,51.0244975,15.0451501
10085,348,PODG,Trzciniec Zgorzelecki,0.030,50.9500692,14.8944953
10088,349,PODG,Stadion,13.134,50.8464271,20.6086222
10089,349,STTH,Wrocław Gądów,17.024,51.1162752,16.9755447
10092,351,PODG,Poznań PoD,2.898,52.4198719,16.897434
10119,351,PODG,Kolin,161.431,53.2450214,15.1239061
10130,351,PODG,Szczecin Zdroje,201.929,53.3788264,14.6370894
10131,351,PODG,Regalica,204.079,53.3713067,14.6035501
10132,351,PODG,Dziewoklicz,207.928,53.3790906,14.5376642
10133,351,PODG,Szczecin Wstowo,209.627,53.392369,14.5219915
10136,352,PODG,Nowa Wieś Poznańska,2.804,52.3951824,17.0374773
10138,352,PODG,Pokrzywno,9.238,53.8152778,17.6883333
10157,353,PODG,Dziarnowo,95.709,52.6243537,19.6849252
10163,353,PODG,Nieszawka,130.565,52.6592554,16.9985408
10190,353,PODG,Olsztyn Kortowo,293.873,53.7615186,20.4350857
10207,353,STTH,Skandawa,381.265,54.2726207,21.2548409
10208,354,PODG,Poznań PoD,0.001,52.4198719,16.897434
10211,354,PODG,Suchy Las,6.300,52.3111111,18.6905556
10265,356,STTH,Kcynia,85.663,52.9917668,17.4873729
10289,358,PODG,Kosieczyn,1.992,52.2287926,15.8188169
10293,358,PODG,Czerwieńsk Wschód,40.991,52.0181159,15.4507296
10330,360,STTH,Gostyń,36.071,51.8778633,17.0167637
10416,377,STTH,Stawiany,33.732,50.5914714,20.60348
10424,390,STTH,Czarnków,6.849,52.9010725,16.5725842
10426,394,PODG,Pokrzywno,3.202,53.8152778,17.6883333
10428,394,PODG,Stary Młyn,10.193,53.75705,17.51516
10429,394,PODG,Zieliniec,12.200,52.412955,17.0468424
10431,395,PODG,Zieliniec,0.000,52.412955,17.0468424
10432,395,STTH,Koziegłowy,3.400,50.5978707,19.1615203
10433,395,STTH,Poznań Piątkowo,14.670,52.4648501,16.8807292
10436,401,PODG,Szczecin Dąbie SDC,1.996,53.401237,14.6925708
10490,402,PODG,Mosty,135.462,53.5740392,14.9399911
10492,403,PODG,Piła Północ,0.000,53.1397285,16.7032308
10532,405,PODG,Piła Północ,3.883,53.1397285,16.7032308
10568,406,STTH,Szczecin Turzyn,3.734,53.4291693,14.5283035
10572,406,STTH,Szczecin Niebuszewo,8.311,53.4485317,14.5543688
10577,406,STTH,Szczecin Gocław,13.815,53.4801737,14.6082285
10578,406,STTH,Szczecin Stołczyn,15.665,53.4947944,14.6148144
10580,406,STTH,Szczecin Skolwin,18.229,53.5169398,14.6146822
10584,406,STTH,Police,23.399,53.5486435,14.5657399
10595,408,STTH,Stobno Szczecińskie,8.894,53.4085523,14.4374883
10626,428,PODG,Szczecin Zdroje,3.439,53.3788264,14.6370894
10631,431,STTH,Police,0.378,53.5486435,14.5657399
10632,431,STTH,Police Chemia,5.336,53.5576129,14.5113299
10633,432,PODG,Szczecin Wstowo,0.000,53.392369,14.5219915
10634,432,STTH,Szczecin Wzgórze Hetmańskie,1.939,53.4067857,14.5211192
10635,432,STTH,Szczecin Turzyn,4.204,53.4291693,14.5283035
10637,433,STTH,Szczecin Wzgórze Hetmańskie,1.631,53.4067857,14.5211192
10639,434,PODG,Mosty,0.306,53.5740392,14.9399911
10641,435,PODG,Mosty,0.321,53.5740392,14.9399911
10642,436,PODG,Czerwieńsk Południe,0.001,52.0046092,15.4341951
10643,436,PODG,Czerwieńsk Wschód,2.150,52.0181159,15.4507296
10666,448,PODG,Warszawa Podskarbińska,5.996,52.2577477,21.0756368
10673,452,STTH,Warszawa Grochów,7.499,52.2556508,21.0837228
10681,456,PODG,Chotomów,30.276,52.4157067,20.8846314
10687,502,STTH,Warszawa Wschodnia Towarowa,1.576,52.2594252,21.0878386
10688,503,STTH,Warszawa Wschodnia Towarowa,7.074,52.2594252,21.0878386
10691,506,STTH,Warszawa Wschodnia Towarowa,6.965,52.2594252,21.0878386
10694,507,STTH,Warszawa Główna Towarowa,0.941,52.2147831,20.9079188
10696,509,STTH,Warszawa Główna Towarowa,-0.600,52.2147831,20.9079188
10697,509,STTH,Warszawa Jelonki,3.500,52.2364464,20.923998
10699,510,STTH,Warszawa Główna Towarowa,1.233,52.2147831,20.9079188
10709,517,STTH,Papiernia,0.065,51.1847269,20.0370132
10710,517,STTH,Las Suwalski,1.928,54.0541231,22.9417302
10712,520,PODG,Doły,0.015,50.4737055,20.743163
10716,524,PODG,Jaźwiny,-0.017,51.9881058,23.0314889
10719,526,PODG,Czachówek Zachodni,0.000,51.9675918,21.065383
10723,528,PODG,Czachówek Zachodni,0.181,51.9675918,21.065383
10734,534,STTH,Mikołajów,5.435,51.2767106,19.8685075
10735,535,PODG,Żakowice Południowe,0.010,51.7301117,19.7862756
10739,537,PODG,Żakowice Południowe,0.149,51.7301117,19.7862756
10743,539,PODG,Retkinia,1.714,51.7479363,19.4046298
10751,542,PODG,Gajewniki,3.642,51.6222384,19.0076552
10753,543,PODG,Gajewniki,0.126,51.6222384,19.0076552
10754,543,PODG,Dionizów,2.043,51.6309154,18.9787081
10755,544,PODG,Zamków,0.001,52.221697,18.8004591
10756,544,PODG,Borysławice,1.143,51.6514622,18.4289963
10758,545,STTH,Warszawa Grochów,2.234,52.2556508,21.0837228
10760,546,STTH,Warszawa Wschodnia Towarowa,7.074,52.2594252,21.0878386
10762,547,PODG,Warszawa Podskarbińska,6.147,52.2577477,21.0756368
10763,547,STTH,Warszawa Wschodnia Towarowa,7.000,52.2594252,21.0878386
10770,561,PODG,Zadębie,0.014,51.0239716,22.541077
10771,561,PODG,Adampol,3.537,52.3947222,21.7233333
10772,562,PODG,Adampol,0.100,52.3947222,21.7233333
10775,565,PODG,Charzewice,0.021,49.8710225,20.7530358
10777,565,STTH,Stalowa Wola Rozwadów Towarowa,0.954,,
10781,568,PODG,Szczukowice,8.017,50.8865761,20.5154812
10783,570,STTH,Psary,0.253,50.8691352,17.36217
10784,570,PODG,Starzyny,2.932,51.9686534,19.046154
10785,571,PODG,Czarnca,0.440,50.8239272,19.9452856
10786,571,PODG,Knapówka,3.741,50.7903171,19.9091915
10789,573,STTH,Idzikowice,0.632,51.9483117,19.1014075
10790,573,STTH,Radzice,5.097,51.4666036,20.3972953
10791,574,STTH,Radzice,0.000,51.4666036,20.3972953
10792,574,STTH,Idzikowice,4.156,51.9483117,19.1014075
10793,575,STTH,Szeligi,-0.166,53.8178799,22.4151425
10794,575,PODG,Marków,2.974,54.1390125,20.6139226
10799,577,STTH,Sieciechów,6.647,51.5404909,21.7451259
10800,579,STTH,Stawy,0.120,52.0714319,19.4079808
10802,580,PODG,Wieprz,0.026,51.2807379,22.8727412
10803,580,PODG,Wisła,0.519,52.380897,20.0867774
10804,581,STTH,Świdnik,0.000,51.2204629,22.6998639
10807,582,PODG,Czarnca,0.141,50.8239272,19.9452856
10810,585,STTH,Radom Wschodni,0.078,51.398905,21.1738772
10811,588,PODG,Lublin Rury,0.010,51.2183244,22.5316314
10812,601,PODG,Kraków Przedmieście,0.001,50.0848216,19.9498431
10814,602,PODG,Kraków Przedmieście,0.001,50.0848216,19.9498431
10815,602,STTH,Kraków Olsza,0.820,50.078432,19.9627088
10823,607,PODG,Raciborowice,0.199,50.1185173,20.0324511
10824,607,PODG,Dłubnia,1.006,50.1426704,19.9985743
10826,609,STTH,Tarnów Filia,0.001,49.9987895,20.9814005
10827,609,PODG,Tarnów Wschód,1.491,50.0084899,21.0047021
10831,612,STTH,Przeworsk Gorliczyna,1.443,50.0816425,22.5039024
10837,615,STTH,Przemyśl Bakończyce,0.394,49.7794775,22.7941118
10840,618,PODG,Sobniów,4.443,49.7224478,21.4899632
10843,624,PODG,Kraków Zabłocie,0.003,50.048375,19.9569189
10853,629,PODG,Kraków Zabłocie,2.133,50.048375,19.9569189
10859,651,PODG,Radoszowy,0.003,50.2080027,18.0404601
10860,651,PODG,Hajduki,1.443,50.2695768,18.9391417
10862,652,STTH,Katowice Muchowiec,0.000,50.2258007,19.0152132
10863,652,PODG,Katowice Muchowiec KMB,0.107,50.2245681,19.0106406
10864,652,PODG,Staszic,1.450,50.882193,23.6741204
10865,653,STTH,Katowice Muchowiec,0.000,50.2258007,19.0152132
10866,653,PODG,Katowice Muchowiec KMB,0.113,50.2245681,19.0106406
10868,654,PODG,Szabelnia,0.205,51.178707,20.4486302
10869,654,STTH,Katowice Szopienice Północne,1.102,50.2638497,19.0856087
10871,655,PODG,Stawiska,1.815,54.056088,18.0281386
10872,655,STTH,Katowice Muchowiec,7.050,50.2258007,19.0152132
10874,656,PODG,Brynów,3.004,50.2346632,18.9960508
10875,657,STTH,Katowice Szopienice Północne,0.244,50.2638497,19.0856087
10876,657,PODG,Stawiska,1.996,54.056088,18.0281386
10877,657,STTH,Katowice Muchowiec,7.342,50.2258007,19.0152132
10878,657,PODG,Katowice Muchowiec KMB,9.656,50.2245681,19.0106406
10879,658,PODG,Stawiska,0.233,54.056088,18.0281386
10880,659,STTH,Będzin,0.000,50.3356279,19.1173282
10885,660,PODG,KATOWICE SZOPIENICE POŁUDNIOWE,3.073,50.2589556,19.0931844
10886,661,STTH,Dąbrowa Górnicza Towarowa,0.100,50.3195641,19.3288762
10887,661,PODG,Kozioł,2.946,53.4305179,21.8324318
10890,665,STTH,Sławków Euroterminal,5.493,50.2817921,19.3091219
10894,667,PODG,Długoszyn,1.863,52.462003,15.0764301
10896,668,PODG,Długoszyn,1.824,52.462003,15.0764301
10897,670,PODG,Borowa Górka,0.000,50.0149469,19.5809909
10900,672,PODG,Maciejów Północny,0.483,50.3039448,18.7459073
10901,672,STTH,Zabrze Makoszowy Kopalnia,3.483,50.2817413,18.7628508
10902,675,PODG,Szobiszowice,0.001,50.3099725,18.6759098
10903,675,STTH,Gliwice Port,0.795,50.3181247,18.6484133
10904,676,STTH,Gliwice Sośnica,0.001,50.2956861,18.7380307
10905,677,STTH,Zabrze Makoszowy Kopalnia,0.870,50.2817413,18.7628508
10906,677,PODG,Mizerów,2.136,49.9900025,18.7925068
10909,680,PODG,Żabieniec,1.381,53.8012866,21.3799181
10910,680,PODG,Kłodnica,2.268,50.3461063,18.6089628
10911,681,PODG,Nowa Wieś,0.103,50.457263,20.82771
10913,681,PODG,Stare Koźle,3.386,50.31223,18.22005
10914,682,PODG,Nowa Wieś,0.103,50.457263,20.82771
10916,685,PODG,Droniowiczki,0.000,50.6624532,18.7104995
10917,685,PODG,Jawornica,3.231,50.393581,16.3302884
10919,686,PODG,Liswarta,2.172,50.9868402,18.7767814
10920,687,PODG,Kalina,0.007,52.4479539,18.3908933
10924,689,PODG,Studzionka,0.001,49.9621767,18.7730838
10925,689,PODG,Dębina,2.437,54.6363878,17.019844
10927,691,PODG,Turze,1.416,54.09599,18.62784
10930,693,PODG,Bronów podg,7.246,,
10931,694,PODG,Bronów podg,1.866,,
10932,694,PODG,Bieniowiec,3.160,49.8934901,18.8306488
10934,696,STTH,Tychy Miasto,0.001,50.1116819,18.9913743
10941,701,STTH,Częstochowa Towarowa,2.772,50.7921928,19.1442664
10943,701,PODG,Kucelinka,6.466,50.7972398,19.1690374
10944,702,STTH,Częstochowa Towarowa,0.218,50.7921928,19.1442664
10946,703,PODG,Kucelinka,0.009,50.7972398,19.1690374
10948,703,STTH,Częstochowa Towarowa,3.667,50.7921928,19.1442664
10956,709,PODG,Stare Koźle,4.062,50.31223,18.22005
10957,711,PODG,Maciejów Północny,-0.558,50.3039448,18.7459073
10963,714,PODG,Pieczyska,4.322,51.922235,21.0196681
10964,715,PODG,Borowa Górka,0.050,50.0149469,19.5809909
10966,717,STTH,Tychy Fiat,4.100,50.1080224,19.0782839
10967,719,STTH,Jęzor Centralny JCA,0.000,50.2389982,19.1866404
10968,719,STTH,Sosnowiec Jęzor,1.606,50.2418809,19.1977897
10969,720,STTH,Sosnowiec Jęzor,0.001,50.2418809,19.1977897
10970,721,STTH,Gdańsk Południowy,0.000,54.3352545,18.6397071
10971,721,STTH,Gdańsk Olszynka,2.572,54.3361271,18.6755538
10972,722,STTH,Gdańsk Zaspa Towarowa,0.001,54.3920341,18.637485
10974,723,STTH,Gdynia Port,2.029,54.5448319,18.4859121
10975,724,STTH,Gdynia Port,2.155,54.5448319,18.4859121
10977,725,STTH,Gdynia Port,2.245,54.5448319,18.4859121
10981,727,PODG,Malinowo,1.997,52.8015743,23.0671777
10984,729,PODG,Górki,0.000,54.3107116,21.3504416
10985,729,PODG,Malinowo,5.933,52.8015743,23.0671777
10988,730,PODG,Malinowo,5.114,52.8015743,23.0671777
10989,730,PODG,Tczew Suchostrzygi,6.561,54.0950345,18.7526161
10990,731,PODG,Malinowo,0.001,52.8015743,23.0671777
10993,734,PODG,Nieszawka,0.000,52.6592554,16.9985408
10996,735,PODG,Górki,0.097,54.3107116,21.3504416
10997,735,PODG,Malinowo,5.933,52.8015743,23.0671777
11004,740,PODG,Zamków,2.752,52.221697,18.8004591
11005,741,PODG,Mimowola,0.000,52.7936794,18.2150482
11012,745,PODG,Czyżkówko,2.603,53.4719444,17.3430556
11016,748,STTH,Chełm Wschodni,1.909,51.1412692,23.5254399
11017,749,PODG,Legnica Wschód,0.508,51.2152505,16.1903022
11020,750,PODG,Stadion,12.770,50.8464271,20.6086222
11021,751,STTH,Wrocław Gądów,0.298,51.1162752,16.9755447
11023,752,STTH,Wrocław Gądów,0.000,51.1162752,16.9755447
11024,752,STTH,Wrocław Popowice,2.350,51.1272664,17.0014903
11025,753,PODG,Grabiszyn,0.123,51.0916292,16.9874325
11026,753,STTH,Wrocław Gądów,2.390,51.1162752,16.9755447
11027,754,STTH,Wrocław Popowice,0.450,51.1272664,17.0014903
11028,755,STTH,Wrocław Popowice,0.621,51.1272664,17.0014903
11029,756,PODG,Stadion,0.000,50.8464271,20.6086222
11031,756,STTH,Wrocław Popowice,3.723,51.1272664,17.0014903
11033,757,PODG,Wrocław Muchobór,4.004,51.1115814,16.9740461
11034,758,PODG,Stadion,0.241,50.8464271,20.6086222
11035,758,PODG,Wrocław Muchobór,3.295,51.1115814,16.9740461
11036,759,STTH,Wrocław Gądów,0.081,51.1162752,16.9755447
11038,761,PODG,Grabiszyn,0.000,51.0916292,16.9874325
11044,765,PODG,Lamowice,4.260,51.0596404,17.0698172
11045,766,PODG,Łukanów,0.001,51.195403,17.3421092
11057,779,PODG,Studniska,0.170,51.1094128,15.0860214
11058,779,PODG,Las,0.821,50.7809911,23.031124
11059,780,PODG,Wilka,0.445,51.0372597,15.015161
11061,784,STTH,Warszawa Główna Towarowa,0.240,52.2147831,20.9079188
11063,786,PODG,Trzciniec Zgorzelecki,26.142,50.9500692,14.8944953
11064,786,STTH,Turoszów,27.896,50.9304625,14.9202774
11074,803,STTH,Poznań Piątkowo,0.000,52.4648501,16.8807292
11075,803,PODG,Suchy Las,1.144,52.3111111,18.6905556
11076,804,PODG,Nowa Wieś Poznańska,1.821,52.3951824,17.0374773
11078,805,PODG,Stary Młyn,1.088,53.75705,17.51516
11080,806,PODG,Nowa Wieś Poznańska,4.081,52.3951824,17.0374773
11081,807,PODG,Sokołowo Wrzesińskie,0.332,52.3381661,17.5748301
11086,809,PODG,Borysławice,1.900,51.6514622,18.4289963
11088,810,PODG,Dionizów,3.303,51.6309154,18.9787081
11089,811,PODG,Stary Staw,0.032,51.6817937,17.816867
11090,811,PODG,Franklinów,1.496,51.6919485,17.8110112
11092,812,STTH,Hanulin,2.962,51.304342,17.9933565
11094,813,STTH,Hanulin,1.202,51.304342,17.9933565
11096,814,STTH,Hanulin,1.418,51.304342,17.9933565
11097,815,STTH,Durzyn,0.159,51.70945,17.47852
11100,816,PODG,Osusz,2.966,51.70016,17.39951
11101,819,PODG,Chlastawa,0.087,52.2440091,15.8344066
11103,819,PODG,Kosieczyn,4.808,52.2287926,15.8188169
11104,820,PODG,Chlastawa,0.087,52.2440091,15.8344066
11106,820,PODG,Dąbrówka Zbąska,4.946,52.2292371,15.7964783
11111,822,PODG,Drzeńsko,2.972,52.3699122,14.7714269
11113,823,PODG,Stary Młyn,4.713,53.75705,17.51516
11114,824,PODG,Pokrzywno,0.092,53.8152778,17.6883333
11133,844,PODG,Warszawa Antoninów,6.689,52.2590027,21.0963478
11134,844,STTH,Warszawa Wschodnia Towarowa,7.751,52.2594252,21.0878386
11135,846,STTH,Gdańsk Olszynka,0.001,54.3361271,18.6755538
11136,846,STTH,Bocznica LOTOS,0.897,,
11139,851,PODG,Szczecin Wstowo,0.066,53.392369,14.5219915
11143,854,PODG,Dziewoklicz,4.175,53.3790906,14.5376642
11144,855,PODG,Regalica,0.000,53.3713067,14.6035501
11148,857,PODG,Szczecin Dąbie SDC,2.152,53.401237,14.6925708
11150,859,PODG,Szczygłowice Kopalnia,0.072,50.1928209,18.6330529
11151,859,STTH,KWK Szczygłowice,0.825,50.1846997,18.6346179
11155,862,PODG,Radlin Obszary,3.048,50.0413006,18.4946556
11158,864,STTH,Katowice KWK Wujek,2.960,,
11159,865,STTH,Małaszewicze MS,197.792,52.0163735,23.5018021
11160,867,STTH,Małaszewicze MS,202.080,52.0163735,23.5018021
11163,872,PODG,Nowa Wieś,61.623,50.457263,20.82771
11165,873,STTH,Pawłowice Śląskie,0.001,49.9504083,18.71014
11166,873,STTH,Pawłowice Górnicze,1.797,49.954358,18.6857697
11167,874,PODG,Kleszczów,0.081,51.22165,19.30628
11168,874,PODG,Ciepłownia,1.621,54.3566466,18.7196618
11170,876,STTH,Radlin Marcel Bsz,6.237,,
11171,877,PODG,Radlin Obszary,0.126,50.0413006,18.4946556
11172,877,STTH,Radlin Marcel Bsz,1.662,,
11175,882,STTH,Kwk Czeczott,7.500,50.0205417,19.1098655
11177,883,STTH,Mysłowice Kwk Wesoła,5.900,50.1962912,19.0899022
11178,884,PODG,Lędziny,0.212,50.128624,19.1160922
11179,884,STTH,Lędziny Kwk Ziemowit,2.000,,
11181,885,STTH,Kwk Piast,2.300,50.0701258,19.1128797
11183,886,STTH,Dwory Z-Dy Chem.,2.301,,
11184,888,PODG,Bytom Północny,0.070,50.3749259,18.8787572
11186,890,STTH,Kędzierzyn Zakłady Azotowe,1.162,50.3031336,18.2624168
11187,891,PODG,Raszowa,0.001,50.3877156,18.1611928
11188,891,STTH,Zdziesz.Z-Dy Koksow.,2.210,,
11191,893,STTH,Zabrze Makoszowy,0.700,50.2700195,18.7751728
11192,893,STTH,Kwk Makoszowy,2.029,50.2731735,18.7759085
11193,893,STTH,Zabrze Makoszowy Kopalnia,3.080,50.2817413,18.7628508
11194,894,STTH,Ruda Bielszowice,0.000,50.2610627,18.8116221
11195,894,STTH,Ruda Śląska KWK Ruda Ruch Halemba,3.700,,
11196,898,PODG,Staszic,0.067,50.882193,23.6741204
11197,898,STTH,KATOWICE MUCHOWIEC STASZIC,3.700,,
11199,901,STTH,Warszawa Wschodnia Towarowa,7.074,52.2594252,21.0878386
11202,902,PODG,Warszawa Podskarbińska,5.988,52.2577477,21.0756368
11203,902,STTH,Warszawa Wschodnia Towarowa,7.875,52.2594252,21.0878386
11204,903,PODG,Warszawa Podskarbińska,1.672,52.2577477,21.0756368
11205,903,STTH,Warszawa Grochów,2.899,52.2556508,21.0837228
11213,919,STTH,Warszawa Ochota Postojowa,4.300,52.2164219,20.953704
11219,933,STTH,Machów,1.500,51.2419879,21.8321698
11224,940,STTH,Kraków Nowa Huta,1.308,50.0902381,20.1286442
11225,941,STTH,Kraków Nowa Huta,2.786,50.0902381,20.1286442
11226,941,PODG,Kościelniki,4.065,50.0954693,20.1797118
11227,942,PODG,Kościelniki,0.001,50.0954693,20.1797118
11228,942,STTH,Kraków Nowa Huta,1.100,50.0902381,20.1286442
11229,943,STTH,Kraków Nowa Huta,1.000,50.0902381,20.1286442
11230,944,STTH,Kraków Nowa Huta,2.000,50.0902381,20.1286442
11232,947,STTH,Kraków Olsza,0.000,50.078432,19.9627088
11233,947,STTH,Kraków Łęg,3.325,50.0557199,20.0138368
11242,960,STTH,Gdynia Postojowa,3.327,54.5411988,18.4811278
11243,961,STTH,Gdynia Postojowa,0.002,54.5411988,18.4811278
11244,961,STTH,Gdynia Port,1.101,54.5448319,18.4859121
11246,964,STTH,Gdynia Postojowa,0.002,54.5411988,18.4811278
11248,965,STTH,Gdańsk Port Północny,-0.007,54.3680204,18.6837164
11252,970,PODG,Mietków,0.001,50.9851953,16.6560542
11254,972,STTH,Pawłowice Małe,0.001,51.1873088,16.0958612
11256,974,PODG,Rakowice Żwirownia,0.019,51.1268928,15.5548013
11262,980,STTH,Czerwieńsk Towarowy,2.101,52.0336725,15.3759685
11270,989,STTH,Medyka,1.630,49.8024919,22.9392189
11280,998,PODG,Szczecin Wstowo,0.001,53.392369,14.5219915
11282,999,PODG,Piła Północ,3.195,53.1397285,16.7032308
12205,26,LPO,Krzywda,22.552,51.79471,22.2047703
12233,27,LPO,Baboszewo,40.599,52.6833786,20.2598197
12238,27,LPO,Zawidz,74.330,52.8294836,19.8435597
12365,33,LPO,Proboszczewice Płockie,65.558,52.6601856,19.713785
12366,33,LPO,Gozdowo,73.432,52.7296958,19.6956192
12369,33,LPO,Szczutowo,99.280,52.9352888,19.5766482
12371,33,LPO,Rypin,116.754,53.0687172,19.4277056
12372,33,LPO,Kretki,129.010,53.1726766,19.4034908
12411,36,LPO,Sokoły,76.500,53.0000606,22.7185906
12488,41,LPO,Kijewo,14.835,53.9181982,22.4976625
12540,61,LPO,Piekoszów Łaziska,14.122,50.8704253,20.4483417
12689,69,LPO,Józefów Roztoczański,86.008,50.5182044,23.0398131
12690,69,LPO,Długi Kąt,92.325,50.4825442,23.10161
12696,69,LPO,Lubycza Królewska,129.900,50.3398108,23.5301422
12774,81,LPO,Ruda-Opalin,14.439,51.2478764,23.6011192
12776,81,LPO,Uhrusk,22.676,51.31951,23.6192489
12779,81,LPO,Sobibór,36.750,51.4442972,23.5970125
12781,81,LPO,Włodawa,44.807,51.5159358,23.5856436
13052,103,LPO,Bolęcin,4.756,52.6568728,20.5121389
13056,103,LPO,Okleśna,17.943,50.0307049,19.5244813
13193,115,LPO,Fiuk,20.013,50.1430526,20.9449151
13194,115,LPO,Dąbrowa Tarnowska,24.767,50.1743495,20.9850707
13195,115,LPO,Olesno Tarnowskie,29.935,50.2041619,20.9307941
13197,115,LPO,Mędrzechów,37.903,50.2817162,20.9472878
13455,137,LPO,Nowa Wieś Legnicka,277.642,51.1524557,16.1739949
13592,144,LPO,Żędowice,29.885,50.5832744,18.5119393
13663,151,LPO,Tworków,41.306,50.0171233,18.2489281
13703,158,LPO,Bełsznica,17.654,49.9727836,18.3724989
13772,177,LPO,Głubczyce,37.700,50.2001072,17.8301977
13803,181,LPO,Syców,123.222,51.2895928,17.7111167
13878,201,LPO,Błądzim,63.325,53.4760353,18.1151381
14002,203,LPO,Zakrzewo Złotowskie,138.280,53.4167694,17.1413694
14057,206,LPO,Barcin,23.110,52.8632346,17.9472463
14119,208,LPO,Lniano,149.930,53.52917,18.2204
14132,209,LPO,Mirakowo,62.275,53.1567469,18.6786645
14140,209,LPO,Dąbrowa Chełmińska,92.867,53.1749925,18.2815775
14141,209,LPO,Ostromecko,98.570,53.1440281,18.2147714
14143,209,LPO,Bydgoszcz Fordon,104.078,53.1463533,18.1571978
14167,210,LPO,Drawsko Pomorskie,127.013,53.5232789,15.8246864
14188,212,LPO,Ugoszcz,18.240,54.12294,17.52899
14190,212,LPO,Borzytuchom,35.010,54.20028,17.36823
14191,212,LPO,Barnowo,43.100,54.2391961,17.2434734
14192,212,LPO,Kołczygłówki,47.880,54.2312103,17.1990819
14193,212,LPO,Zielin Miastecki,53.580,54.2465549,17.0992243
14223,215,LPO,Śliwice,36.947,53.7133939,18.1820758
14358,229,LPO,Straszyn Prędzieszyn,7.122,54.2675877,18.5708898
14366,229,LPO,Garcz,51.227,54.345122,18.106319
14368,229,LPO,Miechucino,57.100,54.3410652,18.0210287
14370,229,LPO,Sierakowice,66.483,54.345194,17.8935576
14371,229,LPO,Kamienica Królewska,72.038,54.3922872,17.8892837
14373,229,LPO,Linia Zakrzewo,79.753,54.4572649,17.8994681
14391,230,LPO,Kostkowo,16.679,54.6696,18.03522
14393,230,LPO,Gniewino,23.314,54.71543,18.00638
14399,230,LPO,Choczewo,37.606,54.7409998,17.8923067
14400,230,LPO,Kurowo,42.387,54.0372369,16.5786425
14420,236,LPO,Ryczywół,109.131,51.68976,21.42152
14427,241,LPO,Brzuchowo,7.962,53.55024,17.77622
14429,241,LPO,Gostycyn,16.510,53.4888974,17.8095094
14430,241,LPO,Pruszcz Bagienica,22.673,53.4403599,17.8230162
14431,241,LPO,Mąkowarsko,27.377,53.404684,17.8110604
14432,241,LPO,Wilcza Góra,32.543,52.0735346,20.9361732
14434,241,LPO,Koronowo,43.103,53.3140636,17.9369813
14507,256,LPO,Nowy Staw,12.566,54.1342754,19.0086861
14508,256,LPO,Nowy Dwór Gdański,24.647,54.2146299,19.1150846
14719,274,LPO,Zaręba,184.037,51.0979342,15.2183678
14721,274,LPO,Mikułowa,191.850,51.0807728,15.1087348
14751,275,LPO,Lubsko,172.780,51.7881902,14.9721266
14787,277,LPO,Chróścice,22.735,50.7932119,17.8162133
14868,281,LPO,Ogorzeliny,300.493,53.60195,17.55581
14904,283,LPO,Ławszowa,77.526,51.3927437,15.4195894
14910,284,LPO,Złotoryja,21.282,51.1247624,15.9169833
14966,288,LPO,Chróścina Nyska,17.687,50.6168192,17.3782028
14968,288,LPO,Grodków Śląski,26.677,50.6968397,17.3765483
14984,290,LPO,Mikułowa,0.292,51.0807728,15.1087348
15007,293,LPO,Jełowa,0.129,50.7935553,18.0466267
15014,294,LPO,Głubczyce,0.000,50.2001072,17.8301977
15041,301,LPO,Jełowa,19.747,50.7935553,18.0466267
15045,301,LPO,Dąbrowa Namysłowska,46.094,,
15047,301,LPO,Jastrzębie Śląskie,52.507,50.1721683,18.0991966
15051,302,LPO,Ujazd Górny,16.053,51.0845076,16.5012929
15062,306,LPO,Biała Prudnicka,31.146,50.3852124,17.6720762
15136,329,LPO,Gracze,14.549,50.6964873,17.5522369
15321,356,LPO,Skoki,34.827,52.6744997,17.1621597
15328,356,LPO,Gołańcz,70.904,52.94748,17.3059644
15332,356,LPO,Szaradowo Zalesie,93.311,,
15335,356,LPO,Rynarzewo,113.014,53.0639062,17.8168532
15415,363,LPO,Goraj,75.173,50.7212294,22.6682146
15416,363,LPO,Przytoczna,79.809,52.5776,15.67994
15453,368,LPO,Ostroróg,9.431,52.6267433,16.4491743
15458,368,LPO,Chrzypsko Wielkie,29.679,52.6269505,16.2193081
15462,368,LPO,Zatom Stary,49.160,52.6329763,15.9675017
15463,368,LPO,Międzychód Letnisko,53.462,52.6022674,15.9088575
15471,370,LPO,Nowogród Bobrzański,27.582,51.8119067,15.2442583
15478,374,LPO,Mirosław Ujski,29.176,53.0381124,16.6854918
15479,374,LPO,Ujście Noteckie,33.231,53.0613165,16.7257501
15484,375,LPO,Staropole,22.418,51.6916399,20.0770505
15485,375,LPO,Sieniawa Lubuska,27.800,52.3525876,15.363189
15487,375,LPO,Gronów,37.075,51.4129481,18.7216017
15546,402,LPO,Miłogoszcz,19.630,54.2053275,15.9088164
15550,402,LPO,Bagicz,33.695,54.192806,15.6978637
15575,403,LPO,Szydłowo Krajeńskie,7.900,53.1669928,16.6060781
15579,403,LPO,Wałcz Raduń,25.217,53.2770378,16.4585978
15582,403,LPO,Tuczno Krajeńskie,46.226,53.2189822,16.1753086
15592,403,LPO,Ognica,101.012,53.316045,15.4541886
15621,405,LPO,Ptusza,29.860,53.3646742,16.7838594
15675,406,LPO,Trzebież Szczeciński,36.685,53.6538044,14.5014611
15687,410,LPO,Wierzchowo Pomorskie,75.904,53.6062035,17.4222252
15688,410,LPO,Borujsko,81.790,53.41141,16.07853
15689,410,LPO,Mirosławiec,88.573,53.3415106,16.0881475
15696,410,LPO,Drawno,116.460,53.2189468,15.7580084
15699,410,LPO,Wardyń,135.462,53.1691405,15.4992174
15704,411,LPO,Stargard Kluczewo,5.784,53.2951926,15.004294
15705,411,LPO,Warnice Dębica,10.250,,
15708,411,LPO,Pyrzyce,24.992,53.1461083,14.8924485
15711,413,LPO,Polnica,10.474,53.7528973,17.4007567
15718,418,LPO,Darłowo,34.590,54.4170589,16.4043661
15719,421,LPO,Smardzko,18.260,53.77632,15.86366
16165,786,LPO,Bogatynia,32.760,50.9077147,14.9539185
16383,625,PODG,Sucha Beskidzka Północ,0.000,49.7458481,19.6031537
16384,625,PODG,Sucha Beskidzka Południe,0.650,49.7410945,19.6049797
16385,98,PODG,Sucha Beskidzka Południe,1.930,49.7410945,19.6049797
16386,97,PODG,Sucha Beskidzka Północ,44.340,49.7458481,19.6031537
16387,633,PODG,Chabówka Południe R101,0.000,49.5925714,19.9208396
16388,633,PODG,Chabówka Południe R102,0.561,49.5925714,19.9208396
16389,98,PODG,Chabówka Południe R101,33.160,49.5925714,19.9208396
16390,99,PODG,Chabówka Południe R102,1.386,49.5925714,19.9208396
16391,619,PODG,Stróże Sr4,0.000,49.6664571,20.9625359
16392,619,PODG,Stróże Sr3,1.710,49.6661354,20.9749231
16393,96,PODG,Stróże Sr4,55.540,49.6664571,20.9625359
16394,108,PODG,Stróże Sr3,1.140,49.6661354,20.9749231
16395,608,PODG,Podłęże R201,0.000,52.0314,19.03802
16396,608,PODG,Podłęże R101,1.564,52.0314,19.03802
16397,95,PODG,Podłęże R201,12.000,52.0314,19.03802
16398,621,PODG,Kalwaria Zebrzydowska Północ,0.000,49.8787448,19.6758011
16399,621,PODG,Kalwaria Zebrzydowska Zachód,0.446,49.8752325,19.6758835
16400,679,GR P,Chałupki gr. p.,1.931,,
16401,699,PODG,Oświęcim OWC,0.000,50.0502388,19.212486
16402,699,PODG,Oświęcim R15,1.000,50.0382443,19.2214053
16405,97,PODG,Kalwaria Zebrzydowska Północ,20.930,49.8787448,19.6758011
16406,117,PODG,Kalwaria Zebrzydowska Zachód,1.280,49.8752325,19.6758835
17414,30,M,Brzeźnica Bychawska,67.947,51.5290692,22.7428436
17452,31,M,Witowo,107.428,52.6391736,23.484495
17576,38,M,Wronka,157.029,54.0155017,21.6887713
17580,38,M,Owczarnia,173.588,54.03113,21.46935
17730,63,M,Uherka Mijanka,24.967,51.14,23.4731991
17829,70,M,Raczyce,24.600,50.6726398,17.0338019
17896,76,M,Janików,10.935,51.5723485,21.5919011
17897,77,M,Janików,-0.449,51.5723485,21.5919011
18061,96,M,Kłokowa,5.832,49.9533036,20.9572744
18071,96,M,Zborowice,40.738,50.804115,17.1737704
18094,96,ML,Wierchomla,118.380,49.402534,20.7553365
18114,97,POGP,Kalwaria Zebrzydowska,20.880,49.8740044,19.6738606
18120,97,M,Zembrzyce Nowe,42.321,49.7617505,19.5973734
18142,98,PODG,Chabówka Południe,33.161,49.5925714,19.9208396
18145,99,PODG,Chabówka Południe,1.386,49.5925714,19.9208396
18269,108,ST,Stróże,0.586,49.6541858,20.9767003
18339,117,POGP,Kalwaria Zebrzydowska,1.477,49.8740044,19.6738606
18914,179,M,Bieruń Stary,11.678,50.0923372,19.0920862
18946,182,M,Miasteczko Śląskie Żyglin,8.186,,
20504,358,M,Szczawno-Ciemnice,57.036,52.0394679,15.2338262
21061,606,ST,Kraków Prokocim Towarowy,0.001,50.02753,20.0107134
21062,606,ST,Kraków Bieżanów,1.250,50.0211167,20.0298556
21081,619,ST,Stróże,0.572,49.6541858,20.9767003
21082,621,POGP,Kalwaria Zebrzydowska,0.445,49.8740044,19.6738606
21097,633,PODG,Chabówka Południe,0.561,49.5925714,19.9208396
21137,669,ST,Jaworzno Szczakowa,0.000,50.2471161,19.2933003
21138,669,PODG,Pieczyska,3.801,51.922235,21.0196681
21158,684,POGP,Borowiany,0.145,50.5423696,18.603782
21159,684,PODG,Krupski Młyn,1.714,50.5737746,18.6234495