id,line_number,start_km,end_km,passenger_train_speed,is_single_track,second_track_speed
1,1,2.405,3.779,100,false,100
2,1,3.779,4.080,120,false,120
3,1,4.080,5.608,160,false,160
4,1,5.608,7.100,120,false,120
5,1,7.100,11.638,160,false,160
6,1,11.638,61.350,160,false,160
7,1,61.350,63.300,160,false,160
8,1,63.300,65.400,150,false,150
9,1,65.400,67.600,100,false,100
10,1,67.600,71.700,150,false,150
11,1,71.700,75.750,160,false,160
12,1,75.750,81.600,150,false,150
13,1,81.600,86.100,140,false,140
14,1,86.100,91.950,160,false,160
15,1,91.950,92.800,150,false,150
16,1,92.800,103.500,160,false,160
17,1,103.500,106.100,100,false,100
18,1,106.100,195.500,120,false,120
19,1,195.500,199.030,140,false,140
20,1,199.030,229.245,120,false,120
21,1,229.245,230.380,100,false,100
22,1,230.380,231.180,100,false,100
23,1,231.180,231.390,120,false,120
24,1,231.390,233.620,120,false,120
25,1,233.620,234.230,120,false,120
26,1,234.230,263.520,160,false,160
27,1,263.520,264.620,150,false,150
28,1,264.620,272.640,160,false,160
29,1,272.640,273.180,110,false,110
30,1,273.180,273.250,120,false,120
31,1,273.250,275.290,120,false,120
32,1,275.290,277.050,130,false,130
33,1,277.050,277.590,120,false,120
34,1,277.590,283.480,130,false,130
35,1,283.480,283.680,120,false,120
36,1,283.680,291.570,130,false,130
37,1,291.570,299.200,120,false,120
38,1,299.200,301.200,100,false,100
39,1,301.200,307.750,110,false,110
40,1,307.750,314.700,100,false,100
41,1,314.700,317.311,90,false,100
42,1,317.311,318.629,70,false,70
43,2,-2.425,-2.145,100,false,100
44,2,-2.145,-0.600,80,false,100
45,2,-0.600,0.700,60,false,60
46,2,0.700,3.450,80,false,80
47,2,3.450,4.800,60,false,60
48,2,4.800,5.500,100,false,60
49,2,5.500,9.200,100,false,120
50,2,9.200,12.900,160,false,160
51,2,12.900,20.530,160,false,160
52,2,20.530,38.940,160,false,160
53,2,38.940,41.700,120,false,120
54,2,41.700,92.000,160,false,160
55,2,92.000,95.100,120,false,120
56,2,95.100,197.200,160,false,160
57,2,197.200,197.800,130,false,130
58,2,197.800,198.500,140,false,140
59,2,198.500,203.650,160,false,160
60,2,203.650,203.750,70,false,70
61,2,203.750,208.549,160,false,160
62,2,208.549,210.300,120,false,120
63,2,210.300,211.657,40,true,
64,3,7.022,7.835,100,false,70
65,3,7.835,8.400,70,false,70
66,3,8.400,10.100,100,false,100
67,3,10.100,11.400,120,false,100
68,3,11.400,12.200,150,false,150
69,3,12.200,21.000,160,false,160
70,3,21.000,23.900,130,false,130
71,3,23.900,24.400,110,false,110
72,3,24.400,27.200,140,false,140
73,3,27.200,53.300,160,false,160
74,3,53.300,53.900,120,false,120
75,3,53.900,54.050,100,false,100
76,3,54.050,55.680,130,false,100
77,3,55.680,56.390,140,false,140
78,3,56.390,58.400,150,false,150
79,3,58.400,58.930,140,false,140
80,3,58.930,60.500,160,false,160
81,3,60.500,64.730,160,false,160
82,3,64.730,65.380,150,false,150
83,3,65.380,70.100,160,false,160
84,3,70.100,70.360,150,false,150
85,3,70.360,75.360,160,false,160
86,3,75.360,75.930,150,false,150
87,3,75.930,76.950,160,false,160
88,3,76.950,77.600,140,false,140
89,3,77.600,81.200,130,false,130
90,3,81.200,82.600,140,false,140
91,3,82.600,164.200,160,false,160
92,3,164.200,165.640,160,false,160
93,3,165.640,167.950,120,false,120
94,3,167.950,174.760,160,false,160
95,3,174.760,175.470,100,false,100
96,3,175.470,199.380,160,false,160
97,3,199.380,204.180,140,false,140
98,3,204.180,231.280,160,false,160
99,3,231.280,232.420,140,false,140
100,3,232.420,290.850,160,false,160
101,3,290.850,295.300,140,false,140
102,3,295.300,297.800,130,false,130
103,3,297.800,302.800,100,false,100
104,3,302.800,309.600,90,false,90
105,3,309.600,310.300,140,false,140
106,3,310.300,373.100,160,false,160
107,3,373.100,378.400,160,false,160
108,3,378.400,382.500,120,false,120
109,3,382.500,385.600,100,false,100
110,3,385.600,385.890,60,false,60
111,3,385.890,385.930,50,false,60
112,3,385.930,386.400,60,false,60
113,3,386.400,388.750,100,false,100
114,3,388.750,393.900,120,false,120
115,3,393.900,405.800,160,false,160
116,3,405.800,408.500,120,false,120
117,3,408.500,419.600,160,false,160
118,3,419.600,422.400,150,false,150
119,3,422.400,475.700,160,false,160
120,3,475.700,477.400,140,false,140
121,3,477.400,478.098,100,false,100
122,4,1.087,1.813,160,false,160
123,4,1.813,3.200,200,false,200
124,4,3.200,14.049,200,false,200
125,4,14.049,222.400,160,false,160
126,4,222.400,224.889,110,false,110
127,6,14.411,176.893,160,false,160
128,6,176.893,178.471,90,false,90
129,6,178.471,217.810,100,true,
130,6,217.810,234.349,80,true,
131,6,234.349,236.970,60,true,
132,6,236.970,236.980,60,true,
133,6,236.980,238.574,60,true,
134,7,4.170,5.000,60,false,60
135,7,5.000,6.250,80,false,80
136,7,6.250,13.792,120,false,120
137,7,13.792,13.887,100,false,110
138,7,13.887,21.400,110,false,110
139,7,21.400,26.050,80,false,80
140,7,26.050,28.850,120,false,120
141,7,28.850,99.350,160,false,160
142,7,99.350,101.920,130,false,130
143,7,101.920,107.223,100,false,100
144,7,107.223,108.310,130,false,130
145,7,108.310,123.445,160,false,160
146,7,123.445,124.445,130,false,130
147,7,124.445,166.600,160,false,160
148,7,166.600,171.817,140,false,140
149,7,171.817,182.090,100,false,100
150,7,182.090,184.600,120,false,120
151,7,184.600,185.650,100,false,100
152,7,185.650,187.061,120,false,120
153,7,187.061,187.509,100,false,100
154,7,187.509,190.600,120,false,120
155,7,190.600,191.750,100,false,120
156,7,191.750,200.458,120,false,120
157,7,200.458,201.120,100,false,100
158,7,201.120,210.996,120,false,120
159,7,210.996,212.090,100,false,120
160,7,212.090,228.400,120,false,120
161,7,228.400,228.860,100,false,100
162,7,228.860,237.490,120,false,120
163,7,237.490,237.720,80,false,80
164,7,237.720,246.570,120,false,120
165,7,246.570,246.610,70,false,120
166,7,246.610,248.400,120,false,120
167,7,248.400,264.700,90,false,80
168,7,264.700,268.570,120,true,
169,7,268.570,269.470,90,true,
170,7,269.470,271.533,50,true,
171,8,2.482,3.458,100,false,80
172,8,3.458,5.066,80,false,80
173,8,5.066,5.600,60,false,60
174,8,5.600,6.700,80,false,60
175,8,6.700,9.200,120,false,120
176,8,9.200,9.800,80,false,80
177,8,9.800,11.800,120,false,120
178,8,11.800,12.600,120,false,120
179,8,12.600,20.156,160,false,160
180,8,20.156,21.205,150,false,150
181,8,21.205,38.800,160,false,160
182,8,38.800,56.700,160,false,160
183,8,56.700,58.450,120,false,120
184,8,58.450,98.403,160,false,160
185,8,98.403,99.612,130,false,130
186,8,99.612,100.850,100,false,100
187,8,100.850,104.250,100,false,100
188,8,104.250,105.780,100,false,100
189,8,105.780,109.330,110,false,120
190,8,109.330,113.848,120,false,120
191,8,113.848,114.298,110,false,120
192,8,114.298,125.756,120,false,120
193,8,125.756,132.867,110,false,110
194,8,132.867,133.388,100,false,100
195,8,133.388,142.200,120,false,120
196,8,142.200,147.300,100,false,100
197,8,147.300,151.600,100,false,100
198,8,151.600,159.605,100,false,90
199,8,159.605,188.400,90,false,90
200,8,188.400,222.500,100,false,100
201,8,222.500,230.800,120,false,120
202,8,230.800,242.700,100,false,100
203,8,242.700,249.900,110,false,110
204,8,249.900,252.800,100,false,100
205,8,252.800,259.100,120,false,120
206,8,259.100,262.098,100,false,120
207,8,262.098,263.550,120,false,120
208,8,263.550,267.287,110,false,110
209,8,267.287,268.498,100,false,100
210,8,268.498,318.450,110,false,110
211,8,318.450,319.185,70,false,60
212,8,319.185,319.805,60,false,60
213,9,4.407,5.200,60,false,60
214,9,5.200,5.650,70,false,60
215,9,5.650,7.500,80,false,80
216,9,7.500,8.500,100,false,100
217,9,8.500,9.300,80,false,80
218,9,9.300,10.400,100,false,100
219,9,10.400,16.600,160,false,160
220,9,16.600,22.800,200,false,200
221,9,22.800,23.400,150,false,150
222,9,23.400,25.500,160,false,160
223,9,25.500,26.200,150,false,140
224,9,26.200,34.300,200,false,200
225,9,34.300,38.750,190,false,190
226,9,38.750,41.800,160,false,160
227,9,41.800,42.300,130,false,130
228,9,42.300,43.800,90,false,100
229,9,43.800,47.500,130,false,130
230,9,47.500,49.300,110,false,110
231,9,49.300,52.200,160,false,160
232,9,52.200,58.700,190,false,190
233,9,58.700,60.600,160,false,160
234,9,60.600,61.100,140,false,140
235,9,61.100,61.800,120,false,120
236,9,61.800,64.200,130,false,130
237,9,64.200,75.700,190,false,190
238,9,75.700,103.700,200,false,200
239,9,103.700,105.400,180,false,180
240,9,105.400,109.300,190,false,190
241,9,109.300,110.300,170,false,170
242,9,110.300,127.800,200,false,200
243,9,127.800,128.370,180,false,180
244,9,128.370,131.700,190,false,190
245,9,131.700,135.000,150,false,150
246,9,135.000,137.400,160,false,160
247,9,137.400,147.200,200,false,200
248,9,147.200,148.000,140,false,120
249,9,148.000,149.050,150,false,140
250,9,149.050,157.500,160,false,160
251,9,157.500,159.500,130,false,130
252,9,159.500,165.100,160,false,160
253,9,165.100,166.900,140,false,140
254,9,166.900,171.800,150,false,150
255,9,171.800,175.800,140,false,140
256,9,175.800,177.800,110,false,110
257,9,177.800,182.300,130,false,130
258,9,182.300,184.000,120,false,120
259,9,184.000,184.800,110,false,110
260,9,184.800,187.400,130,false,130
261,9,187.400,188.500,110,false,110
262,9,188.500,189.900,120,false,120
263,9,189.900,192.000,130,false,130
264,9,192.000,194.800,120,false,120
265,9,194.800,195.360,130,false,130
266,9,195.360,197.200,140,false,140
267,9,197.200,199.600,150,false,150
268,9,199.600,203.470,160,false,160
269,9,203.470,205.780,140,false,140
270,9,205.780,206.800,110,false,110
271,9,206.800,210.620,100,false,100
272,9,210.620,212.310,110,false,110
273,9,212.310,216.250,160,false,160
274,9,216.250,217.000,150,false,150
275,9,217.000,224.200,180,false,180
276,9,224.200,230.400,200,false,200
277,9,230.400,231.700,120,false,120
278,9,231.700,232.420,110,false,100
279,9,232.420,233.200,160,false,160
280,9,233.200,240.673,180,false,180
281,9,240.673,243.200,150,false,150
282,9,243.200,245.782,120,false,120
283,9,245.782,250.470,160,false,160
284,9,250.470,256.920,130,false,130
285,9,256.920,258.700,140,false,140
286,9,258.700,259.700,130,false,130
287,9,259.700,271.900,160,false,160
288,9,271.900,275.655,150,false,150
289,9,275.655,276.550,140,false,140
290,9,276.550,279.300,100,false,100
291,9,279.300,279.820,110,false,110
292,9,279.820,293.850,200,false,200
293,9,293.850,294.103,120,false,120
294,9,294.103,296.100,60,false,60
295,9,296.100,296.800,110,false,110
296,9,296.800,298.250,130,false,130
297,9,298.250,298.900,180,false,180
298,9,298.900,322.050,200,false,200
299,9,322.050,326.500,160,false,160
300,9,326.500,327.739,120,false,120
301,10,-0.853,1.180,60,true,
302,10,1.180,4.450,120,true,
303,10,4.450,5.940,100,true,
304,10,5.940,16.600,120,true,
305,10,16.600,35.357,100,true,
306,10,35.357,35.911,80,true,
307,11,0.330,10.332,100,false,100
308,11,10.332,19.300,160,false,160
309,11,19.300,21.250,100,false,100
310,11,21.250,21.976,60,false,60
311,12,-0.324,0.077,80,false,80
312,12,0.077,3.740,100,false,100
313,12,3.740,8.870,60,false,60
314,12,8.870,66.422,70,false,40
315,12,66.422,72.640,40,false,50
316,12,72.640,76.435,60,false,50
317,12,76.435,98.620,50,false,50
318,12,98.620,101.034,60,false,60
319,12,101.034,157.800,50,false,50
320,12,157.800,158.950,70,false,70
321,12,158.950,160.995,80,false,80
322,13,-0.269,0.871,60,true,
323,13,0.871,47.678,120,true,
324,13,47.678,47.989,110,true,
325,13,47.989,55.143,120,true,
326,13,55.143,56.335,100,true,
327,14,-0.206,0.562,50,false,80
328,14,0.562,0.968,90,false,90
329,14,0.968,7.922,120,false,120
330,14,7.922,8.455,110,false,110
331,14,8.455,12.619,120,false,120
332,14,12.619,13.255,110,false,110
333,14,13.255,15.500,120,false,120
334,14,15.500,43.020,120,false,120
335,14,43.020,53.450,120,false,120
336,14,53.450,53.500,80,false,120
337,14,53.500,58.900,120,false,120
338,14,58.900,59.100,70,false,70
339,14,59.100,60.500,100,false,100
340,14,60.500,63.000,120,false,120
341,14,63.000,63.900,110,false,110
342,14,63.900,66.400,120,false,120
343,14,66.400,66.800,110,false,110
344,14,66.800,76.530,120,false,120
345,14,76.530,77.100,110,false,110
346,14,77.100,99.550,120,false,120
347,14,99.550,102.230,110,false,110
348,14,102.230,106.800,120,false,120
349,14,106.800,110.121,90,false,90
350,14,110.121,112.000,80,false,80
351,14,112.000,117.600,100,false,100
352,14,117.600,120.000,80,false,80
353,14,120.000,123.150,120,false,120
354,14,123.150,123.600,110,false,110
355,14,123.600,134.900,120,false,120
356,14,134.900,136.600,100,false,100
357,14,136.600,137.600,50,false,50
358,14,137.600,139.900,80,false,80
359,14,139.900,162.800,100,false,100
360,14,162.800,167.730,80,false,80
361,14,167.730,210.200,100,false,100
362,14,210.200,210.750,50,false,50
363,14,210.750,223.400,100,false,100
364,14,223.400,223.850,50,false,50
365,14,223.850,229.200,100,false,100
366,14,229.200,229.400,50,false,50
367,14,229.400,232.400,100,false,100
368,14,232.400,233.400,70,false,70
369,14,233.400,236.300,100,false,100
370,14,236.300,242.150,50,false,80
371,14,242.150,253.700,120,false,100
372,14,253.700,254.833,120,false,100
373,14,254.833,256.043,100,false,80
374,14,256.043,278.400,120,false,120
375,14,278.400,279.000,50,false,0
376,14,279.000,280.200,30,false,0
377,14,280.200,283.048,50,false,20
378,14,283.048,302.700,20,false,20
379,14,302.700,311.600,60,true,
380,14,311.600,339.805,30,true,
381,14,339.805,387.934,80,false,80
382,14,387.934,389.080,80,true,
383,15,-0.693,8.600,90,true,
384,15,8.600,8.700,50,true,
385,15,8.700,10.200,90,true,
386,15,10.200,11.600,110,true,
387,15,11.600,32.500,90,true,
388,15,32.500,32.800,90,true,
389,15,32.800,56.773,90,true,
390,15,56.773,66.300,120,false,120
391,15,66.300,67.180,100,false,100
392,15,67.180,68.709,80,false,80
393,16,-0.643,12.830,100,true,
394,16,12.830,14.204,80,true,
395,16,14.204,14.831,80,true,
396,16,14.831,19.550,120,true,
397,16,19.550,20.096,100,true,
398,16,20.096,47.397,120,true,
399,16,47.397,68.882,70,true,
400,16,68.882,70.000,100,true,
401,16,70.000,71.266,80,true,
402,17,-0.142,0.000,60,false,60
403,17,0.000,0.750,90,false,90
404,17,0.750,2.250,100,false,100
405,17,2.250,3.300,120,false,120
406,17,3.300,4.171,150,false,150
407,17,4.171,24.750,150,false,150
408,17,24.750,26.400,100,false,100
409,18,-0.271,-0.076,100,false,100
410,18,-0.076,0.997,120,false,100
411,18,0.997,3.500,160,false,160
412,18,3.500,26.470,120,false,120
413,18,26.470,36.549,160,false,160
414,18,36.549,55.630,120,false,120
415,18,55.630,56.190,110,false,110
416,18,56.190,61.398,120,false,120
417,18,61.398,90.360,140,false,140
418,18,90.360,91.961,120,false,120
419,18,91.961,95.486,140,false,140
420,18,95.486,108.470,120,false,120
421,18,108.470,108.740,50,false,100
422,18,108.740,109.705,80,false,80
423,18,109.705,109.910,120,false,120
424,18,109.910,110.819,110,false,120
425,18,110.819,111.216,110,false,120
426,18,111.216,120.280,120,false,120
427,18,120.280,137.340,140,false,140
428,18,137.340,138.339,120,false,120
429,18,138.339,139.000,100,false,100
430,18,139.000,139.920,120,false,120
431,18,139.920,147.740,140,false,140
432,18,147.740,152.805,120,false,120
433,18,152.805,153.000,100,false,100
434,18,153.000,154.300,120,false,120
435,18,154.300,154.750,100,false,120
436,18,154.750,159.420,120,false,120
437,18,159.420,160.591,90,false,90
438,18,160.591,164.489,120,false,120
439,18,164.489,247.731,100,false,100
440,19,1.329,2.550,80,false,80
441,19,2.550,4.760,100,false,100
442,19,4.760,6.255,80,false,80
443,20,-1.094,4.897,40,false,40
444,20,4.897,11.360,80,false,80
445,20,11.360,11.920,100,false,80
446,20,11.920,12.440,80,false,80
447,20,12.440,13.805,60,false,60
448,21,0.062,2.000,90,false,90
449,21,2.000,19.201,120,false,120
450,22,0.913,1.750,100,true,
451,22,1.750,84.825,120,false,120
452,22,84.825,85.430,100,true,
453,22,85.430,88.238,120,true,
454,23,1.424,2.300,60,false,60
455,23,2.300,2.615,80,false,60
456,24,2.178,3.500,80,true,
457,24,3.500,34.350,40,true,
458,25,-0.394,0.303,80,false,80
459,25,0.303,1.900,100,false,100
460,25,1.900,7.800,100,false,100
461,25,7.800,16.440,80,false,80
462,25,16.440,23.212,60,false,60
463,25,23.212,25.162,100,false,100
464,25,25.162,28.535,80,false,80
465,25,28.535,35.435,100,false,100
466,25,35.435,52.200,100,false,120
467,25,52.200,54.900,120,false,120
468,25,54.900,55.700,100,false,80
469,25,55.700,67.700,90,false,80
470,25,67.700,68.300,80,true,
471,25,68.300,72.450,90,true,
472,25,72.450,74.000,80,true,
473,25,74.000,76.900,90,true,
474,25,76.900,144.300,80,false,90
475,25,144.300,145.700,90,false,90
476,25,145.700,149.772,120,false,110
477,25,149.772,152.995,100,false,110
478,25,152.995,155.556,120,false,110
479,25,155.556,155.725,80,false,110
480,25,155.725,160.870,120,false,110
481,25,160.870,161.110,120,false,100
482,25,161.110,162.146,110,false,100
483,25,162.146,162.875,100,false,100
484,25,162.875,164.166,110,false,100
485,25,164.166,169.745,120,false,100
486,25,169.745,172.663,110,false,100
487,25,172.663,181.489,120,false,100
488,25,181.489,181.675,100,false,90
489,25,181.675,188.648,120,false,100
490,25,188.648,194.623,120,false,120
491,25,194.623,195.999,110,false,100
492,25,195.999,198.106,120,false,100
493,25,198.106,198.488,90,false,100
494,25,198.488,200.226,120,false,120
495,25,200.226,200.562,100,false,120
496,25,200.562,201.782,120,false,120
497,25,201.782,201.977,100,false,100
498,25,201.977,204.022,110,false,100
499,25,204.022,208.000,120,false,120
500,25,208.000,208.484,110,false,110
501,25,208.484,208.873,90,false,110
502,25,208.873,211.049,120,false,120
503,25,211.049,213.557,110,false,110
504,25,213.557,215.268,120,false,120
505,25,215.268,215.658,90,false,100
506,25,215.658,216.772,120,false,100
507,25,216.772,217.248,110,false,100
508,25,217.248,217.677,80,false,100
509,25,217.677,222.775,120,false,100
510,25,222.775,223.057,90,false,100
511,25,223.057,225.534,110,false,100
512,25,225.534,225.896,80,false,90
513,25,225.896,228.241,70,false,70
514,25,228.241,229.553,80,false,70
515,25,229.553,232.967,110,false,120
516,25,232.967,235.332,120,false,120
517,25,235.332,240.514,90,false,120
518,25,240.514,242.343,120,true,
519,25,242.343,243.650,50,true,
520,25,243.650,249.828,70,true,
521,25,249.828,253.280,90,true,
522,25,253.280,253.493,40,true,
523,25,253.493,256.515,90,true,
524,25,256.515,257.580,70,true,
525,25,257.580,257.640,50,true,
526,25,257.640,275.300,70,true,
527,25,275.300,282.592,120,true,
528,25,282.592,282.815,90,true,
529,25,282.815,283.742,100,true,
530,25,283.742,285.633,120,true,
531,25,285.633,285.948,100,true,
532,25,285.948,290.985,120,true,
533,25,290.985,292.244,120,true,
534,25,292.244,292.760,90,true,
535,25,292.760,296.788,120,true,
536,25,296.788,297.164,100,true,
537,25,297.164,304.461,120,true,
538,25,304.461,304.743,100,true,
539,25,304.743,313.375,120,true,
540,25,313.375,313.858,90,true,
541,25,313.858,314.752,120,true,
542,25,314.752,314.971,90,true,
543,25,314.971,315.770,120,true,
544,25,315.770,316.106,90,true,
545,25,316.106,318.757,120,true,
546,25,318.757,319.979,90,true,
547,25,319.979,320.575,120,true,
548,25,320.575,322.541,100,true,
549,25,322.541,323.217,80,true,
550,26,0.585,1.444,80,false,80
551,26,1.444,1.933,100,false,100
552,26,1.933,6.000,120,false,120
553,26,6.000,30.670,120,false,120
554,26,30.670,43.550,120,false,120
555,26,43.550,51.000,100,false,100
556,26,51.000,51.750,90,false,90
557,26,51.750,59.771,120,false,120
558,26,60.586,70.500,100,false,100
559,26,70.500,94.400,120,false,120
560,26,94.400,94.805,100,false,100
561,26,94.805,103.993,120,false,120
562,26,103.993,104.330,110,false,120
563,26,104.330,117.400,120,false,120
564,27,0.281,0.612,60,true,
565,27,0.612,1.800,80,true,
566,27,1.800,28.975,100,true,
567,27,28.975,85.954,120,true,
568,27,85.954,86.694,115,true,
569,27,86.694,87.462,120,true,
570,27,87.462,100.900,60,true,
571,27,100.900,165.023,70,true,
572,28,-1.042,0.031,40,true,
573,28,0.031,3.342,80,true,
574,29,-0.999,-0.403,40,true,
575,29,-0.403,11.319,100,true,
576,29,11.319,50.580,80,true,
577,29,50.580,61.090,100,true,
578,29,61.090,66.579,100,true,
579,29,66.579,75.047,80,true,
580,30,1.570,70.646,120,true,
581,30,70.646,72.792,100,true,
582,30,72.792,74.394,120,true,
583,30,74.394,77.272,100,true,
584,30,77.272,79.000,120,true,
585,30,79.000,80.747,110,true,
586,30,80.747,82.455,120,true,
587,30,82.455,82.665,110,true,
588,30,82.665,92.845,120,true,
589,30,92.845,93.391,100,true,
590,30,93.391,98.474,120,true,
591,30,98.474,98.943,80,true,
592,30,98.943,101.378,120,true,
593,30,101.378,101.990,80,true,
594,30,101.990,106.401,120,true,
595,30,106.401,107.606,100,true,
596,31,-0.313,4.550,80,false,80
597,31,4.550,36.100,120,false,120
598,31,36.100,56.700,100,false,100
599,31,56.700,57.812,80,false,80
600,31,57.812,63.850,100,false,100
601,31,63.850,69.400,120,false,120
602,31,69.400,70.726,80,false,80
603,31,70.726,88.845,120,false,120
604,31,88.845,92.352,90,false,90
605,31,92.352,117.774,120,true,
606,31,117.774,119.633,100,true,
607,31,119.633,145.853,80,true,
608,31,145.853,151.410,80,true,
609,31,151.410,151.420,80,true,
610,31,151.420,154.384,80,true,
611,32,0.884,2.000,70,true,
612,32,2.000,18.856,100,true,
613,32,18.856,25.200,120,true,
614,32,25.200,25.900,60,true,
615,32,25.900,47.100,120,true,
616,32,47.100,48.600,80,true,
617,32,48.600,70.000,120,true,
618,32,70.000,72.780,100,true,
619,32,72.780,73.754,80,true,
620,32,73.754,74.080,60,true,
621,32,74.080,74.341,80,true,
622,32,74.341,76.578,120,true,
623,32,76.578,77.229,80,true,
624,33,0.243,3.147,100,true,
625,33,3.147,3.559,80,true,
626,33,3.559,46.200,100,false,100
627,33,46.200,48.300,40,true,
628,33,48.300,54.135,80,true,
629,33,54.135,58.691,100,true,
630,33,58.691,86.700,70,true,
631,33,86.700,88.510,50,true,
632,33,88.510,102.020,120,true,
633,33,102.020,118.000,80,true,
634,33,118.000,141.417,120,true,
635,33,141.417,142.597,80,true,
636,34,-0.811,54.522,60,true,
637,35,-0.748,-0.615,70,true,
638,35,-0.615,0.750,80,true,
639,35,0.750,1.473,90,true,
640,35,1.473,10.162,120,true,
641,35,10.162,10.504,100,true,
642,35,10.504,13.716,120,true,
643,35,13.716,14.178,100,true,
644,35,14.178,16.392,120,true,
645,35,16.392,16.920,100,true,
646,35,16.920,56.761,120,true,
647,35,56.761,81.700,80,true,
648,35,81.700,82.885,110,true,
649,35,82.885,83.381,90,true,
650,35,83.381,89.221,110,true,
651,35,89.221,89.865,100,true,
652,35,89.865,91.423,110,true,
653,35,91.423,91.982,70,true,
654,35,91.982,92.949,110,true,
655,36,0.811,0.887,70,true,
656,36,0.887,1.328,60,true,
657,36,1.328,2.542,110,true,
658,36,2.542,15.776,120,true,
659,36,15.776,16.130,110,true,
660,36,16.130,25.299,120,true,
661,36,25.299,28.000,80,true,
662,36,28.000,29.757,100,true,
663,36,29.757,30.802,80,true,
664,36,30.802,34.414,100,true,
665,36,34.414,40.546,80,true,
666,36,40.546,42.583,80,true,
667,36,42.583,48.580,60,true,
668,36,48.580,59.431,100,true,
669,36,59.431,78.525,80,true,
670,36,78.525,86.718,60,true,
671,36,86.718,88.680,80,true,
672,37,0.523,37.383,80,true,
673,37,37.383,53.105,0,true,
674,38,-0.245,84.900,100,true,
675,38,84.900,100.752,120,false,100
676,38,100.752,103.994,100,false,100
677,38,103.994,104.046,120,true,
678,38,104.046,104.392,120,true,
679,38,104.392,118.765,160,true,
680,38,118.765,120.608,120,true,
681,38,120.608,150.319,160,true,
682,38,150.319,150.783,140,true,
683,38,150.783,151.624,120,true,
684,38,151.624,151.752,110,true,
685,38,151.752,152.740,110,true,
686,38,152.740,154.787,140,true,
687,38,154.787,159.986,160,true,
688,38,159.986,160.723,150,true,
689,38,160.723,178.700,160,true,
690,38,178.700,181.000,120,true,
691,38,181.000,181.776,150,true,
692,38,181.776,201.250,160,true,
693,38,201.250,202.382,80,true,
694,38,202.382,226.630,50,true,
695,38,226.630,241.289,0,true,
696,39,0.643,37.800,50,true,
697,39,37.800,43.545,60,true,
698,40,0.394,2.291,90,true,
699,40,2.291,97.700,100,true,
700,40,97.700,99.435,60,true,
701,41,-0.510,28.000,80,true,
702,41,28.000,66.328,0,true,
703,42,3.323,3.718,60,true,
704,42,3.718,3.975,50,true,
705,42,3.975,4.641,40,false,40
706,43,0.497,6.157,60,true,
707,44,1.118,4.291,30,true,
708,45,0.684,2.280,60,false,60
709,45,2.280,3.085,20,false,20
710,46,2.642,2.932,100,true,
711,46,2.932,4.353,100,true,
712,46,4.353,4.553,60,true,
713,49,-0.246,2.102,100,true,
714,49,2.102,16.994,120,true,
715,51,-0.502,0.600,80,true,
716,51,0.600,0.750,60,true,
717,51,0.750,0.914,80,true,
718,51,0.914,1.835,90,true,
719,51,1.835,3.690,100,true,
720,51,3.690,7.040,120,true,
721,51,7.040,14.621,100,true,
722,51,14.621,22.380,90,true,
723,51,22.380,24.608,110,true,
724,51,24.608,28.620,100,true,
725,52,-0.167,25.897,100,true,
726,52,25.897,29.374,30,true,
727,53,0.753,1.975,40,true,
728,53,1.975,5.390,50,true,
729,53,5.390,8.791,40,true,
730,55,90.101,119.863,60,true,
731,57,161.496,188.260,60,true,
732,59,0.000,20.132,60,true,
733,60,205.247,207.710,60,true,
734,60,207.710,207.720,60,true,
735,60,207.720,211.657,60,true,
736,61,-0.408,3.130,70,false,70
737,61,3.130,5.260,90,false,100
738,61,5.260,5.855,100,false,100
739,61,5.855,10.200,100,false,100
740,61,10.200,13.200,120,false,120
741,61,13.200,15.200,110,false,110
742,61,15.200,17.800,120,false,120
743,61,17.800,18.700,120,false,120
744,61,18.700,23.100,120,false,120
745,61,23.100,26.800,110,false,110
746,61,26.800,27.100,110,false,110
747,61,27.100,36.300,110,false,110
748,61,36.300,36.470,110,false,110
749,61,36.470,37.040,100,false,110
750,61,37.040,37.300,110,false,100
751,61,37.300,52.700,110,false,110
752,61,52.700,59.000,120,false,120
753,61,59.000,59.800,120,false,120
754,61,59.800,60.000,100,false,100
755,61,60.000,60.400,100,false,100
756,61,60.400,61.300,130,false,130
757,61,61.300,65.248,140,false,140
758,61,65.248,67.780,140,false,140
759,61,67.780,70.500,130,false,130
760,61,70.500,71.900,120,false,120
761,61,71.900,73.800,110,false,110
762,61,73.800,76.580,130,false,130
763,61,76.580,77.000,120,false,120
764,61,77.000,79.100,130,false,130
765,61,79.100,80.850,110,false,110
766,61,80.850,85.700,140,false,140
767,61,85.700,86.050,110,false,110
768,61,86.050,88.750,120,false,120
769,61,88.750,92.200,130,false,130
770,61,92.200,92.650,110,false,110
771,61,92.650,96.900,130,false,130
772,61,96.900,98.900,110,false,110
773,61,98.900,99.100,80,false,110
774,61,99.100,100.000,110,false,110
775,61,100.000,100.950,100,false,100
776,61,100.950,106.250,110,false,110
777,61,106.250,109.900,130,false,130
778,61,109.900,111.600,90,false,90
779,61,111.600,115.950,110,false,110
780,61,115.950,117.600,80,false,90
781,61,117.600,119.090,120,false,120
782,61,119.090,119.490,110,false,110
783,61,119.490,121.660,140,false,140
784,61,121.660,122.730,130,false,130
785,61,122.730,123.000,100,false,130
786,61,123.000,123.420,100,false,100
787,61,123.420,124.020,100,false,100
788,61,124.020,133.600,140,false,140
789,61,133.600,134.980,120,false,120
790,61,134.980,145.690,140,false,140
791,61,145.690,145.840,135,false,140
792,61,145.840,149.880,140,false,140
793,61,149.880,150.070,90,false,90
794,61,150.070,150.990,100,false,100
795,61,150.990,151.490,100,false,100
796,61,151.490,151.730,100,false,100
797,61,151.730,152.760,100,false,100
798,61,152.760,153.100,80,true,
799,61,153.100,154.630,140,true,
800,61,154.630,155.020,100,true,
801,61,155.020,156.170,140,true,
802,61,156.170,156.560,100,true,
803,61,156.560,156.890,130,true,
804,61,156.890,161.250,140,true,
805,61,161.250,161.950,130,true,
806,61,161.950,167.100,160,true,
807,61,167.100,167.400,140,true,
808,61,167.400,175.100,160,true,
809,61,175.100,176.775,100,true,
810,62,0.749,2.300,60,false,60
811,62,2.300,3.802,100,false,100
812,62,3.802,5.505,90,false,90
813,62,5.505,7.330,100,false,100
814,62,7.330,8.580,80,false,80
815,62,8.580,14.000,100,false,100
816,62,14.000,15.469,120,false,100
817,62,15.469,16.402,100,false,100
818,62,16.402,20.177,120,false,100
819,62,20.177,20.620,110,false,100
820,62,20.620,21.290,100,false,100
821,62,21.290,21.600,90,false,90
822,62,21.600,21.948,110,false,100
823,62,21.948,34.783,120,false,100
824,62,34.783,35.933,40,false,100
825,62,35.933,36.594,110,false,110
826,62,36.594,44.112,120,false,120
827,62,44.112,44.845,100,false,100
828,62,44.845,52.914,120,false,120
829,62,52.914,54.447,40,false,100
830,62,54.447,57.004,120,false,120
831,62,57.004,57.367,110,false,110
832,62,57.367,60.273,120,false,120
833,62,60.273,61.962,100,false,100
834,62,61.962,65.429,120,false,120
835,62,65.429,69.518,120,false,120
836,62,69.518,69.760,70,true,
837,62,69.760,78.137,100,true,
838,62,78.137,82.290,70,true,
839,62,82.290,85.096,60,true,
840,63,0.000,0.100,50,true,
841,63,0.100,6.830,80,true,
842,63,6.830,6.860,70,true,
843,63,6.860,13.640,80,true,
844,63,13.640,13.670,40,true,
845,63,13.670,20.990,80,true,
846,63,20.990,22.130,40,true,
847,63,22.130,23.000,50,true,
848,63,23.000,30.452,30,true,
849,64,-0.526,1.100,120,false,120
850,64,1.100,32.409,160,false,160
851,64,32.409,43.030,120,false,100
852,64,43.030,43.528,100,true,
853,66,0.057,23.260,100,true,
854,66,23.260,39.090,80,true,
855,66,39.090,58.000,100,true,
856,66,58.000,67.555,80,true,
857,67,0.561,5.900,40,false,60
858,67,5.900,8.100,80,false,60
859,68,-0.336,2.337,100,false,100
860,68,2.337,12.307,120,false,120
861,68,12.307,15.342,100,true,
862,68,15.342,20.696,120,true,
863,68,20.696,20.984,120,true,
864,68,20.984,24.845,110,true,
865,68,24.845,25.632,100,true,
866,68,25.632,34.624,120,true,
867,68,34.624,43.494,100,true,
868,68,43.494,47.618,120,true,
869,68,47.618,51.770,80,true,
870,68,51.770,58.185,120,true,
871,68,58.185,59.040,110,true,
872,68,59.040,63.573,120,true,
873,68,63.573,74.970,100,true,
874,68,74.970,79.260,120,true,
875,68,79.260,80.543,100,true,
876,68,80.543,81.112,90,true,
877,68,81.112,95.122,100,true,
878,68,95.122,100.960,120,true,
879,68,100.960,101.285,70,true,
880,68,101.285,102.680,60,false,100
881,68,102.680,103.090,50,false,50
882,68,103.090,103.900,100,false,100
883,68,103.900,104.043,100,false,100
884,68,104.043,108.082,130,false,130
885,68,108.082,111.430,100,false,130
886,68,111.430,111.750,70,false,130
887,68,111.750,120.000,100,false,100
888,68,120.000,121.215,100,false,50
889,68,121.215,122.792,120,false,50
890,68,122.792,126.667,100,false,70
891,68,126.667,127.060,80,false,80
892,68,127.060,130.115,120,false,120
893,68,130.115,131.421,100,false,100
894,68,131.421,133.757,120,false,120
895,68,133.757,134.159,90,false,90
896,68,134.159,135.033,120,false,120
897,68,135.033,135.350,90,false,90
898,68,135.350,136.500,120,false,120
899,68,136.500,141.101,110,false,100
900,68,141.101,143.300,100,false,110
901,68,143.300,145.780,110,false,100
902,68,145.780,146.628,100,false,100
903,68,146.628,148.923,110,false,110
904,68,148.923,150.000,100,false,100
905,68,150.000,151.580,80,false,80
906,68,151.580,151.930,70,false,70
907,68,151.930,153.350,80,false,80
908,68,153.350,154.679,90,false,90
909,68,154.679,156.200,80,false,80
910,68,156.200,156.600,70,false,70
911,68,156.600,160.648,100,false,100
912,68,160.648,163.495,110,false,110
913,68,163.495,164.779,100,false,60
914,68,164.779,165.770,110,true,
915,68,165.770,169.130,100,true,
916,68,169.130,170.109,110,true,
917,68,170.109,170.537,100,true,
918,68,170.537,171.504,110,true,
919,68,171.504,176.700,100,true,
920,68,176.700,177.173,40,true,
921,69,-0.340,2.280,70,true,
922,69,2.280,5.300,90,true,
923,69,5.300,6.000,70,true,
924,69,6.000,13.550,90,true,
925,69,13.550,18.500,70,true,
926,69,18.500,18.900,60,true,
927,69,18.900,20.220,70,true,
928,69,20.220,27.200,80,true,
929,69,27.200,30.200,70,true,
930,69,30.200,30.550,50,true,
931,69,30.550,41.460,80,true,
932,69,41.460,43.100,70,true,
933,69,43.100,45.960,120,true,
934,69,45.960,46.345,70,true,
935,69,46.345,52.150,120,true,
936,69,52.150,76.628,70,true,
937,69,76.628,78.176,80,true,
938,69,78.176,79.024,90,true,
939,69,79.024,79.733,100,true,
940,69,79.733,81.454,120,true,
941,69,81.454,82.818,90,true,
942,69,82.818,83.433,100,true,
943,69,83.433,85.510,120,true,
944,69,85.510,86.111,80,true,
945,69,86.111,86.982,90,true,
946,69,86.982,87.968,100,true,
947,69,87.968,88.430,90,true,
948,69,88.430,90.772,80,true,
949,69,90.772,92.520,120,true,
950,69,92.520,92.684,90,true,
951,69,92.684,93.903,100,true,
952,69,93.903,94.801,110,true,
953,69,94.801,95.313,80,true,
954,69,95.313,97.280,90,true,
955,69,97.280,98.167,80,true,
956,69,98.167,100.000,120,true,
957,69,100.000,104.830,80,true,
958,69,104.830,138.042,70,true,
959,70,-0.106,13.060,60,true,
960,70,13.060,19.400,100,true,
961,70,19.400,20.940,60,true,
962,70,20.940,26.070,100,true,
963,70,26.070,37.540,60,true,
964,70,37.540,40.220,100,true,
965,70,40.220,40.315,60,true,
966,70,40.315,45.804,100,true,
967,70,45.804,46.420,60,true,
968,70,46.420,48.261,100,true,
969,70,48.261,82.900,60,true,
970,70,82.900,86.638,80,true,
971,70,86.638,88.008,60,true,
972,71,-1.063,5.700,100,true,
973,71,5.700,18.657,120,true,
974,71,18.657,19.516,110,true,
975,71,19.516,20.604,120,true,
976,71,20.604,21.642,100,true,
977,71,21.642,64.036,120,true,
978,71,64.036,66.311,100,true,
979,72,0.423,0.570,60,true,
980,72,0.570,0.900,40,true,
981,72,0.900,10.200,60,true,
982,72,10.200,10.600,40,true,
983,72,10.600,13.730,60,true,
984,72,13.730,61.182,80,true,
985,72,61.182,62.287,60,true,
986,73,-0.564,19.513,80,false,80
987,73,19.513,42.300,100,false,100
988,73,42.300,44.476,40,true,
989,74,-1.021,23.318,80,false,80
990,75,-0.014,6.000,80,true,
991,75,6.000,17.475,60,true,
992,76,-0.572,11.392,50,true,
993,77,-0.894,13.636,50,true,
994,78,1.328,10.783,60,true,
995,79,0.000,0.208,40,true,
996,79,0.208,4.634,60,true,
997,81,0.496,45.970,40,true,
998,82,-0.607,0.302,40,true,
999,82,0.302,22.270,0,true,
1000,83,0.568,5.759,40,true,
1001,83,5.759,6.400,20,true,
1002,85,2.405,3.344,100,false,100
1003,85,3.344,3.678,130,false,140
1004,90,12.983,29.461,60,true,
1005,91,-0.640,0.400,60,false,60
1006,91,0.400,5.172,100,false,100
1007,91,5.172,154.461,160,false,160
1008,91,154.461,155.245,120,false,120
1009,91,155.245,156.640,100,false,100
1010,91,156.640,157.092,60,false,60
1011,91,157.092,158.086,80,false,80
1012,91,158.086,158.475,70,false,70
1013,91,158.475,159.600,100,false,100
1014,91,159.600,166.170,120,false,120
1015,91,166.170,166.275,80,false,120
1016,91,166.275,177.420,120,false,120
1017,91,177.420,177.800,100,false,100
1018,91,177.800,192.930,120,false,120
1019,91,192.930,193.713,80,false,80
1020,91,193.713,194.074,60,false,60
1021,91,194.074,213.858,120,false,120
1022,91,213.858,214.100,100,false,120
1023,91,214.100,223.276,120,false,120
1024,91,223.276,223.927,90,false,90
1025,91,223.927,234.116,120,false,120
1026,91,234.116,234.407,100,false,100
1027,91,234.407,237.134,120,false,120
1028,91,237.134,237.632,100,false,100
1029,91,237.632,237.784,60,false,90
1030,91,237.784,238.476,100,false,100
1031,91,238.476,238.477,90,false,90
1032,91,238.477,239.154,90,false,90
1033,91,239.154,240.400,100,false,90
1034,91,240.400,243.015,120,false,110
1035,91,243.015,244.029,50,false,50
1036,91,244.029,244.317,40,false,50
1037,91,244.317,245.385,100,true,
1038,91,245.385,245.386,100,true,
1039,91,245.386,245.543,80,true,
1040,91,245.543,246.177,100,true,
1041,91,246.177,249.610,110,true,
1042,91,249.610,250.727,110,true,
1043,91,250.727,252.185,100,true,
1044,91,252.185,255.195,110,true,
1045,91,255.195,256.652,100,true,
1046,91,256.652,257.927,80,true,
1047,91,257.927,258.254,80,true,
1048,92,-0.283,0.060,40,true,
1049,92,0.060,0.830,70,true,
1050,92,0.830,5.300,40,true,
1051,92,5.300,12.870,60,true,
1052,92,12.870,14.046,70,true,
1053,93,-0.746,0.700,60,false,60
1054,93,0.700,5.720,120,false,120
1055,93,5.720,6.470,100,false,100
1056,93,6.470,6.760,90,false,90
1057,93,6.760,8.760,120,false,120
1058,93,8.760,12.371,100,false,100
1059,93,12.371,17.272,120,false,120
1060,93,17.272,17.547,90,false,90
1061,93,17.547,24.053,120,false,120
1062,93,24.053,25.691,100,false,100
1063,93,25.691,26.118,80,false,80
1064,93,26.118,44.969,120,false,120
1065,93,44.969,45.650,120,false,120
1066,93,45.650,53.100,160,false,160
1067,93,53.100,53.700,120,false,120
1068,93,53.700,59.000,120,false,120
1069,93,59.000,71.840,120,false,120
1070,93,71.840,72.196,100,false,100
1071,93,72.196,73.300,120,false,120
1072,93,73.300,77.780,70,false,70
1073,93,77.780,80.662,120,false,120
1074,94,0.632,0.971,80,true,
1075,94,0.971,3.429,60,false,70
1076,94,3.429,4.132,80,false,80
1077,94,4.132,4.543,70,false,70
1078,94,4.543,6.530,80,false,80
1079,94,6.530,6.678,70,false,80
1080,94,6.678,9.000,70,false,80
1081,94,9.000,15.500,100,false,100
1082,94,15.500,16.413,60,false,60
1083,94,16.413,18.850,70,false,70
1084,94,18.850,21.250,100,false,100
1085,94,21.250,28.210,80,false,80
1086,94,28.210,29.560,100,false,100
1087,94,29.560,29.800,40,false,40
1088,94,29.800,30.700,80,false,80
1089,94,30.700,33.950,100,false,100
1090,94,33.950,36.410,80,false,80
1091,94,36.410,38.757,100,false,100
1092,94,38.757,39.807,80,false,80
1093,94,39.807,44.585,100,false,100
1094,94,44.585,45.400,80,false,80
1095,94,45.400,47.250,100,false,100
1096,94,47.250,53.567,80,false,80
1097,94,53.567,53.600,80,false,80
1098,94,53.600,56.500,100,false,100
1099,94,56.500,57.780,40,false,40
1100,94,57.780,58.200,80,false,80
1101,94,58.200,61.672,100,false,100
1102,94,61.672,62.493,70,false,70
1103,94,62.493,62.725,60,false,60
1104,94,62.725,62.840,50,false,50
1105,94,62.840,64.797,60,false,50
1106,95,2.586,11.273,80,false,70
1107,95,11.273,19.769,100,false,100
1108,95,19.769,24.740,80,false,80
1109,95,24.740,31.495,100,false,100
1110,95,31.495,33.857,50,false,100
1111,96,0.458,1.400,40,true,
1112,96,1.400,3.000,70,true,
1113,96,3.000,8.350,100,true,
1114,96,8.350,9.500,70,true,
1115,96,9.500,10.900,80,true,
1116,96,10.900,13.700,70,true,
1117,96,13.700,14.900,80,true,
1118,96,14.900,15.300,70,true,
1119,96,15.300,16.853,80,true,
1120,96,16.853,20.400,70,true,
1121,96,20.400,21.650,60,true,
1122,96,21.650,22.100,80,true,
1123,96,22.100,24.531,90,true,
1124,96,24.531,25.634,80,true,
1125,96,25.634,27.000,90,true,
1126,96,27.000,27.282,90,true,
1127,96,27.282,28.186,80,true,
1128,96,28.186,29.422,70,true,
1129,96,29.422,30.528,90,true,
1130,96,30.528,33.600,70,true,
1131,96,33.600,35.700,80,true,
1132,96,35.700,52.600,70,true,
1133,96,52.600,54.200,100,true,
1134,96,54.200,56.400,90,true,
1135,96,56.400,57.827,50,false,60
1136,96,57.827,60.430,70,false,70
1137,96,60.430,61.828,60,false,70
1138,96,61.828,64.447,70,false,70
1139,96,64.447,65.509,60,false,60
1140,96,65.509,79.291,70,false,70
1141,96,79.291,81.180,50,false,60
1142,96,81.180,88.810,70,false,70
1143,96,88.810,95.285,80,true,
1144,96,95.285,95.956,90,true,
1145,96,95.956,99.995,120,true,
1146,96,99.995,100.370,110,true,
1147,96,100.370,101.363,120,true,
1148,96,101.363,101.784,110,true,
1149,96,101.784,104.000,120,true,
1150,96,104.000,104.328,90,true,
1151,96,104.328,107.241,100,true,
1152,96,107.241,108.741,80,true,
1153,96,108.741,109.468,100,true,
1154,96,109.468,111.008,110,true,
1155,96,111.008,112.048,80,true,
1156,96,112.048,113.905,70,true,
1157,96,113.905,115.377,80,true,
1158,96,115.377,115.844,90,true,
1159,96,115.844,117.070,100,true,
1160,96,117.070,118.720,80,true,
1161,96,118.720,119.619,70,true,
1162,96,119.619,123.622,80,true,
1163,96,123.622,125.403,90,true,
1164,96,125.403,125.683,80,true,
1165,96,125.683,126.588,50,true,
1166,96,126.588,128.204,80,true,
1167,96,128.204,129.340,90,true,
1168,96,129.340,134.135,80,true,
1169,96,134.135,135.112,100,true,
1170,96,135.112,135.756,90,true,
1171,96,135.756,136.974,80,true,
1172,96,136.974,138.237,70,true,
1173,96,138.237,138.440,60,true,
1174,96,138.440,138.624,40,true,
1175,96,138.624,139.410,50,true,
1176,96,139.410,139.449,40,true,
1177,96,139.449,139.664,60,true,
1178,96,139.664,146.374,70,true,
1179,97,-0.685,0.580,60,true,
1180,97,0.580,0.887,70,true,
1181,97,0.887,5.115,100,true,
1182,97,5.115,5.760,80,true,
1183,97,5.760,6.730,100,true,
1184,97,6.730,7.864,80,true,
1185,97,7.864,8.622,80,true,
1186,97,8.622,8.986,70,true,
1187,97,8.986,10.257,100,true,
1188,97,10.257,10.919,90,true,
1189,97,10.919,11.606,80,true,
1190,97,11.606,13.271,100,true,
1191,97,13.271,13.821,70,true,
1192,97,13.821,14.187,90,true,
1193,97,14.187,17.920,100,true,
1194,97,17.920,19.712,80,true,
1195,97,19.712,21.424,80,true,
1196,97,21.424,21.688,70,true,
1197,97,21.688,22.500,70,true,
1198,97,22.500,23.591,50,true,
1199,97,23.591,25.185,60,true,
1200,97,25.185,25.574,50,true,
1201,97,25.574,27.115,70,true,
1202,97,27.115,30.043,50,true,
1203,97,30.043,31.065,70,true,
1204,97,31.065,32.153,60,true,
1205,97,32.153,32.827,50,true,
1206,97,32.827,32.957,40,true,
1207,97,32.957,35.000,60,true,
1208,97,35.000,35.158,80,true,
1209,97,35.158,41.590,100,true,
1210,97,41.590,43.100,90,true,
1211,97,43.100,44.000,100,true,
1212,97,44.000,45.116,70,true,
1213,97,45.116,47.184,80,true,
1214,97,47.184,47.765,90,true,
1215,97,47.765,48.988,100,true,
1216,97,48.988,49.176,80,true,
1217,97,49.176,49.263,70,true,
1218,97,49.263,49.577,70,true,
1219,97,49.577,50.878,100,true,
1220,97,50.878,51.475,90,true,
1221,97,51.475,51.783,80,true,
1222,97,51.783,53.121,100,true,
1223,97,53.121,53.382,90,true,
1224,97,53.382,53.748,70,true,
1225,97,53.748,53.990,70,true,
1226,97,53.990,55.402,80,true,
1227,97,55.402,57.525,70,true,
1228,97,57.525,58.736,70,true,
1229,97,58.736,62.363,70,true,
1230,97,62.363,63.550,70,true,
1231,97,63.550,64.945,70,true,
1232,97,64.945,66.157,70,true,
1233,97,66.157,68.235,70,true,
1234,97,68.235,69.588,80,true,
1235,97,69.588,70.067,70,true,
1236,97,70.067,70.210,60,true,
1237,97,70.210,70.411,60,true,
1238,97,70.411,71.639,80,true,
1239,97,71.639,71.857,70,true,
1240,97,71.857,73.956,100,true,
1241,97,73.956,74.434,80,true,
1242,97,74.434,75.489,70,true,
1243,97,75.489,75.662,70,true,
1244,97,75.662,76.293,70,true,
1245,97,76.293,76.911,80,true,
1246,97,76.911,78.406,90,true,
1247,97,78.406,79.817,80,true,
1248,97,79.817,80.005,70,true,
1249,97,80.005,80.210,60,true,
1250,97,80.210,80.338,60,true,
1251,97,80.338,81.093,60,true,
1252,97,81.093,82.025,30,true,
1253,98,-0.504,1.374,80,true,
1254,98,1.374,1.938,70,true,
1255,98,1.938,2.394,80,true,
1256,98,2.394,3.217,100,true,
1257,98,3.217,5.698,100,true,
1258,98,5.698,6.609,100,true,
1259,98,6.609,6.817,90,true,
1260,98,6.817,7.308,80,true,
1261,98,7.308,8.016,100,true,
1262,98,8.016,8.508,90,true,
1263,98,8.508,12.645,100,true,
1264,98,12.645,12.916,90,true,
1265,98,12.916,13.921,80,true,
1266,98,13.921,14.605,100,true,
1267,98,14.605,15.233,90,true,
1268,98,15.233,15.356,80,true,
1269,98,15.356,15.419,90,true,
1270,98,15.419,16.025,90,true,
1271,98,16.025,16.246,80,true,
1272,98,16.246,18.601,70,true,
1273,98,18.601,19.361,80,true,
1274,98,19.361,19.777,90,true,
1275,98,19.777,21.757,100,true,
1276,98,21.757,22.085,80,true,
1277,98,22.085,23.636,70,true,
1278,98,23.636,24.118,40,true,
1279,98,24.118,24.747,50,true,
1280,98,24.747,26.007,70,true,
1281,98,26.007,26.564,80,true,
1282,98,26.564,27.064,70,true,
1283,98,27.064,27.549,80,true,
1284,98,27.549,28.487,70,true,
1285,98,28.487,29.083,90,true,
1286,98,29.083,29.321,80,true,
1287,98,29.321,31.569,70,true,
1288,98,31.569,32.232,100,true,
1289,98,32.232,32.422,70,true,
1290,98,32.422,33.044,100,true,
1291,98,33.044,34.015,80,true,
1292,98,34.015,34.769,80,true,
1293,98,34.769,35.322,60,true,
1294,99,-0.546,-0.041,60,true,
1295,99,-0.041,0.872,80,true,
1296,99,0.872,1.072,70,true,
1297,99,1.072,1.396,50,true,
1298,99,1.396,3.192,70,true,
1299,99,3.192,3.669,60,true,
1300,99,3.669,5.850,70,true,
1301,99,5.850,6.709,60,true,
1302,99,6.709,7.325,70,true,
1303,99,7.325,9.110,60,true,
1304,99,9.110,10.124,90,true,
1305,99,10.124,10.319,70,true,
1306,99,10.319,10.472,60,true,
1307,99,10.472,11.412,70,true,
1308,99,11.412,11.701,60,true,
1309,99,11.701,11.937,40,true,
1310,99,11.937,17.968,60,true,
1311,99,17.968,19.222,100,true,
1312,99,19.222,20.237,60,true,
1313,99,20.237,21.589,80,true,
1314,99,21.589,21.951,60,true,
1315,99,21.951,22.422,50,true,
1316,99,22.422,23.743,110,true,
1317,99,23.743,26.482,120,true,
1318,99,26.482,26.890,110,true,
1319,99,26.890,30.299,120,true,
1320,99,30.299,30.706,110,true,
1321,99,30.706,33.126,120,true,
1322,99,33.126,33.867,110,true,
1323,99,33.867,34.520,120,true,
1324,99,34.520,34.864,70,true,
1325,99,34.864,35.524,110,true,
1326,99,35.524,38.669,120,true,
1327,99,38.669,40.058,110,true,
1328,99,40.058,40.978,80,true,
1329,99,40.978,41.327,60,true,
1330,99,41.327,42.315,70,true,
1331,99,42.315,43.079,50,true,
1332,99,43.079,43.340,50,true,
1333,99,43.340,43.442,20,true,
1334,100,4.383,6.800,60,false,60
1335,100,6.800,12.040,60,false,60
1336,100,12.040,13.900,50,false,50
1337,100,13.900,19.669,60,false,60
1338,101,0.320,0.436,50,true,
1339,101,0.436,65.700,70,true,
1340,101,65.700,71.600,30,true,
1341,101,71.600,82.789,70,true,
1342,102,-0.084,0.754,40,true,
1343,102,0.754,1.282,60,false,60
1344,102,1.282,3.908,80,false,60
1345,102,3.908,5.220,60,true,
1346,102,5.220,12.296,80,true,
1347,103,0.630,17.875,0,true,
1348,103,17.875,22.300,40,true,
1349,103,22.300,23.970,30,true,
1350,103,23.970,37.409,0,true,
1351,104,0.581,1.257,70,true,
1352,104,1.257,5.811,100,true,
1353,104,5.811,6.100,80,true,
1354,104,6.100,7.242,80,true,
1355,104,7.242,8.002,80,true,
1356,104,8.002,8.824,80,true,
1357,104,8.824,9.108,90,true,
1358,104,9.108,10.089,120,true,
1359,104,10.089,10.564,120,true,
1360,104,10.564,12.112,120,true,
1361,104,12.112,12.802,90,true,
1362,104,12.802,13.424,90,true,
1363,104,13.424,13.906,90,true,
1364,104,13.906,14.240,70,true,
1365,104,14.240,15.252,60,true,
1366,104,15.252,15.393,60,true,
1367,104,15.393,15.768,60,true,
1368,104,15.768,16.568,60,true,
1369,104,16.568,19.081,110,true,
1370,104,19.081,19.693,100,true,
1371,104,19.693,20.548,70,true,
1372,104,20.548,20.811,70,true,
1373,104,20.811,21.300,60,true,
1374,104,21.300,31.050,30,true,
1375,104,31.050,31.200,20,true,
1376,104,31.200,61.220,30,true,
1377,104,61.220,61.973,160,true,
1378,104,61.973,62.727,150,true,
1379,104,62.727,63.846,110,true,
1380,104,63.846,65.051,120,true,
1381,104,65.051,65.886,100,true,
1382,104,65.886,70.396,120,true,
1383,104,70.396,71.950,80,true,
1384,104,71.950,73.572,70,true,
1385,104,73.572,73.892,50,true,
1386,105,-0.664,1.150,50,true,
1387,105,1.150,2.860,60,true,
1388,105,2.860,3.590,80,true,
1389,105,3.590,4.600,70,true,
1390,105,4.600,5.300,80,true,
1391,105,5.300,7.300,50,true,
1392,105,7.300,8.900,70,true,
1393,105,8.900,10.300,60,true,
1394,105,10.300,10.776,50,true,
1395,106,0.475,0.600,40,true,
1396,106,0.600,1.140,60,true,
1397,106,1.140,10.817,80,true,
1398,106,10.817,13.357,80,true,
1399,106,13.357,13.615,80,true,
1400,106,13.615,15.040,100,true,
1401,106,15.040,16.732,80,true,
1402,106,16.732,19.643,100,true,
1403,106,19.643,21.121,60,true,
1404,106,21.121,21.980,70,true,
1405,106,21.980,25.990,80,true,
1406,106,25.990,26.210,70,true,
1407,106,26.210,28.650,80,true,
1408,106,28.650,30.240,50,true,
1409,106,30.240,32.784,70,true,
1410,106,32.784,32.791,100,true,
1411,106,32.791,46.439,100,true,
1412,106,46.439,46.451,80,true,
1413,106,46.451,53.533,80,true,
1414,106,53.533,54.050,70,true,
1415,106,54.050,55.000,100,true,
1416,106,55.000,55.496,90,true,
1417,106,55.496,57.736,100,true,
1418,106,57.736,58.812,90,true,
1419,106,58.812,59.549,100,true,
1420,106,59.549,59.953,60,true,
1421,106,59.953,60.423,90,true,
1422,106,60.423,68.060,100,true,
1423,106,68.060,69.037,70,true,
1424,106,69.037,69.726,80,true,
1425,107,-0.201,0.860,40,true,
1426,107,0.860,0.920,30,true,
1427,107,0.920,32.420,40,true,
1428,107,32.420,32.880,40,true,
1429,107,32.880,49.333,40,true,
1430,107,49.333,50.588,60,true,
1431,108,0.585,10.000,60,true,
1432,108,10.000,10.219,50,true,
1433,108,10.219,10.529,60,true,
1434,108,10.529,11.258,80,true,
1435,108,11.258,14.077,100,true,
1436,108,14.077,15.006,90,true,
1437,108,15.006,15.345,80,true,
1438,108,15.345,16.392,100,true,
1439,108,16.392,17.123,80,true,
1440,108,17.123,18.239,100,true,
1441,108,18.239,19.600,80,true,
1442,108,19.600,20.000,30,true,
1443,108,20.000,29.717,50,true,
1444,108,29.717,35.332,60,true,
1445,108,35.332,36.329,100,true,
1446,108,36.329,39.570,70,true,
1447,108,39.570,41.800,60,true,
1448,108,41.800,42.100,50,true,
1449,108,42.100,43.550,60,true,
1450,108,43.550,46.330,40,true,
1451,108,46.330,48.076,70,true,
1452,108,48.076,53.455,80,true,
1453,108,53.455,56.640,60,true,
1454,108,56.640,56.880,50,true,
1455,108,56.880,61.000,60,true,
1456,108,61.000,67.800,70,true,
1457,108,67.800,71.000,50,true,
1458,108,71.000,80.500,50,true,
1459,108,80.500,82.800,50,true,
1460,108,82.800,91.190,50,true,
1461,108,91.190,94.060,50,true,
1462,108,94.060,98.445,30,true,
1463,108,98.445,101.000,50,true,
1464,108,101.000,107.000,70,true,
1465,108,107.000,107.473,60,true,
1466,108,107.473,107.766,50,true,
1467,108,107.766,111.550,60,true,
1468,108,111.550,113.531,30,true,
1469,108,113.531,130.800,50,true,
1470,108,130.800,157.425,50,true,
1471,108,157.425,158.085,40,true,
1472,108,158.085,158.374,30,true,
1473,108,158.374,161.074,50,true,
1474,109,0.086,4.487,70,true,
1475,109,4.487,5.505,60,true,
1476,110,0.128,3.600,50,true,
1477,110,3.600,4.366,30,true,
1478,114,0.612,6.065,40,true,
1479,115,0.765,16.400,40,true,
1480,115,16.400,49.121,0,true,
1481,116,0.000,3.550,40,true,
1482,116,3.550,22.472,0,true,
1483,117,-0.188,1.240,60,true,
1484,117,1.240,2.100,40,true,
1485,117,2.100,6.090,60,true,
1486,117,6.090,6.650,50,true,
1487,117,6.650,12.042,60,true,
1488,117,12.042,12.585,50,true,
1489,117,12.585,14.395,60,true,
1490,117,14.395,15.239,50,true,
1491,117,15.239,16.526,60,true,
1492,117,16.526,16.790,50,true,
1493,117,16.790,18.571,60,true,
1494,117,18.571,21.942,80,true,
1495,117,21.942,22.123,60,true,
1496,117,22.123,26.670,80,true,
1497,117,26.670,30.050,70,true,
1498,117,30.050,31.046,50,true,
1499,117,31.046,41.290,40,true,
1500,117,41.290,42.000,50,true,
1501,117,42.000,42.190,50,true,
1502,117,42.190,43.600,80,true,
1503,117,43.600,44.000,70,true,
1504,117,44.000,44.500,60,true,
1505,117,44.500,47.100,60,true,
1506,117,47.100,49.286,70,true,
1507,117,49.286,50.817,80,true,
1508,117,50.817,51.082,70,true,
1509,117,51.082,52.776,80,true,
1510,117,52.776,53.070,70,true,
1511,117,53.070,54.827,80,true,
1512,117,54.827,55.064,70,true,
1513,117,55.064,56.193,80,true,
1514,117,56.193,56.434,70,true,
1515,117,56.434,57.631,80,true,
1516,117,57.631,59.007,60,true,
1517,118,0.638,4.888,80,false,80
1518,118,4.888,5.232,60,false,80
1519,118,5.232,11.272,80,false,80
1520,118,11.272,12.016,60,false,60
1521,120,0.000,3.143,40,true,
1522,121,-0.113,2.867,40,true,
1523,123,0.000,3.571,40,true,
1524,124,0.000,2.302,40,true,
1525,126,-0.310,0.617,40,true,
1526,126,0.617,4.600,20,true,
1527,126,4.600,7.154,0,true,
1528,127,26.835,27.794,100,true,
1529,127,27.794,29.000,120,true,
1530,127,29.000,30.144,40,true,
1531,127,30.144,33.428,0,true,
1532,127,33.428,33.700,40,true,
1533,127,33.700,35.455,60,true,
1534,128,26.782,26.898,50,true,
1535,128,26.898,27.022,100,true,
1536,128,27.022,27.584,120,true,
1537,128,27.584,27.826,100,true,
1538,128,27.826,29.000,120,true,
1539,128,29.000,30.659,20,true,
1540,129,35.828,39.100,40,true,
1541,129,39.100,39.750,60,true,
1542,129,39.750,41.028,40,true,
1543,130,37.320,39.766,40,true,
1544,130,39.766,48.862,30,true,
1545,131,5.440,6.090,50,false,50
1546,131,6.090,7.498,80,false,80
1547,131,7.498,11.633,90,false,90
1548,131,11.633,14.058,120,false,120
1549,131,14.058,15.273,140,false,140
1550,131,15.273,19.883,120,false,120
1551,131,19.883,20.358,100,false,100
1552,131,20.358,22.212,120,false,120
1553,131,22.212,22.486,100,false,100
1554,131,22.486,23.372,120,false,120
1555,131,23.372,24.378,140,false,140
1556,131,24.378,25.182,130,false,130
1557,131,25.182,29.000,120,false,120
1558,131,29.000,33.000,100,false,120
1559,131,33.000,34.240,70,false,60
1560,131,34.240,41.240,100,false,100
1561,131,41.240,47.380,120,false,120
1562,131,47.380,58.897,100,false,120
1563,131,58.897,60.425,120,false,120
1564,131,60.425,66.800,100,false,120
1565,131,66.800,69.240,140,false,140
1566,131,69.240,70.330,100,false,100
1567,131,70.330,70.440,80,false,100
1568,131,70.440,70.830,110,false,100
1569,131,70.830,71.450,130,false,100
1570,131,71.450,78.300,140,false,140
1571,131,78.300,78.900,130,false,130
1572,131,78.900,81.280,140,false,140
1573,131,81.280,81.980,110,false,110
1574,131,81.980,82.840,130,false,130
1575,131,82.840,86.680,140,false,140
1576,131,86.680,87.290,130,false,130
1577,131,87.290,102.650,140,false,140
1578,131,102.650,104.230,130,false,130
1579,131,104.230,112.560,140,false,140
1580,131,112.560,113.620,120,false,120
1581,131,113.620,114.510,90,false,90
1582,131,114.510,125.000,140,false,140
1583,131,125.000,125.670,130,false,120
1584,131,125.670,146.753,140,false,120
1585,131,146.753,157.671,120,false,120
1586,131,157.671,166.667,120,false,120
1587,131,166.667,166.855,100,false,120
1588,131,166.855,167.170,120,false,120
1589,131,167.170,168.320,140,false,140
1590,131,168.320,168.753,100,false,100
1591,131,168.753,169.920,140,false,140
1592,131,169.920,170.069,120,false,140
1593,131,170.069,244.000,100,false,50
1594,131,244.000,316.980,120,false,120
1595,131,316.980,319.900,100,false,90
1596,131,319.900,320.800,60,false,50
1597,131,320.800,321.040,50,false,50
1598,131,321.040,323.200,40,false,90
1599,131,323.200,325.231,100,false,90
1600,131,325.231,326.430,120,false,90
1601,131,326.430,330.500,140,false,140
1602,131,330.500,332.200,120,false,120
1603,131,332.200,337.400,140,false,140
1604,131,337.400,339.100,120,false,120
1605,131,339.100,344.600,140,false,140
1606,131,344.600,347.028,120,false,120
1607,131,347.028,353.519,160,false,160
1608,131,353.519,354.990,120,false,120
1609,131,354.990,361.200,150,false,150
1610,131,361.200,362.200,140,false,140
1611,131,362.200,367.500,120,false,120
1612,131,367.500,368.400,90,false,90
1613,131,368.400,369.300,70,false,70
1614,131,369.300,371.000,50,false,90
1615,131,371.000,372.847,130,false,130
1616,131,372.847,378.100,160,false,160
1617,131,378.100,380.500,120,false,120
1618,131,380.500,388.500,140,false,140
1619,131,388.500,390.200,120,false,120
1620,131,390.200,396.800,140,false,140
1621,131,396.800,398.300,120,false,120
1622,131,398.300,402.600,140,false,140
1623,131,402.600,404.000,120,false,120
1624,131,404.000,409.800,140,false,140
1625,131,409.800,411.310,120,false,120
1626,131,411.310,412.400,130,false,130
1627,131,412.400,421.400,140,false,140
1628,131,421.400,423.400,120,false,120
1629,131,423.400,437.900,160,false,160
1630,131,437.900,439.650,120,false,120
1631,131,439.650,449.200,140,false,140
1632,131,449.200,450.700,120,false,120
1633,131,450.700,456.650,140,false,140
1634,131,456.650,458.650,120,false,120
1635,131,458.650,461.200,160,false,160
1636,131,461.200,461.800,150,false,150
1637,131,461.800,466.140,160,false,160
1638,131,466.140,467.640,120,false,120
1639,131,467.640,475.950,160,false,160
1640,131,475.950,476.830,140,false,140
1641,131,476.830,477.300,130,false,130
1642,131,477.300,478.960,120,false,120
1643,131,478.960,479.400,160,false,160
1644,131,479.400,480.450,150,false,150
1645,131,480.450,484.150,160,false,160
1646,131,484.150,485.600,120,false,120
1647,131,485.600,493.880,160,false,160
1648,131,493.880,496.778,120,false,120
1649,131,496.778,497.430,60,false,60
1650,131,497.430,497.590,40,false,40
1651,131,497.590,498.687,60,false,60
1652,132,16.712,17.624,80,false,80
1653,132,17.624,18.920,120,false,120
1654,132,18.920,22.820,100,false,100
1655,132,22.820,23.619,60,false,100
1656,132,23.619,40.580,0,false,100
1657,132,40.580,41.600,100,false,100
1658,132,41.600,58.600,120,false,120
1659,132,58.600,94.280,120,false,120
1660,132,94.280,94.850,100,false,100
1661,132,94.850,94.980,60,false,60
1662,132,94.980,98.650,120,false,120
1663,132,98.650,98.940,100,false,100
1664,132,98.940,99.820,60,false,60
1665,132,99.820,101.100,100,false,100
1666,132,101.100,138.760,160,false,160
1667,132,138.760,139.805,120,false,120
1668,132,139.805,154.150,160,false,160
1669,132,154.150,154.400,130,false,130
1670,132,154.400,172.600,160,false,160
1671,132,172.600,175.100,120,false,120
1672,132,175.100,178.500,110,false,110
1673,132,178.500,181.336,100,false,100
1674,133,-1.224,5.605,120,false,120
1675,133,5.605,6.875,110,false,110
1676,133,6.875,12.429,120,false,120
1677,133,12.429,14.009,60,false,50
1678,133,14.009,15.590,70,false,120
1679,133,15.590,17.270,120,false,120
1680,133,17.270,43.813,160,false,160
1681,133,43.813,44.220,120,false,120
1682,133,44.220,46.700,120,false,120
1683,133,46.700,50.250,160,false,160
1684,133,50.250,51.810,120,false,120
1685,133,51.810,67.630,160,false,160
1686,133,67.630,69.600,120,false,120
1687,133,69.600,70.850,60,false,60
1688,134,0.345,3.843,160,false,160
1689,134,3.843,5.125,120,false,120
1690,134,5.125,6.275,160,false,160
1691,134,6.275,6.847,140,false,140
1692,134,6.847,11.828,100,false,100
1693,134,11.828,12.211,80,false,80
1694,135,-0.408,-0.140,60,false,60
1695,135,-0.140,5.777,100,false,100
1696,136,-0.192,-0.140,60,false,70
1697,136,-0.140,0.750,40,false,40
1698,136,0.750,2.600,120,false,110
1699,136,2.600,8.993,160,false,160
1700,136,8.993,10.997,120,false,120
1701,136,10.997,22.662,160,false,160
1702,136,22.662,23.113,140,false,140
1703,136,23.113,37.141,160,false,160
1704,136,37.141,37.439,120,false,120
1705,137,0.112,1.900,90,false,90
1706,137,1.900,13.920,100,false,100
1707,137,13.920,14.100,80,false,80
1708,137,14.100,14.300,100,false,80
1709,137,14.300,18.300,120,false,120
1710,137,18.300,19.400,100,false,100
1711,137,19.400,23.100,120,false,120
1712,137,23.100,26.580,110,false,110
1713,137,26.580,26.817,40,false,40
1714,137,26.817,27.400,100,false,100
1715,137,27.400,27.600,40,false,40
1716,137,27.600,32.570,110,false,110
1717,137,32.570,32.900,40,false,40
1718,137,32.900,56.770,120,false,120
1719,137,56.770,56.800,100,false,120
1720,137,56.800,61.300,120,false,120
1721,137,61.300,63.690,90,false,90
1722,137,63.690,64.878,50,false,50
1723,137,64.878,70.292,90,false,50
1724,137,70.292,72.000,50,false,50
1725,137,72.000,78.600,0,false,100
1726,137,78.600,78.875,60,false,100
1727,137,78.875,80.067,100,false,100
1728,137,80.067,96.860,60,false,100
1729,137,96.860,116.300,80,false,100
1730,137,116.300,117.600,70,false,50
1731,137,117.600,127.720,50,false,50
1732,137,127.720,131.000,70,false,50
1733,137,131.000,134.680,100,false,50
1734,137,134.680,139.900,70,false,70
1735,137,139.900,143.000,100,false,70
1736,137,143.000,151.000,70,false,70
1737,137,151.000,165.180,60,false,70
1738,137,165.180,177.800,70,false,70
1739,137,177.800,197.801,50,true,
1740,137,197.801,199.000,80,true,
1741,137,199.000,203.430,100,true,
1742,137,203.430,206.330,80,true,
1743,137,206.330,218.800,50,true,
1744,137,218.800,221.600,80,true,
1745,137,221.600,226.450,60,true,
1746,137,226.450,227.400,80,false,80
1747,137,227.400,230.200,100,false,60
1748,137,230.200,236.350,60,false,60
1749,137,236.350,238.150,80,true,
1750,137,238.150,247.032,120,true,
1751,137,247.032,253.816,100,true,
1752,137,253.816,262.380,120,true,
1753,137,262.380,263.150,80,true,
1754,137,263.150,269.300,60,true,
1755,137,269.300,271.240,100,true,
1756,137,271.240,282.240,120,true,
1757,137,282.240,283.406,100,true,
1758,137,283.406,283.854,50,true,
1759,137,283.854,284.190,40,true,
1760,138,0.580,0.591,50,false,50
1761,138,0.591,1.131,50,false,50
1768,138,1.131,1.450,70,false,70
1769,138,1.450,4.242,70,false,70
1770,138,4.242,6.000,50,false,50
1771,138,6.000,8.000,100,false,100
1772,138,8.000,11.045,40,false,100
1773,138,11.045,16.200,100,false,100
1774,138,16.200,16.400,50,false,100
1775,138,16.400,17.584,90,false,100
1776,138,17.584,19.000,90,false,50
1777,138,19.000,21.970,110,false,110
1778,138,21.970,22.350,90,false,90
1779,138,22.350,22.948,100,false,60
1780,138,22.948,23.520,100,false,60
1781,138,23.520,23.550,80,false,80
1782,138,23.550,33.243,100,false,100
1783,139,0.090,3.300,100,false,100
1784,139,3.300,5.800,80,false,80
1785,139,5.800,7.000,70,false,70
1786,139,7.000,7.300,40,false,70
1787,139,7.300,14.100,130,false,130
1788,139,14.100,14.300,120,false,120
1789,139,14.300,16.100,130,false,130
1790,139,16.100,17.900,120,false,120
1791,139,17.900,25.000,140,false,140
1792,139,25.000,25.700,130,false,130
1793,139,25.700,26.000,120,false,120
1794,139,26.000,30.400,140,false,140
1795,139,30.400,30.700,130,false,130
1796,139,30.700,35.500,140,false,140
1797,139,35.500,36.800,120,false,120
1798,139,36.800,40.500,140,false,140
1799,139,40.500,41.495,160,false,160
1800,139,41.495,42.110,130,false,130
1801,139,42.110,43.210,100,false,100
1802,139,43.210,43.440,100,false,100
1803,139,43.440,44.000,80,false,80
1804,139,44.000,45.420,80,false,80
1805,139,45.420,46.200,80,false,80
1806,139,46.200,46.900,90,false,90
1807,139,46.900,48.150,110,false,110
1808,139,48.150,48.450,90,false,90
1809,139,48.450,48.500,110,false,110
1810,139,48.500,54.783,110,false,110
1811,139,54.783,55.150,110,false,110
1812,139,55.150,55.800,90,false,100
1813,139,55.800,56.300,40,false,100
1814,139,56.300,56.700,30,true,
1815,139,56.700,57.140,40,true,
1816,139,57.140,57.480,90,false,60
1817,139,57.480,58.150,120,false,120
1818,139,58.150,58.550,100,false,100
1819,139,58.550,63.830,120,false,120
1820,139,63.830,64.888,100,false,100
1821,139,64.888,65.100,140,false,100
1822,139,65.100,69.140,140,true,
1823,139,69.140,69.380,130,true,
1824,139,69.380,70.320,140,true,
1825,139,70.320,72.360,130,true,
1826,139,72.360,73.610,110,true,
1827,139,73.610,75.940,130,true,
1828,139,75.940,76.203,70,true,
1829,139,76.203,77.117,60,true,
1830,139,77.117,78.873,100,true,
1831,139,78.873,79.114,70,true,
1832,139,79.114,79.673,100,true,
1833,139,79.673,83.410,120,true,
1834,139,83.410,85.400,70,true,
1835,139,85.400,85.682,120,true,
1836,139,85.682,86.141,100,true,
1837,139,86.141,86.586,80,true,
1838,139,86.586,86.893,80,true,
1839,139,86.893,86.998,70,true,
1840,139,86.998,87.175,80,true,
1841,139,87.175,87.451,90,true,
1842,139,87.451,88.315,80,true,
1843,139,88.315,89.160,70,true,
1844,139,89.160,89.413,60,true,
1845,139,89.413,90.230,80,true,
1846,139,90.230,91.075,90,true,
1847,139,91.075,92.396,100,true,
1848,139,92.396,93.385,80,true,
1849,139,93.385,93.949,70,true,
1850,139,93.949,94.918,100,true,
1851,139,94.918,100.076,70,true,
1852,139,100.076,100.254,60,true,
1853,139,100.254,101.257,80,true,
1854,139,101.257,101.368,70,true,
1855,139,101.368,101.657,60,true,
1856,139,101.657,102.752,80,true,
1857,139,102.752,104.136,70,true,
1858,139,104.136,104.289,60,true,
1859,139,104.289,104.653,70,true,
1860,139,104.653,105.197,80,true,
1861,139,105.197,105.505,70,true,
1862,139,105.505,105.763,60,true,
1863,139,105.763,106.649,70,true,
1864,139,106.649,107.129,90,true,
1865,139,107.129,107.662,120,true,
1866,139,107.662,108.122,100,true,
1867,139,108.122,108.793,90,true,
1868,139,108.793,109.080,80,true,
1869,139,109.080,110.830,70,true,
1870,139,110.830,111.232,80,true,
1871,139,111.232,111.534,70,true,
1872,139,111.534,112.132,90,true,
1873,139,112.132,112.813,70,true,
1874,139,112.813,112.982,80,true,
1875,139,112.982,113.785,60,true,
1876,140,0.659,1.000,80,true,
1877,140,1.000,1.200,40,true,
1878,140,1.200,1.250,110,true,
1879,140,1.250,8.040,110,true,
1880,140,8.040,9.000,80,true,
1881,140,9.000,9.150,40,true,
1882,140,9.150,9.282,80,true,
1883,140,9.282,12.470,110,true,
1884,140,12.470,14.990,90,true,
1885,140,14.990,17.866,100,true,
1886,140,17.866,19.035,80,true,
1887,140,19.035,21.483,100,true,
1888,140,21.483,21.525,80,true,
1889,140,21.525,25.547,110,true,
1890,140,25.547,27.940,100,true,
1891,140,27.940,31.217,110,true,
1892,140,31.217,39.042,100,false,100
1893,140,39.042,39.933,60,false,100
1894,140,39.933,43.903,80,false,80
1895,140,43.903,43.921,70,true,
1896,140,43.921,49.375,120,true,
1897,140,49.375,51.135,70,true,
1898,140,51.135,57.450,120,true,
1899,140,57.450,59.448,100,false,100
1900,140,59.448,62.710,120,false,120
1901,140,62.710,65.800,100,false,100
1902,140,65.800,67.847,70,false,60
1903,141,-0.570,0.384,40,false,40
1904,141,0.384,1.895,50,false,40
1905,141,1.895,5.570,30,false,80
1906,141,5.570,14.430,50,false,50
1907,141,14.430,16.100,60,false,80
1908,141,16.100,18.846,80,false,80
1909,141,18.846,21.314,50,false,50
1910,141,21.314,25.363,80,false,50
1911,141,25.363,25.396,40,true,
1912,141,25.396,25.927,80,true,
1913,142,0.756,1.746,40,true,
1914,142,1.746,14.665,80,true,
1915,142,14.665,15.889,60,true,
1916,143,0.841,60.600,120,false,120
1917,143,60.600,60.780,100,false,120
1918,143,60.780,68.100,120,false,120
1919,143,68.100,70.600,100,false,100
1920,143,70.600,71.366,80,false,100
1921,143,71.366,81.800,120,false,120
1922,143,81.800,97.020,50,false,60
1923,143,97.020,100.150,110,false,60
1924,143,100.150,117.780,50,false,60
1925,143,117.780,120.490,50,false,60
1926,143,120.490,132.800,120,false,120
1927,143,132.800,133.580,50,false,80
1928,143,133.580,134.700,80,false,80
1929,143,134.700,137.100,100,false,110
1930,143,137.100,156.400,110,false,110
1931,143,156.400,159.700,100,false,100
1932,143,159.700,163.157,60,false,60
1933,144,0.182,26.297,70,false,0
1934,144,26.297,34.037,40,false,30
1935,144,34.037,43.800,60,false,0
1936,144,43.800,45.100,100,true,
1937,144,45.100,74.160,140,true,
1938,144,74.160,75.924,100,true,
1939,145,1.331,11.500,0,true,
1940,145,11.500,15.900,50,true,
1941,145,15.900,17.955,100,true,
1942,146,-0.055,43.845,120,false,120
1943,146,43.845,49.134,120,true,
1944,147,-0.519,7.700,100,false,100
1945,147,7.700,12.605,80,false,80
1946,147,12.605,12.884,40,false,40
1947,147,12.884,13.400,50,false,80
1948,148,-0.632,2.753,50,true,
1949,148,2.753,5.525,160,true,
1950,148,5.525,6.994,150,true,
1951,148,6.994,15.078,160,true,
1952,148,15.078,15.650,140,true,
1953,148,15.650,17.057,160,true,
1954,148,17.057,20.904,140,true,
1955,148,20.904,21.573,100,true,
1956,148,21.573,21.800,60,true,
1957,148,21.800,31.583,120,false,120
1958,148,31.583,32.205,100,false,100
1959,148,32.205,35.980,120,false,120
1960,149,0.280,11.120,50,false,70
1961,149,11.120,22.700,80,false,80
1962,149,22.700,23.828,50,false,70
1963,150,2.962,4.088,100,true,
1964,150,4.088,7.880,80,true,
1965,150,7.880,13.459,60,true,
1966,151,-0.430,1.770,60,false,60
1967,151,1.770,4.128,100,false,60
1968,151,4.128,7.167,50,false,100
1969,151,7.167,23.671,110,false,100
1970,151,23.671,31.900,90,false,90
1971,151,31.900,32.100,40,false,30
1972,151,32.100,32.400,90,false,90
1973,151,32.400,32.500,40,false,40
1974,151,32.500,35.427,90,false,90
1975,151,35.427,44.000,120,false,120
1976,151,44.000,51.950,110,false,110
1977,151,51.950,53.864,90,false,90
1978,152,5.019,10.875,60,false,60
1979,152,10.875,22.800,110,false,110
1980,152,22.800,40.417,120,false,120
1981,153,-0.083,0.300,90,false,90
1982,153,0.300,1.186,120,false,120
1983,153,1.186,1.960,90,false,90
1984,153,1.960,14.406,120,false,120
1985,153,14.406,15.856,110,false,110
1986,153,15.856,18.150,120,false,120
1987,153,18.150,19.657,90,false,110
1988,154,-3.176,3.319,80,false,80
1989,154,3.319,15.124,100,false,100
1990,154,15.124,20.050,80,false,80
1991,154,20.050,22.150,40,false,40
1992,155,0.000,0.682,70,true,
1993,155,0.682,11.065,90,true,
1994,156,-0.427,0.651,70,false,60
1995,156,0.651,2.154,115,false,115
1996,156,2.154,9.719,120,false,120
1997,156,9.719,10.119,120,false,115
1998,156,10.119,10.843,120,false,115
1999,156,10.843,11.310,85,false,85
2000,157,-0.859,2.165,60,true,
2001,157,2.165,8.040,100,false,100
2002,157,8.040,8.600,80,false,80
2003,157,8.600,12.650,30,false,80
2004,157,12.650,12.817,100,true,
2005,157,12.817,13.782,100,true,
2006,157,13.782,14.650,110,true,
2007,157,14.650,14.950,100,true,
2008,157,14.950,15.153,90,true,
2009,157,15.153,15.730,95,true,
2010,157,15.730,18.060,110,true,
2011,157,18.060,19.390,100,true,
2012,157,19.390,23.345,110,true,
2013,157,23.345,23.346,80,true,
2014,157,23.346,23.745,80,true,
2015,158,0.504,3.380,60,false,60
2016,158,3.380,6.440,90,false,90
2017,158,6.440,8.684,80,false,60
2018,158,8.684,24.966,100,true,
2019,158,24.966,25.648,80,true,
2020,159,12.991,24.590,120,false,120
2021,159,24.590,26.197,60,true,
2022,159,26.197,27.520,50,true,
2023,160,275.013,281.593,100,true,
2024,160,281.593,281.664,70,true,
2025,160,281.664,282.390,80,true,
2026,160,282.390,282.868,60,true,
2027,160,282.868,285.381,80,true,
2028,160,285.381,291.680,100,true,
2029,161,-0.351,0.000,60,false,60
2030,161,0.000,4.868,100,false,100
2031,161,4.868,9.345,70,false,80
2032,161,9.345,11.490,100,false,100
2033,161,11.490,13.505,80,false,80
2034,162,0.422,3.350,40,true,
2035,163,-0.331,0.660,80,true,
2036,163,0.660,2.040,100,true,
2037,163,2.040,2.060,80,true,
2038,163,2.060,3.729,100,true,
2039,163,3.729,4.684,80,true,
2040,164,-0.105,2.950,40,true,
2041,164,2.950,3.854,80,true,
2042,164,3.854,4.247,70,true,
2043,164,4.247,5.010,80,true,
2044,164,5.010,5.966,40,true,
2045,165,-0.088,1.294,60,false,60
2046,167,1.499,5.659,40,false,40
2047,168,0.463,4.369,80,false,80
2048,168,4.369,5.786,30,false,70
2049,169,-0.246,0.800,50,true,
2050,169,0.800,6.190,120,true,
2051,169,6.190,6.930,80,true,
2052,169,6.930,7.225,50,true,
2053,169,7.225,16.650,100,true,
2054,169,16.650,17.484,60,true,
2055,171,4.069,6.230,90,false,100
2056,171,6.230,7.980,110,false,110
2057,171,7.980,8.500,100,false,100
2058,171,8.500,9.300,110,false,100
2059,171,9.300,12.000,120,false,120
2060,171,12.000,21.036,100,false,100
2061,171,21.036,23.728,50,false,70
2062,171,23.728,25.232,100,false,100
2063,171,25.232,37.737,50,false,0
2064,171,37.737,40.334,110,false,0
2065,171,40.334,41.585,100,false,100
2066,171,41.585,41.694,50,false,80
2067,172,-0.091,0.933,50,true,
2068,172,0.933,4.048,60,true,
2069,172,4.048,4.247,30,true,
2070,172,4.247,4.286,20,true,
2071,173,-0.500,1.600,60,false,60
2072,173,1.600,12.136,120,false,120
2073,173,12.136,13.353,100,false,100
2074,174,-0.197,2.222,40,false,60
2075,175,29.775,30.712,40,true,
2076,175,30.712,50.900,0,true,
2077,175,50.900,52.500,40,true,
2078,175,52.500,88.069,0,false,0
2079,175,88.069,89.185,40,true,
2080,176,-0.172,19.378,0,true,
2081,176,19.378,20.573,40,true,
2082,177,-0.293,13.042,20,true,
2083,177,13.042,24.600,30,true,
2084,177,24.600,38.333,0,true,
2085,179,0.647,11.240,60,false,60
2086,179,11.240,16.293,40,true,
2087,179,16.293,20.270,0,true,
2088,179,20.270,26.223,50,true,
2089,180,0.055,15.616,80,true,
2090,181,-0.436,0.050,60,true,
2091,181,0.050,0.975,80,true,
2092,181,0.975,1.029,60,true,
2093,181,1.029,63.805,80,true,
2094,181,63.805,101.000,120,true,
2095,181,101.000,102.100,120,true,
2096,181,102.100,103.748,80,true,
2097,181,103.748,142.000,40,true,
2098,181,142.000,149.109,80,true,
2099,182,-0.577,-0.100,40,true,
2100,182,-0.100,0.303,60,true,
2101,182,0.303,3.430,80,true,
2102,182,3.430,3.758,70,true,
2103,182,3.758,4.515,80,true,
2104,182,4.515,4.876,80,true,
2105,182,4.876,6.333,80,true,
2106,182,6.333,18.100,140,true,
2107,182,18.100,18.450,130,true,
2108,182,18.450,32.807,140,true,
2109,182,32.807,34.629,120,true,
2110,182,34.629,35.500,110,true,
2111,182,35.500,37.244,130,true,
2112,182,37.244,37.544,110,true,
2113,182,37.544,43.317,140,true,
2114,182,43.317,45.502,90,true,
2115,183,-1.131,8.770,60,true,
2116,186,274.855,276.996,80,true,
2117,186,276.996,280.533,40,true,
2118,186,280.533,291.722,80,true,
2119,187,3.597,4.200,30,true,
2120,187,4.200,5.907,30,true,
2121,187,5.907,8.971,0,true,
2122,188,20.300,23.552,100,true,
2123,189,-0.461,5.150,30,true,
2124,189,5.150,6.764,40,true,
2125,190,-0.477,0.170,50,true,
2126,190,0.170,21.506,0,true,
2127,190,21.506,21.790,80,true,
2128,190,21.790,22.090,60,true,
2129,190,22.090,25.178,80,true,
2130,190,25.178,25.451,80,true,
2131,190,25.451,25.851,70,true,
2132,190,25.851,27.503,80,true,
2133,190,27.503,28.010,80,true,
2134,190,28.010,28.977,80,true,
2135,190,28.977,29.890,80,true,
2136,190,29.890,31.406,80,true,
2137,190,31.406,32.290,80,true,
2138,190,32.290,32.424,70,true,
2139,190,32.424,34.138,80,true,
2140,190,34.138,35.722,80,true,
2141,190,35.722,39.122,80,true,
2142,190,39.122,40.181,50,true,
2143,191,-0.550,-0.252,60,true,
2144,191,-0.252,0.200,70,true,
2145,191,0.200,0.820,60,true,
2146,191,0.820,2.221,70,true,
2147,191,2.221,2.521,60,true,
2148,191,2.521,3.372,70,true,
2149,191,3.372,3.690,60,true,
2150,191,3.690,4.963,70,true,
2151,191,4.963,5.499,80,true,
2152,191,5.499,5.850,60,true,
2153,191,5.850,11.380,80,true,
2154,191,11.380,11.617,60,true,
2155,191,11.617,13.824,80,true,
2156,191,13.824,14.318,60,true,
2157,191,14.318,15.275,80,true,
2158,191,15.275,16.309,60,true,
2159,191,16.309,16.783,50,true,
2160,191,16.783,17.217,60,true,
2161,191,17.217,18.817,80,true,
2162,191,18.817,19.039,70,true,
2163,191,19.039,19.543,60,true,
2164,191,19.543,20.048,40,true,
2165,194,0.176,8.805,20,true,
2166,199,49.055,63.000,100,true,
2167,199,63.000,64.136,30,true,
2168,200,-0.446,-0.430,40,false,40
2169,200,-0.430,3.850,60,false,60
2170,200,3.850,3.910,40,false,60
2171,200,3.910,4.280,60,false,60
2172,200,4.280,6.469,40,false,40
2173,200,6.469,6.832,20,true,
2174,201,-1.395,20.062,100,false,100
2175,201,20.062,22.200,90,false,50
2176,201,22.200,31.735,100,false,100
2177,201,31.735,34.476,50,false,50
2178,201,34.476,71.349,120,true,
2179,201,71.349,96.500,100,true,
2180,201,96.500,136.348,100,true,
2181,201,136.348,137.028,70,true,
2182,201,137.028,139.030,90,true,
2183,201,139.030,139.760,100,true,
2184,201,139.760,148.400,120,true,
2185,201,148.400,153.670,100,true,
2186,201,153.670,159.190,110,true,
2187,201,159.190,161.690,100,true,
2188,201,161.690,162.350,90,true,
2189,201,162.350,175.200,110,true,
2190,201,175.200,189.510,120,false,120
2191,201,189.510,190.250,100,false,100
2192,201,190.250,193.620,90,false,90
2193,201,193.620,196.500,100,false,100
2194,201,196.500,202.000,90,false,90
2195,201,202.000,203.750,120,false,100
2196,201,203.750,205.733,80,false,80
2197,201,205.733,210.470,60,false,60
2198,202,-0.381,0.551,100,false,100
2199,202,0.551,1.000,70,false,60
2200,202,1.000,2.400,110,false,110
2201,202,2.400,18.200,120,false,120
2202,202,18.200,20.030,100,false,100
2203,202,20.030,21.200,60,false,60
2204,202,21.200,22.800,90,false,90
2205,202,22.800,29.540,120,false,120
2206,202,29.540,30.100,100,true,
2207,202,30.100,32.539,120,true,
2208,202,32.539,35.800,120,false,120
2209,202,35.800,35.900,80,false,120
2210,202,35.900,43.150,120,false,120
2211,202,43.150,49.000,120,false,120
2212,202,49.000,51.580,140,true,
2213,202,51.580,51.620,120,true,
2214,202,51.620,54.400,140,true,
2215,202,54.400,54.770,120,true,
2216,202,54.770,55.400,100,true,
2217,202,55.400,59.100,140,true,
2218,202,59.100,60.200,120,true,
2219,202,60.200,61.950,140,true,
2220,202,61.950,63.750,120,true,
2221,202,63.750,70.350,140,true,
2222,202,70.350,71.250,120,true,
2223,202,71.250,75.500,140,true,
2224,202,75.500,79.582,120,true,
2225,202,79.582,80.290,100,true,
2226,202,80.290,84.150,120,false,120
2227,202,84.150,121.968,120,false,0
2228,202,121.968,123.137,100,false,120
2229,202,123.137,130.000,120,false,0
2230,202,130.000,132.000,80,false,80
2231,202,132.000,157.000,120,false,120
2232,202,157.000,159.000,100,true,
2233,202,159.000,197.590,120,true,
2234,202,197.590,198.100,110,true,
2235,202,198.100,268.116,120,true,
2236,202,268.116,270.266,100,true,
2237,202,270.266,289.100,120,false,120
2238,202,289.100,289.240,120,false,120
2239,202,289.240,289.490,100,false,100
2240,202,289.490,298.000,120,false,120
2241,202,298.000,304.948,120,false,120
2242,202,304.948,306.930,100,false,100
2243,202,306.930,315.873,120,false,120
2244,202,315.873,317.833,100,false,100
2245,202,317.833,325.349,120,false,120
2246,202,325.349,327.334,100,false,100
2247,202,327.334,332.472,120,false,120
2248,202,332.472,334.226,100,false,100
2249,203,-0.437,2.100,80,false,80
2250,203,2.100,67.900,100,false,100
2251,203,67.900,83.391,120,false,120
2252,203,83.391,84.650,100,true,
2253,203,84.650,95.085,120,true,
2254,203,95.085,96.875,100,true,
2255,203,96.875,107.750,120,true,
2256,203,107.750,108.630,90,true,
2257,203,108.630,121.760,120,true,
2258,203,121.760,184.500,100,false,100
2259,203,184.500,187.200,60,false,100
2260,203,187.200,295.538,100,false,100
2261,203,295.538,297.802,120,false,120
2262,203,297.802,297.910,100,false,100
2263,203,297.910,339.000,120,false,120
2264,203,339.000,340.350,100,false,100
2265,203,340.350,340.720,60,false,60
2266,203,340.720,342.453,120,false,120
2267,204,0.170,0.334,80,false,80
2268,204,0.334,1.204,100,false,100
2269,204,1.204,10.430,120,false,120
2270,204,10.430,13.554,100,false,100
2271,204,13.554,15.770,120,false,120
2272,204,15.770,18.190,120,false,120
2273,204,18.190,19.430,100,false,100
2274,204,19.430,28.000,120,false,120
2275,204,28.000,28.230,100,false,80
2276,204,28.230,40.985,100,false,100
2277,204,40.985,83.377,90,false,100
2278,204,83.377,90.671,80,true,
2279,205,47.602,53.721,60,true,
2280,205,53.721,58.884,0,true,
2281,206,0.700,0.912,60,true,
2282,206,0.912,3.326,100,true,
2283,206,3.326,3.864,80,true,
2284,206,3.864,21.022,80,true,
2285,206,21.022,21.350,10,true,
2286,206,21.350,38.480,0,true,
2287,207,-0.206,1.200,70,true,
2288,207,1.200,1.642,110,true,
2289,207,1.642,18.211,120,true,
2290,207,18.211,18.756,110,true,
2291,207,18.756,18.900,80,true,
2292,207,18.900,19.170,80,true,
2293,207,19.170,20.170,80,true,
2294,207,20.170,23.060,90,true,
2295,207,23.060,32.997,100,true,
2296,207,32.997,33.142,80,true,
2297,207,33.142,34.040,80,true,
2298,207,34.040,41.112,100,true,
2299,207,41.112,44.079,80,true,
2300,207,44.079,47.562,90,true,
2301,207,47.562,48.126,80,true,
2302,207,48.126,51.140,90,true,
2303,207,51.140,55.799,100,true,
2304,207,55.799,56.200,80,true,
2305,207,56.200,56.910,80,true,
2306,207,56.910,58.030,50,true,
2307,207,58.030,59.220,70,true,
2308,207,59.220,59.379,100,true,
2309,207,59.379,67.811,120,true,
2310,207,67.811,71.309,100,true,
2311,207,71.309,75.200,120,true,
2312,207,75.200,76.400,110,true,
2313,207,76.400,80.186,120,true,
2314,207,80.186,82.210,110,true,
2315,207,82.210,85.468,120,true,
2316,207,85.468,87.134,100,true,
2317,207,87.134,92.747,120,true,
2318,207,92.747,94.828,110,true,
2319,207,94.828,96.070,120,true,
2320,207,96.070,96.203,100,true,
2321,207,96.203,100.626,120,true,
2322,207,100.626,102.814,110,true,
2323,207,102.814,111.504,120,true,
2324,207,111.504,115.017,110,true,
2325,207,115.017,129.977,120,true,
2326,207,129.977,130.695,110,true,
2327,207,130.695,131.443,120,true,
2328,207,131.443,131.803,110,true,
2329,207,131.803,132.591,120,true,
2330,207,132.591,133.023,60,true,
2331,207,133.023,133.465,40,true,
2332,208,-0.214,0.729,80,true,
2333,208,0.729,24.300,0,true,
2334,208,24.300,28.000,0,true,
2335,208,28.000,54.300,0,true,
2336,208,54.300,55.285,60,true,
2337,208,55.285,55.480,40,true,
2338,208,55.480,55.669,90,true,
2339,208,55.669,56.202,100,true,
2340,208,56.202,58.535,120,true,
2341,208,58.535,59.296,100,true,
2342,208,59.296,77.385,120,true,
2343,208,77.385,77.585,100,true,
2344,208,77.585,97.570,60,true,
2345,208,97.570,100.054,70,true,
2346,208,100.054,111.050,70,true,
2347,208,111.050,129.930,80,true,
2348,208,129.930,158.000,60,true,
2349,208,158.000,175.870,80,true,
2350,208,175.870,188.524,100,true,
2351,208,188.524,193.255,120,true,
2352,208,193.255,195.392,90,true,
2353,208,195.392,196.269,110,true,
2354,208,196.269,197.560,120,true,
2355,208,197.560,198.083,110,true,
2356,208,198.083,199.298,120,true,
2357,208,199.298,199.833,90,true,
2358,208,199.833,200.293,80,true,
2359,209,49.634,50.900,60,true,
2360,209,50.900,69.600,0,true,
2361,209,69.600,71.000,60,true,
2362,209,71.000,87.500,80,true,
2363,209,87.500,102.140,70,true,
2364,209,102.140,103.149,80,true,
2365,209,103.149,109.215,60,true,
2366,210,-0.672,0.976,80,false,80
2367,210,0.976,1.304,120,false,120
2368,210,1.304,5.720,120,false,120
2369,210,5.720,14.200,100,false,100
2370,210,14.200,14.400,70,false,70
2371,210,14.400,99.041,80,false,80
2372,210,99.041,112.999,120,false,80
2373,210,112.999,114.347,80,false,80
2374,210,114.347,130.037,120,false,80
2375,210,130.037,148.260,80,false,120
2376,210,148.260,148.850,60,false,60
2377,210,148.850,149.730,80,false,40
2378,211,0.672,0.730,50,true,
2379,211,0.730,1.602,80,true,
2380,211,1.602,2.846,120,true,
2381,211,2.846,3.625,110,true,
2382,211,3.625,41.443,120,true,
2383,211,41.443,41.916,100,true,
2384,211,41.916,42.749,120,true,
2385,211,42.749,43.033,100,true,
2386,211,43.033,45.473,120,true,
2387,211,45.473,46.760,100,true,
2388,211,46.760,47.739,120,true,
2389,211,47.739,48.130,100,true,
2390,211,48.130,49.654,120,true,
2391,211,49.654,50.845,100,true,
2392,211,50.845,51.673,120,true,
2393,211,51.673,52.608,100,true,
2394,211,52.608,70.345,80,true,
2395,212,-0.228,24.900,10,true,
2396,212,24.900,72.639,0,true,
2397,213,-0.749,1.750,70,true,
2398,213,1.750,7.200,100,true,
2399,213,7.200,8.650,70,true,
2400,213,8.650,8.840,80,true,
2401,213,8.840,9.385,90,true,
2402,213,9.385,16.145,100,true,
2403,213,16.145,16.615,60,true,
2404,213,16.615,17.365,70,true,
2405,213,17.365,26.770,90,true,
2406,213,26.770,27.010,70,true,
2407,213,27.010,27.580,80,true,
2408,213,27.580,40.590,100,true,
2409,213,40.590,40.980,60,true,
2410,213,40.980,47.600,100,true,
2411,213,47.600,48.750,60,true,
2412,213,48.750,61.741,100,true,
2413,213,61.741,62.078,80,true,
2414,214,-0.244,0.498,40,true,
2415,214,0.498,1.273,100,true,
2416,214,1.273,7.750,120,true,
2417,214,7.750,11.407,100,true,
2418,215,-0.627,17.456,100,true,
2419,215,17.456,17.660,60,true,
2420,215,17.660,18.300,120,true,
2421,215,18.300,43.000,100,true,
2422,215,43.000,43.485,90,true,
2423,215,43.485,44.223,60,true,
2424,215,44.223,44.585,60,true,
2425,215,44.585,47.840,100,true,
2426,215,47.840,55.250,80,true,
2427,215,55.250,78.594,60,true,
2428,216,-0.460,2.104,80,true,
2429,216,2.104,6.199,140,true,
2430,216,6.199,6.844,110,true,
2431,216,6.844,9.067,140,true,
2432,216,9.067,9.127,120,true,
2433,216,9.127,11.358,140,true,
2434,216,11.358,12.057,120,true,
2435,216,12.057,16.275,140,true,
2436,216,16.275,16.797,130,true,
2437,216,16.797,22.680,140,true,
2438,216,22.680,24.026,100,true,
2439,216,24.026,24.865,120,true,
2440,216,24.865,24.995,100,true,
2441,216,24.995,36.202,120,true,
2442,216,36.202,36.860,90,true,
2443,216,36.860,39.354,120,true,
2444,216,39.354,40.786,100,true,
2445,216,40.786,42.257,90,true,
2446,216,42.257,45.739,120,true,
2447,216,45.739,47.940,100,true,
2448,216,47.940,48.498,90,true,
2449,216,48.498,50.832,100,true,
2450,216,50.832,51.134,80,true,
2451,216,51.134,52.184,100,true,
2452,216,52.184,56.433,120,true,
2453,216,56.433,56.846,100,true,
2454,216,56.846,58.507,120,true,
2455,216,58.507,59.993,100,true,
2456,216,59.993,63.256,120,true,
2457,216,63.256,63.599,80,true,
2458,216,63.599,67.797,100,true,
2459,216,67.797,68.919,110,true,
2460,216,68.919,70.639,120,true,
2461,216,70.639,71.823,110,true,
2462,216,71.823,74.256,120,true,
2463,216,74.256,75.227,100,true,
2464,216,75.227,77.460,120,true,
2465,216,77.460,78.014,100,true,
2466,216,78.014,82.132,120,true,
2467,216,82.132,83.636,120,true,
2468,217,39.100,61.750,50,true,
2469,218,30.945,36.000,60,false,0
2470,218,36.000,41.200,70,false,0
2471,218,41.200,51.200,40,false,0
2472,218,51.200,53.774,70,false,0
2473,218,53.774,61.678,0,true,
2474,219,-0.425,1.965,60,true,
2475,219,1.965,6.804,100,true,
2476,219,6.804,7.112,80,true,
2477,219,7.112,9.637,100,true,
2478,219,9.637,11.001,70,true,
2479,219,11.001,13.017,80,true,
2480,219,13.017,18.944,100,true,
2481,219,18.944,23.305,80,true,
2482,219,23.305,25.840,100,true,
2483,219,25.840,26.875,70,true,
2484,219,26.875,28.819,100,true,
2485,219,28.819,29.985,80,true,
2486,219,29.985,31.700,100,true,
2487,219,31.700,32.190,80,true,
2488,219,32.190,35.042,100,true,
2489,219,35.042,36.117,80,true,
2490,219,36.117,40.435,100,true,
2491,219,40.435,41.510,80,true,
2492,219,41.510,44.317,100,true,
2493,219,44.317,45.400,80,true,
2494,219,45.400,69.510,120,true,
2495,219,69.510,69.980,100,true,
2496,219,69.980,77.922,120,true,
2497,219,77.922,78.307,110,true,
2498,219,78.307,84.342,120,true,
2499,219,84.342,86.693,100,true,
2500,219,86.693,87.719,90,true,
2501,219,87.719,98.142,120,true,
2502,219,98.142,99.372,90,true,
2503,219,99.372,102.998,120,true,
2504,219,102.998,104.573,80,true,
2505,219,104.573,109.756,120,true,
2506,219,109.756,109.935,100,true,
2507,219,109.935,111.094,120,true,
2508,219,111.094,111.879,110,true,
2509,219,111.879,114.571,90,true,
2510,219,114.571,114.734,70,true,
2511,219,114.734,118.367,100,true,
2512,219,118.367,119.431,70,true,
2513,219,119.431,121.388,120,true,
2514,219,121.388,123.089,80,true,
2515,219,123.089,125.328,120,true,
2516,219,125.328,127.888,90,true,
2517,219,127.888,129.372,120,true,
2518,219,129.372,132.143,80,true,
2519,219,132.143,133.867,70,true,
2520,219,133.867,138.015,100,true,
2521,219,138.015,138.444,90,true,
2522,219,138.444,142.722,120,true,
2523,219,142.722,142.844,100,true,
2524,219,142.844,146.969,120,true,
2525,219,146.969,147.892,80,true,
2526,219,147.892,150.145,90,true,
2527,219,150.145,150.882,70,true,
2528,219,150.882,152.417,90,true,
2529,219,152.417,155.260,80,true,
2530,219,155.260,157.053,40,true,
2531,220,-0.551,1.523,120,true,
2532,220,1.523,7.480,100,true,
2533,220,7.480,8.640,80,true,
2534,220,8.640,21.200,100,true,
2535,220,21.200,27.840,80,true,
2536,220,27.840,28.060,60,true,
2537,220,28.060,46.050,80,true,
2538,220,46.050,57.150,100,true,
2539,220,57.150,59.000,80,true,
2540,220,59.000,69.300,100,true,
2541,220,69.300,72.650,90,true,
2542,220,72.650,76.600,100,true,
2543,220,76.600,85.428,80,true,
2544,221,-0.314,-0.028,60,true,
2545,221,-0.028,8.353,100,true,
2546,221,8.353,9.132,90,true,
2547,221,9.132,9.715,100,true,
2548,221,9.715,10.251,90,true,
2549,221,10.251,11.811,100,true,
2550,221,11.811,12.913,90,true,
2551,221,12.913,23.262,100,true,
2552,221,23.262,23.715,90,true,
2553,221,23.715,87.200,70,true,
2554,221,87.200,87.761,40,true,
2555,223,0.211,0.333,40,true,
2556,223,0.333,9.361,70,true,
2557,223,9.361,85.096,0,true,
2558,223,85.096,86.032,80,true,
2559,223,86.032,121.723,80,true,
2560,225,0.668,0.760,40,true,
2561,225,0.760,41.795,0,true,
2562,225,41.795,43.288,40,true,
2563,226,-1.070,2.750,160,false,100
2564,226,2.750,7.327,100,false,100
2565,226,7.327,8.249,80,false,80
2566,226,8.249,11.152,100,false,100
2567,226,11.152,12.894,80,false,80
2568,226,12.894,14.325,60,false,60
2569,226,14.325,15.514,40,false,40
2570,227,0.671,0.990,60,true,
2571,227,0.990,2.117,100,true,
2572,227,2.117,6.134,70,true,
2573,228,-0.553,5.668,70,true,
2574,228,5.668,6.271,60,true,
2575,228,6.271,11.453,70,true,
2576,229,-0.302,0.777,60,true,
2577,229,0.777,24.413,0,true,
2578,229,24.413,24.556,60,true,
2579,229,24.556,25.353,80,true,
2580,229,25.353,28.371,90,true,
2581,229,28.371,34.262,80,true,
2582,229,34.262,35.117,100,true,
2583,229,35.117,35.857,80,true,
2584,229,35.857,40.733,100,true,
2585,229,40.733,41.969,80,true,
2586,229,41.969,42.253,100,true,
2587,229,42.253,42.383,40,true,
2588,229,42.383,100.427,0,true,
2589,229,100.427,133.919,60,true,
2590,230,-0.640,0.390,40,true,
2591,230,0.390,63.437,0,true,
2592,231,-0.060,12.400,20,true,
2593,234,9.653,9.718,100,true,
2594,234,9.718,12.357,100,true,
2595,234,12.357,17.176,100,true,
2596,234,17.176,18.925,100,true,
2597,234,18.925,19.927,90,true,
2598,235,1.805,8.147,0,true,
2599,235,8.147,8.800,20,true,
2600,235,8.800,10.058,80,true,
2601,236,77.008,78.583,40,true,
2602,236,78.583,95.320,0,true,
2603,236,95.320,96.880,60,true,
2604,236,96.880,116.200,30,true,
2605,236,116.200,119.300,60,true,
2606,236,119.300,135.300,30,true,
2607,236,135.300,135.975,20,true,
2608,236,135.975,136.278,0,true,
2609,237,0.404,1.077,20,true,
2610,237,1.077,11.400,40,true,
2611,238,63.694,75.017,0,true,
2612,238,75.017,76.072,40,true,
2613,240,1.680,2.700,30,true,
2614,240,2.700,3.200,20,true,
2615,240,3.200,4.523,40,true,
2616,240,4.523,6.500,80,true,
2617,240,6.500,8.356,40,true,
2618,241,-0.684,0.145,40,true,
2619,241,0.145,43.717,0,true,
2620,243,15.035,24.445,60,true,
2621,244,-0.911,0.290,40,true,
2622,244,0.290,11.315,0,true,
2623,245,0.063,0.133,40,true,
2624,245,0.133,0.272,50,true,
2625,245,0.272,7.015,120,true,
2626,246,-0.206,1.200,30,true,
2627,246,1.200,1.655,100,true,
2628,246,1.655,2.530,120,true,
2629,246,2.530,12.900,30,true,
2630,248,-0.368,1.103,80,false,80
2631,248,1.103,1.429,80,false,80
2632,248,1.429,2.710,80,false,80
2633,248,2.710,13.026,120,false,120
2634,248,13.026,14.242,100,false,100
2635,248,14.242,14.499,90,false,90
2636,248,14.499,17.985,120,false,120
2637,248,17.985,18.247,120,false,120
2638,249,0.555,0.758,70,true,
2639,249,0.758,1.983,100,true,
2640,249,1.983,5.001,80,true,
2641,250,-1.413,-1.102,70,false,70
2642,250,-1.102,-0.036,60,false,60
2643,250,-0.036,0.375,40,false,60
2644,250,0.375,0.600,70,false,70
2645,250,0.600,26.172,70,false,70
2646,250,26.172,27.256,70,false,70
2647,250,27.256,31.164,70,false,70
2648,250,31.164,31.445,70,false,70
2649,250,31.445,31.630,70,false,70
2650,250,31.630,32.490,120,false,120
2651,253,0.000,1.356,100,true,
2652,253,1.356,1.421,100,true,
2653,254,0.000,6.486,50,true,
2654,254,6.486,14.655,0,true,
2655,254,14.655,36.250,0,true,
2656,254,36.250,44.500,0,true,
2657,254,44.500,48.202,50,true,
2658,256,-0.231,0.839,60,true,
2659,256,0.839,25.303,0,true,
2660,259,1.130,1.570,80,true,
2661,259,1.570,2.513,30,true,
2662,259,2.513,33.202,0,true,
2663,260,-0.052,3.229,100,true,
2664,260,3.229,4.134,130,true,
2665,260,4.134,14.767,160,true,
2666,265,0.022,4.826,100,true,
2667,266,60.726,64.931,80,true,
2668,266,64.931,65.377,70,true,
2669,266,65.377,66.486,60,true,
2670,266,66.486,66.714,50,true,
2671,266,66.714,67.232,70,true,
2672,266,67.232,67.377,50,true,
2673,266,67.377,67.626,60,true,
2674,266,67.626,68.523,70,true,
2675,266,68.523,68.811,60,true,
2676,266,68.811,68.832,40,true,
2677,266,68.832,69.046,60,true,
2678,266,69.046,69.251,50,true,
2679,266,69.251,69.328,40,true,
2680,266,69.328,69.520,50,true,
2681,266,69.520,70.711,70,true,
2682,266,70.711,71.362,60,true,
2683,266,71.362,71.633,50,true,
2684,266,71.633,72.374,70,true,
2685,266,72.374,73.096,40,true,
2686,266,73.096,73.319,60,true,
2687,266,73.319,74.139,70,true,
2688,266,74.139,74.691,60,true,
2689,266,74.691,75.003,70,true,
2690,266,75.003,75.202,60,true,
2691,266,75.202,77.583,70,true,
2692,266,77.583,77.918,60,true,
2693,266,77.918,79.742,70,true,
2694,266,79.742,80.716,60,true,
2695,266,80.716,81.446,70,true,
2696,266,81.446,81.565,60,true,
2697,266,81.565,82.403,50,true,
2698,271,-0.458,0.600,60,false,60
2699,271,0.600,1.883,80,false,80
2700,271,1.883,2.000,90,false,80
2701,271,2.000,3.550,90,false,90
2702,271,3.550,4.100,100,false,100
2703,271,4.100,5.620,120,false,120
2704,271,5.620,26.300,160,false,160
2705,271,26.300,27.200,150,false,140
2706,271,27.200,94.700,160,false,160
2707,271,94.700,97.600,100,false,100
2708,271,97.600,146.215,160,false,160
2709,271,146.215,146.690,130,false,130
2710,271,146.690,161.200,160,false,160
2711,271,161.200,163.400,80,false,80
2712,271,163.400,163.748,60,false,60
2713,272,-0.343,1.400,60,false,60
2714,272,1.400,29.570,120,false,120
2715,272,29.570,30.000,80,false,100
2716,272,30.000,39.750,120,false,120
2717,272,39.750,40.900,100,false,100
2718,272,40.900,42.930,120,false,100
2719,272,42.930,43.750,60,false,100
2720,272,43.750,54.100,120,false,120
2721,272,54.100,57.450,100,false,80
2722,272,57.450,57.930,50,false,80
2723,272,57.930,58.100,100,false,100
2724,272,58.100,58.150,100,false,100
2725,272,58.150,58.890,100,false,100
2726,272,58.890,84.140,120,false,120
2727,272,84.140,87.522,100,false,100
2728,272,87.522,131.523,120,false,120
2729,272,131.523,133.800,100,false,100
2730,272,133.800,134.147,70,false,70
2731,272,134.147,195.510,120,false,120
2732,272,195.510,201.525,100,false,100
2733,273,2.151,2.650,60,false,80
2734,273,2.650,3.400,80,false,80
2735,273,3.400,7.250,100,false,100
2736,273,7.250,14.760,120,false,120
2737,273,14.760,26.295,120,false,120
2738,273,26.295,29.400,0,false,90
2739,273,29.400,31.770,100,false,90
2740,273,31.770,38.615,120,false,120
2741,273,38.615,41.266,100,false,100
2742,273,41.266,55.650,120,false,100
2743,273,55.650,55.675,100,false,100
2744,273,55.675,56.045,80,false,80
2745,273,56.045,56.223,70,false,80
2746,273,56.223,56.320,60,false,80
2747,273,56.320,65.900,100,false,100
2748,273,65.900,72.800,140,false,100
2749,273,72.800,74.500,120,false,100
2750,273,74.500,75.800,140,false,100
2751,273,75.800,76.440,120,false,100
2752,273,76.440,77.200,110,false,100
2753,273,77.200,78.509,70,false,70
2754,273,78.509,86.500,140,false,140
2755,273,86.500,97.030,120,false,120
2756,273,97.030,101.500,70,false,70
2757,273,101.500,106.950,120,false,120
2758,273,106.950,108.706,120,false,120
2759,273,108.706,116.000,120,false,120
2760,273,116.000,131.100,120,false,120
2761,273,131.100,153.214,120,false,120
2762,273,153.214,153.861,100,false,80
2763,273,153.861,153.933,80,false,80
2764,273,153.933,154.510,100,false,80
2765,273,154.510,154.814,90,false,80
2766,273,154.814,155.000,120,false,80
2767,273,155.000,163.900,120,false,120
2768,273,163.900,165.300,100,false,100
2769,273,165.300,166.500,80,false,80
2770,273,166.500,168.000,100,false,100
2771,273,168.000,228.900,120,false,120
2772,273,228.900,253.310,120,false,120
2773,273,253.310,254.200,110,false,110
2774,273,254.200,257.800,60,false,60
2775,273,257.800,285.000,120,false,120
2776,273,285.000,293.000,100,false,120
2777,273,293.000,301.165,120,false,120
2778,273,301.165,314.350,120,false,120
2779,273,314.350,317.450,100,false,120
2780,273,317.450,330.880,120,false,120
2781,273,330.880,341.910,100,false,120
2782,273,341.910,348.375,120,false,120
2783,273,348.375,348.985,90,false,90
2784,273,348.985,350.000,120,false,120
2785,273,350.000,354.535,110,false,110
2786,273,354.535,355.343,60,false,60
2787,273,355.343,355.819,40,false,40
2788,274,0.000,1.340,0,false,0
2789,274,1.340,1.563,10,false,10
2790,274,1.563,1.830,100,false,100
2791,274,1.830,10.230,140,false,140
2792,274,10.230,20.268,120,false,120
2793,274,20.268,21.296,110,false,130
2794,274,21.296,28.611,130,false,130
2795,274,28.611,36.500,120,false,100
2796,274,36.500,47.630,120,false,120
2797,274,47.630,49.450,60,false,80
2798,274,49.450,56.400,120,false,120
2799,274,56.400,56.790,80,false,80
2800,274,56.790,58.414,60,false,60
2801,274,58.414,59.155,60,false,60
2802,274,59.155,59.632,50,false,50
2803,274,59.632,61.097,60,false,50
2804,274,61.097,61.455,50,false,50
2805,274,61.455,62.000,40,false,50
2806,274,62.000,62.436,50,false,50
2807,274,62.436,63.782,60,false,80
2808,274,63.782,69.100,80,false,80
2809,274,69.100,70.208,60,false,60
2810,274,70.208,71.236,100,false,100
2811,274,71.236,72.055,80,false,80
2812,274,72.055,72.562,100,false,100
2813,274,72.562,74.110,80,false,90
2814,274,74.110,83.620,60,false,60
2815,274,83.620,84.600,70,false,70
2816,274,84.600,90.000,100,false,100
2817,274,90.000,92.600,80,false,80
2818,274,92.600,93.600,80,false,80
2819,274,93.600,95.200,80,false,80
2820,274,95.200,96.200,80,false,80
2821,274,96.200,98.300,80,false,80
2822,274,98.300,99.265,100,false,100
2823,274,99.265,103.553,120,false,120
2824,274,103.553,103.883,100,false,100
2825,274,103.883,104.415,120,false,120
2826,274,104.415,104.500,80,false,80
2827,274,104.500,114.260,80,false,90
2828,274,114.260,117.950,120,false,120
2829,274,117.950,118.785,120,false,120
2830,274,118.785,120.394,100,false,100
2831,274,120.394,121.098,80,false,90
2832,274,121.098,123.599,120,false,120
2833,274,123.599,126.319,70,false,70
2834,274,126.319,129.330,50,true,
2835,274,129.330,129.370,50,true,
2836,274,129.370,152.330,50,true,
2837,274,152.330,156.100,80,true,
2838,274,156.100,170.800,50,true,
2839,274,170.800,176.730,50,true,
2840,274,176.730,177.084,60,true,
2841,274,177.084,177.189,50,true,
2842,274,177.189,193.300,60,true,
2843,274,193.300,197.400,60,true,
2844,274,197.400,202.048,50,false,50
2845,274,202.048,202.455,80,false,80
2846,275,5.169,5.229,70,false,100
2847,275,5.229,5.330,70,false,100
2848,275,5.330,6.000,90,false,100
2849,275,6.000,6.300,160,false,100
2850,275,6.300,62.800,160,false,160
2851,275,62.800,63.240,90,false,120
2852,275,63.240,64.800,90,false,120
2853,275,64.800,65.960,60,false,60
2854,275,65.960,67.400,120,false,120
2855,275,67.400,74.068,160,false,160
2856,275,74.068,75.020,50,true,
2857,275,75.020,111.000,100,true,
2858,275,111.000,138.640,100,true,
2859,275,138.640,156.323,80,true,
2860,275,156.323,197.698,0,true,
2861,276,-0.208,0.720,80,true,
2862,276,0.720,2.126,100,true,
2863,276,2.126,2.514,90,true,
2864,276,2.514,2.780,100,false,120
2865,276,2.780,3.100,100,false,120
2866,276,3.100,5.665,120,false,120
2867,276,5.665,5.760,100,false,120
2868,276,5.760,26.450,120,false,120
2869,276,26.450,26.600,100,false,120
2870,276,26.600,36.060,120,false,120
2871,276,36.060,37.573,100,false,120
2872,276,37.573,57.850,120,true,
2873,276,57.850,58.100,100,true,
2874,276,58.100,62.050,120,true,
2875,276,62.050,62.150,100,true,
2876,276,62.150,66.690,120,true,
2877,276,66.690,66.800,110,true,
2878,276,66.800,70.700,120,true,
2879,276,70.700,72.575,100,false,100
2880,276,72.575,82.000,120,false,120
2881,276,82.000,83.910,100,false,100
2882,276,83.910,90.400,80,false,80
2883,276,90.400,92.600,120,false,100
2884,276,92.600,93.095,80,false,80
2885,276,93.095,93.400,40,false,40
2886,276,93.400,95.700,80,false,80
2887,276,95.700,100.960,120,false,100
2888,276,100.960,101.230,110,true,
2889,276,101.230,104.500,120,true,
2890,276,104.500,105.000,80,true,
2891,276,105.000,109.100,120,true,
2892,276,109.100,110.250,100,true,
2893,276,110.250,110.650,90,true,
2894,276,110.650,111.540,100,true,
2895,276,111.540,113.000,90,true,
2896,276,113.000,115.700,120,true,
2897,276,115.700,117.950,100,true,
2898,276,117.950,120.050,90,true,
2899,276,120.050,121.050,120,true,
2900,276,121.050,121.900,100,true,
2901,276,121.900,125.740,120,true,
2902,276,125.740,126.320,100,true,
2903,276,126.320,128.750,120,true,
2904,276,128.750,130.500,80,true,
2905,276,130.500,135.100,100,true,
2906,276,135.100,136.064,80,true,
2907,277,-1.259,0.554,60,false,60
2908,277,0.554,1.800,80,false,80
2909,277,1.800,3.710,90,false,90
2910,277,3.710,4.900,120,false,120
2911,277,4.900,6.000,20,false,20
2912,277,6.000,7.400,100,false,100
2913,277,7.400,10.700,120,false,120
2914,277,10.700,12.920,100,false,100
2915,277,12.920,15.450,120,false,120
2916,277,15.450,19.500,30,false,60
2917,277,19.500,21.650,50,false,60
2918,277,21.650,35.470,40,false,60
2919,277,35.470,53.000,70,false,60
2920,277,53.000,67.794,90,false,20
2921,277,67.794,67.800,120,false,90
2922,277,67.800,75.340,120,false,120
2923,277,75.340,75.344,120,false,120
2924,277,75.344,77.044,90,false,120
2925,277,77.044,77.050,110,true,
2926,277,77.050,77.775,110,true,
2927,277,77.775,77.780,120,true,
2928,277,77.780,84.230,120,true,
2929,277,84.230,84.233,120,true,
2930,277,84.233,84.753,80,true,
2931,277,84.753,84.760,110,true,
2932,277,84.760,85.576,110,true,
2933,278,0.549,2.000,120,false,120
2934,278,2.000,12.500,160,false,160
2935,278,12.500,14.600,110,false,110
2936,278,14.600,24.100,160,false,160
2937,278,24.100,25.050,120,false,120
2938,278,25.050,26.150,90,false,90
2939,278,26.150,27.130,60,false,60
2940,279,-1.061,-0.623,40,true,
2941,279,-0.623,4.300,80,true,
2942,279,4.300,12.600,50,true,
2943,279,12.600,15.640,120,true,
2944,279,15.640,17.780,90,true,
2945,279,17.780,20.300,120,true,
2946,279,20.300,21.060,100,true,
2947,280,-0.781,4.138,60,false,60
2948,280,4.138,4.482,50,false,50
2949,281,-0.355,2.600,60,true,
2950,281,2.600,3.800,80,true,
2951,281,3.800,7.970,120,false,120
2952,281,7.970,8.370,100,false,120
2953,281,8.370,41.035,120,false,120
2954,281,41.035,41.506,100,true,
2955,281,41.506,42.965,120,true,
2956,281,42.965,43.100,100,true,
2957,281,43.100,63.553,120,true,
2958,281,63.553,63.890,40,true,
2959,281,63.890,64.932,60,true,
2960,281,64.932,80.946,140,true,
2961,281,80.946,83.934,120,true,
2962,281,83.934,92.592,140,true,
2963,281,92.592,92.965,80,true,
2964,281,92.965,93.396,90,true,
2965,281,93.396,95.246,90,false,80
2966,281,95.246,129.800,120,false,60
2967,281,129.800,135.140,60,false,120
2968,281,135.140,136.600,80,false,80
2969,281,136.600,159.600,120,false,100
2970,281,159.600,160.990,60,false,60
2971,281,160.990,161.379,40,false,40
2972,281,161.379,164.369,60,true,
2973,281,164.369,212.319,40,true,
2974,281,212.319,215.984,20,true,
2975,281,215.984,217.103,80,true,
2976,281,217.103,223.203,80,true,
2977,281,223.203,234.578,80,true,
2978,281,234.578,265.306,20,true,
2979,281,265.306,269.347,80,true,
2980,281,269.347,269.388,80,true,
2981,281,269.388,270.379,80,true,
2982,281,270.379,297.900,20,true,
2983,281,297.900,311.032,60,true,
2984,282,-0.508,1.000,120,false,120
2985,282,1.000,7.500,160,false,160
2986,282,7.500,9.965,120,false,120
2987,282,9.965,35.040,160,false,160
2988,282,35.040,36.687,120,false,120
2989,282,36.687,60.530,160,false,160
2990,282,60.530,62.156,80,false,80
2991,282,62.156,63.430,80,true,
2992,282,63.430,74.950,50,true,
2993,282,74.950,75.936,100,true,
2994,282,75.936,82.000,50,true,
2995,282,82.000,103.622,60,true,
2996,283,0.104,0.330,40,true,
2997,283,0.330,2.140,0,true,
2998,283,2.140,33.316,0,true,
2999,283,33.316,36.300,0,true,
3000,283,36.300,40.300,70,true,
3001,283,40.300,41.423,20,true,
3002,283,41.423,59.000,60,true,
3003,283,59.000,61.100,40,true,
3004,283,61.100,71.825,20,true,
3005,283,71.825,103.849,80,true,
3006,283,103.530,103.849,80,true,
3013,283,103.849,105.286,40,true,
3014,284,-0.403,0.422,20,true,
3015,284,0.422,6.800,50,true,
3016,284,6.800,7.800,20,true,
3017,284,7.800,20.570,40,true,
3018,284,20.570,24.384,20,true,
3019,285,-0.108,3.490,80,true,
3020,285,3.490,4.200,90,true,
3021,285,4.200,4.400,80,true,
3022,285,4.400,4.570,80,true,
3023,285,4.570,4.890,80,true,
3024,285,4.890,10.000,120,true,
3025,285,10.000,10.340,70,true,
3026,285,10.340,14.330,120,true,
3027,285,14.330,14.530,100,true,
3028,285,14.530,15.330,120,true,
3029,285,15.330,15.670,110,true,
3030,285,15.670,20.440,120,true,
3031,285,20.440,21.200,80,true,
3032,285,21.200,24.250,120,true,
3033,285,24.250,24.460,100,true,
3034,285,24.460,27.850,120,true,
3035,285,27.850,28.080,100,true,
3036,285,28.080,29.710,120,true,
3037,285,29.710,29.940,100,true,
3038,285,29.940,30.890,120,true,
3039,285,30.890,31.170,100,true,
3040,285,31.170,32.090,120,true,
3041,285,32.090,32.230,100,true,
3042,285,32.230,33.350,120,true,
3043,285,33.350,33.790,100,true,
3044,285,33.790,36.700,120,true,
3045,285,36.700,37.480,70,true,
3046,285,37.480,38.040,80,true,
3047,285,38.040,38.710,120,true,
3048,285,38.710,38.840,90,true,
3049,285,38.840,39.950,120,true,
3050,285,39.950,40.990,70,true,
3051,285,40.990,42.530,120,true,
3052,285,42.530,42.710,80,true,
3053,285,42.710,42.750,80,true,
3054,285,42.750,43.830,120,true,
3055,285,43.830,44.070,90,true,
3056,285,44.070,45.110,120,true,
3057,285,45.110,45.260,100,true,
3058,285,45.260,47.085,120,true,
3059,285,47.085,47.090,100,true,
3060,285,47.090,47.310,100,true,
3061,285,47.310,48.880,120,true,
3062,285,48.880,49.080,100,true,
3063,285,49.080,49.970,120,true,
3064,285,49.970,50.830,110,true,
3065,285,50.830,52.690,120,true,
3066,285,52.690,53.050,100,true,
3067,285,53.050,53.780,70,true,
3068,285,53.780,54.270,60,true,
3069,285,54.270,55.500,100,true,
3070,285,55.500,56.790,120,true,
3071,285,56.790,57.060,90,true,
3072,285,57.060,58.340,100,true,
3073,285,58.340,59.766,70,true,
3074,285,59.766,60.111,50,true,
3075,286,-0.568,14.450,40,false,100
3076,286,14.450,23.600,80,false,80
3077,286,23.600,29.040,80,false,80
3078,286,29.040,29.205,60,false,60
3079,286,29.205,44.811,80,false,80
3080,286,44.811,51.432,60,true,
3081,287,0.353,0.960,70,true,
3082,287,0.960,5.335,100,true,
3083,287,5.335,6.700,90,true,
3084,287,6.700,7.660,70,true,
3085,287,7.660,11.890,120,true,
3086,287,11.890,14.683,120,true,
3087,287,14.683,15.973,60,true,
3088,287,15.973,17.000,100,true,
3089,287,17.000,25.720,120,true,
3090,287,25.720,25.726,90,true,
3091,287,25.726,25.940,90,true,
3092,287,25.940,28.800,100,true,
3093,287,28.800,28.900,80,true,
3094,287,28.900,30.930,100,true,
3095,287,30.930,35.065,120,true,
3096,287,35.065,35.390,80,true,
3097,287,35.390,37.207,100,true,
3098,287,37.207,37.970,90,true,
3099,287,37.970,39.450,100,true,
3100,287,39.450,39.800,80,true,
3101,287,39.800,40.630,100,true,
3102,287,40.630,40.790,80,true,
3103,287,40.790,41.820,100,true,
3104,287,41.820,42.020,90,true,
3105,287,42.020,45.850,100,true,
3106,287,45.850,45.930,70,true,
3107,287,45.930,47.270,100,true,
3108,287,47.270,47.900,70,true,
3109,287,47.900,49.094,50,true,
3110,288,0.236,15.300,70,true,
3111,288,15.300,15.400,50,true,
3112,288,15.400,21.500,70,true,
3113,288,21.500,22.000,60,true,
3114,288,22.000,36.350,60,true,
3115,288,36.350,47.631,70,true,
3116,289,0.197,3.583,100,true,
3117,289,3.583,32.200,120,true,
3118,289,32.200,36.223,140,true,
3119,289,36.223,36.373,130,true,
3120,289,36.373,37.500,140,true,
3121,289,37.500,39.066,120,true,
3122,290,0.291,0.968,0,true,
3123,290,0.968,3.463,50,true,
3124,290,3.463,3.671,40,true,
3125,290,3.671,4.500,50,true,
3126,290,4.500,14.437,50,true,
3127,290,14.437,24.746,70,true,
3128,291,17.433,32.563,70,true,
3129,292,0.403,0.841,70,true,
3130,292,0.841,4.547,100,true,
3131,292,4.547,5.201,90,true,
3132,292,5.201,10.783,100,true,
3133,292,10.783,11.260,80,true,
3134,292,11.260,15.301,100,true,
3135,292,15.301,15.824,60,true,
3136,292,15.824,17.508,70,true,
3137,292,17.508,19.544,100,true,
3138,292,19.544,19.829,80,true,
3139,292,19.829,20.375,100,true,
3140,292,20.375,20.499,100,true,
3141,292,20.499,21.447,100,true,
3142,292,21.447,29.145,40,true,
3143,293,0.128,13.430,60,true,
3144,293,13.430,15.050,60,true,
3145,293,15.050,17.400,60,true,
3146,293,17.400,21.470,60,true,
3147,293,21.470,23.300,60,true,
3148,293,23.300,23.908,50,true,
3149,293,23.908,25.366,30,true,
3150,294,-0.344,15.065,0,true,
3151,294,15.065,15.900,20,true,
3152,295,0.593,7.450,160,false,160
3153,295,7.450,7.850,150,false,150
3154,295,7.850,13.424,160,false,160
3155,296,0.000,11.290,40,false,0
3156,296,11.290,12.589,30,false,40
3157,297,-0.220,5.700,60,true,
3158,297,5.700,6.961,30,true,
3159,297,6.961,7.670,30,true,
3160,297,7.670,8.672,0,true,
3161,298,-0.306,5.860,60,false,60
3162,299,0.306,9.630,60,true,
3163,299,9.630,9.750,40,true,
3164,299,9.750,12.794,60,true,
3165,300,0.450,1.431,20,true,
3166,300,1.431,2.173,40,true,
3167,300,2.173,5.078,40,true,
3168,301,0.057,3.000,100,true,
3169,301,3.000,3.800,80,true,
3170,301,3.800,5.600,60,true,
3171,301,5.600,6.500,50,true,
3172,301,6.500,12.305,50,true,
3173,301,12.305,19.100,40,true,
3174,301,19.100,19.875,40,true,
3175,301,19.875,30.240,20,true,
3176,301,30.240,49.900,0,true,
3177,301,49.900,60.712,40,true,
3178,302,-1.010,0.250,40,true,
3179,302,0.250,33.150,0,true,
3180,302,33.150,35.530,60,true,
3181,302,35.530,36.500,40,true,
3182,302,36.500,41.600,20,true,
3183,303,-1.234,0.400,40,true,
3184,303,0.400,5.840,80,true,
3185,303,5.840,6.375,60,true,
3186,303,6.375,6.900,80,true,
3187,303,6.900,7.224,80,true,
3188,303,7.224,9.402,100,true,
3189,303,9.402,9.603,80,true,
3190,303,9.603,10.475,100,true,
3191,304,0.147,1.335,40,true,
3192,304,1.335,7.000,0,true,
3193,306,5.659,41.955,40,true,
3194,308,1.780,30.060,0,true,
3195,308,30.060,30.517,40,true,
3196,308,30.517,30.755,60,true,
3197,308,30.755,33.387,70,true,
3198,308,33.387,35.454,60,true,
3199,308,35.454,37.712,80,true,
3200,308,37.712,37.858,70,true,
3201,308,37.858,39.924,80,true,
3202,308,39.924,39.986,0,true,
3203,309,0.000,0.200,70,true,
3204,309,0.200,1.350,80,true,
3205,309,1.350,2.050,90,true,
3206,309,2.050,2.950,80,true,
3207,309,2.950,3.200,60,true,
3208,309,3.200,6.700,120,true,
3209,309,6.700,6.850,110,true,
3210,309,6.850,7.800,120,true,
3211,309,7.800,8.450,100,true,
3212,309,8.450,10.050,80,true,
3213,309,10.050,10.750,60,true,
3214,309,10.750,11.350,70,true,
3215,309,11.350,12.700,60,true,
3216,309,12.700,13.200,55,true,
3217,309,13.200,13.800,70,true,
3218,309,13.800,14.250,60,true,
3219,309,14.250,21.638,50,true,
3220,309,21.638,22.350,60,true,
3221,309,22.350,22.470,40,true,
3222,309,22.470,22.480,60,true,
3223,309,22.480,23.710,60,true,
3224,309,23.710,24.970,70,true,
3225,309,24.970,25.100,60,true,
3226,309,25.100,26.040,70,true,
3227,309,26.040,27.780,60,true,
3228,309,27.780,29.235,60,true,
3229,309,29.235,35.575,50,true,
3230,309,35.575,35.855,60,true,
3231,309,35.855,36.400,80,true,
3232,309,36.400,36.840,50,true,
3233,309,36.840,38.300,70,true,
3234,309,38.300,38.750,80,true,
3235,309,38.750,40.126,60,true,
3236,311,-3.124,9.597,50,true,
3237,311,9.597,13.700,70,true,
3238,311,13.700,14.360,40,true,
3239,311,14.360,15.700,50,true,
3240,311,15.700,19.250,70,true,
3241,311,19.250,20.200,40,true,
3242,311,20.200,23.150,50,true,
3243,311,23.150,24.360,40,true,
3244,311,24.360,29.844,50,true,
3245,311,29.844,43.138,50,true,
3246,312,33.430,34.300,20,true,
3247,312,34.300,36.520,40,true,
3248,312,36.520,37.144,20,true,
3249,316,20.756,21.476,40,true,
3250,316,21.476,21.500,40,true,
3251,316,21.500,21.832,60,true,
3252,316,21.832,22.300,60,true,
3253,316,22.300,24.270,80,true,
3254,316,24.270,24.440,70,true,
3255,316,24.440,26.336,80,true,
3256,316,26.336,26.910,70,true,
3257,316,26.910,27.900,80,true,
3258,316,27.900,27.980,80,true,
3259,316,27.980,29.691,40,true,
3260,317,-0.262,0.668,40,true,
3261,317,0.668,1.800,80,true,
3262,317,1.800,2.014,70,true,
3263,317,2.014,4.602,80,true,
3264,317,4.602,4.978,70,true,
3265,317,4.978,5.456,80,true,
3266,317,5.456,5.645,70,true,
3267,317,5.645,5.950,80,true,
3268,317,5.950,7.281,60,true,
3269,317,7.281,13.990,80,true,
3270,317,13.990,14.871,60,true,
3271,317,14.871,15.083,70,true,
3272,317,15.083,16.166,80,true,
3273,317,16.166,16.544,40,true,
3274,322,-2.755,-0.150,60,true,
3275,322,-0.150,9.330,20,true,
3276,322,9.330,9.700,0,true,
3277,322,9.700,24.622,0,true,
3278,324,0.000,0.689,80,true,
3279,325,-0.154,0.805,30,true,
3280,325,0.805,23.093,0,true,
3281,326,-0.628,1.260,40,true,
3282,326,1.260,10.330,70,true,
3283,326,10.330,13.130,70,true,
3284,326,13.130,14.840,70,true,
3285,326,14.840,19.903,50,true,
3286,327,-0.431,5.420,20,true,
3287,329,-0.417,0.482,50,true,
3288,329,0.482,14.660,0,true,
3289,333,-0.339,-0.190,80,true,
3290,333,-0.190,0.900,90,true,
3291,333,0.900,1.750,100,true,
3292,333,1.750,11.225,120,true,
3293,337,-0.284,0.768,40,true,
3294,337,0.768,9.575,20,true,
3295,337,9.575,10.871,40,true,
3296,341,0.000,5.106,80,true,
3297,341,5.106,5.118,40,true,
3298,341,5.118,6.493,40,true,
3299,342,-0.557,-0.035,10,true,
3300,342,-0.035,6.525,0,true,
3301,343,-0.416,5.650,40,true,
3302,344,0.076,4.000,70,true,
3303,344,4.000,4.918,30,true,
3304,346,21.769,24.350,100,true,
3305,346,24.350,24.528,50,true,
3306,348,-0.010,0.200,70,true,
3307,349,-1.467,0.008,40,true,
3308,349,0.008,1.450,60,false,60
3309,349,1.450,14.400,40,false,40
3310,349,14.400,19.614,60,false,60
3311,351,-0.707,1.000,70,false,70
3312,351,1.000,2.100,80,false,80
3313,351,2.100,3.200,100,false,100
3314,351,3.200,11.100,160,false,160
3315,351,11.100,12.700,140,false,140
3316,351,12.700,13.400,150,false,150
3317,351,13.400,15.300,160,false,160
3318,351,15.300,16.200,150,false,150
3319,351,16.200,51.800,160,false,160
3320,351,51.800,52.260,140,false,140
3321,351,52.260,78.770,160,false,160
3322,351,78.770,79.290,150,false,150
3323,351,79.290,81.400,160,false,160
3324,351,81.400,82.400,140,false,140
3325,351,82.400,84.904,100,false,100
3326,351,84.904,87.380,120,false,120
3327,351,87.380,88.000,100,false,100
3328,351,88.000,94.060,160,false,160
3329,351,94.060,95.757,150,false,150
3330,351,95.757,104.363,160,false,160
3331,351,104.363,105.820,150,false,150
3332,351,105.820,107.380,150,false,150
3333,351,107.380,138.210,160,false,160
3334,351,138.210,139.270,100,false,100
3335,351,139.270,140.250,120,false,120
3336,351,140.250,171.110,160,false,160
3337,351,171.110,172.070,150,false,150
3338,351,172.070,172.340,130,false,130
3339,351,172.340,172.870,130,false,130
3340,351,172.870,175.390,120,false,120
3341,351,175.390,185.860,160,false,160
3342,351,185.860,195.420,160,false,160
3343,351,195.420,197.800,120,false,120
3344,351,197.800,204.090,100,false,100
3345,351,204.090,204.400,90,false,90
3346,351,204.400,207.600,120,false,120
3347,351,207.600,212.280,100,false,100
3348,351,212.280,212.470,80,false,80
3349,351,212.470,213.585,100,false,100
3350,352,0.702,3.707,100,false,100
3351,352,3.707,5.600,60,false,60
3352,352,5.600,6.490,100,false,60
3353,352,6.490,6.890,60,false,60
3354,352,6.890,9.600,100,false,100
3355,352,9.600,11.798,80,false,100
3356,353,-0.745,0.400,100,false,100
3357,353,0.400,7.200,160,false,160
3358,353,7.200,8.800,140,false,130
3359,353,8.800,20.700,160,false,160
3360,353,20.700,22.300,130,false,130
3361,353,22.300,43.900,160,false,160
3362,353,43.900,45.900,100,false,100
3363,353,45.900,47.400,120,false,120
3364,353,47.400,56.202,160,false,160
3365,353,56.202,57.042,150,false,150
3366,353,57.042,72.878,160,false,160
3367,353,72.878,74.718,120,false,120
3368,353,74.718,88.400,150,false,150
3369,353,88.400,91.200,120,false,120
3370,353,91.200,97.400,150,false,150
3371,353,97.400,99.038,120,false,120
3372,353,99.038,99.650,100,false,100
3373,353,99.650,100.935,90,false,90
3374,353,100.935,101.403,120,false,120
3375,353,101.403,134.259,120,false,120
3376,353,134.259,135.575,60,false,60
3377,353,135.575,137.800,40,false,40
3378,353,137.800,140.045,60,false,60
3379,353,140.045,193.361,120,false,120
3380,353,193.361,194.898,100,false,70
3381,353,194.898,221.779,120,false,120
3382,353,221.779,222.466,100,false,100
3383,353,222.466,228.450,120,false,120
3384,353,228.450,228.580,60,false,90
3385,353,228.580,229.700,120,false,120
3386,353,229.700,230.400,60,false,120
3387,353,230.400,257.690,120,false,120
3388,353,257.690,259.892,100,false,100
3389,353,259.892,300.798,120,false,120
3390,353,300.798,364.566,100,false,100
3391,353,364.566,365.618,80,false,100
3392,353,365.618,366.187,120,false,100
3393,353,366.187,380.595,80,false,100
3394,353,380.595,389.065,60,true,
3395,354,-0.237,79.450,120,false,120
3396,354,79.450,81.400,110,true,
3397,354,81.400,85.565,120,false,120
3398,354,85.565,85.920,110,false,110
3399,354,85.920,92.788,120,false,120
3400,355,-1.180,0.600,100,true,
3401,355,0.600,0.980,60,true,
3402,355,0.980,1.300,80,true,
3403,355,1.300,12.220,120,true,
3404,355,12.220,12.745,100,true,
3405,355,12.745,12.950,90,true,
3406,355,12.950,14.800,100,true,
3407,355,14.800,28.000,120,true,
3408,355,28.000,32.200,100,true,
3409,355,32.200,33.500,90,true,
3410,355,33.500,47.200,100,true,
3411,355,47.200,53.579,80,true,
3412,356,-0.802,1.300,50,true,
3413,356,1.300,1.600,60,true,
3414,356,1.600,8.240,120,true,
3415,356,8.240,10.070,100,true,
3416,356,10.070,14.210,120,true,
3417,356,14.210,14.685,90,true,
3418,356,14.685,15.880,120,true,
3419,356,15.880,16.250,100,true,
3420,356,16.250,16.660,90,true,
3421,356,16.660,29.290,120,true,
3422,356,29.290,29.775,80,true,
3423,356,29.775,32.470,120,true,
3424,356,32.470,32.608,110,true,
3425,356,32.608,33.750,120,true,
3426,356,33.750,34.410,100,true,
3427,356,34.410,34.600,80,true,
3428,356,34.600,36.690,120,true,
3429,356,36.690,36.910,80,true,
3430,356,36.910,39.000,120,true,
3431,356,39.000,39.610,110,true,
3432,356,39.610,42.960,120,true,
3433,356,42.960,43.560,110,true,
3434,356,43.560,48.900,120,true,
3435,356,48.900,49.240,110,true,
3436,356,49.240,50.090,120,true,
3437,356,50.090,50.780,70,true,
3438,356,50.780,52.350,90,true,
3439,356,52.350,71.633,50,true,
3440,356,71.633,78.394,0,true,
3441,356,78.394,86.125,120,true,
3442,356,86.125,102.783,0,true,
3443,356,102.783,127.954,20,true,
3444,357,34.045,39.460,40,true,
3445,357,39.460,39.600,80,true,
3446,357,39.600,40.460,120,true,
3447,357,40.460,41.291,100,true,
3448,357,41.291,42.384,110,true,
3449,357,42.384,47.054,120,true,
3450,357,47.054,47.196,90,true,
3451,357,47.196,53.162,120,true,
3452,357,53.162,53.868,80,true,
3453,357,53.868,56.410,120,true,
3454,357,56.410,67.300,100,true,
3455,357,67.300,68.600,40,true,
3456,357,68.600,69.900,90,true,
3457,357,69.900,80.253,110,true,
3458,357,80.253,81.360,100,true,
3459,357,81.360,94.900,110,true,
3460,357,94.900,96.600,70,true,
3461,357,96.600,102.500,110,true,
3462,357,102.500,104.850,100,true,
3463,357,104.850,107.400,110,true,
3464,357,107.400,108.200,100,true,
3465,357,108.200,109.200,110,true,
3466,357,109.200,111.588,80,true,
3467,358,-0.477,0.873,90,true,
3468,358,0.873,6.157,120,true,
3469,358,6.157,13.402,120,true,
3470,358,13.402,14.024,120,true,
3471,358,14.024,43.197,120,true,
3472,358,43.197,44.817,100,true,
3473,358,44.817,47.714,100,true,
3474,358,47.714,55.657,120,true,
3475,358,55.657,58.373,100,true,
3476,358,58.373,64.454,120,true,
3477,358,64.454,67.770,100,true,
3478,358,67.770,75.166,120,true,
3479,358,75.166,77.838,100,true,
3480,358,77.838,93.173,120,true,
3481,358,93.173,94.257,100,true,
3482,359,-0.414,17.300,70,true,
3483,359,17.300,33.500,80,true,
3484,359,33.500,69.654,70,true,
3485,360,0.203,0.575,40,true,
3486,360,0.575,35.680,0,true,
3487,360,35.680,59.468,40,true,
3488,362,0.665,35.650,0,true,
3489,363,62.682,71.090,0,true,
3490,363,71.090,92.984,60,true,
3491,364,-0.113,27.600,60,true,
3492,364,27.600,30.500,60,true,
3493,364,30.500,34.400,60,true,
3494,364,34.400,47.890,60,true,
3495,364,47.890,51.965,60,true,
3496,364,51.965,90.605,0,true,
3497,367,-0.367,9.600,80,true,
3498,367,9.600,28.000,90,true,
3499,367,28.000,29.610,80,true,
3500,367,29.610,30.250,50,true,
3501,367,30.250,48.580,80,true,
3502,367,48.580,49.226,40,true,
3503,367,49.226,52.904,90,true,
3504,367,52.904,53.179,90,true,
3505,367,53.179,59.100,90,true,
3506,367,59.100,59.420,90,true,
3507,367,59.420,61.000,90,true,
3508,367,61.000,61.220,60,true,
3509,367,61.220,62.665,90,true,
3510,367,62.665,63.018,90,true,
3511,367,63.018,73.000,90,true,
3512,367,73.000,73.635,50,true,
3513,367,73.635,75.497,90,true,
3514,368,-0.720,0.773,60,true,
3515,368,0.773,56.592,0,true,
3516,370,-0.174,0.900,70,true,
3517,370,0.900,0.960,50,true,
3518,370,0.960,1.000,70,true,
3519,370,1.000,19.200,60,true,
3520,370,19.200,22.600,70,true,
3521,370,22.600,27.000,60,true,
3522,370,27.000,30.362,60,true,
3523,370,30.362,31.713,100,true,
3524,370,31.713,35.309,120,true,
3525,370,35.309,35.646,100,true,
3526,370,35.646,38.082,120,true,
3527,370,38.082,38.454,110,true,
3528,370,38.454,38.926,120,true,
3529,370,38.926,39.575,90,true,
3530,370,39.575,39.935,60,true,
3531,370,39.935,40.730,60,true,
3532,370,40.730,41.254,120,true,
3533,370,41.254,41.535,80,true,
3534,370,41.535,44.786,120,true,
3535,370,44.786,45.468,100,true,
3536,370,45.468,45.853,80,true,
3537,370,45.853,51.472,120,true,
3538,370,51.472,51.963,90,true,
3539,370,51.963,52.393,70,true,
3540,370,52.393,53.369,90,true,
3541,370,53.369,53.669,120,true,
3542,370,53.669,53.710,40,true,
3543,374,28.756,43.311,40,true,
3544,375,-0.416,6.920,60,true,
3545,375,6.920,7.150,30,true,
3546,375,7.150,8.200,60,true,
3547,375,8.200,42.518,0,true,
3548,377,-0.513,0.300,20,true,
3549,377,0.300,39.589,60,true,
3550,379,27.530,31.869,0,true,
3551,379,31.869,33.309,40,true,
3552,380,-0.552,1.350,40,true,
3553,380,1.350,23.500,60,true,
3554,380,23.500,32.937,0,true,
3555,382,109.450,113.305,10,true,
3556,389,0.087,11.738,60,true,
3557,390,-0.293,0.490,20,true,
3558,390,0.490,6.255,60,true,
3559,390,6.255,7.303,20,true,
3560,394,-0.005,10.850,60,false,80
3561,394,10.850,12.050,50,false,80
3562,394,12.050,15.979,100,false,80
3563,395,-0.019,6.200,90,false,90
3564,395,6.200,7.200,60,false,60
3565,395,7.200,19.960,90,false,90
3566,395,19.960,21.024,60,true,
3567,401,0.545,1.950,80,false,80
3568,401,1.950,6.228,120,false,120
3569,401,6.228,9.870,120,false,120
3570,401,9.870,11.433,130,false,130
3571,401,11.433,22.040,130,false,130
3572,401,22.040,22.200,100,false,100
3573,401,22.200,22.470,60,false,60
3574,401,22.470,23.630,100,false,100
3575,401,23.630,28.960,130,false,120
3576,401,28.960,30.060,100,false,120
3577,401,30.060,53.320,120,false,120
3578,401,53.320,54.140,100,false,100
3579,401,54.140,79.050,120,false,120
3580,401,79.050,89.500,80,false,80
3581,401,89.500,94.489,120,false,120
3582,401,94.489,94.623,120,false,120
3583,401,94.623,97.792,130,false,130
3584,401,97.792,98.400,110,false,110
3585,401,98.400,98.950,100,false,100
3586,401,98.950,100.080,40,false,40
3587,402,-0.411,0.520,80,true,
3588,402,0.520,0.870,60,true,
3589,402,0.870,42.540,80,true,
3590,402,42.540,42.608,120,true,
3591,402,42.608,44.400,40,true,
3592,402,44.400,53.140,100,true,
3593,402,53.140,53.800,70,true,
3594,402,53.800,61.670,100,true,
3595,402,61.670,62.547,110,true,
3596,402,62.547,63.045,100,true,
3597,402,63.045,64.640,120,true,
3598,402,64.640,66.270,100,true,
3599,402,66.270,66.705,50,true,
3600,402,66.705,66.920,100,true,
3601,402,66.920,67.283,50,true,
3602,402,67.283,68.550,100,true,
3603,402,68.550,69.430,100,true,
3604,402,69.430,71.350,100,true,
3605,402,71.350,73.500,100,true,
3606,402,73.500,74.460,90,true,
3607,402,74.460,78.800,100,true,
3608,402,78.800,79.250,80,true,
3609,402,79.250,85.791,100,true,
3610,402,85.791,86.380,80,true,
3611,402,86.380,86.620,50,true,
3612,402,86.620,91.800,100,true,
3613,402,91.800,92.380,100,true,
3614,402,92.380,98.406,100,true,
3615,402,98.406,99.590,60,true,
3616,402,99.590,99.650,40,true,
3617,402,99.650,100.126,60,true,
3618,402,100.126,112.550,100,true,
3619,402,112.550,113.245,100,true,
3620,402,113.245,116.300,100,true,
3621,402,116.300,116.885,100,true,
3622,402,116.885,117.445,100,true,
3623,402,117.445,117.589,90,true,
3624,402,117.589,118.590,60,true,
3625,402,118.590,140.440,100,true,
3626,402,140.440,142.528,80,true,
3627,403,-0.092,22.061,80,true,
3628,403,22.061,33.010,80,true,
3629,403,33.010,33.160,100,true,
3630,403,33.160,55.000,120,true,
3631,403,55.000,67.016,100,true,
3632,403,67.016,67.850,80,true,
3633,403,67.850,67.950,70,true,
3634,403,67.950,69.590,80,true,
3635,403,69.590,76.280,80,true,
3636,403,76.280,77.295,80,true,
3637,403,77.295,125.481,80,true,
3638,404,-0.288,1.475,100,true,
3639,404,1.475,2.555,110,true,
3640,404,2.555,26.281,120,true,
3641,404,26.281,26.801,100,true,
3642,404,26.801,40.200,120,true,
3643,404,40.200,50.000,120,true,
3644,404,50.000,62.510,120,true,
3645,404,62.510,63.887,100,true,
3646,404,63.887,64.532,90,true,
3647,404,64.532,98.294,120,true,
3648,404,98.294,99.515,90,true,
3649,405,0.251,4.400,70,true,
3650,405,4.400,57.709,100,true,
3651,405,57.709,60.550,80,true,
3652,405,60.550,70.200,100,true,
3653,405,70.200,91.957,90,true,
3654,405,91.957,98.813,100,true,
3655,405,98.813,99.431,80,true,
3656,405,99.431,114.186,100,true,
3657,405,114.186,114.430,80,true,
3658,405,114.430,115.119,100,true,
3659,405,115.119,115.300,80,true,
3660,405,115.300,116.700,100,true,
3661,405,116.700,124.800,100,true,
3662,405,124.800,143.112,100,true,
3663,405,143.112,143.590,90,true,
3664,405,143.590,146.643,100,true,
3665,405,146.643,146.744,60,true,
3666,405,146.744,147.800,100,true,
3667,405,147.800,150.200,100,true,
3668,405,150.200,172.430,100,true,
3669,405,172.430,174.500,100,true,
3670,405,174.500,175.800,80,true,
3671,405,175.800,176.565,80,true,
3672,405,176.565,191.136,100,true,
3673,405,191.136,193.670,60,true,
3674,406,-0.089,4.500,50,false,50
3675,406,4.500,8.950,40,false,40
3676,406,8.950,11.320,70,false,70
3677,406,11.320,11.705,60,false,70
3678,406,11.705,13.525,70,false,70
3679,406,13.525,14.640,40,false,60
3680,406,14.640,16.218,60,false,60
3681,406,16.218,16.850,40,false,60
3682,406,16.850,18.665,80,false,60
3683,406,18.665,18.954,70,false,70
3684,406,18.954,20.507,80,false,70
3685,406,20.507,20.818,70,false,70
3686,406,20.818,23.565,80,false,70
3687,406,23.565,23.844,40,false,70
3688,406,23.844,36.102,0,true,
3689,406,36.102,37.058,30,true,
3690,407,-0.434,8.400,80,true,
3691,407,8.400,17.100,60,true,
3692,408,0.062,1.046,80,true,
3693,408,1.046,3.775,120,true,
3694,408,3.775,13.194,80,false,80
3695,409,0.115,10.069,120,true,
3696,410,61.164,65.919,70,true,
3697,410,65.919,66.119,50,true,
3698,410,66.119,116.716,70,false,40
3699,410,116.716,142.002,0,true,
3700,410,142.002,143.482,20,true,
3701,411,-0.302,0.586,50,true,
3702,411,0.586,26.100,0,true,
3703,413,-0.568,24.852,50,true,
3704,417,32.330,35.324,0,true,
3705,417,35.324,36.492,40,true,
3706,418,15.289,33.919,80,true,
3707,418,33.919,35.110,80,true,
3708,421,18.000,24.911,50,true,
3709,427,-0.140,0.285,40,true,
3710,427,0.285,5.116,60,true,
3711,428,-0.571,4.200,100,true,
3712,428,4.200,6.100,60,true,
3713,428,6.100,6.310,60,true,
3714,428,6.310,8.039,60,true,
3715,430,217.600,240.665,60,true,
3716,431,0.377,3.906,60,true,
3717,431,3.906,5.642,40,true,
3718,431,5.642,7.129,0,true,
3719,432,-0.103,2.294,60,false,40
3720,432,2.294,4.205,40,false,40
3721,433,0.085,3.198,40,true,
3722,434,0.000,3.970,100,true,
3723,435,0.000,0.640,40,true,
3724,436,0.000,2.151,100,true,
3725,439,0.000,0.353,40,true,
3726,439,0.353,1.684,40,true,
3727,440,0.000,1.654,60,false,60
3728,440,1.654,1.747,40,false,40
3729,440,1.747,1.990,60,false,60
3730,445,2.769,3.228,60,false,70
3731,445,3.228,4.612,80,false,70
3732,445,4.612,5.630,60,false,70
3733,446,209.913,211.520,60,true,
3734,446,211.520,211.655,40,true,
3735,447,2.441,5.292,80,false,60
3736,447,5.292,6.500,80,false,80
3737,447,6.500,6.833,100,false,120
3738,447,6.833,30.887,120,false,120
3739,448,-2.384,-2.143,80,false,80
3740,448,-2.143,4.700,60,false,60
3741,448,4.700,6.100,90,false,90
3742,448,6.100,12.733,100,false,100
3743,449,12.600,14.400,80,false,80
3744,449,14.400,15.250,100,false,80
3745,449,15.250,16.000,160,false,80
3746,449,16.000,19.100,160,false,160
3747,449,19.100,21.557,100,false,100
3748,452,4.689,6.449,60,true,
3749,452,6.449,10.103,40,true,
3750,453,210.075,211.655,40,true,
3751,456,15.908,22.800,160,true,
3752,456,22.800,25.500,150,true,
3753,456,25.500,25.900,100,true,
3754,456,25.900,26.200,120,true,
3755,456,26.200,30.286,160,true,
3756,457,7.135,8.370,60,true,
3757,458,-0.139,2.250,100,false,100
3758,458,2.250,3.253,120,false,120
3759,501,-0.030,1.136,60,false,60
3760,502,0.125,1.577,60,false,60
3761,503,4.593,7.768,20,true,
3762,504,0.000,0.080,40,true,
3763,505,0.000,0.080,40,true,
3764,506,6.773,7.752,60,false,100
3765,506,7.752,8.500,80,false,80
3766,506,8.500,10.300,100,false,100
3767,506,10.300,13.514,130,false,130
3768,507,0.940,2.523,80,false,80
3769,509,-1.341,2.380,80,false,80
3770,509,2.380,10.247,80,false,80
3771,510,1.232,3.912,40,true,
3772,511,0.000,1.020,60,true,
3773,513,0.000,3.260,60,true,
3774,515,0.000,1.950,60,true,
3775,516,0.000,1.546,80,true,
3776,517,0.064,2.664,30,true,
3777,519,0.000,1.098,60,true,
3778,520,0.000,1.251,40,true,
3779,521,0.000,1.190,50,true,
3780,522,0.000,2.205,50,true,
3781,523,0.001,2.292,40,true,
3782,524,-0.018,1.063,40,true,
3783,525,-0.068,1.644,50,true,
3784,526,-0.017,1.256,50,true,
3785,527,0.000,1.805,50,true,
3786,528,0.180,0.400,30,true,
3787,528,0.400,1.288,50,true,
3788,529,0.530,1.797,60,true,
3789,530,0.036,1.384,60,false,60
3790,531,0.069,1.472,40,true,
3791,532,0.116,1.463,60,true,
3792,533,0.000,1.516,60,true,
3793,534,0.624,1.510,60,true,
3794,534,1.510,5.373,100,false,100
3795,535,0.000,1.411,60,true,
3796,536,0.617,2.496,60,true,
3797,537,0.148,2.908,60,true,
3798,538,-0.131,1.462,60,false,60
3799,539,0.099,1.618,60,false,60
3800,540,0.875,2.500,80,false,80
3801,540,2.500,6.399,80,false,80
3802,540,6.399,6.579,80,false,80
3803,541,1.059,7.367,80,false,80
3804,542,3.537,7.451,60,true,
3805,543,0.074,2.044,60,true,
3806,544,0.000,1.144,60,true,
3807,545,0.346,2.234,60,true,
3808,545,2.234,2.591,20,true,
3809,546,6.166,10.062,80,true,
3810,547,6.146,7.787,40,true,
3811,548,0.000,0.127,50,true,
3812,549,0.000,0.127,50,true,
3813,550,5.077,7.040,80,true,
3814,550,7.040,7.992,60,true,
3815,551,4.899,6.712,80,true,
3816,556,174.084,175.723,60,true,
3817,558,0.542,3.646,60,true,
3818,561,0.000,3.626,60,true,
3819,562,0.000,2.503,40,true,
3820,563,0.000,1.598,60,true,
3821,565,0.000,0.817,50,true,
3822,565,0.817,0.955,40,true,
3823,566,-1.429,0.280,40,true,
3824,566,0.280,1.860,60,true,
3825,566,1.860,2.320,40,true,
3826,567,0.000,1.780,40,true,
3827,568,-2.032,0.050,40,true,
3828,568,0.050,8.018,60,true,
3829,569,0.000,2.984,60,true,
3830,570,0.252,3.005,100,true,
3831,571,0.439,3.921,100,true,
3832,572,-1.549,7.352,120,true,
3833,572,7.352,7.730,100,true,
3834,573,0.631,5.098,120,true,
3835,574,-0.031,2.135,100,true,
3836,574,2.135,4.157,110,true,
3837,575,-0.167,3.006,60,true,
3838,576,0.072,3.220,60,true,
3839,576,3.220,4.220,40,true,
3840,577,-0.470,7.519,50,true,
3841,579,0.000,5.790,70,true,
3842,580,0.000,0.711,60,false,60
3843,581,-0.526,-0.464,40,true,
3844,581,-0.464,3.169,60,true,
3845,582,0.140,5.165,100,true,
3846,585,-0.789,0.079,60,true,
3847,588,0.000,0.986,60,true,
3848,601,0.000,1.188,50,true,
3849,602,0.000,0.821,60,true,
3850,603,0.000,7.104,60,false,60
3851,604,-1.295,0.550,40,true,
3852,605,-0.323,3.965,40,true,
3853,607,0.198,1.007,60,true,
3854,608,0.000,1.564,60,false,60
3855,609,0.000,1.514,60,true,
3856,611,0.000,0.866,40,true,
3857,612,0.000,2.156,40,true,
3858,613,0.000,6.325,60,true,
3859,614,-0.924,2.400,50,true,
3860,614,2.400,7.617,60,true,
3861,615,0.000,0.395,20,true,
3862,617,-0.551,0.628,40,true,
3863,618,0.000,2.495,30,true,
3864,618,2.495,4.471,60,true,
3865,619,0.000,1.141,40,true,
3866,621,0.000,0.446,50,true,
3867,624,0.069,1.532,60,false,60
3868,624,1.532,3.189,80,false,80
3869,625,0.000,0.659,80,true,
3870,626,0.230,5.035,80,true,
3871,626,5.035,5.243,50,true,
3872,629,-0.742,0.400,60,false,60
3873,629,0.400,5.316,100,false,100
3874,629,5.316,8.998,120,true,
3875,629,8.998,9.182,100,true,
3876,633,0.000,0.571,70,true,
3877,642,0.000,1.074,40,true,
3878,651,0.002,3.547,30,true,
3879,652,-0.006,1.748,50,true,
3880,653,-0.006,1.767,60,true,
3881,654,0.000,1.103,80,true,
3882,655,0.000,2.070,30,true,
3883,655,2.070,7.051,0,true,
3884,656,-0.025,3.005,80,true,
3885,657,0.243,1.000,80,true,
3886,657,1.000,9.657,50,true,
3887,658,0.000,0.466,30,true,
3888,659,-0.485,4.590,120,false,120
3889,659,3.013,4.590,120,false,120
3890,660,-0.399,1.311,60,true,
3891,660,1.311,3.242,100,true,
3892,661,0.000,0.720,80,true,
3893,661,0.720,2.966,100,true,
3894,663,0.000,0.957,60,true,
3895,665,0.000,0.017,30,true,
3896,665,0.017,5.493,30,true,
3897,666,-0.055,2.663,40,true,
3898,667,0.000,1.864,50,true,
3899,668,-0.061,1.941,40,true,
3900,670,-0.092,1.597,60,true,
3901,671,2.641,4.900,40,true,
3902,672,0.151,0.228,50,false,60
3903,672,0.228,3.513,60,false,60
3904,675,0.000,0.796,40,true,
3905,676,0.000,1.030,40,true,
3906,677,0.000,2.137,40,false,40
3907,679,53.293,53.864,90,true,
3908,680,-0.141,1.200,30,false,60
3909,680,1.200,2.309,60,false,60
3910,681,0.000,3.390,60,true,
3911,682,0.000,2.520,60,true,
3912,685,-0.085,3.232,60,true,
3913,686,0.000,2.173,60,false,60
3914,687,-0.017,2.323,60,true,
3915,688,0.000,0.984,60,false,60
3916,689,0.106,2.282,120,false,120
3917,691,-0.011,1.468,60,false,60
3918,693,0.014,4.750,60,true,
3919,693,4.750,7.469,40,true,
3920,694,0.000,3.217,80,true,
3921,695,0.000,0.657,40,true,
3922,696,0.000,0.505,40,true,
3923,698,0.093,1.507,50,false,0
3924,699,0.000,0.499,50,true,
3925,700,-0.337,2.205,50,true,
3926,701,0.075,0.600,90,true,
3927,701,0.600,0.900,60,true,
3928,701,0.900,2.450,90,true,
3929,701,2.450,2.650,70,true,
3930,701,2.650,5.540,90,true,
3931,701,5.540,6.112,80,true,
3932,701,6.112,6.597,90,true,
3933,702,0.217,1.966,50,true,
3934,703,0.008,4.415,50,true,
3935,703,4.415,5.706,40,true,
3936,704,0.294,3.475,60,true,
3937,705,0.000,1.292,60,false,60
3938,708,-0.262,0.625,60,true,
3939,708,0.625,1.636,80,true,
3940,708,1.636,3.055,90,true,
3941,708,3.055,3.531,60,true,
3942,709,-0.434,0.850,50,true,
3943,709,0.850,1.967,100,true,
3944,709,1.967,4.211,100,true,
3945,711,-0.800,2.035,50,true,
3946,713,0.000,0.170,30,true,
3947,713,0.170,2.000,0,true,
3948,713,2.000,2.420,30,true,
3949,713,2.420,3.890,50,true,
3950,713,3.890,4.020,40,true,
3951,713,4.020,4.450,50,true,
3952,713,4.450,4.504,30,true,
3953,714,0.000,4.323,40,true,
3954,715,0.000,3.515,40,true,
3955,717,-0.131,-0.061,50,true,
3956,717,-0.061,3.400,50,true,
3957,717,3.400,4.400,15,true,
3958,719,0.000,1.332,20,true,
3959,719,1.332,1.607,40,true,
3960,720,0.000,0.555,40,true,
3961,721,-0.611,2.573,60,true,
3962,722,0.000,0.192,20,true,
3963,722,0.192,1.826,40,true,
3964,722,1.826,1.841,20,true,
3965,723,-0.400,2.092,60,true,
3966,724,0.000,0.301,60,true,
3967,724,0.301,0.448,0,true,
3968,724,0.448,3.084,60,true,
3969,725,-0.164,2.332,60,true,
3970,726,0.570,3.480,60,false,60
3971,727,0.953,2.185,60,true,
3972,728,-0.220,3.548,60,true,
3973,729,-0.017,11.098,60,true,
3974,730,-0.022,6.562,60,true,
3975,731,0.000,2.364,60,true,
3976,732,0.000,0.848,30,true,
3977,734,-0.055,2.474,50,false,50
3978,735,-0.075,7.610,60,true,
3979,737,-0.238,2.600,50,true,
3980,737,2.600,3.637,40,true,
3981,739,-0.300,5.205,60,true,
3982,740,-1.114,2.753,60,true,
3983,741,-0.010,8.464,60,false,100
3984,742,-0.203,6.578,30,true,
3985,743,0.338,1.711,50,true,
3986,745,0.550,2.604,30,true,
3987,747,0.000,1.569,60,true,
3988,748,0.824,1.910,40,true,
3989,749,0.000,2.335,40,true,
3990,750,5.174,12.771,30,false,40
3991,751,0.297,6.854,60,true,
3992,752,0.685,1.500,40,false,60
3993,752,1.500,2.762,60,false,60
3994,753,0.122,2.391,60,true,
3995,754,0.000,1.187,40,false,40
3996,755,0.000,0.993,20,true,
3997,756,0.000,2.640,60,false,20
3998,757,0.175,1.215,0,true,
3999,757,1.215,4.107,40,true,
4000,758,0.000,3.357,60,false,60
4001,759,0.140,0.480,30,false,40
4002,759,0.480,1.686,50,false,50
4003,761,0.035,0.751,60,false,60
4004,763,1.162,3.256,60,false,60
4005,763,3.256,4.675,20,false,20
4006,764,-0.179,2.627,60,false,30
4007,764,2.627,3.100,40,false,30
4008,764,3.100,6.285,30,true,
4009,765,2.116,4.454,60,false,40
4010,766,0.000,0.400,80,true,
4011,766,0.400,2.300,100,true,
4012,766,2.300,2.900,80,true,
4013,766,2.900,4.026,120,true,
4014,770,0.000,0.424,60,true,
4015,770,0.424,1.124,40,true,
4016,770,1.124,4.146,60,true,
4017,771,-0.645,2.890,80,true,
4018,773,-0.284,0.655,40,true,
4019,773,0.655,1.821,0,true,
4020,776,0.239,15.140,40,true,
4021,778,-0.012,1.163,40,true,
4022,779,0.000,0.987,40,true,
4023,780,0.000,0.049,60,true,
4024,780,0.049,0.873,100,true,
4025,783,151.274,154.533,60,true,
4026,784,0.239,1.374,40,true,
4027,784,1.374,3.480,0,true,
4028,784,3.480,4.280,40,true,
4029,786,24.991,25.093,50,true,
4030,786,25.093,26.102,70,true,
4031,786,26.102,28.000,40,true,
4032,786,28.000,31.209,20,true,
4033,786,31.209,33.333,0,true,
4034,788,0.000,3.099,20,true,
4035,789,-1.389,3.708,20,true,
4036,790,0.000,1.100,130,false,130
4037,790,1.100,3.247,160,false,160
4038,800,0.000,0.275,40,true,
4039,801,0.089,2.800,40,false,40
4040,801,2.800,4.126,60,true,
4041,802,0.175,4.705,40,false,40
4042,803,-1.055,1.145,40,true,
4043,804,0.311,1.822,40,true,
4044,805,0.000,1.453,60,true,
4045,806,0.000,4.082,60,true,
4046,807,0.249,2.031,80,false,80
4047,807,2.031,2.097,50,false,50
4048,808,-1.109,0.140,50,false,50
4049,808,0.140,2.120,80,false,100
4050,808,2.120,6.877,120,false,140
4051,809,-0.640,1.901,60,true,
4052,810,0.884,3.304,60,true,
4053,811,0.031,1.497,60,true,
4054,812,-0.326,3.449,60,true,
4055,813,0.000,1.203,40,true,
4056,814,0.000,1.419,20,true,
4057,815,0.158,2.518,40,true,
4058,816,-0.594,2.970,40,true,
4059,819,0.000,4.866,50,true,
4060,820,0.000,4.947,40,true,
4061,821,-0.013,4.732,100,true,
4062,821,4.732,5.441,70,true,
4063,821,5.441,6.599,100,true,
4064,822,0.239,2.973,90,true,
4065,823,0.000,4.714,60,true,
4066,824,-0.052,2.481,60,false,60
4067,826,0.000,0.593,40,true,
4068,827,0.000,1.861,40,true,
4069,828,0.000,0.935,40,true,
4070,829,16.082,16.177,60,true,
4071,830,10.475,16.477,40,true,
4072,831,5.783,10.338,40,false,40
4073,832,7.016,7.335,40,true,
4074,833,9.744,14.243,40,true,
4075,833,14.243,15.215,60,true,
4076,834,9.531,11.735,40,true,
4077,834,11.735,16.056,60,true,
4078,835,9.414,9.988,60,true,
4079,836,175.124,177.691,80,false,80
4080,837,175.236,177.184,60,true,
4081,838,11.764,12.654,60,false,60
4082,840,0.000,4.088,40,true,
4083,841,0.000,4.684,40,true,
4084,842,0.000,0.318,40,true,
4085,843,23.836,24.010,60,true,
4086,844,6.688,7.752,100,true,
4087,846,0.000,0.120,60,true,
4088,846,0.120,0.897,40,true,
4089,849,3.709,4.789,80,true,
4090,850,4.285,4.494,60,true,
4091,850,4.494,5.327,130,true,
4092,851,0.065,2.309,50,false,60
4093,852,0.000,0.738,40,true,
4094,854,-0.981,-0.951,50,true,
4095,854,-0.951,0.656,60,true,
4096,854,0.656,4.176,50,true,
4097,855,-0.023,1.134,50,false,50
4098,856,35.635,37.307,40,true,
4099,857,-0.187,2.153,50,true,
4100,858,119.322,121.029,40,true,
4101,859,0.000,0.149,30,true,
4102,859,0.149,0.825,30,true,
4103,860,0.000,2.730,40,false,40
4104,861,0.000,2.868,40,true,
4105,862,-1.414,0.000,40,true,
4106,862,0.000,3.049,30,true,
4107,863,-1.216,0.000,40,true,
4108,863,0.000,4.824,40,true,
4109,863,4.824,9.283,50,true,
4110,864,-0.828,0.000,40,true,
4111,864,0.000,3.144,40,true,
4112,865,197.791,197.868,40,false,40
4113,865,197.868,198.539,40,false,40
4115,867,200.900,201.984,40,true,
4116,867,201.984,202.185,40,true,
4117,867,201.984,202.098,40,true,
4118,869,-0.450,2.400,30,true,
4119,872,61.526,61.600,50,true,
4120,872,61.600,63.000,80,true,
4121,872,63.000,63.089,50,true,
4122,873,0.000,0.104,50,false,50
4123,873,0.104,1.797,50,false,50
4124,874,0.000,0.033,30,true,
4125,874,0.033,1.589,30,true,
4126,874,1.589,1.622,30,true,
4127,876,0.000,1.351,40,true,
4128,876,1.351,1.395,40,true,
4129,876,1.395,6.238,30,true,
4130,877,0.000,0.460,30,true,
4131,877,0.460,1.662,30,true,
4132,880,0.000,0.544,40,true,
4133,880,0.544,1.522,40,true,
4134,880,1.522,1.639,40,true,
4135,882,-1.588,0.185,60,true,
4136,882,0.185,0.478,30,true,
4137,882,0.478,0.481,30,true,
4138,882,0.481,8.400,20,true,
4139,883,0.000,2.734,40,true,
4140,883,2.734,2.737,40,true,
4141,883,2.737,5.900,20,true,
4142,884,0.000,0.051,30,true,
4143,884,0.051,2.000,30,true,
4144,885,0.000,0.103,30,false,30
4145,885,0.103,2.300,30,false,30
4146,886,0.000,0.104,30,true,
4147,886,0.104,2.800,30,true,
4148,888,0.000,0.065,40,true,
4149,888,0.065,1.758,20,true,
4150,890,0.000,0.179,40,true,
4151,890,0.179,0.229,40,true,
4152,890,0.229,1.430,20,true,
4153,890,1.430,1.629,20,true,
4154,891,0.000,0.041,30,false,30
4155,891,0.041,3.122,30,false,30
4156,891,3.122,4.149,30,true,
4157,892,0.000,0.213,50,true,
4158,892,0.213,1.121,60,true,
4159,893,0.000,0.727,30,true,
4160,893,0.727,1.602,0,true,
4161,893,1.602,2.906,0,true,
4162,893,2.906,3.081,40,true,
4163,894,-0.100,0.116,40,true,
4164,894,0.116,4.200,20,true,
4165,898,0.000,0.117,30,true,
4166,898,0.117,3.700,30,true,
4167,900,0.000,0.295,20,true,
4168,900,0.295,3.870,20,true,
4169,901,6.110,10.013,80,true,
4170,902,4.950,7.876,100,true,
4171,903,1.457,2.214,30,false,40
4172,903,2.214,2.239,20,false,40
4173,903,2.239,2.540,20,false,30
4174,905,0.000,0.889,80,true,
4175,906,-0.149,-0.020,40,true,
4176,906,-0.020,3.532,40,true,
4177,911,1.491,3.759,50,true,
4178,913,-1.293,2.501,50,true,
4179,918,1.884,3.354,10,true,
4180,919,3.205,3.465,50,false,50
4181,919,3.465,4.607,20,false,20
4182,920,4.053,4.411,40,false,40
4183,923,0.000,1.602,50,true,
4184,930,0.756,3.022,40,true,
4185,931,0.000,2.883,40,true,
4186,932,0.000,1.509,20,true,
4187,933,-1.129,0.225,40,true,
4188,933,0.225,2.072,30,true,
4189,934,0.000,2.015,40,true,
4190,935,-1.436,0.832,40,true,
4191,936,0.330,2.397,40,true,
4192,937,-3.200,0.000,40,true,
4193,940,0.000,8.802,30,true,
4194,941,2.785,4.066,40,true,
4195,942,0.000,1.341,40,true,
4196,943,0.930,7.440,40,true,
4197,944,1.106,7.610,40,true,
4198,945,0.000,1.927,10,true,
4199,947,-0.065,3.325,20,true,
4200,950,0.000,1.932,40,true,
4201,950,1.932,4.004,20,true,
4202,950,4.004,6.020,40,true,
4203,951,0.000,0.253,40,true,
4204,951,0.253,1.204,60,true,
4205,951,1.204,3.317,20,true,
4206,951,3.317,5.554,40,true,
4207,954,0.000,0.621,40,true,
4208,957,-0.827,4.259,60,true,
4209,958,0.000,0.476,40,true,
4210,959,0.007,1.339,30,true,
4211,960,0.668,3.163,60,false,60
4212,960,3.163,4.423,20,false,20
4213,961,-0.041,1.103,50,true,
4214,963,21.755,22.810,70,true,
4215,964,0.000,0.296,20,true,
4216,965,-0.008,0.459,60,true,
4217,965,0.459,2.710,40,true,
4218,965,2.710,3.617,30,true,
4219,966,0.000,1.619,40,true,
4220,967,0.000,2.495,60,true,
4221,968,0.000,1.422,60,true,
4222,970,0.000,0.161,40,true,
4223,970,0.161,2.985,40,true,
4224,971,-0.749,0.802,40,true,
4225,971,0.802,2.880,40,true,
4226,972,0.000,0.050,40,true,
4227,972,0.050,1.050,10,true,
4228,973,-0.470,1.086,20,true,
4229,973,1.086,3.354,0,true,
4230,973,3.354,5.085,0,true,
4231,974,0.000,0.113,10,true,
4232,974,0.113,1.690,10,true,
4233,975,0.000,1.134,60,true,
4234,975,1.134,2.455,20,true,
4235,976,0.000,0.316,30,true,
4236,976,0.316,1.499,30,true,
4237,978,1.075,1.227,40,true,
4238,979,0.000,0.317,40,true,
4239,980,0.000,0.380,20,true,
4240,980,0.380,2.102,0,true,
4241,981,0.000,0.298,40,true,
4242,982,0.000,2.252,40,true,
4243,983,0.000,0.376,40,true,
4244,984,0.000,4.366,60,true,
4245,987,-0.767,0.085,60,true,
4246,987,0.085,0.498,20,true,
4247,987,0.498,3.292,20,true,
4248,988,0.000,1.890,40,true,
4249,989,0.000,2.770,40,true,
4250,990,-0.004,5.453,60,true,
4251,991,-0.134,3.986,60,true,
4252,992,-0.065,4.718,60,true,
4253,993,0.108,2.118,40,true,
4254,994,0.000,1.249,60,true,
4255,995,-0.017,0.761,20,true,
4256,996,-0.161,5.805,80,true,
4257,996,5.805,8.087,60,true,
4258,996,8.087,9.095,50,true,
4259,997,0.083,0.192,20,false,20
4260,997,0.192,0.626,20,true,
4261,998,0.000,0.034,20,true,
4262,998,0.034,1.206,20,true,
4263,999,0.547,3.196,40,true,