id,station_id,name,platform_number,track_number,height,length
1,,Adamowo,1,1,550,120
2,,Aleksandrów,1,1,760,100
3,578,Aleksandrów Kujawski,1,"1,11",300,331
4,578,Aleksandrów Kujawski,1,2,300,359
5,578,Aleksandrów Kujawski,2,5,760,100
6,855,Andrychów,1,2,760,202
7,855,Andrychów,1,1,760,200
8,,Andrychów Górnica,1,1,420,196
9,,Andrzejówka,1,3,760,200
10,,Andrzejówka,1,1,760,200
11,,Anieliny,1,1,300,219
12,,Anieliny,2,2,300,223
13,,Antonin,1,1,300,260
14,,Antonin,1,2,300,260
15,,Antoniów,1,1,300,167
16,,Antoniówka,1,1,300,197
17,,Antoniówka,2,2,300,201
18,,Arcelin,1,1,550,200
19,634,Augustów,1,4a,340,50
20,634,Augustów,2,2,760,250
21,634,Augustów,2,1,760,250
22,,Augustów Port,1,1,760,120
23,,Augustówka,1,1,760,200
24,,Augustówka,2,2,760,200
25,780,Babiak,1,4,300,187
26,780,Babiak,2,1,300,302
27,780,Babiak,2,2,300,302
28,,Babica,1,1,550,100
29,,Babica,2,2,550,100
30,,Babica Kolonia,1,1,550,100
31,622,Babimost,1,2,760,200
32,622,Babimost,2,1,760,350
33,,Baborówko,1,1,760,200
34,,Baborówko,2,2,760,200
35,,Baboszewo,2,1,550,218
36,,Baby,1,1,550,200
37,,Baby,2,2,550,200
38,,Baciuty,1,1,760,200
39,,Baciuty,1,3,760,200
40,,Baciuty,2,2,760,200
41,,Baciuty,2,4,760,200
42,,Bajtkowo,1,1,760,120
43,,Balin,1,1,760,200
44,,Balin,2,2,760,200
45,,Balinka,1,1,760,120
46,,Bańska Niżna,1,1,760,200
47,1099,Baranówka,1,2,380,200
48,1099,Baranówka,1,1,380,200
49,,Barchów,1,1,760,200
50,,Barchów,2,2,760,200
51,,Barcice,1,1,760,200
52,,Barcząca,1,1,550,200
53,,Barcząca,2,2,550,200
54,,Barczewo,1,1,350,259
55,,Barczewo,2,2,330,210
56,,Barczewo,2,1,330,210
57,,Bardo Przyłęk,1,2,380,205
58,,Bardo Przyłęk,2,1,380,335
59,,Bardo Śląskie,1,1,300,285
60,,Bardo Śląskie,2,2,300,290
61,,Barłogi,1,4A,300,205
62,,Barłogi,2,5,300,205
63,,Bartąg,1,1,760,150
64,,Bartnica,1,1,400,190
65,,Bartnica,2,2,300,200
66,,Bartodzieje,1,1,760,200
67,,Bartodzieje,2,2,760,200
68,,Barwałd Górny,1,1,250,200
69,,Barwałd Średni,1,1,760,150
70,,Barwałd Średni,2,3,760,150
71,,Barzkowice,1,1,360,156
72,,Baszewice,1,1,350,100
73,,Basznia,1,1,350,200
74,,Basznia,1,3,350,200
75,,Basznia Dolna,1,1,300,60
76,,Batowice Lubańskie,1,1,200,62
77,,Bażanowice,1,1,760,150
78,,Bąk,1,4,300,100
79,,Bąk,2,2,300,100
80,,Bąk,3,1,300,100
81,,Bąkowiec,2,1,760,253
82,,Bąkowiec,2,2,760,253
83,,Bąków,1,1,300,188
84,,Bąków,2,2,300,249
85,,Bednary,1,3,760,200
86,,Bednary,1,1,760,200
87,,Bednary,2,2,760,200
88,,Bednary,2,4,760,200
89,,Bedoń,1,1,760,200
90,,Bedoń,2,2,760,200
91,,Bedoń,3,1,300,200
92,,Belęcin Wielkopolski,1,1,300,128
93,,Bełchów,1,2,760,200
94,,Bełchów,1,1,760,200
95,,Bełsznica,1,1,760,150
96,,Bełżec,1,3,480,350
97,,Bełżec Drugi,1,1,345,165
98,,Berejów,1,1,760,100
99,,Berezów,2,2,300,200
100,,Besko,1,1,370,139
101,,Bezwola,1,1,760,100
102,,Będów,1,1,550,200
103,,Będów,2,2,550,200
104,,Będziemyśl,1,1,550,200
105,,Będziemyśl,2,2,550,200
106,,Będzin Ksawera,1,1,760,200
107,,Będzin Ksawera,1,2,760,200
108,542,Będzin Miasto,1,1,760,200
109,542,Będzin Miasto,2,2,760,200
110,,Będzino,1,1,300,201
111,,Będźmierowice,1,1,300,94
112,,Biadki,1,1,300,250
113,,Biadki,1,2,300,250
114,,Biadoliny,1,1,550,200
115,,Biadoliny,2,2,550,200
116,,Biała Pilska,1,2,300,120
117,,Biała Pilska,2,1,300,110
118,766,Biała Piska,1,1,760,120
119,505,Biała Podlaska,1,2,76,400
120,505,Biała Podlaska,2,3,760,400
121,505,Biała Podlaska,2,1,760,400
122,,Biała Podlaska Wschodnia,1,11,760,200
123,,Biała Podlaska Wschodnia,2,12,760,200
124,,Biała Szlachecka,1,1,760,85
125,,Białki Siedleckie,1,1,550,200
126,,Białki Siedleckie,2,2,550,200
127,705,Białogard,1,4,200,315
128,705,Białogard,2,1,300,398
129,705,Białogard,2,2,300,400
130,705,Białogard,3,5,300,297
131,705,Białogard,3,3,300,300
132,,Białośliwie,1,1,760,400
133,,Białośliwie,2,2,760,400
134,,Białośliwie,2,4,760,318
135,,Białuń,1,1,260,251
136,,Białuń,1,2,260,251
137,,Biały Bór,1,2,290,165
138,,Biały Bór,2,2,280,165
139,,Biały Bór,2,1,280,165
140,,Biały Dunajec,1,2,290,136
141,,Biały Dunajec,2,3,760,200
142,,Biały Dunajec,2,1,760,200
143,,Biały Kościół,1,3,380,195
144,,Biały Kościół,2,1,380,195
145,,Biały Zdrój Południowy,1,1,380,109
146,483,Białystok,1,4,550,425
147,483,Białystok,1,6,550,236
148,483,Białystok,2,1,760,420
149,483,Białystok,2,2,760,420
150,483,Białystok,3,5,760,300
151,483,Białystok,3,3,760,300
152,483,Białystok,4,11,760,200
153,,Białystok Bacieczki,1,2,300,232
154,,Białystok Bacieczki,2,1,310,209
155,,Białystok Fabryczny,1,12,380,124
156,,Białystok Nowe Miasto,1,3d,760,120
157,,Białystok Stadion,1,1,760,120
158,,Białystok Starosielce,1,1a,300,271
159,498,Białystok Zielone Wzgórza,1,2b,760,400
160,498,Białystok Zielone Wzgórza,1,1,760,400
161,498,Białystok Zielone Wzgórza,2,1b,760,400
162,498,Białystok Zielone Wzgórza,2,3b,760,400
163,816,Biecz,1,1,500,200
164,816,Biecz,2,5,500,200
165,,Bieczyno Pomorskie,1,1,350,100
166,,Bielany Wrocławskie,1,1,550,100
167,,Bielany Wrocławskie,2,1,550,100
168,,Bielin,1,1,760,150
169,,Bielin,2,2,760,150
170,,Bieliny Opoczyńskie,1,1,300,247
171,,Bieliny Opoczyńskie,2,2,760,150
172,740,Bielsk Podlaski,1,5,760,120
173,740,Bielsk Podlaski,2,2,760,120
174,740,Bielsk Podlaski,2,1,760,120
175,536,Bielsko-Biała Główna,1,1,380,311
176,536,Bielsko-Biała Główna,1a,3,960,190
177,536,Bielsko-Biała Główna,2,4,380,304
178,536,Bielsko-Biała Główna,2,2,380,304
179,536,Bielsko-Biała Główna,3,12,380,304
180,536,Bielsko-Biała Główna,3,8,380,304
181,,Bielsko-Biała Komorowice,1,1,300,200
182,,Bielsko-Biała Komorowice,1,2,300,200
183,,Bielsko-Biała Leszczyny,1,1,760,150
184,,Bielsko-Biała Leszczyny,2,2,760,150
185,,Bielsko-Biała Lipnik,1,1,760,200
186,,Bielsko-Biała Lipnik,2,2,760,200
187,,Bielsko-Biała Mikuszowice,1,1,760,150
188,,Bielsko-Biała Mikuszowice,2,2,760,150
189,,Bielsko-Biała Północ,1,1,760,201
190,,Bielsko-Biała Północ,1,2,760,201
191,,Bielsko-Biała Wschód,1,2,300,200
192,,Bielsko-Biała Wschód,1,1,300,200
193,,Bieniów,2,2,380,100
194,,Bieniów,3,4,300,234
195,,Bieniów,3,6,300,250
196,,Bierawa,1,"1,11",400,249
197,,Bierawa,1,2,400,291
198,,Bierkowice,1,2,380,250
199,,Biernatowo,1,1,300,222
200,,Biernatowo,2,2,300,137
201,,Biernatowo,3,4,300,100
202,,Bierutów,1,2,300,198
203,,Bierutów,2,1,300,244
204,,Bierzwnik,1,1,760,200
205,,Bierzwnik,2,2,760,200
206,,Bierzwnik,2,4,760,200
207,,Biesal,1,1,760,150
208,,Biesal,2,4,760,150
209,,Biesal,2,2,760,150
210,,Biesowice,1,1,760,100
211,808,Biłgoraj,1,1,400,268
212,808,Biłgoraj,1,2,370,268
213,,Biniew,1,1,410,250
214,,Biniew,2,2,410,200
215,,Bińcze,1,1,220,155
216,,Bińcze,1,2,220,155
217,,Biskupice,1,1,390,250
218,,Biskupice,2,2,405,250
219,,Biskupice koło Kluczborka,1,1,550,200
220,,Biskupice koło Kluczborka,2,2,550,200
221,,Biskupice Oławskie,1,1,300,241
222,,Biskupice Oławskie,2,2,300,241
223,,Biskupice Wielkopolskie,1,2,760,150
224,,Biskupice Wielkopolskie,2,1,760,150
225,,Biskupiec Pomorski,1,2,300,318
226,,Biskupiec Pomorski,2,3,300,315
227,,Biskupiec Pomorski,2,1,300,315
228,,Biskupnica,1,1,220,144
229,,Biskupnica,2,2,120,148
230,,Blachownia,1,2,550,150
231,,Blachownia,2,1,550,150
232,,Blizna,1,1,380,182
233,,Bliżyn,1,1,760,151
234,,Błaszki,1,4,300,260
235,,Błaszki,1,2,300,260
236,,Błaszki,2,1,300,290
237,,Błaszki,2,2,300,290
238,,Błażkowa,1,1,280,110
239,,Błądzim,2,1,300,200
240,,Błonie,1,3,760,200
241,,Błonie,1,1,760,200
242,,Błonie,2,2,760,200
243,,Błonie,2,4,760,200
244,,Błonie Rokitno,1,1,760,200
245,,Błonie Rokitno,2,2,760,200
246,,Błotnica,2,1,300,120
247,,Błotnica Strzelecka,1,1,550,200
248,,Błotnica Strzelecka,2,2,550,200
249,,Bobowa,1,3,350,250
250,,Bobowa,1,1,350,250
251,837,Bobowa-Miasto,1,1,250,250
252,,Bobowicko,1,1,250,100
253,,Bobrowniki,1,1,760,200
254,,Bobrowniki,2,2,760,200
255,,Bobrowo Pomorskie,1,1,550,120
256,,Bobrowo Pomorskie,2,2,550,120
257,,Bobrówka,2,1,0,66
258,,Bobrówka,2,2,0,66
259,,Bobrówka,1,1,0,66
260,,Bobrówka,1,3,0,66
261,,Bobry,1,1,550,200
262,,Bobry,2,2,550,200
263,658,Bochnia,1,3,550,400
264,658,Bochnia,2,1,550,400
265,658,Bochnia,3,4,550,400
266,658,Bochnia,3,2,550,400
267,,Boczów,1,2,550,200
268,,Boczów,1,4,550,200
269,,Boczów,2,3,550,200
270,,Boczów,2,1,550,200
271,,Bodzechów,1,2,760,275
272,,Bodzechów,1,1,760,275
273,,Bogaczewo,1,3,320,344
274,,Bogaczewo,2,2,760,150
275,,Bogaczewo,2,1,760,150
276,,Bogaczów,1,1,300,150
277,,Bogdaniec,1,2,250,263
278,,Bogdaniec,2,1,250,186
279,,Bogdanowo,1,1,760,200
280,,Bogdanowo,2,2,760,200
281,814,Bogoniowice Ciężkowice,1,3,330,250
282,814,Bogoniowice Ciężkowice,1,1,330,250
283,,Boguchwała,1,1,550,100
284,,Boguchwała,1,5,550,100
285,,Boguchwała Dolna,1,1,760,100
286,,Bogumiłowice,1,3,550,200
287,,Bogumiłowice,2,4,550,200
288,,Boguszewo,1,1,300,190
289,,Boguszów-Gorce,1,1,550,200
290,,Boguszów-Gorce,2,2,300,200
291,,Boguszów-Gorce Dzikowiec,1,1,550,100
292,,Boguszów-Gorce Wschód,1,2,100,240
293,,Boguszów-Gorce Wschód,2,1,200,277
294,,Boguszów-Gorce Wschód,3,1,180,268
295,,Boguszów-Gorce Zachód,1,2,550,200
296,,Boguszów-Gorce Zachód,2,1,300,200
297,,Bojanowo,1,1,760,200
298,,Bojanowo,2,2,760,200
299,,Bojanowo,2,4,760,200
300,,Bojary,1,1,760,200
301,,Bojary,2,2,760,200
302,,Boksycka,1,1,760,150
303,,Boksycka,2,2,760,151
304,,Bolechowo,1,1,550,100
305,,Bolechowo,1,3,550,100
306,,Bolesławice Świdnickie,1,1,180,210
307,,Bolesławice Świdnickie,2,2,200,210
308,608,Bolesławiec,1,2,550,400
309,608,Bolesławiec,2,1,550,400
310,608,Bolesławiec,2,3,550,400
311,,Boleszewo,1,1,50,160
312,,Boleszkowice,1,1,760,150
313,,Boleszkowice,2,2,760,150
314,,Boreczek,1,2,370,277
315,,Boreczek,2,1,370,315
316,,Borki-Kosy,1,1,550,200
317,,Borki-Kosy,2,2,550,200
318,,Borkowice,1,1,300,150
319,,Boronów,1,3,350,181
320,,Boronów,2,2,760,150
321,,Boronów,2,1,760,150
322,,Borowa Oleśnicka,1,1,300,250
323,,Borowa Oleśnicka,2,2,300,250
324,,Borowiki,1,1,760,200
325,,Borowiki,2,2,760,200
326,,Borowina,1,1,760,150
327,,Borowina,2,2,760,150
328,,Borsukówka,1,1,380,208
329,,Borszewice,1,1,760,200
330,,Borszewice,2,2,760,200
331,,Borucice,1,2,400,193
332,,Borucice,2,1,400,192
333,,Boszkowo,1,1,300,148
334,,Boża Wola,1,1,760,198
335,,Boża Wola,2,2,760,198
336,,Bożacin,1,1,760,150
337,,Bożepole Wielkie,2,1,300,221
338,,Bożepole Wielkie,2,3,300,221
339,,Brachlewo,1,1,760,125
340,,Braniewo,1,511,700,301
341,,Braniewo,2,511,400,300
342,,Braniewo,2,1,400,300
343,,Braniewo,3,3,600,363
344,,Braniewo,3,5,600,363
345,,Bratków,1,1,300,198
346,,Bratków,1,2,300,198
347,,Bratoszewice,1,1,550,150
348,1035,Brodnica,1,1,760,252
349,1035,Brodnica,2,5,300,303
350,1035,Brodnica,2,3,300,303
351,,Brodnica Płd.,1,1,550,125
352,,Brody Iłżeckie,1,1,760,150
353,,Brody Iłżeckie,2,2,760,150
354,,Brody Warszawskie,1,1,760,200
355,,Brody Warszawskie,2,2,760,200
356,,Brokęcino,1,1,220,241
357,,Bronów,1,1,350,280
358,,Bronów,2,2,350,240
359,,Brusy,1,1,760,150
360,,Brusy,1,3,760,150
361,,Brwinów,1,3,760,200
362,,Brwinów,1,4,760,200
363,,Brzask,1,1,300,151
364,603,Brzeg,1,1p,550,400
365,603,Brzeg,1,2p,550,400
366,603,Brzeg,2,6p,550,256
367,603,Brzeg,2,8p,550,256
368,713,Brzeg Dolny,1,4,200,273
369,713,Brzeg Dolny,2,1,220,279
370,713,Brzeg Dolny,2,2,220,279
371,,Brzeg Głogowski,1,1,550,200
372,,Brzeg Głogowski,2,2,550,200
373,674,Brzesko Okocim,1,1,550,400
374,674,Brzesko Okocim,1,5,550,400
375,674,Brzesko Okocim,2,2,550,400
376,674,Brzesko Okocim,2,4,550,400
377,,Brzeszcze,1,1,760,150
378,,Brzeszcze,2,2,760,150
379,,Brzeszcze Jawiszowice,1,1,760,250
380,,Brzeszcze Jawiszowice,1,2,760,250
381,,Brzezie,1,1,300,232
382,,Brzezie,1,2,300,232
383,,Brzezinka Średzka,1,2,300,211
384,,Brzezinka Średzka,2,1,300,233
385,,Brzeziny,1,1,760,150
386,,Brzeziny,2,2,760,150
387,,Brzeźnica,1,1,760,200
388,,Brzeźnica,1,2,760,200
389,,Brzeźnica Bychawska,1,1,760,100
390,,Brzeźno,1,2,250,300
391,,Brzeźno,1,1,265,300
392,,Brzeźno Człuchowskie,1,1,260,104
393,,Brzeźno Człuchowskie,2,2,150,144
394,,Brzoza Bydgoska,1,1,300,274
395,,Brzoza Bydgoska,1,2,300,274
396,,Brzoza Toruńska,1,1,300,250
397,,Brzoza Toruńska,2,2,300,210
398,,Brzozowica,1,1,550,200
399,,Brzozowica,2,2,550,200
400,,Brzozowiec Gorzowski,1,1,300,100
401,,Brzóstowa,1,,760,150
402,,Brzóstowa,2,,760,150
403,,Brzustów,1,1,300,140
404,,Buchałów,1,1,300,100
405,,Budachów,1,1,300,210
406,,Budachów,2,2,300,300
407,,Budki Nowe,1,1,550,200
408,,Budki Nowe,2,2,550,200
409,,Budy Głogowskie,1,1,550,100
410,,Budziszowice,1,1,550,85
411,,Budzyń,1,1,760,200
412,,Budzyń,1,2,760,200
413,,Bujaki,1,1,760,150
414,,Buk,1,3,550,200
415,,Buk,1,1,550,200
416,,Buk,2,4,550,200
417,,Buk,2,2,550,200
418,,Bukowa,1,1,760,150
419,,Bukowa,2,2,760,150
420,,Bukowice Trzebnickie,1,1,760,100
421,,Bukowice Trzebnickie,2,1,760,150
422,,Bukowiec Międzyrzecki,1,1,250,116
423,,Bukowina Sycowska,1,1,300,173
424,,Bukowina Sycowska,2,3,300,173
425,,Bukowno,1,2,300,325
426,,Bukowno,1,1,300,325
427,,Bukowno Przymiarki,1,1,760,150
428,,Bukowno Przymiarki,2,2,760,150
429,,Bukowo,1,1,300,194
430,,Bukowo Człuchowskie,1,1,300,100
431,,Bukwałd,1,1,760,85
432,,Bulowice,1,1,350,190
433,,Burkat,1,1,550,200
434,,Burkat,2,2,550,200
435,,Burkatów,1,1,550,85
436,,Bursztynowo,1,1,300,148
437,,Busko-Zdrój,1,102,300,100
438,681,Byczyna Kluczborska,1,1,550,200
439,681,Byczyna Kluczborska,2,2,550,200
440,,Bydgoszcz Bielawy,1,1,760,200
441,,Bydgoszcz Bielawy,2,2,760,200
442,,Bydgoszcz Błonie,1,1,760,200
443,,Bydgoszcz Błonie,2,2,760,200
444,,Bydgoszcz Brdyujście,1,1,300,157
445,,Bydgoszcz Fordon,2,1,550,120
446,562,Bydgoszcz Główna,1,6,550,200
447,562,Bydgoszcz Główna,2,4,550,375
448,562,Bydgoszcz Główna,2,2,550,400
449,562,Bydgoszcz Główna,3,1,380,462
450,562,Bydgoszcz Główna,3a,5,550,170
451,562,Bydgoszcz Główna,4,11,380,392
452,562,Bydgoszcz Główna,4a,9,550,210
453,562,Bydgoszcz Główna,5,12,550,385
454,562,Bydgoszcz Główna,5,21,550,264
455,566,Bydgoszcz Leśna,1,1,760,300
456,566,Bydgoszcz Leśna,2,2,760,300
457,,Bydgoszcz Łęgnowo,1,2,300,172
458,,Bydgoszcz Łęgnowo,2,2,300,142
459,,Bydgoszcz Łęgnowo,2,4,300,196
460,,Bydgoszcz Osowa Góra,1,1,300,277
461,,Bydgoszcz Osowa Góra,2,2,300,277
462,,Bydgoszcz Politechnika,1,1,300,198
463,565,Bydgoszcz Wschód,1,201,550,331
464,565,Bydgoszcz Wschód,2,202,550,300
465,565,Bydgoszcz Wschód,2,204,550,284
466,,Bydgoszcz Zachód,1,1,760,150
467,,Bydgoszcz Zachód,2,2,760,150
468,,Bystra Podhalańska,1,1,760,200
469,,Bystrzyca Górna,1,1,550,85
470,942,Bystrzyca Kłodzka,1,1,350,288
471,,Bystrzyca Kłodzka Przedmieście,1,2,350,207
472,,Bystrzyca Kłodzka Przedmieście,2,1,350,180
473,,Bystrzyca koło Lublina,2,3,760,200
474,,Bystrzyca koło Lublina,2,1,760,200
475,,Bytnica,1,1,550,200
476,,Bytnica,2,2,550,200
477,711,Bytom,1,3,760,250
478,711,Bytom,1,1b,760,400
479,711,Bytom,2,2c,760,400
480,711,Bytom,2,4a,760,250
481,711,Bytom,3,6,760,250
482,711,Bytom,3,6b,760,250
483,,Bytom Karb,1,1a,760,150
484,,Bytom Karb,2,2,760,150
485,,Bytom Odrzański,1,1,550,200
486,,Bytom Odrzański,1,2,550,200
487,,Bytom Stroszek,1,1,760,150
488,,Bytom Stroszek,2,2,760,150
489,,Bytonia,1,1,300,104
490,,Bytonia,2,2,300,105
491,,Bzowiec,1,1,760,85
492,,Cegłów,1,1,550,200
493,,Cegłów,2,2,550,200
494,,Cekcyn,2,1,300,155
495,,Celestynów,1,2a,760,200
496,,Celestynów,2,1a,760,200
497,,Celestynów,2,"12,4a",760,201
498,,Cerkiewnik,1,1,760,85
499,1203,Chabówka,2,1,760,300
500,1203,Chabówka,2,3,760,228
501,663,Chabówka Stadion,1,1,760,260
502,914,Chałupki,1,,300,196
503,914,Chałupki,1,2,300,223
504,914,Chałupki,2,2,300,415
505,914,Chałupki,2,1,300,415
506,1194,Chałupy,1,1,760,225
507,,Charnowo Słupskie,1,1,760,100
508,,Charnowo Słupskie,1,3,760,100
509,,Charsznica,1,4,300,194
510,,Charsznica,2,4,300,301
511,,Charsznica,2,2,300,301
512,,Charsznica,3,2,300,301
513,,Charsznica,3,1,300,301
514,,Chechło,1,1,760,200
515,,Chechło,2,2,760,200
516,745,Chełm,1,3,465,396
517,745,Chełm,1,2S,395,396
518,745,Chełm,2,2,440,248
519,745,Chełm,2,1,390,248
520,745,Chełm,3,8,420,195
521,745,Chełm,3,4,300,195
522,,Chełm Cementownia,1,2b,330,173
523,744,Chełm Miasto,1,2,760,300
524,744,Chełm Miasto,1,1,760,300
525,,Chełm Śląski,1,1,760,120
526,,Chełm Śląski,2,2,760,120
527,,Chełmce,1,4,300,200
528,,Chełmce,2,1,300,303
529,,Chełmce,2,2,300,303
530,,Chełmek,1,101,810,200
531,,Chełmek,2,102,690,200
532,,Chełmek Wołowski,1,1,250,219
533,,Chełmek Wołowski,2,2,250,225
534,860,Chełmża,2,1,550,200
535,860,Chełmża,2,5,550,200
536,860,Chełmża,3,4,550,200
537,860,Chełmża,3,2,550,200
538,,Chludowo,1,1,760,200
539,,Chludowo,2,2,760,200
540,,Chmielniki Bydgoskie,1,1,760,200
541,,Chmielniki Bydgoskie,2,2,760,200
542,,Chmielów Zagumnie,1,1,550,100
543,,Chocicza,1,1,550,214
544,,Chocicza,2,2,350,213
545,,Chociszew,1,2,550,200
546,,Chociszew,2,3,550,200
547,,Chociszewo Rogoziniec,1,1,300,93
548,,Chociw Łaski,1,1,760,150
549,,Chociw Łaski,1,2,760,150
550,794,Chociwel,1,2,230,328
551,794,Chociwel,2,1,240,273
552,,Chocznia,1,1,760,150
553,,Chocznia Górna,1,1,760,150
554,702,Chodzież,1,5,760,200
555,702,Chodzież,2,1,760,300
556,702,Chodzież,2,3,760,300
557,690,Chojna,1,2,760,150
558,690,Chojna,2,1,760,350
559,690,Chojna,2,5,760,350
560,869,Chojnice,1,1,300,148
561,869,Chojnice,1,3,300,148
562,869,Chojnice,2,2,300,149
563,869,Chojnice,3,12,300,160
564,869,Chojnice,4,15,300,160
565,869,Chojnice,4,11,300,160
566,869,Chojnice,5,17,300,160
567,,Chojnik,1,1,250,158
568,607,Chojnów,1,2,550,269
569,607,Chojnów,1,4,550,300
570,607,Chojnów,2,3,600,200
571,607,Chojnów,2,1,550,269
572,,Chorzele,1,1,760,300
573,,Chorzele,1,3,760,300
574,,Chorzelów,1,1,760,85
575,,Chorzelów Południowy,1,1,760,100
576,,Chorzew Siemkowice,1,1,760,150
577,,Chorzew Siemkowice,1,5,760,150
578,,Chorzew Siemkowice,2,2,760,150
579,,Chorzew Siemkowice,2,4,760,150
580,733,Chorzów Batory,1,2,760,239
581,733,Chorzów Batory,1,1,760,239
582,733,Chorzów Batory,2,4,750,232
583,733,Chorzów Batory,2,3,750,232
584,1019,Chorzów Miasto,1,2b,760,400
585,1019,Chorzów Miasto,1,1b,760,400
586,,Chorzów Stary,1,1,760,150
587,,Chorzów Stary,1,2,760,150
588,,Chorzów Uniwersytet,1,1a,760,150
589,,Chorzów Uniwersytet,1,2a,760,150
590,632,Choszczno,1,1,760,353
591,632,Choszczno,2,2,760,350
592,632,Choszczno,2,6,760,350
593,,Chotomów,1,3,760,200
594,,Chotomów,2,2,760,200
595,506,Chotyłów,1,2a,550,200
596,506,Chotyłów,2,1,550,200
597,,Chronów,1,1,760,200
598,,Chronów,2,2,760,200
599,,Chrosna,1,1,760,200
600,,Chrosna,2,2,760,200
601,,Chrośnica,1,1,550,200
602,,Chrośnica,2,2,550,200
603,,Chróstnik,1,1,760,150
604,,Chróścice,1,2,300,170
605,,Chróścice,2,1,300,165
606,,Chróścina Nyska,1,1,300,154
607,,Chróścina Opolska,1,2,550,200
608,,Chróścina Opolska,2,1,550,200
609,,Chrusty Nowe,1,1,550,200
610,,Chrusty Nowe,2,2,550,200
611,,Chruszczobród,1,2,550,203
612,,Chruszczobród,1,1,550,203
613,,Chruszczobród,2,4,760,200
614,,Chrzanów,1,4,760,200
615,,Chrzanów,2,1,760,200
616,,Chrzanów,2,2,760,200
617,652,Chrzanów Śródmieście,1,2,760,200
618,652,Chrzanów Śródmieście,2,1,760,200
619,,Chrząstawa Mała,1,1,760,100
620,,Chrząstowice,1,1,550,210
621,,Chrząstowice,2,2,550,210
622,,Chrząstowice Olkuskie,1,1,760,150
623,,Chrząstowice Olkuskie,2,2,760,150
624,,Chrzęsne,1,1,760,200
625,,Chrzęsne,2,2,760,200
626,,Chwalibogowo,1,2,760,150
627,,Chwalibogowo,2,1,300,88
628,,Chybie,1,2,320,320
629,,Chybie,1,1,320,300
630,,Chybie,2,9,300,302
631,,Chybie,2,7,300,302
632,,Chybie Mnich,1,1,760,150
633,,Chynów,1,1,760,200
634,,Chynów,2,2,760,200
635,,Chynów,2,4,760,200
636,,Chytra,1,1,760,120
637,,Ciasna,1,1,380,150
638,,Ciasna,2,2,380,150
639,,Ciechanowice,1,1,550,200
640,,Ciechanowice,2,2,550,200
641,569,Ciechanów,1,1,550,560
642,569,Ciechanów,1,3a,550,197
643,569,Ciechanów,1,3b,550,202
644,569,Ciechanów,2,4,550,400
645,569,Ciechanów,2,2,550,400
646,,Ciechanów Przemysłowy,1,1,550,200
647,,Ciechanów Przemysłowy,2,2,550,200
648,,Ciechocinek,1,1,760,150
649,,Ciechocinek,2,1,300,120
650,,Ciechocinek,2,2,300,120
651,,Ciecholub,1,1,760,100
652,,Ciecierzyn,1,1,760,100
653,,Cieksyn,1,1,550,130
654,,Cienin,1,4A,550,200
655,,Cienin,1,2,550,200
656,,Cienin,2,1,550,200
657,,Cienin,2,3,550,200
658,,Cienin Kościelny,1,1,550,200
659,,Cienin Kościelny,2,2,550,200
660,,Cieplewo,1,3,760,200
661,,Cieplewo,2,2,760,200
662,,Cierpice,1,1,300,261
663,,Cierpice,2,2,300,216
664,,Cierpice,2,4,300,216
665,,Cierpice Kąkol,1,1,760,200
666,,Cierpice Kąkol,2,2,760,200
667,,Cierpigórz,1,1,300,200
668,,Cierpigórz,2,2,300,119
669,,Cieszków,1,1,760,100
670,,Cieszyn,1,3,760,170
671,,Cieszyn,2,1,760,170
672,,Cieszyn,2,2,760,170
673,,Cieszyn Marklowice,1,2,300,260
674,,Cieszyn Marklowice,2,1,760,125
675,,Cieszyn Marklowice,2,3,250,125
676,,Cieszyn Uniwersytet,1,1,760,150
677,,Cieszyno Łobeskie,1,1,160,236
678,,Cieszyno Łobeskie,2,2,300,236
679,,Cięcina,1,1,760,150
680,,Cięcina Dolna,1,1,760,150
681,,Cikowice,1,1,550,200
682,,Cikowice,2,2,550,200
683,,Cisie,1,1,760,200
684,,Cisie,2,2,760,200
685,,Cisiec,1,1,300,200
686,,Cmolas,1,1,550,100
687,,Cybowo,1,1,260,115
688,,Cygany,1,1,550,100
689,,Cykarzew Północny,1,1,760,85
690,,Czachówek Górny,1,1a,760,200
691,,Czachówek Górny,2,2a,760,200
692,,Czachówek Południowy,1,1c,760,200
693,,Czachówek Południowy,1,3a,760,200
694,,Czachówek Południowy,2,2d,760,200
695,,Czachówek Południowy,2,4b,760,200
696,,Czachówek Wschodni,1,1,550,100
697,,Czachówek Wschodni,1,2,550,100
698,,Czaplinek,1,1,550,150
699,,Czaplinek,1,2,550,150
700,,Czarlin,1,1,760,200
701,,Czarlin,2,2,760,200
702,1045,Czarna Białostocka,2,2,380,325
703,1045,Czarna Białostocka,2,1,380,321
704,,Czarna Tarnowska,1,1,550,200
705,,Czarna Tarnowska,2,2,550,200
706,866,Czarna Woda,1,2,300,160
707,866,Czarna Woda,2,1,300,160
708,,Czarnca,1,1,760,150
709,,Czarnca,2,2,760,150
710,,Czarne,1,1,380,147
711,,Czarne,2,2,380,161
712,,Czarne Małe,1,1,550,120
713,,Czarne Małe,2,2,550,120
714,,Czarniecka Góra,1,1,300,124
715,,Czarnobór,1,1,210,153
716,,Czarnowęsy Pomorskie,1,3,300,301
717,,Czarnowęsy Pomorskie,2,1,300,306
718,,Czarny Blok,1,2,330,205
719,,Czarny Blok,2,2,330,201
720,,Czarny Blok,2,1,330,201
721,,Czaszyn,1,1,230,101
722,535,Czechowice-Dziedzice,1,1,760,372
723,535,Czechowice-Dziedzice,1,2,760,300
724,535,Czechowice-Dziedzice,2,7,760,400
725,535,Czechowice-Dziedzice,2,5,760,400
726,,Czechowice-Dziedzice Południowe,1,1,300,250
727,,Czechowice-Dziedzice Południowe,1,2,350,250
728,,Czechowice-Dziedzice Przystanek,1,1,300,204
729,,Czechowice-Dziedzice Przystanek,1,2,300,204
730,,Czechowizna,1,1,380,216
731,,Czekanów,1,2,330,210
732,,Czekanów,1,1,330,210
733,,Czeluścin,1,2,300,142
734,,Czeluścin,2,1,300,148
735,,Czempiń,1,3,760,200
736,,Czempiń,1,1,760,200
737,,Czempiń,2,4,760,200
738,,Czempiń,2,2,760,200
739,,Czepino,1,1,760,130
740,,Czepino,2,2,760,130
741,738,Czeremcha,1,3,760,200
742,738,Czeremcha,2,2,760,200
743,738,Czeremcha,2,1,760,200
744,,Czermno,1,1,300,180
745,,Czerna,1,2,550,200
746,,Czerna,2,1,550,200
747,,Czerna Mała,1,1,550,206
748,,Czerna Mała,2,2,770,206
749,,Czernica Wrocławska,1,1,550,200
750,,Czernica Wrocławska,1,2p,550,200
751,,Czerniejewo,1,2,760,150
752,,Czerniejewo,2,1,760,180
753,,Czerniewice,1,3,300,220
754,,Czerniewice,2,1,300,220
755,,Czerniewice,2,2,300,220
756,,Czernikowo,1,3,300,229
757,,Czernikowo,2,3,300,165
758,,Czernikowo,2,1,300,165
759,868,Czersk,1,6,300,90
760,868,Czersk,2,4,300,114
761,868,Czersk,3,1,300,152
762,868,Czersk,3,2,300,152
763,,Czersk Świecki,1,1,300,95
764,,Czeruchy,1,1,550,200
765,,Czeruchy,2,2,550,200
766,,Czerwieńsk,1,2,300,310
767,,Czerwieńsk,2,1,300,318
768,,Czerwieńsk,3,4,300,304
769,,Czerwieńsk,4,6,300,268
770,,Czerwionka,1,1,330,223
771,,Czerwionka,2,3,350,227
772,,Czerwionka,2,1,310,227
773,,Czerwionka Dębieńsko,1,1b,300,178
774,,Czerwonak,1,3,550,100
775,,Czerwonak,2,1,550,100
776,,Czerwonak Osiedle,1,1,550,100
777,,Czerwonka,1,3,390,242
778,,Czerwonka,1,5,390,242
779,,Czerwonka,2,2,450,353
780,,Czerwonka,2,1,450,353
781,,Czeska Wieś,1,1,300,165
782,,Czesławice,1,1,760,200
783,,Czesławice,2,2,760,200
784,539,Częstochowa,1,"2,2A",760,424
785,539,Częstochowa,1a,6,760,215
786,539,Częstochowa,1a,4,760,282
787,539,Częstochowa,2,"5,5A",760,564
788,539,Częstochowa,2,"3,3A",760,499
789,539,Częstochowa,3,15,760,483
790,539,Częstochowa,3,"11,11A",760,243
791,539,Częstochowa,4,19,760,283
792,,Częstochowa Aniołów,1,1,550,200
793,,Częstochowa Aniołów,2,2,550,200
794,,Częstochowa Gnaszyn,1,1,550,150
795,,Częstochowa Gnaszyn,1,2,550,150
796,,Częstochowa Raków,1,1,760,200
797,,Częstochowa Raków,1,85,760,200
798,,Częstochowa Raków,2,2,760,200
799,,Częstochowa Raków,2,6,760,202
800,584,Częstochowa Stradom,1,5,550,150
801,584,Częstochowa Stradom,2,1,550,310
802,584,Częstochowa Stradom,2,2,550,320
803,,Człuchów,1,5,320,163
804,,Człuchów,2,1,300,208
805,,Człuchów,2,2,300,208
806,,Czudec,1,2,550,100
807,,Czudec,1,1,550,100
808,,Czuprynowo,1,1,380,142
809,495,Czyżew,1,1a,760,400
810,495,Czyżew,2,2a,760,400
811,495,Czyżew,2,4a,760,400
812,,Czyżowice,1,1,760,151
813,,Ćmielów,1,,760,150
814,,Dalanówek,1,1,550,135
815,,Dalekie,1,1,300,210
816,,Daleszewo,1,1,760,130
817,,Daleszewo,2,2,170,246
818,,Dalęcino,1,1,300,174
819,,Dalęcino,2,1,350,239
820,,Dalęcino,2,2,350,239
821,,Damnica,2,4,760,150
822,,Damnica,2,2,760,150
823,,Daniszyn,1,1,180,235
824,,Daniszyn,2,2,300,200
825,,Dankowice,1,1,760,150
826,,Dankowice,2,2,760,150
827,,Darłowo,1,1,200,80
828,,Daszewo,1,1,550,150
829,,Dąbie koło Dębicy,1,1,760,85
830,,Dąbie nad Nerem,1,4,300,198
831,,Dąbie nad Nerem,2,1,300,298
832,,Dąbie nad Nerem,2,2,300,298
833,,Dąbkowizna,1,1,760,200
834,,Dąbroszyn,1,1,250,191
835,,Dąbroszyn,2,2,210,259
836,635,Dąbrowa Białostocka,1,1,760,250
837,635,Dąbrowa Białostocka,1,3,760,250
838,,Dąbrowa Chełmińska,1,1,300,133
839,,Dąbrowa Chełmińska Centrum,1,1,550,100
840,541,Dąbrowa Górnicza,1,"2,4",760,170
841,541,Dąbrowa Górnicza,2,1,760,300
842,541,Dąbrowa Górnicza,2,2,760,300
843,,Dąbrowa Górnicza Gołonóg,1,1,760,200
844,,Dąbrowa Górnicza Gołonóg,2,2,760,200
845,,Dąbrowa Górnicza Pogoria,1,1,760,124
846,,Dąbrowa Górnicza Pogoria,2,2,760,124
847,,Dąbrowa Górnicza Południowa,1,1,340,120
848,,Dąbrowa Górnicza Południowa,1,2,340,120
849,,Dąbrowa Górnicza Sikorka,1,1,550,200
850,,Dąbrowa Górnicza Sikorka,1,2,550,200
851,,Dąbrowa Górnicza Sikorka,2,4,760,200
852,,Dąbrowa Górnicza Strzemieszyce,1,1,760,150
853,,Dąbrowa Górnicza Strzemieszyce,1,2,760,150
854,,Dąbrowa Górnicza Wschodnia,1,1,760,150
855,,Dąbrowa Górnicza Wschodnia,1,2,760,150
856,651,Dąbrowa Górnicza Ząbkowice,1,3,550,200
857,651,Dąbrowa Górnicza Ząbkowice,2,1A,760,278
858,651,Dąbrowa Górnicza Ząbkowice,2,2,760,278
859,651,Dąbrowa Górnicza Ząbkowice,3,6,380,227
860,651,Dąbrowa Górnicza Ząbkowice,3,8A,380,279
861,,Dąbrowa Niemodlińska,1,2,550,200
862,,Dąbrowa Niemodlińska,2,1,550,200
863,,Dąbrowa Oleśnicka,1,2,300,220
864,,Dąbrowa Oleśnicka,2,1,300,187
865,,Dąbrowa-Łazy,1,1,760,200
866,,Dąbrowa-Łazy,2,2,760,200
867,,Dąbrowice Skierniewickie,1,1,760,200
868,,Dąbrowice Skierniewickie,2,2,760,200
869,,Dąbrowy,1,1,300,100
870,,Dąbrówka Jezioro Mucharskie,1,1,760,200
871,,Dąbrówka Malborska,1,1,760,200
872,,Dąbrówka Malborska,2,2,760,200
873,,Dąbrówka Wielkopolska,1,1,300,81
874,,Dąbrówka Zabłotnia,1,1,760,200
875,,Dąbrówka Zabłotnia,2,2,760,200
876,,Deszczno,1,1,300,100
877,,Dęba Opoczyńska,2,1,300,198
878,,Dęba Opoczyńska,2,3,300,255
879,,Dęba Rozalin,1,1,550,100
880,,Dębe Wielkie,1,1,760,200
881,,Dębe Wielkie,2,2,760,200
882,656,Dębica,1,1,550,400
883,656,Dębica,1,3,550,361
884,656,Dębica,2,2,550,400
885,656,Dębica,2,4,550,353
886,,Dębica Wschodnia,1,1,550,200
887,,Dębica Wschodnia,2,2,550,200
888,511,Dęblin,1,5,380,220
889,511,Dęblin,2,1b,760,400
890,511,Dęblin,2,3a,760,400
891,511,Dęblin,3,"4b,4c",760,400
892,511,Dęblin,3,2b,760,400
893,,Dębska Kuźnia,1,1,550,180
894,,Dębska Wola,1,1,760,150
895,,Dębska Wola,1,2,760,150
896,,Długi Kąt,1,1,760,150
897,,Długie,1,1,380,134
898,,Długołęka,1,1,380,150
899,,Długołęka,2,2,380,150
900,,Długopole-Zdrój,1,1,350,273
901,,Dobczyn,1,1,760,200
902,,Dobczyn,2,2,760,200
903,631,Dobiegniew,1,1,760,350
904,631,Dobiegniew,2,2,760,350
905,,Dobieszyn,1,4,760,200
906,,Dobieszyn,2,1,760,200
907,,Dobieszyn,2,2,760,200
908,,Dobino Wałeckie,1,1,380,120
909,,Doboszowice,1,1,300,232
910,,Doboszowice,2,2,400,232
911,,Dobre Miasto,1,1,760,150
912,,Dobre Miasto,1,2,760,150
913,,Dobrocin,1,1,400,215
914,,Dobroń,1,1,760,200
915,,Dobroń,2,2,760,200
916,,Dobroszyce,1,2,300,230
917,,Dobroszyce,1,4,300,230
918,,Dobroszyce,2,1,300,250
919,,Dobroszyce,2,2,300,250
920,,Dobrowoda,1,1,760,200
921,,Dobrynka,1,1,550,200
922,,Dobrynka,2,2,550,200
923,,Dobryszyce koło Radomska,1,1,550,200
924,,Dobryszyce koło Radomska,2,2,550,200
925,,Dobrzechów,1,1,550,100
926,,Dobrzechów,2,2,550,100
927,,Dobrzejewice,1,1,300,140
928,,Dobrzeń Wielki,1,2,400,225
929,,Dobrzeń Wielki,2,1,400,205
930,,Dobrzykowice Wrocławskie,1,1,760,100
931,,Dobrzykowice Wrocławskie,2,1,760,100
932,,Dobrzyniewo Duże,2,1,380,200
933,,Dobrzyń,1,1,760,150
934,,Dolice,1,2,760,200
935,,Dolice,1,1,760,200
936,,Dolice,2,2,760,200
937,,Dolna Grupa,1,1,300,100
938,,Dolna Odra,1,1,160,220
939,,Dolna Odra,1,2,190,220
940,,Dolnik,1,1,240,242
941,,Domaniewice,1,2,300,228
942,,Domaniewice,2,1,300,296
943,,Domaniewice Centrum,1,1,550,150
944,,Domanin,1,2,550,140
945,,Domanin,2,1,550,200
946,,Domasław,1,1,550,100
947,,Domaszków,1,2,350,198
948,,Domaszków,2,1,350,170
949,,Domaszków,3,3,320,205
950,,Domaszowice,1,2,300,230
951,,Domaszowice,2,1,300,270
952,,Dominów,1,1,300,252
953,,Dominów,2,2,300,252
954,,Domisław,1,1,40,138
955,,Domisław,2,2,120,153
956,,Dopiewo,1,1,550,200
957,,Dopiewo,2,2,550,200
958,741,Dorohusk,1,1b,420,302
959,741,Dorohusk,1,2d,445,302
960,741,Dorohusk,2,101S,175,427
961,,Dragacz,1,1,300,135
962,,Drawiny,1,1,760,200
963,,Drawiny,2,2,760,200
964,,Drawski Młyn,1,2,760,200
965,,Drawski Młyn,2,3,760,200
966,,Drawski Młyn,2,1,760,200
967,,Drawsko Pomorskie,1,1,550,150
968,,Drawsko Pomorskie,2,1,550,150
969,,Drawsko Pomorskie,2,2,550,150
970,,Drogomyśl,1,1,300,201
971,,Drogomyśl,2,2,300,201
972,,Drużyna Poznańska,1,1,760,200
973,,Drużyna Poznańska,2,2,760,200
974,,Drygały,1,1,760,120
975,,Drygały,1,3,760,120
976,,Drygulec,1,,760,150
977,,Drygulec,2,2,760,150
978,,Drzeńsko,1,1,300,210
979,,Drzeńsko,2,2,300,225
980,,Drzewce,1,1,550,200
981,,Drzewce,2,2,550,200
982,643,Drzewica,1,1,760,250
983,643,Drzewica,1,2,760,250
984,643,Drzewica,2,3,760,150
985,,Drzonowo,2,1,300,101
986,,Drzycim,1,1,300,170
987,,Drzymałowo,1,1,550,130
988,,Dubidze,1,1,760,85
989,,Dubidze-Kolonia,1,1,760,85
990,,Dubielno,1,1,300,115
991,,Dulowa,1,1,760,200
992,,Dulowa,2,2,760,200
993,,Dunowo,1,1,150,257
994,961,Duszniki-Zdrój,1,1,550,150
995,961,Duszniki-Zdrój,2,3,550,200
996,,Dwikozy,1,2,760,200
997,,Dwikozy,1,1,760,200
998,,Dwory,1,1,300,200
999,,Dwory,1,2,300,200
1000,,Dygowo,1,2,550,150
1001,,Dygowo,2,1,300,150
1002,,Dytmarów,1,1,300,218
1003,,Dytmarów,2,2,300,211
1004,571,Działdowo,1,2,550,300
1005,571,Działdowo,2,2,550,300
1006,571,Działdowo,2,1,550,300
1007,571,Działdowo,3,6,550,315
1008,571,Działdowo,3,4,550,315
1009,,Działoszyn,1,2,760,301
1010,,Działoszyn,2,1,874,298
1011,,Dziembówko,1,2,760,200
1012,,Dziembówko,1,1,760,200
1013,,Dziemiany Kaszubskie,1,1,760,150
1014,,Dziergowice,1,1,760,120
1015,,Dziergowice,2,2,760,120
1016,,Dzierżanów Wielkopolski,1,1,150,210
1017,,Dzierżanów Wielkopolski,2,2,340,217
1018,,Dzierżążno,1,1,760,150
1019,,Dzierżążno,1,3,760,150
1020,846,Dzierżoniów Śląski,1,1,380,237
1021,846,Dzierżoniów Śląski,2,6,380,265
1022,846,Dzierżoniów Śląski,2,2,380,265
1023,,Dzietrzniki,1,1,280,173
1024,,Dziewule,1,1,550,200
1025,,Dziewule,2,2,550,200
1026,,Dzięczyn,1,2,300,133
1027,,Dzięczyn,2,1,170,134
1028,,Dziwno,1,1,760,125
1029,787,Elbląg,1,6,300,300
1030,787,Elbląg,2,4,350,229
1031,787,Elbląg,2,2,350,229
1032,787,Elbląg,3,1,350,284
1033,787,Elbląg,3,3,350,244
1034,728,Ełk,1,4,760,300
1035,728,Ełk,1,6,270,250
1036,728,Ełk,2,2b,760,400
1037,728,Ełk,2,1,760,400
1038,728,Ełk,3,3,760,400
1039,728,Ełk,3,5,760,400
1040,,Ełk Szyba Wschód,1,1,760,165
1041,,Ełk Szyba Zachód,1,1,760,120
1042,,Fałkowo,1,1,760,150
1043,,Fałkowo,2,2,550,200
1044,,Fasty,1,1,380,200
1045,,Firlus,1,1,550,125
1046,,Fiszewo,1,1,320,234
1047,,Fiszewo,2,2,340,215
1048,,Fosowskie,3,1,550,180
1049,,Fosowskie,4,2,550,190
1050,,Fosowskie,4,4,550,190
1051,,Fronołów,1,1,300,130
1052,,Fronołów,2,2,300,130
1053,,Frysztak,1,1,550,100
1054,,Frysztak,1,3,550,100
1055,,Gajówka,1,2,760,150
1056,,Gajówka,2,1,760,150
1057,,Gałęzinowo,1,1,760,100
1058,,Gałkówek,1,2,760,200
1059,,Gałkówek,2,1,760,200
1060,,Gamerki Wielkie,1,1,400,215
1061,,Gamerki Wielkie,2,2,400,245
1062,,Gamerki Wielkie,2,1,400,245
1063,,Garbatka-Letnisko,1,5,300,190
1064,,Garbatka-Letnisko,2,1,300,253
1065,,Garbatka-Letnisko,2,2,300,245
1066,,Garbce,1,1,550,200
1067,,Garbce,2,2,550,200
1068,,Garczegorze,1,1,300,228
1069,,Garczyn,1,1,300,130
1070,,Gardeja,1,1,760,125
1071,,Gardeja,1,2,760,125
1072,,Garki,1,1,760,150
1073,,Garwolin,1,1,760,200
1074,,Garwolin,2,2,760,200
1075,,Gawrony,1,1,300,234
1076,,Gąbin,1,1,350,100
1077,,Gądki,1,2,550,200
1078,,Gądki,1,1,550,200
1079,,Gądków Wielki,1,1,300,200
1080,,Gądków Wielki,2,2,300,303
1081,,Gągławki,1,2,760,150
1082,,Gągławki,1,1,760,150
1083,,Gąsawy Plebańskie,1,1,300,193
1084,,Gąsawy Plebańskie,2,2,300,200
1085,,Gąsocin,1,3,550,190
1086,,Gąsocin,1,1,550,200
1087,,Gąsocin,2,2,550,200
1088,,Gdakowo,1,1,760,200
1089,,Gdakowo,2,2,760,200
1090,557,Gdańsk Główny,1,4,760,425
1091,557,Gdańsk Główny,1,2,760,425
1092,557,Gdańsk Główny,2,1,760,425
1093,557,Gdańsk Główny,2,3,760,425
1094,,Gdańsk Kokoszki,1,1,760,150
1095,,Gdańsk Kokoszki,2,2,760,150
1096,,Gdańsk Lipce,1,1,760,217
1097,,Gdańsk Lipce,2,2,760,200
1098,559,Gdańsk Oliwa,1,2,760,400
1099,559,Gdańsk Oliwa,1,1,760,400
1100,,Gdańsk Orunia,1,1,760,200
1101,,Gdańsk Orunia,2,2,760,200
1102,,Gdańsk Osowa,1,1,760,160
1103,,Gdańsk Osowa,1,3,760,160
1104,,Gdańsk Osowa,2,4,760,160
1105,,Gdańsk Osowa,2,2,760,160
1106,,Gdańsk Stadion Expo,1,31,760,215
1107,558,Gdańsk Wrzeszcz,1,4,760,351
1108,558,Gdańsk Wrzeszcz,1,2,760,430
1109,558,Gdańsk Wrzeszcz,2,1,760,431
1110,558,Gdańsk Wrzeszcz,2,3,760,450
1111,,Gdynia Chylonia,2,2,760,300
1112,,Gdynia Chylonia,2,1,760,300
1113,,Gdynia Chylonia,3,3,330,126
1114,561,Gdynia Główna,2,1,760,189
1115,561,Gdynia Główna,2,2,760,241
1116,561,Gdynia Główna,3,4,760,445
1117,561,Gdynia Główna,3,5,760,401
1118,561,Gdynia Główna,4,7,760,408
1119,561,Gdynia Główna,4,6,760,399
1120,561,Gdynia Główna,5,9,550,439
1121,561,Gdynia Główna,5,10,550,439
1122,,Gdynia Karwiny,1,101,760,167
1123,,Gdynia Karwiny,2,12,760,164
1124,,Gdynia Orłowo,2,2,760,200
1125,,Gdynia Orłowo,2,1,760,200
1126,,Gdynia Stadion,1,101,760,155
1127,,Gdynia Stadion,2,102,760,155
1128,,Geniusze,1,1,380,210
1129,,Gębarzewo,1,2,760,150
1130,,Gębarzewo,2,1,760,180
1131,,Gierałtów,1,1,300,200
1132,,Gierałtów Wykroty,1,3,300,198
1133,,Gierałtów Wykroty,2,1,300,193
1134,,Gierwaty,1,1,300,300
1135,,Gierwaty,1,2,300,300
1136,,Gilów,1,1,300,236
1137,476,Giżycko,2,4,760,300
1138,476,Giżycko,2,2,760,300
1139,,Gliniczek,1,1,550,100
1140,,Gliniszcze,1,1,760,120
1141,,Glinnik,1,3,550,150
1142,,Glinnik,2,1,550,150
1143,,Glinnik Wieś,1,1,550,150
1144,677,Gliwice,1,4,760,310
1145,677,Gliwice,1,3,760,284
1146,677,Gliwice,2,6,760,303
1147,677,Gliwice,2,5,760,373
1148,677,Gliwice,3,8,760,316
1149,677,Gliwice,3,7,760,316
1150,677,Gliwice,4,11,760,275
1151,677,Gliwice,4,9,760,288
1152,,Gliwice Kuźnica,1,1,770,200
1153,,Gliwice Kuźnica,2,2,770,200
1154,,Gliwice Łabędy,1,2,900,200
1155,,Gliwice Łabędy,1,1,900,200
1156,,Gliwice Łabędy,3,1Płn,760,80
1157,,Głębokie Międzyrzeckie,1,1,300,106
1158,686,Głogów,1,16,380,380
1159,686,Głogów,1,18,380,380
1160,686,Głogów,2,2,380,370
1161,686,Głogów,2,4,380,409
1162,686,Głogów,3,1,380,348
1163,686,Głogów,4,5,380,162
1164,686,Głogów,4,7,380,162
1165,,Głogów Huta,1,1,550,200
1166,,Głogów Huta,2,2,550,200
1167,,Głogów Krzepów,1,1,760,150
1168,,Głogów Krzepów,1,2,760,150
1169,,Głogów Małopolski,1,1,550,200
1170,,Głogów Małopolski,1,2,550,200
1171,,Głogów Małopolski Niwa,1,1,760,100
1172,,Głogów Małopolski Południowy,1,1,760,100
1173,,Głogów Wróblin,1,2,400,256
1174,,Głogów Wróblin,2,2,760,200
1175,839,Głogówek,1,1,300,256
1176,839,Głogówek,2,2,300,201
1177,,Głogówko,2,1,300,110
1178,,Głowaczewo,1,1,350,100
1179,,Głowno,1,2,550,200
1180,,Głowno,2,1,550,200
1181,,Głowno Północne,1,1,550,150
1182,,Głuchołazy,1,1,300,225
1183,,Głuchołazy,2,2,300,230
1184,,Głuchołazy,2,6,300,230
1185,,Głuchołazy Miasto,1,1,300,150
1186,,Głuchowo,1,1,300,90
1187,,Głuchów,1,1,550,200
1188,,Głuchów,2,2,550,200
1189,,Głuszyca,1,1,350,240
1190,,Głuszyca,2,2,300,225
1191,,Głuszyca Górna,1,2,350,270
1192,,Głuszyca Górna,2,1,230,220
1193,,Głuszyno Pomorskie,1,1,760,150
1194,,Gniewczyna,1,1,300,220
1195,,Gniewkowo,1,2,760,150
1196,,Gniewkowo,2,1,760,150
1197,,Gniewkowo,2,3,760,150
1198,727,Gniezno,1,4,300,245
1199,727,Gniezno,1a,70,300,225
1200,727,Gniezno,2,1,300,390
1201,727,Gniezno,2,2,300,390
1202,727,Gniezno,3,9,300,230
1203,727,Gniezno,3,7,300,290
1204,,Gniezno Winiary,1,1,300,100
1205,,Gniezno Winiary,2,2,300,145
1206,,Gniezno Winiary,3,4,300,145
1207,,Goczałkowice,1,1,760,198
1208,,Goczałkowice,2,2,760,180
1209,,Goczałkowice-Zdrój,1,1,760,200
1210,,Goczałkowice-Zdrój,2,2,760,200
1211,,Goczałków,1,1,130,200
1212,,Godętowo,1,1,300,225
1213,,Godętowo,1,3,300,225
1214,,Godki,1,1,500,218
1215,,Godków,1,2,170,215
1216,,Godków,2,1,170,210
1217,,Godków,2,3,180,210
1218,,Gogolewo,1,1,120,152
1219,,Gogolewo,2,2,190,152
1220,853,Gogolin,1,1p,550,200
1221,853,Gogolin,2,2p,760,200
1222,853,Gogolin,2,6p,760,200
1223,692,Goleniów,1,2,550,414
1224,692,Goleniów,2,1,550,382
1225,692,Goleniów,2,3,550,275
1226,,Goleniów Park Przemysłowy,1,1,760,130
1227,,Goleniów Park Przemysłowy,2,2,760,130
1228,956,Goleszów,1,1,760,230
1229,956,Goleszów,1,2,760,230
1230,956,Goleszów,2,3,760,150
1231,956,Goleszów,2,5,760,150
1232,,Goleszów Górny,1,1,760,150
1233,,Golęczewo,1,1,760,200
1234,,Golęczewo,2,2,760,200
1235,,Golina,1,1,760,150
1236,,Goliszów,1,1,350,181
1237,,Gołańcz,1,3,250,185
1238,,Gołańcz,2,1,300,200
1239,,Gołańcz,2,2,300,200
1240,,Gołaszewo Kujawskie,1,1,300,238
1241,,Gołaszewo Kujawskie,2,2,300,240
1242,,Gołąb,1,1,760,200
1243,,Gołąb,2,2,760,200
1244,,Gołotczyzna,1,1,550,200
1245,,Gołotczyzna,2,2,550,200
1246,967,Gomunice,1,1,550,200
1247,967,Gomunice,2,2,550,200
1248,,Goniądz,1,1,380,202
1249,,Gorlice,1,5,350,160
1250,,Gorlice Glinik,1,1,240,180
1251,815,Gorlice Zagórzany,1,7,380,150
1252,815,Gorlice Zagórzany,2,1,300,300
1253,815,Gorlice Zagórzany,2,2,300,300
1254,,Gorzanów,1,1,380,235
1255,,Gorzanów,2,2,380,190
1256,,Gorzelin,1,1,760,150
1257,,Gorzędów,1,1,550,200
1258,,Gorzędów,2,2,550,200
1259,966,Gorzkowice,1,2,550,200
1260,966,Gorzkowice,1,1,550,200
1261,,Gorzów Chrzanowski,1,1,760,200
1262,,Gorzów Chrzanowski,2,2,760,200
1263,878,Gorzów Wielkopolski,1,2,550,320
1264,878,Gorzów Wielkopolski,1,1,550,335
1265,878,Gorzów Wielkopolski,2,4,550,210
1266,878,Gorzów Wielkopolski,4,51,550,141
1267,878,Gorzów Wielkopolski,4,53,550,141
1268,,Gorzów Wielkopolski Karnin,1,1,300,123
1269,,Gorzów Wielkopolski Wieprzyce,1,1,300,274
1270,,Gorzów Wielkopolski Wieprzyce,2,2,300,292
1271,877,Gorzów Wielkopolski Wschodni,1,102,550,100
1272,,Gorzów Wielkopolski Zamoście,1,1,300,153
1273,,Gorzów Wielkopolski Zieleniec,1,1,300,129
1274,,Gorzów Wielkopolski Zieleniec,2,1,300,145
1275,,Gorzów Wielkopolski Zieleniec,2,2,300,145
1276,,Gorzuchowo Chełmińskie,1,1,550,200
1277,,Gorzuchów Kłodzki,1,2,380,185
1278,,Gorzupia,1,1,250,238
1279,,Gorzupia,2,2,80,238
1280,544,Gostynin,1,4,300,179
1281,544,Gostynin,2,1,300,280
1282,544,Gostynin,2,2,300,280
1283,1097,Goszcza,1,2,760,200
1284,1097,Goszcza,1,1,760,200
1285,,Goszczowice,1,1,550,85
1286,,Gościcino Wejherowskie,1,2,300,180
1287,,Gościcino Wejherowskie,2,1,300,215
1288,,Gościszewo,1,1,760,125
1289,,Gośniewice,1,1,760,200
1290,,Gośniewice,2,2,760,200
1291,,Goświnowice,1,1,300,265
1292,,Goświnowice,2,2,300,220
1293,,Goworowo,1,1,300,200
1294,,Gozdowo,1,1,300,216
1295,,Góra Kalwaria,1,1,550,110
1296,,Góra Kalwaria,1,2,550,110
1297,,Górażdże,1,1,760,200
1298,,Górażdże,2,2,760,200
1299,,Górka Duchowna,1,1,760,200
1300,,Górka Duchowna,2,2,760,200
1301,,Górki Noteckie,1,1,300,255
1302,,Górki Noteckie,2,2,300,218
1303,,Górki Pomorskie,1,1,270,122
1304,,Górki Śląskie,1,1,760,200
1305,,Górki Śląskie,2,2,760,200
1306,,Górowo,1,2,400,222
1307,,Górowo,2,2,400,218
1308,,Górowo,2,1,400,218
1309,,Górzyca,1,1,760,150
1310,,Górzyca,2,2,760,150
1311,,Górzyca Reska,1,1,380,100
1312,,Górzyniec,1,1,320,150
1313,,Grabik,1,1,100,100
1314,,Grabiny,1,1,550,200
1315,,Grabiny,2,2,550,200
1316,,Grabniak,1,1,760,200
1317,,Grabniak,2,2,760,200
1318,599,Grabowno Wielkie,1,1,760,200
1319,599,Grabowno Wielkie,2,2,760,200
1320,,Grabowo,1,1,760,150
1321,,Grabowo,1,2,760,150
1322,,Grabów nad Pilicą,1,1,760,200
1323,,Grabów nad Pilicą,2,2,760,200
1324,,Grabów Szlachecki,1,1,760,150
1325,,Grabów Szlachecki,2,2,760,150
1326,729,Grajewo,1,2,400,221
1327,729,Grajewo,2,1,300,300
1328,729,Grajewo,2,3,300,300
1329,,Gralewo,1,1,550,200
1330,,Gralewo,2,4,550,200
1331,,Gralewo,2,2,550,200
1332,,Granowiec,1,1,760,150
1333,,Granowiec,2,3,760,150
1334,,Granowo,1,3,550,131
1335,,Granowo,1,1,550,131
1336,,Grąblewo,1,1,550,130
1337,,Gregorowce,1,3,300,225
1338,,Gregorowce,2,1,350,213
1339,,Gregorowce,2,3,350,213
1340,,Gregorowce Południowe,1,1,760,120
1341,,Grębocice,1,1,760,109
1342,,Grębocice,2,2,760,150
1343,,Grębocin,1,1,300,140
1344,,Gręboszów,1,2,300,229
1345,,Gręboszów,2,1,300,191
1346,,Grębów,2,1,350,300
1347,,Grębów,2,2,350,300
1348,,Grochowiska,1,1,760,150
1349,,Grodków Śląski,1,1,300,243
1350,,Grodzie,1,1,760,85
1351,647,Grodzisk Mazowiecki,1,4,760,250
1352,647,Grodzisk Mazowiecki,2,14,760,300
1353,647,Grodzisk Mazowiecki,2,3,760,300
1354,,Grodzisk Wielkopolski,1,1,300,167
1355,,Grodzisk Wielkopolski,2,3,550,170
1356,,Grodzisk Wielkopolski,2,5,550,140
1357,,Grodzisko Dolne,1,1,380,200
1358,,Grodzisko Dolne,1,2,470,200
1359,,Grodziszcze Mazowieckie,1,1,550,200
1360,,Grodziszcze Mazowieckie,2,2,550,200
1361,,Grom,1,1,550,125
1362,,Gromnik,1,3,350,250
1363,,Gromnik,1,1,350,250
1364,,Gronajny,1,1,760,200
1365,,Gronajny,2,2,760,200
1366,,Gronowo Elbląskie,1,1,380,252
1367,,Gronowo Elbląskie,2,2,380,272
1368,,Gronowo Elbląskie,2,1,380,272
1369,,Groszowice Wrzosów,1,1,760,200
1370,,Groszowice Wrzosów,2,2,760,200
1371,,Grotniki,1,1,550,150
1372,,Gródek,1,1,760,100
1373,861,Grudziądz,1,2,550,200
1374,861,Grudziądz,1,3,550,200
1375,861,Grudziądz,2,4,300,235
1376,861,Grudziądz,2,5,300,235
1377,861,Grudziądz,3,7,300,200
1378,861,Grudziądz,3,6,300,200
1379,,Grudziądz Mniszek,1,1,550,125
1380,,Grudziądz Mniszek,1,2,550,125
1381,,Grudziądz Owczarki,1,1,300,255
1382,,Grudziądz Owczarki,2,3,300,195
1383,,Grudziądz Owczarki,2,1,300,195
1384,,Grudziądz Przedmieście,1,1,550,125
1385,,Grudziądz Rządz,1,1,550,125
1386,,Grudziądz Śródmieście,1,1,550,125
1387,,Grudziądz Tuszewo,1,1,760,125
1388,,Grupa,1,3,300,95
1389,,Grupa,2,1,300,185
1390,835,Grybów,1,1,760,200
1391,835,Grybów,1,2,760,200
1392,,Gryfice,1,2,190,218
1393,,Gryfice,2,1,190,238
1394,691,Gryfino,1,1,760,346
1395,691,Gryfino,1,2,760,300
1396,691,Gryfino,2,7,760,200
1397,,Gryfów Śląski,1,1,350,289
1398,,Gryfów Śląski,1,3,300,321
1399,,Gryfów Śląski,2,5,300,213
1400,,Gryfów Śląski,2,7,300,213
1401,,Grylewo,1,1,200,130
1402,,Gryźliny,1,1,760,150
1403,,Grzegorzewo,1,1,550,200
1404,,Grzędzice,1,1,760,200
1405,,Grzędzice,2,2,760,200
1406,,Grzęska,1,1,550,200
1407,,Grzęska,2,2,550,200
1408,,Grzmiąca,1,3,100,141
1409,,Grzmiąca,2,2,300,321
1410,,Grzmiąca,2,1,300,321
1411,,Grzybno,1,1,300,90
1412,,Grzywna,1,1,550,125
1413,,Gubin,1,2,300,100
1414,,Gułtowy,1,1,550,200
1415,,Gułtowy,2,2,550,200
1416,,Gutowiec,1,2,300,100
1417,,Gutowiec,2,1,550,100
1418,,Gutowo Wielkopolskie,1,1,550,200
1419,,Gutowo Wielkopolskie,2,2,550,200
1420,,Gwda Mała,2,1,380,75
1421,,Gzin,1,1,300,145
1422,739,Hajnówka,1,2,760,200
1423,739,Hajnówka,2,1,760,200
1424,739,Hajnówka,3,4,760,120
1425,739,Hajnówka,4,10,760,250
1426,739,Hajnówka,5,10a,750,250
1427,,Halinów,1,1,760,200
1428,,Halinów,2,2,760,200
1429,,Hartowiec,1,1,550,200
1430,,Hartowiec,2,2,550,200
1431,1033,Hel,1,1,760,170
1432,1033,Hel,1,4,760,90
1433,1033,Hel,2,3,760,225
1434,1033,Hel,2,5,760,225
1435,,Henrykowo,1,1,760,85
1436,,Henryków,1,3,320,235
1437,,Henryków,2,1,380,295
1438,,Herby Nowe,1,2,760,150
1439,,Herby Nowe,1,1,760,150
1440,,Herby Nowe,2,2x,760,150
1441,,Herby Nowe,2,4,760,150
1442,,Herby Stare,1,103,550,150
1443,,Herby Stare,2,1,550,200
1444,,Herby Stare,2,2,550,200
1445,,Hermanowice,1,1,38,85
1446,,Hołówki Duże,1,1,760,120
1447,,Hordzieżka,1,1,760,150
1448,,Hordzieżka,2,2,760,150
1449,,Horyniec-Zdrój,1,1,350,80
1450,,Horyniec-Zdrój,1,3,400,250
1451,,Hrebenne,1,1,615,200
1452,,Hrebenne,1,2,605,200
1453,797,Hrubieszów Miasto,1,2,365,223
1454,797,Hrubieszów Miasto,1,1,360,223
1455,797,Hrubieszów Miasto,2,2,355,107
1456,,Hryniewicze,1,1,760,120
1457,,Hucisko,1,1,280,200
1458,,Hurko,1,5,760,100
1459,,Huta,1,1,760,150
1460,,Huta,2,2,760,150
1461,,Huta Komorowska,1,1,550,100
1462,,Huta Krzeszowska,1,1,300,304
1463,554,Iława Główna,1,2,760,392
1464,554,Iława Główna,1,1,760,393
1465,554,Iława Główna,2,4,760,400
1466,554,Iława Główna,2,5,760,400
1467,554,Iława Główna,3,6,760,400
1468,554,Iława Główna,3,7,760,400
1469,,Iława Miasto,1,1,760,200
1470,,Iława Miasto,2,2,760,200
1471,,Iłowa Żagańska,1,1,300,265
1472,,Iłowiec,1,1,760,200
1473,,Iłowiec,2,2,760,200
1474,,Iłowo,1,1,550,200
1475,,Iłowo,2,2,550,200
1476,,Imbramowice,1,2,760,200
1477,,Imbramowice,2,1,300,200
1478,,Imielin,1,1,760,120
1479,,Imielin,1,2,760,120
1480,725,Inowrocław,1,6,300,370
1481,725,Inowrocław,1,8,300,370
1482,725,Inowrocław,2,4,300,390
1483,725,Inowrocław,3,1,300,400
1484,725,Inowrocław,4,3,300,288
1485,725,Inowrocław,4,5,300,288
1486,782,Inowrocław Rąbinek,2,2,380,266
1487,,Inwałd,1,1,760,150
1488,,Iwin,1,1,320,136
1489,,Iwin,2,1,300,219
1490,,Iwin,2,2,300,219
1491,,Iwiny,1,1,760,150
1492,,Iwiny,2,2,760,150
1493,,Izabelów,1,1,760,150
1494,,Izabelów,2,2,760,150
1495,803,Izbica,1,1,390,90
1496,720,Jabłonowo Pomorskie,1,1,300,420
1497,720,Jabłonowo Pomorskie,2,4,300,362
1498,720,Jabłonowo Pomorskie,2,2,300,362
1499,720,Jabłonowo Pomorskie,3,6,300,298
1500,720,Jabłonowo Pomorskie,3,8,300,298
1501,,Jabłoń Kościelna,1,1,760,200
1502,,Jabłoń Kościelna,2,2,760,200
1503,,Jackowice,1,4,550,200
1504,,Jackowice,2,1,550,200
1505,,Jackowo Dworskie,1,1,550,200
1506,,Jackowo Dworskie,2,2,550,200
1507,,Jacków,1,1,550,200
1508,,Jacków,2,2,550,200
1509,,Jadachy,1,1,550,100
1510,,Jadwiżyn,1,1,300,202
1511,,Jadwiżyn,2,2,300,202
1512,,Jagodzin,1,1,170,120
1513,,Jaksice,1,1,300,320
1514,,Jaksice,1,2,300,320
1515,,Jaksice,2,3,300,275
1516,,Jaktorów,1,1,760,200
1517,,Jaktorów,2,2,760,200
1518,,Jakubowice,1,2,760,300
1519,,Jakubowice,2,1,760,300
1520,,Jakubowice,2,3,760,300
1521,,Jamielnik,1,1,380,300
1522,,Jamielnik,2,4,380,317
1523,,Jamielnik,2,2,380,317
1524,,Janikowo,1,1,300,219
1525,,Janikowo,2,1,300,321
1526,,Janikowo,2,2,300,321
1527,,Janinów,1,2,300,220
1528,,Janinów,2,1,280,150
1529,,Jankowa,1,1,350,250
1530,,Jankowa Żagańska,1,1,300,90
1531,,Jankowa Żagańska,2,2,300,210
1532,,Jankowa Żagańska,4,3,300,85
1533,,Jankowce,1,1,201,117
1534,,Jankowo Dolne,1,1,550,150
1535,,Jankowo Dolne,2,2,550,150
1536,,Jankowo Pomorskie,1,2,300,174
1537,,Jankowo Pomorskie,2,1,260,174
1538,,Janków Przygodzki,1,1,550,150
1539,,Janków Przygodzki,2,2,250,252
1540,,Janowice Wielkie,1,2,550,250
1541,,Janowice Wielkie,2,1,550,250
1542,,Janówek,1,1,760,200
1543,,Janówek,2,2,760,200
1544,638,Jarocin,1,"21A,21B",550,390
1545,638,Jarocin,1,22,550,390
1546,638,Jarocin,2,6,350,290
1547,638,Jarocin,2,4,350,290
1548,638,Jarocin,3,256,550,214
1549,638,Jarocin,3a,23,550,163
1550,669,Jarosław,1,4,550,280
1551,669,Jarosław,2,1,550,400
1552,669,Jarosław,2,2,550,400
1553,,Jarosty,1,1,550,200
1554,,Jarosty,2,2,550,200
1555,,Jaroszowiec Olkuski,1,1,300,296
1556,,Jaroszowiec Olkuski,1,2,300,296
1557,,Jarszewo,1,1,200,111
1558,,Jarzębia Łąka,1,1,550,200
1559,,Jarzębiec,1,1,760,85
1560,,Jasice,1,1,760,150
1561,,Jasice,2,2,760,150
1562,,Jasienica Dolna,1,1,550,85
1563,,Jasienica Mazowiecka,1,1,760,200
1564,,Jasienica Mazowiecka,2,2,760,200
1565,,Jasień Brzeski,1,1,550,200
1566,,Jasień Brzeski,2,2,550,200
1567,,Jasiona,1,2,760,200
1568,,Jasiona,2,1,760,200
1569,,Jasionka Lotnisko,1,1,760,100
1570,,Jasionka Lotnisko,1,3,760,100
1571,,Jasionna Łowicka,1,1,760,200
1572,,Jasionna Łowicka,2,2,760,200
1573,,Jaski,1,1,760,100
1574,817,Jasło,1,2,400,188
1575,817,Jasło,2,1,380,300
1576,817,Jasło,2,3,380,300
1577,,Jasło Fabryczne,1,1,550,100
1578,,Jasło Niegłowice,1,1,300,202
1579,1196,Jastarnia,1,1,760,225
1580,1196,Jastarnia,1,3,760,225
1581,,Jastarnia Wczasy,1,1,760,125
1582,703,Jastrowie,1,2,250,192
1583,703,Jastrowie,2,1,260,300
1584,703,Jastrowie,2,3,260,300
1585,703,Jastrowie,3,5,290,215
1586,703,Jastrowie,3,9,290,215
1587,,Jastrowie Miasto,1,1,760,400
1588,,Jastrząb,1,3,300,194
1589,,Jastrząb,2,1,300,333
1590,,Jastrząb,2,2,300,333
1591,,Jastrząbka,1,3,760,150
1592,,Jastrząbka,1,1,760,150
1593,,Jastrzębie Pomorskie,1,1,300,85
1594,,Jastrzębna,1,1,210,200
1595,,Jastrzębna,1,3,270,200
1596,,Jastrzębsko,1,1,550,200
1597,,Jastrzębsko,2,2,550,200
1598,,Jaszczów,1,2,300,300
1599,,Jaszczów,1,1,330,300
1600,,Jaśkowice,1,1,760,200
1601,,Jaśkowice,2,2,760,200
1602,,Jaśkowice Legnickie,1,1,550,200
1603,,Jaśkowice Legnickie,2,2,550,200
1604,,Jaślany,1,1,760,85
1605,,Jawiszowice Jaźnik,1,1,760,150
1606,,Jawiszowice Jaźnik,2,2,760,150
1607,,Jawor,1,1,320,290
1608,,Jawor,1,2,280,290
1609,,Jawor,2,3,340,255
1610,,Jawor,2,5,250,255
1611,,Jawor,3,2,550,115
1612,,Jaworzno Ciężkowice,1,1,760,200
1613,,Jaworzno Ciężkowice,2,2,760,200
1614,,Jaworzno koło Wielunia,1,1,220,171
1615,650,Jaworzno Szczakowa,2,1,760,400
1616,650,Jaworzno Szczakowa,2,2,760,400
1617,650,Jaworzno Szczakowa,3,4,760,400
1618,650,Jaworzno Szczakowa,3,6,760,400
1619,771,Jaworzyna Śląska,1,8,760,300
1620,771,Jaworzyna Śląska,1,10,760,300
1621,771,Jaworzyna Śląska,2,6,760,150
1622,771,Jaworzyna Śląska,2,4p,760,150
1623,771,Jaworzyna Śląska,3,2p,760,300
1624,771,Jaworzyna Śląska,3,"1,1p",760,300
1625,,Jazy,1,1,550,150
1626,818,Jedlicze,1,3,0,150
1627,818,Jedlicze,2,1,0,250
1628,818,Jedlicze,2,3,0,118
1629,,Jedlicze koło Zgierza,1,1,550,200
1630,,Jedlicze Męcinka,1,1,550,100
1631,851,Jedlina-Zdrój,1,1,400,205
1632,851,Jedlina-Zdrój,2,3,550,85
1633,851,Jedlina-Zdrój,2,5,550,85
1634,,Jedlina-Zdrój Borowa,1,1,250,285
1635,,Jedlina-Zdrój Centrum,1,1,550,85
1636,,Jedlnia Kościelna,1,1,300,200
1637,,Jedlnia Kościelna,2,2,300,200
1638,,Jedlnia-Letnisko,1,3,300,155
1639,,Jedlnia-Letnisko,2,1,300,312
1640,,Jedlnia-Letnisko,2,2,300,312
1641,,Jeglia,1,1,550,200
1642,,Jeglia,2,2,550,200
1643,,Jelcz Miłoszyce,1,1,760,200
1644,,Jelcz Miłoszyce,1,2,760,200
1645,,Jelcz-Laskowice,2,1,380,215
1646,,Jelcz-Laskowice,2,2,380,263
1647,,Jelcz-Laskowice,3,4,380,263
1648,,Jelcz-Laskowice,3,6,380,214
1649,587,Jelenia Góra,1,18,550,112
1650,587,Jelenia Góra,1a,6,450,240
1651,587,Jelenia Góra,1b,12,300,120
1652,587,Jelenia Góra,1b,10,500,178
1653,587,Jelenia Góra,2,4,760,360
1654,587,Jelenia Góra,2,2k,760,360
1655,587,Jelenia Góra,3,1k,760,326
1656,587,Jelenia Góra,3,3,760,250
1657,587,Jelenia Góra,4,3,760,305
1658,587,Jelenia Góra,4,5,760,305
1659,776,Jelenia Góra Cieplice,1,1,760,150
1660,,Jelenia Góra Orle,1,1,300,140
1661,,Jelenia Góra Przemysłowa,1,1,760,150
1662,,Jelenia Góra Sobieszów,1,1,760,150
1663,,Jelenia Góra Sobieszów,2,3,760,150
1664,,Jelenia Góra Zabobrze,1,2P,760,150
1665,,Jelenia Góra Zabobrze,2,1,760,150
1666,,Jelenia Góra Zachodnia,1,2,550,150
1667,,Jelenia Góra Zachodnia,2,1,550,150
1668,,Jelenino,1,1,550,110
1669,,Jelenino,2,1,550,120
1670,,Jeleń,1,1,300,158
1671,,Jeleśnia,1,1,760,200
1672,,Jeleśnia,1,3,760,200
1673,,Jelna,1,1,410,100
1674,,Jelna,2,2,300,100
1675,,Jełowa,1,1,300,207
1676,,Jeruty,1,1,760,120
1677,,Jerzmanice Lubuskie,1,1,300,269
1678,,Jerzmanice Lubuskie,2,2,300,294
1679,,Jerzmanki,1,3,300,225
1680,,Jerzmanki,2,1,250,225
1681,,Jesionka,1,1,760,200
1682,,Jesionka,2,2,760,200
1683,,Jesionowiec,1,1,380,120
1684,,Jezierzany,1,1,550,200
1685,,Jezierzany,2,2,550,200
1686,,Jezierzyce Słupskie,2,3,760,150
1687,,Jezierzyce Słupskie,2,1,760,150
1688,,Jeziorki Wałeckie,1,1,300,65
1689,,Jeżewo,1,1,300,166
1690,,Jeżówka,1,2,760,150
1691,,Jeżówka,2,1,760,150
1692,525,Jędrzejów,1,1,300,311
1693,525,Jędrzejów,1,2,300,311
1694,,Jędrzychowice,1,1,550,200
1695,,Jędrzychowice,2,2,550,200
1696,,Jonkowo,1,1,500,215
1697,,Jordanów,1,3,760,197
1698,,Jordanów,1,1a,760,200
1699,,Józefin,1,1,760,200
1700,,Józefin,2,2,760,200
1701,,Józefów,1,1,860,190
1702,,Józefów,1,2,860,190
1703,,Józefów,2,1,760,200
1704,,Józefów Roztoczański,1,1,150,250
1705,,Jugowice,1,1,550,85
1706,,Julianka,1,4,300,99
1707,,Julianka,2,1,550,90
1708,,Julianka,2,2,550,90
1709,1197,Jurata,1,1,760,225
1710,,Justynów,1,1,760,200
1711,,Justynów,2,2,760,200
1712,,Justynów,3,2,300,200
1713,,Juszczyn,1,1,760,200
1714,,Kaczkowo,1,1,760,200
1715,,Kaczkowo,2,2,760,200
1716,,Kaczorowo,1,1,550,200
1717,,Kaczory,1,2,300,272
1718,,Kaczory,2,1,300,215
1719,,Kaczyce,1,1,760,125
1720,,Kaczyce,1,2,760,125
1721,,Kalembina,1,1,550,100
1722,,Kalety,1,3,380,247
1723,,Kalety,2,2,310,250
1724,,Kalety,2,1,310,250
1725,865,Kaliska,1,2,300,160
1726,865,Kaliska,2,1,300,160
1727,,Kaliska Kujawskie,1,4,760,200
1728,,Kaliska Kujawskie,2,2,760,200
1729,,Kaliska Kujawskie,3,1,760,200
1730,595,Kalisz,1,1,550,315
1731,595,Kalisz,2,1,300,302
1732,595,Kalisz,2,2,300,330
1733,,Kalisz Kaszubski,1,1,760,85
1734,1022,Kalisz Pomorski,1,1,290,249
1735,1022,Kalisz Pomorski,1,3,290,249
1736,1022,Kalisz Pomorski,2,2,300,223
1737,1022,Kalisz Pomorski,2,4,300,243
1738,,Kalisz Szczypiorno,1,1,290,192
1739,,Kalisz Szczypiorno,1,2,250,192
1740,,Kalisz Winiary,1,1,350,221
1741,,Kalisz Winiary,2,2,350,221
1742,,Kaliszki,1,1,760,120
1743,,Kalwaria Zebrzydowska,1,1,760,250
1744,665,Kalwaria Zebrzydowska Lanckorona,1,1,760,220
1745,665,Kalwaria Zebrzydowska Lanckorona,1,3,760,220
1746,665,Kalwaria Zebrzydowska Lanckorona,2,9,760,200
1747,,Kałęczyn,1,1,550,200
1748,,Kałęczyn,2,2,550,200
1749,,Kały,1,1,300,150
1750,844,Kamieniec Ząbkowicki,1,1,300,365
1751,844,Kamieniec Ząbkowicki,2,6,760,425
1752,844,Kamieniec Ząbkowicki,2,2,760,425
1753,844,Kamieniec Ząbkowicki,3,12,760,295
1754,844,Kamieniec Ząbkowicki,3,8,760,295
1755,844,Kamieniec Ząbkowicki,4,18,300,120
1756,844,Kamieniec Ząbkowicki,5,5,300,329
1757,,Kamienna Góra,1,2,300,260
1758,,Kamienna Góra,2,1,300,200
1759,,Kamienna Karczma,1,1,300,100
1760,,Kamienna Karczma,2,2,300,100
1761,,Kamienna Nowa,1,1,760,120
1762,,Kamień Łowicki,1,1,300,200
1763,,Kamień Mały,1,1,190,196
1764,,Kamień Mały,2,2,190,170
1765,,Kamień Pomorski,1,1,270,183
1766,,Kamień Pomorski,2,3,260,295
1767,1091,Kamieńczyce,1,1,550,200
1768,1091,Kamieńczyce,2,2,550,200
1769,,Kamieńsk,1,1,550,200
1770,,Kamieńsk,2,2,550,200
1771,,Kamionka Wielka,1,1b,300,250
1772,,Kamionka Wielka,1,2b,300,250
1773,,Kamionki Jezioro,1,1,760,150
1774,,Kamionki Jezioro,2,2,760,150
1775,,Kanie,1,1,320,300
1776,,Kanie,1,2,310,300
1777,,Kaniów,1,1,760,150
1778,,Kaniów,2,2,760,150
1779,,Karcino,1,1,300,100
1780,,Karczyn,1,3,300,289
1781,,Karczyn,2,1,300,304
1782,,Karczyn,2,2,300,304
1783,,Karlino,1,1,200,314
1784,,Karlino,2,3,250,297
1785,,Karłowice,1,1,380,240
1786,,Karłowice,2,2,300,285
1787,,Karnkowo,1,1,300,150
1788,,Karolinówka,1,1,230,182
1789,,Karsin,1,1,300,123
1790,,Kartuzy,1,4.,760,200
1791,,Kartuzy,2,2,760,200
1792,,Kartuzy,2,1,760,200
1793,,Karwice,1,3,300,231
1794,,Karwice,2,1,300,231
1795,,Karzec,2,2,80,127
1796,,Karzec,3,1,70,127
1797,532,Katowice,1,7,760,308
1798,532,Katowice,1,9,760,289
1799,532,Katowice,2,1,760,325
1800,532,Katowice,2,3,760,276
1801,532,Katowice,3,4,760,360
1802,532,Katowice,3,2,760,334
1803,,Katowice Brynów,1,1,900,206
1804,,Katowice Brynów,2,2,900,201
1805,,Katowice Kostuchna,1,1,760,200
1806,1017,Katowice Ligota,1,3,860,251
1807,1017,Katowice Ligota,1,5,860,251
1808,1017,Katowice Ligota,2,1,850,251
1809,1017,Katowice Ligota,2,2,850,251
1810,1017,Katowice Ligota,3,10,760,200
1811,1017,Katowice Ligota,3,8,760,200
1812,,Katowice Murcki,1,1,760,200
1813,,Katowice Ochojec,1,1,760,200
1814,,Katowice Piotrowice,1,1,310,239
1815,,Katowice Piotrowice,2,1,250,197
1816,,Katowice Piotrowice,3,2,250,206
1817,,Katowice Podlesie,1,1,760,200
1818,,Katowice Podlesie,2,2,770,200
1819,,Katowice Podlesie Dąbrowa,1,1,760,200
1820,,Katowice Szopienice Południowe,1,2,760,200
1821,,Katowice Szopienice Południowe,1,1,760,200
1822,,Katowice Szopienice Południowe,2,2,650,200
1823,,Katowice Szopienice Południowe,2,1,650,200
1824,,Katowice Załęże,1,2,760,200
1825,,Katowice Załęże,1,1,760,200
1826,,Katowice Zawodzie,1,2,800,212
1827,,Katowice Zawodzie,1,1,800,212
1828,,Katowice Zawodzie,2,4,250,203
1829,,Katowice Zawodzie,2,3,250,203
1830,,Kawcze,1,1,760,100
1831,,Kawcze,1,2,760,100
1832,,Kawnice,1,1,300,200
1833,,Kawnice,2,2,300,200
1834,,Kąkolewo,1,5,350,161
1835,,Kąkolewo,2,3,320,196
1836,,Kąkolewo,3,1,300,247
1837,,Kąkolewo,4,2,200,227
1838,,Kątne,1,1,550,200
1839,,Kątne,2,2,550,200
1840,,Kąty Wrocławskie,1,2,550,250
1841,,Kąty Wrocławskie,2,1,240,200
1842,712,Kędzierzyn-Koźle,1,5,760,310
1843,712,Kędzierzyn-Koźle,1a,22,400,255
1844,712,Kędzierzyn-Koźle,2,1,760,300
1845,712,Kędzierzyn-Koźle,2,3,760,320
1846,712,Kędzierzyn-Koźle,3,2,760,240
1847,712,Kędzierzyn-Koźle,3,4,760,307
1848,712,Kędzierzyn-Koźle,4,6,750,270
1849,712,Kędzierzyn-Koźle,4,8,750,270
1850,,Kędzierzyn-Koźle Azoty,1,2z,300,180
1851,,Kędzierzyn-Koźle Azoty,2,1z,300,180
1852,,Kędzierzyn-Koźle Przystanek,1,2,300,153
1853,,Kędzierzyn-Koźle Przystanek,2,1,300,230
1854,,Kędzierzyn-Koźle Zachodnie,1,2,300,240
1855,,Kędzierzyn-Koźle Zachodnie,2,1,300,235
1856,,Kępa,1,1,760,150
1857,,Kępice,1,2,760,100
1858,,Kępice,1,1,760,100
1859,,Kępka,1,1,760,100
1860,682,Kępno,1,2,550,189
1861,682,Kępno,2,3,350,404
1862,682,Kępno,2,1,350,404
1863,682,Kępno,3,2,550,300
1864,682,Kępno,4,1,550,294
1865,,Kęszyce,1,1,760,200
1866,,Kęszyce,2,2,760,200
1867,481,Kętrzyn,1,3,760,322
1868,481,Kętrzyn,1,5,760,322
1869,481,Kętrzyn,2,1,760,292
1870,856,Kęty,1,1,370,200
1871,856,Kęty,1,2,340,200
1872,,Kęty Podlesie,1,1,400,180
1873,,Kiekrz,1,2,760,200
1874,,Kiekrz,2,1,760,201
1875,,Kiekrz,2,3,760,201
1876,,Kielce Białogon,1,1,300,200
1877,,Kielce Białogon,2,2,300,200
1878,524,Kielce Główne,1,4,760,460
1879,524,Kielce Główne,1,6,760,200
1880,524,Kielce Główne,2,1,300,482
1881,524,Kielce Główne,2,2,300,482
1882,524,Kielce Główne,3,5,300,482
1883,524,Kielce Główne,3,3,300,482
1884,,Kielce Herbskie,1,1,760,150
1885,,Kielce Herbskie,1,2,760,150
1886,,Kielce Piaski,1,1,300,230
1887,,Kielce Piaski,2,2,300,230
1888,,Kielce Słowik,1,1,300,200
1889,,Kielce Słowik,2,2,300,198
1890,,Kielce Ślichowice,1,1S,760,200
1891,,Kielce Ślichowice,2,2S,760,200
1892,,Kielcza,1,1,350,190
1893,,Kielcza,2,2,350,217
1894,,Kielcza,2,4,350,217
1895,,Kietlanka,1,1,760,200
1896,,Kietlanka,2,2,760,200
1897,,Kije,1,1,760,150
1898,,Kity,1,1,760,200
1899,,Kity,2,2,760,200
1900,,Klecza Dolna,1,1,280,200
1901,,Klecza Górna,1,1,310,200
1902,,Klembów,1,1,760,200
1903,,Klembów,2,2,760,200
1904,,Klementowice,1,1,760,200
1905,,Klementowice,2,2,760,200
1906,,Klepacze,1,1,760,200
1907,,Klepacze,2,2,760,200
1908,,Kleszczele,1,1,760,200
1909,,Klewki,1,1,550,125
1910,,Klępnica,1,1,550,200
1911,1087,Klimontów,1,1,760,200
1912,,Kliniska,1,2,550,200
1913,,Kliniska,2,1a,550,200
1914,680,Kluczbork,1,1płd,300,381
1915,680,Kluczbork,2,2płd,300,288
1916,680,Kluczbork,2,4płd,300,288
1917,680,Kluczbork,3,2wsch,300,395
1918,680,Kluczbork,4,1wsch,300,391
1919,,Kłaj,1,1,550,200
1920,,Kłaj,2,2,550,200
1921,,Kłobuck,1,1,760,301
1922,,Kłobuck,2,2,760,301
1923,,Kłodawa,1,3,550,200
1924,,Kłodawa,1,1,550,200
1925,,Kłodawa,2,2,550,200
1926,,Kłodawa,2,4,550,200
1927,848,Kłodzko Główne,1,1,400,370
1928,848,Kłodzko Główne,1,5,400,370
1929,848,Kłodzko Główne,2,5,400,206
1930,848,Kłodzko Główne,2,9,400,206
1931,848,Kłodzko Główne,3,6,400,400
1932,848,Kłodzko Główne,3,2,400,230
1933,848,Kłodzko Główne,4,101,400,276
1934,848,Kłodzko Główne,5,102,400,266
1935,,Kłodzko Książek,1,1,310,178
1936,849,Kłodzko Miasto,1,2,760,355
1937,849,Kłodzko Miasto,1,1,760,355
1938,849,Kłodzko Miasto,2,3,760,140
1939,849,Kłodzko Miasto,2,5,760,107
1940,,Kłodzko Zagórze,1,1,320,272
1941,,Kłokowa,1,1,250,250
1942,,Kłomnice,1,3,550,200
1943,,Kłomnice,1,1,550,200
1944,,Kłomnice,2,2A,550,200
1945,,Kłudna,1,4,300,189
1946,,Kłudna,2,2,300,301
1947,,Kłudna,2,1,300,301
1948,,Knurów,1,1,380,103
1949,,Knurów,2,2,380,103
1950,,Knyszyn,1,3,380,156
1951,,Knyszyn,2,1,300,296
1952,,Knyszyn,2,2,320,296
1953,,Kobierzyce,1,1,550,100
1954,,Kobierzyce,1,2,550,100
1955,,Kobiór,2,1,380,150
1956,,Kobylany,1,1,550,200
1957,,Kobylany,2,2,550,200
1958,,Kobylec,1,1,250,114
1959,,Kobylin,1,4,300,135
1960,,Kobylin,2,2,300,153
1961,,Kobylin,3,1,300,166
1962,,Kobylnica,1,1,760,150
1963,,Kobylnica,1,2,760,150
1964,,Kobylnica Słupska,1,1,760,100
1965,,Kobyłka,1,3W,760,200
1966,,Kobyłka,1,4W,760,200
1967,,Kobyłka Ossów,1,3W,760,200
1968,,Kobyłka Ossów,1,4W,760,200
1969,1086,Kochanowice,1,1,550,150
1970,1086,Kochanowice,2,2,550,150
1971,,Kochanówka Pustków,1,3,760,85
1972,,Kochanówka Pustków,1,1,760,85
1973,,Kochcice-Glinica,1,1,550,150
1974,,Kochcice-Glinica,2,2,550,150
1975,,Kojszówka,1,1,760,200
1976,,Kokotów,1,1,760,200
1977,,Kokotów,2,2,760,200
1978,756,Kolbuszowa,1,3,550,400
1979,756,Kolbuszowa,1,1,550,400
1980,756,Kolbuszowa,2,2,760,150
1981,,Kolbuszowa Górna,1,1,760,100
1982,920,Kolin,1,1,760,203
1983,920,Kolin,2,2,760,200
1984,,Kolno,1,2,760,150
1985,,Kolno,2,2,760,150
1986,,Kolonia,1,1,760,120
1987,,Kolonowskie,1,1,550,150
1988,,Kolumna,1,1,760,200
1989,,Kolumna,2,2,760,200
1990,485,Koluszki,1,3,760,350
1991,485,Koluszki,1,5,760,350
1992,485,Koluszki,2,2,300,428
1993,485,Koluszki,2,1,300,428
1994,485,Koluszki,3,8,550,281
1995,485,Koluszki,3,6,550,281
1996,,Kołbiel,1,1,760,200
1997,,Kołbiel,2,2,760,200
1998,614,Koło,1,"2,2b",760,400
1999,614,Koło,2,1,760,400
2000,614,Koło,2,3,760,400
2001,695,Kołobrzeg,1,2,550,403
2002,695,Kołobrzeg,1,4,550,197
2003,695,Kołobrzeg,2,3,760,396
2004,695,Kołobrzeg,2,1,760,396
2005,,Kołobrzeg Amfiteatr,1,1,760,150
2006,,Kołobrzeg Ogrody,1,1,760,150
2007,,Kołobrzeg Radzikowo,1,1,760,150
2008,,Kołobrzeg Stadion,1,1,550,110
2009,,Kołodziejewo,1,1,760,130
2010,,Kołodziejewo,2,2,760,130
2011,,Kołodziejewo,2,4,760,130
2012,,Komańcza,2,1,0,138
2013,,Komańcza Letnisko,1,1,540,100
2014,,Komorowo Żuławskie,1,1,300,217
2015,,Komorowo Żuławskie,2,2,300,217
2016,,Komorów Podmurynia,1,1,550,100
2017,,Komprachcice,1,1,550,85
2018,,Komprachcice,2,2,550,85
2019,,Konarzyce,1,1,760,100
2020,811,Koniecpol,1,5,300,128
2021,811,Koniecpol,2,1,550,300
2022,811,Koniecpol,2,2,550,300
2023,,Koniecpol Centrum,1,1,550,90
2024,,Koniecpol Centrum,2,2,550,90
2025,,Koniecpol Magdasz,1,1,550,90
2026,,Koniecpol Magdasz,2,2,550,90
2027,588,Konin,1,4,760,400
2028,588,Konin,1,2,760,400
2029,588,Konin,2,1,760,400
2030,588,Konin,2,3,760,393
2031,,Konin Zachód,1,1,760,200
2032,,Konin Zachód,2,2,760,200
2033,,Konin Żagański,1,1,300,85
2034,,Konojady,1,1,550,147
2035,,Konopki,1,2,550,200
2036,,Konopki,2,1,550,200
2037,,Konopki,2,3,550,200
2038,,Konotopie,1,1,300,140
2039,,Kończyce,1,1,760,125
2040,,Kończyce Radomskie,1,1,300,277
2041,,Kończyce Radomskie,2,2,300,215
2042,,Końskie,1,13,760,300
2043,,Końskie,1,11,760,300
2044,,Końskowola,1,1,760,200
2045,,Końskowola,2,2,760,200
2046,,Kopalina,1,1,890,200
2047,,Kopalina,2,2,890,200
2048,,Kornatowo,1,2,550,125
2049,,Kornatowo,1,1,550,125
2050,,Kornelin,1,1,760,198
2051,,Kornelin,2,2,760,198
2052,,Kornica,1,1,300,90
2053,1040,Korsze,1,105,760,320
2054,1040,Korsze,2,107,760,320
2055,1040,Korsze,2,111,760,150
2056,1040,Korsze,4,"2, 2a",340,288
2057,1040,Korsze,4,1,340,288
2058,,Korwinów,1,1,760,200
2059,,Korwinów,2,2,760,200
2060,,Korzenica,1,1,300,60
2061,,Korzeńsko,1,2,550,200
2062,,Korzeńsko,2,1,550,200
2063,,Korzybie,1,1,760,100
2064,,Kosina,1,1,550,200
2065,,Kosina,2,2,550,200
2066,,Kosiorki,1,1,550,200
2067,,Kosiorki,2,2,550,200
2068,,Kosów,1,1,760,200
2069,,Kosów,2,2,760,200
2070,,Kostomłoty,1,1,300,208
2071,,Kostomłoty,2,2,300,208
2072,,Kostów,1,1,550,200
2073,,Kostów,1,2,550,250
2074,689,Kostrzyn,1,2a,550,253
2075,689,Kostrzyn,2,3c,550,290
2076,689,Kostrzyn,2,1a,550,335
2077,689,Kostrzyn,3,1r,550,350
2078,689,Kostrzyn,3a,3r,300,130
2079,689,Kostrzyn,5,4r,295,151
2080,,Kostrzyn Wielkopolski,1,3,550,200
2081,,Kostrzyn Wielkopolski,2,4,550,200
2082,,Kostrzyn Wielkopolski,2,2,550,200
2083,707,Koszalin,1,1,550,411
2084,707,Koszalin,1,2,550,411
2085,707,Koszalin,2,5,550,315
2086,707,Koszalin,2,3,550,325
2087,,Koszalin Politechnika,1,1,760,150
2088,,Koszalin Wschodni,1,1,760,150
2089,,Koszewnica,1,1,550,200
2090,,Koszewnica,2,2,550,200
2091,,Koszęcin,1,1,550,150
2092,,Koszęcin,2,2,550,150
2093,699,Kościan,1,2b,760,400
2094,699,Kościan,2,3,760,400
2095,699,Kościan,2,1,760,400
2096,,Kościernica,1,1,300,255
2097,,Kościerzyna,1,1,500,85
2098,,Kotlin,1,1,300,245
2099,,Kotlin,2,2,350,245
2100,,Kotomierz,1,2,300,295
2101,,Kotomierz,2,1,300,307
2102,,Kotomierz,2,2,300,307
2103,,Kotowo,1,1,550,130
2104,,Kotórz Mały,1,1,300,193
2105,,Kotulin,1,1,760,70
2106,,Kotulin,2,2,760,200
2107,,Kotuń,1,1,550,200
2108,,Kotuń,2,2,550,200
2109,722,Kowalewo Pomorskie,1,3,300,248
2110,722,Kowalewo Pomorskie,2,3,300,343
2111,722,Kowalewo Pomorskie,2,1,300,343
2112,722,Kowalewo Pomorskie,3,6,300,350
2113,722,Kowalewo Pomorskie,3,2,300,350
2114,,Kowalów,1,1,760,150
2115,,Kowalów,2,2,760,150
2116,,Kozia Góra,1,1,330,180
2117,,Koziebrody,1,1,760,125
2118,,Koziki,1,1,760,100
2119,,Koziołek,1,1,300,180
2120,,Kozłowo,1,1,760,150
2121,,Kozłowo,2,3,760,150
2122,1088,Kozłów,2,5,760,200
2123,1088,Kozłów,2,3,760,200
2124,,Kozuby,1,1,760,150
2125,,Kozuby,1,2,760,150
2126,,Kozy,1,1,760,186
2127,,Kozy,1,3,760,186
2128,,Kozy Zagroda,1,1,300,149
2129,,Koźla Kożuchowska,1,1,300,100
2130,,Koźlice,1,1,760,152
2131,,Koźlice,2,2,760,149
2132,,Koźmin Wielkopolski,1,1,760,200
2133,,Koźmin Wielkopolski,2,2,760,150
2134,,Kórnik,1,1,550,200
2135,,Kórnik,2,2,550,200
2136,872,Krajenka,1,3,210,184
2137,872,Krajenka,2,1,240,176
2138,1102,Kraków Batowice,1,3,170,200
2139,1102,Kraków Batowice,2,2,490,300
2140,1102,Kraków Batowice,2,1,490,300
2141,,Kraków Bieżanów,1,2,760,200
2142,,Kraków Bieżanów,1,1,760,200
2143,,Kraków Bieżanów,2,3,760,200
2144,,Kraków Bieżanów,3,101,550,200
2145,,Kraków Bieżanów,4,103,550,200
2146,,Kraków Bieżanów Drożdżownia,1,1,550,200
2147,,Kraków Bonarka,1,2,760,200
2148,,Kraków Bonarka,1,1,760,200
2149,,Kraków Bonarka,2,6,760,300
2150,,Kraków Bonarka,2,4,760,300
2151,,Kraków Bronowice,1,2,760,175
2152,,Kraków Bronowice,2,1,760,175
2153,,Kraków Bronowice,3,7c,760,100
2154,,Kraków Bronowice,4,2,760,100
2155,517,Kraków Główny,1,9,760,378
2156,517,Kraków Główny,1,11,760,378
2157,517,Kraków Główny,2,5,760,400
2158,517,Kraków Główny,2,3,760,400
2159,517,Kraków Główny,3,1,760,401
2160,517,Kraków Główny,3,2,760,401
2161,517,Kraków Główny,4,4,760,375
2162,517,Kraków Główny,4,6,760,375
2163,517,Kraków Główny,5,10,760,372
2164,517,Kraków Główny,5,12,760,372
2165,,Kraków Grzegórzki,1,3,760,212
2166,,Kraków Grzegórzki,2,4,760,209
2167,,Kraków Kościelniki,1,3,760,200
2168,,Kraków Kościelniki,2,2,760,200
2169,,Kraków Lotnisko,1,2cd,760,130
2170,,Kraków Lotnisko,1,"1b,c",760,130
2171,,Kraków Lubocza,1,1,380,215
2172,,Kraków Lubocza,1,2,380,215
2173,,Kraków Łagiewniki,1,101,560,225
2174,,Kraków Łagiewniki,2,102,640,230
2175,,Kraków Łobzów,1,303,760,200
2176,,Kraków Łobzów,1,1,760,200
2177,,Kraków Łobzów,2,304,760,200
2178,,Kraków Łobzów,2,2,760,200
2179,,Kraków Młynówka,1,1,760,100
2180,,Kraków Młynówka,2,2,760,100
2181,,Kraków Mydlniki,1,1,760,200
2182,,Kraków Mydlniki,1,3,760,200
2183,,Kraków Mydlniki,2,2,760,200
2184,,Kraków Mydlniki,2,4,760,200
2185,,Kraków Mydlniki Wapiennik,1,1,760,200
2186,,Kraków Mydlniki Wapiennik,2,2,760,200
2187,,Kraków Nowa Huta,1,8,380,201
2188,,Kraków Olszanica,1,1,760,100
2189,,Kraków Olszanica,2,2,760,100
2190,,Kraków Opatkowice,1,1,760,200
2191,,Kraków Opatkowice,2,2,760,200
2192,1101,Kraków Piastów,1,1,760,200
2193,1101,Kraków Piastów,2,2,760,200
2194,1101,Kraków Piastów,3,1,760,200
2195,659,Kraków Płaszów,1,7,760,237
2196,659,Kraków Płaszów,2,1,760,400
2197,659,Kraków Płaszów,2,3,760,400
2198,659,Kraków Płaszów,3,2,760,400
2199,659,Kraków Płaszów,3,4,760,400
2200,659,Kraków Płaszów,4,10,760,400
2201,,Kraków Podgórze,1,1,760,200
2202,,Kraków Podgórze,1,2,760,205
2203,,Kraków Podgórze P2,2,1,760,150
2204,,Kraków Prokocim,1,1,760,200
2205,,Kraków Prokocim,2,2,760,200
2206,,Kraków Przylasek,1,1,760,200
2207,,Kraków Przylasek,2,2,760,200
2208,,Kraków Sanktuarium,1,1,760,200
2209,,Kraków Sanktuarium,2,2,760,200
2210,,Kraków Sidzina,1,1,760,200
2211,,Kraków Sidzina,2,2,760,200
2212,,Kraków Swoszowice,1,1,760,200
2213,,Kraków Swoszowice,1,2,760,200
2214,,Kraków Zabłocie,1,1,760,202
2215,,Kraków Zabłocie,1,3,760,202
2216,,Kraków Zabłocie,2,2,760,202
2217,,Kraków Zabłocie,2,4,760,202
2218,,Kraków Zakliki,1,1,760,100
2219,,Kraków Zakliki,2,2,760,100
2220,,Kraków Złocień,1,11,760,200
2221,,Kraków Złocień,2,12,760,200
2222,,Kramsk,1,3,550,200
2223,,Kramsk,1,1,550,200
2224,,Kramsk,2,2,550,200
2225,,Kramsk,2,4,550,200
2226,,Krasiejów,1,1,550,150
2227,,Kraski,1,4,300,204
2228,,Kraski,2,2,300,303
2229,,Kraski,2,1,300,303
2230,,Krasnystaw Fabryczny,2,1,400,260
2231,,Krasnystaw Fabryczny,2,3,405,260
2232,804,Krasnystaw Miasto,1,1,400,218
2233,757,Kraśnik,1,3,760,250
2234,757,Kraśnik,1,1,760,250
2235,,Kretki,2,2,550,230
2236,,Kretki,2,1,550,230
2237,,Krępa Krajeńska,1,1,300,95
2238,,Krężel,1,1,760,200
2239,,Krężel,2,2,760,200
2240,,Krężnica Jara,1,1,760,150
2241,,Krobia,1,3,300,110
2242,,Krobia,2,1,100,155
2243,,Krobia,3,1,160,169
2244,,Krobia,3,2,160,169
2245,,Krojanty,1,1,300,105
2246,819,Krosno,1,1,330,251
2247,819,Krosno,1,5,330,251
2248,820,Krosno Miasto,1,1,320,184
2249,,Krosno Odrzańskie,1,1,300,100
2250,,Krosno Polanka,1,1,250,142
2251,,Krosno Turaszówka,1,1,200,200
2252,,Krosnowa,1,1,760,200
2253,,Krosnowa,2,2,760,200
2254,,Krosnowice Kłodzkie,1,1,300,200
2255,,Krostkowo,1,1,300,162
2256,,Krostkowo,2,1,280,190
2257,,Krostkowo,2,2,280,190
2258,,Krościenko,2,5,330,173
2259,,Krościenko,1,5,0,96
2260,,Krościenko,2,1,330,173
2261,,Krośnice,1,1,760,100
2262,,Krośnice,2,3,300,202
2263,,Krośnice Mazowieckie,1,1,550,200
2264,,Krośnice Mazowieckie,2,2,550,200
2265,597,Krotoszyn,1,1,760,302
2266,597,Krotoszyn,1,5,760,302
2267,597,Krotoszyn,2,6,760,200
2268,597,Krotoszyn,2,2,760,200
2269,,Królewo Malborskie,1,1,320,190
2270,,Królewo Malborskie,2,2,320,190
2271,,Krusze,1,3,760,200
2272,,Krusze,1,1,760,200
2273,,Kruszwica,1,1,300,98
2274,,Kruszwica,2,3,300,102
2275,,Kruszwica,2,1,300,102
2276,,Kruszyna,1,1,760,200
2277,,Kruszyna,2,2,760,200
2278,825,Krynica-Zdrój,1,2,380,275
2279,825,Krynica-Zdrój,2,3,340,350
2280,825,Krynica-Zdrój,2,"1a,1b",340,348
2281,,Krynka Łukowska,1,1,550,200
2282,,Krynka Łukowska,2,2,550,200
2283,,Krzak,1,1,530,100
2284,,Krzcięcice,1,1,300,204
2285,,Krzcięcice,2,2,300,204
2286,,Krzemienica,1,1,550,200
2287,,Krzemienica,2,2,550,200
2288,,Krzemionki,1,1,300,150
2289,1012,Krzepice,1,3,370,186
2290,1012,Krzepice,2,3,400,186
2291,1012,Krzepice,2,1,400,215
2292,648,Krzeszowice,1,4b,760,200
2293,648,Krzeszowice,2,1,760,400
2294,648,Krzeszowice,2,2,760,400
2295,648,Krzeszowice,3,3,760,200
2296,648,Krzeszowice,3,5,760,200
2297,,Krzewie,1,1,550,200
2298,,Krzewie,1,3,550,200
2299,,Krzewie,2,4,550,200
2300,,Krzewie,2,2,550,200
2301,,Krzewina Zgorzelecka,1,1,350,127
2302,,Krzewina Zgorzelecka,2,2,350,182
2303,,Krzycko Wielkie,1,1,300,134
2304,,Krzymosze,1,1,300,119
2305,,Krzymosze,2,2,300,120
2306,,Krzywda,1,2,760,150
2307,,Krzywda,1,1,760,150
2308,,Krzywin Gryfiński,1,1,760,150
2309,,Krzywin Gryfiński,2,2,550,150
2310,,Krzywizna,1,1,550,200
2311,,Krzywizna,2,2,550,200
2312,626,Krzyż,1,1,380,415
2313,626,Krzyż,2,2,270,332
2314,626,Krzyż,2,4,270,266
2315,626,Krzyż,3,102,310,454
2316,626,Krzyż,4,103,400,510
2317,626,Krzyż,4,101,400,510
2318,,Krzyżanowice,1,1,760,120
2319,,Krzyżanowice,2,2,760,120
2320,,Krzyżowa,1,1,240,100
2321,,Książki,1,1,760,150
2322,,Książki,2,2,760,150
2323,,Książno,1,1,760,150
2324,,Książno,2,2,760,150
2325,,Księginice,1,1,550,151
2326,,Księginice,2,2,450,160
2327,,Kubice,1,1,300,191
2328,960,Kudowa-Zdrój,1,"1,1a",550,150
2329,960,Kudowa-Zdrój,2,2,400,135
2330,,Kuklinów,1,1,250,160
2331,,Kuklinów,2,2,240,160
2332,,Kuleje,1,1,300,227
2333,,Kulesze Kościelne,1,1,380,85
2334,,Kulice Tczewskie,1,1,380,150
2335,,Kulice Tczewskie,2,2,380,150
2336,,Kulin Kłodzki,1,1,400,220
2337,,Kundzin,1,1,380,200
2338,,Kunice,1,1,760,200
2339,,Kunice,2,2,760,200
2340,,Kunowice,1,1,550,200
2341,,Kunowice,2,2,550,200
2342,,Kunów,1,1,760,300
2343,,Kunów,1,2,760,300
2344,,Kupienino,1,1,550,200
2345,,Kupienino,2,2,550,200
2346,,Kuriany,1,1,380,156
2347,,Kurów Suski,1,1,340,200
2348,,Kurpie,1,1,380,85
2349,,Kusięta Nowe,1,1,550,90
2350,,Kusięta Nowe,2,2,550,90
2351,545,Kutno,1,5,760,310
2352,545,Kutno,1,7,760,115
2353,545,Kutno,2,1,760,456
2354,545,Kutno,2,3,760,465
2355,545,Kutno,3,4,760,289
2356,545,Kutno,3,2,760,476
2357,545,Kutno,4,8,760,261
2358,545,Kutno,4,6,760,261
2359,,Kutno Azory,1,1,760,85
2360,718,Kuźnia Raciborska,1,2b,760,120
2361,718,Kuźnia Raciborska,2,1b,760,120
2362,1195,Kuźnica (Hel),1,1,760,225
2363,1195,Kuźnica (Hel),1,3,760,225
2364,,Kuźnica Białostocka,1,3,550,200
2365,,Kuźnica Białostocka,2,1,550,300
2366,,Kuźnica Białostocka,2,2,550,300
2367,,Kwiatki,1,1,300,110
2368,862,Kwidzyn,1,1,760,200
2369,862,Kwidzyn,1,2,760,200
2370,862,Kwidzyn,2,5,760,125
2371,862,Kwidzyn,2,3,760,125
2372,,Kwieciszowice,1,1,300,100
2373,,Lachowice,1,3,300,200
2374,,Lachowice,1,1,300,200
2375,,Lachowice Centrum,1,1,350,200
2376,,Laliki,1,1,300,210
2377,,Lasek,1,3,760,200
2378,,Lasek,1,1,760,200
2379,,Laski,1,1,760,100
2380,,Laski Lubuskie,1,2,760,150
2381,,Laski Lubuskie,2,1,760,150
2382,,Laski Odrzańskie,1,1,300,100
2383,,Laski Tucholskie,1,1,300,125
2384,,Laskowice Oleskie,1,1,300,161
2385,580,Laskowice Pomorskie,1,4,300,247
2386,580,Laskowice Pomorskie,2,1,300,320
2387,580,Laskowice Pomorskie,2,2,300,320
2388,580,Laskowice Pomorskie,3,5,300,303
2389,580,Laskowice Pomorskie,3,3,300,303
2390,,Laskownica,1,1,250,80
2391,,Lasocice,1,3,380,126
2392,,Lasocice,2,1,380,110
2393,,Lasocice,2,2,380,110
2394,,Lasów,1,1,550,200
2395,,Lasów,2,2,550,200
2396,,Lednogóra,1,2,760,150
2397,,Lednogóra,2,1,760,150
2398,567,Legionowo,1,1,760,300
2399,567,Legionowo,1,2,760,300
2400,567,Legionowo,2,7,760,288
2401,567,Legionowo,2,3,760,288
2402,,Legionowo Piaski,1,1,760,200
2403,,Legionowo Piaski,1,2,760,200
2404,,Legionowo Przystanek,1,3,760,200
2405,,Legionowo Przystanek,2,2,760,200
2406,606,Legnica,1,1,330,158
2407,606,Legnica,1a,3,33,100
2408,606,Legnica,2,6,420,200
2409,606,Legnica,3,8,760,250
2410,606,Legnica,3,7,760,250
2411,606,Legnica,4,10,760,250
2412,606,Legnica,4,9,760,250
2413,606,Legnica,5,12,290,315
2414,606,Legnica,5,11,290,315
2415,,Legnica Piekary,1,1,400,200
2416,,Legnica Strefa,1,1,760,200
2417,,Leluchów,1,1,230,98
2418,,Leńcze,1,1,760,200
2419,,Leńcze,1,2,760,200
2420,,Leokadia,1,1,760,200
2421,,Leokadia,2,2,760,200
2422,,Leopoldów,1,1,760,150
2423,,Leopoldów,2,2,760,150
2424,,Leosia,1,1,300,147
2425,,Lesięcin,1,1,250,291
2426,,Lesiów,1,1,760,200
2427,,Lesiów,2,2,760,200
2428,,Lesko Łukawica,2,1,0,120
2429,,Leszczydół,1,1,300,200
2430,,Leszczyny,1,1,760,211
2431,,Leszczyny,1,2,760,211
2432,590,Leszno,1,2,760,409
2433,590,Leszno,2,3,760,359
2434,590,Leszno,2,1,760,441
2435,590,Leszno,3,4,350,364
2436,590,Leszno,4,8,370,373
2437,590,Leszno,4,6,370,377
2438,590,Leszno,5,10,400,277
2439,590,Leszno,5,12,400,277
2440,590,Leszno,6,5,760,285
2441,,Leszno Górne,1,1,300,176
2442,,Leszno Górne,2,2,300,209
2443,,Leszno Grzybowo,1,2,290,192
2444,,Leszno Grzybowo,2,1,300,192
2445,,Leśnice,1,1,760,225
2446,,Leśnice,2,1,760,225
2447,,Leśniczówka,1,1,760,150
2448,,Letnica,1,1,300,123
2449,,Lewickie,1,3,760,120
2450,,Lewickie,1,1,760,120
2451,,Lewin Brzeski,1,2,550,200
2452,,Lewin Brzeski,2,1,550,200
2453,,Lewin Kłodzki,1,1,330,137
2454,,Lewki,1,1,760,142
2455,,Lewki,2,1,810,120
2456,,Leźno,1,1,760,150
2457,764,Leżajsk,1,1,380,300
2458,764,Leżajsk,1,2,390,300
2459,790,Lębork,1,3,300,192
2460,790,Lębork,2,2,300,321
2461,790,Lębork,2,1,300,321
2462,790,Lębork,3,8,300,385
2463,790,Lębork,3,6,300,385
2464,,Lębork Mosty,1,1,760,215
2465,,Lębork Nowy Świat,1,1,300,174
2466,,Lędziechowo,1,1,300,214
2467,,Libiąż,1,1,760,200
2468,,Libiąż,1,2,760,200
2469,,Libusza,1,1,350,200
2470,,Ligota Toszecka,1,1,760,200
2471,,Ligota Toszecka,2,2,760,200
2472,,Ligowiec,1,1,760,150
2473,,Ligowiec,2,2,760,150
2474,,Linkowo,1,1,760,275
2475,,Linowo,1,1,300,151
2476,,Lipa,1,1,760,150
2477,,Lipa,1,2,760,150
2478,,Lipce Reymontowskie,1,1,760,200
2479,,Lipce Reymontowskie,2,2,760,200
2480,,Lipie Góry,1,3,300,224
2481,,Lipie Góry,2,1,300,301
2482,,Lipie Góry,2,2,300,301
2483,,Lipienica,1,1,300,146
2484,,Lipinki,1,2,300,287
2485,,Lipinki,2,1,300,298
2486,,Lipinki Łużyckie,2,1,300,207
2487,,Lipińskie Małe,2,1,250,177
2488,870,Lipka Krajeńska,1,3,290,168
2489,870,Lipka Krajeńska,2,1,300,178
2490,,Lipki,1,1,550,200
2491,,Lipki,2,2,550,200
2492,,Lipno,1,2,300,140
2493,,Lipno,2,1,300,220
2494,,Lipno,2,2,300,220
2495,,Lipno Nowe,1,1,760,200
2496,,Lipno Nowe,2,2,760,200
2497,,Lipowa Śląska,2,1,300,96
2498,,Lipowa Tucholska,1,7,300,203
2499,,Lipowa Tucholska,2,7,300,174
2500,,Lipowa Tucholska,2,5,300,174
2501,,Lipowa Tucholska,3,5,300,178
2502,,Lipowa Tucholska,3,3,300,178
2503,,Lipowe Pole,1,1,300,200
2504,,Lipowe Pole,2,2,300,200
2505,,Lipuska Huta,1,1,760,85
2506,,Lipusz,1,1,300,117
2507,,Lipusz,2,2,300,130
2508,,Lisewo,1,1,550,200
2509,,Lisewo,2,2,550,200
2510,,Lisie Pole,1,2,240,150
2511,,Lisie Pole,2,1,210,146
2512,,Lisowice,1,1,550,150
2513,,Lisowo,1,1,250,208
2514,,Lisowo,2,2,550,150
2515,,Lisów,1,1,550,150
2516,,Lisów,1,2,550,150
2517,,Lizawice,1,1,550,200
2518,,Lizawice,2,2,550,200
2519,,Lniano,2,1,300,155
2520,,Lotyń,1,1,300,304
2521,,Lubachów,1,1,520,85
2522,,Lubaczów,1,4,300,240
2523,,Lubaczów,1,1,300,80
2524,,Lubajny,1,1,760,150
2525,,Lubajny,2,2,760,150
2526,,Lubania-Lipiny,1,1,300,202
2527,,Lubanice,1,1,300,56
2528,,Lubanie,1,1,760,150
2529,,Lubanie,2,2,760,150
2530,,Lubań Śląski,1,3,250,380
2531,,Lubań Śląski,2,1,200,308
2532,,Lubań Śląski,3,5,450,169
2533,,Lubań Śląski,4,7,300,214
2534,,Lubań Śląski,5,9,300,200
2535,750,Lubartów,1,2,550,100
2536,750,Lubartów,2,2,550,200
2537,750,Lubartów,2,1c,550,200
2538,,Lubartów Lipowa,1,1a,550,100
2539,,Lubartów Słowackiego,1,1a,550,100
2540,,Lubaszowa,1,1,300,250
2541,,Lubawka,2,1,320,310
2542,,Lubicz,1,3,300,150
2543,,Lubicz,2,1,300,220
2544,,Lubicz,2,3,300,220
2545,,Lubicz,3,2,300,180
2546,,Lubicz,3,1,300,180
2547,,Lubiewo,1,1,300,150
2548,,Lubiewo,1,2,300,150
2549,685,Lubin,1,3,760,200
2550,685,Lubin,1,7A,760,122
2551,685,Lubin,2,1,760,200
2552,685,Lubin,2,4,760,200
2553,,Lubin Stadion,1,1,760,150
2554,,Lublin AIRPORT,1,1,550,149
2555,,Lublin AIRPORT,2,1,550,149
2556,515,Lublin Główny,1,52,760,427
2557,515,Lublin Główny,1a,82,760,189
2558,515,Lublin Główny,1b,54,760,101
2559,515,Lublin Główny,2,51,760,400
2560,515,Lublin Główny,2,53,760,400
2561,515,Lublin Główny,3,55,760,200
2562,515,Lublin Główny,3,57,760,200
2563,,Lublin Ponikwoda,1,1,550,100
2564,,Lublin Północny,2,2,550,400
2565,,Lublin Północny,3,1,550,400
2566,514,Lublin Zachodni,1,1,760,400
2567,514,Lublin Zachodni,1,2,760,400
2568,,Lublin Zadębie,1,1,550,100
2569,,Lublin Zemborzyce,1,1,550,100
2570,,Lublin Zemborzyce,1,2,550,100
2571,585,Lubliniec,1,1,550,236
2572,585,Lubliniec,1,2,550,236
2573,585,Lubliniec,2,5,550,300
2574,585,Lubliniec,2,3,550,300
2575,,Lubnia,1,1,760,85
2576,,Lubomino,1,1,760,85
2577,,Luboń koło Poznania,1,2,760,200
2578,,Luboń koło Poznania,2,1,760,200
2579,,Luboń koło Poznania,2,3,760,200
2580,,Lubycza Królewska,1,1,330,300
2581,,Lubzina,1,1,550,200
2582,,Lubzina,2,2,550,200
2583,,Luciążanka,1,1,550,200
2584,,Luciążanka,2,2,550,200
2585,,Lucynów,1,1,300,186
2586,,Ludwikowice Kłodzkie,1,2,300,225
2587,,Ludwikowice Kłodzkie,1,1,300,225
2588,,Ludynia,1,1,760,150
2589,,Ludynia,1,2,760,150
2590,,Ludynia Dwór,1,1,760,150
2591,,Ludynia Dwór,2,2,760,150
2592,,Lusławice,1,1,550,90
2593,,Lusławice,2,2,550,90
2594,,Lutol Suchy,1,1,300,136
2595,,Lutol Suchy,2,3,300,127
2596,,Lutoryż,1,1,760,100
2597,,Lutoryż,2,3,760,100
2598,,Luzino,1,1,300,215
2599,,Luzino,2,1,300,215
2600,,Luzino,2,3,300,215
2601,,Ładzin,1,1,410,154
2602,,Ładzin,2,2,310,154
2603,,Łagiewniki,1,1,760,150
2604,,Łambinowice,1,1,550,85
2605,,Łambinowice,2,3,550,85
2606,,Łankiejmy,1,2,760,150
2607,,Łankiejmy,2,1,760,150
2608,671,Łańcut,1,1,550,320
2609,671,Łańcut,1,2,550,320
2610,497,Łapy,1,4,760,200
2611,497,Łapy,1,2,760,400
2612,497,Łapy,2,3,760,200
2613,497,Łapy,2,1,760,400
2614,,Łapy Osse,1,1,760,200
2615,,Łapy Osse,2,2,760,200
2616,592,Łask,1,6,300,110
2617,592,Łask,2,2,760,300
2618,592,Łask,2,1,760,300
2619,,Łaskarzew,1,1,760,200
2620,,Łaskarzew,2,2,760,200
2621,,Ławica,1,2,380,240
2622,,Ławica,2,1,380,265
2623,,Łaziska Górne,1,1,760,250
2624,,Łaziska Górne Brada,1,1,760,201
2625,,Łaziska Górne Brada,1,3,760,200
2626,,Łaziska Średnie,1,1a,365,208
2627,,Łaziska Średnie,2,5A,360,195
2628,,Łaziska Średnie,2,1a,360,195
2629,,Łaznów,1,1,550,200
2630,,Łaznów,2,2,550,200
2631,,Łazy,1,4,760,200
2632,,Łazy,1,2,760,200
2633,,Łazy,2,3A,760,164
2634,,Łazy,2,1,760,200
2635,,Łąck,1,4,300,198
2636,,Łąck,2,2,300,198
2637,,Łąck,2,4,300,198
2638,,Łączna,1,2,300,300
2639,,Łączna,2,4,300,130
2640,867,Łąg,1,2,300,125
2641,867,Łąg,2,1,300,125
2642,,Łąg Południowy,1,1,300,100
2643,,Łąkociny,1,1,230,245
2644,,Łąkociny,2,2,100,245
2645,,Łążek,1,1,300,100
2646,,Łążek,2,1,300,100
2647,1201,Łeba,1,1,300,285
2648,546,Łęczyca,1,3,760,300
2649,546,Łęczyca,2,1,760,300
2650,546,Łęczyca,2,2,760,300
2651,,Łęgajny,1,1,300,236
2652,,Łęgajny,2,2,300,208
2653,,Łęgajny,2,1,300,208
2654,,Łęgowo Sulechowskie,1,1,550,200
2655,,Łęka Opatowska,1,1,550,200
2656,,Łęka Opatowska,2,2,550,150
2657,,Łęka Opatowska,2,4,550,150
2658,,Łętownia,1,1,340,248
2659,,Łętownia,1,2,420,248
2660,792,Łobez,1,5,240,239
2661,792,Łobez,2,3,550,271
2662,792,Łobez,2,1,550,400
2663,493,Łochów,1,3,760,200
2664,493,Łochów,2,4,760,200
2665,493,Łochów,2,2,760,200
2666,,Łodygowice,1,2,300,260
2667,,Łodygowice,1,1,300,260
2668,,Łodygowice Górne,1,1,300,183
2669,830,Łomnica-Zdrój,1,1,760,250
2670,,Łomża,1,1,76,250
2671,,Łomża,2,"1,2",76,250
2672,,Łopatki,1,1,760,200
2673,,Łopatki,2,2,760,201
2674,,Łopuchowo,1,1,550,100
2675,,Łopuchowo Osiedle,1,1,550,100
2676,,Łosiów,1,1,550,200
2677,,Łosiów,2,2,550,200
2678,,Łososiowice,1,1,380,150
2679,,Łososiowice,2,2,760,150
2680,,Łowczów,1,3,320,250
2681,,Łowczów,2,1,250,250
2682,,Łowczówek Pleśna,1,3,300,250
2683,,Łowczówek Pleśna,1,1,300,250
2684,577,Łowicz Główny,1,1,760,400
2685,577,Łowicz Główny,1,2,760,400
2686,577,Łowicz Główny,2,6,760,300
2687,577,Łowicz Główny,2,8,760,300
2688,,Łowicz Przedmieście,1,3,330,196
2689,,Łowicz Przedmieście,2,1,330,300
2690,,Łowicz Przedmieście,2,"3,7",330,300
2691,,Łowicz Przedmieście,3,2,330,262
2692,,Łowicz Przedmieście,3,1,330,262
2693,,Łoźnica,1,1,290,260
2694,,Łoźnica,2,2,280,260
2695,,Łódź Andrzejów,1,1,760,200
2696,,Łódź Andrzejów,2,2,760,200
2697,,Łódź Andrzejów Szosa,1,1,300,72
2698,,Łódź Andrzejów Szosa,2,2,300,72
2699,,Łódź Arturówek,1,1,550,150
2700,551,Łódź Chojny,1,1,300,404
2701,551,Łódź Chojny,3,2,300,401
2702,551,Łódź Chojny,4,4,300,182
2703,,Łódź Dąbrowa,1,2,550,150
2704,,Łódź Dąbrowa,1,1,550,150
2705,482,Łódź Fabryczna,1,4,760,300
2706,482,Łódź Fabryczna,1,6,760,300
2707,482,Łódź Fabryczna,2,1,760,400
2708,482,Łódź Fabryczna,2,2,760,400
2709,482,Łódź Fabryczna,3,5,760,400
2710,482,Łódź Fabryczna,3,3,760,400
2711,482,Łódź Fabryczna,4,9,760,400
2712,482,Łódź Fabryczna,4,7,760,400
2713,550,Łódź Kaliska,1,8,760,400
2714,550,Łódź Kaliska,2,4,760,400
2715,550,Łódź Kaliska,2,2,760,400
2716,550,Łódź Kaliska,3,1,760,400
2717,550,Łódź Kaliska,3,3,760,400
2718,550,Łódź Kaliska,4,151,760,300
2719,550,Łódź Kaliska,5,154,760,300
2720,550,Łódź Kaliska,5,152,760,300
2721,,Łódź Lublinek,1,2,760,200
2722,,Łódź Lublinek,2,1,760,200
2723,,Łódź Lublinek,2,5,760,200
2724,,Łódź Marysin,1,1,550,150
2725,,Łódź Marysin,2,3,760,150
2726,,Łódź Niciarniana,1,1,760,200
2727,,Łódź Niciarniana,1,2,760,200
2728,,Łódź Olechów Wiadukt,1,11,300,203
2729,,Łódź Olechów Wiadukt,2,12,380,203
2730,,Łódź Olechów Wschód,1,21,300,207
2731,,Łódź Olechów Wschód,2,22,300,207
2732,,Łódź Olechów Zachód,1,11,380,193
2733,,Łódź Olechów Zachód,2,12,380,193
2734,,Łódź Pabianicka,1,1,550,150
2735,,Łódź Pabianicka,2,2,550,150
2736,,Łódź Radogoszcz Wschód,1,1,760,150
2737,,Łódź Radogoszcz Zachód,1,1,550,150
2738,,Łódź Radogoszcz Zachód,2,2,550,150
2739,,Łódź Retkinia,1,1,760,150
2740,,Łódź Retkinia,2,2,760,150
2741,,Łódź Stoki,1,1,550,150
2742,,Łódź Warszawska,1,1,760,150
2743,484,Łódź Widzew,1,5,760,400
2744,484,Łódź Widzew,1,7,760,400
2745,484,Łódź Widzew,2,1,760,400
2746,484,Łódź Widzew,2,3,760,400
2747,484,Łódź Widzew,3,4,760,400
2748,484,Łódź Widzew,3,2,760,400
2749,,Łódź Zarzew,1,1,760,150
2750,,Łódź Zarzew,2,2,760,150
2751,549,Łódź Żabieniec,1,2b,760,200
2752,549,Łódź Żabieniec,2,1c,760,200
2753,,Łubiana,1,1,300,202
2754,,Łubowo,1,3,550,100
2755,,Łubowo,2,1,550,150
2756,,Łubowo,2,2,550,150
2757,1098,Łuczyce,1,1,760,200
2758,1098,Łuczyce,2,2,760,200
2759,,Ługi Górzyckie,1,1,760,150
2760,,Ługi Górzyckie,2,2,760,150
2761,503,Łuków,1,1,760,402
2762,503,Łuków,1,3,760,402
2763,503,Łuków,2,4,760,402
2764,503,Łuków,2,2,760,402
2765,,Łuków Łapiguz,1,1,300,201
2766,,Łuków Łapiguz,1,2,300,201
2767,,Łuków Śląski,1,1,300,132
2768,,Łuków Zapowiednik,1,1,550,204
2769,,Łuków Zapowiednik,2,2,550,200
2770,,Łupków,1,3,320,202
2771,,Łupków,2,1,0,167
2772,,Łupków,2,3,0,167
2773,,Łupków,3,1,0,160
2774,,Łupków,3,2,0,160
2775,,Łupowo,1,1,300,182
2776,,Łupowo,2,2,550,187
2777,,Łysomice,1,1,550,125
2778,,Łysomice,2,2,550,125
2779,,Machnacz,1,1,430,208
2780,,Machnacz,2,2,430,204
2781,,Majdan,1,1,760,150
2782,,Majdan Królewski,1,1,550,100
2783,,Majdan Królewski,1,2,550,100
2784,,Majdan Królewski Podlasek,1,1,550,100
2785,,Majdan Stuleński,1,1,240,85
2786,,Majewo,1,1,380,150
2787,,Majewo,2,2,380,150
2788,,Maków,1,1,760,199
2789,,Maków,2,2,760,200
2790,838,Maków Podhalański,1,2,760,284
2791,838,Maków Podhalański,1,1,760,284
2792,,Maksymilianowo,1,4,300,305
2793,,Maksymilianowo,2,1,300,303
2794,,Maksymilianowo,2,2,300,303
2795,,Maksymilianowo,3,5,300,303
2796,,Maksymilianowo,3,3,300,303
2797,555,Malbork,2,6x,760,460
2798,555,Malbork,2,4,760,460
2799,555,Malbork,3,2,760,428
2800,555,Malbork,3,1,760,428
2801,555,Malbork,4,202,760,227
2802,555,Malbork,4,201,760,106
2803,,Malbork Kałdowo,1,1,760,200
2804,,Malbork Kałdowo,2,2,760,200
2805,,Malczyce,1,3,550,200
2806,,Malczyce,1,1,580,200
2807,,Malczyce,2,2,550,200
2808,,Malczyce,2,4,550,200
2809,,Malhowice,1,1,38,85
2810,507,Małaszewicze,1,101,760,200
2811,507,Małaszewicze,2,102,760,200
2812,,Małdyty,1,3,350,270
2813,,Małdyty,2,1,500,273
2814,,Małe Gacno,1,1,300,198
2815,494,Małkinia,1,1,760,400
2816,494,Małkinia,1,3,760,400
2817,494,Małkinia,2,2,760,400
2818,494,Małkinia,2,4,760,400
2819,,Małogoszcz,1,1,760,150
2820,,Małogoszcz,1,2,760,150
2821,883,Małomice,1,1,300,210
2822,883,Małomice,2,2,300,254
2823,,Małowice Wołowskie,1,1,760,150
2824,,Małowice Wołowskie,2,2,760,150
2825,,Mańkowice,1,1,550,85
2826,,Marcinkowice,1,1,760,200
2827,,Marcinkowice,2,2,760,200
2828,,Marcinkowo,1,1,550,150
2829,,Marcinkowo,1,3,550,150
2830,,Marcinków,1,1,760,150
2831,,Marcinków,2,2,760,150
2832,,Marcinowice Świdnickie,1,1,550,100
2833,,Marciszów,2,3,350,260
2834,,Marciszów,2,5,350,260
2835,,Marciszów,3,2,550,300
2836,,Marciszów,3,1,550,300
2837,,Markuszowa,1,1,550,100
2838,,Martiany,1,1,760,280
2839,,Marzenin,1,2,760,150
2840,,Marzenin,2,1,760,150
2841,,Masłońskie Natalin,1,1,760,200
2842,,Masłońskie Natalin,2,2,760,200
2843,,Matysy,1,1,550,200
2844,,Matysy,2,2,550,200
2845,,Maziły,1,1,305,182
2846,,Mąkoszyce,1,1,300,200
2847,,Mąkoszyce,2,2,300,200
2848,,Medyka,1,57,760,100
2849,,Medyka,2,107S,400,400
2850,,Medyka Rozrządowa,1,1,350,150
2851,,Medyka Towarowa,1,1,350,150
2852,,Mełno,1,1,300,170
2853,,Mełno,2,3,300,170
2854,,Mełno,2,1,300,170
2855,,Metan,1,2,760,150
2856,,Metan,2,1,760,150
2857,,Męcikał,1,1,760,85
2858,,Męcka Wola,1,1,300,200
2859,,Męcka Wola,2,2,300,206
2860,,Miały,1,2,760,200
2861,,Miały,2,1,760,200
2862,,Miały,2,3,760,200
2863,,Miasteczko Krajeńskie,1,1,340,318
2864,,Miasteczko Krajeńskie,2,2,340,318
2865,,Miasteczko Krajeńskie,2,1,340,422
2866,,Miasteczko Śląskie,1,1 TGE,400,210
2867,,Miasteczko Śląskie,2,2 TGE,400,200
2868,,Miasteczko Śląskie,3,3,200,257
2869,,Miasteczko Śląskie Centrum,1,1,760,150
2870,,Miastko,1,5,760,252
2871,,Miastko,1,1,760,251
2872,,Miastko,2,2,760,252
2873,,Miąsowa,1,1,300,303
2874,,Miąsowa,1,2,300,303
2875,,Michalczew,1,1,760,200
2876,,Michalczew,2,2,760,200
2877,,Michalin,1,1,860,190
2878,,Michalin,1,2,860,190
2879,,Michalin,2,1,760,200
2880,,Michałów-Reginów,1,1,760,200
2881,527,Miechów,1,2,760,300
2882,527,Miechów,1,1,760,300
2883,527,Miechów,2,4,760,200
2884,,Miedwiecko,1,1,760,200
2885,,Miedwiecko,2,2,760,200
2886,809,Mielec,1,1,760,200
2887,809,Mielec,1,2,760,200
2888,,Mielec Południowy,1,1,760,100
2889,,Mielec Wolności,1,1,760,100
2890,,Mienia,1,1,550,200
2891,,Mienia,2,2,550,200
2892,,Mieroszów,1,1,400,255
2893,,Mierzęcice,1,1,760,150
2894,,Mierzęcin,1,1,760,200
2895,,Mierzęcin,2,2,760,200
2896,,Mieszaki,1,1,550,203
2897,710,Mieszkowice,1,1,760,150
2898,710,Mieszkowice,2,2,760,400
2899,710,Mieszkowice,2,4,760,400
2900,,Mieszków,1,1,550,250
2901,,Mieszków,2,2,350,252
2902,,Mieszków,2,4,350,252
2903,,Mietków,1,2,550,250
2904,,Mietków,2,1,550,250
2905,,Międzyborów,1,1,760,200
2906,,Międzyborów,2,2,760,200
2907,,Międzybórz,1,1,300,241
2908,,Międzybórz,2,3,300,227
2909,941,Międzylesie,1,2,330,303
2910,941,Międzylesie,2,5,350,424
2911,941,Międzylesie,2,"1b,1p",350,424
2912,504,Międzyrzec Podlaski,1,2a/2b,760,200
2913,504,Międzyrzec Podlaski,2,1a/1b,760,300
2914,504,Międzyrzec Podlaski,2,3,760,300
2915,886,Międzyrzecz,2,6,300,164
2916,886,Międzyrzecz,2,8,300,164
2917,886,Międzyrzecz,3,1,300,175
2918,886,Międzyrzecz,3,5,300,175
2919,694,Międzyzdroje,1,1,550,404
2920,694,Międzyzdroje,2,2,760,422
2921,,Miękinia,1,1,550,200
2922,,Miękinia,2,2,550,200
2923,,Mika,1,1,760,200
2924,,Mika,2,2,760,200
2925,,Mikłasze,1,1,760,120
2926,,Mikołajki Pomorskie,1,1,760,200
2927,,Mikołajki Pomorskie,2,2,760,200
2928,,Mikołów,1,2,250,150
2929,,Mikołów,2,2,300,149
2930,,Mikołów,2,1,150,149
2931,,Mikołów Jamna,1,1,400,285
2932,,Mikołów Jamna,2,3,150,246
2933,,Mikułowa,1,1,300,246
2934,,Milanów,1,1,760,100
2935,,Milanówek,1,3,760,200
2936,,Milanówek,1,4,760,200
2937,,Milcz,1,1,760,200
2938,,Milcza,1,1,300,202
2939,,Milejów,1,1,550,200
2940,,Milejów,2,2,550,200
2941,598,Milicz,1,1,550,130
2942,598,Milicz,2,3,300,100
2943,,Milik,1,1,760,150
2944,,Milówka,1,1,400,200
2945,,Milówka,1,3,400,200
2946,,Milówka Zabawa,1,1,300,152
2947,,Miłkowice,1,35,330,230
2948,,Miłkowice,2,37,270,199
2949,,Miłkowice,3,1,550,200
2950,,Miłkowice,4,2,550,200
2951,,Miłobądz,1,1,760,200
2952,,Miłobądz,2,2,760,200
2953,,Miłocin Lubelski,1,1,760,200
2954,,Miłocin Lubelski,2,2,760,200
2955,,Miłogoszcz,1,1,150,142
2956,,Miłosław,1,1,760,150
2957,,Miłosław,2,2,760,150
2958,,Minkowice,1,4,0,33
2959,,Minkowice,2,2,290,300
2960,,Minkowice,2,1,360,300
2961,,Minkowice Oławskie,1,1,240,156
2962,,Minkowice Oławskie,2,2,340,164
2963,500,Mińsk Mazowiecki,1,6,760,200
2964,500,Mińsk Mazowiecki,2,6,760,278
2965,500,Mińsk Mazowiecki,2,4,760,278
2966,500,Mińsk Mazowiecki,3,1,760,278
2967,500,Mińsk Mazowiecki,3,2,760,278
2968,500,Mińsk Mazowiecki,4,9,760,200
2969,,Mińsk Mazowiecki Anielina,1,1,550,200
2970,,Mińsk Mazowiecki Anielina,2,2,550,200
2971,,Mirków,1,1,760,150
2972,,Mirków,2,2,760,150
2973,,Misie,1,1,550,200
2974,,Misie,2,2,550,200
2975,,Mleczewo,1,1,760,200
2976,,Mleczewo,2,2,760,200
2977,570,Mława,1,2,550,300
2978,570,Mława,2,1,550,310
2979,570,Mława,2,3,550,310
2980,,Mława Miasto,1,1,550,400
2981,,Mława Miasto,2,2,550,400
2982,,Młodów,1,1,760,200
2983,,Młyńsko,1,1,300,100
2984,,Mnichów,1,1,760,150
2985,,Mnichów,2,2,760,150
2986,,Modlin,1,1,760,200
2987,,Modlin,2,2,760,200
2988,,Modlin,2,4,760,200
2989,,Modła,1,1,380,230
2990,,Modła,2,2,380,184
2991,726,Mogilno,1,57,300,264
2992,726,Mogilno,2,57,300,291
2993,726,Mogilno,2,1,300,291
2994,726,Mogilno,3,2,300,304
2995,726,Mogilno,3,"6,56",300,203
2996,,Mokra,1,1,960,210
2997,,Mokra,2,2,960,200
2998,,Mokra Wieś,1,1,760,200
2999,,Mokra Wieś,2,2,760,200
3000,,Mokre,1,1,565,85
3001,,Mokre Małopolskie,2,1,0,100
3002,,Mokronos Górny,1,1,760,150
3003,,Mokronos Górny,2,2,760,150
3004,,Mokrz,1,1,760,200
3005,,Mokrz,2,2,760,200
3006,,Mokrzyca Wielka,1,1,380,150
3007,,Mokrzyca Wielka,2,2,550,190
3008,,Montowo,1,1,550,200
3009,,Montowo,2,2,550,200
3010,731,Mońki,1,3,260,170
3011,731,Mońki,2,2,300,298
3012,731,Mońki,2,1,300,298
3013,785,Morąg,1,2,760,153
3014,785,Morąg,2,1,760,153
3015,785,Morąg,2,3,760,153
3016,,Morąg Kolonia,1,1,760,150
3017,,Mordy,1,1,300,125
3018,,Mordy,1,2,300,125
3019,,Mordy Miasto,1,1,760,250
3020,,Mordy Miasto,2,2,760,250
3021,,Morochów,1,1,330,191
3022,,Morze,1,1,760,120
3023,,Morzeszczyn,1,2,380,150
3024,,Morzeszczyn,2,1,380,150
3025,,Morzeszczyn,2,3,380,150
3026,,Morzyca,1,1,760,200
3027,,Morzyca,2,2,760,200
3028,,Mosina,1,2,760,200
3029,,Mosina,2,1,760,200
3030,,Mosina,2,3,760,200
3031,,Moskale,1,1,200,200
3032,,Moskale,2,2,250,100
3033,,Mostki,1,1,550,200
3034,,Mostki,2,2,550,200
3035,,Mostówka,1,1,550,200
3036,,Mostówka,2,4,550,200
3037,,Mosty,1,1,350,100
3038,,Moszczenica,1,1,550,200
3039,,Moszczenica,2,2,550,200
3040,,Moszczenica Małopolska,1,1,300,200
3041,,Moszczenica Pomorska,1,1,300,100
3042,,Mościsko Dzierżoniowskie,1,1,380,195
3043,,Mościsko Dzierżoniowskie,2,2,380,190
3044,,Motycz,1,4a,760,200
3045,,Motycz,2,1,760,200
3046,,Motycz,2,2,760,200
3047,,Motycz Leśny,1,1,760,200
3048,,Motycz Leśny,2,2,760,200
3049,,Mrozów,1,1,550,200
3050,,Mrozów,2,2,550,200
3051,501,Mrozy,1,4,550,200
3052,501,Mrozy,2,1,550,300
3053,501,Mrozy,2,3a/b,550,300
3054,,Mrzezino,1,2,760,125
3055,,Mrzezino,1,1,760,125
3056,,Mszalnica,1,1,760,200
3057,,Mszalnica,2,2,760,200
3058,,Mścice,1,1,300,208
3059,,Mścice,1,3a,300,198
3060,,Munina,1,1,380,100
3061,,Munina,1,2,380,148
3062,,Munina,2,6,0,100
3063,,Murowana Goślina,1,2,550,100
3064,,Murowana Goślina,2,1,550,100
3065,827,Muszyna,1,1,760,250
3066,827,Muszyna,1,2,760,250
3067,,Muszyna Poprad,1,1,280,70
3068,826,Muszyna Zdrój,1,1,760,250
3069,,Mykanów,1,1,760,85
3070,,Mysłaków,1,1,760,200
3071,,Mysłaków,2,2,760,200
3072,675,Mysłowice,1,11,330,200
3073,675,Mysłowice,2,1,250,233
3074,675,Mysłowice,2,3,250,233
3075,675,Mysłowice,3,4,400,237
3076,675,Mysłowice,3,2,400,237
3077,,Mysłowice Brzezinka,1,1,760,200
3078,,Mysłowice Brzezinka,1,2,760,200
3079,,Mysłowice Brzęczkowice,1,1,860,200
3080,,Mysłowice Brzęczkowice,2,2,860,200
3081,,Mysłowice Kosztowy,1,1,760,120
3082,,Mysłowice Kosztowy,2,2,760,120
3083,540,Myszków,1,2,550,300
3084,540,Myszków,2,5,760,205
3085,540,Myszków,2,1,760,254
3086,,Myszków Mrzygłód,1,1,760,200
3087,,Myszków Mrzygłód,2,2,760,200
3088,,Myszków Nowa Wieś,1,1,760,200
3089,,Myszków Nowa Wieś,2,2,760,200
3090,,Myszków Światowit,1,1,760,200
3091,,Myszków Światowit,2,2,760,200
3092,,Myśliczyn,1,1,300,104
3093,,Nadolice Małe,01,1,760,100
3094,,Nadolice Wielkie,01,1,760,100
3095,,Najmowo,1,1,300,177
3096,783,Nakło nad Notecią,1,2,300,365
3097,783,Nakło nad Notecią,1,4,300,365
3098,783,Nakło nad Notecią,2,3,300,365
3099,783,Nakło nad Notecią,2,1,300,250
3100,,Nakło Śląskie,1,1,300,241
3101,,Nakło Śląskie,1,2,300,241
3102,513,Nałęczów,1,3,760,200
3103,513,Nałęczów,2,1,760,400
3104,513,Nałęczów,2,2,760,400
3105,,Namysłów,1,1,300,241
3106,,Namysłów,2,2,300,216
3107,,Namysłów,2,4,300,216
3108,,Namyślin,1,1,760,150
3109,,Namyślin,2,2,760,150
3110,,Narewka,3,1,270,118
3111,,Narzym,1,1,550,200
3112,,Narzym,2,2,550,200
3113,661,Nasielsk,1,2,760,300
3114,661,Nasielsk,1,4,760,295
3115,661,Nasielsk,2,3,760,295
3116,661,Nasielsk,2,1,760,300
3117,661,Nasielsk,3,6,550,200
3118,,Naterki,1,2,760,150
3119,,Naterki,2,1,760,150
3120,,Naterki,2,3,760,150
3121,,Nawra,1,1,300,100
3122,,Nekla,1,1,550,200
3123,,Nekla,2,2,550,200
3124,,Nędza,1,1,760,150
3125,,Nędza,2,2,760,150
3126,,Nędza,3,2A,760,150
3127,,Nędza,3,1A,760,150
3128,,Nędza Wieś,1,1,760,200
3129,,Nędza Wieś,2,2,760,201
3130,,Nicwałd,1,1,300,130
3131,,Nida,1,5,760,150
3132,572,Nidzica,1,1,760,300
3133,572,Nidzica,1,5,760,300
3134,,Niedoradz,1,1,550,194
3135,,Niedoradz,2,2,550,200
3136,,Niedrzwica,1,1,550,200
3137,,Niedrzwica,1,2,550,200
3138,,Niedrzwica Kościelna,1,1,760,150
3139,,Niedzieliska-Kolonia,1,1,760,150
3140,,Niedźwiada Łowicka,1,1,550,200
3141,,Niedźwiada Łowicka,2,2,550,200
3142,1096,Niedźwiedź,1,2,300,249
3143,1096,Niedźwiedź,1,1,300,249
3144,,Niedźwiedź Wielkopolski,1,1,550,200
3145,,Niedźwiedź Wielkopolski,2,2,300,199
3146,,Nielep,1,1,100,271
3147,,Niemce,1,1,550,100
3148,734,Niemojki,1,1,760,200
3149,734,Niemojki,1,2,760,200
3150,,Nieporęt,1,1,760,200
3151,,Nieszawa Waganiec,1,3,760,150
3152,,Nieszawa Waganiec,2,1,760,150
3153,,Nieszawa Waganiec,3,2,760,150
3154,,Nietkowice,1,1,550,200
3155,,Nietkowice,2,2,550,200
3156,,Nietków,1,1,300,100
3157,,Niewodnica,1,1,760,200
3158,,Niewodnica,2,2,760,200
3159,,Nikielkowo,1,1,760,150
3160,,Nikielkowo,2,2,760,150
3161,761,Nisko,1,1,350,200
3162,761,Nisko,1,2,360,200
3163,,Nisko Osiedle,1,1,350,250
3164,,Nisko Osiedle,2,2,320,250
3165,,Nisko Podwolina,1,1,300,200
3166,,Nisko Podwolina,2,2,350,200
3167,,Nisko Racławice,1,1,380,210
3168,,Nisko Racławice,2,2,300,250
3169,,Niziny,1,1,760,200
3170,,Niziny,2,2,760,200
3171,,Nosówko,1,3,200,250
3172,,Nosówko,2,1,300,251
3173,,Nosówko,2,2,300,251
3174,,Nowa Brzeźnica,1,1,760,85
3175,755,Nowa Dęba,1,1,550,200
3176,,Nowa Grobla,1,2,0,120
3177,,Nowa Grobla,1,1,0,120
3178,,Nowa Iwiczna,1,1,760,200
3179,,Nowa Iwiczna,2,2,760,200
3180,850,Nowa Ruda,1,2,240,260
3181,850,Nowa Ruda,2,1,320,292
3182,,Nowa Ruda Przedmieście,1,1,350,185
3183,,Nowa Ruda Zdrojowisko,1,1,380,210
3184,763,Nowa Sarzyna,1,1,390,304
3185,763,Nowa Sarzyna,1,2,360,304
3186,,Nowa Sarzyna Kolonia,1,1,300,180
3187,,Nowa Sarzyna Kolonia,2,2,300,180
3188,687,Nowa Sól,1,1,550,200
3189,687,Nowa Sól,2,4,550,300
3190,687,Nowa Sól,2,2,550,300
3191,,Nowa Sucha,1,1,760,200
3192,,Nowa Sucha,2,2,760,200
3193,,Nowa Wieś Cierpkie,1,1,380,180
3194,,Nowa Wieś Ełcka,1,1,760,120
3195,,Nowa Wieś Kościelna,1,1,760,150
3196,,Nowa Wieś Lęborska,1,1,300,152
3197,,Nowa Wieś Wielka,1,1,300,318
3198,,Nowa Wieś Wielka,1,2,300,323
3199,,Nowa Wieś Wielka,2,7,300,226
3200,,Nowa Wieś Wielka,2,5,300,226
3201,,Nowa Wieś Wielka,3,11,300,227
3202,,Nowa Wieś Wielka,3,9,300,227
3203,,Nowawieś Mochy,1,2,300,145
3204,,Nowawieś Mochy,2,1,300,145
3205,,Nowe Dębe Wielkie,1,1,760,200
3206,,Nowe Dębe Wielkie,2,2,760,200
3207,875,Nowe Drezdenko,1,2,300,286
3208,875,Nowe Drezdenko,2,1,300,287
3209,,Nowe Kutnowskie,1,1,550,200
3210,,Nowe Kutnowskie,2,2,550,200
3211,,Nowe Skalmierzyce,1,2,350,272
3212,,Nowe Skalmierzyce,2,1,360,255
3213,,Nowe Skalmierzyce,3,3,200,255
3214,,Nowiny,1,1,375,100
3215,,Nowiny Wielkie,1,2,300,150
3216,,Nowiny Wielkie,2,1,200,220
3217,,Nowogard,1,3,240,260
3218,,Nowogard,2,1,550,200
3219,,Nowogród Bobrzański,1,1,300,135
3220,880,Nowogród Osiedle,1,1,300,210
3221,880,Nowogród Osiedle,2,3,300,215
3222,,Nowosielce,1,3,0,129
3223,,Nowosielce,2,1,0,129
3224,,Nowosielce,2,3,0,129
3225,,Nowy Bieruń,1,1,300,200
3226,,Nowy Bieruń,1,2,300,200
3227,,Nowy Dwór koło Ornety,1,1,760,85
3228,568,Nowy Dwór Mazowiecki,1,2,760,300
3229,568,Nowy Dwór Mazowiecki,2,1,760,300
3230,,Nowy Jarosław,1,1,380,145
3231,,Nowy Las,1,1,300,208
3232,,Nowy Las,2,2,300,220
3233,,Nowy Łupków,1,1,450,115
3234,,Nowy Młyn,1,1,760,203
3235,,Nowy Nurzec,1,1,760,200
3236,,Nowy Nurzec,2,2,760,200
3237,834,Nowy Sącz,1,3,330,143
3238,834,Nowy Sącz,2,1,360,400
3239,834,Nowy Sącz,2,2,360,400
3240,,Nowy Sącz Biegonice,1,2,350,300
3241,,Nowy Sącz Biegonice,1,1,350,300
3242,,Nowy Sącz Chełmiec,1,1,760,200
3243,,Nowy Sącz Dąbrówka,1,1,760,200
3244,,Nowy Sącz Gorzków,1,1,760,200
3245,,Nowy Sącz Gorzków,2,2,760,200
3246,,Nowy Sącz Jamnica,1,2,300,250
3247,,Nowy Sącz Jamnica,2,1,300,250
3248,,Nowy Sącz Miasto,1,1,760,300
3249,,Nowy Solec,1,1,300,114
3250,,Nowy Świętów,1,2płn,300,215
3251,,Nowy Świętów,2,1płn,300,277
3252,529,Nowy Targ,1,4,760,200
3253,529,Nowy Targ,2,3,760,301
3254,529,Nowy Targ,2,1,760,313
3255,619,Nowy Tomyśl,1,1,550,200
3256,619,Nowy Tomyśl,1,3,550,200
3257,619,Nowy Tomyśl,2,4,550,200
3258,619,Nowy Tomyśl,2,2,550,200
3259,,Nowy Widzim,1,1,300,183
3260,,Nowy Zagórz,2,5,0,180
3261,,Nowy Zagórz,3,5,0,100
3262,,Nowy Zagórz,3,3,0,100
3263,,Nowy Zagórz,4,3,0,180
3264,,Nowy Zagórz,4,1,0,180
3265,737,Nurzec,1,2,760,200
3266,737,Nurzec,1,1,760,200
3267,841,Nysa,1,2,300,230
3268,841,Nysa,2,5,300,330
3269,841,Nysa,2,1,300,330
3270,841,Nysa,3,7,550,233
3271,,Nysa Wschodnia,1,1,550,85
3272,,Obłaczkowo,1,1,760,200
3273,,Obłaczkowo,2,2,760,200
3274,696,Oborniki Śląskie,1,1,550,400
3275,696,Oborniki Śląskie,1,2,550,400
3276,,Oborniki Wielkopolskie,1,4,760,200
3277,,Oborniki Wielkopolskie,2,1,760,300
3278,,Oborniki Wielkopolskie,2,,760,300
3279,700,Oborniki Wielkopolskie Miasto,1,1,760,300
3280,,Oborzyska Stare,1,1,760,199
3281,,Oborzyska Stare,2,2,760,199
3282,,Obra Stara,1,1,760,150
3283,,Obrowo,1,1,300,200
3284,,Ociąż,1,1,350,268
3285,,Ociąż,2,2,100,184
3286,,Odolanów,1,2,760,150
3287,,Odolanów,1,1,760,150
3288,,Odolanów,2,3,760,150
3289,,Odolion,1,1,760,100
3290,,Ognica,1,1,240,166
3291,,Ograszka,1,1,300,120
3292,,Ogrodniki,1,1c,550,200
3293,,Ogrodniki,2,2c,550,200
3294,,Okmiany,1,1,550,200
3295,,Okmiany,2,2,550,200
3296,,Okonek,1,3,420,323
3297,,Okonek,2,1,210,303
3298,,Okrąglica,1,1,300,100
3299,,Okrzeja,1,4,300,202
3300,,Okrzeja,1,2,300,202
3301,,Okrzeja,2,1,300,202
3302,,Okrzeja,2,3,300,202
3303,,Okuninka Białe,1,1,240,85
3304,679,Olesno Śląskie,1,2,300,249
3305,679,Olesno Śląskie,2,1,300,286
3306,,Oleszyce,1,2,0,180
3307,,Oleszyce,1,1,0,180
3308,,Oleśnica,3,3,620,268
3309,,Oleśnica,3,1,760,277
3310,,Oleśnica,4,2,680,256
3311,,Oleśnica,4,4,680,256
3312,600,Oleśnica Rataje,1,1,300,282
3313,600,Oleśnica Rataje,2,1,300,337
3314,,Olkusz,1,1,760,300
3315,,Olkusz,1,2,760,300
3316,,Olkusz,2,4a,760,185
3317,,Olpuch,1,1,300,113
3318,,Olpuch Wdzydze,1,1,300,100
3319,,Olszanica,1,1,144,144
3320,,Olszanka,1,1,300,150
3321,,Olszewka,1,1,760,150
3322,,Olsztyn Dajtki,1,1,760,150
3323,,Olsztyn Dajtki,2,2,760,150
3324,475,Olsztyn Główny,1,7,760,150
3325,475,Olsztyn Główny,1,5,760,400
3326,475,Olsztyn Główny,2,3,760,400
3327,475,Olsztyn Główny,2,1,760,400
3328,475,Olsztyn Główny,3,2,760,400
3329,475,Olsztyn Główny,3,4,760,400
3330,475,Olsztyn Główny,4,6,760,300
3331,475,Olsztyn Główny,4,8,760,300
3332,,Olsztyn Gutkowo,1,2,760,85
3333,,Olsztyn Gutkowo,2,1,760,167
3334,,Olsztyn Gutkowo,2,3,760,167
3335,,Olsztyn Jezioro Ukiel,1,1,760,150
3336,,Olsztyn Likusy,1,1,760,150
3337,,Olsztyn Likusy,1,3,760,150
3338,,Olsztyn Redykajny,1,1,760,150
3339,,Olsztyn Śródmieście,1,1,760,150
3340,,Olsztyn Śródmieście,2,1,760,150
3341,575,Olsztyn Zachodni,1,1,760,300
3342,575,Olsztyn Zachodni,2,2,760,300
3343,575,Olsztyn Zachodni,2,1,760,300
3344,575,Olsztyn Zachodni,3,1,760,259
3345,573,Olsztynek,1,2,760,150
3346,573,Olsztynek,2,1,760,300
3347,573,Olsztynek,2,3,760,300
3348,,Olszyna Lubańska,1,1,350,222
3349,,Olszyny,1,1,760,120
3350,,Olza,1,3,760,150
3351,,Olza,2,"1,1a",760,150
3352,604,Oława,1,1,330,296
3353,604,Oława,2,2,300,297
3354,604,Oława,2,4,330,230
3355,,Oława Zachodnia,1,1,760,200
3356,,Oława Zachodnia,2,2,760,200
3357,618,Opalenica,1,4,550,200
3358,618,Opalenica,1,2,550,400
3359,618,Opalenica,2,1,550,400
3360,618,Opalenica,2,3,550,200
3361,,Opatówek,1,2,350,213
3362,,Opatówek,2,1,300,245
3363,,Opoczno,1,2,760,185
3364,,Opoczno,2,1,300,179
3365,646,Opoczno Południe,1,3,760,300
3366,646,Opoczno Południe,2,4,760,300
3367,,Opole Borki,1,1,400,205
3368,,Opole Borki,2,2,400,205
3369,,Opole Chmielowice,1,1,550,85
3370,,Opole Czarnowąsy,1,1,400,205
3371,,Opole Czarnowąsy,2,2,400,210
3372,586,Opole Główne,1,1,550,400
3373,586,Opole Główne,1,3płd,550,208
3374,586,Opole Główne,1a,5płd,550,120
3375,586,Opole Główne,2,4płd,550,401
3376,586,Opole Główne,2,2,550,403
3377,586,Opole Główne,3,14,550,242
3378,586,Opole Główne,4,8płn,550,310
3379,586,Opole Główne,4,12,550,240
3380,586,Opole Główne,5,6płn,550,218
3381,,Opole Gosławice,1,1,300,321
3382,,Opole Groszowice,1,1,760,200
3383,,Opole Groszowice,1,2,760,200
3384,,Opole Grotowice,1,1,760,200
3385,,Opole Grotowice,2,2,760,200
3386,,Opole Wschodnie,1,1p,760,150
3387,,Opole Wschodnie,1,2p,760,150
3388,,Opole Zachodnie,1,1p,550,200
3389,,Opole Zachodnie,2,2p,550,200
3390,,Orlanka,1,1,760,120
3391,,Orneta,1,1,380,280
3392,,Orneta,1,3,380,280
3393,,Orzechowicze,1,1,760,120
3394,,Orzechowo,1,1,760,150
3395,,Orzechowo,2,2,760,150
3396,,Orzesze,1,5,300,218
3397,,Orzesze,1,1,430,230
3398,,Orzesze,2,2,250,170
3399,,Orzesze,2,4,250,170
3400,,Orzesze Jaśkowice,1,2,350,220
3401,,Orzesze Jaśkowice,1,4,300,144
3402,,Orzesze Jaśkowice,2,1,300,208
3403,,Orzesze Jaśkowice,2,2,300,208
3404,,Orzesze Miasto,1,1,385,215
3405,,Orzeszkowo,1,1,760,200
3406,,Orzeszków,1,1,760,150
3407,,Orzeszków,2,2,760,150
3408,,Osetnica,1,1,550,200
3409,,Osetnica,2,2,550,200
3410,,Osie,1,1,300,101
3411,,Osie,2,1,300,98
3412,,Osie,2,2,300,98
3413,,Osielec,1,1,760,200
3414,,Osielec,1,2,760,200
3415,,Osina,1,1,550,200
3416,,Osola,1,1,550,200
3417,,Osola,2,2,550,200
3418,730,Osowiec,1,3,400,220
3419,730,Osowiec,2,2,330,300
3420,730,Osowiec,2,1,330,300
3421,,Osowiec Przystanek,1,1,300,227
3422,,Ostaszewo Toruńskie,1,1,550,192
3423,,Ostaszewo Toruńskie,1,13,550,125
3424,,Ostrołęka,1,1,760,265
3425,,Ostrołęka,1,4,760,100
3426,,Ostrołęka,2,7,300,291
3427,,Ostrołęka,2,3,300,266
3428,,Ostromecko,1,1,300,70
3429,,Ostrowie Biebrzańskie,1,1,380,192
3430,752,Ostrowiec Świętokrzyski,1,1,760,300
3431,752,Ostrowiec Świętokrzyski,1,2,760,300
3432,,Ostrowite koło Jabłonowa,1,2,300,286
3433,,Ostrowite koło Jabłonowa,2,1,300,275
3434,,Ostrowy,1,1,300,238
3435,,Ostrowy,1,2,300,238
3436,660,Ostróda,1,1,760,300
3437,660,Ostróda,1,2,760,300
3438,660,Ostróda,2,3,760,150
3439,,Ostrów koło Radymna,1,1,760,200
3440,,Ostrów koło Radymna,2,2,760,200
3441,596,Ostrów Wielkopolski,1,1,550,300
3442,596,Ostrów Wielkopolski,2,6,550,294
3443,596,Ostrów Wielkopolski,2,2,550,294
3444,596,Ostrów Wielkopolski,3,10,550,300
3445,596,Ostrów Wielkopolski,3,8,550,300
3446,,Ostrów Wielkopolski Gorzyce,1,2,250,260
3447,,Ostrów Wielkopolski Gorzyce,1,1,250,260
3448,,Ostrówek Węgrowski,1,1,760,200
3449,,Ostrówek Węgrowski,2,2,760,200
3450,,Ostrówki koło Chodzieży,1,1,760,200
3451,683,Ostrzeszów,1,1,550,300
3452,683,Ostrzeszów,1,2,550,300
3453,683,Ostrzeszów,2,5,260,116
3454,653,Oświęcim,1,6,760,145
3455,653,Oświęcim,2,2,760,400
3456,653,Oświęcim,2,4,760,400
3457,653,Oświęcim,3,1,760,400
3458,653,Oświęcim,3,3,760,400
3459,653,Oświęcim,4,5,760,200
3460,653,Oświęcim,4,7,760,200
3461,,Otłoczyn,1,1,300,240
3462,,Otłoczyn,2,2,300,253
3463,,Otłoczyn,2,4,300,253
3464,,Otmice,1,2a,300,200
3465,,Otmice,2,1,300,200
3466,842,Otmuchów,2,1,300,275
3467,842,Otmuchów,2,2,300,275
3468,842,Otmuchów,3,5,350,185
3469,,Otmuchów Jezioro,1,1,400,147
3470,,Otmuchów Jezioro,2,2,400,147
3471,,Otoczna,1,1,550,200
3472,,Otoczna,2,2,550,200
3473,,Otok,1,4,300,216
3474,,Otok,2,2,300,318
3475,,Otok,2,1,300,318
3476,,Otomino,1,1,760,120
3477,,Otusz,1,1,550,200
3478,,Otusz,2,2,550,200
3479,509,Otwock,1,2,760,400
3480,509,Otwock,1,22,760,200
3481,509,Otwock,2,21,760,200
3482,509,Otwock,2,1,760,400
3483,509,Otwock,3,3,760,200
3484,,Otwock Śródborów,1,1,760,200
3485,,Otwock Śródborów,2,2,760,200
3486,,Otwock Świder,1,1,860,190
3487,,Otwock Świder,1,2,860,190
3488,,Otwock Świder,2,1,760,200
3489,,Owińska,1,1,550,100
3490,612,Ozimek,1,1,550,300
3491,612,Ozimek,1,2,550,300
3492,547,Ozorków,1,3a,760,300
3493,547,Ozorków,2,1,760,300
3494,547,Ozorków,2,2,760,300
3495,,Ozorków Nowe Miasto,1,1,550,150
3496,,Ożarów Mazowiecki,1,1,760,200
3497,,Ożarów Mazowiecki,1,3,760,200
3498,,Ożarów Mazowiecki,2,2,760,200
3499,,Ożarów Mazowiecki,2,4,760,200
3500,591,Pabianice,1,4,300,307
3501,591,Pabianice,2,2,760,300
3502,591,Pabianice,2,1,760,300
3503,,Pabianice Północne,1,1,760,150
3504,,Pabianice Północne,2,2,760,150
3505,,Pacholęta,1,2,760,150
3506,,Pacholęta,2,1,760,150
3507,,Paczkowo,1,1,550,200
3508,,Paczkowo,2,2,550,200
3509,843,Paczków,1,2,300,210
3510,843,Paczków,2,1,200,205
3511,,Paczyna,1,2,300,240
3512,,Paczyna,2,1,250,230
3513,,Padew,1,1,300,200
3514,,Pakosławice,1,1,310,170
3515,,Pakość,1,1,300,200
3516,,Pakość,2,1,300,200
3517,,Pakość,2,2,300,200
3518,,Palędzie,1,1,550,200
3519,,Palędzie,1,3,550,200
3520,,Palędzie,2,4,550,200
3521,,Palędzie,2,2,550,200
3522,,Pałecznica,1,1,760,100
3523,,Pamiątkowo,1,2,760,200
3524,,Pamiątkowo,2,1,760,200
3525,,Panki,1,3,300,170
3526,,Panki,2,1,760,150
3527,,Panowice,1,1,300,96
3528,,Papowo Toruńskie,1,1,760,150
3529,,Papowo Toruńskie,1,2,760,150
3530,,Parciaki,1,1,760,150
3531,749,Parczew,1,"3a,3b",760,200
3532,749,Parczew,1,1c,760,200
3533,,Parczew Kolejowa,1,1,760,100
3534,,Parkowo,1,1,760,200
3535,,Parlin,1,1,300,300
3536,,Parlin,2,1,300,300
3537,,Parlin,2,2,300,300
3538,,Parłówko,1,1,250,174
3539,,Parłówko,2,2,550,200
3540,,Parzniew,1,3,760,200
3541,,Parzniew,1,4,760,200
3542,,Pasieki,1,5,300,185
3543,,Pasieki,2,3,300,300
3544,,Pasieki,2,1,300,300
3545,786,Pasłęk,1,2,760,350
3546,786,Pasłęk,1,1,760,350
3547,,Pasym,1,1,550,150
3548,,Pasym,1,3,550,150
3549,,Patków,1,1,300,119
3550,,Patków,2,2,300,131
3551,,Patrzyków,1,1,760,200
3552,,Patrzyków,2,2,760,200
3553,,Pawłowice,2,2,200,151
3554,,Pawłowice,3,1,140,149
3555,,Pawłowice Śląskie Centrum,1,2,760,150
3556,,Pawłowice Śląskie Centrum,2,1,760,150
3557,,Pawłów Wielkopolski,1,1,760,150
3558,,Pawłówek,1,1,300,222
3559,,Pawłówek,2,2,300,149
3560,,Pawonków,1,1,550,150
3561,,Pawonków,2,2,550,150
3562,,Pątnów Wieluński,2,1,300,285
3563,,Pątnów Wieluński,2,2,330,285
3564,732,Pelplin,1,2,380,155
3565,732,Pelplin,2,1,300,150
3566,,Pełkinie,1,1,550,200
3567,,Pełkinie,2,2,550,200
3568,,Perkowice,1,1c,550,200
3569,,Perkowice,2,2c,550,200
3570,,Perkowo,1,1,300,189
3571,,Petrykozy,1,1,300,128
3572,,Pewel Mała,1,1,300,155
3573,,Pewel Wielka,1,1,300,204
3574,,Pewel Wielka Centrum,1,1,300,110
3575,,Pęckowo,1,1,760,200
3576,,Pęckowo,2,2,760,200
3577,,Pęgów,1,1,550,222
3578,,Pęgów,2,2,550,200
3579,,Pępowo,1,3,360,86
3580,,Pępowo,2,1,240,146
3581,,Pępowo,3,2,280,150
3582,,Pęzino,1,1,300,167
3583,,Piasecznica,1,1,760,200
3584,,Piasecznica,2,2,760,200
3585,519,Piaseczno,1,101,760,300
3586,519,Piaseczno,2,102,760,300
3587,,Piasek,1,1,760,200
3588,,Piasek,2,2,760,200
3589,,Piastoszyn,1,1,300,150
3590,,Piastów,1,4,760,200
3591,,Piastów,2,3,760,200
3592,777,Piechowice,1,1,550,200
3593,777,Piechowice,2,3,550,200
3594,,Piechowice Dolne,1,1,300,223
3595,,Piekoszów,1,1,760,150
3596,,Piekoszów,2,2,760,150
3597,,Piekoszów Łaziska,2,1,300,277
3598,,Piekoszów Łaziska,2,2,300,277
3599,,Pieniężno,2,1,300,291
3600,610,Pieńsk,1,1,550,200
3601,610,Pieńsk,2,2,550,200
3602,,Pierściec,1,3,760,150
3603,,Pierściec,1,1,760,150
3604,,Pierzchno,1,1,550,200
3605,,Pierzchno,2,2,550,150
3606,,Pierzyska,1,1,760,150
3607,,Pierzyska,2,2,760,150
3608,,Piesienice,1,1,400,160
3609,,Piesienice,2,2,500,160
3610,,Pietrzykowice Żywieckie,1,1,300,200
3611,,Pikulice,1,1,38,100
3612,,Pikus,1,2,760,150
3613,,Pikus,2,1,760,150
3614,510,Pilawa,1,11,760,300
3615,510,Pilawa,1,1,760,400
3616,510,Pilawa,2,2,760,400
3617,510,Pilawa,2,12,760,300
3618,,Pilchów,1,1,760,150
3619,,Piła Fabryczna,1,1,760,200
3620,,Piła Fabryczna,2,2,760,200
3621,478,Piła Główna,1,1,310,229
3622,478,Piła Główna,2,2,300,418
3623,478,Piła Główna,2,4,300,418
3624,478,Piła Główna,3,6,760,371
3625,478,Piła Główna,3,8,760,353
3626,478,Piła Główna,4,18,370,200
3627,478,Piła Główna,4,16,370,230
3628,478,Piła Główna,5,11,460,325
3629,478,Piła Główna,6,15,420,263
3630,478,Piła Główna,6,13,420,380
3631,,Piła Kalina,1,1,760,200
3632,,Piła Kalina,2,2,760,200
3633,,Piła Podlasie,1,1,760,120
3634,,Piława Górna,1,2,380,95
3635,,Piława Górna,2,2,380,250
3636,,Piława Górna,2,1,380,250
3637,,Piława Górna,3,7,380,185
3638,,Piława Górna,3,3,380,185
3639,,Pinczyn,1,2,500,160
3640,,Pinczyn,2,1,500,160
3641,,Pionki,1,4,300,194
3642,,Pionki,2,1,300,296
3643,,Pionki,2,2,300,285
3644,641,Pionki Zachodnie,1,1,550,300
3645,641,Pionki Zachodnie,2,2,550,300
3646,781,Piotrków Kujawski,1,4,300,192
3647,781,Piotrków Kujawski,2,1,300,307
3648,781,Piotrków Kujawski,2,2,300,307
3649,537,Piotrków Trybunalski,1,2,380,301
3650,537,Piotrków Trybunalski,2,1,550,300
3651,537,Piotrków Trybunalski,2,3,550,300
3652,,Pisary,1,1,760,200
3653,,Pisary,2,2,760,200
3654,,Pisarzowa,1,1,0,112
3655,767,Pisz,1,1,760,200
3656,767,Pisz,1,3,760,200
3657,,Pisz Wschodni,1,1,760,120
3658,,Piwniczna,1,3,300,300
3659,,Piwniczna,1,1,300,300
3660,831,Piwniczna-Zdrój,1,1,125,125
3661,,Platerów,1,1,300,118
3662,,Platerów,1,2,300,118
3663,637,Pleszew,1,1,760,250
3664,637,Pleszew,2,2,300,285
3665,,Pliszka,1,1,300,220
3666,,Pliszka,2,2,300,200
3667,,Pludry,1,1,550,150
3668,,Pludry,2,2,550,150
3669,,Pławna,1,1,300,165
3670,,Płochocin,1,1,760,200
3671,,Płochocin,2,2,760,200
3672,,Płociczno koło Suwałk,1,1,760,120
3673,543,Płock,1,6,400,216
3674,543,Płock,2,1,400,280
3675,543,Płock,2,4,400,280
3676,1208,Płock Radziwie,1,3,330,200
3677,1208,Płock Radziwie,2,3,330,200
3678,1208,Płock Radziwie,2,1,330,200
3679,,Płock Trzepowo,1,3,300,190
3680,,Płock Trzepowo,1,1,300,190
3681,,Płońsk,1,3,550,293
3682,,Płońsk,2,3,550,298
3683,,Płońsk,2,1,550,298
3684,,Płoty,1,2,350,180
3685,,Płoty,2,1,350,203
3686,,Płoty,2,2,350,203
3687,,Płyćwia,1,1,760,200
3688,,Płyćwia,2,2,760,200
3689,,Płytnica,1,3,460,437
3690,,Płytnica,2,1,300,328
3691,,Płytnica,2,4,300,325
3692,,Pobiedziska,1,1,550,150
3693,,Pobiedziska,2,4,550,150
3694,,Pobiedziska,2,2,550,150
3695,,Pobiedziska Letnisko,1,2,760,150
3696,,Pobiedziska Letnisko,2,1,760,150
3697,,Podbiele,1,1,760,120
3698,,Podborsko,1,2,250,230
3699,,Podborsko,2,1,250,248
3700,,Podbory Skawińskie,1,4,760,200
3701,,Podbory Skawińskie,2,1,760,200
3702,,Podbory Skawińskie,2,2,760,200
3703,,Podbór,1,1,300,250
3704,,Podbór,2,2,760,150
3705,,Podchojny,1,1,760,150
3706,,Podchojny,2,2,760,150
3707,,Poddębice,1,3,300,197
3708,,Poddębice,2,2,300,310
3709,,Poddębice,2,1,300,306
3710,,Podlasek,1,2,300,177
3711,,Podlasek,2,2,280,180
3712,,Podlasek,2,1,280,180
3713,,Podlesie,1,1,550,90
3714,,Podlesie,2,2,550,90
3715,,Podlesiec,1,1b,760,200
3716,,Podlesiec,2,2,760,200
3717,,Podlesiec,2,4,760,200
3718,,Podleś,1,1,300,120
3719,,Podłęże,1,1,550,200
3720,,Podłęże,2,4,550,200
3721,,Podłęże,2,6,550,200
3722,,Podolany,1,1,760,200
3723,,Podstolice,2,8,760,200
3724,,Podstolice,2,6,760,200
3725,,Podwierzbie,1,1,300,140
3726,,Podzamcze,1,1,450,200
3727,,Podzamcze,2,2,380,200
3728,,Pogorzel Warszawska,1,1,760,200
3729,,Pogorzel Warszawska,2,2,760,200
3730,,Pogorzel Wielka,1,1,760,120
3731,,Pogorzelice,1,2,760,150
3732,,Pogorzelice,1,4,760,150
3733,,Pogwizdów,1,1,760,125
3734,,Pokrzywnica,2,2,300,216
3735,963,Polanica-Zdrój,1,1,550,200
3736,963,Polanica-Zdrój,2,2,300,138
3737,,Polichna Kraśnicka,1,1,760,150
3738,,Policko,1,1,250,80
3739,,Policzna,1,1,760,200
3740,,Polna,1,1,350,200
3741,,Pomiechówek,1,1,760,204
3742,,Pomiechówek,2,2,760,197
3743,,Ponętów,1,4,300,200
3744,,Ponętów,2,1,300,300
3745,,Ponętów,2,2,300,300
3746,,Poniec,1,3,320,149
3747,,Poniec,2,1,240,145
3748,,Poniec,3,2,130,235
3749,,Popielów,1,2,300,220
3750,,Popielów,2,1,300,190
3751,,Popowo Skwierzyńskie,1,1,300,104
3752,,Poraj,1,1,760,200
3753,,Poraj,1,2,760,200
3754,,Porażyn,1,2,550,200
3755,,Porażyn,2,1,550,200
3756,,Poręba,1,1,760,150
3757,,Poręba,1,2,760,150
3758,662,Poronin,1,2,760,200
3759,662,Poronin,2,3,760,300
3760,662,Poronin,2,1,760,265
3761,,Poronin Misiagi,1,1,760,200
3762,,Porosiuki,1,1,550,200
3763,,Porosiuki,2,2,550,200
3764,,Port Lotniczy Szczecin Goleniów,1,1,550,200
3765,,Potęgowo,2,3,760,150
3766,,Potęgowo,2,1,760,150
3767,,Potok,1,2,300,182
3768,,Potok,2,1,300,196
3769,,Potok Kraśnicki,1,1,760,150
3770,,Powałki,1,1,760,85
3771,,Powodowo,1,1,300,106
3772,,Powroźnik,1,3,300,300
3773,,Powroźnik,1,1,300,300
3774,,Poznań Antoninek,1,1,760,200
3775,,Poznań Antoninek,2,2,760,200
3776,,Poznań Dębiec,1,2,760,200
3777,,Poznań Dębiec,2,1,760,400
3778,,Poznań Dębina,1,1,550,200
3779,,Poznań Dębina,2,2,550,175
3780,,Poznań Garbary,1,1,760,302
3781,,Poznań Garbary,2,2,760,300
3782,589,Poznań Główny,1,14,760,416
3783,589,Poznań Główny,1,16,760,416
3784,589,Poznań Główny,10,52,550,382
3785,589,Poznań Główny,10,54,550,375
3786,589,Poznań Główny,11,56,550,360
3787,589,Poznań Główny,11,58,550,360
3788,589,Poznań Główny,2,8,550,217
3789,589,Poznań Główny,2,6,550,303
3790,589,Poznań Główny,3,4,550,301
3791,589,Poznań Główny,3,2,550,400
3792,589,Poznań Główny,4,12,550,132
3793,589,Poznań Główny,5,1,550,403
3794,589,Poznań Główny,6,11,550,215
3795,589,Poznań Główny,7,57,550,250
3796,589,Poznań Główny,7,55,550,184
3797,589,Poznań Główny,8,51,550,316
3798,589,Poznań Główny,9,53,550,265
3799,,Poznań Górczyn,1,2,550,200
3800,,Poznań Górczyn,1,1,550,200
3801,,Poznań Junikowo,1,1,760,200
3802,,Poznań Junikowo,2,2,760,200
3803,,Poznań Karolin,1,1,550,100
3804,,Poznań Krzesiny,1,2,550,200
3805,,Poznań Krzesiny,1,1,550,200
3806,,Poznań Podolany,1,1,760,200
3807,,Poznań Podolany,2,2,760,200
3808,,Poznań Starołęka,1,2,550,200
3809,,Poznań Starołęka,1,1,550,215
3810,,Poznań Strzeszyn,1,1,760,200
3811,,Poznań Strzeszyn,2,2,760,200
3812,,Poznań Wola,1,2,760,200
3813,,Poznań Wola,2,1,760,200
3814,,Poznań Wschód,1,7,760,300
3815,,Poznań Wschód,2,3,760,300
3816,,Poznań Wschód,2,5,760,300
3817,,Poznań Wschód,3,2,760,300
3818,,Poznań Wschód,3,1,760,300
3819,,Półwieś,1,1,760,200
3820,,Półwieś,2,2,760,200
3821,765,Prabuty,1,4,760,310
3822,765,Prabuty,1,2,760,310
3823,765,Prabuty,2,1,760,310
3824,765,Prabuty,2,3,760,310
3825,,Prabuty Góry,1,1,300,250
3826,,Proboszczewice Płockie,2,1,300,202
3827,,Promno,1,1,760,150
3828,,Promno,2,2,760,150
3829,,Prostki,1,2,300,300
3830,,Prostki,1,1,300,300
3831,,Prostynia,1,1,200,113
3832,,Prostynia,2,5,200,130
3833,,Prostyń,1,1,760,200
3834,,Prostyń,2,2,760,200
3835,,Pruchna,1,8,400,195
3836,,Pruchna,2,3,760,200
3837,840,Prudnik,1,2,300,263
3838,840,Prudnik,2,1,300,227
3839,582,Pruszcz Gdański,1,4,760,200
3840,582,Pruszcz Gdański,1,2,760,200
3841,582,Pruszcz Gdański,2,1,760,200
3842,582,Pruszcz Gdański,2,3,760,200
3843,,Pruszcz Pomorski,1,2,300,300
3844,,Pruszcz Pomorski,2,1,300,300
3845,,Pruszcz Pomorski,2,2,300,300
3846,,Pruszków,1,3,760,200
3847,,Pruszków,1,4,760,200
3848,,Przebędowo,1,1,550,100
3849,,Przeciszów,1,1,300,200
3850,,Przeciszów,1,2,300,200
3851,,Przecza,1,1,550,200
3852,,Przecza,2,2,550,200
3853,,Przedmoście Święte,1,1,550,200
3854,,Przedmoście Święte,2,2,550,200
3855,666,Przemyśl Główny,1,7,350,413
3856,666,Przemyśl Główny,1,3,350,413
3857,666,Przemyśl Główny,2,2,350,420
3858,666,Przemyśl Główny,2,1,350,420
3859,666,Przemyśl Główny,3,103,350,391
3860,666,Przemyśl Główny,3,4,350,308
3861,666,Przemyśl Główny,4,101,430,430
3862,666,Przemyśl Główny,4,102S,275,275
3863,666,Przemyśl Główny,5,102S,330,275
3864,,Przemyśl Wschodni,1,1,760,100
3865,667,Przemyśl Zasanie,1,1,550,278
3866,667,Przemyśl Zasanie,2,2,550,282
3867,,Przeradz,1,1,350,201
3868,,Przetycz,1,2,300,200
3869,,Przetycz,2,1,300,200
3870,670,Przeworsk,1,1,550,396
3871,670,Przeworsk,1,2,550,396
3872,670,Przeworsk,2,6,550,396
3873,670,Przeworsk,2,4,550,396
3874,,Przybówka,1,3,550,100
3875,,Przybówka,2,1,550,100
3876,,Przybyłowice,1,1,550,100
3877,,Przybyłowice,2,3,550,100
3878,,Przygodzice,1,1,300,265
3879,,Przygodzice,1,2,300,265
3880,,Przyłęk Duży,1,1,760,200
3881,,Przyłęk Duży,2,2,760,200
3882,,Przyłubie,1,1,300,250
3883,,Przyłubie,2,2,300,250
3884,,Przysieczyn,1,1,550,100
3885,,Przysieka Stara,1,1,760,200
3886,,Przysieka Stara,2,2,760,200
3887,,Przysieki,1,1,380,200
3888,,Przysieki,1,2,380,200
3889,642,Przysucha,1,3,760,250
3890,642,Przysucha,1,1,760,250
3891,642,Przysucha,2,2,760,250
3892,,Przyszowice,1,1,300,179
3893,,Przyszowice,2,2,300,185
3894,,Przytkowice,1,1,760,200
3895,,Przytocko,1,1,760,100
3896,,Przywory Opolskie,1,1,760,200
3897,,Przywory Opolskie,2,2,760,200
3898,1090,Pstroszyce,1,1,760,200
3899,1090,Pstroszyce,2,2,760,200
3900,,Pszczew,1,1,250,100
3901,,Pszczółki,1,2,760,200
3902,,Pszczółki,1,4,760,200
3903,,Pszczółki,2,1,760,200
3904,,Pszczółki,2,3,760,200
3905,534,Pszczyna,1,3,400,246
3906,534,Pszczyna,2,2,760,270
3907,534,Pszczyna,2,1,400,307
3908,,Pszczyna Czarków,1,1,400,200
3909,,Pszenno,1,,550,100
3910,,Ptaszkowa,1,2,760,200
3911,,Ptaszkowa,2,1,760,200
3912,,Ptaszkowo,1,1,550,130
3913,,Ptusza,1,1,330,91
3914,,Ptusza,2,1,230,353
3915,1192,Puck,1,2,760,225
3916,1192,Puck,1,1,760,225
3917,,Pułankowice,1,1,760,150
3918,,Puławy,1,3,760,200
3919,,Puławy,2,2,760,200
3920,,Puławy,2,1,760,200
3921,,Puławy Azoty,1,5,760,150
3922,,Puławy Chemia,1,1,760,200
3923,,Puławy Chemia,2,2,760,200
3924,512,Puławy Miasto,1,2,760,390
3925,512,Puławy Miasto,1,1,760,390
3926,,Pustków,1,1,760,85
3927,,Pustków Żurawski,1,1,550,100
3928,,Pustynia,1,1,760,85
3929,,Puszcza Rządowa,1,1,300,160
3930,,Puszczykowo,1,1,760,200
3931,,Puszczykowo,2,2,760,200
3932,,Puszczykówko,1,1,760,200
3933,,Puszczykówko,2,2,760,200
3934,,Puszczykówko,2,4,760,200
3935,1018,Pyrzowice Lotnisko,1,1,760,200
3936,1018,Pyrzowice Lotnisko,1,2,760,200
3937,1018,Pyrzowice Lotnisko,2,4,760,150
3938,,Pyskowice,2,1,720,300
3939,,Pyskowice,2,3,750,300
3940,,Pyskowice,3,4,690,300
3941,,Pyskowice,3,2,610,300
3942,,Pyzówka,1,1,760,200
3943,,Raba Wyżna,1,3,760,200
3944,,Raba Wyżna,1,1,760,200
3945,,Rabka Zaryte,1,1,760,200
3946,,Rabka Zaryte,1,2,760,200
3947,,Rabka-Zdrój,1,21,760,300
3948,,Racewo,1,1,380,200
3949,,Raciąż,1,2,550,200
3950,,Raciąż,2,1,550,240
3951,,Raciąż,2,2,550,240
3952,,Raciborów Kutnowski,1,1,400,203
3953,,Racibory,1,1,760,200
3954,,Racibory,1,3,760,200
3955,,Racibory,2,2,760,200
3956,,Racibory,2,4,760,200
3957,717,Racibórz,1,3,300,226
3958,717,Racibórz,2,2,300,261
3959,717,Racibórz,2,1,300,267
3960,717,Racibórz,3,3,300,165
3961,717,Racibórz,3,5,300,185
3962,,Racibórz Markowice,1,1,300,193
3963,,Racibórz Markowice,2,2,300,172
3964,,Racławice Śląskie,1,1płn,300,269
3965,,Racławice Śląskie,2,2płn,300,269
3966,,Racławki,1,1,760,85
3967,,Radkowice,1,1,300,232
3968,,Radkowice,2,2,300,232
3969,,Radliczyce,1,1,300,250
3970,,Radliczyce,2,2,300,255
3971,,Radlin Obszary,1,1,760,200
3972,,Radlin Obszary,2,2,760,200
3973,,Radlin Wielkopolski,1,1,760,150
3974,,Radlin Wielkopolski,2,2,760,150
3975,,Radnica,1,2,550,200
3976,,Radnica,2,1,550,200
3977,521,Radom Główny,1,5,760,300
3978,521,Radom Główny,2,1,760,400
3979,521,Radom Główny,2,2,760,400
3980,521,Radom Główny,3,8,760,380
3981,521,Radom Główny,3,10,760,380
3982,,Radom Gołębiów,1,1,760,200
3983,,Radom Gołębiów,1,2,760,200
3984,,Radom Potkanów,1,1,300,223
3985,,Radom Północny,1,1,760,200
3986,,Radom Północny,1,2,760,200
3987,,Radom Stara Wola,1,1,760,200
3988,,Radom Stara Wola,2,2,760,200
3989,,Radom Wschodni,1,1,760,300
3990,,Radom Wschodni,1,2,760,300
3991,538,Radomsko,1,2,550,300
3992,538,Radomsko,1,1,550,300
3993,,Radomyśl,1,1,550,200
3994,,Radomyśl,2,2,550,200
3995,,Radów,1,1,760,150
3996,,Radów,2,2,760,150
3997,,Raduń,1,1,760,85
3998,668,Radymno,1,1,760,300
3999,668,Radymno,1,2,760,300
4000,,Radzice,1,1,300,247
4001,,Radzice,2,2,760,150
4002,,Radziechowy Wieprz,1,1,760,151
4003,,Radzionków,2,1,760,155
4004,,Radzionków,1,2,760,155
4005,,Radzionków,1,4,760,155
4006,,Radzionków,2,3,760,155
4007,,Radzionków Rojca,1,1,760,150
4008,,Radzionków Rojca,2,2,760,150
4009,,Radziszewo,1,1,760,150
4010,,Radziszewo,2,2,760,150
4011,,Radziszów,1,1,760,200
4012,,Radziszów,1,2,760,200
4013,,Radziszów Centrum,1,1,760,200
4014,,Radziwiłłów Mazowiecki,1,1,760,200
4015,,Radziwiłłów Mazowiecki,2,2,760,200
4016,,Radzymin,2,1,760,200
4017,,Radzymin,2,2,760,200
4018,748,Radzyń Podlaski,2,2,540,204
4019,748,Radzyń Podlaski,2,1,477,204
4020,,Rajcza,1,3,300,200
4021,,Rajcza,1,1,300,200
4022,,Rajcza Centrum,1,1,300,194
4023,,Rajec Poduchowny,1,1,300,195
4024,,Rajec Poduchowny,2,2,300,198
4025,,Rajsk,1,1,760,120
4026,,Rakoniewice,1,1,550,130
4027,,Rakoniewice,1,3,550,130
4028,,Rakoniewice Milickie,1,1,760,100
4029,,Rakowice,1,1,760,200
4030,,Rakowice,2,4,760,200
4031,,Rakowice,2,2,760,200
4032,,Raszowa,1,1,760,200
4033,,Raszowa,2,2,760,200
4034,,Raszówka,1,2,760,200
4035,,Raszówka,1,1,760,200
4036,,Raszujka,1,1,760,150
4037,698,Rawicz,1,1,760,400
4038,698,Rawicz,2,2,760,400
4039,698,Rawicz,2,4,760,400
4040,,Rąbino,1,1,270,285
4041,,Rąbino,2,3,400,238
4042,,Reblino,1,1,150,200
4043,,Reblino,2,3,150,245
4044,,Recław,1,1,550,200
4045,,Recław,1,2,550,200
4046,1023,Recz Pomorski,1,1,760,300
4047,1023,Recz Pomorski,2,3,760,150
4048,,Reda,1,3,300,182
4049,,Reda,2,2,800,300
4050,,Reda,2,1,800,300
4051,,Reda Pieleszewo,1,1,950,212
4052,,Reda Pieleszewo,2,2,950,205
4053,,Reda Rekowo,1,1,760,125
4054,,Redaki,1,2,760,200
4055,,Redaki,2,1,760,197
4056,,Redaki,2,3,760,200
4057,743,Rejowiec,1,5A,315,188
4058,743,Rejowiec,2,2,270,300
4059,743,Rejowiec,2,1,355,300
4060,,Repczyce,1,1,760,120
4061,,Reptowo,1,1,760,200
4062,,Reptowo,1,3,760,200
4063,,Reptowo,2,2,760,200
4064,,Reptowo,2,3,760,200
4065,,Rębiszów,1,2,270,202
4066,,Rębiszów,2,1,270,105
4067,,Rębusz,1,1,760,200
4068,,Rębusz,2,2,760,200
4069,,Rogalice,1,1,400,230
4070,,Rogalice,2,2,240,240
4071,,Rogiedle,1,1,760,85
4072,,Rogoźnica,1,1,220,200
4073,,Rogoźnica,2,3,140,203
4074,,Rogoźnica koło Rzeszowa,1,1,550,100
4075,701,Rogoźno Wielkopolskie,1,1,760,200
4076,701,Rogoźno Wielkopolskie,2,4,760,300
4077,701,Rogoźno Wielkopolskie,2,2,760,300
4078,,Rogożew,1,1,330,200
4079,,Rogów,1,2,760,300
4080,,Rogów,1,1,760,300
4081,,Rogów Sobócki,1,1,550,100
4082,,Rogóźno Pomorskie,1,5,300,165
4083,,Rogóźno Pomorskie,1,3,300,165
4084,,Rogóźno Pomorskie,2,3,300,248
4085,,Rogóźno Pomorskie,2,1,300,248
4086,,Rogóżno koło Łańcuta,1,1,550,200
4087,,Rogóżno koło Łańcuta,1,2,550,200
4088,,Rokiciny,1,2,550,200
4089,,Rokiciny,2,1,550,200
4090,,Rokiciny Podhalańskie,1,1,760,200
4091,,Rokietnica,1,4,760,200
4092,,Rokietnica,1,2,760,200
4093,,Rokietnica,2,1,760,200
4094,,Rokietnica,2,3,760,200
4095,,Rokita,1,1,550,200
4096,,Rokita,1,2,550,200
4097,884,Rokitki,1,1,240,168
4098,884,Rokitki,2,2,260,265
4099,884,Rokitki,2,8,260,100
4100,,Rokitki Tczewskie,1,1,300,120
4101,,Rokitki Tczewskie,2,2,300,120
4102,,Rokitnia Stara,1,1,760,200
4103,,Rokitnia Stara,2,2,760,200
4104,673,Ropczyce,1,1,550,400
4105,673,Ropczyce,1,3,550,400
4106,673,Ropczyce,2,4,550,400
4107,673,Ropczyce,2,2,550,400
4108,,Ropczyce Witkowice,1,1,550,200
4109,,Ropczyce Witkowice,2,2,550,200
4110,,Rosochatka,1,1,300,152
4111,,Rostarzewo,1,1,550,130
4112,,Roszkowo Wągrowieckie,1,1,550,100
4113,,Roszków Raciborski,1,1,760,90
4114,,Roszków Raciborski,2,2,760,90
4115,,Rozedranka,1,1,380,200
4116,965,Rozprza,1,2,550,200
4117,965,Rozprza,1,1,550,200
4118,,Roztoki Bystrzyckie,1,1,330,200
4119,,Rożki,1,4,300,199
4120,,Rożki,2,1,300,301
4121,,Rożki,2,2,300,301
4122,,Rożniaty,1,1,300,99
4123,,Rożnowo,1,1,760,200
4124,,Różanystok,1,1,760,120
4125,,Różyny,1,3,760,200
4126,,Różyny,2,2,760,200
4127,,Ruchocice,1,1,550,130
4128,768,Ruciane-Nida,1,1,760,120
4129,,Ruciane-Nida Zachód,1,1,760,200
4130,,Ruda,1,1,380,182
4131,,Ruda Białaczowska,1,1,300,87
4132,,Ruda Chebzie,1,1,800,200
4133,,Ruda Chebzie,1,2,800,200
4134,,Ruda Śląska,1,1,750,200
4135,,Ruda Śląska,1,2,700,200
4136,,Ruda Talubska,1,1,760,200
4137,,Ruda Talubska,2,2,760,200
4138,,Ruda Wielka,1,1,760,200
4139,,Ruda Wielka,2,2,760,200
4140,,Ruda-Huta,1,1,225,85
4141,,Ruda-Opalin,1,1,235,143
4142,,Rudawa,1,1,760,200
4143,,Rudawa,2,2,760,200
4144,,Rudna Gwizdanów,1,2,760,200
4145,,Rudna Gwizdanów,1,4,760,150
4146,,Rudna Gwizdanów,2,1,280,276
4147,,Rudna Miasto,1,1,760,150
4148,,Rudna Miasto,2,1,380,178
4149,,Rudna Miasto,2,2,380,163
4150,,Rudna Wielka,1,1,550,200
4151,,Rudna Wielka,2,2,550,200
4152,,Rudnik,1,1,550,100
4153,762,Rudnik nad Sanem,1,6,420,200
4154,762,Rudnik nad Sanem,2,1,330,250
4155,762,Rudnik nad Sanem,2,2,330,250
4156,,Rudnik Stróża,1,1,420,200
4157,,Rudnik Stróża,2,2,400,200
4158,,Rudniki koło Częstochowy,1,1,550,200
4159,,Rudniki koło Częstochowy,1,2,550,200
4160,,Rudyszwałd,1,1,760,90
4161,,Rudyszwałd,2,2,760,90
4162,,Rudyszwałd,3,1,750,150
4163,,Rudzienice Suskie,1,2,760,150
4164,,Rudzienice Suskie,2,1,760,150
4165,,Rudziniec Gliwicki,1,1b,380,210
4166,,Rudziniec Gliwicki,2,1b,380,196
4167,,Rudziniec Gliwicki,2,2,380,140
4168,788,Rumia,1,5,960,275
4169,788,Rumia,2,2,960,285
4170,788,Rumia,2,1,960,285
4171,793,Runowo Pomorskie,1,4,250,375
4172,793,Runowo Pomorskie,1,10,250,150
4173,793,Runowo Pomorskie,2,1,240,340
4174,793,Runowo Pomorskie,2,2,240,342
4175,,Rurka,1,2,550,200
4176,,Rurka,2,1,260,269
4177,,Rusiec Łódzki,1,1,760,150
4178,,Rusiec Łódzki,2,2,760,150
4179,,Rusinowice,1,1,550,200
4180,,Rusinowice,2,2,550,200
4181,,Ruszów,2,1,380,200
4182,,Ruszów,3,2,300,100
4183,,Rutkowice,1,2,300,225
4184,,Rutkowice,2,1,300,240
4185,,Rutwica,1,1,300,120
4186,,Rybienko,1,1,300,135
4187,,Rybnica,1,2,300,205
4188,,Rybnica,2,1,300,180
4189,857,Rybnik,1,5,760,300
4190,857,Rybnik,2,2,760,340
4191,857,Rybnik,2,1,760,245
4192,857,Rybnik,3,8,760,200
4193,857,Rybnik,3,4,760,200
4194,,Rybnik Gotartowice,1,2,760,201
4195,,Rybnik Gotartowice,1,1,760,201
4196,,Rybnik Niedobczyce,1,1,760,150
4197,,Rybnik Niewiadom,1,1,760,150
4198,,Rybnik Niewiadom,2,2A,760,150
4199,,Rybnik Paruszowiec,1,2,760,140
4200,,Rybnik Paruszowiec,1,1,760,150
4201,,Rybnik Piaski,1,1,760,200
4202,,Rybnik Piaski,2,2,760,200
4203,,Rybnik Rymer,1,1,560,193
4204,,Rybnik Rymer,2,2,760,190
4205,,Rybnik Towarowy,1,1,760,200
4206,,Rybnik Towarowy,2,4,760,200
4207,,Rybnik Towarowy,2,2,760,200
4208,,Rybno Pomorskie,1,1,550,200
4209,,Rybno Pomorskie,2,4,550,200
4210,,Rybno Pomorskie,2,2,550,200
4211,,Rycerka,1,1,300,150
4212,,Rychnowo Wielkie,1,2,760,150
4213,,Rychnowo Wielkie,2,1,760,150
4214,,Ryczów,1,1,300,210
4215,,Ryczów,1,2,300,210
4216,,Rydułtowy,1,4,760,150
4217,,Rydułtowy,2,2,875,150
4218,,Rydzyna,1,1,760,200
4219,,Rydzyna,2,2,760,200
4220,,Ryjewo,1,3,760,200
4221,,Ryjewo,1,1,760,200
4222,,Ryki,1,1,760,150
4223,,Ryki,2,2,760,150
4224,,Rykoszyn,1,1,760,150
4225,,Rykoszyn,2,2,760,150
4226,,Rynarcice,1,1,760,150
4227,,Rynkowo Wiadukt,1,1,760,200
4228,,Rynkowo Wiadukt,2,2,760,200
4229,1034,Rypin,2,1,550,200
4230,1034,Rypin,2,3,550,200
4231,,Rytel,1,1,300,160
4232,,Rytel,2,3,300,160
4233,,Rytel Wieś,1,1,300,144
4234,832,Rytro,1,1,760,250
4235,832,Rytro,1,2,760,250
4236,,Rząsawa,1,2,760,85
4237,,Rzeczyca,1,3,760,150
4238,,Rzeczyca,1,1,760,150
4239,,Rzeczyca-Kolonia,1,1,760,150
4240,,Rzeczyce Śląskie,1,1,680,215
4241,,Rzeczyce Śląskie,2,2,700,215
4242,,Rzemień,1,1,760,85
4243,,Rzepedź,1,1,300,102
4244,688,Rzepin,1,2,550,400
4245,688,Rzepin,2,3,550,200
4246,688,Rzepin,2,1,550,400
4247,688,Rzepin,4,26,550,140
4248,688,Rzepin,5,28,550,400
4249,688,Rzepin,5,32,550,400
4250,,Rzepin Miasto,1,1,760,200
4251,,Rzerzęczyce,1,1,550,200
4252,,Rzerzęczyce,2,2,550,200
4253,,Rzeszotary,1,1,760,150
4254,,Rzeszów Baranówka,1,1,760,173
4255,,Rzeszów Baranówka,2,2,760,173
4256,,Rzeszów Centrum,1,35,760,100
4257,,Rzeszów Dworzysko,1,1,760,200
4258,,Rzeszów Dworzysko,2,2,760,200
4259,655,Rzeszów Główny,1,5,550,150
4260,655,Rzeszów Główny,1,3,550,300
4261,655,Rzeszów Główny,2,1,760,400
4262,655,Rzeszów Główny,2,2,760,400
4263,655,Rzeszów Główny,3,6,760,400
4264,655,Rzeszów Główny,3,8,760,400
4265,,Rzeszów Miłocin,1,1,550,100
4266,,Rzeszów Osiedle,1,1,550,100
4267,,Rzeszów Pobitno,1,1,760,200
4268,,Rzeszów Pobitno,2,2,760,200
4269,,Rzeszów Politechnika,1,1b,760,100
4270,,Rzeszów Politechnika,1,2b,760,100
4271,,Rzeszów Staromieście,1,1,760,100
4272,,Rzeszów Staroniwa,1,2,550,100
4273,,Rzeszów Staroniwa,1,1,550,100
4274,,Rzeszów Zachodni,1,44,760,200
4275,,Rzeszów Zachodni,2,41,760,290
4276,,Rzeszów Zachodni,2,42,760,200
4277,,Rzeszów Załęże,1,1,550,200
4278,,Rzeszów Załęże,2,2,550,200
4279,,Rzeszów Zwięczyca,1,1,550,100
4280,,Rzezawa,1,1,550,200
4281,,Rzezawa,2,2,550,200
4282,,Rzęśnica,1,2,550,120
4283,,Rzęśnica,2,1,550,120
4284,,Rzochów,1,1,760,85
4285,,Rzozów,1,1,760,200
4286,,Rzozów Centrum,1,1,760,200
4287,,Sabinka,1,1,550,200
4288,,Sabinka,2,2,550,200
4289,,Sadlinki,1,1,760,135
4290,,Sadlinki,1,2,760,135
4291,,Sadowice Wrocławskie,1,2,300,201
4292,,Sadowice Wrocławskie,2,1,300,200
4293,,Sadowne Węgrowskie,1,1a/1,760,200
4294,,Sadowne Węgrowskie,2,2a/2,760,200
4295,,Sadurki,1,1,760,200
4296,,Sadurki,2,2,760,200
4297,,Sadurki,2,4,760,200
4298,,Samborowo,1,2,760,150
4299,,Samborowo,1,1,760,150
4300,,Samostrzel,1,1,300,125
4301,,Samostrzel,2,2,300,125
4302,753,Sandomierz,1,(3),300,340
4303,753,Sandomierz,1,1a,300,320
4304,753,Sandomierz,2,2a,300,320
4305,823,Sanok,1,5,300,232
4306,823,Sanok,1,1,300,232
4307,,Sanok Dąbrówka,1,1,320,147
4308,,Sanok Miasto,1,1,550,100
4309,,Santok,1,2,300,250
4310,,Santok,2,1,300,210
4311,,Sarbiewo,1,1,760,100
4312,,Sarbiewo,2,2,760,100
4313,735,Sarnaki,1,1,300,231
4314,735,Sarnaki,1,2,300,231
4315,,Sarnów,1,1,760,150
4316,,Sarnów,2,2,760,150
4317,,Sątopy,1,1,550,200
4318,,Sątopy,2,2,550,200
4319,,Sątopy-Samulewo,1,3,440,234
4320,,Sątopy-Samulewo,2,2,400,234
4321,,Sątopy-Samulewo,2,1,400,234
4322,,Serock,1,3,300,179
4323,,Serock,2,3,300,180
4324,,Serock,2,1,300,179
4325,,Seroki,1,1,760,200
4326,,Seroki,2,2,760,200
4327,,Sędzice,1,4,300,180
4328,,Sędzice,2,2,250,235
4329,,Sędzice,3,1,250,240
4330,775,Sędzisław,1,2,300,460
4331,775,Sędzisław,1,4,380,100
4332,775,Sędzisław,2,1,300,240
4333,526,Sędziszów,1,4,350,261
4334,526,Sędziszów,2,1,550,300
4335,526,Sędziszów,2,2,550,300
4336,672,Sędziszów Małopolski,1,3,550,400
4337,672,Sędziszów Małopolski,1,1,550,400
4338,672,Sędziszów Małopolski,2,2,550,400
4339,672,Sędziszów Małopolski,2,4,550,400
4340,,Sędziszów Małopolski Wschodni,1,1,760,200
4341,,Sędziszów Małopolski Wschodni,2,2,760,200
4342,,Sidra,1,2,760,120
4343,,Sidra,1,1,760,120
4344,,Siechnice,1,1,760,200
4345,,Siechnice,1,2,760,200
4346,502,Siedlce,1,10,550,200
4347,502,Siedlce,2,4A,760,400
4348,502,Siedlce,2,2a,760,400
4349,502,Siedlce,3,1a,760,400
4350,502,Siedlce,3,3,760,400
4351,502,Siedlce,4,5a,76,170
4352,,Siedlce Łaskie,1,1,760,150
4353,,Siedlce Łaskie,2,2,760,150
4354,,Siedlce Wschodnie,1,1,550,200
4355,,Siedlce Wschodnie,2,2,550,200
4356,,Siedlce Zachodnie,1,1,550,200
4357,,Siedlce Zachodnie,2,2,550,200
4358,,Siedliska koło Tuchowa,1,3,250,277
4359,,Siedliska koło Tuchowa,2,1,250,282
4360,,Siedliska Tomaszowskie,1,1,300,190
4361,,Siedlisko Czarnkowskie,1,1,300,246
4362,,Siedlisko Czarnkowskie,2,2,300,130
4363,,Siemianówka,1,6,320,200
4364,736,Siemiatycze,1,2,760,200
4365,736,Siemiatycze,1,1,760,200
4366,,Sieniawa,1,3,760,200
4367,,Sieniawa,1,1,760,200
4368,,Sieniawa Żarska,1,1,300,160
4369,,Siepietnica,1,1,390,195
4370,594,Sieradz,1,4,550,200
4371,594,Sieradz,2,1,300,405
4372,594,Sieradz,2,2,300,405
4373,,Sieradz Męka,1,1,350,259
4374,,Sieradz Męka,2,2,350,259
4375,,Sieradz Warta,1,1,350,130
4376,,Sieradz Warta,2,2,350,130
4377,,Sierakowice Skierniewickie,1,1,960,200
4378,,Sierakowice Skierniewickie,2,2,960,200
4379,,Sieraków Śląski,1,2,550,200
4380,,Sieraków Śląski,2,1,380,150
4381,,Sierakówek,1,1,330,190
4382,,Sierakówek,1,2,330,190
4383,859,Sierpc,1,13,300,202
4384,859,Sierpc,2,11,300,374
4385,859,Sierpc,2,5,300,374
4386,859,Sierpc,3,3,300,281
4387,859,Sierpc,3,1,300,281
4388,,Sierpów,1,1,760,200
4389,,Siewierz,1,1,760,150
4390,,Siewierz,1,3,760,150
4391,,Silno,1,2,760,85
4392,,Silno,1,1,760,85
4393,,Silnowo,1,1,550,120
4394,,Silnowo,2,1,550,120
4395,,Sińczyca,1,1,200,100
4396,,Siódmak,1,1,550,125
4397,,Sitkówka Nowiny,1,1,300,300
4398,,Sitkówka Nowiny,1,2,300,300
4399,,Sitkówka Nowiny,2,6,300,300
4400,,Sitkówka Nowiny,2,8,300,300
4401,,Sitno,1,1,550,200
4402,,Sitno,2,2,550,200
4403,,Sitowa,1,1,300,128
4404,,Skalmierz,1,1,300,200
4405,,Skalmierz,2,2,300,200
4406,,Skarżysko Kościelne,1,1,760,150
4407,,Skarżysko Kościelne,2,2,760,150
4408,,Skarżysko Milica,1,1,760,148
4409,,Skarżysko Zachodnie,1,1,300,150
4410,,Skarżysko Zachodnie,2,2,300,240
4411,522,Skarżysko-Kamienna,1,3,760,360
4412,522,Skarżysko-Kamienna,1a,7K,760,214
4413,522,Skarżysko-Kamienna,2,1,760,400
4414,522,Skarżysko-Kamienna,2,2,760,400
4415,522,Skarżysko-Kamienna,3,6,760,400
4416,522,Skarżysko-Kamienna,3,8,760,400
4417,,Skawa,1,3,760,204
4418,,Skawa,1,1,760,201
4419,,Skawa Środkowa,1,1,760,200
4420,,Skawina,1,4,760,200
4421,,Skawina,2,1,760,300
4422,,Skawina,2,2,760,300
4423,,Skawina Jagielnia,1,1,760,200
4424,,Skawina Jagielnia,2,2,760,200
4425,,Skawina Zachodnia,1,1,760,200
4426,,Skawina Zachodnia,2,2,760,200
4427,,Skępe,1,2,300,170
4428,,Skępe,2,1,300,240
4429,,Skępe,2,2,300,240
4430,,Skibno,1,2,300,190
4431,,Skibno,2,1,300,270
4432,486,Skierniewice,1,2,760,284
4433,486,Skierniewice,2,3c,760,300
4434,486,Skierniewice,2,1,760,300
4435,486,Skierniewice,3,104a,760,200
4436,,Skierniewice Rawka,1,1,760,200
4437,,Skierniewice Rawka,2,2,760,200
4438,,Sklęczki,1,1,550,200
4439,,Sklęczki,2,2,550,200
4440,955,Skoczów,1,1,760,200
4441,955,Skoczów,2,2,760,201
4442,955,Skoczów,2,4,760,201
4443,,Skoczów Bajerki,1,1,760,150
4444,,Skoczów Bładnice,1,1,760,150
4445,,Skoki,1,1,550,100
4446,,Skoki - Borowa,1,1,760,200
4447,,Skoki - Borowa,2,2,760,200
4448,,Skokowa,1,2,550,200
4449,,Skokowa,2,1,550,200
4450,,Skołyszyn,1,3,350,200
4451,,Skołyszyn,1,1,350,200
4452,,Skoroszyce,1,1,300,180
4453,,Skowarcz,1,3,760,200
4454,,Skowarcz,2,2,760,200
4455,,Skórka,1,1,270,227
4456,,Skrzynki,1,3,300,139
4457,,Skrzynki,2,1,300,160
4458,,Skrzynki,2,3,300,160
4459,,Skrzynki,3,2,300,175
4460,,Skrzynki,3,4,300,66
4461,,Skrzynno,1,1,300,154
4462,,Skrzynno,2,2,760,150
4463,885,Skwierzyna,4,4,300,201
4464,885,Skwierzyna,5,6,300,155
4465,,Sława Wielkopolska,1,2,550,100
4466,,Sława Wielkopolska,2,1,550,100
4467,,Sławięcice,1,1a,400,180
4468,,Sławięcice,2,6,400,221
4469,,Sławięcice,2,8,400,186
4470,,Sławków,1,1,760,150
4471,,Sławków,2,2,760,150
4472,708,Sławno,1,9,550,249
4473,708,Sławno,2,5,500,419
4474,708,Sławno,2,3,500,419
4475,708,Sławno,3,1,500,418
4476,,Słomianka,1,1,300,119
4477,1094,Słomniki,1,2,760,200
4478,1094,Słomniki,1,1,760,200
4479,1094,Słomniki,2,4,760,200
4480,1094,Słomniki,3,3,380,200
4481,1095,Słomniki Miasto,1,1,550,200
4482,1095,Słomniki Miasto,2,2,550,200
4483,,Słone,1,1,550,100
4484,,Słonice,1,1,760,200
4485,,Słonice,1,3,760,200
4486,,Słonice,2,2,760,200
4487,,Słonice,2,4,760,200
4488,,Słonowice,1,1,760,100
4489,,Słonowice,1,2,760,100
4490,,Słosinko,1,1,760,100
4491,,Słotwiny,1,2,380,200
4492,,Słotwiny,2,1,760,150
4493,,Słowienkowo,1,1,250,138
4494,,Słubice,1,1,550,200
4495,,Słubice,2,2,550,200
4496,615,Słupca,1,1,760,400
4497,615,Słupca,2,2,760,400
4498,,Słupia,1,1,550,200
4499,,Słupia,2,2,550,150
4500,709,Słupsk,3,3,760,425
4501,709,Słupsk,3,5,760,425
4502,709,Słupsk,4,7,760,210
4503,,Słupsk Północny,1,1,760,100
4504,,Smardy,1,1,760,150
4505,,Smardzew,1,1,550,150
4506,,Smardzów Wrocławski,1,1,310,204
4507,,Smardzów Wrocławski,2,2,300,136
4508,581,Smętowo,1,1,380,200
4509,581,Smętowo,2,3,250,170
4510,581,Smętowo,2,2,380,170
4511,581,Smętowo,3,5,300,182
4512,581,Smętowo,3,4,300,182
4513,,Smogorzów Przysuski,1,1,300,165
4514,,Smogorzów Przysuski,2,2,760,150
4515,,Smolec,1,1,760,200
4516,,Smolec,2,2,760,200
4517,,Smolniki,1,1,760,200
4518,,Smolniki,2,2,760,200
4519,1093,Smroków,1,1,300,203
4520,1093,Smroków,2,2,760,200
4521,,Sobibór,1,1,135,103
4522,,Sobków,1,2,300,210
4523,,Sobków,2,1,300,206
4524,640,Sobolew,1,3b,760,200
4525,640,Sobolew,1,1b,760,200
4526,640,Sobolew,2,2,760,200
4527,640,Sobolew,2,4,760,200
4528,,Sobótka,1,1,550,100
4529,,Sobótka Zachodnia,1,1,550,100
4530,,Sobótka Zachodnia,1,3,550,100
4531,576,Sochaczew,1,3,760,200
4532,576,Sochaczew,2,1,760,300
4533,576,Sochaczew,2,2,760,300
4534,,Sokole Białostockie,1,1,380,162
4535,,Sokoliniec,1,1,200,70
4536,,Sokołowo Budzyńskie,1,1,760,200
4537,,Sokoły,1,1,360,85
4538,636,Sokółka,2,2,260,303
4539,636,Sokółka,2,1,260,303
4540,,Sokule,1,1,550,200
4541,,Sokule,2,2,550,200
4542,579,Solec Kujawski,1,1,550,400
4543,579,Solec Kujawski,2,2,760,280
4544,579,Solec Kujawski,2,6,760,280
4545,,Solec Wielkopolski,1,1,550,200
4546,,Solec Wielkopolski,2,2,550,150
4547,,Solniki Wielkie,1,2,300,199
4548,,Solniki Wielkie,2,1,300,196
4549,,Sołtyków,1,1,300,96
4550,,Somonino,2,1,760,125
4551,,Somonino Bernardyno,1,1,760,150
4552,560,Sopot,2,2,760,400
4553,560,Sopot,2,1,760,400
4554,,Sosnowe,1,1,550,200
4555,,Sosnowe,2,2,550,200
4556,1024,Sosnowiec Dańdówka,1,5,380,296
4557,1024,Sosnowiec Dańdówka,2,1,380,296
4558,1024,Sosnowiec Dańdówka,2,2,380,296
4559,531,Sosnowiec Główny,3,1,760,400
4560,531,Sosnowiec Główny,3,3,760,315
4561,,Sosnowiec Jęzor Południowy,1,1,760,200
4562,,Sosnowiec Jęzor Południowy,2,2,760,200
4563,,Sosnowiec Kazimierz,2,1,300,300
4564,,Sosnowiec Kazimierz,3,5,300,300
4565,,Sosnowiec Maczki,1,1,500,297
4566,,Sosnowiec Maczki,2,2,500,297
4567,716,Sosnowiec Południowy,1,2,500,301
4568,716,Sosnowiec Południowy,1,1,500,301
4569,,Sosnowiec Porąbka,1,1,300,231
4570,,Sośnica Jarosławska,1,1,760,200
4571,,Sośnica Jarosławska,2,2,760,200
4572,,Sośnie Ostrowskie,1,1,760,150
4573,,Sośnie Ostrowskie,2,2,760,150
4574,,Sowczyce,1,1,300,165
4575,,Sowczyce,2,2,300,254
4576,,Sowin,1,1,550,85
4577,,Sól,1,1,760,200
4578,,Sól,1,3,300,200
4579,,Sól Kiczora,1,1,300,150
4580,,Spała,1,1,300,270
4581,,Spławie,1,1,550,200
4582,,Spławie,2,2,550,200
4583,,Spychowo,1,2,760,120
4584,,Spychowo,1,1,760,120
4585,,Spytkowice,1,2,300,200
4586,,Spytkowice,1,4,300,200
4587,,Spytkowice,2,3,300,200
4588,,Spytkowice,2,1,300,200
4589,,Spytkowice Kępki,1,1,760,200
4590,,Spytkowice Kępki,2,2,760,200
4591,,Stalowa Wola,1,1,150,231
4592,,Stalowa Wola,2,2,200,231
4593,760,Stalowa Wola Centrum,1,1,310,252
4594,760,Stalowa Wola Centrum,1,2,310,252
4595,,Stalowa Wola Charzewice,1,1,760,200
4596,,Stalowa Wola Południe,1,2,550,100
4597,,Stalowa Wola Południe,1,1,550,100
4598,759,Stalowa Wola Rozwadów,1,4,390,124
4599,759,Stalowa Wola Rozwadów,1,18,380,124
4600,759,Stalowa Wola Rozwadów,2,2,760,300
4601,759,Stalowa Wola Rozwadów,2,1,760,300
4602,759,Stalowa Wola Rozwadów,3,5,760,203
4603,759,Stalowa Wola Rozwadów,3,3,760,202
4604,,Staniątki,1,1,550,200
4605,,Staniątki,2,2,550,200
4606,,Stanisławice,1,1,550,200
4607,,Stanisławice,2,2,550,200
4608,,Staniszcze Małe,1,1,550,150
4609,,Stanowice,1,1,210,210
4610,,Stara Kamienica,1,1,300,190
4611,,Stara Kamienica,2,2,300,191
4612,,Stara Łubianka,1,3,300,302
4613,,Stara Łubianka,2,1,480,298
4614,,Stara Piła,1,1,760,150
4615,,Stara Piła,1,2,760,150
4616,,Stara Wieś,1,1,760,200
4617,,Stara Wieś,2,2,760,200
4618,,Starachowice,1,1,760,151
4619,,Starachowice,2,2,760,150
4620,,Starachowice Michałów,1,1,760,150
4621,,Starachowice Michałów,2,2,760,150
4622,751,Starachowice Wschodnie,1,4,550,300
4623,751,Starachowice Wschodnie,2,1,550,280
4624,751,Starachowice Wschodnie,2,2,550,280
4625,,Starczów,1,1,400,260
4626,,Starczów,2,3,400,260
4627,,Stare Berezowo,1,1,760,120
4628,,Stare Bielice,1,2,300,168
4629,,Stare Bielice,2,1,300,171
4630,,Stare Bojanowo,1,2,760,200
4631,,Stare Bojanowo,2,3,760,200
4632,,Stare Bojanowo,2,1,760,200
4633,,Stare Drzewce,1,1,380,119
4634,,Stare Drzewce,2,2,360,110
4635,,Stare Grudze,1,1,550,150
4636,,Stare Guty,1,1,760,120
4637,,Stare Jabłonki,1,1,760,150
4638,,Stare Jabłonki,2,2,760,150
4639,,Stare Juchy,1,1,760,150
4640,,Stare Juchy,1,3,760,150
4641,,Stare Kurowo,1,1,300,235
4642,,Stare Kurowo,2,2,300,212
4643,,Stare Olesno,1,2,300,146
4644,,Stare Olesno,2,1,300,247
4645,,Stare Pole,1,2,380,258
4646,,Stare Pole,2,1,380,262
4647,477,Stargard,1,5,760,300
4648,477,Stargard,2,1,760,450
4649,477,Stargard,2,3,760,450
4650,477,Stargard,3,2,760,400
4651,477,Stargard,3,6a,760,400
4652,,Starkowo,1,1,300,197
4653,864,Starogard Gdański,1,2,300,125
4654,864,Starogard Gdański,1,1,300,125
4655,,Staropole Częstochowskie,1,1,550,90
4656,,Staropole Częstochowskie,2,2,550,90
4657,,Stary Borek,1,1,350,100
4658,,Stary Broniszew,1,1,760,85
4659,,Stary Cykarzew,1,1,760,85
4660,,Stary Garbów,1,1,760,150
4661,,Stary Garbów,2,2,760,150
4662,,Stary Grodków,1,1,300,243
4663,,Stary Jawor,1,1,300,100
4664,,Stary Klukom,1,1,760,200
4665,,Stary Klukom,2,2,760,200
4666,833,Stary Sącz,1,1,760,250
4667,833,Stary Sącz,1,2,760,250
4668,,Stary Węgliniec,1,1,350,120
4669,,Stary Wielisław,1,1,180,187
4670,,Stasin Polny,1,1,760,200
4671,,Stasin Polny,2,2,760,200
4672,,Staw Kunowski,2,1,760,150
4673,,Staw Kunowski,2,2,760,150
4674,,Stawiany Pińczowskie,1,1,760,150
4675,574,Stawiguda,1,1,760,150
4676,,Stawno,1,1,550,150
4677,,Stąporków,1,2,760,150
4678,,Stąporków,1,1,760,150
4679,,Stefanowo,1,2,300,99
4680,,Stefanowo,2,1,300,123
4681,,Steknica,1,1,300,200
4682,,Sterkowiec,1,1,550,200
4683,,Sterkowiec,2,2,550,200
4684,,Sterławki Małe,1,1,760,150
4685,,Sterławki Wielkie,1,1,760,150
4686,,Sterławki Wielkie,1,2,760,150
4687,,Stęszew,1,1,550,130
4688,,Stęszew,1,2,550,130
4689,,Stobno,1,2,300,179
4690,,Stobno,2,1,300,213
4691,,Stogi Malborskie,1,1,760,200
4692,,Stogi Malborskie,2,2,760,200
4693,,Stok Lacki,1,1,300,118
4694,,Stok Lacki,2,2,300,119
4695,,Strabla,1,1,760,120
4696,,Strabla,1,3,760,120
4697,,Stramnica,1,1,550,150
4698,,Strażów,1,1,550,202
4699,,Strażów,1,2,550,202
4700,,Strączno,1,1,300,170
4701,,Stronie,1,3,760,200
4702,,Stronie,1,1,760,200
4703,,Stronno,1,1,300,190
4704,836,Stróże,1,5,300,197
4705,836,Stróże,2,3,300,397
4706,836,Stróże,2,1,350,400
4707,,Strumień,1,2,300,254
4708,,Strumień,1,1,300,254
4709,,Strykowo Poznańskie,1,1,550,130
4710,,Stryków,1,2,550,200
4711,,Stryków,2,1,550,200
4712,,Stryszawa,1,1,310,250
4713,,Stryszów,1,1,760,200
4714,,Stryszów,1,2,760,200
4715,,Strzałkowo,1,1,550,200
4716,,Strzałkowo,1,3,550,200
4717,,Strzałkowo,2,4,550,200
4718,,Strzałkowo,2,2,550,200
4719,,Strzebielewo,1,1,760,200
4720,,Strzebielewo,2,2,760,200
4721,,Strzebielino Morskie,1,1,300,250
4722,,Strzebielino Morskie,1,3,300,250
4723,,Strzebiń,1,1,200,192
4724,,Strzebiń,2,2,300,180
4725,,Strzegom,1,1,220,226
4726,,Strzegom,2,7,250,270
4727,,Strzegom,2,3,200,270
4728,,Strzelce Kujawskie,1,3,400,136
4729,,Strzelce Kujawskie,2,3,500,136
4730,,Strzelce Kujawskie,2,1,500,136
4731,678,Strzelce Opolskie,1,2,550,200
4732,678,Strzelce Opolskie,2,3,550,400
4733,678,Strzelce Opolskie,2,1,550,400
4734,678,Strzelce Opolskie,3,7,550,200
4735,678,Strzelce Opolskie,3,5,550,200
4736,,Strzelce Świdnickie,1,1,550,100
4737,943,Strzelin,1,6,370,295
4738,943,Strzelin,2,2,370,310
4739,943,Strzelin,2,1,380,310
4740,,Strzelinko,1,1,760,100
4741,,Strzyżów nad Wisłokiem,1,2,550,200
4742,,Strzyżów nad Wisłokiem,1,1,550,200
4743,,Strzyżów nad Wisłokiem,2,4,760,100
4744,,Strzyżów Zachodni,1,1,760,100
4745,,Strzyżyna,1,1,760,200
4746,,Strzyżyna,2,2,760,200
4747,,Strzyżyno Słupskie,1,1,760,225
4748,,Studniska,1,1,550,100
4749,,Studzianka,1,1,350,175
4750,,Studzianki Nowe,1,1,760,200
4751,,Studzianki Nowe,2,2,760,200
4752,,Stulno,1,1,225,118
4753,,Stupsk Mazowiecki,1,1,550,200
4754,,Stupsk Mazowiecki,2,2,550,200
4755,,Styków Iłżecki,1,1,760,150
4756,,Styków Iłżecki,2,2,760,150
4757,,Subkowy,1,1,400,225
4758,,Subkowy,2,2,400,150
4759,,Subkowy Centrum,1,1,760,200
4760,,Subkowy Centrum,2,2,760,200
4761,,Sucha Beskidzka,1,4,420,396
4762,,Sucha Beskidzka,1,12,420,190
4763,,Sucha Beskidzka,2,1,760,320
4764,,Sucha Beskidzka,2,2,760,320
4765,664,Sucha Beskidzka Zamek,1,1,760,200
4766,,Sucha Żyrardowska,1,1,760,200
4767,,Sucha Żyrardowska,2,2,760,200
4768,,Suchatówka,1,1,760,150
4769,,Suchatówka,2,2,760,150
4770,523,Suchedniów,2,1,300,304
4771,523,Suchedniów,2,2,300,304
4772,,Suchedniów Północny,1,1,300,200
4773,,Suchedniów Północny,2,2,300,200
4774,,Suchowolce,1,1,760,120
4775,,Suchy Bór Opolski,1,1,550,150
4776,623,Sulechów,1,1,760,400
4777,623,Sulechów,1,4,760,400
4778,,Sulejówek,1,1,760,200
4779,,Sulejówek,2,2,760,200
4780,,Sulejówek Miłosna,1,1,760,200
4781,,Sulejówek Miłosna,2,4,760,200
4782,,Sulejówek Miłosna,2,2,760,200
4783,,Sulęcinek,1,2,300,245
4784,,Sulęcinek,2,1,300,237
4785,,Sulino,1,1,320,112
4786,,Suliszewo Drawskie,1,1,550,120
4787,,Suliszewo Drawskie,2,2,550,120
4788,,Sulów,1,1,550,100
4789,,Sułkowice,1,1,760,200
4790,,Sułkowice,2,2,760,200
4791,,Sumina,1,2,760,200
4792,,Sumina,1,1,760,200
4793,,Sumina Wieś,1,1,300,173
4794,,Surochów,1,1,0,150
4795,,Surochów,1,3,0,150
4796,,Susiec,1,1,380,194
4797,,Susiec,2,2,0,57
4798,,Susk,1,1,300,200
4799,,Susz,1,1,760,200
4800,,Susz,2,2,760,200
4801,,Suszka,1,2,380,225
4802,,Suszka,2,1,320,225
4803,633,Suwałki,1,5,340,260
4804,633,Suwałki,2,5,300,233
4805,633,Suwałki,2,3,300,233
4806,,Swarożyn,1,2,300,160
4807,,Swarożyn,2,1,300,160
4808,,Swarzewo,1,1,760,125
4809,617,Swarzędz,1,3,760,200
4810,617,Swarzędz,2,4,760,300
4811,617,Swarzędz,2,1,760,300
4812,,Swędów,1,1,550,150
4813,,Swobodna,1,1,760,85
4814,,Sycewice,1,1,550,200
4815,,Sycze,1,1,760,200
4816,,Sycze,2,2,760,200
4817,,Szachy,1,1,550,200
4818,,Szachy,2,2,550,200
4819,,Szadek,1,3,300,156
4820,,Szadek,2,2,300,304
4821,,Szadek,2,1,300,258
4822,,Szadkowice,1,1,300,110
4823,,Szaflary,1,3,760,200
4824,,Szaflary,1,1,760,200
4825,,Szaflary Centrum,1,1,760,200
4826,,Szalowa,1,1,250,200
4827,,Szałamaje,1,1,300,100
4828,629,Szamotuły,1,1,760,350
4829,629,Szamotuły,1,3,760,350
4830,629,Szamotuły,2,2,760,350
4831,629,Szamotuły,2,6,760,350
4832,,Szaniawy,1,1,550,200
4833,,Szaniawy,2,2,550,195
4834,,Szarów,1,1,550,200
4835,,Szarów,2,2,550,200
4836,,Szastarka,1,1,760,150
4837,,Szastarka,1,2,760,150
4838,,Szczaniec,1,1,550,200
4839,,Szczaniec,2,2,550,200
4840,,Szczaniec,2,4,550,200
4841,,Szczawne Kulaszne,1,2,0,36
4842,,Szczawne Kulaszne,2,1,0,98
4843,,Szczawne Kulaszne,3,3,0,100
4844,,Szczawno - Ciemnice,1,1,300,100
4845,805,Szczebrzeszyn,1,1,760,150
4846,627,Szczecin Dąbie,1,3,550,302
4847,627,Szczecin Dąbie,2,1,760,400
4848,627,Szczecin Dąbie,2,2,760,317
4849,627,Szczecin Dąbie,3,8,310,214
4850,,Szczecin Dunikowo,1,1,760,130
4851,,Szczecin Dunikowo,2,2,760,130
4852,628,Szczecin Główny,1,5,550,266
4853,628,Szczecin Główny,1,3,550,370
4854,628,Szczecin Główny,2,1,760,421
4855,628,Szczecin Główny,2,2,760,421
4856,628,Szczecin Główny,3,4,760,386
4857,628,Szczecin Główny,3,6,760,327
4858,628,Szczecin Główny,4,8,550,211
4859,628,Szczecin Główny,4,10,550,211
4860,,Szczecin Gumieńce,1,5,760,300
4861,,Szczecin Gumieńce,1,1,760,300
4862,,Szczecin Łasztownia,1,1,760,130
4863,,Szczecin Łasztownia,2,2,760,130
4864,,Szczecin Podjuchy,1,3x,760,153
4865,,Szczecin Podjuchy,2,1,760,426
4866,,Szczecin Podjuchy,2,2,760,426
4867,,Szczecin Port Centralny,1,1,550,160
4868,,Szczecin Port Centralny,1,2,550,160
4869,,Szczecin Trzebusz,1,1,760,130
4870,,Szczecin Trzebusz,2,2,760,130
4871,,Szczecin Załom,1,2,550,200
4872,,Szczecin Załom,2,1,550,200
4873,,Szczecin Zdroje,1,1,760,200
4874,,Szczecin Zdroje,2,2,760,200
4875,,Szczecin Zdroje,2,4,760,200
4876,,Szczecin Zdunowo,1,1,760,200
4877,,Szczecin Zdunowo,2,2,760,200
4878,,Szczecin Żydowce,1,1,760,130
4879,,Szczecin Żydowce,2,2,760,130
4880,704,Szczecinek,1,7,300,360
4881,704,Szczecinek,1,9,196,196
4882,704,Szczecinek,2,5,300,181
4883,704,Szczecinek,2,1,300,187
4884,704,Szczecinek,3,2,300,154
4885,704,Szczecinek,3,6,300,321
4886,,Szczecinek Bugno,1,1,760,150
4887,,Szczecinek Chyże,1,1,250,215
4888,,Szczedrzykowice,1,1,550,200
4889,,Szczedrzykowice,2,2,550,200
4890,,Szczejkowice,1,1,760,200
4891,,Szczejkowice,2,2,760,200
4892,1092,Szczepanowice,1,1,300,201
4893,1092,Szczepanowice,2,2,300,201
4894,,Szczepanów,1,1,550,100
4895,,Szczepki,1,1,760,120
4896,,Szczepki,2,3,760,85
4897,,Szczukowskie Górki,1,1,760,150
4898,,Szczukowskie Górki,2,2,760,150
4899,,Szczutowo,2,1,300,158
4900,962,Szczytna,1,1,300,261
4901,769,Szczytno,1,6,760,120
4902,769,Szczytno,1,4,760,120
4903,769,Szczytno,2,2,550,200
4904,769,Szczytno,2,1,550,200
4905,,Szebnie,1,1,550,100
4906,496,Szepietowo,1,3,760,200
4907,496,Szepietowo,2,1,760,400
4908,496,Szepietowo,2,2,760,400
4909,,Szeroki Bór,1,1,760,120
4910,,Szewce,1,2,550,200
4911,,Szewce,2,1,550,200
4912,,Szewnica,1,1,760,200
4913,,Szewnica,2,2,760,200
4914,778,Szklarska Poręba Dolna,1,1,340,175
4915,770,Szklarska Poręba Górna,1,1,550,166
4916,770,Szklarska Poręba Górna,2,3,550,160
4917,770,Szklarska Poręba Górna,3,4,550,85
4918,779,Szklarska Poręba Średnia,1,1,760,200
4919,,Szlachta,1,5,300,95
4920,,Szlachta,1,3,300,95
4921,,Szlachta,2,3,300,95
4922,,Szlachta,2,1,300,95
4923,,Szlachta,3,2,300,84
4924,,Szpęgawsk,1,1,400,100
4925,,Szpęgawsk,2,2,400,100
4926,,Szreniawa,1,3,550,130
4927,,Szreniawa,1,1,550,130
4928,863,Sztum,1,1,760,200
4929,863,Sztum,1,3,760,200
4930,,Sztumska Wieś,1,1,760,125
4931,,Szulborze Wielkie,1,1,760,200
4932,,Szulborze Wielkie,2,2,760,200
4933,,Szybowice,1,1,300,270
4934,,Szybowice,2,2,300,210
4935,,Szydłowiec,1,3,300,97
4936,,Szydłowiec,2,1,300,257
4937,,Szydłowiec,2,2,300,257
4938,,Szydłowo Krajeńskie,1,1,380,110
4939,,Szydłów,1,3,300,208
4940,,Szydłów,2,1,300,85
4941,,Szydłów Centrum,1,1,550,85
4942,,Szymankowo,1,2,760,200
4943,,Szymankowo,2,1,760,200
4944,,Szymankowo,2,3xx,760,200
4945,,Szymany,1,2,550,150
4946,,Szymany,1,1,550,150
4947,,Szymany Lotnisko,1,1,550,125
4948,,Szymbory,1,1,760,200
4949,,Szymbory,2,2,760,200
4950,,Szymiszów,1,2,550,200
4951,,Szymiszów,2,1,550,200
4952,,Szymocice,1,1,760,170
4953,,Szymocice,2,2,760,200
4954,715,Ścinawa,1,1,800,241
4955,715,Ścinawa,1,2,800,241
4956,715,Ścinawa,2,12,340,113
4957,715,Ścinawa,2,10,340,113
4958,,Ścinawka Średnia,2,2,550,100
4959,,Ścinawka Średnia,2,1,550,100
4960,,Ślesin,1,1,300,217
4961,,Ślesin,2,2,300,217
4962,,Śliwice,1,1,300,132
4963,,Śliwice,2,3,300,110
4964,,Śliwice,2,1,300,110
4965,,Śliwiczki,1,1,300,84
4966,,Śniadowo,1,1,760,250
4967,,Śniadowo - Stara Stacja,1,,760,100
4968,,Środa Śląska,1,1,550,200
4969,,Środa Śląska,2,2,550,200
4970,639,Środa Wielkopolska,1,1,550,250
4971,639,Środa Wielkopolska,2,2,350,250
4972,639,Środa Wielkopolska,2,4,350,250
4973,847,Świdnica Miasto,1,3,220,130
4974,847,Świdnica Miasto,2,1,230,260
4975,847,Świdnica Miasto,2,2,220,260
4976,,Świdnica Przedmieście,1,1,550,100
4977,,Świdnica Zawiszów,1,1,760,150
4978,,Świdnica Zawiszów,2,2,760,150
4979,742,Świdnik Miasto,1,1,550,213
4980,742,Świdnik Miasto,2,16,550,160
4981,742,Świdnik Miasto,2,2,550,175
4982,,Świdnik Wschód,1,1,380,200
4983,,Świdnik Wschód,2,2,380,200
4984,791,Świdwin,1,2,230,192
4985,791,Świdwin,2,3,250,297
4986,791,Świdwin,2,1,250,391
4987,,Świdwin Zamek,1,1,760,150
4988,772,Świebodzice,1,1,760,300
4989,772,Świebodzice,2,2,760,300
4990,796,Świebodzin,1,3,300,92
4991,796,Świebodzin,2,1,300,395
4992,796,Świebodzin,2,2,300,395
4993,796,Świebodzin,3,4,300,185
4994,,Świekatowo,1,1,300,190
4995,,Świercze,1,1,550,200
4996,,Świercze,2,2,550,200
4997,,Świerki Dolne,1,1,420,218
4998,,Świerki Dolne,2,2,430,190
4999,,Święta Katarzyna,1,2,550,200
5000,,Święta Katarzyna,2,1a,550,200
5001,,Świętajno,1,1,760,120
5002,,Świętochłowice,1,2,760,255
5003,,Świętochłowice,1,1,760,255
5004,,Świlcza,1,1,550,200
5005,,Świlcza,2,2,550,200
5006,684,Świnoujście,1,1,380,144
5007,684,Świnoujście,2,4,760,334
5008,684,Świnoujście,2,2c,760,366
5009,,Świnoujście Port,1,5,760,261
5010,,Świnoujście Przytór,1,2,760,150
5011,,Świnoujście Przytór,2,1,550,150
5012,,Świnoujście Warszów,1,1,760,150
5013,,Świnoujście Warszów,2,1,450,150
5014,,Taciszów,1,1,330,210
5015,,Taciszów,2,2,330,210
5016,,Taczanów,1,1,350,280
5017,,Taczanów,2,2,350,281
5018,,Tarchały Wielkie,1,1,760,150
5019,1025,Targowiska,1,5,0,193
5020,1025,Targowiska,2,3,0,193
5021,1025,Targowiska,3,1,0,130
5022,,Tarło,1,1,760,100
5023,,Tarnawa Dolna,1,1,380,100
5024,754,Tarnobrzeg,2,1,760,300
5025,754,Tarnobrzeg,2,3,760,300
5026,,Tarnobrzeg Ocice,1,,760,150
5027,,Tarnobrzeg Olszynka,1,,760,150
5028,,Tarnobrzeg Sobów,1,,760,150
5029,,Tarnowiec,3,1,0,163
5030,,Tarnowiec,3,3,0,160
5031,,Tarnowiec Brzeski,1,1,300,190
5032,,Tarnowiec Brzeski,2,2,300,190
5033,,Tarnowo Pomorskie,1,1,380,121
5034,,Tarnowo Pomorskie,2,2,380,121
5035,,Tarnowo Rogozińskie,1,1,760,200
5036,,Tarnowska Wola,1,1,550,100
5037,968,Tarnowskie Góry,2,2 TGA,750,300
5038,968,Tarnowskie Góry,2,1 TGA,750,300
5039,968,Tarnowskie Góry,3,3A,760,250
5040,968,Tarnowskie Góry,3,5,750,250
5041,657,Tarnów,1,4,550,400
5042,657,Tarnów,1,2,550,400
5043,657,Tarnów,2,1,550,400
5044,657,Tarnów,2,3,550,400
5045,657,Tarnów,3,9,550,300
5046,657,Tarnów,3,7,550,300
5047,,Tarnów Mościce,1,3,550,200
5048,,Tarnów Mościce,2,4,550,200
5049,,Tarnów Opolski,1,2,550,155
5050,,Tarnów Opolski,2,1,550,200
5051,,Tarzymiechy,1,1,320,300
5052,556,Tczew,1,10,760,280
5053,556,Tczew,2,8,760,300
5054,556,Tczew,2,6,760,300
5055,556,Tczew,3,2,760,412
5056,556,Tczew,3,1,760,412
5057,556,Tczew,4,5,760,420
5058,556,Tczew,4,7,760,420
5059,,Teresin Niepokalanów,1,4A,760,200
5060,,Teresin Niepokalanów,2,1,760,202
5061,,Teresin Niepokalanów,2,3,760,202
5062,499,Terespol,1,7,760,200
5063,499,Terespol,2,3,760,403
5064,499,Terespol,2,5,760,403
5065,499,Terespol,3,101S,550,400
5066,499,Terespol,3,4,550,400
5067,,Terespol Pomorski,1,3,300,277
5068,,Terespol Pomorski,2,2,300,183
5069,,Terespol Pomorski,2,4,300,228
5070,,Terespol Pomorski,3,6,300,192
5071,,Terespol Pomorski,3,10,300,192
5072,807,Tereszpol Biłgorajski,1,1,425,250
5073,,Tleń,1,1,300,200
5074,,Tłoki,1,1,550,130
5075,492,Tłuszcz,2,1,760,400
5076,492,Tłuszcz,2,3,760,400
5077,492,Tłuszcz,3,4,760,400
5078,492,Tłuszcz,3,2,760,400
5079,492,Tłuszcz,4,8,760,200
5080,492,Tłuszcz,4,10,760,200
5081,,Tołkiny,1,1,760,162
5082,,Tołkiny,1,3,760,162
5083,,Tomaszów Bolesławiecki,1,1,550,200
5084,,Tomaszów Bolesławiecki,2,2,550,200
5085,644,Tomaszów Mazowiecki,1,3,300,260
5086,644,Tomaszów Mazowiecki,2,2,300,206
5087,644,Tomaszów Mazowiecki,2,1,300,143
5088,,Tomaszów Mazowiecki Białobrzegi,1,1,550,85
5089,,Tomaszówek,1,1,760,200
5090,,Topola-Osiedle,1,1,760,150
5091,,Topola-Osiedle,2,3,760,150
5092,,Toporów,1,3,550,200
5093,,Toporów,1,1,550,200
5094,,Toporów,2,2,550,200
5095,,Toporów,2,4,550,200
5096,,Topór,1,1,760,200
5097,,Topór,2,2,760,200
5098,,Toruń Czerniewice,1,1,300,240
5099,,Toruń Czerniewice,2,2,300,240
5100,564,Toruń Główny,1,2,760,395
5101,564,Toruń Główny,1,4,760,407
5102,564,Toruń Główny,2,1,550,352
5103,564,Toruń Główny,3,5,550,335
5104,564,Toruń Główny,4,7,760,400
5105,564,Toruń Główny,4,9,760,400
5106,,Toruń Katarzynka,1,1,550,125
5107,,Toruń Kluczyki,1,201,300,170
5108,,Toruń Kluczyki,2,202,300,170
5109,,Toruń Kluczyki,2,304,300,170
5110,,Toruń Kluczyki,3,303,300,150
5111,724,Toruń Miasto,1,1,300,224
5112,724,Toruń Miasto,1,2,300,266
5113,723,Toruń Wschodni,1,1,300,365
5114,723,Toruń Wschodni,2,2,300,375
5115,723,Toruń Wschodni,2,5,300,375
5116,723,Toruń Wschodni,3,6,300,290
5117,723,Toruń Wschodni,3,8,300,290
5118,,Torzym,1,1,550,200
5119,,Torzym,2,2,550,200
5120,,Toszek,1,1,300,274
5121,,Toszek,2,2,200,268
5122,,Trablice,1,1,380,167
5123,,Trablice,2,2,380,203
5124,936,Trakiszki,1,3,300,400
5125,936,Trakiszki,2,4,310,400
5126,936,Trakiszki,2,1,310,400
5127,,Trawniki,1,"6A,6B",355,134
5128,,Trawniki,2,2,415,300
5129,,Trawniki,2,1,340,300
5130,,Trąbki,1,1,210,298
5131,,Trąbki,2,2,300,300
5132,,Troszyn,1,1,550,200
5133,,Troszyn,2,2,550,200
5134,,Tryńcza,1,1,250,210
5135,,Tryńcza,2,3,200,207
5136,,Trypucie,1,1,760,200
5137,,Trypucie,2,2,760,200
5138,,Trzciana,1,1,550,200
5139,,Trzciana,2,2,550,200
5140,873,Trzcianka,1,1,340,245
5141,873,Trzcianka,2,4,300,304
5142,873,Trzcianka,2,2,300,304
5143,,Trzciniec,1,1,300,297
5144,,Trzciniec,2,1,300,297
5145,,Trzciniec,2,2,300,297
5146,,Trzcińsko,1,2,550,200
5147,,Trzcińsko,2,1,550,200
5148,,Trzebaw Rosnówko,1,1,550,130
5149,,Trzebiatów,1,3,300,142
5150,,Trzebiatów,2,1,300,288
5151,,Trzebiatów,2,2,300,288
5152,649,Trzebinia,1,4,760,200
5153,649,Trzebinia,2,1,760,400
5154,649,Trzebinia,2,2,760,400
5155,649,Trzebinia,3,7,760,400
5156,649,Trzebinia,3,11,760,400
5157,,Trzebiszewo,2,1,300,160
5158,,Trzeciewnica,1,1,760,150
5159,,Trzeciewnica,2,2,760,150
5160,,Trzemeszno,1,1,760,120
5161,,Trzemeszno,2,2,760,101
5162,,Tuchola,1,3,300,218
5163,,Tuchola,1,1,300,218
5164,,Tuchola,2,2,300,218
5165,,Tuchola,2,"4,4x",300,218
5166,,Tuchola Rudzki Most,1,1,550,125
5167,,Tuchorza,1,1,300,137
5168,813,Tuchów,1,3,760,250
5169,813,Tuchów,1,1,760,250
5170,,Tuczki,1,1,550,200
5171,,Tuczki,2,2,550,200
5172,1021,Tuczno Krajeńskie,1,1,400,170
5173,,Tułowice,1,1,550,85
5174,,Tuły,1,1,300,86
5175,,Tumlin,1,1,300,200
5176,,Tumlin,2,2,300,200
5177,1089,Tunel,1,2,760,200
5178,1089,Tunel,1,1,760,200
5179,,Tuplice,3,2,300,248
5180,,Tuplice,4,1,300,234
5181,,Tuplice Dębinka,1,1,300,190
5182,,Turbia,1,1,300,190
5183,,Turbia,2,2,360,190
5184,,Turowo Pomorskie,1,3,250,326
5185,,Turowo Pomorskie,2,3,230,326
5186,,Turowo Pomorskie,2,1,230,336
5187,,Turów,1,4,300,140
5188,,Turów,2,1,380,150
5189,,Turów,2,2,380,150
5190,,Turza Wielka,1,1,550,200
5191,,Turza Wielka,2,2,550,200
5192,,Turzno,1,2,760,150
5193,,Turzno,2,1,760,150
5194,,Turzno Kujawskie,1,1,760,150
5195,,Turzno Kujawskie,2,2,760,150
5196,,Turzynów,1,1,550,200
5197,,Turzynów,2,2,550,200
5198,,Tuszów Narodowy,1,1,760,85
5199,,Tuszyma,1,1,760,85
5200,,Twarda Góra,1,1,300,310
5201,,Twarda Góra,1,2,300,310
5202,,Twardawa,1,2,300,301
5203,,Twardawa,2,1,300,226
5204,,Twardogóra,1,1,300,220
5205,,Twardogóra,2,2,300,180
5206,,Tworków,1,1,760,120
5207,,Tworków,2,2,760,120
5208,,Tworków,2,1,760,120
5209,,Tychowo,1,1,200,220
5210,,Tychowo,2,2,250,305
5211,533,Tychy,1,8,760,237
5212,533,Tychy,1,10,760,237
5213,533,Tychy,2,2,380,220
5214,533,Tychy,2,1,380,220
5215,533,Tychy,3,9,560,187
5216,533,Tychy,3,7,560,187
5217,,Tychy Aleja Bielska,1,1,760,200
5218,,Tychy Aleja Bielska,2,2,760,200
5219,,Tychy Grota Roweckiego,1,1,760,200
5220,,Tychy Grota Roweckiego,2,2,760,200
5221,,Tychy Lodowisko,1,50,760,220
5222,,Tychy Zachodnie,1,1,860,200
5223,,Tychy Zachodnie,2,2,860,200
5224,,Tychy Żwaków,1,2,300,200
5225,,Tychy Żwaków,2,1,300,216
5226,,Tymień,1,1,200,208
5227,,Ubocze,1,1,300,180
5228,,Uherce,1,1,204,204
5229,,Uherce,2,3,0,100
5230,,Uherce,2,5,0,100
5231,,Uherce Tunel,1,1,100,100
5232,,Uhowo,1,1,760,200
5233,,Uhowo,2,2,760,200
5234,,Uhrusk,1,1,160,80
5235,,Uhrusk,2,2,110,100
5236,,Uhrusk,2,1,110,100
5237,,Uhrusk Przystanek,1,1,250,120
5238,,Ulikowo,1,4,250,230
5239,,Ulikowo,2,1,250,309
5240,,Ulikowo,2,2,250,230
5241,,Unieszewo,1,1,760,150
5242,,Unieszewo,2,2,760,150
5243,,Unisław Pomorski,1,3,300,200
5244,,Unisław Pomorski,1,1,300,200
5245,,Unisław Śląski,1,1,300,138
5246,,Urle,1,1,760,200
5247,,Urle,2,2,760,200
5248,,Ustanówek,1,1,760,200
5249,,Ustanówek,2,2,760,200
5250,,Ustjanowa,1,1,60,60
5251,706,Ustka,1,1,760,256
5252,706,Ustka,2,2,760,256
5253,706,Ustka,2,4,760,256
5254,,Ustka Uroczysko,1,1,760,200
5255,795,Ustronie Morskie,1,1,250,337
5256,795,Ustronie Morskie,1,2,250,337
5257,,Ustroń,1,1,760,150
5258,,Ustroń,1,2,760,150
5259,,Ustroń Brzegi,1,1,760,150
5260,958,Ustroń Polana,1,1,760,150
5261,958,Ustroń Polana,1,3,760,150
5262,957,Ustroń Zdrój,1,1,760,200
5263,,Ustrzesz,1,1,760,100
5264,,Ustrzyki Dolne,1,2,0,120
5265,,Ustrzyki Dolne,1,4,120,120
5266,,Ustrzyki Dolne,2,2,0,120
5267,,Ustrzyki Dolne,2,1,0,140
5268,854,Wadowice,1,1,760,250
5269,854,Wadowice,1,2,760,250
5270,854,Wadowice,2,5,300,170
5271,854,Wadowice,2,3,300,170
5272,,Wadowice Osiedle Podhalanin,1,1,760,150
5273,,Walawa,1,1,760,200
5274,,Walawa,2,2,760,200
5275,,Waliły,1,1,380,201
5276,,Wałbrzych Centrum,1,1,760,300
5277,,Wałbrzych Centrum,2,2,760,300
5278,,Wałbrzych Fabryczny,1,2,250,330
5279,,Wałbrzych Fabryczny,2,1,270,235
5280,774,Wałbrzych Główny,1,1,300,366
5281,774,Wałbrzych Główny,2,2,300,360
5282,774,Wałbrzych Główny,2,4,300,360
5283,773,Wałbrzych Miasto,2,1,760,300
5284,773,Wałbrzych Miasto,2,2,760,300
5285,,Wałbrzych Szczawienko,1,1,760,200
5286,,Wałbrzych Szczawienko,2,2,760,200
5287,1020,Wałcz,2,3,380,240
5288,1020,Wałcz,2,1,380,240
5289,1020,Wałcz,3,5,380,160
5290,,Wałcz Raduń,2,1,300,150
5291,,Wałdowo Szlacheckie,1,1,550,125
5292,,Wałki,1,1,550,200
5293,,Wałki,2,2,550,200
5294,,Wałowice,1,1,300,100
5295,,Wandzin,1,1,550,100
5296,,Waplewo,1,1,760,150
5297,,Waplewo,1,3,760,150
5298,,Wargowo,1,2,760,200
5299,,Wargowo,1,1,760,200
5300,520,Warka,1,2,760,300
5301,520,Warka,2,3,760,300
5302,520,Warka,2,1,760,300
5303,,Warka Miasto,1,1,760,200
5304,,Warka Miasto,2,2,760,200
5305,,Warkocz,1,1,400,308
5306,,Warkocz,2,2,400,280
5307,,Warlubie,1,1,300,228
5308,,Warlubie,2,1,300,300
5309,,Warlubie,2,2,300,300
5310,,Warnowo,1,1,220,219
5311,,Warnowo,1,2,220,219
5312,,Warszawa Aleje Jerozolimskie,1,1,760,200
5313,,Warszawa Aleje Jerozolimskie,2,2R,760,200
5314,,Warszawa Aleje Jerozolimskie,2,4R,760,200
5315,,Warszawa Anin,1,1F,860,190
5316,,Warszawa Anin,1,2F,860,190
5317,489,Warszawa Centralna,1,5,860,400
5318,489,Warszawa Centralna,1,7,860,400
5319,489,Warszawa Centralna,2,1,860,400
5320,489,Warszawa Centralna,2,3,860,400
5321,489,Warszawa Centralna,3,2,860,400
5322,489,Warszawa Centralna,3,4,860,400
5323,489,Warszawa Centralna,4,6,860,400
5324,489,Warszawa Centralna,4,8,860,400
5325,,Warszawa Choszczówka,1,3,760,200
5326,,Warszawa Choszczówka,2,2,760,200
5327,,Warszawa Dawidy,1,1,760,200
5328,,Warszawa Dawidy,2,2,760,200
5329,,Warszawa Falenica,1,2,860,191
5330,,Warszawa Falenica,2,3a,860,191
5331,,Warszawa Falenica,2,1,860,191
5332,,Warszawa Falenica,3,5,760,200
5333,,Warszawa Falenica,3,3b,760,200
5334,1005,Warszawa Gdańska,2,3,760,300
5335,1005,Warszawa Gdańska,2,5,760,300
5336,1005,Warszawa Gdańska,3,1B,760,394
5337,1005,Warszawa Gdańska,3,2B,760,430
5338,1005,Warszawa Gdańska,4,4,760,300
5339,1005,Warszawa Gdańska,4,6,760,300
5340,1005,Warszawa Gdańska,5,10,760,249
5341,1007,Warszawa Główna,1,1,760,297
5342,1007,Warszawa Główna,1,3,760,350
5343,1007,Warszawa Główna,2,4,760,348
5344,1007,Warszawa Główna,2,2,760,297
5345,,Warszawa Gocławek,1,1W,760,200
5346,,Warszawa Gocławek,1,2W,760,200
5347,,Warszawa Gołąbki,1,1,760,200
5348,,Warszawa Gołąbki,1,2,760,200
5349,,Warszawa Grochów,1,1W,760,200
5350,,Warszawa Grochów,1,2W,760,200
5351,,Warszawa Jeziorki,1,1,760,200
5352,,Warszawa Jeziorki,2,2,760,200
5353,,Warszawa Koło,1,1,760,200
5354,,Warszawa Koło,2,2,760,200
5355,,Warszawa Lotnisko Chopina,1,1L,760,155
5356,,Warszawa Lotnisko Chopina,1,2L,760,155
5357,,Warszawa Miedzeszyn,1,1F,860,190
5358,,Warszawa Miedzeszyn,1,2F,860,190
5359,,Warszawa Miedzeszyn,2,1F,760,200
5360,,Warszawa Międzylesie,1,1F,860,190
5361,,Warszawa Międzylesie,1,2F,860,190
5362,1006,Warszawa Młynów,1,1,760,200
5363,1006,Warszawa Młynów,2,2,760,200
5364,,Warszawa Mokry Ług,1,1Z,760,200
5365,,Warszawa Mokry Ług,2,2Z,760,200
5366,,Warszawa Ochota,1,3,999,235
5367,,Warszawa Ochota,1,4,999,235
5368,,Warszawa Okęcie,1,1,760,200
5369,,Warszawa Okęcie,1,2,760,200
5370,,Warszawa Olszynka Grochowska,1,1W,760,200
5371,,Warszawa Olszynka Grochowska,1,2W,760,200
5372,,Warszawa Płudy,1,3,760,200
5373,,Warszawa Płudy,2,2,760,200
5374,,Warszawa Powązki,1,1A,760,200
5375,,Warszawa Powązki,2,2A,760,200
5376,,Warszawa Powiśle,1,3,760,220
5377,,Warszawa Powiśle,2,4,760,220
5378,,Warszawa Praga,1,1e,760,267
5379,,Warszawa Praga,1,2e,760,267
5380,,Warszawa Radość,1,1F,860,190
5381,,Warszawa Radość,1,2F,860,190
5382,,Warszawa Radość,2,1F,760,200
5383,,Warszawa Rakowiec,1,1,760,200
5384,,Warszawa Rakowiec,2,2,760,200
5385,,Warszawa Rembertów,1,3,760,200
5386,,Warszawa Rembertów,1,4,760,200
5387,518,Warszawa Służewiec,1,1,760,250
5388,518,Warszawa Służewiec,1,2,760,250
5389,,Warszawa Stadion,1,3,760,204
5390,,Warszawa Stadion,2,4,760,204
5391,1004,Warszawa Śródmieście,1,3,860,208
5392,1004,Warszawa Śródmieście,2,3,860,208
5393,1004,Warszawa Śródmieście,2,4,860,208
5394,1004,Warszawa Śródmieście,3,4,860,208
5395,,Warszawa Targówek,1,1s,760,200
5396,,Warszawa Targówek,2,2s,760,200
5397,,Warszawa Toruńska,1,1e,760,300
5398,,Warszawa Toruńska,1,2e,760,300
5399,,Warszawa Ursus,1,4,760,200
5400,,Warszawa Ursus,2,3,760,201
5401,,Warszawa Ursus,2,4,760,201
5402,,Warszawa Ursus Niedźwiadek,1,4,760,200
5403,,Warszawa Ursus Niedźwiadek,1,3,760,200
5404,,Warszawa Ursus Północny,1,1,960,211
5405,,Warszawa Ursus Północny,2,2,960,211
5406,,Warszawa Wawer,1,1,760,200
5407,,Warszawa Wawer,1,2,760,200
5408,,Warszawa Wawer,2,3,760,200
5409,,Warszawa Wawer,3,6,760,200
5410,,Warszawa Wesoła,1,1,760,200
5411,,Warszawa Wesoła,2,2,760,200
5412,,Warszawa Wileńska,1,1,760,200
5413,,Warszawa Wileńska,1,3,760,200
5414,,Warszawa Wileńska,2,2,760,200
5415,,Warszawa Włochy,1,4,760,200
5416,,Warszawa Włochy,2,3,760,200
5417,,Warszawa Włochy,2,2,760,200
5418,,Warszawa Wola,1,1,760,200
5419,,Warszawa Wola,1,2,760,200
5420,,Warszawa Wola Grzybowska,1,1,760,200
5421,,Warszawa Wola Grzybowska,2,2,760,200
5422,490,Warszawa Wschodnia,1,10,860,402
5423,490,Warszawa Wschodnia,1,12,860,402
5424,490,Warszawa Wschodnia,2,6,760,406
5425,490,Warszawa Wschodnia,2,8,760,406
5426,490,Warszawa Wschodnia,3,2,760,407
5427,490,Warszawa Wschodnia,3,4,760,407
5428,490,Warszawa Wschodnia,4,3,760,378
5429,490,Warszawa Wschodnia,4,"1,1A",760,384
5430,490,Warszawa Wschodnia,5,24,760,346
5431,490,Warszawa Wschodnia,5,5,760,346
5432,490,Warszawa Wschodnia,6,20,900,220
5433,490,Warszawa Wschodnia,6,22,900,220
5434,490,Warszawa Wschodnia,7,23,900,196
5435,490,Warszawa Wschodnia,7,21,900,203
5436,488,Warszawa Zachodnia,2,20,760,200
5437,488,Warszawa Zachodnia,2,22,760,200
5438,488,Warszawa Zachodnia,3,23,760,200
5439,488,Warszawa Zachodnia,3,21,760,200
5440,488,Warszawa Zachodnia,4,8,760,400
5441,488,Warszawa Zachodnia,4,10,760,400
5442,488,Warszawa Zachodnia,5,4,760,400
5443,488,Warszawa Zachodnia,5,6,760,400
5444,488,Warszawa Zachodnia,6,1,760,360
5445,488,Warszawa Zachodnia,6,2,760,360
5446,488,Warszawa Zachodnia,7,5,760,400
5447,488,Warszawa Zachodnia,7,3,760,400
5448,488,Warszawa Zachodnia,8,7,760,400
5449,488,Warszawa Zachodnia,8,9,760,300
5450,,Warszawa Zachodnia peron 9,9,1,760,204
5451,,Warszawa Zachodnia peron 9,9,2,760,200
5452,,Warszawa Zacisze Wilno,1,1,760,200
5453,,Warszawa Zacisze Wilno,2,2,760,200
5454,,Warszawa ZOO,1,1,760,198
5455,,Warszawa ZOO,1,2,760,198
5456,,Warszawa Żerań,1,1f,760,208
5457,,Warszawa Żerań,1,2f,760,208
5458,,Warszawa Żwirki i Wigury,1,1,760,200
5459,,Warszawa Żwirki i Wigury,2,2,760,200
5460,,Warszowice,1,2,760,150
5461,,Warszowice,1,1,760,150
5462,,Warząchewka,1,1,300,230
5463,,Warząchewka,2,2,300,218
5464,,Wasilków,1,1,380,212
5465,,Wasilków,2,2,380,204
5466,,Ważne Młyny,1,1,760,85
5467,721,Wąbrzeźno,1,2,300,285
5468,721,Wąbrzeźno,2,1,300,290
5469,721,Wąbrzeźno,2,2,300,290
5470,,Wąchock,1,3,300,300
5471,,Wąchock,2,1,760,300
5472,,Wąchock,2,2,760,300
5473,,Wągrowiec,1,4,550,180
5474,,Wągrowiec,1,2,550,200
5475,,Wągrowiec,2,1,550,200
5476,,Wągrowiec,2,3,550,200
5477,,Wągry,1,1,760,200
5478,,Wągry,2,2,760,200
5479,,Wąsosz Konecki,1,1,300,120
5480,789,Wejherowo,1,2,800,445
5481,789,Wejherowo,2,1,800,335
5482,789,Wejherowo,3,3,800,260
5483,789,Wejherowo,3,,800,375
5484,,Wejherowo Śmiechowo,1,1,800,210
5485,,Wejherowo Śmiechowo,2,2,800,210
5486,,Wejherowo-Nanice,1,1,800,200
5487,,Wejherowo-Nanice,2,2,800,200
5488,798,Werbkowice,1,1,330,219
5489,798,Werbkowice,1,2,330,219
5490,,Werchrata,1,1,300,160
5491,,Węgierska Górka,1,1,300,200
5492,,Węgierska Górka,1,2,300,200
5493,609,Węgliniec,1,1,760,250
5494,609,Węgliniec,2,3a,380,242
5495,609,Węgliniec,3,2d,760,285
5496,609,Węgliniec,3,8Z,300,117
5497,609,Węgliniec,4,4b,380,324
5498,609,Węgliniec,5,6Z,350,139
5499,,Węgorzyno,1,2,550,120
5500,,Węgorzyno,2,1,550,120
5501,,Węgry,1,2,400,198
5502,,Węgry,2,1,400,215
5503,,Węgrzce Wielkie,1,1,760,200
5504,,Węgrzce Wielkie,2,2,760,200
5505,,Wężyska,1,1,300,100
5506,,Widacz,1,1,310,206
5507,,Widełka,1,1,550,100
5508,,Widuchowa,1,1,760,150
5509,,Widuchowa,2,2,760,150
5510,,Widzino,1,1,760,100
5511,,Widzów Teklinów,1,1,550,200
5512,,Widzów Teklinów,2,2,550,200
5513,,Wiekowo,1,3,200,302
5514,,Wiekowo,1,1,200,342
5515,,Wielanowo,1,3,220,208
5516,,Wielanowo,1,1,220,208
5517,,Wielbark,2,1,380,200
5518,,Wielbark,2,3,380,309
5519,874,Wieleń,1,2,300,198
5520,874,Wieleń,2,1,300,247
5521,,Wieliczka Bogucice,1,1,550,200
5522,,Wieliczka Park,1,3,550,200
5523,,Wieliczka Park,1,1,550,200
5524,,Wieliczka Rynek-Kopalnia,1,1b,550,200
5525,,Wieliszew,1,1,760,201
5526,,Wieliszew,1,2,760,201
5527,,Wieliszew Centrum,1,1,760,200
5528,,Wielkie Drogi,1,1,760,200
5529,,Wielkie Drogi,1,2,760,200
5530,,Wielowieś,2,1,350,120
5531,1013,Wieluń,1,1,760,251
5532,,Wieluń Dąbrowa,1,4,300,288
5533,,Wieluń Dąbrowa,2,1,300,294
5534,,Wieluń Dąbrowa,2,2,300,294
5535,,Wieniawa,1,1,300,255
5536,,Wieniawa,2,2,760,150
5537,829,Wierchomla Wielka,1,1,760,150
5538,,Wierna Rzeka,1,1,760,150
5539,,Wierna Rzeka,2,2,760,150
5540,1014,Wieruszów Miasto,1,1,250,243
5541,,Wierzawice,1,1,360,213
5542,,Wierzawice,2,2,380,209
5543,,Wierzbica Górna,1,1,300,193
5544,,Wierzbica Górna,2,2,300,200
5545,,Wierzbice,1,1,550,100
5546,,Wierzbno,1,1,250,100
5547,,Wierzbno,2,2,250,100
5548,,Wierzbowa Śląska,1,1,380,108
5549,,Wierzchosławice,1,1,300,230
5550,,Wierzchosławice,2,1,300,94
5551,,Wierzchosławice,2,2,300,94
5552,,Wierzchowice,1,1,760,100
5553,,Wierzchowo Człuchowskie,1,3,300,160
5554,,Wierzchowo Człuchowskie,2,1,300,160
5555,,Wierzchucin,1,13,300,220
5556,,Wierzchucin,1,11,300,220
5557,,Wierzchucin,2,3,300,360
5558,,Wierzchucin,3,3,300,202
5559,,Wierzchucin,3,1,300,202
5560,,Wierzchucin Stary,1,1,300,194
5561,,Wiesiółka,1,1,550,150
5562,,Wiesiółka,2,2,550,200
5563,,Wiesiółka,3,4,760,200
5564,,Wietrzychowo,1,1,760,150
5565,,Wiewiecko,1,2,550,120
5566,,Wiewiecko,2,1,550,120
5567,,Więcławice,1,1,300,198
5568,,Więcławice,2,2,300,220
5569,,Wiktorowo,1,1,760,200
5570,,Wiktorowo,2,2,760,200
5571,,Wilczyska,1,3,250,250
5572,,Wilczyska,2,1,350,250
5573,,Wilkasy Niegocin,2,1,760,150
5574,,Wilkołaz,1,3,0,21
5575,,Wilkołaz,2,3,550,100
5576,,Wilkołaz,2,1,550,100
5577,,Wilkołaz Wieś,1,1,760,150
5578,,Wilkoszewice,1,1,550,200
5579,,Wilkoszewice,2,2,550,200
5580,,Wilkowice,1,1,350,160
5581,,Wilkowice Bystra,1,3,350,248
5582,,Wilkowice Bystra,2,1,760,150
5583,,Wilkowice Bystra,2,2,760,150
5584,,Wilkowo Świebodzińskie,1,1,550,200
5585,,Wilkowo Świebodzińskie,2,2,550,200
5586,,Wilków Namysłowski,1,1,300,173
5587,,Wilków Namysłowski,2,2,300,179
5588,,Wipsowo,1,2,400,228
5589,,Wipsowo,2,2,370,265
5590,,Wipsowo,2,1,370,265
5591,,Wiry,1,1,550,130
5592,,Wisła Dziechcinka,1,1,760,150
5593,,Wisła Głębce,1,5,300,170
5594,,Wisła Głębce,2,1,400,185
5595,,Wisła Głębce,2,3,400,183
5596,,Wisła Głębce,3,2,400,180
5597,,Wisła Jawornik,1,1,760,150
5598,,Wisła Kopydło,1,1,760,150
5599,,Wisła Obłaziec,1,1,300,151
5600,953,Wisła Uzdrowisko,1,2,760,200
5601,953,Wisła Uzdrowisko,2,1,760,200
5602,953,Wisła Uzdrowisko,2,3,760,200
5603,,Wisłoczanka,1,1,550,100
5604,,Wistka,1,1,760,85
5605,,Wiśniowa,1,1,550,100
5606,,Witanów,1,1,760,199
5607,,Witanów,2,2,760,199
5608,,Witaszyce,1,1,550,200
5609,,Witaszyce,2,2,550,200
5610,,Witkowo,1,1,760,200
5611,,Witkowo,2,2,760,200
5612,,Witków Śląski,1,1,350,255
5613,,Witków Śląski,2,2,300,255
5614,879,Witnica,1,1,260,220
5615,879,Witnica,2,2,220,215
5616,,Witnica Chojeńska,1,1,300,181
5617,,Witnica Chojeńska,2,2,340,187
5618,,Witonia,1,5,300,218
5619,,Witonia,2,1,300,218
5620,,Witonia,2,3,300,218
5621,,Witowo,1,1,760,200
5622,,Wkra,1,1,550,180
5623,1193,Władysławowo,1,3,760,225
5624,1193,Władysławowo,1,1,760,248
5625,,Władysławowo Port,1,1,760,125
5626,563,Włocławek,1,3,760,300
5627,563,Włocławek,2,1,760,400
5628,563,Włocławek,2,2,760,400
5629,,Włocławek Zazamcze,1,1,300,400
5630,,Włocławek Zazamcze,2,2,300,400
5631,,Włodawa,1,1,260,98
5632,,Włosienica,1,2,760,200
5633,,Włosienica,2,1,760,200
5634,,Włostowo,2,1,150,171
5635,,Włostowo,3,2,320,199
5636,,Włoszakowice,1,1,300,142
5637,,Włoszakowice,2,3,300,134
5638,810,Włoszczowa,1,5,760,150
5639,810,Włoszczowa,2,1,760,300
5640,810,Włoszczowa,2,2,760,300
5641,645,Włoszczowa Północ,1,4,550,300
5642,645,Włoszczowa Północ,2,5,760,300
5643,645,Włoszczowa Północ,2,3,760,300
5644,,Włoszczowice,1,1,760,150
5645,,Włoszczowice,1,2,760,150
5646,915,Wodzisław Śląski,1,3,760,160
5647,915,Wodzisław Śląski,2,1,760,200
5648,915,Wodzisław Śląski,2,2,760,200
5649,,Wodzisław Śląski Centrum,1,1,760,150
5650,,Wodzisław Śląski Radlin,1,1,760,150
5651,,Wodzisław Śląski Radlin,2,2,760,150
5652,,Wojanów,1,2,550,200
5653,,Wojanów,2,1,550,200
5654,,Wojaszówka,1,1,550,100
5655,,Wojnowice Wielkopolskie,1,1,550,200
5656,,Wojnowice Wielkopolskie,2,2,550,200
5657,,Wojsław,1,1,760,85
5658,,Wojtal,1,1,300,100
5659,,Wola Bierwiecka,1,1,760,200
5660,,Wola Bierwiecka,2,2,760,200
5661,,Wola Filipowska,1,1,760,200
5662,,Wola Filipowska,2,2,760,200
5663,,Wola Lipieniecka,1,1,760,150
5664,,Wola Lipieniecka,2,2,760,150
5665,,Wola Łużańska,1,3,300,200
5666,,Wola Łużańska,1,1,300,200
5667,,Wola Radziszowska,1,1,760,200
5668,,Wola Radziszowska Lipki,1,1,760,200
5669,,Wola Rowska,1,1,760,200
5670,,Wola Rowska,2,2,760,200
5671,,Wola Rzędzińska,1,1,550,200
5672,,Wola Rzędzińska,1,3,550,200
5673,,Wola Rzędzińska,2,2,550,200
5674,,Wola Rzędzińska,2,4,550,200
5675,,Wolanów,1,3,300,250
5676,,Wolanów,1,1,300,250
5677,,Wolanów,2,2,760,150
5678,,Wolbórka,1,2,550,150
5679,,Wolbórka,1,1,550,150
5680,,Wolbrom,1,4,760,150
5681,,Wolbrom,2,2,760,300
5682,,Wolbrom,2,1,760,300
5683,,Wolbrom Zachodni,1,1,760,150
5684,,Wolbrom Zachodni,2,2,760,150
5685,,Wolenice,1,1,760,100
5686,,Wolica,2,1,300,254
5687,,Wolica,2,2,300,254
5688,,Wolin,1,2,350,250
5689,,Wolin,2,1,350,250
5690,,Wolsztyn,1,1,550,135
5691,,Wolsztyn,2,4,550,120
5692,,Wolsztyn,2,8,550,200
5693,,Wolsztyn,3,10,550,200
5694,,Wolsztyn,3,14,550,114
5695,,Wołczyn,1,1,300,232
5696,,Wołczyn,2,2,300,232
5697,491,Wołomin,1,2,760,390
5698,491,Wołomin,1,4,760,200
5699,491,Wołomin,2,6,760,200
5700,,Wołomin Słoneczna,1,14,760,200
5701,,Wołomin Słoneczna,1,16,760,200
5702,,Wołowno,1,1,500,216
5703,714,Wołów,1,2,280,359
5704,714,Wołów,1,1,280,268
5705,,Worowo,1,3,300,220
5706,,Worowo,2,1,400,232
5707,,Woszczele,1,1,760,150
5708,,Wójcice,1,1,300,179
5709,,Wójcice,2,2,300,179
5710,,Wólka,1,1,550,200
5711,,Wólka,2,2,550,200
5712,,Wólka Kańska,1,1,320,200
5713,,Wólka Kańska,2,2,360,200
5714,,Wólka Niedzieliska,1,1,760,150
5715,,Wólka Okopska,1,2,125,250
5716,,Wólka Okopska,1,1,185,250
5717,,Wólka Orłowska,1,1,540,85
5718,,Wólka Plebańska,1,1,300,120
5719,,Wólka Ratowiecka,1,1,380,242
5720,,Wrocław Brochów,1,1,760,150
5721,,Wrocław Brochów,1,2,760,150
5722,583,Wrocław Główny,6,12,760,200
5723,583,Wrocław Główny,1,1,760,300
5724,583,Wrocław Główny,1,2,760,300
5725,583,Wrocław Główny,2,3,760,300
5726,583,Wrocław Główny,2,4,760,300
5727,583,Wrocław Główny,3,5,760,400
5728,583,Wrocław Główny,3,6,760,400
5729,583,Wrocław Główny,4,7,760,300
5730,583,Wrocław Główny,4,8,760,300
5731,583,Wrocław Główny,5,10,760,182
5732,,Wrocław Grabiszyn,1,1,550,150
5733,,Wrocław Grabiszyn,2,2,550,150
5734,,Wrocław Kowale,1,1,760,100
5735,,Wrocław Kuźniki,1,1,300,284
5736,,Wrocław Kuźniki,1,2,300,238
5737,,Wrocław Leśnica,1,5,550,300
5738,,Wrocław Leśnica,2,3,550,320
5739,,Wrocław Leśnica,2,1,550,320
5740,,Wrocław Leśnica,3,2,550,210
5741,,Wrocław Leśnica,3,4,550,210
5742,602,Wrocław Mikołajów,1,3,550,200
5743,602,Wrocław Mikołajów,1,1,550,200
5744,602,Wrocław Mikołajów,2,2,550,221
5745,602,Wrocław Mikołajów,2,4,550,221
5746,,Wrocław Muchobór,1,1,760,200
5747,,Wrocław Muchobór,2,2,760,200
5748,,Wrocław Muchobór,2,1,760,200
5749,601,Wrocław Nadodrze,1,4p,680,340
5750,601,Wrocław Nadodrze,2,1p,680,306
5751,601,Wrocław Nadodrze,2,2p,680,390
5752,,Wrocław Nowy Dwór,1,1,760,200
5753,,Wrocław Nowy Dwór,2,2,760,200
5754,,Wrocław Osobowice,1,3,550,200
5755,,Wrocław Osobowice,1,1,550,200
5756,,Wrocław Osobowice,2,2,550,200
5757,,Wrocław Osobowice,2,4,550,200
5758,,Wrocław Partynice,1,1,550,100
5759,,Wrocław Partynice,2,1,100,100
5760,,Wrocław Popiele,1,1,760,100
5761,,Wrocław Popowice,1,31,550,187
5762,,Wrocław Popowice,1,32,550,200
5763,,Wrocław Pracze,1,1p,380,200
5764,,Wrocław Pracze,2,2p,280,249
5765,,Wrocław Psie Pole,1,2,550,150
5766,,Wrocław Psie Pole,2,1,280,257
5767,,Wrocław Różanka,1,1,550,200
5768,,Wrocław Różanka,2,2,550,200
5769,,Wrocław Sołtysowice,1,1,300,298
5770,,Wrocław Sołtysowice,2,2,300,298
5771,,Wrocław Sołtysowice,3,1,760,100
5772,,Wrocław Stadion,1,1,760,200
5773,,Wrocław Stadion,2,2,760,200
5774,,Wrocław Strachocin,1,1,760,100
5775,,Wrocław Swojczyce,1,1,760,100
5776,,Wrocław Swojczyce,1,6,760,100
5777,,Wrocław Swojczyce,2,1,380,197
5778,,Wrocław Swojczyce,2,6,350,192
5779,,Wrocław Szczepin,1,1,760,200
5780,,Wrocław Szczepin,2,2,760,200
5781,,Wrocław Świniary,1,1,550,200
5782,,Wrocław Świniary,2,2,550,200
5783,,Wrocław Wojnów,1,1,320,131
5784,,Wrocław Wojnów Wschodni,1,1,760,100
5785,,Wrocław Wojszyce,1,1,550,100
5786,,Wrocław Wojszyce,2,1,550,100
5787,,Wrocław Zachodni,1,1,760,200
5788,,Wrocław Zachodni,2,2,760,200
5789,,Wrocław Zakrzów,1,1,550,100
5790,,Wrocław Żerniki,1,1,760,200
5791,,Wrocław Żerniki,2,2,760,200
5792,,Wrocławki,1,1,550,125
5793,,Wroniawy,1,1,300,159
5794,630,Wronki,1,3,760,350
5795,630,Wronki,1,1,760,350
5796,630,Wronki,2,2,760,350
5797,630,Wronki,2,4,760,350
5798,,Wronki Zamość,1,1,760,201
5799,,Wronki Zamość,2,2,760,200
5800,821,Wróblik Szlachecki,1,1,0,51
5801,821,Wróblik Szlachecki,2,3,0,128
5802,,Wrząca Pomorska,1,1,760,100
5803,,Wrzeście,1,1,300,250
5804,,Wrzeście,1,3,300,250
5805,616,Września,1,2,300,317
5806,616,Września,1,1,300,317
5807,616,Września,2,5A,300,317
5808,616,Września,2,7A,300,317
5809,,Wrześnica,1,1,300,219
5810,,Wrześnica,2,3,300,225
5811,,Wrzosowo,1,2,550,150
5812,,Wrzosowo,2,1,100,150
5813,,Wrzosów,1,1,760,200
5814,,Wrzosów,2,2,760,200
5815,,Wschowa,1,3,380,95
5816,,Wschowa,2,1,380,111
5817,,Wschowa,2,2,380,110
5818,,Wudzyn,1,1,300,170
5819,,Wydartowo,1,1,760,150
5820,,Wydartowo,2,2,760,150
5821,,Wydminy,1,1,180,211
5822,,Wygoda,1,1,760,200
5823,,Wygoda,2,2,760,200
5824,,Wykno,1,1,300,180
5825,,Wykno,2,2,300,230
5826,,Wyry,2,1,360,258
5827,784,Wyrzysk Osiek,1,1,760,400
5828,784,Wyrzysk Osiek,2,2,760,400
5829,784,Wyrzysk Osiek,2,4,760,302
5830,,Wysoczany,1,1,400,202
5831,,Wysoka Braniewska,1,1,760,85
5832,693,Wysoka Kamieńska,1,9,320,266
5833,693,Wysoka Kamieńska,1,5,320,266
5834,693,Wysoka Kamieńska,2,1,760,370
5835,693,Wysoka Kamieńska,2,2,760,370
5836,,Wyszków,1,5,300,202
5837,,Wyszków,2,5,380,200
5838,,Wyszków,2,1,380,200
5839,,Wyszków Śląski,1,1,550,85
5840,,Wyszomierz,1,1,350,100
5841,,Wyszyny,1,1,550,200
5842,,Wyszyny,2,2,550,200
5843,,Zabiele,1,1,760,100
5844,,Zabiele Wielkie,1,1,760,150
5845,,Zabierzów,1,1b,760,200
5846,,Zabierzów,1,3,760,200
5847,,Zabierzów,2,2,760,200
5848,,Zabierzów Rząska,1,1,760,200
5849,,Zabierzów Rząska,2,2,760,200
5850,,Zabieżki,1,1,760,200
5851,,Zabieżki,2,2,760,200
5852,,Zaborów,1,1,760,100
5853,,Zaborów,2,3,760,100
5854,,Zaborów Błonia,1,1,550,100
5855,,Zaborze,1,1,760,150
5856,676,Zabrze,1,1,798,355
5857,676,Zabrze,1,2,786,355
5858,,Zabrze Maciejów,1,1,760,150
5859,,Zabrze Maciejów,2,2,760,150
5860,,Zabrze Północne,1,1,760,150
5861,,Zabrze Północne,2,2,760,150
5862,,Zabrzeg,1,801a,760,200
5863,,Zabrzeg,2,2,760,200
5864,,Zabrzeg Czarnolesie,1,2,275,201
5865,,Zabrzeg Czarnolesie,2,1,200,214
5866,,Zaczernie,1,1,550,100
5867,,Zaczernie,2,3,760,100
5868,,Zagajnik,1,2,550,200
5869,,Zagajnik,2,1,550,200
5870,,Zagnańsk,2,2,300,325
5871,,Zagnańsk,3,4,130,130
5872,,Zagościniec,1,1,760,200
5873,,Zagościniec,2,2,760,200
5874,812,Zagórz,1,4,100,150
5875,812,Zagórz,2,4,0,165
5876,812,Zagórz,2,2,0,165
5877,812,Zagórz,3,1,150,165
5878,,Zagórze Śląskie,1,1,550,85
5879,,Zagrody,1,1,420,270
5880,,Zagrody Kościół,1,1,565,100
5881,,Zajączkowo Lubawskie,1,1,760,200
5882,,Zajączkowo Lubawskie,2,2,760,200
5883,,Zajezierce,1,1,380,200
5884,,Zajezierze koło Dęblina,1,1,300,250
5885,,Zajezierze koło Dęblina,2,2,760,200
5886,758,Zaklików,1,3,760,200
5887,758,Zaklików,1,1,760,200
5888,,Zaklików Miasto,1,1,760,301
5889,528,Zakopane,1,5,760,218
5890,528,Zakopane,2,"1a,1c,1b",760,438
5891,528,Zakopane,2,"3a,3b",760,440
5892,528,Zakopane,3,2,760,245
5893,528,Zakopane,3,4,760,221
5894,528,Zakopane,4,6,760,206
5895,,Zakrzewo Złotowskie,1,1,300,161
5896,,Zakrzów Kotowice,1,1,420,190
5897,,Zakrzów-Sarnowo,1,1,760,150
5898,,Zalesie Górne,1,1,760,200
5899,,Zalesie Górne,2,2,760,200
5900,,Zalesie Krasieńskie,1,1,445,250
5901,,Zalesie Krasieńskie,2,2,335,250
5902,,Załuż,1,1,114,114
5903,,Zamek Bulowicki,1,1,350,190
5904,801,Zamość,1,1,425,230
5905,801,Zamość,1,2,505,230
5906,800,Zamość Starówka,1,1,520,200
5907,799,Zamość Wschód,1,1,605,200
5908,,Zaosie,1,1,760,150
5909,,Zaosie,2,2,760,150
5910,,Zaręba,2,1,300,219
5911,,Zarębki,1,1,550,100
5912,,Zaręby Kościelne,1,1,760,200
5913,,Zaręby Kościelne,2,2,760,200
5914,,Zarośle,2,1,300,186
5915,822,Zarszyn,2,3,0,117
5916,822,Zarszyn,3,1,0,110
5917,,Zaryń,1,4,300,194
5918,,Zaryń,3,1,300,303
5919,,Zaryń,3,2,300,303
5920,,Zarzecze,1,1,760,150
5921,,Zarzecze,2,2,760,150
5922,,Zasieki,1,1,400,87
5923,,Zastocze,1,1,380,200
5924,1100,Zastów,1,2,760,200
5925,1100,Zastów,1,1,760,200
5926,1100,Zastów,2,4,760,200
5927,1100,Zastów,3,3,760,200
5928,,Zator,1,1,300,200
5929,,Zator,1,2,300,200
5930,954,Zator Park Rozrywki,1,1,760,200
5931,954,Zator Park Rozrywki,2,2,760,200
5932,802,Zawada,1,1,340,120
5933,802,Zawada,1,4,419,120
5934,,Zawadówka,1,2,340,303
5935,,Zawadówka,1,1,470,303
5936,,Zawadzkie,1,1,550,200
5937,,Zawadzkie,2,1,550,200
5938,,Zawadzkie,2,2,550,200
5939,,Zawidz,2,1,550,190
5940,,Zawidz Kościelny,1,1,550,200
5941,530,Zawiercie,1,4,760,402
5942,530,Zawiercie,2,1,760,280
5943,530,Zawiercie,2,2,760,292
5944,530,Zawiercie,3,7,760,200
5945,530,Zawiercie,3,9,760,200
5946,,Zawiercie Borowe Pole,1,1,760,200
5947,,Zawiercie Borowe Pole,2,2,760,200
5948,,Zawiercie Kądzielów,1,1,760,150
5949,,Ząbki,1,1,760,205
5950,,Ząbki,1,2,760,205
5951,845,Ząbkowice Śląskie,1,2,500,230
5952,845,Ząbkowice Śląskie,2,1,380,255
5953,,Ząbrowo,1,1,760,200
5954,,Ząbrowo,2,2,760,200
5955,621,Zbąszynek,1,7,800,280
5956,621,Zbąszynek,1,5,800,280
5957,621,Zbąszynek,2,1,800,330
5958,621,Zbąszynek,2a,2,800,330
5959,621,Zbąszynek,3,4,800,340
5960,621,Zbąszynek,3,6,800,340
5961,620,Zbąszyń,1,1,300,271
5962,620,Zbąszyń,2,2,300,238
5963,620,Zbąszyń,3,4,300,188
5964,620,Zbąszyń,3,6,300,188
5965,,Zbąszyń Przedmieście,1,1,300,146
5966,,Zblewo,1,2,300,160
5967,,Zblewo,2,1,300,160
5968,,Zbydniów,1,1,350,110
5969,,Zbydniów,1,2,350,110
5970,,Zdrody Nowe,1,1,760,200
5971,,Zdrody Nowe,2,2,760,200
5972,,Zduny,1,3,350,225
5973,,Zduny,2,1,180,282
5974,593,Zduńska Wola,1,4,760,200
5975,593,Zduńska Wola,2,2,760,300
5976,593,Zduńska Wola,2,1,760,300
5977,969,Zduńska Wola Karsznice,2,202,300,301
5978,969,Zduńska Wola Karsznice,2,201,300,301
5979,969,Zduńska Wola Karsznice,3,203,300,291
5980,969,Zduńska Wola Karsznice,3,205,300,291
5981,,Zduńska Wola Południowa,1,2,760,150
5982,852,Zdzieszowice,1,2,550,200
5983,852,Zdzieszowice,2,7,760,200
5984,852,Zdzieszowice,2,1,760,200
5985,,Zebrzydowa,1,2,550,200
5986,,Zebrzydowa,2,1,550,200
5987,933,Zebrzydowice,1,8,300,268
5988,933,Zebrzydowice,2,4,300,255
5989,933,Zebrzydowice,2,6,300,255
5990,933,Zebrzydowice,3,2,300,393
5991,933,Zebrzydowice,3,1,300,393
5992,933,Zebrzydowice,4,17,550,80
5993,933,Zebrzydowice,5,19,550,400
5994,933,Zebrzydowice,5,23,550,400
5995,,Zegrze Południowe,1,2,760,200
5996,,Zegrze Południowe,2,1,760,200
5997,,Zelczyna,1,1,760,200
5998,,Zelczyna,2,2,760,200
5999,,Zembrzyce,1,1,550,200
6000,,Zębice Wrocławskie,1,1,550,201
6001,,Zębice Wrocławskie,2,2,550,201
6002,548,Zgierz,1,7a,760,200
6003,548,Zgierz,2,5,760,300
6004,548,Zgierz,2,3,760,300
6005,548,Zgierz,3,1,760,300
6006,548,Zgierz,3,4,760,300
6007,,Zgierz Jaracza,1,1,550,150
6008,,Zgierz Kontrewers,1,3,550,150
6009,,Zgierz Kontrewers,2,1,550,150
6010,,Zgierz Północ,1,1,550,150
6011,,Zgierz Północ,2,3,760,200
6012,,Zgierz Rudunki,1,1,550,200
6013,605,Zgorzelec,1,1,550,300
6014,605,Zgorzelec,2,2,550,300
6015,605,Zgorzelec,3,4,250,200
6016,605,Zgorzelec,4,6,250,200
6017,611,Zgorzelec Miasto,1,1,550,300
6018,611,Zgorzelec Miasto,2,2,550,300
6019,,Zieleń,1,2,760,150
6020,,Zieleń,2,1,760,150
6021,,Zielomyśl,1,1,250,100
6022,624,Zielona Góra Główna,1,4,550,225
6023,624,Zielona Góra Główna,1a,8,550,200
6024,624,Zielona Góra Główna,2,1,550,400
6025,624,Zielona Góra Główna,2,2,550,400
6026,624,Zielona Góra Główna,3,52,550,173
6027,,Zielona Góra Nowy Kisielin,1,1,550,200
6028,,Zielona Góra Nowy Kisielin,2,2,550,200
6029,,Zielona Góra Przylep,1,1,550,200
6030,,Zielona Góra Przylep,2,2,550,191
6031,,Zielona Góra Stary Kisielin,1,2,550,200
6032,,Zielona Góra Stary Kisielin,2,1,550,200
6033,,Zielonczyn,1,1,300,218
6034,,Zielonczyn,2,2,300,324
6035,,Zielonczyn,2,4,300,318
6036,,Zielone Wzgórza,1,1,550,100
6037,,Zielonka,1,1,760,200
6038,,Zielonka,2,4,760,200
6039,,Zielonka,2,6,760,200
6040,,Zielonka Bankowa,1,1Z,760,200
6041,,Zielonka Bankowa,2,2Z,760,200
6042,,Zielonka Pasłęcka,1,1,380,180
6043,,Zielonka Pomorska,1,1,300,199
6044,,Ziemomyśl,1,1,760,200
6045,,Ziemomyśl,2,2,760,200
6046,964,Ziębice,1,1,380,295
6047,964,Ziębice,2,3,380,340
6048,,Zimnochy,1,1,760,120
6049,,Złocieniec,1,1,550,150
6050,,Złocieniec,1,3,550,150
6051,,Złocieniec,2,2,550,150
6052,,Złocieniec,2,4,550,150
6053,,Złojec,1,1,85,55
6054,,Złotkowo,1,1,760,200
6055,,Złotkowo,2,2,760,200
6056,,Złotniki,1,2,760,200
6057,,Złotniki,1,1,760,200
6058,,Złotniki Grzybowe,1,1,760,200
6059,,Złotniki Grzybowe,2,2,760,200
6060,,Złotniki Kujawskie,1,2,300,245
6061,,Złotniki Kujawskie,2,1,300,235
6062,,Złotniki Kujawskie,2,2,300,235
6063,,Złotniki Kutnowskie,1,1,550,200
6064,,Złotniki Kutnowskie,2,2,550,200
6065,871,Złotów,1,3,150,183
6066,871,Złotów,2,1,250,274
6067,,Zosinów,1,1,550,200
6068,,Zosinów,2,2,550,200
6069,,Zubrzyk,1,1,760,200
6070,,Zwardoń,1,2,760,206
6071,,Zwardoń,2,1,760,206
6072,,Zwardoń,2,3,760,206
6073,876,Zwierzyn,1,1,300,250
6074,876,Zwierzyn,2,2,300,316
6075,806,Zwierzyniec,1,1,420,300
6076,,Zygmuntowo Mazowieckie,1,1,300,120
6077,,Zygmuntów,1,1,300,221
6078,,Zygmuntów,2,2,760,150
6079,,Żabi Róg,1,1,300,250
6080,,Żabi Róg,2,1,400,250
6081,,Żabi Róg,2,3,400,250
6082,,Żabiny,1,1,550,200
6083,,Żabiny,2,2,550,200
6084,,Żabno koło Chojnic,1,1,760,85
6085,,Żabowo,1,1,550,198
6086,882,Żagań,1,3,800,330
6087,882,Żagań,1,1,800,272
6088,882,Żagań,2,2,800,257
6089,882,Żagań,2,4,800,243
6090,882,Żagań,3,12,800,300
6091,882,Żagań,3,14,800,225
6092,882,Żagań,5,20x,800,223
6093,882,Żagań,5,22,800,270
6094,,Żakowice,1,1,760,200
6095,,Żakowice,2,2,760,200
6096,,Żakowice Południowe,1,1,760,150
6097,,Żakowice Południowe,2,2,760,150
6098,,Żalno,1,1,300,165
6099,,Żalno,2,3,300,165
6100,,Żalno,2,1,300,165
6101,,Żarki-Letnisko,1,1,760,200
6102,,Żarki-Letnisko,2,2,760,200
6103,,Żarnowa,1,1,760,100
6104,,Żarów,1,2,260,382
6105,,Żarów,1,1,420,382
6106,881,Żary,1,4,300,250
6107,881,Żary,2,6,300,242
6108,881,Żary,2,8,300,237
6109,881,Żary,3,2,380,209
6110,881,Żary,4,1,380,209
6111,,Żary Kunice,2,1,300,140
6112,,Żary Muzyków,1,1,550,100
6113,,Żednia,2,1,380,214
6114,,Żegiestów,1,5,340,240
6115,,Żegiestów,2,1,320,299
6116,828,Żegiestów-Zdrój,1,1,760,250
6117,,Żelisławice,1,4,300,112
6118,,Żelisławice,2,2,300,248
6119,,Żelisławice,2,4,300,248
6120,,Żelisławice,3,1,300,248
6121,,Żelisławice,3,2,300,248
6122,,Żelisławie Pomorskie,1,1,550,120
6123,,Żelisławie Pomorskie,2,2,550,120
6124,,Żelistrzewo,1,1,760,125
6125,,Żerków,1,1,760,150
6126,,Żerków,2,2,760,150
6127,697,Żmigród,1,1,550,400
6128,697,Żmigród,2,2,550,400
6129,697,Żmigród,2,4,550,200
6130,479,Żory,1,1,760,298
6131,479,Żory,2,5,760,300
6132,479,Żory,2,9,760,300
6133,,Żółtnica,2,1,300,195
6134,,Żółwino,1,1,320,112
6135,,Żórawina,1,1,380,292
6136,,Żórawina,2,2,380,238
6137,,Żugienie,1,1,760,85
6138,,Żukowo Zachodnie,1,1,760,150
6139,,Żulin,1,1,440,250
6140,,Żurawica Osobowa,1,203,320,200
6141,,Żurawica Rozrządowa,1,1,240,300
6142,,Żurawica Rozrządowa,2,2,420,300
6143,,Żurawnica,1,1,760,150
6144,719,Żychlin,1,2,550,200
6145,719,Żychlin,2,3,550,200
6146,719,Żychlin,2,1,550,200
6147,,Życzyn,1,3a,760,148
6148,,Życzyn,2,2,760,200
6149,,Życzyn,2,1,760,200
6150,,Żydowo,1,2,760,150
6151,,Żydowo,2,1,760,180
6152,487,Żyrardów,1,1,760,300
6153,487,Żyrardów,2,4,760,300
6154,487,Żyrardów,2,2,760,300
6155,,Żytkowice,1,1,300,220
6156,,Żytkowice,2,2,300,250
6157,,Żytkowice,2,4,300,250
6158,552,Żywiec,1,8,300,227
6159,552,Żywiec,2,2,300,255
6160,552,Żywiec,2,6,300,255
6161,552,Żywiec,3,1,300,255
6162,552,Żywiec,3,5,300,255
6163,,Żywiec Sporysz,1,1,500,200
6164,,Żywiec Sporysz,1,3,500,200