id,line_number,location_name,start_km,end_km,reason,track_number,speed_odd_direction,speed_even_direction,notes,source_region,is_new,regarding_passenger,is_included_in_timetable,is_main_track
16652,1,Warszawa Zachodnia,2.920,3.240,,6,,90,Vd) Linia 3,IZ Warszawa,false,true,true,false
16653,1,Warszawa Zachodnia,2.866,3.260,,2,60,60,Vd) Linia 8,IZ Warszawa,false,true,true,false
16654,1,Koluszki,26.207,26.367,,3,100,100,Vd) Linia 17,IZ Warszawa,false,true,true,false
16655,1,Gomunice - Radomsko,185.150,185.165,przejazd zamknięty w godz. 19.00-7.00,"1, 2",,,,IZ Warszawa,false,true,true,true
16656,2,Siedlce,-0.313,0.660,,4a,80,80,Vd) Linia 31,IZ Warszawa,false,true,true,false
16657,2,Siedlce,0.660,1.968,,4b,80,80,Vd) Linia 31,IZ Warszawa,false,true,true,false
16658,2,Łuków,158.830,158.950,,"3, 5",70,70,Vd) Linia 12,IZ Warszawa,false,true,true,false
16659,2,Łuków,158.950,160.995,,5,80,80,Vd) Linia 12,IZ Warszawa,false,true,true,false
16660,2,Łuków,158.950,161.160,,3,80,80,Vd) Linia 12,IZ Warszawa,false,true,true,false
16661,2,Terespol,207.710,207.720,skanowanie wagonów towarowych,"1, 2",15,15,dot. pociągów towarowych,IZ Warszawa,false,false,true,true
16662,3,Warszawa Zachodnia,2.866,3.260,,2,60,60,Vd) Linia 8,IZ Warszawa,false,true,true,false
16663,3,Ożarów Mazowiecki - Błonie,17.206,17.216,zwiększenie niewłaściwych zachowań użytkowników przejazdu /przejścia,"1, 2",,100,*),IZ Warszawa,false,true,false,true
16664,3,Teresin Niepokalanów - Łowicz Główny,53.150,81.205,"ograniczenie pobierania prądu do 1000A, dotyczy całkowitego poboru","1, 2",,,*),IZ Warszawa,false,true,false,true
16665,3,Łowicz Główny - Żychlin,81.205,106.541,"ograniczenie pobierania prądu do 1000A, dotyczy to całkowitego poboru","1, 2",,,*),IZ Warszawa,false,true,false,true
16666,3,Barłogi,3.587,3.599,,4,40,40,Vd) Linia 737,IZ Warszawa,false,true,true,false
16667,3,Barłogi,-0.544,0.248,,3,60,60,Vd) Linia 809,IZ Warszawa,false,true,true,false
16668,6,Tłuszcz,-0.999,-0.403,,8,40,40,Vd) Linia 29,IZ Warszawa,false,true,true,false
16669,6,Tłuszcz,-0.403,1.657,,8,100,100,Vd) Linia 29,IZ Warszawa,false,true,true,false
16670,6,Małkinia,52.872,52.883,,1,,,,IZ Warszawa,false,true,true,true
16671,6,Łapy,87.634,88.477,,4,60,60,Vd) Linia 36,IZ Warszawa,false,true,true,false
16672,6,Kuźnica Białostocka - Kuźnica Białostocka (gr),236.825,237.125,strefa działania skanera,1,,15,,IZ Warszawa,false,true,true,true
16673,6,Kuźnica Białostocka - Kuźnica Białostocka (gr),238.490,,urządzenia kontroli materiałów promieniotwór- czych,1,8,8,"obok tarczy D1 ""Stój""",IZ Warszawa,false,true,true,true
16674,7,Warszawa Wschodnia,4.248,4.475,,22,60,60,Vd) Linia 448,IZ Warszawa,false,true,true,false
16675,7,Warszawa Wschodnia,4.271,4.470,,23,60,60,Vd) Linia 448,IZ Warszawa,false,true,true,false
16676,7,Warszawa Wawer - Pilawa,13.654,28.872,ograniczenie poboru pądu do 500A w związku z jednostronnym zasilaniem,1,,,*),IZ Warszawa,false,true,false,true
16677,7,Warszawa Wawer - Pilawa,13.654,28.872,ograniczenie poboru pądu do 500A w związku z jednostronnym zasilaniem w kierunku przeciwnym do zasadniczego,2,,,*),IZ Warszawa,false,true,false,true
16678,7,Pilawa,97.350,98.620,,"51, 52",50,50,Vd) Linia 12,IZ Warszawa,false,true,true,false
16679,7,Pilawa,98.620,99.230,,51,60,60,Vd) Linia 12,IZ Warszawa,false,true,true,false
16680,7,Pilawa,98.620,99.249,,52,60,60,Vd) Linia 12,IZ Warszawa,false,true,true,false
16681,7,Pilawa,99.230,100.724,,4,60,60,Vd) Linia 12,IZ Warszawa,false,true,true,false
16682,7,Pilawa,99.249,100.813,,6,60,60,Vd) Linia 12,IZ Warszawa,false,true,true,false
16683,7,Pilawa,54.872,56.335,,54,100,100,Vd) Linia 13,IZ Warszawa,false,true,true,false
16684,8,Warszawa Zachodnia,2.920,3.240,,6,,90,Vd) Linia 3,IZ Warszawa,false,true,true,false
16685,9,Warszawa Praga – Legionowo,16.600,18.184,dojazd do obszaru bez nadzoru ETCS,"1, 2",160,,,IZ Warszawa,false,true,true,true
16686,9,Nasielsk – Świercze podg,64.200,64.735,czujniki SSP,"1, 2",,160,,IZ Warszawa,false,true,true,true
16687,9,Nasielsk – Świercze podg,69.235,70.550,czujniki SSP,"1, 2",160,,,IZ Warszawa,false,true,true,true
16688,10,Legionowo,24.268,25.747,,7,60,60,Vd) Linia 456,IZ Warszawa,false,true,true,false
16689,10,Wieliszew – Radzymin,9.327,9.827,ograniczona widoczność czoła pociągu na przejeździe – przejściu,1,90,,,IZ Warszawa,false,true,true,true
16690,10,Tłuszcz,-0.999,-0.403,,8,40,40,Vd) Linia 29,IZ Warszawa,false,true,true,false
16691,10,Tłuszcz,-0.403,1.657,,8,100,100,Vd) Linia 29,IZ Warszawa,false,true,true,false
16692,12,Mszczonów,25.780,25.830,pogorszenie stanu podtorza - obok osuwiska,1,30,30,,IZ Warszawa,false,true,true,true
16693,12,Tarczyn – Czachówek Zachodni,63.739,63.745,przekroczony iloczyn ruchu na przejeździe,1,50,50,*) Nowe!,IZ Warszawa,true,true,false,true
16694,12,Pilawa,53.871,55.022,,"1, 2",100,100,Vd) Linia 7,IZ Warszawa,false,true,true,false
16695,12,Pilawa,54.872,56.335,,54,100,100,Vd) Linia 13,IZ Warszawa,false,true,true,false
16696,12,Łuków,118.202,119.815,,"201, 202",160,160,Vd) Linia 2,IZ Warszawa,false,true,true,false
16697,12,Łuków,119.815,122.811,,"1, 2",160,160,Vd) Linia 2,IZ Warszawa,false,true,true,false
16698,13,Pilawa,53.871,55.022,,"1, 2",100,100,Vd) Linia 7,IZ Warszawa,false,true,true,false
16699,13,Pilawa,97.350,98.620,,"51, 52",50,50,Vd) Linia 12,IZ Warszawa,false,true,true,false
16700,13,Pilawa,98.620,99.230,,51,60,60,Vd) Linia 12,IZ Warszawa,false,true,true,false
16701,13,Pilawa,98.620,99.249,,52,60,60,Vd) Linia 12,IZ Warszawa,false,true,true,false
16702,13,Pilawa,99.230,100.724,,4,60,60,Vd) Linia 12,IZ Warszawa,false,true,true,false
16703,13,Pilawa,99.249,100.813,,6,60,60,Vd) Linia 12,IZ Warszawa,false,true,true,false
16704,14,Zduńska Wola,4.254,5.131,,4,60,60,Vd) Linia 739,IZ Warszawa,false,true,true,false
16705,15,Zgierz,13.052,14.184,,3,80,80,Vd) Linia nr 16,IZ Warszawa,false,true,true,false
16706,15,Glinnik – Zgierz,51.550,51.950,ograniczona widoczność czoła pociągu na przejeździe,1,70,,,IZ Warszawa,false,true,true,true
16707,15,Łódź Kaliska,68.528,68.672,układ geometryczny toru,6,60,60,,IZ Warszawa,false,true,true,false
16708,16,Łódź Widzew – Zgierz,0.570,0.900,ograniczona widoczność czoła pociągu na przejeździe,1,60,,,IZ Warszawa,false,true,true,true
16709,16,Zgierz,57.166,58.213,,1,120,120,Vd) Linia nr 15,IZ Warszawa,false,true,true,false
16710,19,Warszawa Główna Towarowa – Józefinów,4.803,5.203,brak widoczności obrazów świateł semafora wjazdowego B usytułowanego w łuku,2,40,,dotyczy jazdy w kierunku przeciwnym do zasadniczego,IZ Warszawa,false,true,true,true
16711,21,Warszawa Wileńska Marki – Zielonka,6.600,6.616,brak widoczności czoła pociągu na przejściu,2,20,,,IZ Warszawa,false,true,true,true
16712,25,Łódź Chojny,6.450,6.660,ograniczona widoczność czoła pociągu na przejściu,1,50,,,IZ Warszawa,false,true,true,true
16713,25,Gałkówek,18.644,19.462,,2,150,150,Vd) Linia 17,IZ Warszawa,false,true,true,false
16714,25,Gałkówek,18.644,19.462,,2,100,100,Vd) Linia 17; poc .towarowe,IZ Warszawa,false,false,true,false
16715,25,Gałkówek,18.662,19.462,,1,150,150,Vd) Linia 17,IZ Warszawa,false,true,true,false
16716,25,Gałkówek,18.662,19.462,,1,100,100,Vd) Linia 17; poc. towarowe,IZ Warszawa,false,false,true,false
16717,26,Łuków,118.202,119.815,,"201, 202",160,160,Vd) Linia 2,IZ Warszawa,false,true,true,false
16718,26,Łuków,119.815,122.811,,"1, 2",160,160,Vd) Linia 2,IZ Warszawa,false,true,true,false
16719,26,Łuków,158.830,158.950,,"3, 5",70,70,Vd) Linia 12,IZ Warszawa,false,true,true,false
16720,26,Łuków,158.950,160.995,,5,80,80,Vd) Linia 12,IZ Warszawa,false,true,true,false
16721,26,Łuków,158.950,161.160,,3,80,80,Vd) Linia 12,IZ Warszawa,false,true,true,false
16722,29,Ostrołęka,72.854,73.578,pogorszenie stanu toru,65,20,20,"dotyczy jazd od strony Małkini, Grabowa, Śniadowa",IZ Warszawa,false,true,true,false
16723,29,Ostrołęka,-0.811,0.470,,7,60,60,Vd) Linia 34,IZ Warszawa,false,true,true,false
16724,29,Ostrołęka,0.470,1.767,,1M,60,60,Vd) Linia 34,IZ Warszawa,false,true,true,false
16725,31,Siedlce,91.540,92.000,,"1a, 2a",160,160,Vd) Linia 2,IZ Warszawa,false,true,true,false
16726,31,Siedlce,92.000,93.354,,"1a, 2a",120,120,Vd) Linia 2,IZ Warszawa,false,true,true,false
16727,31,Siedlce,93.354,94.900,,"1b, 2b",120,120,Vd) Linia 2,IZ Warszawa,false,true,true,false
16728,31,Siemiatycze - Nurzec,59.696,60.221,ograniczona widoczność czoła pociągu na przejeździe,"1, 2",,80,,IZ Warszawa,false,true,true,true
16729,31,Siemiatycze - Nurzec,62.229,62.758,ograniczona widoczność czoła pociągu na przejeździe,"1, 2",,80,,IZ Warszawa,false,true,true,true
16730,31,Siemiatycze - Nurzec,64.463,64.859,ograniczona widoczność czoła pociągu na przejeździe,"1, 2",60,,,IZ Warszawa,false,true,true,true
16731,31,Siemiatycze - Nurzec,64.853,65.380,ograniczona widoczność czoła pociągu na przejeździe,"1, 2",,80,,IZ Warszawa,false,true,true,true
16732,31,Siemiatycze - Nurzec,65.150,65.675,ograniczona widoczność czoła pociąg na przejeździe,1,80,,,IZ Warszawa,false,true,true,true
16733,31,Siemiatycze - Nurzec,65.150,65.675,ograniczona widoczność czoła pociągu na przejeździe,2,80,,,IZ Warszawa,false,true,true,true
16734,31,Siemiatycze - Nurzec,65.669,66.260,ograniczona widoczność czoła pociągu na przejeździe,"1, 2",,90,,IZ Warszawa,false,true,true,true
16735,31,Siemiatycze - Nurzec,67.854,68.379,ograniczona widoczność czoła pociągu na przejeździe,"1, 2",80,,,IZ Warszawa,false,true,true,true
16736,31,Siemiatycze - Nurzec,68.373,68.898,ograniczona widoczność czoła pociągu na przejeździe,"1, 2",,80,,IZ Warszawa,false,true,true,true
16737,31,Nurzec - Czeremcha,86.000,90.167,"ewentualna kolizja z dużymi zwierzętami (np. żubr, łoś)",1,,,Jechać ostrożnie,IZ Warszawa,false,true,true,true
16738,31,Nurzec - Czeremcha,86.000,90.939,"ewentualna kolizja z dużymi zwierzętami (np. żubr, łoś)",2,,,jechać ostrożnie,IZ Warszawa,false,true,true,true
16739,31,Czeremcha - Witowo,90.167,102.000,"ewentualna kolizja z dużymi zwierzętami (np. żubr, łoś)",1,,,jechać ostrożnie,IZ Warszawa,false,true,true,true
16740,31,Witowo - Hajnówka,113.284,113.837,ograniczona widoczność czoła pociągu na przejeździe,1,,100,,IZ Warszawa,false,true,true,true
16741,31,Witowo - Hajnówka,113.506,114.059,ograniczona widoczność czoła pociągu na przejeździe,1,100,,,IZ Warszawa,false,true,true,true
16742,31,Witowo - Hajnówka,114.053,114.661,ograniczona widoczność czoła pociągu na przejeździe,1,,110,,IZ Warszawa,false,true,true,true
16743,31,Hajnówka,119.322,120.390,,10,40,40,Vd) Linia 858,IZ Warszawa,false,true,true,false
16744,31,Hajnówka,120.390,121.029,,12,40,40,Vd) Linia 858,IZ Warszawa,false,true,true,false
16745,31,Hajnówka - Narewka,121.719,122.010,ograniczona widoczność czoła pociągu na przejeździe,1,,50,,IZ Warszawa,false,true,true,true
16746,31,Narewka,140.690,140.730,waga wagonowa brak widoczności czoła pociągu na przejeździe,7,20,20,Linia 913,IZ Warszawa,false,true,true,true
16747,31,Narewka,0.710,0.716,,1,,,,IZ Warszawa,false,true,true,true
16748,31,Siemianówka,146.480,146.520,waga wagonowa,3,20,20,,IZ Warszawa,false,true,true,false
16749,31,Siemianówka,146.923,,urządzenia kontroli materiałów promieniotwórczych,2,8,8,"obok tarczy D1 ""Stój""",IZ Warszawa,false,true,true,false
16750,31,Siemianówka - Siemianówka (gr),151.215,151.420,strefa działania skanera,1,15,,,IZ Warszawa,false,true,true,true
16751,31,Siemianówka - Siemianówka (gr),151.410,151.615,strefa działania skanera,1,,15,,IZ Warszawa,false,true,true,true
16752,32,Czeremcha - Gregorowce,10.982,11.422,ograniczona widoczność czoła pociągu na przejeździe,1,,80,,IZ Warszawa,false,true,true,true
16753,32,Gregorowce - Lewki,20.027,20.577,ograniczona widoczność czoła pociągu na przejeździe,1,100,,,IZ Warszawa,false,true,true,true
16754,32,Gregorowce - Lewki,24.391,24.721,ograniczona widoczność czoła pociągu na przejeździe,1,,60,,IZ Warszawa,false,true,true,true
16755,32,Bielsk Podlaski - Strabla,33.020,33.570,ograniczona widoczność czoła pociągu na przejeździe,1,,100,,IZ Warszawa,false,true,true,true
16756,32,Bielsk Podlaski - Strabla,42.382,42.932,ograniczona widoczność czoła pociągu na przejeździe,1,100,,,IZ Warszawa,false,true,true,true
16757,32,Bielsk Podlaski - Strabla,44.552,44.992,ograniczona widoczność czoła pociągu na przejeździe,1,80,,,IZ Warszawa,false,true,true,true
16758,32,Strabla - Lewickie,50.985,51.315,ograniczona widoczność czoła pociągu na przejeździe,1,,60,,IZ Warszawa,false,true,true,true
16759,32,Strabla - Lewickie,53.274,53.714,ograniczona widoczność czoła pociągu na przejeździe,1,,80,,IZ Warszawa,false,true,true,true
16760,32,Strabla - Lewickie,57.204,57.754,ograniczona widoczność czoła pociągu na przejeździe,1,100,,,IZ Warszawa,false,true,true,true
16761,32,Strabla - Lewickie,57.754,58.084,ograniczona widoczność czoła pociągu na przejeździe,1,,60,,IZ Warszawa,false,true,true,true
16762,32,Lewickie - Białystok,66.419,66.969,ograniczona widoczność czoła pociągu na przejeździe,1,,100,,IZ Warszawa,false,true,true,true
16763,32,Lewickie - Białystok,68.095,68.315,ograniczona widoczność czoła pociągu na przejeździe,1,,40,,IZ Warszawa,false,true,true,true
16764,33,Kutno Zachód - Florek,3.225,3.465,brak widoczności czoła pociągu na przejściu,207,40,40,*),IZ Warszawa,false,true,false,true
16765,33,Strzelce Kujawskie - Sierakówek,19.090,19.420,ograniczona widoczność czoła pociągu na przejeździe,1,60,,,IZ Warszawa,false,true,true,true
16766,33,Gostynin - Łąck,31.651,31.984,ograniczona widoczność czoła pociągu na przejeździe,1,60,,,IZ Warszawa,false,true,true,true
16767,33,Gostynin - Łąck,38.028,38.036,przekroczony iloczyn ruchu,1,50,50,*) Nowe!,IZ Warszawa,true,true,false,true
16768,34,Ostrołęka,72.854,73.578,,65,,,,IZ Warszawa,false,true,true,false
16769,34,Ostrołęka,72.425,73.687,,1T,80,80,Vd) Linia 29,IZ Warszawa,false,true,true,false
16770,34,Ostrołęka,73.687,75.047,,3,80,80,Vd) Linia 29,IZ Warszawa,false,true,true,false
16771,34,Ostrołęka - Ostrów Mazowiecka,28.231,28.246,brak widoczności na przejeździe,1,20,20,,IZ Warszawa,false,true,true,true
16772,34,Ostrów Mazowiecka,34.212,34.218,brak widoczności na przejeździe,1,20,20,,IZ Warszawa,false,true,true,true
16773,34,Małkinia,52.872,52.883,brak widoczności na przejeździe,1,20,20,,IZ Warszawa,false,true,true,true
16774,36,Śniadowo - Czarnowo-Undy,28.238,28.568,ograniczona widoczność czoła pociągu na przejeździe,1,,60,,IZ Warszawa,false,true,true,true
16775,36,Czarnowo-Undy - Łapy,58.075,58.085,brak widoczności czoła pociągu na przejeździe,1,20,,,IZ Warszawa,false,true,true,true
16776,36,Czarnowo-Undy - Łapy,70.014,70.856,ograniczona widoczność czoła pociągu na przejeździe,1,,60,,IZ Warszawa,false,true,true,true
16777,36,Czarnowo-Undy - Łapy,76.671,,obsługa przejazdu przez drużynę pociągową,1,,,dot. pociągów obsługujących LPO Sokoły,IZ Warszawa,false,true,true,true
16778,36,Czarnowo-Undy - Łapy,77.108,,obsługa przejazdu przez drużynę pociągową,1,,,dot. pociągów obsługujących LPO Sokoły,IZ Warszawa,false,true,true,true
16779,36,Czarnowo-Undy - Łapy,86.388,86.663,ograniczona widoczność czoła pociągu na przejeździe,1,,50,,IZ Warszawa,false,true,true,true
16780,37,Białystok Fabryczny - Waliły,7.132,,obsługa przejazdu przez drużynę pociągową,1,,,,IZ Warszawa,false,true,true,true
16781,38,Białystok Bacieczki - Knyszyn,14.335,14.796,ograniczona widoczność czoła pociągu na przejeździe,1,80,,,IZ Warszawa,false,true,true,true
16782,38,Białystok Bacieczki - Knyszyn,24.388,24.828,ograniczona widoczność czoła pociągu na przejeździe,1,80,,,IZ Warszawa,false,true,true,true
16783,38,Knyszyn - Mońki,34.501,34.831,ograniczona widoczność czoła pociągu na przejeździe,1,60,,,IZ Warszawa,false,true,true,true
16784,39,Raczki - Papiernia,24.037,24.160,ograniczona widoczność czoła pociągu na przejeździe,1,,30,,IZ Warszawa,false,true,true,true
16785,39,Raczki - Papiernia,24.451,24.505,pogorszenie stanu obiektu,1,30,30,,IZ Warszawa,false,true,true,true
16786,39,Raczki - Papiernia,24.637,24.862,ograniczona widoczność czoła pociągu na przejeździe,1,40,,,IZ Warszawa,false,true,true,true
16787,39,Raczki - Papiernia,35.754,35.976,ograniczona widoczność czoła pociągu na przejeździe,1,40,,,IZ Warszawa,false,true,true,true
16788,39,Raczki - Papiernia,35.969,36.194,ograniczona widoczność czoła pociągu na przejeździe,1,,40,,IZ Warszawa,false,true,true,true
16789,40,Sidra - Dąbrowa Białostocka,30.050,30.438,ograniczona widoczność czoła pociągu na przejeździe,1,70,,,IZ Warszawa,false,true,true,true
16790,40,Sidra - Dąbrowa Białostocka,30.432,30.820,ograniczona widoczność czoła pociągu na przejeździe,1,,70,,IZ Warszawa,false,true,true,true
16791,51,Suwałki,42.615,43.422,,2,60,60,Vd) Linia 39,IZ Warszawa,false,true,true,false
16792,51,Suwałki - Trakiszki,2.056,2.386,ograniczona widoczność czoła pociągu na przejeździe,1,60,,,IZ Warszawa,false,true,true,true
16793,51,Suwałki - Trakiszki,2.386,3.085,ograniczona widoczność czoła pociągu na przejeździe,1,,70,,IZ Warszawa,false,true,true,true
16794,51,Suwałki - Trakiszki,2.386,2.700,ograniczona widoczność czoła pociągu na przejeździe,1,80,,,IZ Warszawa,false,true,true,true
16795,51,Suwałki - Trakiszki,3.472,3.967,ograniczona widoczność czoła pociągu na przejeździe,1,90,,,IZ Warszawa,false,true,true,true
16796,51,Suwałki - Trakiszki,3.967,4.517,ograniczona widoczności czoła pociągu na przejeździe,1,,100,,IZ Warszawa,false,true,true,true
16797,51,Suwałki - Trakiszki,5.594,6.034,ograniczona widoczność czoła pociągu na przejeździe,1,,80,,IZ Warszawa,false,true,true,true
16798,51,Suwałki - Trakiszki,7.251,7.581,ograniczona widoczność czoła pociągu na przejeździe,1,60,,,IZ Warszawa,false,true,true,true
16799,51,Suwałki - Trakiszki,9.764,10.149,ograniczona widoczność czoła pociągu na przejeździe,1,70,,,IZ Warszawa,false,true,true,true
16800,51,Suwałki - Trakiszki,10.149,10.534,ograniczona widoczność czoła pociągu na przejeździe,1,,70,,IZ Warszawa,false,true,true,true
16801,51,Suwałki - Trakiszki,10.440,10.770,ograniczona widoczność czoła pociągu na przejeździe,1,60,,,IZ Warszawa,false,true,true,true
16802,51,Suwałki - Trakiszki,10.770,11.210,ograniczona widoczność czoła pociągu na przejeździe,1,,80,,IZ Warszawa,false,true,true,true
16803,51,Suwałki - Trakiszki,11.989,12.319,ograniczona widoczność czoła pociągu na przejeździe,1,,60,,IZ Warszawa,false,true,true,true
16804,51,Suwałki - Trakiszki,13.271,13.934,ograniczona widoczność czoła pociągu na przejeździe,1,60,,,IZ Warszawa,false,true,true,true
16805,51,Suwałki - Trakiszki,15.260,15.590,ograniczona widoczność czoła pociągu na przejeździe,1,60,,,IZ Warszawa,false,true,true,true
16806,51,Suwałki - Trakiszki,15.590,15.920,ograniczona widoczność czoła pociągu na przejeździe,1,,60,,IZ Warszawa,false,true,true,true
16807,51,Suwałki - Trakiszki,17.577,17.962,ograniczona widoczność czoła pociągu na przejeździe,1,70,,,IZ Warszawa,false,true,true,true
16808,51,Suwałki - Trakiszki,17.962,18.292,ograniczona widoczność czoła pociągu na przejeździe,1,,60,,IZ Warszawa,false,true,true,true
16809,51,Suwałki - Trakiszki,18.738,19.123,ograniczona widoczność czoła pociągu na przejeździe,1,70,,,IZ Warszawa,false,true,true,true
16810,51,Suwałki - Trakiszki,19.123,19.453,ograniczona widoczność czoła pociągu na przejeździe,1,,60,,IZ Warszawa,false,true,true,true
16811,51,Suwałki - Trakiszki,19.748,20.188,ograniczona widoczność czoła pociągu na przejeździe,1,80,,,IZ Warszawa,false,true,true,true
16812,51,Suwałki - Trakiszki,23.691,24.076,ograniczona widoczność czoła pociągu na przejeździe,1,,70,,IZ Warszawa,false,true,true,true
16813,51,Suwałki - Trakiszki,24.416,24.691,ograniczona widoczność czoła pociągu na przejeździe,1,40,,,IZ Warszawa,false,true,true,true
16814,51,Suwałki - Trakiszki,24.685,24.697,brak widoczności czoła pociągu na przejeździe,1,,20,,IZ Warszawa,false,true,true,true
16815,51,Trakiszki - Trakiszki (gr),27.001,27.331,ograniczona widoczność czoła pociągu na przejeździe,1,60,,,IZ Warszawa,false,true,true,true
16816,57,Kuźnica Białostocka (gr) - Kuźnica Białostocka,161.580,,urządzenia kontroli materiałów promieniotwór- czych,1,8,8,"obok tarczy D1 ""Stój""",IZ Warszawa,false,true,true,true
16817,57,Kuźnica Białostocka (gr) - Kuźnica Białostocka,162.968,163.268,strefa działania skanera,1s,15,,,IZ Warszawa,false,true,true,false
16818,59,Siemianówka (gr) - Siemianówka,2.771,2.976,strefa działania skanera,1,15,,,IZ Warszawa,false,true,true,true
16819,59,Siemianówka (gr) - Siemianówka,2.966,3.171,strefa działania skanera,1,,15,,IZ Warszawa,false,true,true,true
16820,59,Siemianówka,7.435,,urządzenia kontroli materiałów promieniotwórczych,101s,8,8,"obok tarczy D1 ""Stój""",IZ Warszawa,false,true,true,false
16821,59,Siemianówka,7.938,7.962,waga wagonowa,101s,20,20,,IZ Warszawa,false,true,true,false
16822,59,Siemianówka - Mikłaszewo,9.519,9.742,ograniczona widoczność czoła pociągu na przejeździe,1,40,,,IZ Warszawa,false,true,true,true
16823,59,Siemianówka - Mikłaszewo,9.736,9.959,ograniczona widoczność czoła pociągu na przejeździe,1,,40,,IZ Warszawa,false,true,true,true
16824,59,Siemianówka - Mikłaszewo,13.721,13.936,ograniczona widoczność czoła pociągu na przejeździe,1,40,,,IZ Warszawa,false,true,true,true
16825,60,Terespol,207.710,207.720,skanowanie wagonów towarowych,1S,15,15,dot. pociągów towarowych,IZ Warszawa,false,false,true,true
16826,131,Zduńska Wola Karsznice,5.976,6.849,,51,60,60,Vd) Linia 542,IZ Warszawa,false,true,true,false
16827,131,Zduńska Wola Karsznice,6.913,7.294,,5,60,60,Vd) Linia 542,IZ Warszawa,false,true,true,false
16828,131,Zduńska Wola Karsznice,-0.258,0.154,,3,60,60,Vd) Linia 739,IZ Warszawa,false,true,true,false
16829,131,Zduńska Wola Karsznice,0.154,1.160,,31,60,60,Vd) Linia 739,IZ Warszawa,false,true,true,false
16830,131,Dionizów - Szadek,173.734,174.127,ograniczona widoczność czoła pociągu na przejeździe,1,60,,,IZ Warszawa,false,true,true,true
16831,131,Dionizów - Szadek,173.924,174.124,ograniczona widoczność czoła pociągu na przejeździe,2,40,,,IZ Warszawa,false,true,true,true
16832,131,Szadek,178.920,179.740,pogorszenie stanu toru,3,20,20,,IZ Warszawa,false,true,true,false
16833,131,Otok,191.200,191.900,pogorszenie stanu toru,3,20,20,,IZ Warszawa,false,true,true,true
16834,131,Otok,192.180,192.280,tymczasowa konstrukcja odciążająca na moście,1,40,40,,IZ Warszawa,false,true,true,true
16835,131,Poddębice - Kłudna,210.588,211.111,ograniczona widoczność czoła pociągu na przejeździe,"1, 2",,80,,IZ Warszawa,false,true,true,true
16836,131,Kłudna - Kraski,216.874,217.461,ograniczona widoczność czoła pociągu na przejeździe,1,90,,,IZ Warszawa,false,true,true,true
16837,131,Kłudna - Kraski,217.004,217.459,ograniczona widoczność czoła pociągu na przejeździe,2,70,,,IZ Warszawa,false,true,true,true
16838,131,Kraski - Dąbie n/Nerem,224.600,225.188,brak widoczności czoła pociągu na przejeździe,2,90,,,IZ Warszawa,false,true,true,true
16839,448,Warszawa Zachodnia - Warszawa Wschodnia,-1.300,,brak wskaźnika W16 dla p.o. Warszawa Ochota,3,,,,IZ Warszawa,false,true,true,true
16840,448,Warszawa Zachodnia - Warszawa Wschodnia,-1.035,-0.800,"brak skrajni budowli, na całej długości peronu p.o. Warszawa Ochota","3S, 4S",,,zakaz otwierania drzwi bocznych dla EZT w czasie jazdy,IZ Warszawa,false,true,true,false
16841,448,Warszawa Zachodnia - Warszawa Wschodnia,-0.500,,brak wskaźnika W16 dla p.o. Warszawa Ochota,4,,,,IZ Warszawa,false,true,true,true
16842,448,Warszawa Zachodnia - Warszawa Wschodnia,-0.100,,brak wskaźnika W16 dla p.o. Warszawa Śródmieście,3,,,,IZ Warszawa,false,true,true,true
16843,448,Warszawa Zachodnia - Warszawa Wschodnia,0.196,0.440,na całej długości peronu p.o. Warszawa Śródmieście,"3, 4",,,"wyłączyć reflektor górny, reflektory dolne powinny być w pozycji świateł przyciemnio- nych",IZ Warszawa,false,true,true,true
16844,448,Warszawa Zachodnia - Warszawa Wschodnia,0.700,,brak wskaźnika W16 dla p.o. Warszawa Śródmieście,4,,,,IZ Warszawa,false,true,true,true
16845,448,Warszawa Zachodnia - Warszawa Wschodnia,1.400,,brak wskaźnika W16 dla p.o. Warszawa Powiśle,3,,,,IZ Warszawa,false,true,true,true
16846,448,Warszawa Zachodnia - Warszawa Wschodnia,2.100,,brak wskaźnika W16 dla p.o. Warszawa Powiśle,4,,,,IZ Warszawa,false,true,true,true
16847,448,Warszawa Zachodnia - Warszawa Wschodnia,2.570,,brak wskaźnika W16 dla p.o. Warszawa Stadion,4,,,,IZ Warszawa,false,true,true,true
16848,448,Warszawa Wschodnia,3.790,,brak wskaźnika W16 dla p.o. Warszawa Stadion,"3S, 4S",,,,IZ Warszawa,false,true,true,false
16849,448,Warszawa Wschodnia,4.247,4.480,,20,60,60,Vd) Linia 7,IZ Warszawa,false,true,true,false
16850,448,Warszawa Wschodnia,4.273,4.477,,21,60,60,Vd) Linia 7,IZ Warszawa,false,true,true,false
16851,449,Warszawa Rembertów - Zielonka,15.250,16.000,urządzenie SSP nie dostosowane do prędkości 160km/h,1,100,,dotyczy czoła pociągu,IZ Warszawa,false,true,true,true
16852,506,Warszawa Wschodnia Towarowa - Warszawa Wawer,6.787,13.654,ograniczenie poboru prądu do 500A w związku z jednostronnym zasilaniem,"3W, 4W",,,*),IZ Warszawa,false,true,false,true
16853,517,Las Suwalski,91.830,,,"9,",,,,IZ Warszawa,false,true,true,false
16854,533,Łowicz Główny,0.691,0.924,ograniczona widoczność czoła pociągu na przejeździe,203c,40,,,IZ Warszawa,false,true,true,true
16855,533,Łowicz Główny,0.920,1.140,ograniczona widoczność czoła pociągu na przejeździe,1,,40,dotyczy czoła pociągu kierunku parzystego,IZ Warszawa,false,true,true,true
16856,536,Słotwiny - Koluszki,1.780,1.790,brak widoczności czoła pociągu na przejeździe,1,20,20,,IZ Warszawa,false,true,true,true
16857,541,Łódź Olechów,14.710,14.740,,315,,,,IZ Warszawa,false,true,true,false
16858,737,Barłogi,-0.544,0.248,,3,60,60,Vd) Linia 809,IZ Warszawa,false,true,true,false
16859,783,Łapy,87.634,88.477,,4,60,60,Vd) Linia 36,IZ Warszawa,false,true,true,false
16860,809,Barłogi,3.587,3.599,,4,40,40,Vd) Linia 737,IZ Warszawa,false,true,true,false
16861,830,Łódź Olechów,14.710,14.740,,315,,,,IZ Warszawa,false,true,true,false
16862,831,Łódź Olechów,14.710,14.740,,315,,,,IZ Warszawa,false,true,true,false
16863,832,Łódź Olechów,7.120,,rozjazd nr 551,84,,,zakaz jazdy dwóch lub więcej połączonych ze sobą lokomotyw ET-22,IZ Warszawa,false,true,true,true
16864,865,Magdalenka - Małaszewicze Centralne,197.868,200.900,pogorszenie stanu toru,"1a, 2a",20,20,,IZ Warszawa,false,true,true,false
16865,867,Małaszewicze Centralne - Małaszewicze,200.900,202.098,pogorszenie stanu toru,104,20,20,,IZ Warszawa,false,true,true,true
16866,906,Chotyłów - Mętraki,0.000,5.697,pogorszenie stanu toru,1,20,20,,IZ Warszawa,false,true,true,true
16867,913,Narewka,0.710,0.716,brak widoczności czoła pociągu na przejeździe waga wagonowa,1,20,20,Linia 31,IZ Warszawa,false,true,true,true
16868,913,Narewka,140.690,140.730,,7,,,,IZ Warszawa,false,true,true,false
16869,923,Bufałowo Wschód,1.363,1.493,ograniczona widoczność czoła pociągu na przejeździe,1,40,,,IZ Warszawa,false,true,true,true
16870,4,Włoszczowa Północ,-1.156,-0.434,,3,120,120,Vd) Linia 572,IZ Lublin,false,true,true,false
16871,7,Dęblin,60.737,61.010,,5a,70,70,Vd) Linia 26; poc. towarowe,IZ Lublin,false,false,true,false
16872,7,Dęblin,60.737,61.010,,5a,90,90,"Vd) Linia 26; poc. pas., szynobusy",IZ Lublin,false,true,true,false
16873,7,Dęblin,60.737,61.105,,3a,80,80,Vd) Linia 26; poc. towarowe,IZ Lublin,false,false,true,false
16874,7,Dęblin,60.737,61.105,,3a,90,90,"Vd) Linia 26; poc. pas., szynobusy",IZ Lublin,false,true,true,false
16875,7,Dęblin,61.010,61.329,,5b,90,90,Vd) Linia 26; poc pas. szynobusy,IZ Lublin,false,true,true,false
16876,7,Dęblin,61.010,61.329,,5b,70,70,Vd) Linia 26; poc. towarowe,IZ Lublin,false,false,true,false
16877,7,Dęblin,61.105,61.340,,3b,80,80,Vd) Linia 26; poc. towarowe,IZ Lublin,false,false,true,false
16878,7,Dęblin,61.105,61.340,,3b,90,90,Vd) Linia 26; poc. pas. szynobusy,IZ Lublin,false,true,true,false
16879,7,Dęblin,61.329,61.615,,5c,70,70,Vd) Linia 26; poc. towarowe,IZ Lublin,false,false,true,false
16880,7,Dęblin,61.329,61.615,,5c,90,90,Vd) Linia 26; poc. pas. szynobusy,IZ Lublin,false,true,true,false
16881,7,Dęblin,4.826,5.027,,4c,70,70,Vd) Linia 579; poc. pas. szynobusy,IZ Lublin,false,true,true,false
16882,7,Dęblin,4.826,5.027,,4c,50,50,Vd) Linia 579; poc. towarowe,IZ Lublin,false,false,true,false
16883,7,Dęblin,5.027,5.430,,4b,70,70,"Vd) Linia 579; poc. pas., szynobusy",IZ Lublin,false,true,true,false
16884,7,Dęblin,5.027,5.430,,4b,50,50,Vd) Linia 579; poc. towarowe,IZ Lublin,false,false,true,false
16885,7,Dęblin,1.582,2.059,,15b,60,60,Vd) Linia 770; poc. towarowe,IZ Lublin,false,false,true,false
16886,7,Lublin Główny,0.583,1.173,,3,60,60,Vd) Linia 68; poc. towarowe,IZ Lublin,false,false,true,false
16887,7,Lublin Główny,0.583,1.173,,3,100,100,"Vd) Linia 68; poc. pas., szynobusy",IZ Lublin,false,true,true,false
16888,7,Świdnik,-0.420,0.264,,4,40,40,Vd) Linia 581,IZ Lublin,false,true,true,false
16889,7,Minkowice - Jaszczów,192.393,193.071,ograniczona widoczność czoła pociągu na przejeździe,"1, 2",,100,,IZ Lublin,false,true,true,true
16890,7,Jaszczów - Trawniki,209.167,209.626,ograniczona widoczność czoła pociągu na przejeździe,"1, 2",,70,,IZ Lublin,false,true,true,true
16891,7,Kanie - Rejowiec,223.653,224.175,ograniczona widoczność czoła pociągu na przejeździe,"1, 2",,80,,IZ Lublin,false,true,true,true
16892,7,Rejowiec,226.891,227.419,ograniczona widoczność czoła pociągu na przejeździe,102,80,,,IZ Lublin,false,true,true,true
16893,7,Rejowiec,226.956,227.419,ograniczona widoczność czoła pociągu na przejeździe,101,70,,,IZ Lublin,false,true,true,true
16894,7,Rejowiec,-0.093,0.673,,3,60,60,Vd) Linia 69; poc. towarowe,IZ Lublin,false,false,true,false
16895,7,Rejowiec,-0.093,0.673,,3,90,90,"Vd) Linia 69; poc. pas., szynobusy",IZ Lublin,false,true,true,false
16896,7,Wólka Okopska - Dorohusk,265.116,265.720,ograniczona widoczność czoła pociągu na przejeździe,1,90,,,IZ Lublin,false,true,true,true
16897,7,Wólka Okopska - Dorohusk,267.805,268.329,ograniczona widoczność czoła pociągu na przejeździe,1,,80,,IZ Lublin,false,true,true,true
16898,7,Dorohusk,269.933,270.133,"warunki umowy granicznej, skanowanie wagonów",1,20,20,dotyczy pociągów towarowych,IZ Lublin,false,false,true,true
16899,8,Rożki - Jastrząb,116.655,117.312,Ograniczona widoczność czoła pociągu na przejeździe.,"1, 2",,100,,IZ Lublin,false,true,true,true
16900,8,Skarżysko- Kamienna,3.983,4.581,,4,40,40,Vd) Linia 841,IZ Lublin,false,true,true,false
16901,8,Sitkówka Nowiny,-0.235,0.577,,"6, 8",80,80,Vd) Linia 73,IZ Lublin,false,true,true,false
16902,8,Sitkówka Nowiny,-1.790,-0.898,,4,40,40,Vd) Linia 568,IZ Lublin,false,true,true,false
16903,8,Wolica - Sobków,208.200,208.800,Pogorszeszenie stanu podtorza.,2,60,60,,IZ Lublin,false,true,true,true
16904,8,Kozłów,-0.200,0.850,,"1, 2",120,120,Vd) Linia 64,IZ Lublin,false,true,true,false
16905,25,Skarżysko- Kamienna,3.983,4.581,,4,40,40,Vd) Linia 841,IZ Lublin,false,true,true,false
16906,25,Starachowice Wschodnie - Kunów,180.108,180.766,Ograniczona widoczność czoła pociągu na przejeździe.,1,100,,,IZ Lublin,false,true,true,true
16907,25,Starachowice Wschodnie - Kunów,180.756,181.414,Ograniczona widoczność czoła pociągu na przejeździe.,1,,100,,IZ Lublin,false,true,true,true
16908,25,Kunów - Ostrowiec Świętokrzyski,186.748,187.408,Ograniczona widoczność czoła pociągu na przejeździe.,1,100,,,IZ Lublin,false,true,true,true
16909,25,Jakubowice,214.966,215.268,Ograniczona widoczność czoła pociągu na przejeździe.,1,100,,,IZ Lublin,false,true,true,true
16910,25,Jakubowice,214.966,215.264,Ograniczona widoczność czoła pociągu na przejeździe.,2,100,,,IZ Lublin,false,true,true,true
16911,25,Jakubowice,215.658,216.298,Ograniczona widoczność czoła pociągu na przejeździe.,1,,100,,IZ Lublin,false,true,true,true
16912,25,Jakubowice,224.469,225.065,Ograniczona widoczność czoła pociągu na przejeździe.,1,,90,,IZ Lublin,false,true,true,true
16913,25,Jakubowice,233.472,234.002,Ograniczona widoczność czoła pociągu na przejeździe.,1,,80,,IZ Lublin,false,true,true,true
16914,25,Jakubowice,233.473,234.002,Ograniczona widoczność czoła pociągu na przejeździe.,2,,80,,IZ Lublin,false,true,true,true
16915,25,Sobów,-0.824,-0.180,,2,80,80,"Vd) Linia 74; poc. pas., szynobusy",IZ Lublin,false,true,true,false
16916,25,Sobów,-0.824,-0.180,,2,70,70,Vd) Linia 74; poc. towarowe,IZ Lublin,false,false,true,false
16917,25,Ocice,-0.747,-0.195,,2,100,100,"Vd) Linia 71; poc. pas., szynobusy",IZ Lublin,false,true,true,false
16918,25,Ocice,-0.747,-0.195,,2,80,80,Vd) Linia 71; poc. towarowe,IZ Lublin,false,false,true,false
16919,25,Chmielów,87.035,87.748,,5,60,60,Vd) Linia 70,IZ Lublin,false,true,true,false
16920,25,Chmielów,-0.757,-0.199,,13,30,30,Vd) Linia 933,IZ Lublin,false,true,true,false
16921,26,Okrzeja - Stawy,47.130,47.595,ograniczona widoczność czoła pociągu na przejeździe,"1, 2",70,,,IZ Lublin,false,true,true,true
16922,26,Dęblin,102.582,103.181,,1b,70,70,Vd) Linia 7; poc. towarowe,IZ Lublin,false,false,true,false
16923,26,Dęblin,102.582,103.181,,1b,90,90,Vd) Linia 7; poc. pas. szynobusy,IZ Lublin,false,true,true,false
16924,26,Dęblin,102.582,103.181,,2b,70,70,Vd) Linia 7; poc. towarowe,IZ Lublin,false,false,true,false
16925,26,Dęblin,102.582,103.181,,2b,90,90,Vd) Linia 7; poc. pas. szynobusy,IZ Lublin,false,true,true,false
16926,26,Dęblin,4.826,5.027,,4c,50,50,Vd) Linia 579; poc. towarowe,IZ Lublin,false,false,true,false
16927,26,Dęblin,4.826,5.027,,4c,70,70,Vd) Linia 579; poc. pas. szynobusy,IZ Lublin,false,true,true,false
16928,26,Dęblin,5.027,5.430,,4b,70,70,"Vd) Linia 579; poc. pas., szynobusy",IZ Lublin,false,true,true,false
16929,26,Dęblin,5.027,5.430,,4b,50,50,Vd) Linia 579; poc. towarowe,IZ Lublin,false,false,true,false
16930,26,Dęblin,1.582,2.059,,15b,60,60,Vd) Linia 770; poc. towarowe,IZ Lublin,false,false,true,false
16931,30,Łuków - Radzyń Podlaski,7.566,7.791,ograniczona widoczność czoła pociągu na przejeździe,1,,40,,IZ Lublin,false,true,true,true
16932,63,Dorohusk,1.400,1.528,"warunki umowy granicznej, skanowanie wagonów",101,20,20,dotyczy pociągów towarowych,IZ Lublin,false,false,true,true
16933,63,Dorohusk,1.528,1.600,"warunki umowy granicznej, skanowanie wagonów",101s,20,20,dotyczy pociągów towarowych,IZ Lublin,false,false,true,true
16934,64,Kozłów,261.353,262.270,,"3, 4",100,100,Vd) Linia 8,IZ Lublin,false,true,true,false
16935,66,Zwierzyniec Towarowy - Biłgoraj,1.332,1.667,ograniczona widoczność czoła pociągu na przejeździe,1,60,,,IZ Lublin,false,true,true,true
16936,66,Zwierzyniec Towarowy - Biłgoraj,1.657,1.992,ograniczona widoczność czoła pociągu na przejeździe,1,,60,,IZ Lublin,false,true,true,true
16937,66,Zwierzyniec Towarowy - Biłgoraj,19.539,19.970,ograniczona widoczność czoła pociągu na przejeździe,1,,60,,IZ Lublin,false,true,true,true
16938,66,Huta Krzeszowska - Stalowa Wola Południe,62.050,62.300,pogorszenie stanu mostu,1,20,20,,IZ Lublin,false,true,true,true
16939,68,Lublin Główny,173.748,174.390,,1,80,80,Vd) Linia 7; poc. towarowe,IZ Lublin,false,false,true,false
16940,68,Lublin Główny,173.748,174.390,,1,100,100,"Vd) Linia 7; poc. pas., szynobusy",IZ Lublin,false,true,true,false
16941,68,Lublin Główny,173.770,174.390,,2,100,100,"Vd) Linia 7; poc. pas., szynobusy",IZ Lublin,false,true,true,false
16942,68,Lublin Główny,173.770,174.390,,2,80,80,Vd) Linia 7; poc. towarowe,IZ Lublin,false,false,true,false
16943,68,Lublin Główny,174.745,175.180,,51,100,100,"Vd) Linia 7; poc. pas., szynobusy",IZ Lublin,false,true,true,false
16944,68,Lublin Główny,174.745,175.180,,"51, 52",80,80,Vd) Linia 7; poc. towarowe,IZ Lublin,false,false,true,false
16945,68,Lublin Główny,174.745,175.180,,52,100,100,"Vd) Linia 7; poc. pas., szynobusy",IZ Lublin,false,true,true,false
16946,68,Stalowa Wola Rozwadów,102.670,102.680,Brak widoczności czoła pociągu na przejściu,"1, 2, 3, 4",20,20,,IZ Lublin,false,true,true,true
16947,69,Rejowiec,226.891,227.419,ograniczona widoczność czoła pociągu na przejeździe,102,,,Linia 7,IZ Lublin,false,true,true,true
16948,69,Rejowiec,226.956,227.419,,101,,,,IZ Lublin,false,true,true,true
16949,69,Rejowiec,228.560,229.419,,1,80,80,Vd) Linia 7; poc. towarowe,IZ Lublin,false,false,true,false
16950,69,Rejowiec,228.560,229.419,,1,120,120,"Vd) Linia 7; poc. pas., szynobusy",IZ Lublin,false,true,true,false
16951,69,Rejowiec,228.560,229.490,,2,120,120,"Vd) Linia 7; poc. pas., szynobusy",IZ Lublin,false,true,true,false
16952,69,Rejowiec,228.560,229.490,,2,80,80,Vd) Linia 7; poc. towarowe,IZ Lublin,false,false,true,false
16953,69,Rejowiec - Krasnystaw Fabryczny,5.189,5.467,ograniczona widoczność czoła pociągu na przejeździe,1,50,,,IZ Lublin,false,true,true,true
16954,69,Rejowiec - Krasnystaw Fabryczny,5.461,5.739,ograniczona widoczność czoła pociągu na przejeździe,1,,50,,IZ Lublin,false,true,true,true
16955,69,Krasnystaw - Krzak,22.677,22.905,ograniczona widoczność czoła pociągu na przejeździe,1,40,,,IZ Lublin,false,true,true,true
16956,69,Krasnystaw - Krzak,24.207,24.485,ograniczona widoczność czoła pociągu na przejeździe,1,,50,,IZ Lublin,false,true,true,true
16957,69,Krasnystaw - Krzak,27.287,27.567,ograniczona widoczność czoła pociągu na przejeździe,1,,50,,IZ Lublin,false,true,true,true
16958,69,Krasnystaw - Krzak,30.950,31.230,pogorszenie stanu elementów toru,1,70,70,*) Nowe!,IZ Lublin,true,true,false,true
16959,69,Krasnystaw - Krzak,32.870,33.330,pogorszenie stanu elementów toru,1,70,70,*) Nowe!,IZ Lublin,true,true,false,true
16960,69,Szczebrzeszyn - Zwierzyniec Towarowy,74.716,74.997,ograniczona widoczność czoła pociągu na przejeździe,1,,50,,IZ Lublin,false,true,true,true
16961,69,Zwierzyniec Towarowy - Susiec,79.837,80.390,ograniczona widoczność czoła pociągu na przejeździe,1,100,,,IZ Lublin,false,true,true,true
16962,69,Zwierzyniec Towarowy - Susiec,80.384,80.937,ograniczona widoczność czoła pociągu na przejeździe,1,,100,,IZ Lublin,false,true,true,true
16963,69,Zwierzyniec Towarowy - Susiec,81.450,82.818,układ geometryczny toru,1,80,80,*),IZ Lublin,false,true,false,true
16964,69,Zwierzyniec Towarowy - Susiec,83.775,84.328,ograniczona widoczność czoła pociągu na przejeździe,1,100,,,IZ Lublin,false,true,true,true
16965,69,Zwierzyniec Towarowy - Susiec,84.322,84.875,ograniczona widoczność czoła pociągu na przejeździe,1,,100,,IZ Lublin,false,true,true,true
16966,69,Zwierzyniec Towarowy - Susiec,87.615,88.003,ograniczona widoczność czoła pociągu na przejeździe,1,70,,,IZ Lublin,false,true,true,true
16967,69,Zwierzyniec Towarowy - Susiec,87.997,88.385,ograniczona widoczność czoła pociągu na przejeździe,1,,70,,IZ Lublin,false,true,true,true
16968,69,Zwierzyniec Towarowy – Susiec,89.767,90.100,ograniczona widoczność czoła pociągu na przejeździe,1,60,,,IZ Lublin,false,true,true,true
16969,69,Zwierzyniec Towarowy – Susiec,90.772,91.820,ograniczona widoczność czoła pociągu na przejeździe,1,100,,,IZ Lublin,false,true,true,true
16970,69,Zwierzyniec Towarowy – Susiec,97.588,97.866,ograniczona widoczność czoła pociągu na przejeździe,1,50,,,IZ Lublin,false,true,true,true
16971,69,Zwierzyniec Towarowy – Susiec,97.860,98.138,ograniczona widoczność czoła pociągu na przejeździe,1,,50,,IZ Lublin,false,true,true,true
16972,69,Susiec - Bełżec,111.340,111.490,układ geometryczny toru,1,60,60,,IZ Lublin,false,true,true,true
16973,69,Susiec - Bełżec,114.285,114.618,ograniczona widoczność czoła pociągu na przejeździe,1,60,,,IZ Lublin,false,true,true,true
16974,69,Susiec - Bełżec,114.612,114.945,ograniczona widoczność czoła pociągu na przejeździe,1,,60,,IZ Lublin,false,true,true,true
16975,69,Susiec - Bełżec,119.184,119.407,ograniczona widoczność czoła pociągu na przejeździe,1,40,,,IZ Lublin,false,true,true,true
16976,69,Susiec - Bełżec,119.401,119.624,ograniczona widoczność czoła pociągu na przejeździe,1,,40,,IZ Lublin,false,true,true,true
16977,69,Susiec - Bełżec,120.450,120.680,ograniczona widoczność czoła pociągu na przejeździe,1,40,,,IZ Lublin,false,true,true,true
16978,69,Bełżec - Hrebenne,123.245,123.468,ograniczona widoczność czoła pociągu na przejeździe,1,,40,,IZ Lublin,false,true,true,true
16979,69,Hrebenne - Hrebenne (GR),137.900,138.000,bramki radiometryczne w obrębie przejścia granicznego,1,,8,,IZ Lublin,false,true,true,true
16980,70,Włoszczowice,19.537,20.192,,2,80,80,Vd) Linia 73,IZ Lublin,false,true,true,false
16981,70,Włoszczowice,32.400,32.789,ograniczona widoczność czoła pociągu na przejeździe,1,40,,,IZ Lublin,false,true,true,true
16982,70,Chmielów,259.555,260.170,,1,60,60,Vd) Linia 25; poc. towarowe,IZ Lublin,false,false,true,false
16983,70,Chmielów,259.555,260.170,,1,70,70,"Vd) Linia 25; poc. pas., szynobusy",IZ Lublin,false,true,true,false
16984,70,Chmielów,-0.757,-0.199,,13,30,30,Vd) Linia 933,IZ Lublin,false,true,true,false
16985,71,Ocice,256.706,257.323,,1,60,60,Vd) Linia 25; poc. towarowe,IZ Lublin,false,false,true,false
16986,71,Ocice,256.706,257.323,,1,70,70,Vd) Linia 25; poc. pas. I szynobusy,IZ Lublin,false,true,true,false
16987,71,Ocice - Dęba Rozalin,8.475,8.866,ograniczona widoczność czoła pociągu na przejeździe,1,,70,,IZ Lublin,false,true,true,true
16988,72,Zawada - Zamość,4.578,4.803,ograniczona widoczność czoła pociągu na przejeździe,1,40,,,IZ Lublin,false,true,true,true
16989,72,Jarosławiec - Werbkowice,26.007,26.285,ograniczona widoczność czoła pociągu na przejeździe,1,50,,,IZ Lublin,false,true,true,true
16990,72,Jarosławiec - Werbkowice,27.152,27.424,ograniczona widoczność czoła pociągu na przejeździe,1,,50,,IZ Lublin,false,true,true,true
16991,73,Sitkówka Nowiny,196.993,197.867,,"1, 2",100,100,Vd) Linia 8,IZ Lublin,false,true,true,false
16992,73,Sitkówka Nowiny,-1.790,-0.898,,4,40,40,Vd) Linia 568,IZ Lublin,false,true,true,false
16993,73,Włoszczowice,0.030,0.716,,1,60,60,Vd) Linia 70,IZ Lublin,false,true,true,false
16994,73,Szarbków - Busko - Zdrój,35.325,35.765,ograniczona widoczność czoła pociągu na przejeździe,1,,80,,IZ Lublin,false,true,true,true
16995,73,Szarbków - Busko - Zdrój,35.400,35.875,ograniczona widoczność czoła pociągu na przejeździe,1,90,,,IZ Lublin,false,true,true,true
16996,74,Sobów,248.840,249.370,,1,60,60,Vd) Linia 25; poc. towarowe,IZ Lublin,false,false,true,false
16997,74,Sobów,248.840,249.370,,1,70,70,"Vd) Linia 25; poc. pas., szynobusy",IZ Lublin,false,true,true,false
16998,74,Zbydniów - Stalowa Wola Rozwadów Tow.,18.318,18.717,ograniczona widoczność czoła pociągu na przejeździe,"1, 2",60,,,IZ Lublin,false,true,true,true
16999,74,Stalowa Wola Rozwadów Tow.,22.099,22.126,układ geometryczny rozjazdu Nr 27,"3, 5",20,20,*) na wprost i kier. zwrotny,IZ Lublin,false,true,false,true
17000,74,Stalowa Wola Rozwadów Tow.,22.099,22.126,układ geometryczny rozjazdu 27,7,20,20,*) na wprost i kier. zwrotny,IZ Lublin,false,true,false,true
17001,74,Stalowa Wola Rozwadów,102.670,102.680,Brak widoczności czoła pociągu na przejściu,1,,,Linia 68,IZ Lublin,false,true,true,true
17002,74,Stalowa Wola Rozwadów,102.670,102.680,,2,,,,IZ Lublin,false,true,true,true
17003,74,Stalowa Wola Rozwadów,102.670,102.680,Brak widoczności czoła pociągu na przejściu,"3,",20,20,*) Linia 68,IZ Lublin,false,true,false,true
17004,78,Sandomierz - Grębów,9.720,10.007,ograniczona widoczność czoła pociągu na przejeździe,1,40,,,IZ Lublin,false,true,true,true
17005,78,Sandomierz - Grębów,10.001,10.360,ograniczona widoczność czoła pociągu na przejeździe,1,,40,,IZ Lublin,false,true,true,true
17006,81,Chełm - Włodawa,2.000,2.300,budowa wiaduktu,1,20,20,*),IZ Lublin,false,true,false,true
17007,101,Werchrata - Hrebenne,76.400,82.300,pogorszenie stanu toru,1,50,50,*),IZ Lublin,false,true,false,true
17008,101,Werchrata - Hrebenne,77.806,78.029,ograniczona widoczność czoła pociągu na przejeździe,1,,40,,IZ Lublin,false,true,true,true
17009,101,Werchrata - Hrebenne,82.055,82.278,ograniczona widoczność czoła pociągu na przejeździe,1,40,,,IZ Lublin,false,true,true,true
17010,101,Werchrata - Hrebenne,82.272,82.495,ograniczona widoczność czoła pociągu na przejeździe,1,,40,,IZ Lublin,false,true,true,true
17011,565,Stalowa Wola Rozwadów Tow.,22.099,22.126,układ geometryczny rozjazdu 27,"3,",,,*) Linia 74; na wprost i kier. zwrotny,IZ Lublin,false,true,true,false
17012,565,Stalowa Wola Rozwadów Tow.,22.099,22.126,,7,,,,IZ Lublin,false,true,true,false
17013,568,Sitkówka Nowiny,196.993,197.867,,"1, 2",100,100,Vd) Linia 8,IZ Lublin,false,true,true,false
17014,568,Sitkówka Nowiny,-0.235,0.577,,"6, 8",80,80,Vd) Linia 73,IZ Lublin,false,true,true,false
17015,581,Świdnik,184.914,185.513,,2,120,120,"Vd) Linia 7; poc. pas., szynobusy",IZ Lublin,false,true,true,false
17016,581,Świdnik,184.914,185.513,,2,80,80,Vd) Linia 7; poc. towarowe,IZ Lublin,false,false,true,false
17017,581,Świdnik,184.970,185.513,,1,120,120,"Vd) Linia 7; poc. pas., szynobusy",IZ Lublin,false,true,true,false
17018,581,Świdnik,184.970,185.513,,1,80,80,Vd) Linia 7; poc. towarowe,IZ Lublin,false,false,true,false
17019,770,Dęblin,102.582,103.181,,1b,90,90,Vd) Linia 7; poc. pas. szynobusy,IZ Lublin,false,true,true,false
17020,770,Dęblin,102.582,103.181,,"1b, 2b",70,70,Vd) Linia 7; poc. towarowe,IZ Lublin,false,false,true,false
17021,770,Dęblin,102.582,103.181,,2b,90,90,Vd) Linia 7; poc. pas. szynobusy,IZ Lublin,false,true,true,false
17022,770,Dęblin,60.737,61.010,,5a,70,70,Vd) Linia 26; poc. towarowe,IZ Lublin,false,false,true,false
17023,770,Dęblin,60.737,61.010,,5a,90,90,"Vd) Linia 26; poc. pas., szynobusy",IZ Lublin,false,true,true,false
17024,770,Dęblin,60.737,61.105,,3a,80,80,Vd) Linia 26; poc. towarowe,IZ Lublin,false,false,true,false
17025,770,Dęblin,60.737,61.105,,3a,90,90,"Vd) Linia 26; poc. pas., szynobusy",IZ Lublin,false,true,true,false
17026,770,Dęblin,61.010,61.329,,5b,70,70,Vd) Linia 26; poc. towarowe,IZ Lublin,false,false,true,false
17027,770,Dęblin,61.010,61.329,,5b,90,90,Vd) Linia 26; poc pas. szynobusy,IZ Lublin,false,true,true,false
17028,770,Dęblin,61.105,61.340,,3b,80,80,Vd) Linia 26; poc. towarowe,IZ Lublin,false,false,true,false
17029,770,Dęblin,61.105,61.340,,3b,90,90,Vd) Linia 26; poc. pas. szynobusy,IZ Lublin,false,true,true,false
17030,770,Dęblin,61.329,61.615,,5c,70,70,Vd) Linia 26; poc. towarowe,IZ Lublin,false,false,true,false
17031,770,Dęblin,61.329,61.615,,5c,90,90,Vd) Linia 26; poc. pas. szynobusy,IZ Lublin,false,true,true,false
17032,770,Dęblin,4.826,5.027,,4c,70,70,Vd) Linia 579; poc. pas. szynobusy,IZ Lublin,false,true,true,false
17033,770,Dęblin,4.826,5.027,,4c,50,50,Vd) Linia 579; poc. towarowe,IZ Lublin,false,false,true,false
17034,770,Dęblin,5.027,5.430,,4b,50,50,Vd) Linia 579; poc. towarowe,IZ Lublin,false,false,true,false
17035,770,Dęblin,5.027,5.430,,4b,70,70,"Vd) Linia 579; poc. pas., szynobusy",IZ Lublin,false,true,true,false
17036,933,Chmielów,87.035,87.748,,5,60,60,Vd) Linia 70,IZ Lublin,false,true,true,false
17037,935,Lublin Główny,173.748,174.390,,1,100,100,"Vd) Linia 7; poc. pas., szynobusy",IZ Lublin,false,true,true,false
17038,935,Lublin Główny,173.748,174.390,,1,80,80,Vd) Linia 7; poc. towarowe,IZ Lublin,false,false,true,false
17039,935,Lublin Główny,173.770,174.390,,2,80,80,Vd) Linia 7; poc. towarowe,IZ Lublin,false,false,true,false
17040,935,Lublin Główny,173.770,174.390,,2,100,100,"Vd) Linia 7; poc. pas., szynobusy",IZ Lublin,false,true,true,false
17041,935,Lublin Główny,174.745,175.180,,51,100,100,"Vd) Linia 7; poc. pas., szynobusy",IZ Lublin,false,true,true,false
17042,935,Lublin Główny,174.745,175.180,,"51, 52",80,80,Vd) Linia 7; poc. towarowe,IZ Lublin,false,false,true,false
17043,935,Lublin Główny,174.745,175.180,,52,100,100,"Vd) Linia 7; poc. pas., szynobusy",IZ Lublin,false,true,true,false
17044,935,Lublin Główny,0.583,1.173,,3,100,100,"Vd) Linia 68; poc. pas., szynobusy",IZ Lublin,false,true,true,false
17045,935,Lublin Główny,0.583,1.173,,3,60,60,Vd) Linia 68; poc. towarowe,IZ Lublin,false,false,true,false
17046,8,Miechów - Słomniki,284.700,285.100,Remont przebudowa rozbiórka peronu,2,50,50,*) Nowe!,IZ Kraków,true,true,false,true
17047,8,Kraków Główny,-0.720,0.065,,5,60,60,Vd) Linia 91,IZ Kraków,false,true,true,false
17048,8,Kraków Główny,-0.640,0.400,,7,60,60,Vd) Linia 91,IZ Kraków,false,true,true,false
17049,8,Kraków Główny,0.400,0.498,,7,80,80,Vd) Linia 91; poc towarowe,IZ Kraków,false,true,true,false
17050,8,Kraków Główny,0.400,0.498,,7,100,100,Vd) Linia 91; poc pasażerskie i szynobusy,IZ Kraków,false,true,true,false
17051,8,Kraków Główny,0.056,1.189,,11,80,80,Vd) Linia 118,IZ Kraków,false,true,true,false
17052,8,Kraków Główny,69.628,70.850,,3,60,60,Vd) Linia 133,IZ Kraków,false,true,true,false
17053,8,Kraków Główny,69.628,70.890,,1,60,60,Vd) Linia 133,IZ Kraków,false,true,true,false
17054,25,Chorzelów - Mielec,288.434,288.438,zwiększenie niewłaściwych zachowań użytkowników na przejściu,1,,,*),IZ Kraków,false,true,false,true
17055,25,Dębica Towarowa - Dębica,322.100,322.430,pogorszenie stanu elementów toru,51,20,20,*),IZ Kraków,false,true,false,true
17056,62,Bukowno,-0.427,0.594,,4,60,60,Vd) Linia 156; poc. towarowe,IZ Kraków,false,false,true,false
17057,62,Bukowno,-0.427,0.594,,4,70,70,Vd) Linia 156; poc. pasażerskie i szynobusy,IZ Kraków,false,true,true,false
17058,62,Bukowno,-0.399,0.433,,6,60,60,Vd) Linia 156; poc pasażerskie i szynobusy,IZ Kraków,false,true,true,false
17059,62,Bukowno,-0.399,0.433,,6,50,50,Vd) Linia 156; poc towarowe,IZ Kraków,false,true,true,false
17060,62,Bukowno,0.433,0.650,,6b,60,60,Vd) Linia 156; poc pasażerskie i szynobusy,IZ Kraków,false,true,true,false
17061,62,Bukowno,0.433,0.650,,6b,50,50,Vd) Linia 156; poc towarowe,IZ Kraków,false,true,true,false
17062,68,Nisko - Rudnik n/Sanem,121.772,122.297,ograniczona widoczność czoła pociągu na przejeździe,1,80,,,IZ Kraków,false,true,true,true
17063,68,Nisko - Rudnik n/Sanem,123.442,123.902,ograniczona widoczność czoła pociągu na przejeździe,1,,70,,IZ Kraków,false,true,true,true
17064,68,Nowa Sarzyna - Leżajsk,145.780,146.176,ograniczona widoczność czoła pociągu na przejeździe,1,60,,,IZ Kraków,false,true,true,true
17065,68,Nowa Sarzyna - Leżajsk,145.845,146.176,ograniczona widoczność czoła pociągu na przejeździe,2,50,,,IZ Kraków,false,true,true,true
17066,68,Leżajsk - Grodzisko Dolne,155.216,155.612,ograniczona widoczność czoła pociągu na przejeździe,"1, 2",,60,,IZ Kraków,false,true,true,true
17067,68,Leżajsk - Grodzisko Dolne,155.721,156.117,ograniczona widoczność czoła pociągu na przejeździe,"1, 2",60,,,IZ Kraków,false,true,true,true
17068,68,Grodzisko Dolne - Tryńcza i st. Tryńcza,167.562,168.005,ograniczona widoczność czoła pociągu na przejeździe,1,80,,,IZ Kraków,false,true,true,true
17069,68,Przeworsk Gorliczyna,174.840,176.180,pogorszenie stanu elementów toru,1,60,60,,IZ Kraków,false,true,true,true
17070,68,Przeworsk Gorliczyna,1.440,2.156,,3,40,40,Vd) Linia 612,IZ Kraków,false,true,true,false
17071,71,Kolbuszowa - Widełka,42.218,42.723,ograniczona widoczność czoła pociągu na przejeździe,1,90,,,IZ Kraków,false,true,true,true
17072,71,Głogów Małopolski - Zaczernie,56.531,56.537,przekroczony iloczyn ruchu na przejeździe,1,50,50,,IZ Kraków,false,true,true,true
17073,71,Zaczernie,59.853,59.860,przekroczony iloczyn ruchu na przejeździe,1,50,50,,IZ Kraków,false,true,true,true
17074,71,Zaczernie - Rzeszów Główny,63.127,63.133,ograniczona widoczność czoła pociągu na przejeździe,1,60,60,prawidłowe działanie SSP,IZ Kraków,false,true,true,true
17075,71,Rzeszów Główny,155.347,156.521,,42,100,100,"Vd) Linia 91; poc. pasażerskie, szynobusy",IZ Kraków,false,true,true,false
17076,71,Rzeszów Główny,155.347,156.521,,42,80,80,Vd) Linia 91; poc. towarowe,IZ Kraków,false,false,true,false
17077,71,Rzeszów Główny,155.558,156.605,,41,100,100,"Vd) Linia 91; poc. pasażerskie, szynobusy",IZ Kraków,false,true,true,false
17078,71,Rzeszów Główny,155.558,156.605,,41,80,80,Vd) Linia 91; poc. towarowe,IZ Kraków,false,false,true,false
17079,71,Rzeszów Główny,156.521,156.640,,32,80,80,Vd) Linia 91; poc. towarowe,IZ Kraków,false,false,true,false
17080,71,Rzeszów Główny,156.521,156.640,,32,100,100,"Vd) Linia 91; poc. pasażerskie, szynobusy",IZ Kraków,false,true,true,false
17081,71,Rzeszów Główny,156.605,156.640,,31,80,80,Vd) Linia 91; poc. towarowe,IZ Kraków,false,false,true,false
17082,71,Rzeszów Główny,156.605,156.640,,31,100,100,"Vd) Linia 91; poc. pasażerskie, szynobusy",IZ Kraków,false,true,true,false
17083,71,Rzeszów Główny,156.640,157.108,,31,40,40,Vd) Linia 91; poc. towarowe,IZ Kraków,false,false,true,false
17084,71,Rzeszów Główny,156.640,157.108,,31,60,60,"Vd) Linia 91; poc. pasażerskie, szynobusy",IZ Kraków,false,true,true,false
17085,71,Rzeszów Główny,156.640,157.108,,32,40,40,Vd) Linia 91; poc. towarowe,IZ Kraków,false,false,true,false
17086,71,Rzeszów Główny,156.640,157.108,,32,60,60,"Vd) Linia 91; poc. pasażerskie, szynobusy",IZ Kraków,false,true,true,false
17087,91,Kraków Główny,318.657,319.752,,10,60,60,Vd) Linia 8,IZ Kraków,false,true,true,false
17088,91,Kraków Główny,318.702,319.185,,4,70,70,Vd) Linia 8,IZ Kraków,false,true,true,false
17089,91,Kraków Główny,319.185,319.805,,4,60,60,Vd) Linia 8,IZ Kraków,false,true,true,false
17090,91,Kraków Główny,0.056,1.189,,11,80,80,Vd) Linia 118,IZ Kraków,false,true,true,false
17091,91,Kraków Główny,69.628,70.850,,3,60,60,Vd) Linia 133,IZ Kraków,false,true,true,false
17092,91,Kraków Główny,69.628,70.890,,1,60,60,Vd) Linia 133,IZ Kraków,false,true,true,false
17093,91,Kraków Płaszów,2.746,4.297,,4,80,80,Vd) Linia 629,IZ Kraków,false,true,true,false
17094,91,Kraków Płaszów,2.749,5.244,,3,80,80,Vd) Linia 629; poc towarowe,IZ Kraków,false,true,true,false
17095,91,Kraków Płaszów,2.749,5.244,,3,100,100,Vd) Linia 629; poc pasażerskie i szynobusy,IZ Kraków,false,true,true,false
17096,91,Kraków Płaszów,4.297,4.476,,4,60,60,Vd) Linia 629,IZ Kraków,false,true,true,false
17097,91,Kraków Bieżanów,0.086,0.561,,101,70,70,Vd) Linia 109; poc pasażerskie i szynobusy,IZ Kraków,false,true,true,false
17098,91,Kraków Bieżanów,0.086,0.561,,101,40,40,Vd) Linia 109; poc towarowe,IZ Kraków,false,true,true,false
17099,91,Kraków Bieżanów,7.569,9.163,,3,80,80,Vd) Linia 629; poc towarowe,IZ Kraków,false,true,true,false
17100,91,Kraków Bieżanów,7.569,8.998,,3,120,120,Vd) Linia 629; poc pasażerskie i szynobusy,IZ Kraków,false,true,true,false
17101,91,Kraków Bieżanów,8.998,9.163,,3,100,100,Vd) Linia 629; poc pasażerskie i szynobusy,IZ Kraków,false,true,true,false
17102,91,Podłęże,31.389,31.495,,3P,100,100,Vd) Linia 95; poc pasażerskie i szynobusy,IZ Kraków,false,true,true,false
17103,91,Podłęże,31.389,31.495,,3P,80,80,Vd) Linia 95; poc towarowe,IZ Kraków,false,true,true,false
17104,91,Podłęże,31.495,32.705,,3P,50,50,Vd) Linia 95,IZ Kraków,false,true,true,false
17105,91,Podłęże,32.695,32.740,,2,100,100,Vd) Linia 95; pos pasażerskie i szynobusy,IZ Kraków,false,true,true,false
17106,91,Podłęże,32.695,32.740,,2,80,80,Vd) Linia 95; poc towarowe,IZ Kraków,false,true,true,false
17107,91,Podłęże,32.740,33.857,,2,50,50,Vd) Linia 95,IZ Kraków,false,true,true,false
17108,91,Podłęże,32.961,34.316,,8,50,50,Vd) Linia 95,IZ Kraków,false,true,true,false
17109,91,Tarnów,77.102,77.880,możliwość mylnego odczytu sem D5 i D7 znajdujących się w łuku,"5, 7",,,"*) zachować szczególną ostrożność, dot. Kierunku parzystego",IZ Kraków,false,true,false,true
17110,91,Rzeszów Główny,64.678,65.673,,44,80,80,Vd) Linia 71; poc towarowe,IZ Kraków,false,true,true,false
17111,91,Rzeszów Główny,64.678,65.673,,44,100,100,Vd) Linia 71; poc pasażerskie i szynobusy,IZ Kraków,false,true,true,false
17112,91,Rzeszów Główny,65.673,66.311,,34,100,100,Vd) Linia 71; poc pasażerskie i szynobusy,IZ Kraków,false,true,true,false
17113,91,Rzeszów Główny,65.673,66.311,,34,80,80,Vd) Linia 71; poc towarowe,IZ Kraków,false,true,true,false
17114,91,Przeworsk,0.000,1.126,,36,40,40,Vd) Linia 988,IZ Kraków,false,true,true,false
17115,91,Przeworsk,1.126,1.415,,62,40,40,Vd) Linia 988,IZ Kraków,false,true,true,false
17116,91,Przeworsk,1.415,1.890,,124,40,40,Vd) Linia 988,IZ Kraków,false,true,true,false
17117,91,Żurawica ŻRA,0.000,0.442,,2A,40,40,Vd) Linia 861,IZ Kraków,false,true,true,false
17118,91,Żurawica ŻRA,0.442,1.388,,6,40,40,Vd) Linia 861,IZ Kraków,false,true,true,false
17119,91,Żurawica ŻRB,1.388,1.480,,74,40,40,Vd) Linia 861,IZ Kraków,false,true,true,false
17120,91,Żurawica ŻRB,1.480,2.868,,106,40,40,Vd) Linia 861,IZ Kraków,false,true,true,false
17121,91,Żurawica ŻRC - Przemyśl Główny,243.244,,ograniczona widoczność sygnalizatora B2,1,,,*),IZ Kraków,false,true,false,true
17122,91,Żurawica ŻRC - Przemyśl Główny,243.274,,ograniczona widoczność sygnalizatora A2,2,,,*),IZ Kraków,false,true,false,true
17123,91,Hurko - Medyka,251.188,251.578,ograniczona widoczność czoła pociągu na przejeździe,1,70,,"przejazd w km 251,573 251,573",IZ Kraków,false,true,true,true
17124,92,Przemyśl Główny - Hurko,3.295,3.563,jazda z opuszczonymi pantografami,1,,,*),IZ Kraków,false,true,false,true
17125,92,Medyka,13.823,13.839,przejazd pociągu przez skaner do prześwietlania wagonów,1,,,*) dot. tylko pociągów towarowych - jazda z prędkością 5- 15 km/h,IZ Kraków,false,false,false,true
17126,93,Trzebinia,1.306,1.797,,3a,40,40,Vd) Linia 860,IZ Kraków,false,true,true,false
17127,93,Trzebinia,1.311,1.856,,5a,40,40,Vd) Linia 860,IZ Kraków,false,true,true,false
17128,93,Trzebinia,1.797,2.785,,3,40,40,Vd) Linia 860,IZ Kraków,false,true,true,false
17129,93,Trzebinia,1.856,2.785,Jazda z,5,40,40,Vd) Linia 860,IZ Kraków,false,true,true,false
17130,93,Trzebinia,23.508,23.931,opuszczonymi,1,,,*),IZ Kraków,false,true,false,true
17131,93,Oświęcim,23.508,23.815,opuszczonymi pantografami. Ograniczenie,2,,,*),IZ Kraków,false,true,false,true
17132,93,Oświęcim,27.130,27.160,konstrukcyjne V max na rozjeździe,101,100,100,,IZ Kraków,false,true,true,true
17133,93,Oświęcim,27.522,27.562,Osłabienie stabilności toru,101,50,50,*),IZ Kraków,false,true,false,true
17134,93,Oświęcim,27.522,27.562,Osłabienie stabilności toru. Jazda z opuszczonymi pantografami.,102,50,50,*) *) Linia 94,IZ Kraków,false,true,false,true
17135,93,Oświęcim,62.851,63.100,Brak widoczności czoła pociągu na przejeździe.,206,,,"Linia 699; przejazd kat D w km 0,334.",IZ Kraków,false,true,true,true
17136,93,Oświęcim,0.331,0.337,,301,,,,IZ Kraków,false,true,true,true
17137,93,Oświęcim,62.848,63.525,,206,50,50,Vd) Linia 94,IZ Kraków,false,true,true,false
17138,93,Oświęcim,62.913,63.564,,204,60,60,Vd) Linia 94,IZ Kraków,false,true,true,false
17139,93,Oświęcim,63.525,63.844,,6a,50,50,Vd) Linia 94,IZ Kraków,false,true,true,false
17140,93,Oświęcim,63.564,63.789,,4a,60,60,Vd) Linia 94,IZ Kraków,false,true,true,false
17141,93,Oświęcim,63.789,64.323,,4,60,60,Vd) Linia 94,IZ Kraków,false,true,true,false
17142,93,Oświęcim,63.844,64.231,,6,50,50,Vd) Linia 94,IZ Kraków,false,true,true,false
17143,93,Oświęcim,64.231,64.726,,6b,50,50,Vd) Linia 94,IZ Kraków,false,true,true,false
17144,93,Oświęcim,64.323,64.797,,4b,60,60,Vd) Linia 94,IZ Kraków,false,true,true,false
17145,93,Oświęcim,0.000,0.499,,301,50,50,Vd) Linia 699,IZ Kraków,false,true,true,false
17146,93,Brzeszcze Kopalnia,31.700,32.800,czynne szkody górnicze,"1, 2",100,100,,IZ Kraków,false,true,true,true
17147,93,Brzeszcze Kopalnia,31.800,32.900,Osłabienie stabilności podtorza.,"4, 6, 8, 10, 12, 14",20,20,"*) Szkody górnicze, tory kopalni.",IZ Kraków,false,true,false,true
17148,94,Kraków Płaszów,2.820,5.070,,1,80,80,Vd) Linia 91; poc towarowe,IZ Kraków,false,true,true,false
17149,94,Kraków Płaszów,2.820,5.070,,1,100,100,Vd) Linia 91; poć pasażerskie i szynobusy.,IZ Kraków,false,true,true,false
17150,94,Kraków Płaszów,2.820,4.843,,2,80,80,Vd) Linia 91; poc towarowe,IZ Kraków,false,true,true,false
17151,94,Kraków Płaszów,2.820,4.843,,2,100,100,Vd) Linia 91; poć. pasażerskie i szynobusy,IZ Kraków,false,true,true,false
17152,94,Skawina,-0.685,0.372,,4,60,60,Vd) Linia 97,IZ Kraków,false,true,true,false
17153,94,Podbory Skawińskie - Brzeźnica,22.341,22.670,Ograniczona widoczność czoła pociągu na przejeździe.,1,50,,"przejazd kat. D w km 22,668 w km 22,668.",IZ Kraków,false,true,true,true
17154,94,Podbory Skawińskie - Brzeźnica,29.371,29.550,Ograniczona widoczność czoła pociągu na przejeździe.,1,,50,"przejazd kat. D w km 29,373.",IZ Kraków,false,true,true,true
17155,94,Podbory Skawińskie - Brzeźnica,29.371,29.550,Ograniczona widoczność czoła pociągu na przejeździe.,2,,40,"przejazd kat D w km 29,373.",IZ Kraków,false,true,true,true
17156,94,Spytkowice - Przeciszów,44.370,44.585,"Pogorszenie stanu mostu, toru oraz przyrządów wyrównawczych",1,30,30,,IZ Kraków,false,true,true,true
17157,94,Spytkowice - Przeciszów,48.772,49.162,Ograniczona widoczność czoła pociągu na przejeździe.,"1, 2",60,,"przejazd kat D w km 49,159.",IZ Kraków,false,true,true,true
17158,94,Dwory – Oświęcim i st. Oświęcim,62.320,62.963,Jazda z opuszczonymi pantografami.,1 204,,,*),IZ Kraków,false,true,false,true
17159,94,Oświęcim,62.851,63.100,Jazda z opuszczonymi pantografami. Ograniczenie konstrukcyjne V max na rozjeździe.,206,,,*) Linia 93,IZ Kraków,false,true,false,true
17160,94,Oświęcim,27.130,27.160,,101,,,,IZ Kraków,false,true,true,true
17161,94,Oświęcim,27.522,27.562,Osłabienie stabilności toru.,101,50,50,*) Linia 93,IZ Kraków,false,true,false,true
17162,94,Oświęcim,27.522,27.562,Osłabienie stabilności toru. Jazda z opuszczonymi pantografami.,102,50,50,*) Linia 93 *) Linia 138,IZ Kraków,false,true,false,true
17163,94,Oświęcim,1.034,1.235,Brak widoczności czoła pociągu na przejeździe.,2,,,"Linia 699; przejazd kat D w km 0,334.",IZ Kraków,false,true,true,true
17164,94,Oświęcim,0.331,0.337,,301,,,,IZ Kraków,false,true,true,true
17165,94,Oświęcim,24.030,24.681,,202,100,100,Vd) Linia 93; poc pasażerskie i szynobusy.,IZ Kraków,false,true,true,false
17166,94,Oświęcim,24.030,24.681,,202,80,80,Vd) Linia 93; poc towarowe,IZ Kraków,false,true,true,false
17167,94,Oświęcim,24.069,24.610,,201,100,100,Vd) Linia 93; poc pasażerskie i szynobusy.,IZ Kraków,false,true,true,false
17168,94,Oświęcim,24.069,24.610,,201,80,80,Vd) Linia 93; poc towarowe,IZ Kraków,false,true,true,false
17169,94,Oświęcim,24.610,25.429,,1,100,100,Vd) Linia 93; poc pasażerskie i szynobusy.,IZ Kraków,false,true,true,false
17170,94,Oświęcim,24.610,25.429,,1,80,80,Vd) Linia 93; poc towarowe,IZ Kraków,false,true,true,false
17171,94,Oświęcim,24.681,25.304,,2,80,80,Vd) Linia 93; poc towarowe.,IZ Kraków,false,true,true,false
17172,94,Oświęcim,24.681,25.304,,2,100,100,Vd) Linia 93; poc pasażerskie i szynobusy.,IZ Kraków,false,true,true,false
17173,94,Oświęcim,25.304,25.383,,2,80,80,Vd) Linia 93,IZ Kraków,false,true,true,false
17174,94,Oświęcim,25.383,25.858,,2b,80,80,Vd) Linia 93,IZ Kraków,false,true,true,false
17175,94,Oświęcim,25.429,25.691,,1b,80,80,Vd) Linia 93; poc towarowe,IZ Kraków,false,true,true,false
17176,94,Oświęcim,25.429,25.691,,1b,100,100,Vd) Linia 93; poc pasażerskie i szynobusy,IZ Kraków,false,true,true,false
17177,94,Oświęcim,25.691,25.872,,1b,80,80,Vd) Linia 93,IZ Kraków,false,true,true,false
17178,94,Oświęcim,25.858,26.121,,102,80,80,Vd) Linia 93,IZ Kraków,false,true,true,false
17179,94,Oświęcim,25.872,26.118,,101,80,80,Vd) Linia 93,IZ Kraków,false,true,true,false
17180,94,Oświęcim,26.118,27.763,,101,80,80,Vd) Linia 93; poc towarowe,IZ Kraków,false,true,true,false
17181,94,Oświęcim,26.118,27.763,,101,120,120,Vd) Linia 93; poc pasażerskie i szynobusy,IZ Kraków,false,true,true,false
17182,94,Oświęcim,26.121,27.673,,102,80,80,Vd) Linia 93; poc towarowe.,IZ Kraków,false,true,true,false
17183,94,Oświęcim,26.121,27.673,,102,120,120,Vd) Linia 93; poc pasazerskie i szynobusy,IZ Kraków,false,true,true,false
17184,94,Oświęcim,0.525,1.131,,203,50,50,Vd) Linia 138,IZ Kraków,false,true,true,false
17185,94,Oświęcim,1.131,1.177,,203,70,70,Vd) Linia 138,IZ Kraków,false,true,true,false
17186,94,Oświęcim,0.000,0.499,,301,50,50,Vd) Linia 699,IZ Kraków,false,true,true,false
17187,95,,312.880,312.933,,1,,,,IZ Kraków,false,true,true,true
17188,95,Dłubnia podg - Kraków Nowa Huta NHA,13.650,13.850,osłabienie stabilności toru,"1, 2",80,80,,IZ Kraków,false,true,true,true
17189,95,Dłubnia podg - Kraków Nowa Huta NHA,14.250,14.800,Osłabienie stabilności skarpy nasypu.,1,50,50,*),IZ Kraków,false,true,false,true
17190,95,Dłubnia podg - Kraków Nowa Huta NHA,15.830,15.999,"budowa wiaduktu, podawać sygnały baczność",2,50,50,*),IZ Kraków,false,true,false,true
17191,96,Zborowice - Bobowa,41.050,41.408,Ograniczona widoczność czoła pociągu na przejeździe.,1,,60,"Przejazd w km 40,053.",IZ Kraków,false,true,true,true
17192,96,Stary Sącz - Rytro,98.177,98.620,Ograniczona widoczność czoła pociągu na przejeździe.,1,80,,"Przejazd w km 98,617.",IZ Kraków,false,true,true,true
17193,96,Stary Sącz - Rytro,98.614,99.057,Ograniczona widoczność czoła pociągu na przejeździe.,1,,80,"Przejazd w km 98,617.",IZ Kraków,false,true,true,true
17194,96,Stary Sącz - Rytro,98.926,99.369,Ograniczona widoczność czoła pociągu na przejeździe.,1,80,,"Przejazd w km 99,366.",IZ Kraków,false,true,true,true
17195,96,Stary Sącz - Rytro,99.363,99.806,Ograniczona widoczność czoła pociągu na przejeździe.,1,,80,"Przejazd w km 99,366.",IZ Kraków,false,true,true,true
17196,96,Stary Sącz - Rytro,99.635,103.095,Brak wymaganej odległości czujników uruchamiających SSP,1,100,,"Przejazd w km 100,925, 101,452, i 103,095",IZ Kraków,false,true,true,true
17197,96,Stary Sącz - Rytro,100.925,103.927,Brak wymaganej odległości czujników uruchamiających SSP,1,,100,"Przejazd w km 100,925, 101,452 i 103,095",IZ Kraków,false,true,true,true
17198,96,Stary Sącz - Rytro,103.236,103.927,Brak wymaganej odległości czujników uruchamiających SSP.,1,80,,"Przejazd w km 103,927.",IZ Kraków,false,true,true,true
17199,96,Stary Sącz - Rytro,103.927,104.627,Brak wymaganej odległości czujników uruchamiających SSP.,1,,80,"Przejazd w km 103,927.",IZ Kraków,false,true,true,true
17200,96,Rytro - Piwniczna,106.198,106.586,Ograniczona widoczność na przejeździe.,1,70,,"Przejazd w km 106,583.",IZ Kraków,false,true,true,true
17201,96,Rytro - Piwniczna,106.580,107.023,Ograniczona widoczność na przejeździe,1,,70,"Przejazd w km 106,583",IZ Kraków,false,true,true,true
17202,96,Rytro - Piwniczna,110.015,110.404,Ograniczona widoczność czoła pociągu na przejeździe,1,70,,"Przejazd w km 110,400",IZ Kraków,false,true,true,true
17203,96,Rytro - Piwniczna,110.397,110.785,Ograniczona widoczność czoła pociągu na przejeździe.,1,,70,"Przejazd w km 110,400",IZ Kraków,false,true,true,true
17204,96,Wierchomla - Żegiestów,119.431,119.819,Ograniczona widoczność czoła pociągu na przejeździe,1,70,,"Przejazd w km 119,816",IZ Kraków,false,true,true,true
17205,96,Wierchomla - Żegiestów,119.813,120.201,Ograniczona widoczność czoła pociągu na przejeździe,1,,70,"Przejazd w km 119,816",IZ Kraków,false,true,true,true
17206,96,Andrzejówka - Muszyna,133.815,134.203,Ograniczona widoczność czoła pociągu na przejeździe,1,70,,"Przejazd w km 134,200",IZ Kraków,false,true,true,true
17207,96,Andrzejówka - Muszyna,134.197,134.585,Ograniczona widoczność czoła pociągu na przejeździe,1,,70,"Przejazd w km 134,200",IZ Kraków,false,true,true,true
17208,96,Andrzejówka - Muszyna,135.871,136.149,Ograniczona widoczność czoła pociągu na przejeździe.,1,50,,"przejazd w km 136,146",IZ Kraków,false,true,true,true
17209,96,Andrzejówka - Muszyna,136.143,136.421,Ograniczona widoczność czoła pociągu na przejeździe.,1,,50,"przejazd w km 136,146",IZ Kraków,false,true,true,true
17210,96,Muszyna,137.965,138.088,Ograniczona widoczność czoła pociągu na przejściu.,1,40,,"Przejście w km 138,085.",IZ Kraków,false,true,true,true
17211,96,Muszyna,-0.664,0.318,,2,50,50,Vd) Linia 105,IZ Kraków,false,true,true,false
17212,96,Muszyna - Gr. Państwa,139.731,142.436,Ograniczona widoczność czoła pociągu na przejeździe. Brak wymaganej odległości czujników uruchamiających SSP,1,60,,"Przejazd w km 140,299, 140,870, 141,448 i 142,433",IZ Kraków,false,true,true,true
17213,96,Muszyna - Gr. Państwa,140.296,143.688,Ograniczona widoczność czoła pociągu na przejeździe oraz brak wymaganej odległości czujników uruchamiających SSP,1,,60,"Przejazd w km 140,299, 140,870, 141,448 i 142,433",IZ Kraków,false,true,true,true
17214,96,Muszyna - Gr. Państwa,146.100,146.374,Jazda z opuszczonymi pantografami.,1,,,,IZ Kraków,false,true,true,true
17215,97,Skawina,14.633,15.500,,2,70,70,Vd) Linia 94; poc. towarowe,IZ Kraków,false,false,true,false
17216,97,Skawina,14.633,15.500,,2,100,100,Vd) Linia 94; poc pasażerskie i szynobusy,IZ Kraków,false,true,true,false
17217,97,Skawina,14.639,15.500,,1,100,100,Vd) Linia 94; poc pasażerskie i szynobusy,IZ Kraków,false,true,true,false
17218,97,Skawina,14.639,15.500,,1,70,70,Vd) Linia 94; poc towarowe,IZ Kraków,false,true,true,false
17219,97,Skawina,15.500,15.800,,1,60,60,Vd) Linia 94,IZ Kraków,false,true,true,false
17220,97,Skawina,15.500,15.821,,2,60,60,Vd) Linia 94,IZ Kraków,false,true,true,false
17221,97,Leńcze - Kalwaria Zebrzyd. Lanckorona,20.350,20.410,"Pogorszenie stanu technicznego kładki dla pieszych w km 20,380.",1,,,*),IZ Kraków,false,true,false,true
17222,97,Sucha Beskidzka,-0.504,0.542,,2,50,50,Vd) Linia 98; poc. towarowe,IZ Kraków,false,false,true,false
17223,97,Sucha Beskidzka,-0.504,0.542,,2,80,80,"Vd) Linia 98; poc. pasażerskie, szynobusy",IZ Kraków,false,true,true,false
17224,98,Sucha Beskidzka,45.774,46.743,,1,80,80,Vd) Linia 97; poc. pasażerskie i szynobusy,IZ Kraków,false,true,true,false
17225,98,Sucha Beskidzka,45.774,46.743,,1,50,50,Vd) Linia 97; poc. towarowe,IZ Kraków,false,false,true,false
17226,98,Chabówka,-0.334,0.351,,3,50,50,Vd) Linia 99; poc. towarowe,IZ Kraków,false,false,true,false
17227,98,Chabówka,-0.334,-0.041,,3,60,60,Vd) Linia 99; poc. pasażerskie i szynobusy,IZ Kraków,false,true,true,false
17228,98,Chabówka,-0.041,0.351,,3,80,80,Vd) Linia 99; poc. pasażerskie i szynobusy,IZ Kraków,false,true,true,false
17229,99,Chabówka,34.469,34.769,,1,80,80,Vd) Linia 98; poc. pasażerskich i szynobusów,IZ Kraków,false,true,true,false
17230,99,Chabówka,34.469,34.769,,1,70,70,Vd) Linia 98; poc. towarowych,IZ Kraków,false,true,true,false
17231,99,POGP Chabówka Południe - Raba Wyżna,1.754,1.768,Zwiększenie niewłaściwych zachowań użytkowników przejazdu kat. B w km 1.761.,1,,,*),IZ Kraków,false,true,false,true
17232,101,Munina - Bobrówka,0.800,2.800,pogorszenie stanu elementów toru,1,30,30,,IZ Kraków,false,true,true,true
17233,101,Munina - Bobrówka,3.828,4.800,pogorszenie stanu podtorza - osuwisko,1,30,30,,IZ Kraków,false,true,true,true
17234,101,st. Bobrówka i Bobrówka - Lubaczów,12.875,18.130,pogorszenie stanu elementów toru,1,50,50,,IZ Kraków,false,true,true,true
17235,101,Bobrówka - Lubaczów,21.000,23.100,pogorszenie stanu elementów toru,1,40,40,,IZ Kraków,false,true,true,true
17236,101,Bobrówka - Lubaczów,23.100,32.200,pogorszenie stanu elementów toru,1,50,50,,IZ Kraków,false,true,true,true
17237,101,"Bobrówka - Lubaczów, st Lubaczów i Lubaczów - Horyniec-Zdrój",36.530,42.300,pogorszenie stanu elementów toru,1,50,50,,IZ Kraków,false,true,true,true
17238,101,Lubaczów - Horyniec-Zdrój i st. Horyniec-Zdrój,45.839,57.400,pogorszenie stanu elementów toru,1,50,50,,IZ Kraków,false,true,true,true
17239,101,Werchrata,72.290,72.550,pogorszenie stanu elementów toru,1,40,40,,IZ Kraków,false,true,true,true
17240,101,Werchrata - Hrebenne,73.700,76.015,pogorszenie stanu elementów toru,1,30,30,,IZ Kraków,false,true,true,true
17241,103,Trzebinia - Spytkowice,19.000,22.620,pogorszenie stanu elementów toru.,1,20,20,*),IZ Kraków,false,true,false,true
17242,103,Wadowice,17.445,17.455,,1,,,,IZ Kraków,false,true,true,true
17243,103,Wadowice,17.445,17.455,Brak widoczności czoła pociągu na dojściu do peronu.,2,,,Linia 117,IZ Kraków,false,true,true,true
17244,103,Wadowice,17.445,17.455,,3,,,,IZ Kraków,false,true,true,false
17245,104,Chabówka,34.469,34.769,,1,80,80,Vd) Linia 98; poc. pasażerskich i szynobusów,IZ Kraków,false,true,true,false
17246,104,Chabówka,34.469,34.769,,1,70,70,Vd) Linia 98; poc. towarowych,IZ Kraków,false,true,true,false
17247,104,Chabówka,-0.334,0.351,,3,50,50,Vd) Linia 99; poc. towarowe,IZ Kraków,false,false,true,false
17248,104,Chabówka,-0.334,-0.041,,3,60,60,Vd) Linia 99; poc. pasażerskie i szynobusy,IZ Kraków,false,true,true,false
17249,104,Chabówka,-0.041,0.351,,3,80,80,Vd) Linia 99; poc. pasażerskie i szynobusy,IZ Kraków,false,true,true,false
17250,105,Muszyna,137.965,138.088,,1,,,,IZ Kraków,false,true,true,true
17251,105,Powroźnik - Krynica,6.021,6.154,Ograniczona widoczność czoła pociągu na przejeździe.,1,40,,"przejazd w km 6,151",IZ Kraków,false,true,true,true
17252,105,Powroźnik - Krynica,6.567,6.790,Ograniczona widoczność czoła pociągu na przejeździe.,1,,40,"przejazd w km 6,570",IZ Kraków,false,true,true,true
17253,105,Powroźnik - Krynica,8.847,9.040,Ograniczona widoczność czoła pociągu na przejeździe.,1,40,,"przejazd w km 9,037",IZ Kraków,false,true,true,true
17254,105,Powroźnik - Krynica,8.903,9.126,Ograniczona widoczność czoła pociągu na przejeździe.,1,,40,"przejazd w km 8,906",IZ Kraków,false,true,true,true
17255,105,Powroźnik - Krynica,9.034,9.157,Ograniczona widoczność czoła pociągu na przejeździe.,1,,30,"przejazd w km 9,037",IZ Kraków,false,true,true,true
17256,106,Babica - Czudec,16.415,16.638,ograniczona widoczność czoła pociągu na przejeździe,1,40,,,IZ Kraków,false,true,true,true
17257,106,Babica - Czudec,17.370,17.890,budowa wiaduktu nad torami,1,,,*) obowiązuje w godz. 07:00 do 19:00 ;,IZ Kraków,false,true,false,true
17258,106,Babica - Czudec,18.194,18.637,ograniczona widoczność czoła pociągu na przejeździe,1,80,,,IZ Kraków,false,true,true,true
17259,106,Dobrzechów - Frysztak,43.843,44.285,ograniczona widoczność czoła pociągu na przejeździe,1,80,,,IZ Kraków,false,true,true,true
17260,106,Dobrzechów - Frysztak,57.439,57.882,ograniczona widoczność czoła pociągu na przejeździe,1,,80,,IZ Kraków,false,true,true,true
17261,106,Dobrzechów - Frysztak,0.000,1.327,,12,30,30,Vd) Linia 618,IZ Kraków,false,true,true,false
17262,106,Dobrzechów - Frysztak,1.327,2.495,,112,30,30,Vd) Linia 618,IZ Kraków,false,true,true,false
17263,106,Jasło Towarowa JTB,2.495,2.703,,112,60,60,Vd) Linia 618,IZ Kraków,false,true,true,false
17264,106,Jasło,69.278,69.490,ograniczona widoczność czoła pociągu na przejściu,1,,70,,IZ Kraków,false,true,true,true
17265,107,Nowy Zagórz,113.055,113.531,,1,60,60,Vd) Linia 108; dot. szynobusów,IZ Kraków,false,true,true,false
17266,107,Nowy Zagórz,113.055,113.531,,1,30,30,"Vd) Linia 108; poc. pasażerskie, towarowe",IZ Kraków,false,true,true,false
17267,107,Nowy Zagórz,113.531,113.667,,1,50,50,Vd) Linia 108,IZ Kraków,false,true,true,false
17268,107,Zagórz,-0.551,0.174,,2,40,40,Vd) Linia 617,IZ Kraków,false,true,true,false
17269,107,Zagórz - Szczawne Kulaszne,2.772,2.776,brak widoczności czoła pociągu na przejeździe,1,20,,,IZ Kraków,false,true,true,true
17270,107,Zagórz - Szczawne Kulaszne,10.358,10.362,brak widoczności czoła pociągu na przejeździe,1,20,,,IZ Kraków,false,true,true,true
17271,107,Zagórz - Szczawne Kulaszne,11.264,11.486,ograniczona widoczność czoła pociągu na przejeździe,1,40,,dot. szynobusów,IZ Kraków,false,true,true,true
17272,107,Zagórz - Szczawne Kulaszne,12.506,12.708,ograniczona widoczność czoła pociągu na przejeździe,1,40,,"dot. szynobusów, przejazd w km 12,706",IZ Kraków,false,true,true,true
17273,107,Zagórz - Szczawne Kulaszne,12.704,12.836,ograniczona widoczność czoła pociągu na przejeździe,1,,40,dot. szynobusów,IZ Kraków,false,true,true,true
17274,107,Zagórz - Szczawne Kulaszne,21.818,21.971,ograniczona widoczność czoła pociągu na przejeździe,1,,40,dot. szynobusów,IZ Kraków,false,true,true,true
17275,107,Szczawne Kulaszne - Komańcza,27.076,27.298,ograniczona widoczność czoła pociągu na przejeździe,1,,40,dot. szynobusów,IZ Kraków,false,true,true,true
17276,107,Szczawne Kulaszne - Komańcza,31.484,31.707,ograniczona widoczność czoła pociągu na przejeździe,1,40,,dot. szynobusów,IZ Kraków,false,true,true,true
17277,107,Szczawne Kulaszne - Komańcza,31.701,31.924,ograniczona widoczność czoła pociągu na przejeździe,1,,40,dot. szynobusów,IZ Kraków,false,true,true,true
17278,107,Komańcza - Łupków,45.769,45.992,ograniczona widoczność czoła pociągu na przejeździe,1,,40,dotyczy szynobusów,IZ Kraków,false,true,true,true
17279,108,Stróże SR3 - Wola Łużańska,3.394,3.492,Ograniczona widoczność czoła pociągu na przejeździe.,1,30,,"przejazd w km 3,394.",IZ Kraków,false,true,true,true
17280,108,Stróże SR3 - Wola Łużańska,4.192,4.320,Ograniczona widoczność czoła pociągu na przejeździe.,1,40,,"przejazd w km 4,317",IZ Kraków,false,true,true,true
17281,108,Stróże SR3 - Wola Łużańska,4.314,4.442,Ograniczona widoczność czoła pociągu na przejeździe.,1,,40,"przejazd w km 4,317",IZ Kraków,false,true,true,true
17282,108,Biecz - Przysieki,30.846,31.124,ograniczona widoczność czoła pociągu na przejeździe,1,,50,"przejazd w km 30,849",IZ Kraków,false,true,true,true
17283,108,Biecz - Przysieki,31.127,31.350,ograniczona widoczność czoła pociągu na przejeździe,1,,40,"przejazd w km 31,130 32,245",IZ Kraków,false,true,true,true
17284,108,Jasło,45.080,46.293,pogorszenie stanu elementów toru,1,30,30,,IZ Kraków,false,true,true,true
17285,108,Jasło,45.507,46.106,pogorszenie stanu elementów toru,5,20,20,*),IZ Kraków,false,true,false,true
17286,108,Jasło,45.523,46.142,pogorszenie stanu elementów toru,3,20,20,*),IZ Kraków,false,true,false,true
17287,108,st. Jasło i Jasło - Sobniów,46.707,46.859,ograniczona widoczność czoła pociągu na przejściu,1,,50,,IZ Kraków,false,true,true,true
17288,108,Tarnowiec - Jedlicze,57.849,58.074,ograniczona widoczność czoła pociągu na przejeździe,1,40,,,IZ Kraków,false,true,true,true
17289,108,st. Jedlicze i Jedlicze - Krosno,61.000,61.950,pogorszenie stanu elementów toru i obiektu,1,50,50,"obiekt w km 61,513",IZ Kraków,false,true,true,true
17290,108,Krosno,67.800,68.400,pogorszenie stanu elementów toru,1,40,40,,IZ Kraków,false,true,true,true
17291,108,Sanok - Nowy Zagórz,111.702,111.980,ograniczona widoczność czoła pociągu na przejeździe,1,,50,dot. szynobusów,IZ Kraków,false,true,true,true
17292,108,Zagórz - Uherce,120.418,120.587,ograniczona widoczność czoła pociągu na przejeździe,1,40,,"przejazd w km 120,584",IZ Kraków,false,true,true,true
17293,108,Zagórz - Uherce,120.581,120.804,ograniczona widoczność czoła pociągu na przejeździe,1,,40,"przejazd w km 120,584",IZ Kraków,false,true,true,true
17294,108,Zagórz - Uherce,122.137,122.141,brak widoczności czoła pociągu na przejeździe,1,20,20,,IZ Kraków,false,true,true,true
17295,108,Zagórz - Uherce,123.307,123.478,ograniczona widoczność czoła pociągu na przejeździe,1,,40,,IZ Kraków,false,true,true,true
17296,108,Zagórz - Uherce,126.041,126.263,ograniczona widoczność czoła pociągu na przejeździe,1,40,,"przejazd w km 126,261",IZ Kraków,false,true,true,true
17297,108,Zagórz - Uherce,126.259,126.481,ograniczona widoczność czoła pociągu na przejeździe,1,,40,"przejazd w km 126,261",IZ Kraków,false,true,true,true
17298,108,Uherce - Ustrzyki Dolne,133.994,134.038,pogorszenie stanu mostu,1,30,30,,IZ Kraków,false,true,true,true
17299,108,Uherce - Ustrzyki Dolne,137.681,137.799,ograniczona widoczność czoła pociągu na przejeździe,1,,30,"przejazd w km 137,683",IZ Kraków,false,true,true,true
17300,108,Uherce - Ustrzyki Dolne,139.445,139.608,ograniczona widoczność czoła pociągu na przejeździe,1,40,,,IZ Kraków,false,true,true,true
17301,108,Uherce - Ustrzyki Dolne,139.604,139.608,brak widoczności czoła pociągu na przejeździe,1,,20,,IZ Kraków,false,true,true,true
17302,108,Uherce - Ustrzyki Dolne,140.241,140.463,ograniczona widoczność czoła pociągu na przejeździe,1,40,,"przejazd w km 140,461",IZ Kraków,false,true,true,true
17303,108,Uherce - Ustrzyki Dolne,140.942,141.120,ograniczona widoczność czoła pociągu na przejeździe,1,40,,"przejazd w km 140,118",IZ Kraków,false,true,true,true
17304,108,Uherce - Ustrzyki Dolne,141.116,141.253,ograniczona widoczność na przejeździe,1,,40,"przejazd w km 140,118",IZ Kraków,false,true,true,true
17305,108,Uherce - Ustrzyki Dolne,143.178,143.348,ograniczona widoczność czoła pociągu na przejeździe,1,30,,"przejazd w km 143,346",IZ Kraków,false,true,true,true
17306,108,Uherce - Ustrzyki Dolne,143.344,143.566,ograniczona widoczność czoła pociągu na przejeździe,1,,40,"przejazd w km 143,346",IZ Kraków,false,true,true,true
17307,108,Uherce - Ustrzyki Dolne,144.482,144.704,ograniczona widoczność czoła pociągu na przejeździe,1,,40,"przejazd w km 144,484",IZ Kraków,false,true,true,true
17308,108,Uherce - Ustrzyki Dolne,144.561,144.783,ograniczona widoczność czoła pociągu na przejeździe,1,40,,"przejazd w km 144,781",IZ Kraków,false,true,true,true
17309,108,Uherce - Ustrzyki Dolne,148.122,148.292,ograniczona widoczność czoła pociągu na przejeździe,1,40,,"przejazd w km 148,290",IZ Kraków,false,true,true,true
17310,108,Uherce - Ustrzyki Dolne,148.288,148.510,ograniczona widoczność czoła pociągu na przejeździe,1,,40,"przejazd w km 148,290",IZ Kraków,false,true,true,true
17311,109,Kraków Bieżanów,7.618,9.222,,1,160,160,Vd) Linia 91; poc pasażerskie i szynobusy,IZ Kraków,false,true,true,false
17312,109,Kraków Bieżanów,7.618,9.222,,1,120,120,Vd) Linia 91; poc towarowe,IZ Kraków,false,true,true,false
17313,109,Kraków Bieżanów,7.662,9.275,,2,160,160,Vd) Linia 91; poc pasażerskie i szynobusy,IZ Kraków,false,true,true,false
17314,109,Kraków Bieżanów,7.662,9.275,,2,120,120,Vd) Linia 91; poc towarowe,IZ Kraków,false,true,true,false
17315,109,Kraków Bieżanów,7.569,9.163,,3,80,80,Vd) Linia 629; poc towarowe,IZ Kraków,false,true,true,false
17316,109,Kraków Bieżanów,7.569,8.998,,3,120,120,Vd) Linia 629; poc pasażerskie i szynobusy,IZ Kraków,false,true,true,false
17317,109,Kraków Bieżanów,8.998,9.163,,3,100,100,Vd) Linia 629; poc pasażerskie i szynobusy,IZ Kraków,false,true,true,false
17318,110,Gorlice Zagórzany - Gorlice,1.685,1.700,Brak widoczności czoła pociągu na przejeździe.,1,20,20,"przejazd w km 1,692",IZ Kraków,false,true,true,true
17319,114,Trzebinia,-0.746,0.274,,7,60,60,Vd) Linia 93,IZ Kraków,false,true,true,false
17320,114,Trzebinia,-0.447,0.324,,11,60,60,Vd) Linia 93,IZ Kraków,false,true,true,false
17321,114,Trzebinia,30.810,32.510,,1,160,160,Vd) Linia 133; poć pasażerskie i szynobusy,IZ Kraków,false,true,true,false
17322,114,Trzebinia,30.810,32.510,,1,120,120,Vd) Linia 133; poć towarowe,IZ Kraków,false,true,true,false
17323,114,Trzebinia,30.852,32.468,,2,120,120,Vd) Linia 133; poć towarowe,IZ Kraków,false,true,true,false
17324,114,Trzebinia,30.852,32.468,,2,160,160,Vd) Linia 133; poć pasażerskie i szynobusy,IZ Kraków,false,true,true,false
17325,114,Trzebinia,0.000,1.311,,123,40,40,Vd) Linia 860,IZ Kraków,false,true,true,false
17326,114,Trzebinia,0.280,1.306,,105,40,40,Vd) Linia 860,IZ Kraków,false,true,true,false
17327,114,Trzebinia,1.306,1.797,,3a,40,40,Vd) Linia 860,IZ Kraków,false,true,true,false
17328,114,Trzebinia,1.311,1.856,,5a,40,40,Vd) Linia 860,IZ Kraków,false,true,true,false
17329,114,Trzebinia,1.797,2.785,,3,40,40,Vd) Linia 860,IZ Kraków,false,true,true,false
17330,114,Trzebinia,1.856,2.785,,5,40,40,Vd) Linia 860,IZ Kraków,false,true,true,false
17331,114,Trzebionka - Trzebinia Siersza,4.125,4.131,Brak widoczności czoła pociągu na przejeździe.,1,20,,"przejazd kat. D w km 4,128.",IZ Kraków,false,true,true,true
17332,114,Trzebionka - Trzebinia Siersza,4.125,4.233,Ograniczona widoczność czoła pociągu na przejeździe.,1,,30,"przejazd kat. D w km 4,128.",IZ Kraków,false,true,true,true
17333,115,Tarnów,1.204,1.211,Brak widoczności czoła pociągu na przejeździe.,1,20,20,"przejazd w km 1,207.",IZ Kraków,false,true,true,true
17334,115,Tarnów - Szczucin k/Tarnowa,2.011,2.023,Obsługa przejazdu kolejowo- drogowego przez drużynę pociągową,1,,,"*) przejazd w km 2,017.",IZ Kraków,false,true,false,true
17335,115,Tarnów - Szczucin k/Tarnowa,3.817,3.828,Obsługa przejazdu kolejowo- drogowego przez drużynę pociągową.,1,,,"*) przejazd w km 3,822.",IZ Kraków,false,true,false,true
17336,117,Kalwaria Zebrzyd. Lanckorona,21.732,22.497,,1,70,70,Vd) Linia 97,IZ Kraków,false,true,true,false
17337,117,Kalwaria Zebrzyd. Lanckorona - Barwałd Średni,0.600,0.950,Pogorszenie stanu toru.,1,30,30,,IZ Kraków,false,true,true,true
17338,117,Kalwaria Zebrzyd. Lanckorona - Barwałd Średni,1.962,1.972,Brak widoczności czoła pociągu na przejeździe.,1,,20,"przejazd w km 1,967",IZ Kraków,false,true,true,true
17339,117,Kalwaria Zebrzyd. Lanckorona - Barwałd Średni,2.868,3.000,Ograniczona widoczność czoła pociągu na przejeździe.,1,40,,"przejazd w km 2,994",IZ Kraków,false,true,true,true
17340,117,Kalwaria Zebrzyd. Lanckorona - Barwałd Średni,2.990,3.120,Ograniczona widoczność czoła pociągu na przejeździe.,1,,40,"przejazd w km 2,994",IZ Kraków,false,true,true,true
17341,117,Kalwaria Zebrzyd. Lanckorona - Barwałd Średni,3.700,3.805,Ograniczona widoczność czoła pociągu na przejeździe.,1,,30,"przejazd w km 3,705",IZ Kraków,false,true,true,true
17342,117,Kalwaria Zebrzyd. Lanckorona - Barwałd Średni,4.246,4.470,Ograniczona widoczność czoła pociągu na przejeździe.,1,40,,"przejazd w km 4,466",IZ Kraków,false,true,true,true
17343,117,Kalwaria Zebrzyd. Lanckorona - Barwałd Średni,5.225,5.358,Ograniczona widoczność czoła pociągu na przejeździe.,1,,40,"przejazd w km 5,228",IZ Kraków,false,true,true,true
17344,117,Kalwaria Zebrzyd. Lanckorona - Barwałd Średni,6.447,6.457,Brak widoczności czoła pociągu na przejeździe.,1,20,,"przejazd w km 6,452",IZ Kraków,false,true,true,true
17345,117,Kalwaria Zebrzyd. Lanckorona - Barwałd Średni,6.450,6.582,Ograniczona widoczność czoła pociągu na przejeździe.,1,,40,"przejazd w km 6,452",IZ Kraków,false,true,true,true
17346,117,Barwałd Średni - Wadowice,8.050,8.182,Ograniczona widoczność czoła pociągu na przejeździe.,1,,40,"przejazd w km 8,056",IZ Kraków,false,true,true,true
17347,117,Barwałd Średni - Wadowice,8.528,8.660,Ograniczona widoczność czoła pociągu na przejeździe.,1,40,,"przejazd w km 8,654",IZ Kraków,false,true,true,true
17348,117,Barwałd Średni - Wadowice,9.122,9.250,Ograniczona widoczność czoła pociągu na przejeździe.,1,,40,"przejazd w km 9,127",IZ Kraków,false,true,true,true
17349,117,Barwałd Średni - Wadowice,9.970,10.100,Ograniczona widoczność czoła pociągu na przejeździe.,1,40,,"przejazd w km 10,097",IZ Kraków,false,true,true,true
17350,117,Barwałd Średni - Wadowice,10.092,10.223,Ograniczona widoczność na przejeździe.,1,,40,"przejazd w km 10,097",IZ Kraków,false,true,true,true
17351,117,Barwałd Średni - Wadowice,10.302,10.430,Ograniczona widoczność czoła pociągu na przejeździe.,1,40,,"przejazd w km 10,428",IZ Kraków,false,true,true,true
17352,117,Barwałd Średni - Wadowice,10.835,10.965,Ograniczona widoczność czoła pociągu na przejeździe.,1,40,,"przejazd w km 10,961",IZ Kraków,false,true,true,true
17353,117,Barwałd Średni - Wadowice,12.410,12.540,Ograniczona widoczność na przejeździe.,1,40,,"przejazd w km 12,536",IZ Kraków,false,true,true,true
17354,117,Barwałd Średni - Wadowice,12.550,12.830,Ograniczona widoczność czoła pociągu na przejeździe.,1,50,,"*) Przejazd w km 12,827",IZ Kraków,false,true,false,true
17355,117,Barwałd Średni - Wadowice,12.824,12.957,Ograniczona widoczność czoła pociągu na przejeździe.,1,,40,"przejazd w km 12,827",IZ Kraków,false,true,true,true
17356,117,Barwałd Średni - Wadowice,12.940,13.070,Ograniczona widoczność czoła pociągu na przejeździe.,1,40,,"przejazd w km 13,068",IZ Kraków,false,true,true,true
17357,117,Barwałd Średni - Wadowice,13.130,13.170,Pogorszenie stanu wiaduktu.,1,30,30,,IZ Kraków,false,true,true,true
17358,117,Barwałd Średni - Wadowice,14.408,14.545,Ograniczona widoczność czoła pociągu na przejeździe.,1,,40,"przejazd w km 14,412",IZ Kraków,false,true,true,true
17359,117,Barwałd Średni - Wadowice,15.684,15.815,Ograniczona widoczność czoła pociągu na przejeździe.,1,40,,"przejazd w km 15,810",IZ Kraków,false,true,true,true
17360,117,Barwałd Średni - Wadowice,15.805,15.940,Ograniczona widoczność czoła pociągu na przejeździe.,1,,40,"przejazd w km 15,810",IZ Kraków,false,true,true,true
17361,117,Wadowice,17.445,17.455,Brak widoczności czoła pociągu na dojściu do peronu.,"1, 2, 3",20,20,,IZ Kraków,false,true,true,true
17362,117,Wadowice - Andrychów,21.174,21.454,ograniczona widoczność czoła pociągu na przejeździe,1,50,,"Przejazd w km 21,449",IZ Kraków,false,true,true,true
17363,117,Wadowice - Andrychów,21.444,21.724,Ograniczona widoczność czoła pociągu na przejeździe,1,,50,"Przejazd w km 21,449",IZ Kraków,false,true,true,true
17364,117,Wadowice - Andrychów,25.733,25.873,Ograniczona widoczność czoła pociągu na przejeździe.,1,40,,"przejazd w km 25,863",IZ Kraków,false,true,true,true
17365,117,Wadowice - Andrychów,25.853,25.993,Ograniczona widoczność czoła pociągu na przejeździe.,1,,40,"przejazd w km 25,863",IZ Kraków,false,true,true,true
17366,117,Wadowice - Andrychów,26.262,26.545,Ograniczona widoczność czoła pociągu na przejeździe,1,50,,"*) Przejazd w km 26,540",IZ Kraków,false,true,false,true
17367,117,Wadowice - Andrychów,26.535,26.670,Ograniczona widoczność czoła pociągu na przejeździe.,1,,40,"przejazd w km 26,540",IZ Kraków,false,true,true,true
17368,117,Wadowice - Andrychów,27.258,27.393,Ograniczona widoczność czoła pociągu na przejeździe.,1,40,,"przejazd w km 27,388",IZ Kraków,false,true,true,true
17369,117,Wadowice - Andrychów,27.383,27.518,Ograniczona widoczność czoła pociągu na przejeździe.,1,,40,"przejazd w km 27,388",IZ Kraków,false,true,true,true
17370,117,Wadowice - Andrychów,28.828,29.168,Ograniczona widoczność czoła pociągu na przejeździe,1,60,,"Przejazd w km 29,158",IZ Kraków,false,true,true,true
17371,117,Wadowice - Andrychów,29.153,29.248,Ograniczona widoczność czoła pociągu na przejeździe.,1,,30,"Przejazd w km 29,158.",IZ Kraków,false,true,true,true
17372,117,Andrychów,30.584,30.724,Ograniczona widoczność czoła pociągu na przejeździe..,1,40,,"przejazd w km 30,714.",IZ Kraków,false,true,true,true
17373,117,Andrychów,30.704,30.844,Ograniczona widoczność czoła pociągu na przejeździe.,1,,40,"przejazd w km 30,714.",IZ Kraków,false,true,true,true
17374,117,Andrychów - Kęty,31.299,31.319,Przejazd - brak widoczności z miejsca obsługi.,1,20,20,"przejazd w km 31,309",IZ Kraków,false,true,true,true
17375,117,Andrychów - Kęty,31.815,31.825,Brak widoczności czoła pociągu na przejeździe.,1,,20,"Przejazd w km 31,820",IZ Kraków,false,true,true,true
17376,117,Kęty - Kozy,45.240,45.415,Ograniczona widoczność czoła pociągu na przejeździe.,1,40,,"przejazd w km 45,410",IZ Kraków,false,true,true,true
17377,117,Kęty - Kozy,45.405,45.610,Ograniczona widoczność czoła pociągu na przejeździe.,1,,40,"przejazd w km 45,410",IZ Kraków,false,true,true,true
17378,118,Kraków Główny,-0.720,0.065,,5,60,60,Vd) Linia 91,IZ Kraków,false,true,true,false
17379,118,Kraków Główny,-0.640,0.400,,7,60,60,Vd) Linia 91,IZ Kraków,false,true,true,false
17380,118,Kraków Główny,0.400,0.498,,7,100,100,Vd) Linia 91; poc pasażerskie i szynobusy,IZ Kraków,false,true,true,false
17381,118,Kraków Główny,0.400,0.498,,7,80,80,Vd) Linia 91; poc towarowe,IZ Kraków,false,true,true,false
17382,118,Kraków Główny,67.759,69.600,,102,120,120,Vd) Linia 133,IZ Kraków,false,true,true,false
17383,118,Kraków Główny,67.785,69.600,,101,120,120,Vd) Linia 133,IZ Kraków,false,true,true,false
17384,118,Kraków Główny,69.600,69.628,,"101, 102",60,60,Vd) Linia 133,IZ Kraków,false,true,true,false
17385,118,Kraków Główny,69.628,70.850,,3,60,60,Vd) Linia 133,IZ Kraków,false,true,true,false
17386,118,Kraków Główny,69.628,70.890,,1,60,60,Vd) Linia 133,IZ Kraków,false,true,true,false
17387,120,Hurko,0.206,0.224,obsługa przejazdu kolejowo- drogowego przez drużynę pociągową,1,,,*),IZ Kraków,false,true,false,true
17388,120,Krówniki,2.271,2.281,obsługa przejazdu kolejowo- drogowego przez drużynę pociągową,1,,,*),IZ Kraków,false,true,false,true
17389,123,Hurko - Krówniki,0.660,0.680,obsługa przejazdu kolejowo- drogowego przez drużynę pociągową,1,,,*),IZ Kraków,false,true,false,true
17390,123,Krówniki,2.699,2.709,obsługa przejazdu kolejowo- drogowego przez drużynę pociągową,1,,,*),IZ Kraków,false,true,false,true
17391,126,Chrzanów,4.879,5.720,,1,120,120,Vd) Linia 93; poc pasażerskie i szynobusy,IZ Kraków,false,true,true,false
17392,126,Chrzanów,4.879,5.998,,1,80,80,Vd) Linia 93; poc towarowe,IZ Kraków,false,true,true,false
17393,126,Chrzanów,4.916,6.002,,2,80,80,Vd) Linia 93; Poc towarowe,IZ Kraków,false,true,true,false
17394,126,Chrzanów,4.916,5.720,,2,120,120,Vd) Linia 93; poc pasażerskie i szynobusy,IZ Kraków,false,true,true,false
17395,126,Chrzanów,5.720,5.998,,1,100,100,Vd) Linia 93; poc pasażerskie i szynobusy,IZ Kraków,false,true,true,false
17396,126,Chrzanów,5.720,6.002,,2,100,100,Vd) Linia 93; poc pasażerskie i szynobusy,IZ Kraków,false,true,true,false
17397,133,Trzebinia,-0.746,0.274,,7,60,60,Vd) Linia 93,IZ Kraków,false,true,true,false
17398,133,Trzebinia,-0.447,0.324,,11,60,60,Vd) Linia 93,IZ Kraków,false,true,true,false
17399,133,Trzebinia,0.000,1.311,,123,40,40,Vd) Linia 860,IZ Kraków,false,true,true,false
17400,133,Trzebinia,0.280,1.306,,105,40,40,Vd) Linia 860,IZ Kraków,false,true,true,false
17401,133,Trzebinia,1.306,1.797,,3a,40,40,Vd) Linia 860,IZ Kraków,false,true,true,false
17402,133,Trzebinia,1.311,1.856,,5a,40,40,Vd) Linia 860,IZ Kraków,false,true,true,false
17403,133,Trzebinia,1.797,2.785,,3,40,40,Vd) Linia 860,IZ Kraków,false,true,true,false
17404,133,Trzebinia,1.856,2.785,,5,40,40,Vd) Linia 860,IZ Kraków,false,true,true,false
17405,133,Zabierzów - Kraków Mydlniki,58.530,58.535,Ograniczona widoczność sygnalizatora R.,1,,50,,IZ Kraków,false,true,true,true
17406,133,Kraków Główny,318.657,319.752,,10,60,60,Vd) Linia 8,IZ Kraków,false,true,true,false
17407,133,Kraków Główny,318.702,319.185,,4,70,70,Vd) Linia 8,IZ Kraków,false,true,true,false
17408,133,Kraków Główny,319.185,319.805,,4,60,60,Vd) Linia 8,IZ Kraków,false,true,true,false
17409,133,Kraków Główny,-0.720,0.065,,5,60,60,Vd) Linia 91,IZ Kraków,false,true,true,false
17410,133,Kraków Główny,-0.640,0.400,,7,60,60,Vd) Linia 91,IZ Kraków,false,true,true,false
17411,133,Kraków Główny,0.400,0.498,,7,80,80,Vd) Linia 91; poc towarowe,IZ Kraków,false,true,true,false
17412,133,Kraków Główny,0.400,0.498,,7,100,100,Vd) Linia 91; poc pasażerskie i szynobusy,IZ Kraków,false,true,true,false
17413,133,Kraków Główny,0.056,1.189,,11,80,80,Vd) Linia 118,IZ Kraków,false,true,true,false
17414,138,Oświęcim,1.034,1.235,Jazda z opuszczonymi pantografami. Ograniczenie konstrukcyjne V max na rozjeździe.,2,,,*) Linia 93,IZ Kraków,false,true,false,true
17415,138,Oświęcim,27.130,27.160,,101,,,,IZ Kraków,false,true,true,true
17416,138,Oświęcim,27.522,27.562,Osłabienie stabilności toru.,101,50,50,*) Linia 93,IZ Kraków,false,true,false,true
17417,138,Oświęcim,27.522,27.562,Osłabienie stabilności toru. Jazda z opuszczonymi pantografami.,102,50,50,*) Linia 93 *) Linia 94,IZ Kraków,false,true,false,true
17418,138,Oświęcim,62.851,63.100,Brak widoczności czoła pociągu na przejeździe.,206,,,"Linia 699; przejazd kat D w km 0,334.",IZ Kraków,false,true,true,true
17419,138,Oświęcim,0.331,0.337,,301,,,,IZ Kraków,false,true,true,true
17420,138,Oświęcim,0.000,0.499,,301,50,50,Vd) Linia 699,IZ Kraków,false,true,true,false
17421,138,Oświęcim - Oświęcim -Gr. IŻ Nowy Bieruń,1.254,1.519,Jazda z opuszczonymi pantografami.,1,,,*),IZ Kraków,false,true,false,true
17422,138,Oświęcim - Oświęcim -Gr. IŻ Nowy Bieruń,1.450,2.850,Ograniczenie widoczności czoła pociągu na przejeździe. Pogorszenie stanu elementów toru.,1,50,50,"przejazd kat. D w km 2,221.",IZ Kraków,false,true,true,true
17423,138,Oświęcim - Oświęcim -Gr. IŻ Nowy Bieruń,1.450,2.850,Pogorszenie stanu elementów toru.,2,50,50,,IZ Kraków,false,true,true,true
17424,156,Bukowno,52.871,53.500,,2,60,60,Vd) Linia 62; poc towarowe,IZ Kraków,false,true,true,false
17425,156,Bukowno,52.871,54.400,,2,100,100,Vd) Linia 62; poc pasażerskie i szynobusy,IZ Kraków,false,true,true,false
17426,156,Bukowno,52.913,54.446,,1,40,40,Vd) Linia 62,IZ Kraków,false,true,true,false
17427,156,Bukowno,53.500,54.395,,2,50,50,Vd) Linia 62; poc. towarowe,IZ Kraków,false,false,true,false
17428,601,Kraków Główny,0.056,1.189,,11,80,80,Vd) Linia 118,IZ Kraków,false,true,true,false
17429,612,Przeworsk Gorliczyna,174.840,175.966,,1,60,60,Vd) Linia 68; poc. towarowe,IZ Kraków,false,false,true,false
17430,612,Przeworsk Gorliczyna,174.840,175.966,,1,100,100,"Vd) Linia 68; poc. pasażerskie, szynobusy",IZ Kraków,false,true,true,false
17431,614,Żurawica,1.981,2.317,pogorszenie stanu elementów toru,702,30,30,,IZ Kraków,false,true,true,true
17432,617,Zagórz,0.866,0.920,,1,30,30,Vd) Linia 107,IZ Kraków,false,true,true,true
17433,617,Zagórz,0.920,1.650,,1,60,60,Nowe! Vd) Linia 107; dot. szynobusów,IZ Kraków,true,true,true,true
17434,617,Zagórz,0.920,1.650,,1,40,40,"Vd) Linia 107; poc. pasażerskie, towarowe",IZ Kraków,false,true,true,false
17435,618,Jasło Towarowa JTA,65.195,66.788,,1,100,100,"Vd) Linia 106; poc. pasażerskie, szynobusy",IZ Kraków,false,true,true,false
17436,618,Jasło Towarowa JTA,65.195,66.788,,1,80,80,Vd) Linia 106; poc. towarowe,IZ Kraków,false,false,true,false
17437,618,Jasło Towarowa JTA,66.788,67.600,,111,80,80,Vd) Linia 106; poc. towarowe,IZ Kraków,false,false,true,false
17438,618,Jasło Towarowa JTA,66.788,67.600,,111,100,100,"Vd) Linia 106; poc. pasażerskie, szynobusy",IZ Kraków,false,true,true,false
17439,618,Jasło Towarowa JTB - Sobniów,3.507,3.785,ograniczona widoczność czoła pociągu na przejeździe,1,50,,,IZ Kraków,false,true,true,true
17440,624,Kraków Bonarka,2.327,3.429,,4,60,60,Vd) Linia 94,IZ Kraków,false,true,true,false
17441,624,Kraków Bonarka,2.555,2.946,,6,60,60,Vd) Linia 94; poc towarowe,IZ Kraków,false,true,true,false
17442,624,Kraków Bonarka,2.555,2.946,,6,70,70,Vd) Linia 94; poc pasazerskie i szynobusy,IZ Kraków,false,true,true,false
17443,624,Kraków Bonarka,2.946,3.429,,6,60,60,Vd) Linia 94,IZ Kraków,false,true,true,false
17444,624,Kraków Bonarka,3.429,3.727,,4,60,60,Vd) Linia 94; poć towarowe,IZ Kraków,false,true,true,false
17445,624,Kraków Bonarka,3.429,3.727,,4,80,80,Vd) Linia 94; poć pasażerskie i szynobusy.,IZ Kraków,false,true,true,false
17446,624,Kraków Bonarka,3.429,3.650,,6,60,60,Vd) Linia 94; poć towarowe.,IZ Kraków,false,true,true,false
17447,624,Kraków Bonarka,3.429,3.650,,6,80,80,Vd) Linia 94; poć pasażerskie i szynobusy,IZ Kraków,false,true,true,false
17448,629,Kraków Płaszów,2.820,5.070,,1,100,100,Vd) Linia 91; poć pasażerskie i szynobusy.,IZ Kraków,false,true,true,false
17449,629,Kraków Płaszów,2.820,5.070,,1,80,80,Vd) Linia 91; poc towarowe,IZ Kraków,false,true,true,false
17450,629,Kraków Płaszów,2.820,4.843,,2,100,100,Vd) Linia 91; poć. pasażerskie i szynobusy,IZ Kraków,false,true,true,false
17451,629,Kraków Płaszów,2.820,4.843,,2,80,80,Vd) Linia 91; poc towarowe,IZ Kraków,false,true,true,false
17452,629,Kraków Bieżanów,7.618,9.222,,1,120,120,Vd) Linia 91; poc towarowe,IZ Kraków,false,true,true,false
17453,629,Kraków Bieżanów,7.618,9.222,,1,160,160,Vd) Linia 91; poc pasażerskie i szynobusy,IZ Kraków,false,true,true,false
17454,629,Kraków Bieżanów,7.662,9.275,,2,120,120,Vd) Linia 91; poc towarowe,IZ Kraków,false,true,true,false
17455,629,Kraków Bieżanów,7.662,9.275,,2,160,160,Vd) Linia 91; poc pasażerskie i szynobusy,IZ Kraków,false,true,true,false
17456,629,Kraków Bieżanów,9.222,10.774,,11,160,160,Vd) Linia 91; poc pasażerskie i szynobusy,IZ Kraków,false,true,true,false
17457,629,Kraków Bieżanów,9.222,10.774,,11,120,120,Vd) Linia 91; poc towarowe,IZ Kraków,false,true,true,false
17458,629,Kraków Bieżanów,9.275,10.810,,12,120,120,Vd) Linia 91; poc towarowe,IZ Kraków,false,true,true,false
17459,629,Kraków Bieżanów,9.275,10.810,,12,160,160,Vd) Linia 91; poc pasażerskie i szynobusy,IZ Kraków,false,true,true,false
17460,629,Kraków Bieżanów,0.086,0.561,,101,70,70,Vd) Linia 109; poc pasażerskie i szynobusy,IZ Kraków,false,true,true,false
17461,629,Kraków Bieżanów,0.086,0.561,,101,40,40,Vd) Linia 109; poc towarowe,IZ Kraków,false,true,true,false
17462,699,Oświęcim,0.331,0.337,Brak widoczności czoła pociągu na przejeździe.,301,20,,"przejazd kat D w km 0,334.",IZ Kraków,false,true,true,true
17463,860,Trzebinia,-0.746,0.274,,7,60,60,Vd) Linia 93,IZ Kraków,false,true,true,false
17464,860,Trzebinia,-0.447,0.324,,11,60,60,Vd) Linia 93,IZ Kraków,false,true,true,false
17465,860,Trzebinia,29.558,30.852,,102,120,120,Vd) Linia 133; poć towarowe,IZ Kraków,false,true,true,false
17466,860,Trzebinia,29.558,30.852,,102,160,160,Vd) Linia 133; poc pasażerskie i szynobusy,IZ Kraków,false,true,true,false
17467,860,Trzebinia,29.601,30.810,,101,120,120,Vd) Linia 133; poć towarowe,IZ Kraków,false,true,true,false
17468,860,Trzebinia,29.601,30.810,,101,160,160,Vd) Linia 133; poć pasażerskie i szynobusy.,IZ Kraków,false,true,true,false
17469,860,Trzebinia,30.810,32.510,,1,160,160,Vd) Linia 133; poć pasażerskie i szynobusy,IZ Kraków,false,true,true,false
17470,860,Trzebinia,30.810,32.510,,1,120,120,Vd) Linia 133; poć towarowe,IZ Kraków,false,true,true,false
17471,860,Trzebinia,30.852,32.468,,2,120,120,Vd) Linia 133; poć towarowe,IZ Kraków,false,true,true,false
17472,860,Trzebinia,30.852,32.468,,2,160,160,Vd) Linia 133; poć pasażerskie i szynobusy,IZ Kraków,false,true,true,false
17473,861,Żurawica ŻRA,234.272,234.435,,2,100,100,Vd) Linia 91; poc. pasażerskie i szynobusy,IZ Kraków,false,true,true,false
17474,861,Żurawica ŻRA,234.272,237.127,,2,80,80,Vd) Linia 91; poc. towarowe,IZ Kraków,false,false,true,false
17475,861,Żurawica ŻRA,234.337,234.407,,1,100,100,Vd) Linia 91; poc. pasażerskie i szynobusy,IZ Kraków,false,true,true,false
17476,861,Żurawica ŻRA,234.337,237.170,,1,80,80,Vd) Linia 91; poc. towarowe,IZ Kraków,false,false,true,false
17477,861,Żurawica ŻRA,234.407,237.170,,1,120,120,Vd) Linia 91; poc. pasażerskie i szynobusy,IZ Kraków,false,true,true,false
17478,861,Żurawica ŻRA,234.435,236.781,,2,120,120,Vd) Linia 91; poc. pasażerskie i szynobusy,IZ Kraków,false,true,true,false
17479,861,Żurawica ŻRB,236.781,237.127,,2,100,100,Vd) Linia 91; poc. pasażerskie i szynobusy,IZ Kraków,false,true,true,false
17480,882,Oświęcim,27.130,27.160,Osłabienie stabilności toru.,101,,,*) Linia 93,IZ Kraków,false,true,true,true
17481,882,Oświęcim,27.522,27.562,,101,,,,IZ Kraków,false,true,true,true
17482,882,Oświęcim,27.522,27.562,Osłabienie stabilności toru. Jazda z opuszczonymi pantografami.,102,50,50,*) Linia 93 *) Linia 94,IZ Kraków,false,true,false,true
17483,882,Oświęcim,62.851,63.100,,206,,,,IZ Kraków,false,true,true,true
17484,882,Oświęcim,24.030,24.681,,202,100,100,Vd) Linia 93; poc pasażerskie i szynobusy.,IZ Kraków,false,true,true,false
17485,882,Oświęcim,24.030,24.681,,202,80,80,Vd) Linia 93; poc towarowe,IZ Kraków,false,true,true,false
17486,882,Oświęcim,24.069,24.610,,201,100,100,Vd) Linia 93; poc pasażerskie i szynobusy.,IZ Kraków,false,true,true,false
17487,882,Oświęcim,24.069,24.610,,201,80,80,Vd) Linia 93; poc towarowe,IZ Kraków,false,true,true,false
17488,882,Oświęcim,24.610,25.429,,1,80,80,Vd) Linia 93; poc towarowe,IZ Kraków,false,true,true,false
17489,882,Oświęcim,24.610,25.429,,1,100,100,Vd) Linia 93; poc pasażerskie i szynobusy.,IZ Kraków,false,true,true,false
17490,882,Oświęcim,24.681,25.304,,2,100,100,Vd) Linia 93; poc pasażerskie i szynobusy.,IZ Kraków,false,true,true,false
17491,882,Oświęcim,24.681,25.304,,2,80,80,Vd) Linia 93; poc towarowe.,IZ Kraków,false,true,true,false
17492,882,Oświęcim,25.304,25.383,,2,80,80,Vd) Linia 93,IZ Kraków,false,true,true,false
17493,882,Oświęcim,25.383,25.858,,2b,80,80,Vd) Linia 93,IZ Kraków,false,true,true,false
17494,882,Oświęcim,25.429,25.691,,1b,80,80,Vd) Linia 93; poc towarowe,IZ Kraków,false,true,true,false
17495,882,Oświęcim,25.429,25.691,,1b,100,100,Vd) Linia 93; poc pasażerskie i szynobusy,IZ Kraków,false,true,true,false
17496,882,Oświęcim,25.691,25.872,,1b,80,80,Vd) Linia 93,IZ Kraków,false,true,true,false
17497,882,Oświęcim,25.858,26.121,,102,80,80,Vd) Linia 93,IZ Kraków,false,true,true,false
17498,882,Oświęcim,25.872,26.118,,101,80,80,Vd) Linia 93,IZ Kraków,false,true,true,false
17499,882,Oświęcim,26.118,27.763,,101,120,120,Vd) Linia 93; poc pasażerskie i szynobusy,IZ Kraków,false,true,true,false
17500,882,Oświęcim,26.118,27.763,,101,80,80,Vd) Linia 93; poc towarowe,IZ Kraków,false,true,true,false
17501,882,Oświęcim,26.121,27.673,,102,120,120,Vd) Linia 93; poc pasażerskie i szynobusy,IZ Kraków,false,true,true,false
17502,882,Oświęcim,26.121,27.673,,102,80,80,Vd) Linia 93; poc towarowe.,IZ Kraków,false,true,true,false
17503,988,Przeworsk,195.190,197.316,,102,120,120,Vd) Linia 91; poc. pasażerskie i szynobusy,IZ Kraków,false,true,true,false
17504,988,Przeworsk,195.190,197.316,,102,80,80,Vd) Linia 91; poc. towarowe,IZ Kraków,false,false,true,false
17505,988,Przeworsk,195.266,197.282,,101,80,80,Vd) Linia 91; poc. towarowe,IZ Kraków,false,false,true,false
17506,988,Przeworsk,195.266,197.282,,101,120,120,Vd) Linia 91; poc. pasażerskie i szynobusy,IZ Kraków,false,true,true,false
17507,1,Częstochowa,-0.337,0.495,,17,50,50,Vd) Linia 700; poc. pasażerskie,IZ Sosnowiec,false,true,true,false
17508,1,Częstochowa,-0.337,0.495,,17,40,40,Vd) Linia 700; poc. towarowe,IZ Sosnowiec,false,false,true,false
17509,1,Częstochowa,0.075,0.670,,4,90,90,Vd) Linia 701; poc. pasażerskie,IZ Sosnowiec,false,true,true,false
17510,1,Częstochowa,0.075,0.670,,4,70,70,Vd) Linia 701; poc. towarowe,IZ Sosnowiec,false,false,true,false
17511,1,Częstochowa,5.072,5.706,,167,40,40,Vd) Linia 703,IZ Sosnowiec,false,true,true,false
17512,1,Częstochowa Towarowa,2.286,2.821,,85,50,50,Vd) Linia 703; poc. pasażerskie,IZ Sosnowiec,false,true,true,false
17513,1,Częstochowa Towarowa,2.286,2.821,,85,40,40,Vd) Linia 703; poc. towarowe,IZ Sosnowiec,false,false,true,false
17514,1,Częstochowa Towarowa,2.821,4.415,,57,50,50,Vd) Linia 703; poc. pasażerskie,IZ Sosnowiec,false,true,true,false
17515,1,Częstochowa Towarowa,2.821,4.415,,57,40,40,Vd) Linia 703; poc. towarowe,IZ Sosnowiec,false,false,true,false
17516,1,Poraj,9.820,11.063,,4,90,90,Vd) Linia 155; poc. pasażerskie,IZ Sosnowiec,false,true,true,false
17517,1,Poraj,9.820,11.063,,4,60,60,Vd) Linia 155; poc. towarowe,IZ Sosnowiec,false,false,true,false
17518,1,Zawiercie,275.050,275.270,Jazda z opuszczonymi pantografami,3A,,,*) Linia 186,IZ Sosnowiec,false,true,true,true
17519,1,Zawiercie,274.920,275.270,Jazda z opuszczonymi pantografami,4A,,,*) Linia 186,IZ Sosnowiec,false,true,true,true
17520,1,Zawiercie,275.015,275.380,,4A,,,,IZ Sosnowiec,false,true,true,true
17521,1,Zawiercie,223.030,224.889,,3,110,110,Vd) Linia 4; poc. pasażerskie,IZ Sosnowiec,false,true,true,false
17522,1,Zawiercie,223.030,224.889,,3,100,100,Vd) Linia 4; poc. towarowe,IZ Sosnowiec,false,false,true,false
17523,1,Zawiercie,223.030,224.915,,4,110,110,Vd) Linia 4; poc. pasażerskie,IZ Sosnowiec,false,true,true,false
17524,1,Zawiercie,223.030,224.915,,4,100,100,Vd) Linia 4; poc. towarowe,IZ Sosnowiec,false,false,true,false
17525,1,Zawiercie,275.013,276.318,,3A,100,100,Vd) Linia 160; poc. pasażerskie,IZ Sosnowiec,false,true,true,false
17526,1,Zawiercie,275.013,276.318,,3A,80,80,Vd) Linia 160; poc. towarowe,IZ Sosnowiec,false,false,true,false
17527,1,Zawiercie,43.000,44.295,,21,90,90,Vd) Linia 182; poc. pasażerskie,IZ Sosnowiec,false,true,true,false
17528,1,Zawiercie,43.000,44.295,,21,80,80,Vd) Linia 182; poc. towarowe,IZ Sosnowiec,false,false,true,false
17529,1,Zawiercie,44.295,45.502,,7,90,90,Vd) Linia 182; poc. pasażerskie,IZ Sosnowiec,false,true,true,false
17530,1,Zawiercie,44.295,45.502,,7,80,80,Vd) Linia 182; poc. towarowe,IZ Sosnowiec,false,false,true,false
17531,1,Zawiercie,274.855,276.592,,4A,80,80,Vd) Linia 186,IZ Sosnowiec,false,true,true,false
17532,1,Łazy,280.568,,,4,,,,IZ Sosnowiec,false,true,true,false
17533,1,Łazy,280.600,,"Wjazd na grupę ""C"" i rozrząd wagonów z górki, zachować szczególną ostrożność","2, 306, 308, 310, 312, 314, 316, 318, 320, 322",,,"*) Tory semaforów R2, O,N kier. zwrotny",IZ Sosnowiec,false,true,false,true
17534,1,Łazy,-3.176,-1.822,,119,80,,Vd) Linia 154,IZ Sosnowiec,false,true,true,false
17535,1,Łazy,-1.822,-0.358,,125,80,,Vd) Linia 154,IZ Sosnowiec,false,true,true,false
17536,1,Łazy,-0.358,0.186,,7,80,,Vd) Linia 154,IZ Sosnowiec,false,true,true,false
17537,1,Łazy,0.100,3.250,,6,,80,Vd) Linia 154,IZ Sosnowiec,false,true,true,false
17538,1,Łazy,0.186,3.277,,7ŁC,80,,Vd) Linia 154,IZ Sosnowiec,false,true,true,false
17539,1,Łazy,277.513,278.745,,103,100,,Vd) Linia 160; poc. pasażerskie,IZ Sosnowiec,false,true,true,false
17540,1,Łazy,277.513,278.745,,103,80,,Vd) Linia 160; poc. towarowe,IZ Sosnowiec,false,false,true,false
17541,1,Łazy,278.745,280.461,,123,100,,Vd) Linia 160; poc. pasażerskie,IZ Sosnowiec,false,true,true,false
17542,1,Łazy,278.745,280.461,,123,80,,Vd) Linia 160; poc. towarowe,IZ Sosnowiec,false,false,true,false
17543,1,Łazy,280.461,280.830,,3A,100,,Vd) Linia 160; poc. pasażerskie,IZ Sosnowiec,false,true,true,false
17544,1,Łazy,280.461,280.830,,3A,80,,Vd) Linia 160; poc. towarowe,IZ Sosnowiec,false,false,true,false
17545,1,Łazy,280.830,281.593,,3ŁC,100,,Vd) Linia 160; poc. pasażerskie,IZ Sosnowiec,false,true,true,false
17546,1,Łazy,280.830,281.593,,3ŁC,80,,Vd) Linia 160; poc. towarowe,IZ Sosnowiec,false,false,true,false
17547,1,Łazy,281.593,281.664,,3ŁC,70,,Vd) Linia 160,IZ Sosnowiec,false,true,true,false
17548,1,Łazy,281.664,282.390,,3ŁC,80,,Vd) Linia 160,IZ Sosnowiec,false,true,true,false
17549,1,Łazy,282.390,282.868,,3ŁC,60,,Vd) Linia 160,IZ Sosnowiec,false,true,true,false
17550,1,Łazy,282.868,283.677,,3ŁC,80,,Vd) Linia 160,IZ Sosnowiec,false,true,true,false
17551,1,Łazy,277.067,278.268,,124,,40,Vd) Linia 186,IZ Sosnowiec,false,true,true,false
17552,1,Łazy,278.268,280.533,,324,,40,Vd) Linia 186,IZ Sosnowiec,false,true,true,false
17553,1,Łazy,280.533,283.420,,4,,80,Vd) Linia 186,IZ Sosnowiec,false,true,true,false
17554,1,Dąbrowa Górnicza Ząbkowice,-1.207,-0.184,,14,120,,Vd) Linia 133; poc. pasażerskie,IZ Sosnowiec,false,true,true,false
17555,1,Dąbrowa Górnicza Ząbkowice,-1.207,-0.184,,14,100,,Vd) Linia 133; poc. towarowe,IZ Sosnowiec,false,false,true,false
17556,1,Dąbrowa Górnicza Ząbkowice,-1.174,-0.178,,16,,120,Vd) Linia 133; poc. pasażerskie,IZ Sosnowiec,false,true,true,false
17557,1,Dąbrowa Górnicza Ząbkowice,-1.174,-0.178,,16,,100,Vd) Linia 133; poc. towarowe,IZ Sosnowiec,false,false,true,false
17558,1,Dąbrowa Górnicza Ząbkowice,-0.184,0.427,,4,120,,Vd) Linia 133; poc. pasażerskie,IZ Sosnowiec,false,true,true,false
17559,1,Dąbrowa Górnicza Ząbkowice,-0.184,0.427,,4,100,,Vd) Linia 133; poc. towarowe,IZ Sosnowiec,false,false,true,false
17560,1,Dąbrowa Górnicza Ząbkowice,-0.178,0.250,,8A,,120,Vd) Linia 133; poc. pasażerskie,IZ Sosnowiec,false,true,true,false
17561,1,Dąbrowa Górnicza Ząbkowice,-0.178,0.250,,8A,,100,Vd) Linia 133; poc. towarowe,IZ Sosnowiec,false,false,true,false
17562,1,Dąbrowa Górnicza Ząbkowice,0.250,0.477,,8B,,120,Vd) Linia 133; poc. pasażerskie,IZ Sosnowiec,false,true,true,false
17563,1,Dąbrowa Górnicza Ząbkowice,0.250,0.477,,8B,,100,Vd) Linia 133; poc. towarowe,IZ Sosnowiec,false,false,true,false
17564,1,Dąbrowa Górnicza Ząbkowice,-1.072,-0.191,,13,60,,Vd) Linia 183,IZ Sosnowiec,false,true,true,false
17565,1,Dąbrowa Górnicza Ząbkowice,-0.191,0.690,,3,,60,Vd) Linia 183,IZ Sosnowiec,false,true,true,false
17566,1,Będzin - Sosnowiec Główny,308.000,308.367,Roboty w torze,1,80,80,*),IZ Sosnowiec,false,true,false,true
17567,1,Sosnowiec Główny,308.367,310.989,Roboty w torze,1,60,60,*),IZ Sosnowiec,false,true,false,true
17568,1,Sosnowiec Główny,83.934,84.897,,4,60,60,Vd) Linia 62,IZ Sosnowiec,false,true,true,false
17569,1,Sosnowiec Główny R52 - Katowice Zawodzie,311.985,312.200,Jazda obok miejsca robót,1,60,60,*),IZ Sosnowiec,false,true,false,true
17570,1,Sosnowiec Główny R52 - Katowice Zawodzie,313.920,313.930,Roboty w torze,1,70,70,*),IZ Sosnowiec,false,true,false,true
17571,1,Katowice Zawodzie,315.540,315.810,Układ geometryczny toru Układ geometryczny toru,2,70,70,*) Linia 138,IZ Sosnowiec,false,true,true,true
17572,1,Katowice Zawodzie,29.478,30.338,,4,,,,IZ Sosnowiec,false,true,true,true
17573,1,Katowice Zawodzie,29.577,30.299,,3,100,100,Vd) Linia 138,IZ Sosnowiec,false,true,true,false
17574,1,Katowice Zawodzie,29.577,30.240,,4,100,100,Vd) Linia 138,IZ Sosnowiec,false,true,true,false
17575,1,Katowice Zawodzie - Katowice,315.950,317.150,Roboty w torze,1,50,50,*),IZ Sosnowiec,false,true,false,true
17576,1,Katowice Zawodzie - Katowice,315.950,316.150,Układ geometryczny toru,2,40,40,*) Nowe!,IZ Sosnowiec,true,true,false,true
17577,1,Katowice Zawodzie - Katowice,316.150,317.150,Roboty w torze,2,50,50,*) Nowe!,IZ Sosnowiec,true,true,false,true
17578,1,Katowice Zawodzie - Katowice,317.150,317.350,Roboty w torze,1,40,40,*),IZ Sosnowiec,false,true,false,true
17579,1,Katowice Zawodzie - Katowice,317.150,317.350,Układ geometryczny toru,2,40,40,*) Nowe!,IZ Sosnowiec,true,true,false,true
17580,1,Katowice,317.311,317.550,Brak krzywej przejściowej,13,40,40,,IZ Sosnowiec,false,true,true,true
17581,4,Zawiercie,275.050,275.270,Jazda z opuszczonymi pantografami,3A,,,*) Linia 186,IZ Sosnowiec,false,true,true,true
17582,4,Zawiercie,274.920,275.270,Jazda z opuszczonymi pantografami,4A,,,*) Linia 186,IZ Sosnowiec,false,true,true,true
17583,4,Zawiercie,275.015,275.380,,4A,,,,IZ Sosnowiec,false,true,true,true
17584,4,Zawiercie,273.200,275.412,,1,120,120,Vd) Linia 1; poc. pasażerskie,IZ Sosnowiec,false,true,true,false
17585,4,Zawiercie,273.200,275.412,,1,80,80,Vd) Linia 1; poc. towarowe,IZ Sosnowiec,false,false,true,false
17586,4,Zawiercie,273.200,275.412,,2,120,120,Vd) Linia 1; poc. pasażerskie,IZ Sosnowiec,false,true,true,false
17587,4,Zawiercie,273.200,275.412,,2,80,80,Vd) Linia 1; poc. towarowe,IZ Sosnowiec,false,false,true,false
17588,4,Zawiercie,275.013,276.318,,3A,100,100,Vd) Linia 160; poc. pasażerskie,IZ Sosnowiec,false,true,true,false
17589,4,Zawiercie,275.013,276.318,,3A,80,80,Vd) Linia 160; poc. towarowe,IZ Sosnowiec,false,false,true,false
17590,4,Zawiercie,43.000,44.295,,21,90,90,Vd) Linia 182; poc. pasażerskie,IZ Sosnowiec,false,true,true,false
17591,4,Zawiercie,43.000,44.295,,21,80,80,Vd) Linia 182; poc. towarowe,IZ Sosnowiec,false,false,true,false
17592,4,Zawiercie,44.295,45.502,,7,90,90,Vd) Linia 182; poc. pasażerskie,IZ Sosnowiec,false,true,true,false
17593,4,Zawiercie,44.295,45.502,,7,80,80,Vd) Linia 182; poc. towarowe,IZ Sosnowiec,false,false,true,false
17594,4,Zawiercie,274.855,276.592,,4A,80,80,Vd) Linia 186,IZ Sosnowiec,false,true,true,false
17595,61,Lisów,140.950,141.050,Obiekt mostowy na mostownicach,"1, 2",120,120,,IZ Sosnowiec,false,true,true,true
17596,61,Lubliniec,18.474,19.410,,1,120,,Vd) Linia 143; poc. pasażerskie,IZ Sosnowiec,false,true,true,false
17597,61,Lubliniec,18.474,19.410,,1,100,,Vd) Linia 143; poc. towarowe,IZ Sosnowiec,false,false,true,false
17598,61,Lubliniec,18.721,19.733,,2,,120,Vd) Linia 143; poc. pasażerskie,IZ Sosnowiec,false,true,true,false
17599,61,Lubliniec,18.721,19.733,,2,,100,Vd) Linia 143; poc. towarowe,IZ Sosnowiec,false,false,true,false
17600,62,Dąbrowa Górnicza Wschodnia,12.023,13.145,,4,100,100,Vd) Linia 171,IZ Sosnowiec,false,true,true,false
17601,62,Dąbrowa Górnicza Wschodnia,12.070,13.064,,6,100,100,Vd) Linia 171,IZ Sosnowiec,false,true,true,false
17602,62,Sosnowiec Główny,308.695,309.683,,2,100,100,Vd) Linia 1,IZ Sosnowiec,false,true,true,false
17603,62,Sosnowiec Główny,308.850,309.688,,1,100,100,Vd) Linia 1,IZ Sosnowiec,false,true,true,false
17604,90,Zebrzydowice,76.891,77.502,,2,120,120,Vd) Linia 93,IZ Sosnowiec,false,true,true,false
17605,90,Zebrzydowice,76.910,77.555,,1,120,120,Vd) Linia 93,IZ Sosnowiec,false,true,true,false
17606,93,Chybie,10.513,11.139,,5,,80,Vd) Linia 157,IZ Sosnowiec,false,true,true,false
17607,93,Chybie,10.732,11.139,,3,,30,Vd) Linia 157,IZ Sosnowiec,false,true,true,false
17608,93,Chybie,11.139,11.390,,3,30,,Vd) Linia 157,IZ Sosnowiec,false,true,true,false
17609,93,Chybie - Pruchna,63.400,68.770,,1,80,80,*) Nowe!,IZ Sosnowiec,true,true,false,true
17610,93,Zebrzydowice,13.182,13.450,,4,40,,Vd) Linia 90,IZ Sosnowiec,false,true,true,false
17611,93,Zebrzydowice,13.182,13.315,,4,,40,Vd) Linia 90,IZ Sosnowiec,false,true,true,false
17612,93,Zebrzydowice,13.315,13.450,,4,40,,Vd) Linia 90,IZ Sosnowiec,false,true,true,false
17613,93,Zebrzydowice,13.315,13.450,,4,,40,Vd) Linia 90,IZ Sosnowiec,false,true,true,false
17614,127,Radzionków,26.939,28.008,,2,120,120,Vd) Linia 131,IZ Sosnowiec,false,true,true,false
17615,127,Tarnowskie Góry,-0.577,-0.100,,5,40,40,Vd) Linia 182; na wprost i kier. zwrotny,IZ Sosnowiec,false,true,true,false
17616,127,Tarnowskie Góry,1.094,1.932,,780,40,40,Vd) Linia 950,IZ Sosnowiec,false,true,true,false
17617,127,Tarnowskie Góry,1.932,2.390,,780,20,20,Vd) Linia 950,IZ Sosnowiec,false,true,true,false
17618,128,Radzionków,26.939,28.008,,2,120,120,Vd) Linia 131,IZ Sosnowiec,false,true,true,false
17619,130,Kalety,47.900,48.800,,1,100,100,Vd) Linia 131,IZ Sosnowiec,false,true,true,false
17620,131,Chorzów Batory,5.720,6.034,,3,50,50,Vd) Linia 137,IZ Sosnowiec,false,true,true,false
17621,131,Chorzów Batory,5.720,5.990,,4,50,50,Vd) Linia 137,IZ Sosnowiec,false,true,true,false
17622,131,Chorzów Batory,6.009,6.273,,1,100,100,Vd) Linia 137,IZ Sosnowiec,false,true,true,false
17623,131,Chorzów Batory,6.009,6.272,,2,100,100,Vd) Linia 137,IZ Sosnowiec,false,true,true,false
17624,131,Chorzów Miasto,9.260,9.300,Roboty nad torem,"1, 2",60,60,,IZ Sosnowiec,false,true,true,true
17625,131,Chorzów Stary,12.054,12.915,,5,80,80,Vd) Linia 161,IZ Sosnowiec,false,true,true,false
17626,131,Bytom,16.912,17.679,,6,80,80,Vd) Linia 132,IZ Sosnowiec,false,true,true,false
17627,131,Bytom,16.924,17.531,,8,80,80,Vd) Linia 132,IZ Sosnowiec,false,true,true,false
17628,131,Tarnowskie Góry,33.428,33.700,,723,40,40,Vd) Linia 127,IZ Sosnowiec,false,true,true,false
17629,131,Tarnowskie Góry,0.350,0.800,,31,70,70,Vd) Linia 144,IZ Sosnowiec,false,true,true,false
17630,131,Tarnowskie Góry,0.800,1.200,,31A,70,70,Vd) Linia 144,IZ Sosnowiec,false,true,true,false
17631,131,Tarnowskie Góry,-0.577,-0.100,,5,40,40,Vd) Linia 182; na wprost i kier. zwrotny,IZ Sosnowiec,false,true,true,false
17632,131,Tarnowskie Góry,1.094,1.932,,780,40,40,Vd) Linia 950,IZ Sosnowiec,false,true,true,false
17633,131,Tarnowskie Góry,1.932,2.390,,780,20,20,Vd) Linia 950,IZ Sosnowiec,false,true,true,false
17634,131,Chorzew Siemkowice - Rusiec Łódzki,130.650,130.850,Nierówności toru w planie i profilu po robotach inwestycyjnych,2,50,50,,IZ Sosnowiec,false,true,true,true
17635,131,Chorzew Siemkowice - Rusiec Łódzki,131.650,131.900,Nierówności w planie i profilu po wykonaniu prac inwestycyjnych,2,30,30,*),IZ Sosnowiec,false,true,false,true
17636,131,Chorzew Siemkowice - Rusiec Łódzki,133.300,133.600,Nierówności toru w planie i profilu po robotach inwestycyjnych,2,50,50,,IZ Sosnowiec,false,true,true,true
17637,131,Chorzew Siemkowice - Rusiec Łódzki,134.700,135.497,Ograniczenie V max na przejeździe,1,120,,*) Nowe!,IZ Sosnowiec,true,true,false,true
17638,131,Rusiec Łódzki,135.491,136.288,Ograniczenie V max na przejeździe,1,,120,*) Nowe!,IZ Sosnowiec,true,true,false,true
17639,132,Bytom,15.527,19.363,,1,120,120,Vd) Linia 131,IZ Sosnowiec,false,true,true,false
17640,132,Bytom Bobrek,21.050,23.552,,1,100,100,Vd) Linia 188,IZ Sosnowiec,false,true,true,false
17641,132,Zabrze Biskupice,-0.501,0.798,,2,100,100,Vd) Linia 147,IZ Sosnowiec,false,true,true,false
17642,132,Zabrze Biskupice,-0.470,0.330,,1,100,100,Vd) Linia 147,IZ Sosnowiec,false,true,true,false
17643,132,Zabrze Biskupice,5.942,6.568,,4,40,40,Vd) Linia 189,IZ Sosnowiec,false,true,true,false
17644,133,Dąbrowa Górnicza Ząbkowice,291.578,292.662,,11,120,,Vd) Linia 1; poc. pasażerskie,IZ Sosnowiec,false,true,true,false
17645,133,Dąbrowa Górnicza Ząbkowice,291.578,292.662,,11,80,,Vd) Linia 1; poc. towarowe,IZ Sosnowiec,false,false,true,false
17646,133,Dąbrowa Górnicza Ząbkowice,291.625,292.617,,12,,120,Vd) Linia 1; poc. pasażerskie,IZ Sosnowiec,false,true,true,false
17647,133,Dąbrowa Górnicza Ząbkowice,291.625,292.617,,12,,80,Vd) Linia 1; poc. towarowe,IZ Sosnowiec,false,false,true,false
17648,133,Dąbrowa Górnicza Ząbkowice,292.617,293.556,,2,,120,Vd) Linia 1; poc. pasażerskie,IZ Sosnowiec,false,true,true,false
17649,133,Dąbrowa Górnicza Ząbkowice,292.617,293.556,,2,,80,Vd) Linia 1; poc. towarowe,IZ Sosnowiec,false,false,true,false
17650,133,Dąbrowa Górnicza Ząbkowice,292.662,293.161,,1A,120,,Vd) Linia 1; poc. pasażerskie,IZ Sosnowiec,false,true,true,false
17651,133,Dąbrowa Górnicza Ząbkowice,292.662,293.161,,1A,80,,Vd) Linia 1; poc. towarowe,IZ Sosnowiec,false,false,true,false
17652,133,Dąbrowa Górnicza Ząbkowice,293.161,293.500,,1B,120,,Vd) Linia 1; poc. pasażerskie,IZ Sosnowiec,false,true,true,false
17653,133,Dąbrowa Górnicza Ząbkowice,293.161,293.500,,1B,80,,Vd) Linia 1; poc. towarowe,IZ Sosnowiec,false,false,true,false
17654,133,Dąbrowa Górnicza Ząbkowice,-1.072,-0.191,,13,60,,Vd) Linia 183,IZ Sosnowiec,false,true,true,false
17655,133,Dąbrowa Górnicza Ząbkowice,-0.191,0.690,,3,,60,Vd) Linia 183,IZ Sosnowiec,false,true,true,false
17656,135,,32.480,32.570,,2,,,,IZ Sosnowiec,false,true,true,true
17657,135,,32.178,32.985,,"1, 2",110,110,Vd) Linia 137,IZ Sosnowiec,false,true,true,false
17658,135,,5.603,5.786,,3,70,70,Vd) Linia 168,IZ Sosnowiec,false,true,true,false
17659,135,,5.603,5.786,,11,30,30,Vd) Linia 168,IZ Sosnowiec,false,true,true,false
17660,137,Katowice,317.311,317.550,,13,,,,IZ Sosnowiec,false,true,true,true
17661,137,Katowice,317.350,317.750,,13,70,70,Vd) Linia 1,IZ Sosnowiec,false,true,true,false
17662,137,Katowice,32.210,32.405,,18,100,100,Vd) Linia 138,IZ Sosnowiec,false,true,true,false
17663,137,Katowice,32.264,32.405,,14,100,100,Vd) Linia 138,IZ Sosnowiec,false,true,true,false
17664,137,Katowice - Katowice Towar. KTC,0.550,1.855,Urządzenia SRK nieprzystosowane do V max,1,40,40,*) Nowe!,IZ Sosnowiec,true,true,false,true
17665,137,Katowice - Katowice Towar. KTC,1.900,2.500,Jazda obok miejsca robót,2,,,*),IZ Sosnowiec,false,true,false,true
17666,137,Katowice - Katowice Towar. KTC,2.070,2.130,Roboty w torze,1,70,70,*),IZ Sosnowiec,false,true,false,true
17667,137,Gliwice,12.652,13.400,,6,80,80,Vd) Linia 147,IZ Sosnowiec,false,true,true,false
17668,137,Gliwice,-0.500,3.869,,601,60,60,Vd) Linia 200,IZ Sosnowiec,false,true,true,false
17669,137,Gliwice,-0.446,3.869,,602,60,60,Vd) Linia 200,IZ Sosnowiec,false,true,true,false
17670,137,Szobiszowice podg - Gliwice Łabędy,29.500,32.480,Nowo ułożony tor - tymczasowa geometria toru.,2,80,80,*),IZ Sosnowiec,false,true,false,true
17671,137,Szobiszowice podg - Gliwice Łabędy,30.400,32.570,ograniczenie obok miejsca robót,2,50,50,*) Nowe! na wprost i kier. zwrotny,IZ Sosnowiec,true,true,false,true
17672,137,Gliwice Łabędy,32.480,32.570,Nowo ułożony tor - tymczasowa geometria toru.,2,70,70,*),IZ Sosnowiec,false,true,false,true
17673,137,Gliwice Łabędy,5.603,5.786,,3,70,70,Vd) Linia 168,IZ Sosnowiec,false,true,true,false
17674,137,Gliwice Łabędy,5.603,5.786,,11,30,30,Vd) Linia 168,IZ Sosnowiec,false,true,true,false
17675,137,Rudziniec Gliwicki,18.475,19.227,,8,90,90,Vd) Linia 153,IZ Sosnowiec,false,true,true,false
17676,138,Nowy Bieruń,0.100,1.100,Czynne szkody górnicze,1,,,Linia 885,IZ Sosnowiec,false,true,true,true
17677,138,Nowy Bieruń,0.100,1.100,,2,,,,IZ Sosnowiec,false,true,true,true
17678,138,Nowy Bieruń - Chełm Śląski,6.000,7.100,Czynne szkody górnicze,2,50,50,,IZ Sosnowiec,false,true,true,true
17679,138,Nowy Bieruń - Imielin,8.000,11.000,Czynne szkody górnicze,2,40,40,,IZ Sosnowiec,false,true,true,true
17680,138,Mysłowice Kosztowy,15.500,15.750,Pogorszenie stanu podtorza,1,50,50,*),IZ Sosnowiec,false,true,false,true
17681,138,Mysłowice - Mysłowice MWB,22.550,22.610,Układ geometryczny toru,1,40,40,,IZ Sosnowiec,false,true,true,true
17682,138,Katowice Zawodzie - Mysłowice,25.846,25.858,Pogorszenie stanu wiaduktu,2,50,50,,IZ Sosnowiec,false,true,true,true
17683,138,Szabelnia podg - Katowice Zawodzie,26.400,30.200,Po wymianie elementów toru,1,60,60,*),IZ Sosnowiec,false,true,false,true
17684,138,Katowice Zawodzie,29.478,30.338,Układ geometryczny toru Układ geometryczny toru,4,60,60,*) Linia 1,IZ Sosnowiec,false,true,false,true
17685,138,Katowice Zawodzie,315.540,315.810,,2,,,,IZ Sosnowiec,false,true,true,true
17686,138,Katowice Zawodzie - Katowice,31.950,32.600,Brak krzywej przejściowej i pogorszenie stanu elementów toru,18,40,40,,IZ Sosnowiec,false,true,true,true
17687,138,Katowice,317.311,317.550,,13,,,,IZ Sosnowiec,false,true,true,true
17688,138,Katowice,317.350,317.750,,13,70,70,Vd) Linia 1,IZ Sosnowiec,false,true,true,false
17689,139,Katowice,317.311,317.550,,13,,,,IZ Sosnowiec,false,true,true,true
17690,139,Katowice,317.350,317.750,,13,70,70,Vd) Linia 1,IZ Sosnowiec,false,true,true,false
17691,139,Katowice,32.210,32.405,,18,100,100,Vd) Linia 138,IZ Sosnowiec,false,true,true,false
17692,139,Katowice,32.264,32.405,,14,100,100,Vd) Linia 138,IZ Sosnowiec,false,true,true,false
17693,139,Brynów podg - Katowice Ligota,4.100,7.000,Pogorszenie stanu elementów toru,1,60,60,,IZ Sosnowiec,false,true,true,true
17694,139,Katowice Ligota,5.910,5.970,Budowa wiaduktu,1,30,30,*),IZ Sosnowiec,false,true,false,true
17695,139,Katowice Ligota - Mąkołowiec podg,7.423,7.488,Nowo ułożony rozjazd,1,50,50,*) Nowe!,IZ Sosnowiec,true,true,false,true
17696,139,Katowice Ligota - Mąkołowiec podg,18.808,19.141,Ograniczona widoczność czoła pociągu na przejeździe,1,50,,,IZ Sosnowiec,false,true,true,true
17697,139,Katowice Ligota - Mąkołowiec podg,19.135,19.588,Ograniczona widoczność czoła pociągu na przejeździe,1,,70,,IZ Sosnowiec,false,true,true,true
17698,139,Katowice Ligota - Mąkołowiec podg,20.073,20.316,Jazda obok miejsca robót,1,50,50,*),IZ Sosnowiec,false,true,false,true
17699,139,Katowice Ligota - Mąkołowiec podg,20.316,21.423,Jazda obok miejsca robót,1,90,90,*),IZ Sosnowiec,false,true,false,true
17700,139,Tychy - Kobiór,21.423,21.533,Roboty w torze,1,50,50,*),IZ Sosnowiec,false,true,false,true
17701,139,Tychy - Kobiór,21.533,23.248,Roboty w torze,1,90,90,*),IZ Sosnowiec,false,true,false,true
17702,139,Tychy - Kobiór,23.248,23.554,Roboty w torze,1,50,50,*),IZ Sosnowiec,false,true,false,true
17703,139,Tychy - Kobiór,23.554,24.060,Roboty w torze,1,90,90,*),IZ Sosnowiec,false,true,false,true
17704,139,Tychy - Kobiór,24.060,24.120,Roboty w torze,1,30,30,*),IZ Sosnowiec,false,true,false,true
17705,139,Tychy - Kobiór,24.120,25.388,Roboty w torze,1,90,90,*),IZ Sosnowiec,false,true,false,true
17706,139,Kobiór - Pszczyna,25.388,26.100,Roboty w torze,1,40,40,*),IZ Sosnowiec,false,true,false,true
17707,139,Kobiór - Pszczyna,31.545,31.575,Roboty w torze,"1, 2",90,90,*),IZ Sosnowiec,false,true,false,true
17708,139,Pszczyna,35.700,36.600,"Roboty w torze, jazda obok miejsca robót",2,50,50,*),IZ Sosnowiec,false,true,false,true
17709,139,Pszczyna,35.700,36.600,Jazda obok miejsca robót,4,50,50,*),IZ Sosnowiec,false,true,false,true
17710,139,Pszczyna - Czechowice- Dziedzice,37.250,37.350,"Roboty w torze, jazda obok miejsca robót","1, 2",90,90,*),IZ Sosnowiec,false,true,false,true
17711,139,Wilkowice Bystra - Łodygowice,65.600,65.992,Ograniczona widoczność czoła pociągu na przejeździe,1,70,,*) Nowe!,IZ Sosnowiec,true,true,false,true
17712,139,Wilkowice Bystra - Łodygowice,65.988,66.267,Ograniczona widoczność czoła pociągu na przejeździe,1,,50,,IZ Sosnowiec,false,true,true,true
17713,139,Wilkowice Bystra - Łodygowice,67.195,68.276,Zmniejszona odległość czujników uruchamiających SSP,1,100,,*) Nowe!,IZ Sosnowiec,true,true,false,true
17714,139,Wilkowice Bystra - Łodygowice,67.859,68.400,Urządzenia srk nieprzystosowane do V max,1,,100,*) Nowe!,IZ Sosnowiec,true,true,false,true
17715,139,Wilkowice Bystra - Łodygowice,68.390,68.783,Ograniczona widoczność czoła pociągu na przejeździe,1,70,,*) Nowe!,IZ Sosnowiec,true,true,false,true
17716,139,Wilkowice Bystra - Łodygowice,68.777,69.180,Ograniczona widoczność czoła pociągu na przejeździe,1,,70,*) Nowe!,IZ Sosnowiec,true,true,false,true
17717,139,Wilkowice Bystra - Łodygowice,69.180,69.350,Urządzenia SRK nieprzystosowane do V max,1,,100,*) Nowe!,IZ Sosnowiec,true,true,false,true
17718,139,Łodygowice - Żywiec,70.800,71.147,Ograniczona widoczność czoła pociągu na przejeździe,1,60,,*) Nowe!,IZ Sosnowiec,true,true,false,true
17719,139,Łodygowice - Żywiec,71.140,71.500,Ograniczona widoczność czoła pociągu na przejeździe,1,,60,*) Nowe!,IZ Sosnowiec,true,true,false,true
17720,139,Łodygowice - Żywiec,71.145,72.082,Urządzenia SRK nieprzystosowane do V max,1,100,,*) Nowe!,IZ Sosnowiec,true,true,false,true
17721,139,Łodygowice - Żywiec,72.082,73.220,Urządzenia SRK nieprzystosowane do V max,1,,100,*) Nowe!,IZ Sosnowiec,true,true,false,true
17722,139,Łodygowice - Żywiec,73.345,73.620,Ograniczona widoczność czoła pociągu na przejeździe,1,50,,,IZ Sosnowiec,false,true,true,true
17723,139,Łodygowice - Żywiec,73.617,73.945,Ograniczona widoczność czoła pociągu na przejeździe,1,,60,,IZ Sosnowiec,false,true,true,true
17724,139,Żywiec - Węgierska Górka,85.285,86.115,Brak widoczności czoła pociągu na przejeździe,1,40,40,,IZ Sosnowiec,false,true,true,true
17725,139,Węgierska Górka - Milówka,90.317,92.015,Ograniczona widoczność czoła pociągu na przejeździe,1,50,,*) Nowe!,IZ Sosnowiec,true,true,false,true
17726,139,Milówka - Rajcza,93.540,93.816,Ograniczona widoczność czoła pociągu na przejeździe,1,,50,*) Nowe!,IZ Sosnowiec,true,true,false,true
17727,139,Milówka - Rajcza,94.423,94.700,Ograniczona widoczność czoła pociągu na przejeździe,1,50,,*) Nowe!,IZ Sosnowiec,true,true,false,true
17728,139,Rajcza - Sól,101.550,101.827,Ograniczona widoczność czoła pociągu na przejeździe,1,50,,*) Nowe!,IZ Sosnowiec,true,true,false,true
17729,139,Rajcza - Sól,101.823,102.100,Ograniczona widoczność czoła pociągu na przejeździe,1,,50,*) Nowe!,IZ Sosnowiec,true,true,false,true
17730,139,Rajcza - Sól,103.601,103.878,Ograniczona widoczność czoła pociągu na przejeździe,1,50,,*) Nowe!,IZ Sosnowiec,true,true,false,true
17731,139,Rajcza - Sól,103.874,104.151,Ograniczona widoczność czoła pociągu na przejeździe,1,,50,*) Nowe!,IZ Sosnowiec,true,true,false,true
17732,140,Katowice Ligota,5.910,5.970,,1,,,,IZ Sosnowiec,false,true,true,true
17733,140,Mikołów - Orzesze,13.700,14.700,Czynne szkody górnicze.,1,50,50,*),IZ Sosnowiec,false,true,false,true
17734,140,Mikołów - Orzesze,15.490,16.100,Czynne szkody górnicze,1,60,60,,IZ Sosnowiec,false,true,true,true
17735,140,Orzesze Jaśkowice,16.900,17.390,,2,60,60,Vd) Linia 169,IZ Sosnowiec,false,true,true,false
17736,140,Orzesze Jaśkowice - Czerwionka,24.148,24.643,Ograniczona widoczność na przejeździe,1,90,,,IZ Sosnowiec,false,true,true,true
17737,140,Orzesze Jaśkowice - Czerwionka,24.643,25.083,Ograniczona widoczność na przejeździe,1,,80,,IZ Sosnowiec,false,true,true,true
17738,140,Leszczyny,23.010,23.644,,5,50,50,Vd) Linia 149,IZ Sosnowiec,false,true,true,false
17739,140,Leszczyny,23.010,23.679,,3,70,70,Vd) Linia 149,IZ Sosnowiec,false,true,true,false
17740,140,Rybnik Towarowy - Rybnik Towarowy RTE,44.230,44.970,czynne szkody górnicze,1,80,80,*) Nowe!,IZ Sosnowiec,true,true,false,true
17741,140,Rybnik Niewiadom - Rydułtowy,48.000,49.375,czynne szkody górnicze,1,100,100,*) Nowe!,IZ Sosnowiec,true,true,false,true
17742,140,Nędza Wieś - Nędza,66.224,66.350,Ograniczona widoczność na przejeździe,2,,40,,IZ Sosnowiec,false,true,true,true
17743,141,Katowice Ligota,5.910,5.970,,1,,,,IZ Sosnowiec,false,true,true,true
17744,141,Katowice Ligota - Panewnik podg,0.657,0.857,Pogorszenie stanu elementów toru,2,20,20,*),IZ Sosnowiec,false,true,false,true
17745,141,Panewnik podg - Radoszowy podg,2.564,2.570,Brak widoczności czoła pociągu na przejeździe,2,40,40,,IZ Sosnowiec,false,true,true,true
17746,141,Ruda Kochłowice,6.100,7.200,przebudowa toru 3,1,,,*),IZ Sosnowiec,false,true,false,true
17747,141,Ruda Kochłowice,6.100,7.200,Jazda obok miejsca robót.,"2, 4",,,*) Nowe!,IZ Sosnowiec,true,true,false,true
17748,141,Ruda Kochłowice,4.770,5.424,,3,40,40,Vd) Linia 164,IZ Sosnowiec,false,true,true,false
17749,141,Ruda Kochłowice - Ruda Bielszowice,7.800,12.893,Jazda obok miejsca robót,2,,,*),IZ Sosnowiec,false,true,false,true
17750,141,Ruda Kochłowice - Ruda Bielszowice,9.900,12.600,szkody górnicze,2,30,30,,IZ Sosnowiec,false,true,true,true
17751,141,Ruda Bielszowice,13.400,15.060,Jazda obok miejsca robót,1,,,*),IZ Sosnowiec,false,true,false,true
17752,141,Zabrze Makoszowy,0.124,0.700,,5,30,30,Vd) Linia 893,IZ Sosnowiec,false,true,true,false
17753,141,Zabrze Makoszowy Kopalnia,2.700,3.400,,"3, 5",60,60,Vd) Linia 672,IZ Sosnowiec,false,true,true,false
17754,141,Zabrze Makoszowy Kopalnia,0.080,0.700,,"6, 4",40,40,Vd) Linia 677,IZ Sosnowiec,false,true,true,false
17755,141,Gliwice,12.652,13.400,,6,80,80,Vd) Linia 147,IZ Sosnowiec,false,true,true,false
17756,141,Gliwice,-0.500,3.869,,601,60,60,Vd) Linia 200,IZ Sosnowiec,false,true,true,false
17757,141,Gliwice,-0.446,3.869,,602,60,60,Vd) Linia 200,IZ Sosnowiec,false,true,true,false
17758,142,Katowice Ochojec - Katowice Kostuchna,3.012,3.397,Ograniczona widoczność czoła pociągu na przejeździe,1,70,,,IZ Sosnowiec,false,true,true,true
17759,142,Katowice Ochojec - Katowice Kostuchna,3.400,5.500,Czynne szkody górnicze,1,50,50,,IZ Sosnowiec,false,true,true,true
17760,142,Katowice Kostuchna - Mąkołowiec podg,9.970,10.190,Ograniczona widoczność czoła pociągu na przejeździe,1,40,,,IZ Sosnowiec,false,true,true,true
17761,142,Katowice Kostuchna - Mąkołowiec podg,10.190,10.410,Ograniczona widoczność czoła pociągu na przejeździe,1,,40,,IZ Sosnowiec,false,true,true,true
17762,142,Tychy,16.729,17.617,,2,100,100,Vd) Linia 139,IZ Sosnowiec,false,true,true,false
17763,142,Tychy,16.757,17.577,,1,100,100,Vd) Linia 139,IZ Sosnowiec,false,true,true,false
17764,143,Kalety,47.900,48.800,,1,100,100,Vd) Linia 131,IZ Sosnowiec,false,true,true,false
17765,143,Lubliniec,151.445,152.412,,5,100,,Vd) Linia 61; poc. pasażerskie,IZ Sosnowiec,false,true,true,false
17766,143,Lubliniec,151.445,152.412,,5,90,,Vd) Linia 61; poc. towarowe,IZ Sosnowiec,false,false,true,false
17767,143,Lubliniec,151.697,152.467,,3,,100,Vd) Linia 61,IZ Sosnowiec,false,true,true,false
17768,144,Tarnowskie Góry,1.094,1.932,,780,40,40,Vd) Linia 950,IZ Sosnowiec,false,true,true,false
17769,144,Tarnowskie Góry,1.932,2.390,,780,20,20,Vd) Linia 950,IZ Sosnowiec,false,true,true,false
17770,144,Tarnowskie Góry - Tworóg,12.861,13.081,Ograniczona widoczność na przejeździe - betonowe ogrodzenie na prywatnej posesji,1,,40,,IZ Sosnowiec,false,true,true,true
17771,145,Radzionków,26.939,28.008,,2,120,120,Vd) Linia 131,IZ Sosnowiec,false,true,true,false
17772,146,Wyczerpy - Rząsawa,1.372,1.382,Przebudowa urządzeń srk- niedokończone roboty inwestycyjne,2,40,40,*),IZ Sosnowiec,false,true,false,true
17773,147,Zabrze Biskupice,22.430,23.660,,3,100,100,Vd) Linia 132,IZ Sosnowiec,false,true,true,false
17774,147,Zabrze Biskupice,5.942,6.568,,4,40,40,Vd) Linia 189,IZ Sosnowiec,false,true,true,false
17775,147,Gliwice,-0.500,3.869,,601,60,60,Vd) Linia 200,IZ Sosnowiec,false,true,true,false
17776,147,Gliwice,-0.446,3.869,,602,60,60,Vd) Linia 200,IZ Sosnowiec,false,true,true,false
17777,148,Pszczyna,35.700,36.600,Jazda obok miejsca robót,2,,,*) Nowe! Linia 139,IZ Sosnowiec,false,true,true,true
17778,148,Pszczyna,35.700,36.600,,4,,,,IZ Sosnowiec,false,true,true,false
17779,148,Żory,12.991,14.000,,"5, 3",120,120,Vd) Linia 159,IZ Sosnowiec,false,true,true,false
17780,148,Rybnik Gotartowice - Rybnik,32.470,32.649,Układ geometryczny - ekrany akustyczne,1,,50,,IZ Sosnowiec,false,true,true,true
17781,148,Rybnik Gotartowice - Rybnik,32.470,32.695,Układ geometryczny - ekrany akustyczne,2,,70,,IZ Sosnowiec,false,true,true,true
17782,149,Zabrze Makoszowy,16.100,16.781,,"1, 2",80,80,Vd) Linia 141,IZ Sosnowiec,false,true,true,false
17783,149,Zabrze Makoszowy,0.124,0.700,,5,30,30,Vd) Linia 893,IZ Sosnowiec,false,true,true,false
17784,149,Mizerów podg - Gierałtowice,2.600,3.900,Czynne szkody górnicze,2,50,50,,IZ Sosnowiec,false,true,true,true
17785,149,Mizerów podg - Gierałtowice,4.600,7.200,Czynne szkody górnicze.,2,50,50,,IZ Sosnowiec,false,true,true,true
17786,149,Gierałtowice,0.000,0.933,,4,30,30,Vd) Linia 172,IZ Sosnowiec,false,true,true,false
17787,149,Gierałtowice - Knurów,8.800,9.900,Czynne szkody górnicze i pogorszenie stanu wiaduktu,"1, 2",40,40,,IZ Sosnowiec,false,true,true,true
17788,149,Knurów,0.000,2.300,,101,,,,IZ Sosnowiec,false,true,true,true
17789,149,Knurów - Szczygłowice,16.800,17.700,czynne szkody górnicze,1,40,40,na wprost i kier. zwrotny,IZ Sosnowiec,false,true,true,true
17790,149,Knurów - Szczygłowice,16.800,17.700,Czynne szkody górnicze,2,40,40,na wprost i kier. zwrotny,IZ Sosnowiec,false,true,true,true
17791,149,Szczygłowice - Leszczyny,18.200,19.300,czynne szkody górnicze,1,40,40,*) na wprost i kier. zwrotny,IZ Sosnowiec,false,true,false,true
17792,149,Szczygłowice - Leszczyny,18.200,20.000,czynne szkody górnicze,2,40,40,*) na wprost i kier. zwrotny,IZ Sosnowiec,false,true,false,true
17793,149,Szczygłowice - Leszczyny,19.300,20.000,czynne szkody górnicze,1,40,40,,IZ Sosnowiec,false,true,true,true
17794,149,Leszczyny,31.700,32.796,,1,100,100,Vd) Linia 140,IZ Sosnowiec,false,true,true,false
17795,150,Chybie,60.626,60.912,,1,,120,Vd) Linia 93,IZ Sosnowiec,false,true,true,false
17796,150,Chybie,60.652,60.912,,2,,120,Vd) Linia 93,IZ Sosnowiec,false,true,true,false
17797,150,Chybie,60.912,61.299,,"1, 2",120,,Vd) Linia 93,IZ Sosnowiec,false,true,true,false
17798,150,Chybie,10.513,11.139,,5,,80,Vd) Linia 157,IZ Sosnowiec,false,true,true,false
17799,150,Chybie,10.732,11.139,,3,,30,Vd) Linia 157,IZ Sosnowiec,false,true,true,false
17800,150,Chybie,11.139,11.390,,3,30,,Vd) Linia 157,IZ Sosnowiec,false,true,true,false
17801,151,Kędzierzyn - Koźle,0.598,0.602,,1,,,,IZ Sosnowiec,false,true,true,true
17802,151,Kuźnia Raciborska - Turze,20.800,21.380,Ograniczona widoczność na przejeździe,1,,80,,IZ Sosnowiec,false,true,true,true
17803,151,Nędza,66.900,67.760,,1A,70,70,Vd) Linia 140,IZ Sosnowiec,false,true,true,false
17804,151,Nędza,66.900,67.760,,2A,60,60,Vd) Linia 140,IZ Sosnowiec,false,true,true,false
17805,151,Racibórz,-0.239,1.396,,"3, 3A",20,20,Vd) Linia 177,IZ Sosnowiec,false,true,true,false
17806,152,Toszek Północ,0.000,0.860,,4,90,90,Vd) Linia 153,IZ Sosnowiec,false,true,true,false
17807,152,Toszek Północ,0.000,0.780,,5,60,60,Vd) Linia 153,IZ Sosnowiec,false,true,true,false
17808,152,Droniowiczki - Lubliniec,38.140,38.366,Ograniczona widoczność na przejeździe,2,40,,Dot. czoła pociągu,IZ Sosnowiec,false,true,true,true
17809,152,Lubliniec,151.445,152.412,,5,100,,Vd) Linia 61; poc. pasażerskie,IZ Sosnowiec,false,true,true,false
17810,152,Lubliniec,151.445,152.412,,5,90,,Vd) Linia 61; poc. towarowe,IZ Sosnowiec,false,false,true,false
17811,152,Lubliniec,151.697,152.467,,3,,100,Vd) Linia 61,IZ Sosnowiec,false,true,true,false
17812,152,Lubliniec,18.474,19.410,,1,120,,Vd) Linia 143; poc. pasażerskie,IZ Sosnowiec,false,true,true,false
17813,152,Lubliniec,18.474,19.410,,1,100,,Vd) Linia 143; poc. towarowe,IZ Sosnowiec,false,false,true,false
17814,152,Lubliniec,18.721,19.733,,2,,120,Vd) Linia 143; poc. pasażerskie,IZ Sosnowiec,false,true,true,false
17815,152,Lubliniec,18.721,19.733,,2,,100,Vd) Linia 143; poc. towarowe,IZ Sosnowiec,false,false,true,false
17816,153,Toszek Północ,9.880,10.800,,2,60,60,Vd) Linia 152,IZ Sosnowiec,false,true,true,false
17817,153,Toszek Północ,9.900,10.700,,1,60,60,Vd) Linia 152,IZ Sosnowiec,false,true,true,false
17818,153,Rudziniec Gliwicki,48.027,48.802,,1,120,120,Vd) Linia 137,IZ Sosnowiec,false,true,true,false
17819,154,Łazy,280.568,,"Wjazd na grupę ""C"" i rozrząd wagonów z górki, zachować szczególną ostrożność","4 2, 306, 308, 310, 312,",,,"*) Linia 1; Tory semaforów R2, O, N kier. zwrotny",IZ Sosnowiec,false,true,true,false
17820,154,Łazy,280.600,,,"314, 316, 318, 320, 322",,,,IZ Sosnowiec,false,true,true,false
17821,154,Łazy,276.965,280.241,,2ŁA,120,120,Vd) Linia 1; poc. pasażerskie,IZ Sosnowiec,false,true,true,false
17822,154,Łazy,276.965,280.241,,2ŁA,80,80,Vd) Linia 1; poc. towarowe,IZ Sosnowiec,false,false,true,false
17823,154,Łazy,277.080,280.141,,1ŁA,120,120,Vd) Linia 1; poc. pasażerskie,IZ Sosnowiec,false,true,true,false
17824,154,Łazy,277.080,280.141,,1ŁA,80,80,Vd) Linia 1; poc. towarowe,IZ Sosnowiec,false,false,true,false
17825,154,Łazy,280.141,280.910,,1,120,120,Vd) Linia 1; poc. pasażerskie,IZ Sosnowiec,false,true,true,false
17826,154,Łazy,280.141,280.910,,1,80,80,Vd) Linia 1; poc. towarowe,IZ Sosnowiec,false,false,true,false
17827,154,Łazy,280.241,281.010,,2,120,120,Vd) Linia 1; poc. pasażerskie,IZ Sosnowiec,false,true,true,false
17828,154,Łazy,280.241,281.010,,2,80,80,Vd) Linia 1; poc. towarowe,IZ Sosnowiec,false,false,true,false
17829,154,Łazy,280.910,283.615,,1ŁC,120,120,Vd) Linia 1; poc. pasażerskie,IZ Sosnowiec,false,true,true,false
17830,154,Łazy,280.910,283.615,,1ŁC,80,80,Vd) Linia 1; poc. towarowe,IZ Sosnowiec,false,false,true,false
17831,154,Łazy,281.010,283.699,,2ŁC,120,120,Vd) Linia 1; poc. pasażerskie,IZ Sosnowiec,false,true,true,false
17832,154,Łazy,281.010,283.699,,2ŁC,80,80,Vd) Linia 1; poc. towarowe,IZ Sosnowiec,false,false,true,false
17833,154,Łazy,277.513,278.745,,103,100,,Vd) Linia 160; poc. pasażerskie,IZ Sosnowiec,false,true,true,false
17834,154,Łazy,277.513,278.745,,103,80,,Vd) Linia 160; poc. towarowe,IZ Sosnowiec,false,false,true,false
17835,154,Łazy,278.745,280.461,,123,100,,Vd) Linia 160; poc. pasażerskie,IZ Sosnowiec,false,true,true,false
17836,154,Łazy,278.745,280.461,,123,80,,Vd) Linia 160; poc. towarowe,IZ Sosnowiec,false,false,true,false
17837,154,Łazy,280.461,280.830,,3A,100,,Vd) Linia 160; poc. pasażerskie,IZ Sosnowiec,false,true,true,false
17838,154,Łazy,280.461,280.830,,3A,80,,Vd) Linia 160; poc. towarowe,IZ Sosnowiec,false,false,true,false
17839,154,Łazy,280.830,281.593,,3ŁC,100,,Vd) Linia 160; poc. pasażerskie,IZ Sosnowiec,false,true,true,false
17840,154,Łazy,280.830,281.593,,3ŁC,80,,Vd) Linia 160; poc. towarowe,IZ Sosnowiec,false,false,true,false
17841,154,Łazy,281.593,281.664,,3ŁC,70,,Vd) Linia 160,IZ Sosnowiec,false,true,true,false
17842,154,Łazy,281.664,282.390,,3ŁC,80,,Vd) Linia 160,IZ Sosnowiec,false,true,true,false
17843,154,Łazy,282.390,282.868,,3ŁC,60,,Vd) Linia 160,IZ Sosnowiec,false,true,true,false
17844,154,Łazy,282.868,283.677,,3ŁC,80,,Vd) Linia 160,IZ Sosnowiec,false,true,true,false
17845,154,Łazy,277.067,278.268,,124,,40,Vd) Linia 186,IZ Sosnowiec,false,true,true,false
17846,154,Łazy,278.268,280.533,,324,,40,Vd) Linia 186,IZ Sosnowiec,false,true,true,false
17847,154,Łazy,280.533,283.420,,4,,80,Vd) Linia 186,IZ Sosnowiec,false,true,true,false
17848,155,Poraj,245.227,246.371,,2,160,160,Vd) Linia 1; poc. pasażerskie,IZ Sosnowiec,false,true,true,false
17849,155,Poraj,245.227,246.371,,2,120,120,Vd) Linia 1; poc. towarowe,IZ Sosnowiec,false,false,true,false
17850,157,Dębina podg - Strumień,4.532,5.052,Ograniczona widoczność czoła pociągu na przejeździe,"1, 2",,80,,IZ Sosnowiec,false,true,true,true
17851,157,Chybie,60.626,60.912,,1,,120,Vd) Linia 93,IZ Sosnowiec,false,true,true,false
17852,157,Chybie,60.652,60.912,,2,,120,Vd) Linia 93,IZ Sosnowiec,false,true,true,false
17853,157,Chybie,60.912,61.299,,"1, 2",120,,Vd) Linia 93,IZ Sosnowiec,false,true,true,false
17854,158,Chałupki,52.300,52.880,,"1, 2",90,90,Vd) Linia 151,IZ Sosnowiec,false,true,true,false
17855,159,Żory,21.673,22.500,,1,60,60,Vd) Linia 148,IZ Sosnowiec,false,true,true,false
17856,159,Pawłowice Śląskie,-0.810,0.000,,2,60,60,Vd) Linia 157,IZ Sosnowiec,false,true,true,false
17857,160,Zawiercie,275.050,275.270,Jazda z opuszczonymi pantografami,3A,,,*),IZ Sosnowiec,false,true,false,true
17858,160,Zawiercie,273.200,275.412,,1,120,120,Vd) Linia 1; poc. pasażerskie,IZ Sosnowiec,false,true,true,false
17859,160,Zawiercie,273.200,275.412,,1,80,80,Vd) Linia 1; poc. towarowe,IZ Sosnowiec,false,false,true,false
17860,160,Zawiercie,273.200,275.412,,2,120,120,Vd) Linia 1; poc. pasażerskie,IZ Sosnowiec,false,true,true,false
17861,160,Zawiercie,273.200,275.412,,2,80,80,Vd) Linia 1; poc. towarowe,IZ Sosnowiec,false,false,true,false
17862,160,Zawiercie,223.030,224.889,,3,110,110,Vd) Linia 4; poc. pasażerskie,IZ Sosnowiec,false,true,true,false
17863,160,Zawiercie,223.030,224.889,,3,100,100,Vd) Linia 4; poc. towarowe,IZ Sosnowiec,false,false,true,false
17864,160,Zawiercie,223.030,224.915,,4,110,110,Vd) Linia 4; poc. pasażerskie,IZ Sosnowiec,false,true,true,false
17865,160,Zawiercie,223.030,224.915,,4,100,100,Vd) Linia 4; poc. towarowe,IZ Sosnowiec,false,false,true,false
17866,160,Zawiercie,43.000,44.295,,21,90,90,Vd) Linia 182; poc. pasażerskie,IZ Sosnowiec,false,true,true,false
17867,160,Zawiercie,43.000,44.295,,21,80,80,Vd) Linia 182; poc. towarowe,IZ Sosnowiec,false,false,true,false
17868,160,Zawiercie,44.295,45.502,,7,90,90,Vd) Linia 182; poc. pasażerskie,IZ Sosnowiec,false,true,true,false
17869,160,Zawiercie,44.295,45.502,,7,80,80,Vd) Linia 182; poc. towarowe,IZ Sosnowiec,false,false,true,false
17870,160,Zawiercie,0.000,1.292,,25,60,60,Vd) Linia 705,IZ Sosnowiec,false,true,true,false
17871,160,Zawiercie,0.061,1.149,,23,60,60,Vd) Linia 705,IZ Sosnowiec,false,true,true,false
17872,160,Łazy,280.568,,,4,,,,IZ Sosnowiec,false,true,true,false
17873,160,Łazy,280.600,,,"314, 316, 318, 320, 322",,,,IZ Sosnowiec,false,true,true,false
17874,160,Łazy,276.965,280.241,,2ŁA,120,120,Vd) Linia 1; poc. pasażerskie,IZ Sosnowiec,false,true,true,false
17875,160,Łazy,276.965,280.241,,2ŁA,80,80,Vd) Linia 1; poc. towarowe,IZ Sosnowiec,false,false,true,false
17876,160,Łazy,277.080,280.141,,1ŁA,120,120,Vd) Linia 1; poc. pasażerskie,IZ Sosnowiec,false,true,true,false
17877,160,Łazy,277.080,280.141,,1ŁA,80,80,Vd) Linia 1; poc. towarowe,IZ Sosnowiec,false,false,true,false
17878,160,Łazy,280.141,280.910,,1,120,120,Vd) Linia 1; poc. pasażerskie,IZ Sosnowiec,false,true,true,false
17879,160,Łazy,280.141,280.910,,1,80,80,Vd) Linia 1; poc. towarowe,IZ Sosnowiec,false,false,true,false
17880,160,Łazy,280.241,281.010,,2,120,120,Vd) Linia 1; poc. pasażerskie,IZ Sosnowiec,false,true,true,false
17881,160,Łazy,280.241,281.010,,2,80,80,Vd) Linia 1; poc. towarowe,IZ Sosnowiec,false,false,true,false
17882,160,Łazy,280.910,283.615,,1ŁC,120,120,Vd) Linia 1; poc. pasażerskie,IZ Sosnowiec,false,true,true,false
17883,160,Łazy,280.910,283.615,,1ŁC,80,80,Vd) Linia 1; poc. towarowe,IZ Sosnowiec,false,false,true,false
17884,160,Łazy,281.010,283.699,,2ŁC,120,120,Vd) Linia 1; poc. pasażerskie,IZ Sosnowiec,false,true,true,false
17885,160,Łazy,281.010,283.699,,2ŁC,80,80,Vd) Linia 1; poc. towarowe,IZ Sosnowiec,false,false,true,false
17886,160,Łazy,-3.176,-1.822,,119,80,,Vd) Linia 154,IZ Sosnowiec,false,true,true,false
17887,160,Łazy,-1.822,-0.358,,125,80,,Vd) Linia 154,IZ Sosnowiec,false,true,true,false
17888,160,Łazy,-0.358,0.186,,7,80,,Vd) Linia 154,IZ Sosnowiec,false,true,true,false
17889,160,Łazy,0.100,3.250,,6,,80,Vd) Linia 154,IZ Sosnowiec,false,true,true,false
17890,160,Łazy,0.186,3.277,,7ŁC,80,,Vd) Linia 154,IZ Sosnowiec,false,true,true,false
17891,160,Łazy,277.067,278.268,,124,,40,Vd) Linia 186,IZ Sosnowiec,false,true,true,false
17892,160,Łazy,278.268,280.533,,324,,40,Vd) Linia 186,IZ Sosnowiec,false,true,true,false
17893,160,Łazy,280.533,283.420,,4,,80,Vd) Linia 186,IZ Sosnowiec,false,true,true,false
17894,161,Chorzów Stary,11.921,12.830,,"1, 2",120,120,Vd) Linia 131,IZ Sosnowiec,false,true,true,false
17895,163,Sosnowiec Kazimierz - Sosnowiec Maczki,4.400,4.684,Jazda z opuszczonymi pantografami,1,,,*),IZ Sosnowiec,false,true,false,true
17896,164,Chorzów Batory,5.720,6.034,,3,50,50,Vd) Linia 137,IZ Sosnowiec,false,true,true,false
17897,164,Chorzów Batory,5.720,5.990,,4,50,50,Vd) Linia 137,IZ Sosnowiec,false,true,true,false
17898,164,Chorzów Batory,6.009,6.273,,1,100,100,Vd) Linia 137,IZ Sosnowiec,false,true,true,false
17899,164,Chorzów Batory,6.009,6.272,,2,100,100,Vd) Linia 137,IZ Sosnowiec,false,true,true,false
17900,164,Ruda Kochłowice,6.100,7.200,Jazda obok miejsca robót.,"1, 2",,,*) Nowe! Linia 141,IZ Sosnowiec,false,true,true,true
17901,164,Ruda Kochłowice,6.100,7.200,,4,,,,IZ Sosnowiec,false,true,true,false
17902,164,Ruda Kochłowice,6.316,6.990,,1,50,50,Vd) Linia 141,IZ Sosnowiec,false,true,true,false
17903,164,Ruda Kochłowice,6.329,6.983,,2,50,50,Vd) Linia 141,IZ Sosnowiec,false,true,true,false
17904,165,Bytom Bobrek,20.195,20.900,,"1, 2",100,100,Vd) Linia 132,IZ Sosnowiec,false,true,true,false
17905,168,Gliwice,27.000,27.440,,5,100,100,Vd) Linia 137,IZ Sosnowiec,false,true,true,false
17906,168,Gliwice,27.100,27.490,,8,100,100,Vd) Linia 137,IZ Sosnowiec,false,true,true,false
17907,168,Gliwice,12.652,13.400,,6,80,80,Vd) Linia 147,IZ Sosnowiec,false,true,true,false
17908,168,Gliwice,-0.500,3.869,,601,60,60,Vd) Linia 200,IZ Sosnowiec,false,true,true,false
17909,168,Gliwice,-0.446,3.869,,602,60,60,Vd) Linia 200,IZ Sosnowiec,false,true,true,false
17910,168,Gliwice,4.080,4.280,Jazda z opuszczonymi pantografami,11,,,*),IZ Sosnowiec,false,true,false,true
17911,168,Gliwice,0.000,0.720,Nowo ułożony tor - tymczasowa geometria toru.,1,,,*) Linia 137,IZ Sosnowiec,false,true,true,true
17912,168,Gliwice,32.480,32.570,,2,,,,IZ Sosnowiec,false,true,true,true
17913,168,Gliwice,32.178,32.985,,"1, 2",110,110,Vd) Linia 137,IZ Sosnowiec,false,true,true,false
17914,169,Tychy,16.729,17.617,,2,100,100,Vd) Linia 139,IZ Sosnowiec,false,true,true,false
17915,169,Tychy,16.757,17.577,,1,100,100,Vd) Linia 139,IZ Sosnowiec,false,true,true,false
17916,171,Dąbrowa Górnicza Wschodnia,65.445,67.031,,1,120,120,Vd) Linia 62; poc. pasażerskie,IZ Sosnowiec,false,true,true,false
17917,171,Dąbrowa Górnicza Wschodnia,65.445,67.031,,1,100,100,Vd) Linia 62; poc. towarowe,IZ Sosnowiec,false,false,true,false
17918,171,Dąbrowa Górnicza Wschodnia,65.537,67.031,,2,120,120,Vd) Linia 62; poc. pasażerskie,IZ Sosnowiec,false,true,true,false
17919,171,Dąbrowa Górnicza Wschodnia,65.537,67.031,,2,100,100,Vd) Linia 62; poc. towarowe,IZ Sosnowiec,false,false,true,false
17920,171,Juliusz podg - Sosnowiec Dańdówka,21.217,21.233,Pogorszenie stanu mostu,"1, 2",20,20,,IZ Sosnowiec,false,true,true,true
17921,171,Sosnowiec Dańdówka - Stawiska podg,27.763,27.791,Pogorszenie stanu obiektu,2,20,20,,IZ Sosnowiec,false,true,true,true
17922,171,Stawiska podg - Katowice Muchowiec,33.900,33.974,Pogorszenie stanu wiaduktu,1,30,30,,IZ Sosnowiec,false,true,true,true
17923,172,Gierałtowice,5.910,6.765,,2,70,70,Vd) Linia 149,IZ Sosnowiec,false,true,true,false
17924,173,Sumina,57.850,58.581,,"1, 2",100,100,Vd) Linia 140,IZ Sosnowiec,false,true,true,false
17925,177,Racibórz - Pietrowice Wielkie,3.232,,Obsługa przejazdu przez drużynę pociągową,1,,,,IZ Sosnowiec,false,true,true,true
17926,182,Tarnowskie Góry,33.428,33.700,,723,40,40,Vd) Linia 127,IZ Sosnowiec,false,true,true,false
17927,182,Zawiercie,275.050,275.270,,3A,,,,IZ Sosnowiec,false,true,true,true
17928,182,Zawiercie,273.200,275.412,,1,120,120,Vd) Linia 1; poc. pasażerskie,IZ Sosnowiec,false,true,true,false
17929,182,Zawiercie,273.200,275.412,,1,80,80,Vd) Linia 1; poc. towarowe,IZ Sosnowiec,false,false,true,false
17930,182,Zawiercie,273.200,275.412,,2,120,120,Vd) Linia 1; poc. pasażerskie,IZ Sosnowiec,false,true,true,false
17931,182,Zawiercie,273.200,275.412,,2,80,80,Vd) Linia 1; poc. towarowe,IZ Sosnowiec,false,false,true,false
17932,182,Zawiercie,223.030,224.889,,3,110,110,Vd) Linia 4; poc. pasażerskie,IZ Sosnowiec,false,true,true,false
17933,182,Zawiercie,223.030,224.889,,3,100,100,Vd) Linia 4; poc. towarowe,IZ Sosnowiec,false,false,true,false
17934,182,Zawiercie,223.030,224.915,,4,110,110,Vd) Linia 4; poc. pasażerskie,IZ Sosnowiec,false,true,true,false
17935,182,Zawiercie,223.030,224.915,,4,100,100,Vd) Linia 4; poc. towarowe,IZ Sosnowiec,false,false,true,false
17936,182,Zawiercie,275.013,276.318,,3A,100,100,Vd) Linia 160; poc. pasażerskie,IZ Sosnowiec,false,true,true,false
17937,182,Zawiercie,275.013,276.318,,3A,80,80,Vd) Linia 160; poc. towarowe,IZ Sosnowiec,false,false,true,false
17938,182,Zawiercie,0.000,1.292,,25,60,60,Vd) Linia 705,IZ Sosnowiec,false,true,true,false
17939,182,Zawiercie,0.061,1.149,,23,60,60,Vd) Linia 705,IZ Sosnowiec,false,true,true,false
17940,183,Dąbrowa Górnicza Ząbkowice,291.625,292.617,,12,,120,Vd) Linia 1; poc. pasażerskie,IZ Sosnowiec,false,true,true,false
17941,183,Dąbrowa Górnicza Ząbkowice,291.625,292.617,,12,,80,Vd) Linia 1; poc. towarowe,IZ Sosnowiec,false,false,true,false
17942,183,Dąbrowa Górnicza Ząbkowice,292.617,293.556,,2,,120,Vd) Linia 1; poc. pasażerskie,IZ Sosnowiec,false,true,true,false
17943,183,Dąbrowa Górnicza Ząbkowice,292.617,293.556,,2,,80,Vd) Linia 1; poc. towarowe,IZ Sosnowiec,false,false,true,false
17944,183,Dąbrowa Górnicza Ząbkowice,-1.174,-0.178,,16,,120,Vd) Linia 133; poc. pasażerskie,IZ Sosnowiec,false,true,true,false
17945,183,Dąbrowa Górnicza Ząbkowice,-1.174,-0.178,,16,,100,Vd) Linia 133; poc. towarowe,IZ Sosnowiec,false,false,true,false
17946,183,Dąbrowa Górnicza Ząbkowice,-0.178,0.250,,8A,,120,Vd) Linia 133; poc. pasażerskie,IZ Sosnowiec,false,true,true,false
17947,183,Dąbrowa Górnicza Ząbkowice,-0.178,0.250,,8A,,100,Vd) Linia 133; poc. towarowe,IZ Sosnowiec,false,false,true,false
17948,183,Dąbrowa Górnicza Ząbkowice,0.250,0.477,,8B,,120,Vd) Linia 133; poc. pasażerskie,IZ Sosnowiec,false,true,true,false
17949,183,Dąbrowa Górnicza Ząbkowice,0.250,0.477,,8B,,100,Vd) Linia 133; poc. towarowe,IZ Sosnowiec,false,false,true,false
17950,186,Zawiercie,274.920,275.270,Jazda z opuszczonymi pantografami,4A,,,*),IZ Sosnowiec,false,true,false,true
17951,186,Zawiercie,275.015,275.380,Jazda z opuszczonymi pantografami,4A,,,*),IZ Sosnowiec,false,true,false,true
17952,186,Zawiercie,273.200,275.412,,1,120,120,Vd) Linia 1; poc. pasażerskie,IZ Sosnowiec,false,true,true,false
17953,186,Zawiercie,273.200,275.412,,1,80,80,Vd) Linia 1; poc. towarowe,IZ Sosnowiec,false,false,true,false
17954,186,Zawiercie,273.200,275.412,,2,120,120,Vd) Linia 1; poc. pasażerskie,IZ Sosnowiec,false,true,true,false
17955,186,Zawiercie,273.200,275.412,,2,80,80,Vd) Linia 1; poc. towarowe,IZ Sosnowiec,false,false,true,false
17956,186,Zawiercie,223.030,224.889,,3,110,110,Vd) Linia 4; poc. pasażerskie,IZ Sosnowiec,false,true,true,false
17957,186,Zawiercie,223.030,224.889,,3,100,100,Vd) Linia 4; poc. towarowe,IZ Sosnowiec,false,false,true,false
17958,186,Zawiercie,223.030,224.915,,4,110,110,Vd) Linia 4; poc. pasażerskie,IZ Sosnowiec,false,true,true,false
17959,186,Zawiercie,223.030,224.915,,4,100,100,Vd) Linia 4; poc. towarowe,IZ Sosnowiec,false,false,true,false
17960,186,Zawiercie,43.000,44.295,,21,90,90,Vd) Linia 182; poc. pasażerskie,IZ Sosnowiec,false,true,true,false
17961,186,Zawiercie,43.000,44.295,,21,80,80,Vd) Linia 182; poc. towarowe,IZ Sosnowiec,false,false,true,false
17962,186,Zawiercie,44.295,45.502,,7,90,90,Vd) Linia 182; poc. pasażerskie,IZ Sosnowiec,false,true,true,false
17963,186,Zawiercie,44.295,45.502,,7,80,80,Vd) Linia 182; poc. towarowe,IZ Sosnowiec,false,false,true,false
17964,186,Łazy,280.568,,"Wjazd na grupę ""C"" i rozrząd wagonów z górki, zachować szczególną ostrożność Wjazd na grupę ""C"" i rozrząd wagonów z górki, zachować szczególną ostrożność","4 2, 306, 308, 310, 312,",,,"*) kier. zwrotny *) Linia 1; Tory semaforów R2, O, N kier. zwrotny",IZ Sosnowiec,false,true,false,true
17965,186,Łazy,280.600,,,"314, 316, 318, 320, 322",,,,IZ Sosnowiec,false,true,true,false
17966,186,Łazy,276.965,280.241,,2ŁA,120,120,Vd) Linia 1; poc. pasażerskie,IZ Sosnowiec,false,true,true,false
17967,186,Łazy,276.965,280.241,,2ŁA,80,80,Vd) Linia 1; poc. towarowe,IZ Sosnowiec,false,false,true,false
17968,186,Łazy,277.080,280.141,,1ŁA,120,120,Vd) Linia 1; poc. pasażerskie,IZ Sosnowiec,false,true,true,false
17969,186,Łazy,277.080,280.141,,1ŁA,80,80,Vd) Linia 1; poc. towarowe,IZ Sosnowiec,false,false,true,false
17970,186,Łazy,280.141,280.910,,1,120,120,Vd) Linia 1; poc. pasażerskie,IZ Sosnowiec,false,true,true,false
17971,186,Łazy,280.141,280.910,,1,80,80,Vd) Linia 1; poc. towarowe,IZ Sosnowiec,false,false,true,false
17972,186,Łazy,280.241,281.010,,2,120,120,Vd) Linia 1; poc. pasażerskie,IZ Sosnowiec,false,true,true,false
17973,186,Łazy,280.241,281.010,,2,80,80,Vd) Linia 1; poc. towarowe,IZ Sosnowiec,false,false,true,false
17974,186,Łazy,280.910,283.615,,1ŁC,120,120,Vd) Linia 1; poc. pasażerskie,IZ Sosnowiec,false,true,true,false
17975,186,Łazy,280.910,283.615,,1ŁC,80,80,Vd) Linia 1; poc. towarowe,IZ Sosnowiec,false,false,true,false
17976,186,Łazy,281.010,283.699,,2ŁC,120,120,Vd) Linia 1; poc. pasażerskie,IZ Sosnowiec,false,true,true,false
17977,186,Łazy,281.010,283.699,,2ŁC,80,80,Vd) Linia 1; poc. towarowe,IZ Sosnowiec,false,false,true,false
17978,186,Łazy,-3.176,-1.822,,119,80,,Vd) Linia 154,IZ Sosnowiec,false,true,true,false
17979,186,Łazy,-1.822,-0.358,,125,80,,Vd) Linia 154,IZ Sosnowiec,false,true,true,false
17980,186,Łazy,-0.358,0.186,,7,80,,Vd) Linia 154,IZ Sosnowiec,false,true,true,false
17981,186,Łazy,0.100,3.250,,6,,80,Vd) Linia 154,IZ Sosnowiec,false,true,true,false
17982,186,Łazy,0.186,3.277,,7ŁC,80,,Vd) Linia 154,IZ Sosnowiec,false,true,true,false
17983,186,Łazy,277.513,278.745,,103,100,,Vd) Linia 160; poc. pasażerskie,IZ Sosnowiec,false,true,true,false
17984,186,Łazy,277.513,278.745,,103,80,,Vd) Linia 160; poc. towarowe,IZ Sosnowiec,false,false,true,false
17985,186,Łazy,278.745,280.461,,123,100,,Vd) Linia 160; poc. pasażerskie,IZ Sosnowiec,false,true,true,false
17986,186,Łazy,278.745,280.461,,123,80,,Vd) Linia 160; poc. towarowe,IZ Sosnowiec,false,false,true,false
17987,186,Łazy,280.461,280.830,,3A,100,,Vd) Linia 160; poc. pasażerskie,IZ Sosnowiec,false,true,true,false
17988,186,Łazy,280.461,280.830,,3A,80,,Vd) Linia 160; poc. towarowe,IZ Sosnowiec,false,false,true,false
17989,186,Łazy,280.830,281.593,,3ŁC,100,,Vd) Linia 160; poc. pasażerskie,IZ Sosnowiec,false,true,true,false
17990,186,Łazy,280.830,281.593,,3ŁC,80,,Vd) Linia 160; poc. towarowe,IZ Sosnowiec,false,false,true,false
17991,186,Łazy,281.593,281.664,,3ŁC,70,,Vd) Linia 160,IZ Sosnowiec,false,true,true,false
17992,186,Łazy,281.664,282.390,,3ŁC,80,,Vd) Linia 160,IZ Sosnowiec,false,true,true,false
17993,186,Łazy,282.390,282.868,,3ŁC,60,,Vd) Linia 160,IZ Sosnowiec,false,true,true,false
17994,186,Łazy,282.868,283.677,,3ŁC,80,,Vd) Linia 160,IZ Sosnowiec,false,true,true,false
17995,188,Bytom Bobrek,20.195,20.900,,"1, 2",100,100,Vd) Linia 132,IZ Sosnowiec,false,true,true,false
17996,189,Zabrze Biskupice,22.430,23.660,,3,100,100,Vd) Linia 132,IZ Sosnowiec,false,true,true,false
17997,189,Zabrze Biskupice,-0.501,0.798,,2,100,100,Vd) Linia 147,IZ Sosnowiec,false,true,true,false
17998,189,Zabrze Biskupice,-0.470,0.330,,1,100,100,Vd) Linia 147,IZ Sosnowiec,false,true,true,false
17999,190,Bielsko-Biała Główna,-0.400,-0.300,Brak krzywej przejściowej,6,40,40,,IZ Sosnowiec,false,true,true,true
18000,190,Goleszów,-0.081,-0.014,,4,,60,Vd) Linia 191,IZ Sosnowiec,false,true,true,false
18001,190,Goleszów,-0.014,0.122,,4,60,,Vd) Linia 191,IZ Sosnowiec,false,true,true,false
18002,190,Goleszów - Cieszyn,34.738,34.958,Ograniczona widoczność czoła pociągu na przejeździe,1,60,,,IZ Sosnowiec,false,true,true,true
18003,190,Cieszyn,29.270,29.405,,3,,40,Vd) Linia 90,IZ Sosnowiec,false,true,true,false
18004,190,Cieszyn,29.270,29.405,,3,40,,Vd) Linia 90,IZ Sosnowiec,false,true,true,false
18005,190,Cieszyn - Cieszyn Roz.102,39.600,39.630,Ograniczenie prędkości jazdy po rozjeździe na kierunek zwrotny,1,40,,,IZ Sosnowiec,false,true,true,true
18006,190,Cieszyn - Cieszyn Roz.102,39.635,39.640,Brak widoczności czoła pociągu na przejściu,1Ł,20,20,,IZ Sosnowiec,false,true,true,false
18007,190,Cieszyn - Cieszyn Roz.102,40.070,40.120,Ograniczenie prędkości jazdy po rozjeździe na kierunek zwrotny,1,40,,,IZ Sosnowiec,false,true,true,true
18008,191,Goleszów - Ustroń,0.250,0.400,Jazda z opuszczonymi pantografami,1,,,*),IZ Sosnowiec,false,true,false,true
18009,191,Wisła Uzdrowisko - Wisła Głębce,19.363,,"Brak widoczności tarczy przejazdowej Top 186 w km 19,363.",1,,,*),IZ Sosnowiec,false,true,false,true
18010,199,Rudziniec Gliwicki,48.027,48.802,,1,120,120,Vd) Linia 137,IZ Sosnowiec,false,true,true,false
18011,199,Rudziniec Gliwicki,18.475,19.227,,8,90,90,Vd) Linia 153,IZ Sosnowiec,false,true,true,false
18012,200,Gliwice,27.000,27.440,,5,100,100,Vd) Linia 137,IZ Sosnowiec,false,true,true,false
18013,200,Gliwice,27.100,27.490,,8,100,100,Vd) Linia 137,IZ Sosnowiec,false,true,true,false
18014,200,Gliwice,12.652,13.400,,6,80,80,Vd) Linia 147,IZ Sosnowiec,false,true,true,false
18015,200,Gliwice Sośnica,20.530,21.130,,"1, 2",50,50,Vd) Linia 141,IZ Sosnowiec,false,true,true,false
18016,652,Katowice Muchowiec R 233 - Staszic podg,0.260,0.700,Ograniczona widoczność czoła pociągu na przejściu,1,40,40,,IZ Sosnowiec,false,true,true,true
18017,655,Mysłowice MwB R166 - Stawiska Sk1 R.3,0.770,0.779,Pogorszony stan wiaduktu,1,20,20,,IZ Sosnowiec,false,true,true,true
18018,656,Katowice,317.311,317.550,,13,,,,IZ Sosnowiec,false,true,true,true
18019,656,Katowice,317.350,317.750,,13,70,70,Vd) Linia 1,IZ Sosnowiec,false,true,true,false
18020,656,Katowice,32.210,32.405,,18,100,100,Vd) Linia 138,IZ Sosnowiec,false,true,true,false
18021,656,Katowice,32.264,32.405,,14,100,100,Vd) Linia 138,IZ Sosnowiec,false,true,true,false
18022,657,Stawiska SK1 R2 - Katowice Muchowiec podg,5.840,5.900,Pogorszony stan wiaduktu,1,30,30,,IZ Sosnowiec,false,true,true,true
18023,659,Będzin – Sosnowiec Główny,1.450,2.690,Układ geometryczny toru,1,60,60,*),IZ Sosnowiec,false,true,false,true
18024,667,Sosnowiec Maczki - Długoszyn podg,1.690,1.823,Jazda z opuszczonymi pantografami,1,,,*),IZ Sosnowiec,false,true,false,true
18025,668,Jaworzno Szczakowa JSB - Długoszyn podg,0.130,0.180,Jazda z opuszczonymi pantografami,1,,,*),IZ Sosnowiec,false,true,false,true
18026,672,Zabrze Makoszowy Kopalnia,17.960,18.760,,"1, 2",80,80,Vd) Linia 141,IZ Sosnowiec,false,true,true,false
18027,672,Zabrze Makoszowy Kopalnia,0.080,0.700,,"6, 4",40,40,Vd) Linia 677,IZ Sosnowiec,false,true,true,false
18028,677,Zabrze Makoszowy Kopalnia,17.960,18.760,,"1, 2",80,80,Vd) Linia 141,IZ Sosnowiec,false,true,true,false
18029,677,Zabrze Makoszowy Kopalnia,2.700,3.400,,"3, 5",60,60,Vd) Linia 672,IZ Sosnowiec,false,true,true,false
18030,679,Chałupki,52.300,52.880,,"1, 2",90,90,Vd) Linia 151,IZ Sosnowiec,false,true,true,false
18031,687,Herby Stare,133.560,134.972,,2,120,120,Vd) Linia 61,IZ Sosnowiec,false,true,true,false
18032,687,Herby Stare,133.616,134.961,,1,120,120,Vd) Linia 61,IZ Sosnowiec,false,true,true,false
18033,700,Częstochowa,229.206,229.245,,1A,120,120,Vd) Linia 1; poc. pasażerskie,IZ Sosnowiec,false,true,true,false
18034,700,Częstochowa,229.206,229.245,,1A,100,100,Vd) Linia 1; poc. towarowe,IZ Sosnowiec,false,false,true,false
18035,700,Częstochowa,229.245,229.459,,1A,100,100,Vd) Linia 1,IZ Sosnowiec,false,true,true,false
18036,700,Częstochowa,229.245,229.821,,2,100,100,Vd) Linia 1,IZ Sosnowiec,false,true,true,false
18037,700,Częstochowa,229.459,229.782,,1,100,100,Vd) Linia 1,IZ Sosnowiec,false,true,true,false
18038,700,Częstochowa,229.782,230.377,,1B,100,100,Vd) Linia 1,IZ Sosnowiec,false,true,true,false
18039,700,Częstochowa,229.821,230.342,,2A,100,100,Vd) Linia 1,IZ Sosnowiec,false,true,true,false
18040,700,Częstochowa Stradom,116.677,117.600,,1,80,80,Vd) Linia 61,IZ Sosnowiec,false,true,true,false
18041,700,Częstochowa Stradom,116.742,118.405,,2,120,120,Vd) Linia 61,IZ Sosnowiec,false,true,true,false
18042,700,Częstochowa Stradom,117.600,118.485,,1,120,120,Vd) Linia 61,IZ Sosnowiec,false,true,true,false
18043,701,Częstochowa,229.206,229.245,,1A,120,120,Vd) Linia 1; poc. pasażerskie,IZ Sosnowiec,false,true,true,false
18044,701,Częstochowa,229.206,229.245,,1A,100,100,Vd) Linia 1; poc. towarowe,IZ Sosnowiec,false,false,true,false
18045,701,Częstochowa,229.245,229.459,,1A,100,100,Vd) Linia 1,IZ Sosnowiec,false,true,true,false
18046,701,Częstochowa,229.245,229.821,,2,100,100,Vd) Linia 1,IZ Sosnowiec,false,true,true,false
18047,701,Częstochowa,229.821,230.342,,2A,100,100,Vd) Linia 1,IZ Sosnowiec,false,true,true,false
18048,701,Częstochowa Towarowa,231.719,233.248,,2,120,120,Vd) Linia 1; poc. pasażerskie,IZ Sosnowiec,false,true,true,false
18049,701,Częstochowa Towarowa,231.719,233.248,,2,110,110,Vd) Linia 1; poc. towarowe,IZ Sosnowiec,false,false,true,false
18050,702,Częstochowa Stradom,116.677,117.600,,1,80,80,Vd) Linia 61,IZ Sosnowiec,false,true,true,false
18051,702,Częstochowa Stradom,116.742,118.405,,2,120,120,Vd) Linia 61,IZ Sosnowiec,false,true,true,false
18052,702,Częstochowa Stradom,117.600,118.485,,1,120,120,Vd) Linia 61,IZ Sosnowiec,false,true,true,false
18053,704,Herby Stare,133.560,134.972,,2,120,120,Vd) Linia 61,IZ Sosnowiec,false,true,true,false
18054,704,Herby Stare,133.616,134.961,,1,120,120,Vd) Linia 61,IZ Sosnowiec,false,true,true,false
18055,709,Kędzierzyn - Koźle,0.598,0.602,Brak widoczności na przejeździe,1,,20,,IZ Sosnowiec,false,true,true,true
18056,709,Kędzierzyn - Koźle - Stare Koźle podg,2.000,2.050,Obiekt w przebudowie,1,50,50,,IZ Sosnowiec,false,true,true,true
18057,709,Kędzierzyn - Koźle - Stare Koźle podg,3.300,3.350,Obiekt w przebudowie,1,30,30,,IZ Sosnowiec,false,true,true,true
18058,713,Chorzów Batory,4.100,4.130,Jazda z opuszczonymi pantografami,1,,,*),IZ Sosnowiec,false,true,false,true
18059,713,Chorzów Batory,5.720,6.034,,3,50,50,Vd) Linia 137,IZ Sosnowiec,false,true,true,false
18060,713,Chorzów Batory,5.720,5.990,,4,50,50,Vd) Linia 137,IZ Sosnowiec,false,true,true,false
18061,713,Chorzów Batory,6.009,6.273,,1,100,100,Vd) Linia 137,IZ Sosnowiec,false,true,true,false
18062,713,Chorzów Batory,6.009,6.272,,2,100,100,Vd) Linia 137,IZ Sosnowiec,false,true,true,false
18063,863,Knurów,0.000,2.300,,101,,,,IZ Sosnowiec,false,true,true,true
18064,863,Knurów - Budryk,4.500,,Pogorszenie stanu toru,"100, 101",,,*) Linia JSK,IZ Sosnowiec,false,true,true,true
18065,863,Knurów - Budryk,6.300,9.234,,100,,,,IZ Sosnowiec,false,true,true,true
18066,873,Pawłowice Śląskie,-0.810,0.000,,2,60,60,Vd) Linia 157,IZ Sosnowiec,false,true,true,false
18067,876,Wodzisław Śląski,7.300,8.200,,"1, 2",60,60,Vd) Linia 158,IZ Sosnowiec,false,true,true,false
18068,885,Nowy Bieruń,0.100,1.100,Czynne szkody górnicze,"1, 2",20,20,,IZ Sosnowiec,false,true,true,true
18069,891,Raszowa podg - Zdzieszowice Koksownia,0.041,0.272,Po wymianie/naprawie elementów rozjazdu,127,20,20,*),IZ Sosnowiec,false,true,false,true
18070,891,Zdzieszowice Koksownia,1.480,2.210,Zabudowana waga wagonowa,126,8,8,Przejazd całą długością pociągu,IZ Sosnowiec,false,true,true,true
18071,894,Ruda Bielszowice,13.400,15.060,,1,,,,IZ Sosnowiec,false,true,true,true
18072,950,Tarnowskie Góry,33.428,33.700,,723,40,40,Vd) Linia 127,IZ Sosnowiec,false,true,true,false
18073,950,Tarnowskie Góry,0.350,0.800,,31,70,70,Vd) Linia 144,IZ Sosnowiec,false,true,true,false
18074,950,Tarnowskie Góry,0.800,1.200,,31A,70,70,Vd) Linia 144,IZ Sosnowiec,false,true,true,false
18075,951,Tarnowskie Góry,33.428,33.700,,723,40,40,Vd) Linia 127,IZ Sosnowiec,false,true,true,false
18076,951,Tarnowskie Góry,1.094,1.932,,780,40,40,Vd) Linia 950,IZ Sosnowiec,false,true,true,false
18077,951,Tarnowskie Góry,1.932,2.390,,780,20,20,Vd) Linia 950,IZ Sosnowiec,false,true,true,false
18078,9,Nasielsk - Gąsocin,70.550,71.470,Ograniczenie V max. na przejeździe,"1, 2",160,,,IZ Gdynia,false,true,true,true
18079,9,Świercze pogp - Gąsocin,71.450,73.667,Ograniczenie V max. na przejeździe,"1, 2",,160,,IZ Gdynia,false,true,true,true
18080,9,Działdowo,-0.214,0.468,,6,80,,"Vd) Linia 208; poc. pasażerskie, szynobusy",IZ Gdynia,false,true,true,false
18081,9,Działdowo,-0.214,0.468,,6,60,,Vd) Linia 208; poc towarowe,IZ Gdynia,false,true,true,false
18082,9,Działdowo,-0.460,0.486,,4,80,,"Vd) Linia 216; poc pasażerskie, szynobusy i towarowe",IZ Gdynia,false,true,true,false
18083,9,Iława,229.022,229.766,,5,120,,Vd) Linia 353,IZ Gdynia,false,true,true,false
18084,9,Iława,229.080,229.892,,4,120,,Vd) Linia 353,IZ Gdynia,false,true,true,false
18085,9,Iława,229.160,230.041,,5,,120,Vd) Linia 353,IZ Gdynia,false,true,true,false
18086,9,Iława,229.244,230.049,,4,,120,Vd) Linia 353,IZ Gdynia,false,true,true,false
18087,9,Redaki - Susz,228.816,230.400,Ograniczenie V max. na przejeździe,"1, 2",160,,,IZ Gdynia,false,true,true,true
18088,9,Susz - Prabuty,233.200,234.960,Urządzenia ETCS nieprzystosowane do prędkości rozkładowej,"1, 2",,160,,IZ Gdynia,false,true,true,true
18089,9,Mleczewo - Malbork,267.550,267.950,Jazda obok miejsca robót. Niestabilność podtorza pod nasypem kolejowym,1,40,40,*) Nowe!,IZ Gdynia,true,true,false,true
18090,9,Mleczewo - Malbork,267.650,267.850,Niestabilność grantu pod nasypem kolejowym,2,40,40,,IZ Gdynia,false,true,true,true
18091,9,Tczew,497.830,498.800,,4,60,,Vd) Linia 131,IZ Gdynia,false,true,true,false
18092,9,Tczew,497.860,498.560,,6,60,,Vd) Linia 131,IZ Gdynia,false,true,true,false
18093,9,Tczew,498.000,498.900,,4,,60,Vd) Linia 131,IZ Gdynia,false,true,true,false
18094,9,Tczew,498.000,498.860,,6,,60,Vd) Linia 131,IZ Gdynia,false,true,true,false
18095,9,Pszczółki,3.790,4.712,,3,100,,Vd) Linia 260; poc towarowe,IZ Gdynia,false,true,true,false
18096,9,Pszczółki,3.900,4.910,,3,,100,Vd) Linia 260; Poc. towarowe,IZ Gdynia,false,false,true,false
18097,9,Pszczółki,3.765,4.720,,4,80,,Vd) Linia 265; poc towarowe,IZ Gdynia,false,true,true,false
18098,9,Pszczółki,3.765,4.720,,4,100,,"Vd) Linia 265; Poc. pasażerskie, szynobusy",IZ Gdynia,false,true,true,false
18099,9,Pszczółki,3.781,4.826,,4,,80,Vd) Linia 265; Poc. towarowe,IZ Gdynia,false,false,true,false
18100,9,Pszczółki,3.871,4.826,,4,,100,"Vd) Linia 265; Poc. pasażerskie, szynobusy",IZ Gdynia,false,true,true,false
18101,9,Pruszcz Gdański,-0.977,-0.017,,3,120,,Vd) Linia 226; Poc. towarowe,IZ Gdynia,false,false,true,false
18102,9,Pruszcz Gdański,-0.885,0.017,,3,,120,Vd) Linia 226; Poc. towarowe,IZ Gdynia,false,false,true,false
18103,9,Pruszcz Gdański,-0.676,0.115,,4,60,,Vd) Linia 226,IZ Gdynia,false,true,true,false
18104,9,Pruszcz Gdański,-0.550,0.276,,4,,60,Vd) Linia 226,IZ Gdynia,false,true,true,false
18105,18,Włocławek Brzezie,60.060,60.905,Pogorszenie stanu toru Pogorszenie stanu toru,13,20,20,Linia 353,IZ Gdynia,false,true,true,false
18106,18,Włocławek Brzezie,135.158,135.683,,11,,,,IZ Gdynia,false,true,true,true
18107,18,Włocławek Brzezie,134.850,135.899,,5,40,40,Vd) Linia 353,IZ Gdynia,false,true,true,true
18108,18,Włocławek Brzezie,134.880,135.727,,7,40,40,Vd) Linia 353,IZ Gdynia,false,true,true,true
18109,18,Nakło n/Notecią,234.584,235.647,,4,20,20,Vd) Linia 281,IZ Gdynia,false,true,true,false
18110,27,Nasielsk - Płońsk,1.800,1.890,Ograniczona widoczność czoła pociągu na przejeździe,1,80,,,IZ Gdynia,false,true,true,true
18111,27,Nasielsk - Płońsk,7.725,8.055,Ograniczona widoczność czoła pociągu na przejeździe,1,60,,,IZ Gdynia,false,true,true,true
18112,27,Nasielsk - Płońsk,11.032,11.362,Ograniczona widoczność czoła pociągu na przejeździe,1,60,,,IZ Gdynia,false,true,true,true
18113,27,Nasielsk - Płońsk,11.362,11.692,Ograniczona widoczność czoła pociągu na przejeździe,1,,60,,IZ Gdynia,false,true,true,true
18114,27,Nasielsk - Płońsk,11.814,12.144,Ograniczona widoczność czoła pociągu na przejeździe,1,60,,,IZ Gdynia,false,true,true,true
18115,27,Nasielsk - Płońsk,12.144,12.679,Ograniczona widoczność czoła pociągu na przejeździe,1,70,,,IZ Gdynia,false,true,true,true
18116,27,Nasielsk - Płońsk,12.679,13.009,Ograniczona widoczność czoła pociągu na przejeździe,1,,60,,IZ Gdynia,false,true,true,true
18117,27,Nasielsk - Płońsk,14.215,14.632,Ograniczona widoczność czoła pociągu na przejeździe i miejscowe warunki eksploatacyjne,1,,60,,IZ Gdynia,false,true,true,true
18118,27,Nasielsk - Płońsk,14.302,14.632,Ograniczona widoczność czoła pociągu na przejeździe,1,60,,,IZ Gdynia,false,true,true,true
18119,27,Nasielsk - Płońsk,14.632,14.852,Ograniczona widoczność czoła pociągu na przejeździe,1,,40,,IZ Gdynia,false,true,true,true
18120,27,Nasielsk - Płońsk,19.106,19.491,Ograniczona widoczność czoła pociągu na przejeździe,1,70,,,IZ Gdynia,false,true,true,true
18121,27,Nasielsk - Płońsk,20.465,20.795,Ograniczona widoczność czoła pociągu na przejeździe,1,,60,,IZ Gdynia,false,true,true,true
18122,27,Nasielsk - Płońsk,23.154,23.164,Duża wypadkowość na przejeździe kolejowo- drogowym,1,50,50,,IZ Gdynia,false,true,true,true
18123,27,Nasielsk - Płońsk,24.143,25.027,Ograniczona widoczność czoła pociągu na przejeździe i miejscowe warunki eksploatacyjne,1,60,,,IZ Gdynia,false,true,true,true
18124,27,Nasielsk - Płońsk,24.473,25.354,Ograniczona widoczność czoła pociągu na przejeździe i miejscowe warunki eksploatacyjne,1,,60,,IZ Gdynia,false,true,true,true
18125,27,Płońsk - Raciąż,32.813,33.143,Ograniczona widoczność czoła pociągu na przejeździe,1,60,,,IZ Gdynia,false,true,true,true
18126,27,Płońsk - Raciąż,33.143,33.473,Ograniczona widoczność czoła pociągu na przejeździe,1,,60,,IZ Gdynia,false,true,true,true
18127,27,Płońsk - Raciąż,33.912,34.242,Ograniczona widoczność czoła pociągu na przejeździe,1,,60,,IZ Gdynia,false,true,true,true
18128,27,Płońsk - Raciąż,34.935,35.265,Ograniczona widoczność czoła pociągu na przejeździe,1,60,,,IZ Gdynia,false,true,true,true
18129,27,Płońsk - Raciąż,46.926,47.256,Ograniczona widoczność czoła pociągu na przejeździe,1,60,,,IZ Gdynia,false,true,true,true
18130,27,Raciąż - Sierpc,57.898,58.448,Ograniczona widoczność czoła pociągu na przejeździe,1,,100,,IZ Gdynia,false,true,true,true
18131,27,Raciąż - Sierpc,63.586,64.136,Ograniczona widoczność czoła pociągu na przejeździe,1,100,,,IZ Gdynia,false,true,true,true
18132,27,Raciąż - Sierpc,64.136,64.686,Ograniczona widoczność czoła pociągu na przejeździe,1,,100,,IZ Gdynia,false,true,true,true
18133,27,Raciąż - Sierpc,75.618,76.168,Ograniczona widoczność czoła pociągu na przejeździe,1,100,,,IZ Gdynia,false,true,true,true
18134,27,Raciąż - Sierpc,76.168,76.718,Ograniczona widoczność czoła pociągu na przejeździe,1,,100,,IZ Gdynia,false,true,true,true
18135,27,Raciąż - Sierpc,76.752,77.192,Ograniczona widoczność czoła pociągu na przejeździe,1,80,,,IZ Gdynia,false,true,true,true
18136,27,Raciąż - Sierpc,83.981,84.531,Ograniczona widoczność czoła pociągu na przejeździe,1,100,,,IZ Gdynia,false,true,true,true
18137,27,Sierpc,86.988,87.567,,3,,50,Vd) Linia 33,IZ Gdynia,false,true,true,false
18138,27,Sierpc,87.567,88.421,,3a,,50,Vd) Linia 33,IZ Gdynia,false,true,true,false
18139,27,Sierpc - Skępe,89.838,90.058,Ograniczona widoczność czoła pociągu na przejeździe,1,40,,,IZ Gdynia,false,true,true,true
18140,27,Lipno - Czernikowo,136.808,137.028,Ograniczona widoczność czoła pociągu na przejeździe,1,40,,,IZ Gdynia,false,true,true,true
18141,27,Czernikowo - Lubicz,149.108,149.438,Ograniczona widoczność czoła pociągu na przejeździe,1,,60,,IZ Gdynia,false,true,true,true
18142,33,Sierpc,87.751,88.329,,1,,50,Vd) Linia 27; poc pasażerskie i towarowe,IZ Gdynia,false,true,true,false
18143,33,Sierpc,87.751,88.329,,1,,60,Vd) Linia 27; szynobusy,IZ Gdynia,false,true,true,false
18144,33,Sierpc,88.329,89.017,,1a,,50,Vd) Linia 27; poc pasażerskie i towarowe,IZ Gdynia,false,true,true,false
18145,33,Sierpc,88.329,89.017,,1a,,60,Vd) Linia 27; szynobusy,IZ Gdynia,false,true,true,false
18146,33,Sierpc - Brodnica,91.032,91.365,Ograniczona widoczność czoła pociągu na przejeździe,1,60,,,IZ Gdynia,false,true,true,true
18147,33,Sierpc - Brodnica,119.036,119.476,Ograniczona widoczność czoła pociągu na przejeździe,1,80,,Nowe!,IZ Gdynia,true,true,true,true
18148,33,Sierpc - Brodnica,119.989,120.429,Ograniczona widoczność czoła pociągu na przejeździe,1,,80,Nowe!,IZ Gdynia,true,true,true,true
18149,33,Sierpc - Brodnica,125.872,126.422,Ograniczona widoczność czoła pociągu na przejeździe,1,100,,*) Nowe!,IZ Gdynia,true,true,false,true
18150,33,Sierpc - Brodnica,128.223,128.663,Ograniczona widoczność czoła pociągu na przejeździe,1,,80,*) Nowe!,IZ Gdynia,true,true,false,true
18151,33,Sierpc - Brodnica,129.294,129.624,Ograniczona widoczność czoła pociągu na przejeździe,1,,60,,IZ Gdynia,false,true,true,true
18152,33,Sierpc - Brodnica,131.960,132.180,Ograniczona widoczność czoła pociągu na przejeździe,1,40,,,IZ Gdynia,false,true,true,true
18153,33,Sierpc - Brodnica,137.625,138.065,Ograniczona widoczność czoła pociągu na przejeździe,1,80,,*) Nowe!,IZ Gdynia,true,true,false,true
18154,33,Sierpc - Brodnica,138.065,138.505,Ograniczona widoczność czoła pociągu na przejeździe,1,,80,*) Nowe!,IZ Gdynia,true,true,false,true
18155,33,Sierpc - Brodnica,139.300,139.520,Ograniczona widoczność czoła pociągu na przejeździe,1,40,,,IZ Gdynia,false,true,true,true
18156,33,Sierpc - Brodnica,139.520,139.960,Ograniczona widoczność czoła pociągu na przejeździe,1,,80,Nowe!,IZ Gdynia,true,true,true,true
18157,33,Sierpc - Brodnica,140.768,141.098,Ograniczona widoczność czoła pociągu na przejeździe,1,60,,,IZ Gdynia,false,true,true,true
18158,33,Brodnica,54.300,55.285,,3,60,,Vd) Linia 208; szynobusy i poc pasażerskie,IZ Gdynia,false,true,true,false
18159,33,Brodnica,54.300,55.285,,3,50,,Vd) Linia 208; poc towarowe,IZ Gdynia,false,true,true,false
18160,33,Brodnica,55.285,55.447,,3,40,,"Vd) Linia 208; szynobusy, poc pasażerskie i poc towarowe",IZ Gdynia,false,true,true,false
18161,35,Chorzele - Wielbark,61.340,61.360,Pogorszenie stanu mostu,1,40,40,,IZ Gdynia,false,true,true,true
18162,35,Chorzele - Wielbark,69.928,70.263,Ograniczona widoczność czoła pociągu na przejeździe,1,60,,,IZ Gdynia,false,true,true,true
18163,35,Chorzele - Wielbark,70.253,70.580,Ograniczona widoczność czoła pociągu na przejeździe,1,,50,,IZ Gdynia,false,true,true,true
18164,35,Wielbark - Szymany,75.410,75.420,Pogorszenie stanu mostu,1,40,40,,IZ Gdynia,false,true,true,true
18165,35,Szczytno,44.484,45.292,,2,80,,Vd) Linia 219; poc. towarowe,IZ Gdynia,false,false,true,false
18166,35,Szczytno,44.484,45.292,,2,100,,Vd) Linia 219; poc. pasażerskie i szynobusy,IZ Gdynia,false,true,true,false
18167,35,Szczytno,44.633,45.413,,2,,80,Vd) Linia 219; poc. towarowe,IZ Gdynia,false,false,true,false
18168,35,Szczytno,44.633,45.413,,2,,100,Vd) Linia 219; poc. pasażerskie i szynobusy,IZ Gdynia,false,true,true,false
18169,38,Ełk,-0.383,0.136,,5,80,,Vd) Linia 41,IZ Gdynia,false,true,true,false
18170,38,Ełk,-0.313,0.202,,5,,80,Vd) Linia 41,IZ Gdynia,false,true,true,false
18171,38,Ełk,121.169,121.785,,4,,60,Vd) Linia 223; poc towarowe,IZ Gdynia,false,true,true,false
18172,38,Ełk,121.169,121.785,,4,,80,Vd) Linia 223; poc. pasażerskie i szynobusy,IZ Gdynia,false,true,true,false
18173,38,Ełk,121.225,121.649,,4,60,,Vd) Linia 223; poc towarowe,IZ Gdynia,false,true,true,false
18174,38,Ełk,121.225,121.649,,4,80,,Vd) Linia 223; poc. pasażerskie i szynobusy,IZ Gdynia,false,true,true,false
18175,38,Korsze - Bartoszyce,202.550,204.900,Pogorszenie stanu elementów toru,1,20,20,,IZ Gdynia,false,true,true,true
18176,38,Korsze - Bartoszyce,219.100,220.000,Pogorszenie stanu elementów toru,1,30,30,,IZ Gdynia,false,true,true,true
18177,41,Ełk,102.743,103.333,,1,100,,Vd) Linia 38,IZ Gdynia,false,true,true,false
18178,41,Ełk,102.872,103.482,,1,,100,Vd) Linia 38,IZ Gdynia,false,true,true,false
18179,41,Ełk - Olecko,18.273,18.662,Ograniczona widoczność czoła pociągu na przejeździe,1,,70,,IZ Gdynia,false,true,true,true
18180,131,Dąbie n/Nerem,229.121,229.161,Pogorszenie stanu obiektu,"1, 2",50,50,*),IZ Gdynia,false,true,false,true
18181,131,Dąbie n/Nerem - Ponętów,238.380,238.835,Ograniczona widoczność czoła pociągu na przejeździe,2,,70,,IZ Gdynia,false,true,true,true
18182,131,Ponętów,240.247,241.146,Pogorszenie stanu toru,5,20,20,,IZ Gdynia,false,true,true,false
18183,131,Ponętów,-0.238,1.003,,4,50,50,Vd) Linia 737,IZ Gdynia,false,true,true,false
18184,131,Ponętów,-1.114,0.204,,3,60,60,Vd) Linia 740,IZ Gdynia,false,true,true,false
18185,131,Ponętów - Lipie Góry,245.202,245.592,Ograniczona widoczność czoła pociągu na przejeździe,1,60,,,IZ Gdynia,false,true,true,true
18186,131,Ponętów - Lipie Góry,245.280,245.605,Ograniczona widoczność czoła pociągu na przejeździe,2,50,,,IZ Gdynia,false,true,true,true
18187,131,Lipie Góry - Babiak,256.544,257.064,Ograniczona widoczność czoła pociągu na przejeździe,1,80,,,IZ Gdynia,false,true,true,true
18188,131,Lipie Góry - Babiak,256.609,257.064,Ograniczona widoczność czoła pociągu na przejeździe,2,70,,,IZ Gdynia,false,true,true,true
18189,131,Piotrków Kujawski - Chełmce,292.355,293.005,Ograniczona widoczność czoła pociągu na przejeździe,2,,100,,IZ Gdynia,false,true,true,true
18190,131,Piotrków Kujawski - Chełmce,292.967,293.617,Ograniczona widoczność czoła pociągu na przejeździe,1,100,,,IZ Gdynia,false,true,true,true
18191,131,Piotrków Kujawski - Chełmce,293.097,293.617,Ograniczona widoczność czoła pociągu na przejeździe,2,80,,,IZ Gdynia,false,true,true,true
18192,131,Piotrków Kujawski - Chełmce,4.903,6.578,,3,30,30,Vd) Linia 742,IZ Gdynia,false,true,true,false
18193,131,Jaksice,7.106,8.464,,4,60,60,Vd) Linia 741,IZ Gdynia,false,true,true,false
18194,131,Bydgoszcz Główna,159.420,160.608,,1,70,70,Vd) Linia 18; poc towarowe,IZ Gdynia,false,true,true,false
18195,131,Bydgoszcz Główna,159.420,160.608,,1,90,90,Vd) Linia 18; szynobusy i poc pasażerskie,IZ Gdynia,false,true,true,false
18196,131,Maksymilianowo,380.349,380.585,Pogorszenie stanu toru,4,20,20,,IZ Gdynia,false,true,true,false
18197,131,Kotomierz,388.926,389.901,Pogorszenie stanu toru,5,20,20,,IZ Gdynia,false,true,true,false
18198,131,Kotomierz,389.901,389.923,Układ geometryczny toru - łącznik rozjazdu nr 13 i 14,3,30,30,kier. zwrotny,IZ Gdynia,false,true,true,false
18199,131,Terespol Pomorski,410.270,411.040,Pogorszenie stanu toru,12,20,20,,IZ Gdynia,false,true,true,false
18200,131,Terespol Pomorski - Laskowice Pomorskie,412.725,412.845,Pogorszenie stanu obiektu,"1, 2",100,100,,IZ Gdynia,false,true,true,true
18201,131,Laskowice Pomorskie,423.095,423.115,Pogorszenie stanu obiektu,"1, 2",80,80,dot. pociągów towarowych,IZ Gdynia,false,false,true,true
18202,131,Laskowice Pomorskie,129.951,130.867,,3,60,60,Vd) Linia 208,IZ Gdynia,false,true,true,false
18203,131,Laskowice Pomorskie,130.867,131.461,,4a,60,60,Vd) Linia 208,IZ Gdynia,false,true,true,false
18204,131,Laskowice Pomorskie,-0.627,0.767,,4,60,60,Vd) Linia 215; poc. towarowe,IZ Gdynia,false,false,true,false
18205,131,Laskowice Pomorskie,-0.627,0.767,,4,100,100,Vd) Linia 215; szynobusy i poc. pasażerskie,IZ Gdynia,false,true,true,false
18206,201,Bydgoszcz Emilianowo - Bydgoszcz Wschód,17.117,18.069,Pogorszenie stanu obiektów,"1, 2",60,60,,IZ Gdynia,false,true,true,true
18207,201,Maksymilianowo,380.349,380.585,Pogorszenie stanu toru,4,20,20,Linia 131,IZ Gdynia,false,true,true,false
18208,201,Maksymilianowo - Serock,45.880,46.030,Ograniczona widoczność czoła pociągu na przejeździe,1,,40,,IZ Gdynia,false,true,true,true
18209,201,Serock - Wierzchucin,67.514,67.899,Ograniczona widoczność czoła pociągu na przejeździe,1,70,,,IZ Gdynia,false,true,true,true
18210,201,Wierzchucin - Lipowa Tucholska,85.995,86.435,Ograniczona widoczność czoła pociągu na przejeździe,1,,80,,IZ Gdynia,false,true,true,true
18211,201,Wierzchucin - Lipowa Tucholska,85.995,86.435,Ograniczona widoczność czoła pociągu na przejeździe,1,80,,,IZ Gdynia,false,true,true,true
18212,201,Lipowa Tucholska - Bąk,110.120,110.450,Ograniczona widoczność czoła pociągu na przejeździe,1,60,,,IZ Gdynia,false,true,true,true
18213,201,Bąk,77.585,78.365,,2,80,,Vd) Linia 215; szynobusy,IZ Gdynia,false,true,true,false
18214,201,Bąk,77.585,78.365,,2,60,,"Vd) Linia 215; Poc. pasażerskie, towarowe",IZ Gdynia,false,true,true,false
18215,201,Bąk,77.586,78.478,,2,,60,"Vd) Linia 215; Poc. pasażerskie, towarowe",IZ Gdynia,false,true,true,false
18216,201,Bąk,77.586,78.473,,2,,80,Vd) Linia 215; szynobusy,IZ Gdynia,false,true,true,false
18217,201,Kościerzyna,69.168,70.137,,3,80,,Vd) Linia 211,IZ Gdynia,false,true,true,false
18218,201,Kościerzyna,69.282,70.137,,3,,80,Vd) Linia 211,IZ Gdynia,false,true,true,false
18219,201,Somonino,-0.174,0.140,,2,40,,"Vd) Linia 214; Poc. pasażerskie, towarowe",IZ Gdynia,false,true,true,false
18220,201,Somonino,-0.174,0.140,,2,60,,Vd) Linia 214; szynobusy,IZ Gdynia,false,true,true,false
18221,201,Somonino,-0.119,0.251,,2,,40,"Vd) Linia 214; Poc. pasażerskie, towarowe",IZ Gdynia,false,true,true,false
18222,201,Somonino,-0.119,0.251,,2,,60,Vd) Linia 214; szynobusy,IZ Gdynia,false,true,true,false
18223,201,Gdańsk Osowa,186.506,186.606,Jazda obok miejsca robót,2,20,20,*),IZ Gdynia,false,true,false,true
18224,201,Gdańsk Osowa,187.864,188.800,Jazda obok miejsca robót,"2, 4",20,,*),IZ Gdynia,false,true,false,true
18225,201,Gdańsk Osowa,188.343,188.385,Jazda obok miejsca robót,1,40,40,*),IZ Gdynia,false,true,false,true
18226,201,Gdańsk Osowa,188.346,188.387,Jazda obok miejsca robót,2,40,40,*),IZ Gdynia,false,true,false,true
18227,201,Gdańsk Osowa,189.380,189.704,Jazda obok miejsca robót,1f,30,30,*),IZ Gdynia,false,true,false,true
18228,201,Gdynia Główna,20.836,21.408,,8,100,,Vd) Linia 202,IZ Gdynia,false,true,true,false
18229,201,Gdynia Główna,20.961,21.370,,5,100,,Vd) Linia 202,IZ Gdynia,false,true,true,false
18230,201,Gdynia Główna,20.980,21.547,,8,,100,Vd) Linia 202,IZ Gdynia,false,true,true,false
18231,201,Gdynia Główna,21.043,21.528,,5,,100,Vd) Linia 202,IZ Gdynia,false,true,true,false
18232,202,Gdynia Główna,204.662,204.880,,1,60,,Vd) Linia 201,IZ Gdynia,false,true,true,false
18233,202,Rumia,-0.500,0.330,,5,70,,Vd) Linia 228,IZ Gdynia,false,true,true,false
18234,202,Rumia,-0.453,0.323,,5,,70,Vd) Linia 228,IZ Gdynia,false,true,true,false
18235,202,Reda,-0.642,0.127,,3,60,,Vd) Linia 213; Poc. towarowe,IZ Gdynia,false,false,true,false
18236,202,Reda,-0.642,0.127,,3,70,,"Vd) Linia 213; Poc. pasażerskie, szynobusy",IZ Gdynia,false,true,true,false
18237,202,Reda,-0.609,0.128,,3,,70,"Vd) Linia 213; Poc. pasażerskie, szynobusy",IZ Gdynia,false,true,true,false
18238,202,Reda,-0.609,0.128,,3,,60,Vd) Linia 213; Poc. towarowe,IZ Gdynia,false,false,true,false
18239,202,Lębork,100.997,101.517,,6,60,,Vd) Linia 229,IZ Gdynia,false,true,true,false
18240,202,Lębork,101.063,101.510,,6,,60,Vd) Linia 229,IZ Gdynia,false,true,true,false
18241,202,Lębork - Pogorzelice,81.000,81.100,Nowo ułożony rozjazd,1,40,40,*) Nowe!,IZ Gdynia,true,true,false,true
18242,202,Lębork - Pogorzelice,81.000,81.050,Nowo ułożony rozjazd,2,40,40,*) Nowe!,IZ Gdynia,true,true,false,true
18243,202,Damnica,112.600,112.875,Układ geometryczny toru,2,40,40,*) Nowe!,IZ Gdynia,true,true,false,true
18244,202,Damnica,113.525,113.575,Budowa wiaduktu,1,50,50,*) Nowe!,IZ Gdynia,true,true,false,true
18245,202,Damnica - Jezierzyce Słupskie,115.530,115.580,Budowa wiaduktu,1,50,50,*) Nowe!,IZ Gdynia,true,true,false,true
18246,202,Jezierzyce Słupskie,121.980,122.200,Układ geometryczny toru,"1, 3",50,50,*) Nowe!,IZ Gdynia,true,true,false,true
18247,202,Jezierzyce Słupskie - Słupsk,128.090,128.140,Budowa wiaduktu,1,50,50,*) Nowe!,IZ Gdynia,true,true,false,true
18248,202,Jezierzyce Słupskie - Słupsk,129.050,129.375,Tymczasowa/prowi zoryczna konstrukcja,1,30,30,*) Nowe!,IZ Gdynia,true,true,false,true
18249,202,Jezierzyce Słupskie - Słupsk,129.375,130.200,Przełączenie sterowania urządzeń srk,1,50,50,*) Nowe!,IZ Gdynia,true,true,false,true
18250,202,Słupsk,131.169,131.172,Brak widoczności czoła pociągu na przejeździe,"3, 5, 7/9a",20,20,*),IZ Gdynia,false,true,false,true
18251,202,Słupsk,174.899,174.902,Brak widoczności czoła pociągu na przejeździe Brak widoczności czoła pociągu na przejeździe,"3,",20,20,*) Linia 405 *) Linia 405,IZ Gdynia,false,true,false,true
18252,202,Słupsk,174.899,174.902,,7/9a,,,,IZ Gdynia,false,true,true,false
18253,203,Starogard Gdański - Zblewo,35.829,36.349,Ograniczona widoczność czoła pociągu na przejeździe,"1, 2",80,,,IZ Gdynia,false,true,true,true
18254,203,Zblewo - Kaliska,40.580,41.035,Ograniczona widoczność czoła pociągu na przejeździe,"1, 2",,70,,IZ Gdynia,false,true,true,true
18255,203,Zblewo - Kaliska,42.270,42.725,Ograniczona widoczność czoła pociągu na przejeździe,"1, 2",,70,,IZ Gdynia,false,true,true,true
18256,203,Zblewo - Kaliska,42.804,43.324,Ograniczona widoczność czoła pociągu na przejeździe,"1, 2",80,,,IZ Gdynia,false,true,true,true
18257,203,Gutowiec - Rytel,80.791,81.341,Ograniczona widoczność czoła pociągu na przejeździe,1,,100,,IZ Gdynia,false,true,true,true
18258,203,Rytel - Chojnice,86.824,87.374,Ograniczona widoczność czoła pociągu na przejeździe,1,100,,,IZ Gdynia,false,true,true,true
18259,203,Chojnice - Wierzchowo Człuchowskie,100.046,100.596,Ograniczona widoczność czoła pociągu na przejeździe,1,,100,,IZ Gdynia,false,true,true,true
18260,204,Bogaczewo,84.556,85.320,,3,80,,Vd) Linia 220,IZ Gdynia,false,true,true,false
18261,204,Bogaczewo,84.618,85.354,,3,,80,Vd) Linia 220,IZ Gdynia,false,true,true,false
18262,204,Bogaczewo - Młynary,51.082,51.467,Ograniczona widoczność czoła pociągu na przejeździe,1,,70,,IZ Gdynia,false,true,true,true
18263,204,Braniewo,85.320,85.330,Miejsce detekcji stanu ładunków kolejowych,212,30,30,,IZ Gdynia,false,true,true,true
18264,204,Braniewo,87.244,87.627,,3,40,,Vd) Linia 221; poc. pasażerskie,IZ Gdynia,false,true,true,false
18265,204,Braniewo,87.244,87.627,,3,50,,Vd) Linia 221; szynobusy,IZ Gdynia,false,true,true,false
18266,204,Braniewo,87.244,87.627,,3,30,,Vd) Linia 221; poc. towarowe,IZ Gdynia,false,false,true,false
18267,204,Braniewo,87.287,87.761,,3,,30,Vd) Linia 221; poc. towarowe,IZ Gdynia,false,false,true,false
18268,204,Braniewo,87.287,87.761,,3,,40,Vd) Linia 221; poc. pasażerskie,IZ Gdynia,false,true,true,false
18269,204,Braniewo,87.287,87.761,,3,,50,Vd) Linia 221; szynobusy,IZ Gdynia,false,true,true,false
18270,204,Braniewo - Braniewo (gr),90.280,90.320,Miejsce detekcji stanu ładunków kolejowych,1,15,15,,IZ Gdynia,false,true,true,true
18271,205,Gr. l.205 km 47.602 - Anielin- Gradowo,48.357,48.417,Miejsce detekcji stanu ładunków kolejowych,1,10,10,,IZ Gdynia,false,true,true,true
18272,206,Inowrocław Rąbinek - Dziarnowo podg,3.320,3.488,Ograniczona widoczność czoła pociągu na przejeździe,1,30,,,IZ Gdynia,false,true,true,true
18273,206,Dziarnowo podg,3.482,3.650,Ograniczona widoczność czoła pociągu na przejeździe,1,,30,,IZ Gdynia,false,true,true,true
18274,206,Dziarnowo - Pakość,3.864,4.020,Ograniczona widoczność czoła pociągu na przejeździe,1,50,,,IZ Gdynia,false,true,true,true
18275,206,Dziarnowo - Pakość,10.298,10.628,Ograniczona widoczność czoła pociągu na przejeździe,1,60,,,IZ Gdynia,false,true,true,true
18276,206,Dziarnowo - Pakość,10.628,10.958,Ograniczona widoczność czoła pociągu na przejeździe,1,,60,,IZ Gdynia,false,true,true,true
18277,206,Pakość - Wapienno,15.056,15.386,Ograniczona widoczność czoła pociągu na przejeździe,1,60,,,IZ Gdynia,false,true,true,true
18278,206,Pakość - Wapienno,15.386,15.716,Ograniczona widoczność czoła pociągu na przejeździe,1,,60,,IZ Gdynia,false,true,true,true
18279,206,Pakość - Wapienno,17.434,17.764,Ograniczona widoczność czoła pociągu na przejeździe,1,60,,,IZ Gdynia,false,true,true,true
18280,206,Pakość - Wapienno,17.764,18.039,Ograniczona widoczność czoła pociągu na przejeździe,1,,50,,IZ Gdynia,false,true,true,true
18281,207,Toruń Wschodni,-0.206,0.848,,8,30,30,Vd) Linia 246,IZ Gdynia,false,true,true,false
18282,207,Toruń Wschodni,138.792,140.001,,2,,60,Vd) Linia 353; szynobusy i poc pasażerskie,IZ Gdynia,false,true,true,false
18283,207,Toruń Wschodni,138.792,140.001,,2,,50,Vd) Linia 353; poc towarowe,IZ Gdynia,false,true,true,false
18284,207,Łysomice,6.144,6.156,Duża wypadkowość na przejeździe kolejowo - drogowym,1,50,50,,IZ Gdynia,false,true,true,true
18285,207,Chełmża,69.803,70.990,,5,,60,Vd) Linia 209; szynobusy i poc pasażerskie,IZ Gdynia,false,true,true,false
18286,207,Chełmża,69.803,70.990,,5,,40,Vd) Linia 209; poc towarowe,IZ Gdynia,false,true,true,false
18287,207,Kornatowo - Grudziądz Mniszek,49.524,49.877,Ograniczona widoczność czoła pociągu na przejeździe,1,60,,,IZ Gdynia,false,true,true,true
18288,207,Kornatowo - Grudziądz Mniszek,49.871,50.204,Ograniczona widoczność czoła pociągu na przejeździe,1,,60,,IZ Gdynia,false,true,true,true
18289,207,Grudziądz Mniszek - Grudziądz,56.374,56.730,Urządzenia SSP nieprzystosowane do prędkości rozkładowej,1,,40,,IZ Gdynia,false,true,true,true
18290,207,Grudziądz,108.260,109.110,,3,,50,Vd) Linia 208; poc towarowe,IZ Gdynia,false,true,true,false
18291,207,Grudziądz,108.260,109.110,,3,,70,Vd) Linia 208; poc pasażerskie,IZ Gdynia,false,true,true,false
18292,207,Grudziądz,108.260,109.110,,3,,80,Vd) Linia 208; szynobusy,IZ Gdynia,false,true,true,false
18293,207,Gardeja - Sadlinki,84.654,85.467,Układ geometryczny toru po robotach inwestycyjnych,1,110,110,*),IZ Gdynia,false,true,false,true
18294,207,Gardeja - Sadlinki,86.120,86.367,Układ geometryczny toru po robotach inwestycyjnych,1,90,90,*),IZ Gdynia,false,true,false,true
18295,207,Gardeja - Sadlinki,86.367,86.777,Układ geometryczny toru po robotach inwestycyjnych,1,90,90,*),IZ Gdynia,false,true,false,true
18296,207,Kwidzyn,52.647,53.479,,3,70,70,Vd) Linia 218,IZ Gdynia,false,true,true,false
18297,207,Kwidzyn - Ryjewo,98.669,98.792,Układ geometryczny toru po robotach inwestycyjnych,1,80,80,*),IZ Gdynia,false,true,false,true
18298,207,Kwidzyn - Ryjewo,101.810,101.910,Układ geometryczny toru po robotach inwestycyjnych,1,80,80,*),IZ Gdynia,false,true,false,true
18299,207,Ryjewo - Sztum,111.721,111.837,Układ geometryczny toru po robotach inwestycyjnych,1,80,80,*),IZ Gdynia,false,true,false,true
18300,207,Ryjewo - Sztum,112.160,112.427,Układ geometryczny toru po robotach inwestycyjnych,1,80,80,*),IZ Gdynia,false,true,false,true
18301,207,Sztum - Malbork,125.843,126.020,Układ geometryczny toru po robotach inwestycyjnych,1,80,80,*),IZ Gdynia,false,true,false,true
18302,207,Malbork,0.190,0.629,,12,100,100,Vd) Linia 204,IZ Gdynia,false,true,true,false
18303,207,Malbork,0.190,0.597,,10,100,100,Vd) Linia 204,IZ Gdynia,false,true,true,false
18304,208,Działdowo,148.117,149.010,,2,,100,Vd) Linia 9; poc towarowe,IZ Gdynia,false,true,true,false
18305,208,Działdowo,148.117,149.010,,2,,140,"Vd) Linia 9; poc. pasażerskie, szynobusy",IZ Gdynia,false,true,true,false
18306,208,Działdowo,148.205,149.010,,1,,100,Vd) Linia 9; poc towarowe,IZ Gdynia,false,true,true,false
18307,208,Działdowo,148.205,149.010,,1,,150,Vd) Linia 9; poc. pasażerskie i szynobusy,IZ Gdynia,false,true,true,false
18308,208,Brodnica,141.399,142.597,,1,70,70,Vd) Linia 33; poc towarowe,IZ Gdynia,false,true,true,false
18309,208,Brodnica,141.399,142.597,,1,80,80,Vd) Linia 33; szynobusy i poc pasażerskie,IZ Gdynia,false,true,true,false
18310,208,Brodnica - Jabłonowo Pomorskie,68.563,69.113,Ograniczona widoczność czoła pociągu na przejeździe,1,,100,,IZ Gdynia,false,true,true,true
18311,208,Brodnica - Jabłonowo Pomorskie,71.148,71.698,Ograniczona widoczność czoła pociągu na przejeździe,1,,100,,IZ Gdynia,false,true,true,true
18312,208,Brodnica - Jabłonowo Pomorskie,73.539,73.979,Ograniczona widoczność czoła pociągu na przejeździe,1,80,,*) Nowe!,IZ Gdynia,true,true,false,true
18313,208,Brodnica - Jabłonowo Pomorskie,73.979,74.529,Ograniczona widoczność czoła pociągu na przejeździe,1,,100,*) Nowe!,IZ Gdynia,true,true,false,true
18314,208,Brodnica - Jabłonowo Pomorskie,74.134,74.629,Ograniczona widoczność czoła pociągu na przejeździe,1,90,,*) Nowe!,IZ Gdynia,true,true,false,true
18315,208,Brodnica - Jabłonowo Pomorskie,74.629,74.959,Ograniczona widoczność czoła pociągu na przejeździe,1,,60,*) Nowe!,IZ Gdynia,true,true,false,true
18316,208,Brodnica - Jabłonowo Pomorskie,76.723,77.163,Ograniczona widoczność czoła pociągu na przejeździe,1,,80,*) Nowe!,IZ Gdynia,true,true,false,true
18317,208,Jabłonowo Pomorskie,194.250,194.540,Pogorszenie stanu toru,12,20,20,Linia 353,IZ Gdynia,false,true,true,false
18318,208,Jabłonowo Pomorskie,194.250,194.500,Pogorszenie stanu toru,14,20,20,Linia 353,IZ Gdynia,false,true,true,false
18319,208,Jabłonowo Pomorskie,193.432,194.700,,6,70,,Vd) Linia 353; szynobusy i poc pasażerskie,IZ Gdynia,false,true,true,false
18320,208,Jabłonowo Pomorskie,193.432,194.750,,6,50,,Vd) Linia 353; poc towarowe,IZ Gdynia,false,true,true,false
18321,208,Mełno - Grudziądz,98.636,98.646,Pogorszenie stanu obiektu,1,60,60,,IZ Gdynia,false,true,true,true
18322,208,Mełno - Grudziądz,102.743,103.020,Ograniczona widoczność czoła pociągu na przejeździe,1,50,,,IZ Gdynia,false,true,true,true
18323,208,Mełno - Grudziądz,104.140,104.360,Ograniczona widoczność czoła pociągu na przejeździe,1,40,,,IZ Gdynia,false,true,true,true
18324,208,Mełno - Grudziądz,104.350,104.570,Ograniczona widoczność czoła pociągu na przejeździe,1,,40,,IZ Gdynia,false,true,true,true
18325,208,Grudziądz,56.920,57.967,,2,,50,Vd) Linia 207; szynobusy i poc pasażerskie,IZ Gdynia,false,true,true,false
18326,208,Grudziądz,56.920,57.967,,2,,40,Vd) Linia 207; poc towarowe,IZ Gdynia,false,true,true,false
18327,208,Grudziądz,58.030,59.186,,102,,50,Vd) Linia 207; poc towarowe,IZ Gdynia,false,true,true,false
18328,208,Grudziądz,58.030,59.186,,102,,70,Vd) Linia 207; szynobusy i poc pasażerskie,IZ Gdynia,false,true,true,false
18329,208,Laskowice Pomorskie,423.095,423.115,,"1, 2",,,,IZ Gdynia,false,true,true,true
18330,208,Laskowice Pomorskie,421.489,423.350,,1,120,120,Vd) Linia 131; szynobusy i poc pasażerskie,IZ Gdynia,false,true,true,false
18331,208,Laskowice Pomorskie,421.489,423.350,,1,100,100,Vd) Linia 131; poc towarowe,IZ Gdynia,false,true,true,false
18332,208,Laskowice Pomorskie,421.505,423.341,,2,100,100,Vd) Linia 131; poc towarowe,IZ Gdynia,false,true,true,false
18333,208,Laskowice Pomorskie,422.019,423.341,,2,120,120,Vd) Linia 131; szynobusy i poc pasażerskie,IZ Gdynia,false,true,true,false
18334,208,Laskowice Pomorskie,-0.627,0.767,,4,60,60,Vd) Linia 215; poc. towarowe,IZ Gdynia,false,false,true,false
18335,208,Laskowice Pomorskie,-0.627,0.767,,4,100,100,Vd) Linia 215; szynobusy i poc. pasażerskie,IZ Gdynia,false,true,true,false
18336,208,Laskowice Pomorskie - Wierzchucin,133.624,133.789,Ograniczona widoczność czoła pociągu na przejeździe,1,,30,,IZ Gdynia,false,true,true,true
18337,208,Laskowice Pomorskie - Wierzchucin,142.209,142.433,Ograniczona widoczność czoła pociągu na przejeździe,1,40,,,IZ Gdynia,false,true,true,true
18338,208,Laskowice Pomorskie - Wierzchucin,145.750,146.040,Ograniczona widoczność czoła pociągu na przejeździe,1,,40,,IZ Gdynia,false,true,true,true
18339,208,Laskowice Pomorskie - Wierzchucin,145.755,145.765,Ograniczona widoczność czoła pociągu na przejeździe,1,20,,,IZ Gdynia,false,true,true,true
18340,208,Tuchola,-0.684,0.361,,4,40,40,Vd) Linia 241,IZ Gdynia,false,true,true,false
18341,208,Tuchola - Silno,180.290,180.565,Ograniczona widoczność czoła pociągu na przejeździe,1,,50,,IZ Gdynia,false,true,true,true
18342,208,Tuchola - Silno,183.627,183.647,Pogorszenie stanu obiektu,1,40,40,dotyczy pociągów towarowych,IZ Gdynia,false,false,true,true
18343,208,Silno - Chojnice,192.788,193.228,Ograniczona widoczność czoła pociągu na przejeździe,1,,80,*),IZ Gdynia,false,true,false,true
18344,208,Silno - Chojnice,193.233,193.563,Ograniczona widoczność czoła pociągu na przejeździe,1,60,,,IZ Gdynia,false,true,true,true
18345,208,Silno - Chojnice,193.563,193.893,Ograniczona widoczność czoła pociągu na przejeździe,1,,60,,IZ Gdynia,false,true,true,true
18346,208,Silno - Chojnice,195.708,196.203,Ograniczona widoczność czoła pociągu na przejeździe,1,90,,*),IZ Gdynia,false,true,false,true
18347,208,Silno - Chojnice,196.858,197.243,Ograniczona widoczność czoła pociągu na przejeździe,1,,70,,IZ Gdynia,false,true,true,true
18348,209,Chełmża - Unisław Pomorski,80.199,80.484,Ograniczona widoczność czoła pociągu na przejeździe,1,50,,,IZ Gdynia,false,true,true,true
18349,209,Unisław Pomorski - Bydgoszcz Wschód,96.010,96.300,Ograniczona widoczność czoła pociągu na przejeździe,1,,50,,IZ Gdynia,false,true,true,true
18350,211,Chojnice - Brusy,25.779,26.054,Ograniczona widoczność czoła pociągu na przejeździe,1,50,,*),IZ Gdynia,false,true,false,true
18351,211,Brusy,26.000,26.057,Ograniczona widoczność czoła pociągu na przejeździe,3,50,,*),IZ Gdynia,false,true,false,true
18352,211,Brusy - Lipusz,26.975,27.250,Ograniczona widoczność czoła pociągu na przejeździe,1,,50,,IZ Gdynia,false,true,true,true
18353,211,Brusy - Lipusz,27.166,27.441,Ograniczona widoczność czoła pociągu na przejeździe,1,50,,,IZ Gdynia,false,true,true,true
18354,211,Brusy - Lipusz,27.441,27.716,Ograniczona widoczność czoła pociągu na przejeździe,1,,50,,IZ Gdynia,false,true,true,true
18355,211,Brusy - Lipusz,27.765,28.040,Ograniczona widoczność czoła pociągu na przejeździe,1,,50,,IZ Gdynia,false,true,true,true
18356,211,Brusy - Lipusz,35.023,35.298,Ograniczona widoczność czoła pociągu na przejeździe,1,,50,,IZ Gdynia,false,true,true,true
18357,211,Brusy - Lipusz,35.523,35.798,Ograniczona widoczność czoła pociągu na przejeździe,1,50,,,IZ Gdynia,false,true,true,true
18358,211,Brusy - Lipusz,42.879,43.209,Ograniczona widoczność czoła pociągu na przejeździe,1,60,,,IZ Gdynia,false,true,true,true
18359,211,Brusy - Lipusz,45.045,45.375,Ograniczona widoczność czoła pociągu na przejeździe,1,60,,,IZ Gdynia,false,true,true,true
18360,211,Brusy - Lipusz,45.375,45.705,Ograniczona widoczność czoła pociągu na przejeździe,1,,60,*),IZ Gdynia,false,true,false,true
18361,211,Brusy - Lipusz,46.309,46.529,Ograniczona widoczność czoła pociągu na przejeździe,1,,40,,IZ Gdynia,false,true,true,true
18362,211,Lipusz,53.220,53.465,Ograniczona widoczność czoła pociągu na przejeździe,1,40,,,IZ Gdynia,false,true,true,true
18363,211,Lipusz - Kościerzyna,53.465,53.850,Ograniczona widoczność czoła pociągu na przejeździe,1,,70,*),IZ Gdynia,false,true,false,true
18364,211,Lipusz - Kościerzyna,54.020,54.242,Ograniczona widoczność czoła pociągu na przejeździe,1,40,,,IZ Gdynia,false,true,true,true
18365,211,Lipusz - Kościerzyna,54.242,54.517,Ograniczona widoczność czoła pociągu na przejeździe,1,,50,,IZ Gdynia,false,true,true,true
18366,211,Lipusz - Kościerzyna,54.524,54.754,Ograniczona widoczność czoła pociągu na przejeździe,1,40,,,IZ Gdynia,false,true,true,true
18367,211,Lipusz - Kościerzyna,54.754,55.029,Ograniczona widoczność czoła pociągu na przejeździe,1,,50,,IZ Gdynia,false,true,true,true
18368,211,Lipusz - Kościerzyna,62.187,62.517,Ograniczona widoczność czoła pociągu na przejeździe,1,60,,,IZ Gdynia,false,true,true,true
18369,213,Kuźnica (Hel),39.923,40.103,Ograniczona widoczność czoła pociągu na przejściu dla pieszych,1,60,,,IZ Gdynia,false,true,true,true
18370,213,Kuźnica (Hel),40.103,40.223,Ograniczona widoczność czoła pociągu na przejściu dla pieszych,1,,40,,IZ Gdynia,false,true,true,true
18371,214,Kartuzy,40.733,41.081,,102,,,,IZ Gdynia,false,true,true,true
18372,215,Laskowice Pomorskie,423.095,423.115,Pogorszenie stanu obiektu,1,,,Linia 131; dot. pociągów towarowych,IZ Gdynia,false,true,true,true
18373,215,Laskowice Pomorskie,423.095,423.115,,2,,,,IZ Gdynia,false,true,true,true
18374,215,Laskowice Pomorskie,421.489,423.350,,1,100,100,Vd) Linia 131; poc towarowe,IZ Gdynia,false,true,true,false
18375,215,Laskowice Pomorskie,421.489,423.350,,1,120,120,Vd) Linia 131; szynobusy i poc pasażerskie,IZ Gdynia,false,true,true,false
18376,215,Laskowice Pomorskie,421.505,423.341,,2,100,100,Vd) Linia 131; poc towarowe,IZ Gdynia,false,true,true,false
18377,215,Laskowice Pomorskie,422.019,423.341,,2,120,120,Vd) Linia 131; szynobusy i poc pasażerskie,IZ Gdynia,false,true,true,false
18378,215,Laskowice Pomorskie,129.951,130.867,,3,60,60,Vd) Linia 208,IZ Gdynia,false,true,true,false
18379,215,Laskowice Pomorskie,130.867,131.461,,4a,60,60,Vd) Linia 208,IZ Gdynia,false,true,true,false
18380,215,Laskowice Pomorskie - Osie,3.701,3.866,Ograniczona widoczność czoła pociągu na przejeździe,1,30,,,IZ Gdynia,false,true,true,true
18381,215,Laskowice Pomorskie - Osie,3.866,4.306,Ograniczona widoczność czoła pociągu na przejeździe,1,,80,,IZ Gdynia,false,true,true,true
18382,215,Laskowice Pomorskie - Osie,4.617,4.947,Ograniczona widoczność czoła pociągu na przejeździe,1,,60,,IZ Gdynia,false,true,true,true
18383,215,Laskowice Pomorskie - Osie,8.472,8.912,Ograniczona widoczność czoła pociągu na przejeździe,1,,80,,IZ Gdynia,false,true,true,true
18384,215,Laskowice Pomorskie - Osie,12.691,12.966,Ograniczona widoczność czoła pociągu na przejeździe,1,,50,,IZ Gdynia,false,true,true,true
18385,215,Osie - Szlachta,26.209,26.487,Ograniczona widoczność czoła pociągu na przejeździe,1,50,,,IZ Gdynia,false,true,true,true
18386,215,Osie - Szlachta,26.481,26.869,Ograniczona widoczność czoła pociągu na przejeździe,1,,70,,IZ Gdynia,false,true,true,true
18387,215,Osie - Szlachta,26.546,26.934,Ograniczona widoczność czoła pociągu na przejeździe,1,70,,,IZ Gdynia,false,true,true,true
18388,215,Osie - Szlachta,28.027,28.250,Ograniczona widoczność czoła pociągu na przejeździe,1,40,,,IZ Gdynia,false,true,true,true
18389,215,Osie - Szlachta,29.025,29.520,Ograniczona widoczność czoła pociągu na przejeździe,1,,90,,IZ Gdynia,false,true,true,true
18390,215,Osie - Szlachta,32.577,32.965,Ograniczona widoczność czoła pociągu na przejeździe,1,,70,,IZ Gdynia,false,true,true,true
18391,215,Osie - Szlachta,37.610,37.705,Pogorszenie stanu obiektu,1,30,30,,IZ Gdynia,false,true,true,true
18392,215,Osie - Szlachta,38.225,38.555,Ograniczona widoczność czoła pociągu na przejeździe,1,,60,,IZ Gdynia,false,true,true,true
18393,215,Osie - Szlachta,38.906,39.236,Ograniczona widoczność czoła pociągu na przejeździe,1,,60,,IZ Gdynia,false,true,true,true
18394,215,Szlachta - Czersk,49.229,49.504,Ograniczona widoczność czoła pociągu na przejeździe,1,,50,,IZ Gdynia,false,true,true,true
18395,215,Szlachta - Czersk,50.503,50.833,Ograniczona widoczność czoła pociągu na przejeździe,1,,60,,IZ Gdynia,false,true,true,true
18396,215,Czersk,66.344,67.060,,2,100,,Vd) Linia 203,IZ Gdynia,false,true,true,false
18397,215,Czersk,66.495,67.143,,2,,100,Vd) Linia 203,IZ Gdynia,false,true,true,false
18398,215,Czersk - Bąk,57.515,57.790,Ograniczona widoczność czoła pociągu na przejeździe,1,50,,,IZ Gdynia,false,true,true,true
18399,215,Czersk - Bąk,60.615,61.000,Ograniczona widoczność czoła pociągu na przejeździe,1,,70,,IZ Gdynia,false,true,true,true
18400,215,Czersk - Bąk,61.076,61.406,Ograniczona widoczność czoła pociągu na przejeździe,1,60,,,IZ Gdynia,false,true,true,true
18401,215,Czersk - Bąk,68.210,68.447,Ograniczona widoczność czoła pociągu na przejeździe,1,40,,,IZ Gdynia,false,true,true,true
18402,216,Działdowo,148.117,149.010,,2,,100,Vd) Linia 9; poc towarowe,IZ Gdynia,false,true,true,false
18403,216,Działdowo,148.117,149.010,,2,,140,"Vd) Linia 9; poc. pasażerskie, szynobusy",IZ Gdynia,false,true,true,false
18404,216,Działdowo,148.205,149.010,,1,,150,Vd) Linia 9; poc. pasażerskie i szynobusy,IZ Gdynia,false,true,true,false
18405,216,Działdowo,148.205,149.010,,1,,100,Vd) Linia 9; poc towarowe,IZ Gdynia,false,true,true,false
18406,216,Olsztyn Główny,-0.338,0.215,,5,60,,Vd) Linia 219,IZ Gdynia,false,true,true,false
18407,216,Olsztyn Główny,-0.274,0.341,,5,,60,Vd) Linia 219,IZ Gdynia,false,true,true,false
18408,216,Olsztyn Główny,298.373,299.078,,1,100,,Vd) Linia 353; poc. towarowe,IZ Gdynia,false,false,true,false
18409,216,Olsztyn Główny,298.373,299.078,,1,120,,Vd) Linia 353; poc. pasażerskie i szynobusy,IZ Gdynia,false,true,true,false
18410,216,Olsztyn Główny,298.421,299.108,,2,100,,Vd) Linia 353; poc. towarowe,IZ Gdynia,false,false,true,false
18411,216,Olsztyn Główny,298.421,299.108,,2,120,,Vd) Linia 353; poc. pasażerskie i szynobusy,IZ Gdynia,false,true,true,false
18412,216,Olsztyn Główny,298.534,299.204,,1,,100,Vd) Linia 353; poc. towarowe,IZ Gdynia,false,false,true,false
18413,216,Olsztyn Główny,298.534,299.204,,1,,120,Vd) Linia 353; poc. pasażerskie i szynobusy,IZ Gdynia,false,true,true,false
18414,216,Olsztyn Główny,298.534,299.294,,2,,100,Vd) Linia 353; poc. towarowe,IZ Gdynia,false,false,true,false
18415,216,Olsztyn Główny,298.534,299.294,,2,,120,Vd) Linia 353; poc. pasażerskie i szynobusy,IZ Gdynia,false,true,true,false
18416,217,Braniewo,56.392,56.402,Miejsce detekcji stanu ładunków kolejowych,504,30,30,,IZ Gdynia,false,true,true,true
18417,217,Braniewo,61.350,61.390,Miejsce detekcji stanu ładunków kolejowych,501,15,15,,IZ Gdynia,false,true,true,true
18418,219,Olsztyn Główny,82.900,83.498,,3,100,,Vd) Linia 216; poc. towarowe,IZ Gdynia,false,false,true,false
18419,219,Olsztyn Główny,82.900,83.498,,3,120,,Vd) Linia 216; poc. pasażerskie i szynobusy,IZ Gdynia,false,true,true,false
18420,219,Olsztyn Główny,83.000,83.533,,3,,100,Vd) Linia 216; poc. towarowe,IZ Gdynia,false,false,true,false
18421,219,Olsztyn Główny,83.000,83.533,,3,,120,Vd) Linia 216; poc. pasażerskie i szynobusy,IZ Gdynia,false,true,true,false
18422,219,Olsztyn Główny,-0.341,0.235,,4,100,,Vd) Linia 220; poc. towarowe,IZ Gdynia,false,false,true,false
18423,219,Olsztyn Główny,-0.341,0.235,,4,120,,Vd) Linia 220; poc. pasażerskie i szynobusy,IZ Gdynia,false,true,true,false
18424,219,Olsztyn Główny,-0.215,0.362,,4,,120,Vd) Linia 220; poc. pasażerskie i szynobusy,IZ Gdynia,false,true,true,false
18425,219,Olsztyn Główny,-0.215,0.362,,4,,100,Vd) Linia 220; poc. towarowe,IZ Gdynia,false,false,true,false
18426,219,Olsztyn Główny,298.373,299.078,,1,120,,Vd) Linia 353; poc. pasażerskie i szynobusy,IZ Gdynia,false,true,true,false
18427,219,Olsztyn Główny,298.373,299.078,,1,100,,Vd) Linia 353; poc. towarowe,IZ Gdynia,false,false,true,false
18428,219,Olsztyn Główny,298.421,299.108,,2,120,,Vd) Linia 353; poc. pasażerskie i szynobusy,IZ Gdynia,false,true,true,false
18429,219,Olsztyn Główny,298.421,299.108,,2,100,,Vd) Linia 353; poc. towarowe,IZ Gdynia,false,false,true,false
18430,219,Olsztyn Główny,298.534,299.204,,1,,100,Vd) Linia 353; poc. towarowe,IZ Gdynia,false,false,true,false
18431,219,Olsztyn Główny,298.534,299.204,,1,,120,Vd) Linia 353; poc. pasażerskie i szynobusy,IZ Gdynia,false,true,true,false
18432,219,Olsztyn Główny,298.534,299.294,,2,,100,Vd) Linia 353; poc. towarowe,IZ Gdynia,false,false,true,false
18433,219,Olsztyn Główny,298.534,299.294,,2,,120,Vd) Linia 353; poc. pasażerskie i szynobusy,IZ Gdynia,false,true,true,false
18434,219,Marcinkowo - Pasym,23.305,23.654,Ograniczona widoczność czoła pociągu na przejeździe,1,80,,,IZ Gdynia,false,true,true,true
18435,219,Pasym - Szczytno,28.819,29.212,Ograniczona widoczność czoła pociągu na przejeździe,1,,70,,IZ Gdynia,false,true,true,true
18436,219,Szczytno,92.062,92.809,,1,110,,Vd) Linia 35; poc. pasażerskie i szynobusy,IZ Gdynia,false,true,true,false
18437,219,Szczytno,92.062,92.809,,1,80,,Vd) Linia 35; poc. towarowe,IZ Gdynia,false,false,true,false
18438,219,Szczytno,92.134,92.888,,1,,80,Vd) Linia 35; poc. towarowe,IZ Gdynia,false,false,true,false
18439,219,Szczytno,92.134,92.888,,1,,110,Vd) Linia 35; poc. pasażerskie i szynobusy,IZ Gdynia,false,true,true,false
18440,219,Szczytno - Spychowo,48.558,49.113,Ograniczona widoczność czoła pociągu na przejeździe,1,,100,,IZ Gdynia,false,true,true,true
18441,219,Szczytno - Spychowo,58.886,59.164,Ograniczona widoczność czoła pociągu na przejeździe,1,50,,,IZ Gdynia,false,true,true,true
18442,219,Szczytno - Spychowo,60.090,60.313,Ograniczona widoczność czoła pociągu na przejeździe,1,,40,,IZ Gdynia,false,true,true,true
18443,219,Szczytno - Spychowo,61.150,61.538,Ograniczona widoczność czoła pociągu na przejeździe,1,70,,,IZ Gdynia,false,true,true,true
18444,219,Szczytno - Spychowo,61.532,61.975,Ograniczona widoczność czoła pociągu na przejeździe,1,,80,,IZ Gdynia,false,true,true,true
18445,219,Szczytno - Spychowo,61.804,62.247,Ograniczona widoczność czoła pociągu na przejeździe,1,80,,,IZ Gdynia,false,true,true,true
18446,219,Szczytno - Spychowo,62.241,62.794,Ograniczona widoczność czoła pociągu na przejeździe,1,,100,,IZ Gdynia,false,true,true,true
18447,219,Spychowo,70.040,70.260,Ograniczona widoczność czoła pociągu na przejeździe,1,40,,,IZ Gdynia,false,true,true,true
18448,219,Spychowo - Pisz,70.260,70.934,Ograniczona widoczność czoła pociągu na przejeździe,1,,70,,IZ Gdynia,false,true,true,true
18449,219,Spychowo - Pisz,72.615,72.948,Ograniczona widoczność czoła pociągu na przejeździe,1,60,,,IZ Gdynia,false,true,true,true
18450,219,Spychowo - Pisz,75.889,76.279,Ograniczona widoczność czoła pociągu na przejeździe,1,70,,,IZ Gdynia,false,true,true,true
18451,219,Spychowo - Pisz,82.178,82.512,Ograniczona widoczność czoła pociągu na przejeździe,1,,60,,IZ Gdynia,false,true,true,true
18452,219,Spychowo - Pisz,86.324,86.658,Ograniczona widoczność czoła pociągu na przejeździe,1,60,,,IZ Gdynia,false,true,true,true
18453,219,Spychowo - Pisz,86.645,86.865,Ograniczona widoczność czoła pociągu na przejeździe,1,,40,,IZ Gdynia,false,true,true,true
18454,219,Spychowo - Pisz,87.464,87.849,Ograniczona widoczność czoła pociągu na przejeździe,1,70,,,IZ Gdynia,false,true,true,true
18455,219,Spychowo - Pisz,99.017,99.407,Ograniczona widoczność czoła pociągu na przejeździe,1,70,,,IZ Gdynia,false,true,true,true
18456,219,Pisz - Drygały mpo,106.236,106.679,Ograniczona widoczność czoła pociągu na przejeździe,1,,80,,IZ Gdynia,false,true,true,true
18457,219,Pisz - Drygały mpo,109.935,110.435,Ograniczona widoczność czoła pociągu na przejeździe,1,100,,,IZ Gdynia,false,true,true,true
18458,219,Pisz - Drygały mpo,112.750,112.970,Ograniczona widoczność czoła pociągu na przejeździe,1,40,,,IZ Gdynia,false,true,true,true
18459,219,Pisz - Drygały mpo,112.970,113.190,Ograniczona widoczność czoła pociągu na przejeździe,1,,40,,IZ Gdynia,false,true,true,true
18460,219,Pisz - Drygały mpo,116.348,116.572,Ograniczona widoczność czoła pociągu na przejeździe,1,,40,,IZ Gdynia,false,true,true,true
18461,219,Pisz - Drygały mpo,118.576,118.854,Ograniczona widoczność czoła pociągu na przejeździe,1,50,,,IZ Gdynia,false,true,true,true
18462,219,Pisz - Drygały mpo,127.087,127.417,Ograniczona widoczność czoła pociągu na przejeździe,1,60,,,IZ Gdynia,false,true,true,true
18463,219,Pisz - Drygały mpo,127.417,127.802,Ograniczona widoczność czoła pociągu na przejeździe,1,,70,,IZ Gdynia,false,true,true,true
18464,219,Drygały mpo,129.472,129.697,Ograniczona widoczność czoła pociągu na przejeździe,1,40,,,IZ Gdynia,false,true,true,true
18465,219,Drygały mpo,129.690,130.077,Ograniczona widoczność czoła pociągu na przejeździe,1,,70,*),IZ Gdynia,false,true,false,true
18466,219,Drygały mpo,130.411,130.636,Ograniczona widoczność czoła pociągu na przejeździe,1,40,,,IZ Gdynia,false,true,true,true
18467,219,Drygały mpo - Ełk,131.899,132.143,Ograniczona widoczność czoła pociągu na przejeździe,1,,70,,IZ Gdynia,false,true,true,true
18468,219,Drygały mpo - Ełk,132.969,133.244,Ograniczona widoczność czoła pociągu na przejeździe,1,50,,,IZ Gdynia,false,true,true,true
18469,219,Drygały mpo - Ełk,133.244,133.464,Ograniczona widoczność czoła pociągu na przejeździe,1,,40,,IZ Gdynia,false,true,true,true
18470,219,Drygały mpo - Ełk,137.922,138.252,Ograniczona widoczność czoła pociągu na przejeździe,1,60,,,IZ Gdynia,false,true,true,true
18471,219,Drygały mpo - Ełk,138.252,138.692,Ograniczona widoczność czoła pociągu na przejeździe,1,,80,,IZ Gdynia,false,true,true,true
18472,219,Drygały mpo - Ełk,143.435,143.658,Ograniczona widoczność czoła pociągu na przejeździe,1,,40,,IZ Gdynia,false,true,true,true
18473,219,Drygały mpo - Ełk,145.458,145.953,Ograniczona widoczność czoła pociągu na przejeździe,1,90,,,IZ Gdynia,false,true,true,true
18474,219,Drygały mpo - Ełk,145.953,146.393,Ograniczona widoczność czoła pociągu na przejeździe,1,,80,,IZ Gdynia,false,true,true,true
18475,219,Drygały mpo - Ełk,148.672,148.952,Ograniczona widoczność czoła pociągu na przejeździe,1,50,,,IZ Gdynia,false,true,true,true
18476,219,Drygały mpo - Ełk,150.515,150.735,Ograniczona widoczność czoła pociągu na przejeździe,1,40,,,IZ Gdynia,false,true,true,true
18477,219,Drygały mpo - Ełk,150.735,150.955,Ograniczona widoczność czoła pociągu na przejeździe,1,,40,,IZ Gdynia,false,true,true,true
18478,219,Ełk,102.743,103.333,,1,100,,Vd) Linia 38,IZ Gdynia,false,true,true,false
18479,219,Ełk,102.872,103.482,,1,,100,Vd) Linia 38,IZ Gdynia,false,true,true,false
18480,219,Ełk,-0.383,0.136,,5,80,,Vd) Linia 41,IZ Gdynia,false,true,true,false
18481,219,Ełk,-0.313,0.202,,5,,80,Vd) Linia 41,IZ Gdynia,false,true,true,false
18482,219,Ełk,121.169,121.785,,4,,60,Vd) Linia 223; poc towarowe,IZ Gdynia,false,true,true,false
18483,219,Ełk,121.169,121.785,,4,,80,Vd) Linia 223; poc. pasażerskie i szynobusy,IZ Gdynia,false,true,true,false
18484,219,Ełk,121.225,121.649,,4,60,,Vd) Linia 223; poc towarowe,IZ Gdynia,false,true,true,false
18485,219,Ełk,121.225,121.649,,4,80,,Vd) Linia 223; poc. pasażerskie i szynobusy,IZ Gdynia,false,true,true,false
18486,220,Olsztyn Główny,-0.338,0.215,,5,60,,Vd) Linia 219,IZ Gdynia,false,true,true,false
18487,220,Olsztyn Główny,-0.274,0.341,,5,,60,Vd) Linia 219,IZ Gdynia,false,true,true,false
18488,220,Olsztyn Główny,298.373,299.078,,1,100,,Vd) Linia 353; poc. towarowe,IZ Gdynia,false,false,true,false
18489,220,Olsztyn Główny,298.373,299.078,,1,120,,Vd) Linia 353; poc. pasażerskie i szynobusy,IZ Gdynia,false,true,true,false
18490,220,Olsztyn Główny,298.421,299.108,,2,100,,Vd) Linia 353; poc. towarowe,IZ Gdynia,false,false,true,false
18491,220,Olsztyn Główny,298.421,299.108,,2,120,,Vd) Linia 353; poc. pasażerskie i szynobusy,IZ Gdynia,false,true,true,false
18492,220,Olsztyn Główny,298.534,299.204,,1,,120,Vd) Linia 353; poc. pasażerskie i szynobusy,IZ Gdynia,false,true,true,false
18493,220,Olsztyn Główny,298.534,299.204,,1,,100,Vd) Linia 353; poc. towarowe,IZ Gdynia,false,false,true,false
18494,220,Olsztyn Główny,298.534,299.294,,2,,120,Vd) Linia 353; poc. pasażerskie i szynobusy,IZ Gdynia,false,true,true,false
18495,220,Olsztyn Główny,298.534,299.294,,2,,100,Vd) Linia 353; poc. towarowe,IZ Gdynia,false,false,true,false
18496,220,Olsztyn Likusy mpo,4.235,4.357,Ograniczona widoczność czoła pociągu na przejściu,1,,40,,IZ Gdynia,false,true,true,true
18497,220,Olsztyn Gutkowo,-0.281,-0.028,,3b,60,,Vd) Linia 221,IZ Gdynia,false,true,true,false
18498,220,Olsztyn Gutkowo,-0.163,-0.028,,3b,,60,Vd) Linia 221,IZ Gdynia,false,true,true,false
18499,220,Olsztyn Gutkowo,-0.028,0.381,,3b,70,,Vd) Linia 221; poc. towarowe,IZ Gdynia,false,false,true,false
18500,220,Olsztyn Gutkowo,-0.028,0.381,,3b,100,,Vd) Linia 221; poc. pasażerskie i szynobusy,IZ Gdynia,false,true,true,false
18501,220,Olsztyn Gutkowo,-0.028,0.448,,3b,,100,Vd) Linia 221; poc. pasażerskie i szynobusy,IZ Gdynia,false,true,true,false
18502,220,Olsztyn Gutkowo,-0.028,0.448,,3b,,70,Vd) Linia 221; poc. towarowe,IZ Gdynia,false,false,true,false
18503,220,Olsztyn Gutkowo - Gamerki Wielkie,12.967,13.302,Ograniczona widoczność czoła pociągu na przejeździe,1,,60,,IZ Gdynia,false,true,true,true
18504,220,Olsztyn Gutkowo - Gamerki Wielkie,13.111,13.446,Ograniczona widoczność czoła pociągu na przejeździe,1,60,,,IZ Gdynia,false,true,true,true
18505,220,Olsztyn Gutkowo - Gamerki Wielkie,22.388,22.668,Ograniczona widoczność czoła pociągu na przejeździe,1,,50,,IZ Gdynia,false,true,true,true
18506,220,Olsztyn Gutkowo - Gamerki Wielkie,25.425,25.705,Ograniczona widoczność czoła pociągu na przejeździe,1,,50,,IZ Gdynia,false,true,true,true
18507,220,Morąg,45.270,45.271,Pogorszenie stanu kładki,"1, 2",50,50,,IZ Gdynia,false,true,true,true
18508,220,Małdyty - Pasłęk,68.346,68.736,Ograniczona widoczność czoła pociągu na przejeździe,1,,70,,IZ Gdynia,false,true,true,true
18509,220,Bogaczewo,41.100,41.810,,1,90,,Vd) Linia 204,IZ Gdynia,false,true,true,false
18510,220,Bogaczewo,41.138,41.810,,2,100,,Vd) Linia 204,IZ Gdynia,false,true,true,false
18511,220,Bogaczewo,41.146,41.827,,2,,100,Vd) Linia 204,IZ Gdynia,false,true,true,false
18512,220,Bogaczewo,41.173,41.870,,1,,90,Vd) Linia 204,IZ Gdynia,false,true,true,false
18513,221,Olsztyn Gutkowo,7.819,8.440,,1,80,,Vd) Linia 220,IZ Gdynia,false,true,true,false
18514,221,Olsztyn Gutkowo,7.888,8.470,,1,,80,Vd) Linia 220,IZ Gdynia,false,true,true,false
18515,221,Olsztyn Gutkowo - Dobre Miasto,4.023,4.308,Ograniczona widoczność czoła pociągu na przejeździe,1,50,,,IZ Gdynia,false,true,true,true
18516,221,Olsztyn Gutkowo - Dobre Miasto,4.298,4.638,Ograniczona widoczność czoła pociągu na przejeździe,1,,60,,IZ Gdynia,false,true,true,true
18517,221,Olsztyn Gutkowo - Dobre Miasto,5.964,6.414,Ograniczona widoczność czoła pociągu na przejeździe,1,80,,,IZ Gdynia,false,true,true,true
18518,221,Olsztyn Gutkowo - Dobre Miasto,6.404,6.744,Ograniczona widoczność czoła pociągu na przejeździe,1,,60,,IZ Gdynia,false,true,true,true
18519,221,Olsztyn Gutkowo - Dobre Miasto,9.459,9.744,Ograniczona widoczność czoła pociągu na przejeździe,1,50,,,IZ Gdynia,false,true,true,true
18520,221,Olsztyn Gutkowo - Dobre Miasto,9.734,10.019,Ograniczona widoczność czoła pociągu na przejeździe,1,,50,,IZ Gdynia,false,true,true,true
18521,221,Olsztyn Gutkowo - Dobre Miasto,14.194,14.479,Ograniczona widoczność czoła pociągu na przejeździe,1,50,,,IZ Gdynia,false,true,true,true
18522,221,Olsztyn Gutkowo - Dobre Miasto,14.469,14.754,Ograniczona widoczność czoła pociągu na przejeździe,1,,50,,IZ Gdynia,false,true,true,true
18523,221,Olsztyn Gutkowo - Dobre Miasto,19.868,20.153,Ograniczona widoczność czoła pociągu na przejeździe,1,50,,,IZ Gdynia,false,true,true,true
18524,221,Olsztyn Gutkowo - Dobre Miasto,20.968,21.308,Ograniczona widoczność czoła pociągu na przejeździe,1,,60,,IZ Gdynia,false,true,true,true
18525,221,Dobre Miasto - Orneta,29.402,29.625,Ograniczona widoczność czoła pociągu na przejeździe,1,,40,,IZ Gdynia,false,true,true,true
18526,221,Dobre Miasto - Orneta,31.624,31.902,Ograniczona widoczność czoła pociągu na przejeździe,1,40,,,IZ Gdynia,false,true,true,true
18527,221,Orneta - Pieniężno,48.140,48.363,Ograniczona widoczność czoła pociągu na przejeździe,1,40,,,IZ Gdynia,false,true,true,true
18528,221,Orneta - Pieniężno,59.224,61.000,Pogorszenie stanu toru,1,40,40,,IZ Gdynia,false,true,true,true
18529,221,Pieniężno - Braniewo,68.438,68.662,Ograniczona widoczność czoła pociągu na przejeździe,1,40,,,IZ Gdynia,false,true,true,true
18530,221,Pieniężno - Braniewo,69.605,69.830,Ograniczona widoczność czoła pociągu na przejeździe,1,,40,,IZ Gdynia,false,true,true,true
18531,221,Braniewo,85.320,85.330,,212,,,,IZ Gdynia,false,true,true,true
18532,221,Braniewo,83.410,83.821,,1,80,,Vd) Linia 204,IZ Gdynia,false,true,true,false
18533,221,Braniewo,83.528,83.950,,1,,80,Vd) Linia 204,IZ Gdynia,false,true,true,false
18534,223,Czerwonka,328.450,328.550,Układ geometryczny toru,2,80,80,*) Linia 353,IZ Gdynia,false,true,false,true
18535,223,Czerwonka,328.765,329.528,,2,,100,Vd) Linia 353,IZ Gdynia,false,true,true,false
18536,223,Orzysz - Ełk,87.232,87.507,Ograniczona widoczność czoła pociągu na przejeździe,1,,50,,IZ Gdynia,false,true,true,true
18537,223,Orzysz - Ełk,118.625,118.900,Ograniczona widoczność czoła pociągu na przejeździe,1,,50,Nowe!,IZ Gdynia,true,true,true,true
18538,223,Ełk,102.743,103.333,,1,100,,Vd) Linia 38,IZ Gdynia,false,true,true,false
18539,223,Ełk,102.872,103.482,,1,,100,Vd) Linia 38,IZ Gdynia,false,true,true,false
18540,228,Gdynia Port GPB - Gdynia Port Oksywie,6.515,6.525,Brak widoczności czoła pociągu na przejeździe,1,20,20,,IZ Gdynia,false,true,true,true
18541,229,Kartuzy,40.733,41.081,Układ geometryczny toru,102,70,70,,IZ Gdynia,false,true,true,true
18542,234,Gdańsk Kokoszki - Stara Piła,12.357,17.176,Tor nie przystosowany do prędkości 100 km/h,1,80,80,*),IZ Gdynia,false,true,false,true
18543,235,Gdańsk Osowa,186.506,186.606,Jazda obok miejsca robót,2,20,20,*) Linia 201,IZ Gdynia,false,true,false,true
18544,235,Gdańsk Osowa,187.864,188.800,jazda obok miejsca robót,2,20,,*) Linia 201,IZ Gdynia,false,true,false,true
18545,235,Gdańsk Osowa,187.864,188.800,Jazda obok miejsca robót,4,20,,*) Linia 201,IZ Gdynia,false,true,false,true
18546,235,Gdańsk Osowa,188.343,188.385,jazda obok miejsca robót,1,40,40,*) Linia 201,IZ Gdynia,false,true,false,true
18547,235,Gdańsk Osowa,188.346,188.387,Jazda obok miejsca robót,2,40,40,*) Linia 201,IZ Gdynia,false,true,false,true
18548,235,Gdańsk Osowa,189.380,189.704,Jazda obok miejsca robót,1f,30,30,*) Linia 201,IZ Gdynia,false,true,false,true
18549,243,Jabłowo - Starogard Gdański,15.735,15.750,"Obsługa przejazdu przez drużynę pociągową, z zatrzymaniem pociągu",1,,,,IZ Gdynia,false,true,true,true
18550,243,Jabłowo - Starogard Gdański,20.765,20.775,"Obsługa przejazdu przez drużynę pociągową, z zatrzymaniem pociągu",1,,,,IZ Gdynia,false,true,true,true
18551,243,Jabłowo - Starogard Gdański,22.587,22.740,Ograniczona widoczność czoła pociągu na przejeździe,1,40,,,IZ Gdynia,false,true,true,true
18552,243,Jabłowo - Starogard Gdański,22.737,22.957,Ograniczona widoczność czoła pociągu na przejeździe,1,,40,,IZ Gdynia,false,true,true,true
18553,248,Gdańsk Firoga - Gdańsk Rębiechowo,13.950,14.150,Jazda obok miejsca robót,1,40,40,*) Nowe!,IZ Gdynia,true,true,false,true
18554,248,Gdańsk Rębiechowo - Gdańsk Osowa,17.580,17.680,Jazda obok miejsca robót,2,20,20,*) Nowe!,IZ Gdynia,true,true,false,true
18555,249,Gdańsk Główny - Gdańsk Zaspa Towarowa,0.940,0.945,Remont / przebudowa / rozbiórka kładki,500,20,20,*),IZ Gdynia,false,true,false,true
18556,250,Gdańsk Główny - Gdynia Główna,0.080,20.992,Dla ED250 max pobór mocy prądu trakcji 1000A,"501, 502",,,*),IZ Gdynia,false,true,false,true
18557,250,Gdańsk Wrzeszcz - Gdańsk Oliwa,5.553,5.556,Brak widoczności czoła pociągu na przejściu dla pieszych.,501,20,20,,IZ Gdynia,false,true,true,true
18558,250,Sopot,11.520,11.685,Układ geometryczny toru,501,50,50,,IZ Gdynia,false,true,true,true
18559,250,Gdynia Orłowo - Gdynia Główna,15.850,15.950,nieodpowiednia geometria toru dla ED250,501,20,20,*),IZ Gdynia,false,true,false,true
18560,250,Gdynia Cisowa,27.400,27.900,Układ geometryczny torów,"112, 163",20,20,*),IZ Gdynia,false,true,false,true
18561,250,Gdynia Chylonia - Rumia,28.643,28.657,Ograniczona widoczność czoła pociągu na przejeździe,502,50,50,*),IZ Gdynia,false,true,false,true
18562,254,Elbląg Zdrój - Braniewo,45.827,45.939,Brak widoczności czoła pociągu na przejazdach,1,20,20,,IZ Gdynia,false,true,true,true
18563,254,Braniewo,85.320,85.330,,212,,,,IZ Gdynia,false,true,true,true
18564,254,Braniewo,83.410,83.821,,1,80,,Vd) Linia 204,IZ Gdynia,false,true,true,false
18565,254,Braniewo,83.528,83.950,,1,,80,Vd) Linia 204,IZ Gdynia,false,true,true,false
18566,281,,233.186,233.220,Pogorszenie stanu rozjazdu nr 250,1,20,20,kier. zwrotny,IZ Gdynia,false,true,true,true
18567,281,Nakło n/Notecią - Chojnice,283.739,283.751,Ograniczona widoczność czoła pociągu na przejeździe - przejazd pod osłoną drużyny pociągowej,1,,,,IZ Gdynia,false,true,true,true
18568,353,Inowrocław,324.593,325.231,,4,100,100,Vd) Linia 131,IZ Gdynia,false,true,true,false
18569,353,Inowrocław,324.634,325.244,,6,90,90,Vd) Linia 131; szynobusy i poc pasażerskie,IZ Gdynia,false,true,true,false
18570,353,Inowrocław,324.634,325.244,,6,70,70,Vd) Linia 131; poc towarowe,IZ Gdynia,false,true,true,false
18571,353,Toruń Główny,135.158,135.683,Pogorszenie stanu toru,11,20,20,,IZ Gdynia,false,true,true,true
18572,353,Toruń Główny,110.849,110.871,,"104, 105",,,,IZ Gdynia,false,true,true,true
18573,353,Toruń Główny,109.780,111.335,,102,120,120,Vd) Linia 18; szynobusy i poc pasażerskie,IZ Gdynia,false,true,true,false
18574,353,Toruń Główny,109.780,111.335,,102,100,100,Vd) Linia 18; poc towarowe,IZ Gdynia,false,true,true,false
18575,353,Toruń Główny,109.910,111.243,,101,120,120,Vd) Linia 18; szynobusy i poc pasażerskie,IZ Gdynia,false,true,true,false
18576,353,Toruń Główny,109.910,111.243,,101,100,100,Vd) Linia 18; poc towarowe,IZ Gdynia,false,true,true,false
18577,353,Toruń Wschodni,-0.206,0.807,,"5, 5",70,,Vd) Linia 207; poc pasażerskie,IZ Gdynia,false,true,true,false
18578,353,Toruń Wschodni,-0.206,0.807,,5,40,,Vd) Linia 207; poc towarowe,IZ Gdynia,false,true,true,false
18579,353,Toruń Wschodni,-0.206,0.848,,8,30,30,Vd) Linia 246,IZ Gdynia,false,true,true,false
18580,353,Kowalewo Pomorskie - Wąbrzeźno,162.547,163.197,Ograniczona widoczność czoła pociągu na przejeździe,"1, 2",100,,,IZ Gdynia,false,true,true,true
18581,353,Jabłonowo Pomorskie,194.250,194.540,Pogorszenie stanu toru,12,20,20,,IZ Gdynia,false,true,true,false
18582,353,Jabłonowo Pomorskie,194.250,194.500,Pogorszenie stanu toru,14,20,20,,IZ Gdynia,false,true,true,false
18583,353,Jabłonowo Pomorskie,77.585,79.035,,4,50,,Vd) Linia 208; poc towarowe,IZ Gdynia,false,true,true,false
18584,353,Jabłonowo Pomorskie,77.585,79.035,,4,60,,Vd) Linia 208; poc pasażerskie,IZ Gdynia,false,true,true,false
18585,353,Jabłonowo Pomorskie,77.585,79.035,,4,80,,Vd) Linia 208; szynobusy,IZ Gdynia,false,true,true,false
18586,353,Iława Główna,228.450,228.560,Układ geometryczny toru,2,60,60,*),IZ Gdynia,false,true,false,true
18587,353,Iława Główna,228.580,228.620,Układ geometryczny rozjazdu nr 11,5,20,20,kier. zwrotny,IZ Gdynia,false,true,true,false
18588,353,Iława Główna,230.119,230.400,Układ geometryczny toru,2,60,60,,IZ Gdynia,false,true,true,true
18589,353,Iława Główna,208.437,209.063,,1,80,,Vd) Linia 9; poc. towarowe,IZ Gdynia,false,false,true,false
18590,353,Iława Główna,208.437,209.063,,1,100,,"Vd) Linia 9; poc. pasażerskie, szynobusy",IZ Gdynia,false,true,true,false
18591,353,Iława Główna,208.484,209.063,,2,80,,Vd) Linia 9; poc. towarowe,IZ Gdynia,false,false,true,false
18592,353,Iława Główna,208.484,209.063,,2,100,,"Vd) Linia 9; poc. pasażerskie, szynobusy",IZ Gdynia,false,true,true,false
18593,353,Iława Główna,208.589,209.232,,1,,80,Vd) Linia 9; poc. towarowe,IZ Gdynia,false,false,true,false
18594,353,Iława Główna,208.589,209.232,,1,,100,"Vd) Linia 9; poc. pasażerskie, szynobusy",IZ Gdynia,false,true,true,false
18595,353,Iława Główna,208.627,209.136,,2,,80,Vd) Linia 9; poc. towarowe,IZ Gdynia,false,false,true,false
18596,353,Iława Główna,208.627,209.136,,2,,100,"Vd) Linia 9; poc. pasażerskie, szynobusy",IZ Gdynia,false,true,true,false
18597,353,Olsztyn Główny,82.900,83.498,,3,100,,Vd) Linia 216; poc. towarowe,IZ Gdynia,false,false,true,false
18598,353,Olsztyn Główny,82.900,83.498,,3,120,,Vd) Linia 216; poc. pasażerskie i szynobusy,IZ Gdynia,false,true,true,false
18599,353,Olsztyn Główny,83.000,83.533,,3,,120,Vd) Linia 216; poc. pasażerskie i szynobusy,IZ Gdynia,false,true,true,false
18600,353,Olsztyn Główny,83.000,83.533,,3,,100,Vd) Linia 216; poc. towarowe,IZ Gdynia,false,false,true,false
18601,353,Olsztyn Główny,-0.338,0.215,,5,60,,Vd) Linia 219,IZ Gdynia,false,true,true,false
18602,353,Olsztyn Główny,-0.274,0.341,,5,,60,Vd) Linia 219,IZ Gdynia,false,true,true,false
18603,353,Olsztyn Główny,-0.341,0.235,,4,100,,Vd) Linia 220; poc. towarowe,IZ Gdynia,false,false,true,false
18604,353,Olsztyn Główny,-0.341,0.235,,4,120,,Vd) Linia 220; poc. pasażerskie i szynobusy,IZ Gdynia,false,true,true,false
18605,353,Olsztyn Główny,-0.215,0.362,,4,,120,Vd) Linia 220; poc. pasażerskie i szynobusy,IZ Gdynia,false,true,true,false
18606,353,Olsztyn Główny,-0.215,0.362,,4,,100,Vd) Linia 220; poc. towarowe,IZ Gdynia,false,false,true,false
18607,353,Czerwonka,328.450,328.550,Układ geometryczny toru,2,80,80,*),IZ Gdynia,false,true,false,true
18608,353,Korsze,201.619,202.295,,105,80,,Vd) Linia 38,IZ Gdynia,false,true,true,false
18609,353,Korsze,201.848,202.399,,105,,80,Vd) Linia 38,IZ Gdynia,false,true,true,false
18610,353,Skandawa - Skandawa (gr),388.224,388.284,Miejsce detekcji stanu ładunków kolejowych,1,10,10,,IZ Gdynia,false,true,true,true
18611,356,Szubin,103.725,103.735,Obsługa przejazdu przez drużynę pociągową z zatrzymaniem pociągu,1,,,,IZ Gdynia,false,true,true,true
18612,356,Jasiniec Białe Błota,118.530,119.110,Pogorszenie stanu toru,3,10,10,,IZ Gdynia,false,true,true,false
18613,405,Kawcze - Kępice,140.552,140.941,Ograniczona widoczność czoła pociągu na przejeździe,1,70,,*),IZ Gdynia,false,true,false,true
18614,405,Kawcze - Kępice,143.317,143.543,Ograniczona widoczność czoła pociągu na przejeździe,1,,40,,IZ Gdynia,false,true,true,true
18615,405,Słonowice - Słupsk,170.503,170.509,Wyłączona SSP,1,20,20,*) Nowe!,IZ Gdynia,true,true,false,true
18616,405,Słupsk,174.899,174.902,Brak widoczności czoła pociągu na przejeździe,"3, 5, 7/9a",20,20,*),IZ Gdynia,false,true,false,true
18617,405,Słupsk,131.169,131.172,,"5, 7/9a",,,,IZ Gdynia,false,true,true,false
18618,734,Nieszawka - Toruń Towarowy TRB,2.085,2.360,Pogorszenie stanu toru i podtorza,"303, 304",20,20,,IZ Gdynia,false,true,true,true
18619,737,Ponętów,240.247,241.146,Pogorszenie stanu toru,5,20,20,Linia 131,IZ Gdynia,false,true,true,false
18620,737,Ponętów,240.026,241.404,,2,,100,Vd) Linia 131,IZ Gdynia,false,true,true,false
18621,737,Ponętów,240.062,241.446,,1,100,,Vd) Linia 131,IZ Gdynia,false,true,true,false
18622,737,Ponętów,-1.114,0.204,,3,60,60,Vd) Linia 740,IZ Gdynia,false,true,true,false
18623,740,Ponętów,240.247,241.146,,5,,,,IZ Gdynia,false,true,true,false
18624,740,Ponętów,240.026,241.404,,2,,100,Vd) Linia 131,IZ Gdynia,false,true,true,false
18625,740,Ponętów,240.062,241.446,,1,100,,Vd) Linia 131,IZ Gdynia,false,true,true,false
18626,740,Ponętów,-0.238,1.003,,4,50,50,Vd) Linia 737,IZ Gdynia,false,true,true,false
18627,741,Jaksice,330.525,332.073,,1,120,,Vd) Linia 131; szynobusy i poc pasażerskie,IZ Gdynia,false,true,true,false
18628,741,Jaksice,330.525,332.073,,1,100,,Vd) Linia 131; poc towarowe,IZ Gdynia,false,true,true,false
18629,741,Jaksice,330.608,332.126,,2,,120,Vd) Linia 131; szynobusy i poc pasażerskie,IZ Gdynia,false,true,true,false
18630,741,Jaksice,330.850,332.126,,2,,100,Vd) Linia 131; poc towarowe,IZ Gdynia,false,true,true,false
18631,742,,317.053,318.640,,2,,90,Vd) Linia 131; szynobusy i poc pasażerskie,IZ Gdynia,false,true,true,false
18632,742,,317.053,318.640,,2,,70,Vd) Linia 131; poc towarowe,IZ Gdynia,false,true,true,false
18633,963,Gdynia Główna,204.662,204.880,,1,60,,Vd) Linia 201,IZ Gdynia,false,true,true,false
18634,963,Gdynia Główna,20.836,21.408,,8,100,,Vd) Linia 202,IZ Gdynia,false,true,true,false
18635,963,Gdynia Główna,20.961,21.370,,5,100,,Vd) Linia 202,IZ Gdynia,false,true,true,false
18636,963,Gdynia Główna,20.980,21.547,,8,,100,Vd) Linia 202,IZ Gdynia,false,true,true,false
18637,963,Gdynia Główna,21.043,21.528,,5,,100,Vd) Linia 202,IZ Gdynia,false,true,true,false
18638,132,Strzelce Opolskie,29.909,30.534,,5,40,40,Vd) Linia 175,IZ Wrocław,false,true,true,false
18639,132,Szymiszów - Otmice,79.236,80.010,urządzenia SRK nieprzystosowane do prędkości rozkładowej,"1, 2",,110,dotyczy czoła pociągu,IZ Wrocław,false,true,true,true
18640,132,Tarnów Opolski - Opole Groszowice,88.480,88.500,niestabilność podtorza i toru,1,80,80,,IZ Wrocław,false,true,true,true
18641,132,Opole Groszowice,95.500,96.121,pogorszenie stanu podtorza oraz ST5,7,20,20,,IZ Wrocław,false,true,true,false
18642,132,Opole Groszowice,95.500,96.121,pogorszenie stanu podtorza oraz ST6 i rozjazdu 47,9,20,20,,IZ Wrocław,false,true,true,false
18643,132,Opole Groszowice,-0.394,0.339,,5,60,60,Vd) Linia 280,IZ Wrocław,false,true,true,false
18644,132,Opole Groszowice,-0.321,0.367,,3,60,60,Vd) Linia 280,IZ Wrocław,false,true,true,false
18645,132,Opole Główne,2.940,2.980,,8wsch 14wsc,,,,IZ Wrocław,false,true,true,false
18646,132,Brzeg,47.182,47.472,,6p,70,70,Vd) Linia 288; A,IZ Wrocław,false,true,true,false
18647,132,Brzeg,47.182,47.472,,6p,40,40,"Vd) Linia 288; P, T",IZ Wrocław,false,false,true,false
18648,132,Brzeg,0.401,1.105,,4,40,40,Vd) Linia 304,IZ Wrocław,false,true,true,false
18649,136,Przywory Opolskie,1.075,1.227,,101,,40,Vd) Linia 978,IZ Wrocław,false,true,true,false
18650,136,Opole Groszowice,95.500,96.121,pogorszenie stanu podtorza oraz ST5 pogorszenie stanu podtorza oraz ST6 i rozjazdu 47,7,20,20,Linia 132 Linia 132,IZ Wrocław,false,true,true,false
18651,136,Opole Groszowice,95.500,96.121,,9,,,,IZ Wrocław,false,true,true,false
18652,137,Głogówek - Racławice Śląskie,89.400,93.300,pogorszenie stanu szyn i podkładów,1,50,50,,IZ Wrocław,false,true,true,true
18653,137,Racławice Śląskie,15.075,15.900,,1płd,,20,Vd) Linia 294,IZ Wrocław,false,true,true,false
18654,137,Prudnik - Nowy Świętów,120.400,122.895,"pogorszenie stanu wiaduktu w km 122,885 oraz pogrorszony stan toru",2,40,40,,IZ Wrocław,false,true,true,true
18655,137,Prudnik - Nowy Świętów,122.875,122.895,"pogorszenie stanu wiaduktu w km 122,885",1,40,40,,IZ Wrocław,false,true,true,true
18656,137,Nowy Świętów - Nysa,132.000,133.000,pogorszenie stanu technicznego toru,2,40,40,,IZ Wrocław,false,true,true,true
18657,137,Nowy Świętów - Nysa,135.450,136.550,pogorszenie stanu podtorza oraz toru,2,40,40,,IZ Wrocław,false,true,true,true
18658,137,Nysa,139.065,139.075,"pogorszenie stanu przejścia pod torami w km 139,075","1, 2",20,20,,IZ Wrocław,false,true,true,true
18659,137,Nysa,139.440,139.600,"pogorszenie stanu mostu w km 139,491","1, 2",20,20,,IZ Wrocław,false,true,true,true
18660,137,Nysa,0.355,0.470,"pogorszenie stanu mostu w km 0,413",1,20,20,Linia 288,IZ Wrocław,false,true,true,true
18661,137,Nysa,48.119,49.094,,7,50,50,Vd) Linia 287,IZ Wrocław,false,true,true,false
18662,137,Nysa - Goświnowice,143.300,144.800,pogorszenie stanu technicznego toru,2,40,40,,IZ Wrocław,false,true,true,true
18663,137,Nysa - Goświnowice,146.574,146.590,"pogorszenie stanu technicznego wiaduktu w km 146,582, mała nośność 196 kN","1, 2",20,20,,IZ Wrocław,false,true,true,true
18664,137,Goświnowice,147.859,148.413,pogorszenie stanu podkładów,6,20,20,,IZ Wrocław,false,true,true,false
18665,137,Otmuchów,155.263,155.925,pogorszenie stanu podkładów,7,20,20,,IZ Wrocław,false,true,true,false
18666,137,Otmuchów - Paczków,162.406,162.426,"pogorszenie stanu technicznego przęseł mostu km 162,416","1, 2",40,40,,IZ Wrocław,false,true,true,true
18667,137,Otmuchów - Paczków,163.200,165.249,"pogorszenie stanu podkładów oraz pogorszony stan techniczny przęseł mostu w km 163,233",2,40,40,,IZ Wrocław,false,true,true,true
18668,137,Otmuchów - Paczków,163.223,163.243,"pogorszenie stanu techniczny przęseł mostu km 163,233",1,40,40,,IZ Wrocław,false,true,true,true
18669,137,Otmuchów - Paczków,164.000,165.300,pogorszenie stanu technicznego toru,1,50,50,,IZ Wrocław,false,true,true,true
18670,137,Paczków - Kamieniec Ząbkowicki,174.630,175.250,pogorszenie stanu technicznego toru,2,50,50,,IZ Wrocław,false,true,true,true
18671,137,Kamieniec Ząbkowicki,71.300,71.964,,2,100,100,"Vd) Linia 276; A, P",IZ Wrocław,false,true,true,false
18672,137,Kamieniec Ząbkowicki,71.300,71.964,,2,80,80,Vd) Linia 276; T,IZ Wrocław,false,false,true,false
18673,137,Kamieniec Ząbkowicki - Ząbkowice Śląskie,178.504,178.514,"pogorszenie stanu wiaduktu km 178,509",1,40,40,,IZ Wrocław,false,true,true,true
18674,137,Kamieniec Ząbkowicki - Ząbkowice Śląskie,178.969,178.979,"pogorszenie stanu wiaduktu km 178,974",1,40,40,,IZ Wrocław,false,true,true,true
18675,137,Ząbkowice Śląskie - Piława Górna,194.000,194.300,pogorszenie stanu technicznego toru,1,30,30,,IZ Wrocław,false,true,true,true
18676,137,Ząbkowice Śląskie - Piława Górna,194.700,195.750,pogorszenie stanu technicznego toru,1,40,40,,IZ Wrocław,false,true,true,true
18677,137,Piława Górna - Dzierżoniów Śląski,204.973,204.993,"pogorszenie stanu wiaduktu w km 204,983",1,40,40,,IZ Wrocław,false,true,true,true
18678,137,Piława Górna - Dzierżoniów Śląski,204.993,206.330,pogorszenie stanu technicznego toru,1,60,60,,IZ Wrocław,false,true,true,true
18679,137,Dzierżoniów Śląski,208.345,208.918,pogorszenie stanu technicznego toru i rozjazdu 10 i 24,12,20,20,,IZ Wrocław,false,true,true,false
18680,137,Dzierżoniów Śląski,211.286,211.296,"pogorszenie stanu technicznego przęseł mostu w km 211,291",1,40,40,,IZ Wrocław,false,true,true,true
18681,137,Mościsko Dzierżoniowskie,215.170,215.190,"pogorszenie stanu technicznego mostu w km 215,176",1,20,20,,IZ Wrocław,false,true,true,true
18682,137,Jaworzyna Śląska,237.650,237.680,"pogorszenie stanu toru pomiędzy rozjazdami 89, 90, 93, 94 pogorszenie stanu skrzyżowania torów między rozjazdami 89, 90, 93, 94",9,20,20,*) *) Linia 274,IZ Wrocław,false,true,false,true
18683,137,Jaworzyna Śląska,49.020,49.050,,"11,",,,,IZ Wrocław,false,true,true,true
18684,137,Jaworzyna Śląska,47.887,48.587,,10,70,,Vd) Linia 274; towarowe,IZ Wrocław,false,true,true,false
18685,137,Jaworzyna Śląska,47.887,48.587,,10,80,,Vd) Linia 274; szynobusy i pasażerskie,IZ Wrocław,false,true,true,false
18686,137,Jaworzyna Śląska,47.970,48.913,,1,40,,Vd) Linia 274; towarowe,IZ Wrocław,false,true,true,false
18687,137,Jaworzyna Śląska,47.970,48.913,,1,50,,Vd) Linia 274; A i P,IZ Wrocław,false,true,true,false
18688,137,Rogoźnica - Jawor,254.115,254.558,ograniczona widoczność czoła pociągu na przejeździe,1,80,,,IZ Wrocław,false,true,true,true
18689,137,Rogoźnica - Jawor,260.187,261.301,"ograniczona widoczność czoła pociągu na przejeździe w km 260,190 i 260,546",1,,100,,IZ Wrocław,false,true,true,true
18690,137,Jawor - Przybyłowice,266.051,266.063,"brak widoczności na przejeździe kat. D w km 266,057",1,20,20,,IZ Wrocław,false,true,true,true
18691,137,Przybyłowice - Legnica Wschód podg,277.109,277.119,przekroczony iloczyn ruchu na przejeździe,1,50,50,,IZ Wrocław,false,true,true,true
18692,137,Przybyłowice - Legnica Wschód podg,277.545,278.070,ograniczona widoczność czoła pociągu na przejeździe,1,,80,,IZ Wrocław,false,true,true,true
18693,137,Jawor - Legnica Wschód podg,280.937,281.181,ograniczona widoczność czoła pociągu na przejściu,1,,80,Nowe!,IZ Wrocław,true,true,true,true
18694,137,Legnica,63.840,63.870,pogorszenie stanu rozjazdu 19,"100, 102",20,20,"Linia 275; T, L",IZ Wrocław,false,false,true,false
18695,137,Legnica,63.955,64.637,pogorszenie stanu toru pogorszenie stanu skrzyżowania toru pomiędzy rozjazdami 68 i 73,110,20,20,"Linia 275; T, L Linia 275; nie dotyczy P",IZ Wrocław,false,false,true,false
18696,137,Legnica,64.730,64.820,,3,,,,IZ Wrocław,false,true,true,false
18697,137,Legnica,64.707,65.339,,9,60,60,Vd) Linia 275,IZ Wrocław,false,true,true,false
18698,143,Sieraków - Sowczyce,37.910,38.310,"ograniczona widoczność na przejeździe w km 38,307","1, 2",60,,,IZ Wrocław,false,true,true,true
18699,143,Bąków - Kluczbork,64.145,64.470,"ograniczona widoczność na przejeździe w km 64,467","1, 2",50,,,IZ Wrocław,false,true,true,true
18700,143,Kluczbork,88.672,89.082,,4płd,40,40,Vd) Linia 175,IZ Wrocław,false,true,true,false
18701,143,Kluczbork,24.717,25.270,,6płd,,50,Vd) Linia 293; A,IZ Wrocław,false,true,true,false
18702,143,Kluczbork,24.717,25.270,,6płd,,30,"Vd) Linia 293; P, T",IZ Wrocław,false,false,true,false
18703,143,Wołczyn,82.300,83.050,pogorszenie stanu technicznego toru,3,20,20,,IZ Wrocław,false,true,true,false
18704,143,Namysłów,59.615,60.712,,6,40,40,Vd) Linia 301,IZ Wrocław,false,true,true,false
18705,143,Bierutów,119.717,120.643,pogorszenie stanu toru,3,20,20,,IZ Wrocław,false,true,true,false
18706,143,Oleśnica,133.127,134.052,pogorszenie stanu toru,103,20,20,dotyczy jazd po torze 105,IZ Wrocław,false,true,true,false
18707,143,Oleśnica,133.290,134.000,pogorszenie stanu toru,"102, 104",20,20,"T, dotyczy jazd po torze 106",IZ Wrocław,false,false,true,false
18708,143,Oleśnica,133.535,134.125,pogorszenie stanu toru,3,20,20,,IZ Wrocław,false,true,true,false
18709,143,Wrocław Sołtysowice,22.219,22.227,,1,,,,IZ Wrocław,false,true,true,true
18710,143,Wrocław Sołtysowice - Wrocław Nadodrze,158.590,158.874,pogorszenie stanu obiektu,"1, 2",40,40,,IZ Wrocław,false,true,true,true
18711,143,Wrocław Nadodrze - Wrocław Popowice WP3,161.370,161.590,pogorszenie stanu obiektu,1,40,40,,IZ Wrocław,false,true,true,true
18712,144,Borowiany - Zawadzkie,25.480,28.080,pogorszenie stanu podkładów,1,30,30,,IZ Wrocław,false,true,true,true
18713,144,Kielcza,26.000,26.850,pogorszenie stanu technicznego toru,4,20,20,,IZ Wrocław,false,true,true,false
18714,181,Kępno - Oleśnica,142.090,142.100,brak wymaganego trójkąta widoczności na przejeździe kat. D,1,20,20,,IZ Wrocław,false,true,true,true
18715,181,Kępno - Oleśnica,143.730,143.734,pogorszenie stanu obiektu,1,50,50,,IZ Wrocław,false,true,true,true
18716,181,Oleśnica,133.127,134.052,,103,,,,IZ Wrocław,false,true,true,false
18717,181,Oleśnica,133.290,134.000,pogorszenie stanu toru,"102, 104",20,20,"Linia 143; T, dotyczy jazd po torze 106",IZ Wrocław,false,false,true,false
18718,181,Oleśnica,133.535,134.125,pogorszenie stanu toru,3,20,20,Linia 143,IZ Wrocław,false,true,true,false
18719,273,,12.425,12.890,pogorszenie stanu toru,2,30,30,,IZ Wrocław,false,true,true,false
18720,273,Brzezinka Średzka - Księginice podg,22.486,22.926,"ograniczona widoczność na przejeździe w km 22,926",1,70,,,IZ Wrocław,false,true,true,true
18721,273,Brzezinka Średzka - Księginice podg,22.926,23.296,"ograniczona widoczność na przejeździe w km 22,926",1,,60,,IZ Wrocław,false,true,true,true
18722,273,Brzezinka Średzka - Księginice podg,22.926,23.226,"ograniczona widoczność na przejeździe w km 22,926",2,,50,,IZ Wrocław,false,true,true,true
18723,273,Księginice podg - Brzeg Dolny Brzeg Dolny,28.108,28.468,pogorszenie stanu obiektu,2,70,70,,IZ Wrocław,false,true,true,true
18724,273,Księginice podg - Brzeg Dolny Brzeg Dolny,29.950,30.580,pogorszenie stanu toru,4,20,20,,IZ Wrocław,false,true,true,false
18725,273,Księginice podg - Brzeg Dolny Brzeg Dolny,30.555,30.565,pogorszenie stanu kładki nad torami,"1, 2",,,,IZ Wrocław,false,true,true,true
18726,273,Księginice podg - Brzeg Dolny Brzeg Dolny,30.555,30.565,pogorszenie stanu kładki nad torem,3,,,dotyczy jazd po torach 3 i 4,IZ Wrocław,false,true,true,false
18727,273,Księginice podg - Brzeg Dolny Brzeg Dolny,33.600,33.800,pogorszenie stanu podtorza,2,50,50,Nowe!,IZ Wrocław,true,true,true,true
18728,273,Wołów - Małowice Wołowskie,42.975,43.495,"ograniczona widoczność na przejeździe w km 43,495",1,80,,,IZ Wrocław,false,true,true,true
18729,273,Wołów - Małowice Wołowskie,43.105,43.495,"ograniczona widoczność na przejeździe w km 43,495",2,60,,,IZ Wrocław,false,true,true,true
18730,273,Wołów - Małowice Wołowskie,43.495,44.015,"ograniczona widoczność na przejeździe w km 43,495",1,,80,,IZ Wrocław,false,true,true,true
18731,273,Wołów - Małowice Wołowskie,50.746,51.331,"ograniczona widoczność na przejeździe w km 51,331",1,90,,,IZ Wrocław,false,true,true,true
18732,273,Wołów - Małowice Wołowskie,51.331,51.721,"ograniczona widoczność na przejeździe w km 51,331",1,,60,,IZ Wrocław,false,true,true,true
18733,273,Wołów - Małowice Wołowskie,51.331,51.786,"ograniczona widoczność na przejeździe w km 51,331",2,,70,,IZ Wrocław,false,true,true,true
18734,273,Małowice Wołowskie - Ścinawa,56.320,56.730,pogorszenie stanu obiektu,1,60,60,,IZ Wrocław,false,true,true,true
18735,273,Głogów Wróblin,106.967,108.094,pogorszenie stanu toru (tor KGHM),102,10,10,,IZ Wrocław,false,true,true,false
18736,273,Głogów Wróblin,107.224,108.094,pogorszenie stanu toru (tor KGHM),104,10,10,,IZ Wrocław,false,true,true,false
18737,274,Wrocław Świebodzki - Wrocław Zachodni,3.330,3.480,niedostosowanie krawędzi peronowych do V=140 km/h,"1, 2",130,130,,IZ Wrocław,false,true,true,true
18738,274,Wrocław Świebodzki - Wrocław Zachodni,3.740,3.775,niedostosowanie obiektu mostowego do prędkości V=140 km/h,"1, 2",120,120,,IZ Wrocław,false,true,true,true
18739,274,Wrocław Zachodni,6.190,6.240,pogorszenie stanu toru,3,20,20,,IZ Wrocław,false,true,true,true
18740,274,Wrocław Zachodni,5.890,6.700,pogorszenie stanu toru,5,30,30,Linia 751,IZ Wrocław,false,true,true,true
18741,274,Wrocław Zachodni,6.740,6.780,nierówności toru w planie i profilu,5,20,20,Linia 751,IZ Wrocław,false,true,true,true
18742,274,Żarów,42.283,42.395,sieć trakcyjna nieprzystosowana do V=120 km/h,2,110,110,,IZ Wrocław,false,true,true,true
18743,274,Żarów,42.374,42.600,sieć trakcyjna nieprzystosowana do V=120 km/h,1,110,110,,IZ Wrocław,false,true,true,true
18744,274,Żarów,42.435,43.612,sieć trakcyjna nieprzystosowana do V=120 km/h,2,110,110,,IZ Wrocław,false,true,true,true
18745,274,Żarów,42.550,42.650,pogorszenie stanu obiektu,3,20,20,*),IZ Wrocław,false,true,false,true
18746,274,Żarów,42.600,42.630,pogorszenie stanu obiektu,1,70,70,,IZ Wrocław,false,true,true,true
18747,274,Żarów,42.630,43.705,sieć trakcyjna nieprzystosowana do V=120 km/h,1,110,110,,IZ Wrocław,false,true,true,true
18748,274,Jaworzyna Śląska,49.020,49.050,"pogorszenie stanu skrzyżowania torów między rozjazdami 89, 90, 93, 94 pogorszenie stanu toru pomiędzy rozjazdami 89, 90, 93, 94","11, 13",20,20,*) *) Linia 137,IZ Wrocław,false,true,false,true
18749,274,Jaworzyna Śląska,237.650,237.680,,9,,,,IZ Wrocław,false,true,true,false
18750,274,Wałbrzych Fabryczny,74.150,74.300,pogorszenie stanu toru i podtorza,7,20,20,*),IZ Wrocław,false,true,false,true
18751,274,Wałbrzych Fabryczny,74.350,74.800,pogorszenie stanu toru,3,20,20,*),IZ Wrocław,false,true,false,true
18752,274,Wałbrzych Główny,79.150,79.460,pogorszenie stanu toru,85,20,20,*),IZ Wrocław,false,true,false,true
18753,274,Boguszów Gorce,84.950,85.730,pogorszenie stanu toru,4,30,30,*),IZ Wrocław,false,true,false,true
18754,274,Boguszów Gorce,85.000,85.690,pogorszenie stanu toru,6,20,20,*),IZ Wrocław,false,true,false,true
18755,274,Jelenia Góra,125.263,125.290,pogorszenie stanu toru,"13, 15",20,20,*),IZ Wrocław,false,true,false,true
18756,274,Stara Kamienica,141.570,141.601,pogorszenie stanu obiektu,"1, 2",20,20,T,IZ Wrocław,false,false,true,true
18757,274,Lubań Śląski,177.104,177.145,wstawki o małym promieniu między rozjazdami 15 i 21,11,20,20,*),IZ Wrocław,false,true,false,true
18758,274,Lubań Śląski,-1.061,-0.729,,3,40,40,Vd) Linia 279,IZ Wrocław,false,true,true,false
18759,275,Wrocław Nowy Dwór,7.369,,sygnalizacja stanu SSP,2,,,,IZ Wrocław,false,true,true,true
18760,275,Wrocław Nowy Dwór - Wrocław Żerniki,7.369,8.273,brak wymaganej drogi hamowania między TOP a przejazdem,"1, 2",100,,nie dotyczy pociągów jadących pod nadzorem systemu ERTMS/ETCS w trybie pełnego nadzoru [FS],IZ Wrocław,false,false,true,true
18761,275,Legnica,63.840,63.870,pogorszenie stanu rozjazdu 19,"100, 102",20,20,"T, L",IZ Wrocław,false,false,true,false
18762,275,Legnica,63.955,64.637,pogorszenie stanu toru,110,20,20,"T, L",IZ Wrocław,false,false,true,false
18763,275,Legnica,64.730,64.820,pogorszenie stanu skrzyżowania toru pomiędzy rozjazdami 68 i 73,3,20,20,nie dotyczy P,IZ Wrocław,false,false,true,false
18764,275,Legnica,283.417,284.108,,8,50,50,Vd) Linia 137; P i A,IZ Wrocław,false,true,true,false
18765,275,Legnica,283.417,284.108,,8,40,40,Vd) Linia 137; T,IZ Wrocław,false,false,true,false
18766,275,Miłkowice,72.976,73.800,pogorszenie stanu toru,8,20,20,,IZ Wrocław,false,true,true,false
18767,275,Miłkowice - Rokitki,79.907,80.237,ograniczona widoczność czoła pociągu,1,60,,Nowe!,IZ Wrocław,true,true,true,true
18768,276,Smardzów Wrocławski,8.300,8.930,pogorszenie stanu toru,4,20,20,,IZ Wrocław,false,true,true,false
18769,276,Ziębice,56.980,57.760,pogorszenie stanu toru i podtorza,5,20,20,,IZ Wrocław,false,true,true,false
18770,276,Kamieniec Ząbkowicki,176.838,177.400,,6,60,60,Vd) Linia 137; T,IZ Wrocław,false,false,true,false
18771,276,Kamieniec Ząbkowicki,176.838,177.400,,6,70,70,"Vd) Linia 137; A, P",IZ Wrocław,false,true,true,false
18772,276,Kamieniec Ząbkowicki,176.838,177.400,,8,50,50,Vd) Linia 137; T,IZ Wrocław,false,false,true,false
18773,276,Kamieniec Ząbkowicki,176.838,177.400,,8,60,60,"Vd) Linia 137; A, P",IZ Wrocław,false,true,true,false
18774,276,Kłodzko Główne,93.800,94.030,pogorszony stan toru,5,20,20,*),IZ Wrocław,false,true,false,true
18775,276,Kłodzko Główne - Kłodzko Nowe podg,96.260,97.020,brak możliwości dostosowania urządzeń SRK do prowadzenia ruchu z prędkością 120 km/h dla kier. parzystego,1,,100,,IZ Wrocław,false,true,true,true
18776,277,Opole Groszowice,95.500,96.121,pogorszenie stanu podtorza oraz ST5 pogorszenie stanu podtorza oraz ST6 i rozjazdu 47,7,20,20,Linia 132 Linia 132,IZ Wrocław,false,true,true,false
18777,277,Opole Groszowice,95.500,96.121,,9,,,,IZ Wrocław,false,true,true,false
18778,277,Opole Groszowice - Opole Wschodnie,1.130,1.145,"pogorszenie stanu wiaduktu w km 1,137","1, 2",60,60,,IZ Wrocław,false,true,true,true
18779,277,Opole Groszowice - Opole Wschodnie,3.365,3.380,"pogorszenie stanu wiaduktu w km 3,372","1, 2",80,80,,IZ Wrocław,false,true,true,true
18780,277,Opole Wschodnie,5.072,6.082,pogorszenie stanu technicznego toru,6,20,20,,IZ Wrocław,false,true,true,false
18781,277,Opole Wschodnie,5.082,6.000,pogorszenie stanu technicznego toru,3,20,20,,IZ Wrocław,false,true,true,false
18782,277,Opole Wschodnie,5.106,6.082,pogorszenie stanu technicznego toru,10,20,20,,IZ Wrocław,false,true,true,false
18783,277,Opole Wschodnie,5.163,6.000,pogorszenie stanu technicznego toru,14,20,20,,IZ Wrocław,false,true,true,false
18784,277,Opole Czarnowąsy - Dobrzeń Wielki,17.000,19.300,pogorszenie stanu podtorza oraz toru,2,30,30,,IZ Wrocław,false,true,true,true
18785,277,Karłowice - Biskupice Oławskie,50.900,51.132,"ograniczona widoczność na przejeździe w km 51,132",1,50,,,IZ Wrocław,false,true,true,true
18786,277,Czernica Wrocławska - Siechnice,75.980,76.425,zaawansowana korozja przęseł i pogorszenie stanu pomostu,1,40,40,P i A,IZ Wrocław,false,true,true,true
18787,277,Czernica Wrocławska - Siechnice,75.980,76.425,zaawansowana korozja przęseł i pogorszenie stanu pomostu,1,20,20,T i L,IZ Wrocław,false,false,true,true
18788,277,Czernica Wrocławska - Siechnice,76.830,77.040,zaawansowana korozja przęseł i pogorszony stan techniczny podłużnic pomostu na moście,1,20,20,T i L,IZ Wrocław,false,false,true,true
18789,277,Czernica Wrocławska - Siechnice,76.830,77.040,zaawansowana korozja przęseł i pogorszenie stanu pomostu,1,40,40,P i A,IZ Wrocław,false,true,true,true
18790,277,Siechnice - Wrocław Brochów WBA,84.192,84.202,pogorszenie stanu wiaduktu,1,60,60,,IZ Wrocław,false,true,true,true
18791,278,Węgliniec,60.800,61.570,pogorszenie stanu toru,16,20,20,Linia 282,IZ Wrocław,false,true,true,false
18792,278,Węgliniec,60.850,61.725,pogorszenie stanu toru,7,20,20,Linia 282,IZ Wrocław,false,true,true,false
18793,278,Węgliniec,60.860,61.570,pogorszenie stanu toru,14,20,20,Linia 282; T,IZ Wrocław,false,false,true,false
18794,279,Lubań Śląski,177.104,177.145,,11,,,,IZ Wrocław,false,true,true,false
18795,279,Lubań Śląski,177.005,177.038,,1,70,70,Vd) Linia 274,IZ Wrocław,false,true,true,false
18796,279,Lubań Śląski,177.005,177.038,,1,40,40,Vd) Linia 274,IZ Wrocław,false,true,true,false
18797,279,Lubań Śląski - Gierałtów Wykroty,0.500,4.000,pogorszenie stanu toru,1,50,50,,IZ Wrocław,false,true,true,true
18798,279,Gierałtów Wykroty - Węgliniec,13.446,13.724,"ograniczona widoczność na przejeździe kat. D w km 13,721",1,50,,,IZ Wrocław,false,true,true,true
18799,279,Gierałtów Wykroty - Węgliniec,13.718,14.051,"ograniczona widoczność na przejeździe kat. D w km 13,721",1,,60,,IZ Wrocław,false,true,true,true
18800,279,Gierałtów Wykroty - Węgliniec,15.307,15.640,"ograniczona widoczność na przejeździe kat. D w km 15,637",1,60,,,IZ Wrocław,false,true,true,true
18801,279,Węgliniec,60.800,61.570,pogorszenie stanu toru,16,20,20,Linia 282,IZ Wrocław,false,true,true,false
18802,279,Węgliniec,60.850,61.725,pogorszenie stanu toru,7,20,20,Linia 282,IZ Wrocław,false,true,true,false
18803,279,Węgliniec,60.860,61.570,pogorszenie stanu toru,14,20,20,Linia 282; T,IZ Wrocław,false,false,true,false
18804,280,Opole Groszowice,95.500,96.121,pogorszenie stanu podtorza oraz ST5 pogorszenie stanu podtorza oraz ST6 i rozjazdu 47,7,20,20,Linia 132 Linia 132,IZ Wrocław,false,true,true,false
18805,280,Opole Groszowice,95.500,96.121,,9,,,,IZ Wrocław,false,true,true,false
18806,280,Opole Główne,2.940,2.980,pogorszenie stanu rozjazdu 48/49,6wsch 8wsch 14wsc,20,20,,IZ Wrocław,false,true,true,false
18807,280,Opole Główne,0.700,1.261,,7,20,,Vd) Linia 300,IZ Wrocław,false,true,true,false
18808,281,Oleśnica,133.127,134.052,,103,,,,IZ Wrocław,false,true,true,false
18809,281,Oleśnica,133.290,,pogorszenie stanu toru,"102, 104",20,20,"Linia 143; T, dotyczy jazd po torze 106",IZ Wrocław,false,false,true,false
18810,281,Oleśnica,133.535,134.125,pogorszenie stanu toru,3,20,20,Linia 143,IZ Wrocław,false,true,true,false
18811,281,Dąbrowa Oleśnicka podg - Dobroszyce,4.271,4.856,ograniczona widoczność na przejeździe,2,90,,,IZ Wrocław,false,true,true,true
18812,281,Grabowno Wielkie,18.002,18.082,układ geometryczny rozjazdu 21,1,60,60,,IZ Wrocław,false,true,true,true
18813,281,Milicz,41.950,41.975,układ geometryczny toru,3,20,20,,IZ Wrocław,false,true,true,false
18814,281,Milicz,41.950,41.975,nierówności toru w planie i profilu,5,20,20,,IZ Wrocław,false,true,true,false
18815,281,Milicz - Zduny,54.734,54.900,"nieprzystosowanie urządzeń SRK na przejeździe kat. C w km 54,734",1,,70,,IZ Wrocław,false,true,true,true
18816,282,Miłkowice,72.976,73.800,pogorszenie stanu toru,8,20,20,Linia 275,IZ Wrocław,false,true,true,false
18817,282,Węgliniec,60.800,61.570,pogorszenie stanu toru,16,20,20,,IZ Wrocław,false,true,true,false
18818,282,Węgliniec,60.850,61.725,pogorszenie stanu toru,7,20,20,,IZ Wrocław,false,true,true,false
18819,282,Węgliniec,60.860,61.570,pogorszenie stanu toru,14,20,20,T,IZ Wrocław,false,false,true,false
18820,283,Jelenia Góra,125.263,125.290,pogorszenie stanu toru,"13,",20,20,*) Linia 274,IZ Wrocław,false,true,false,true
18821,283,Niwnice - Zebrzydowa,47.210,47.339,"ograniczona widoczność na przejeździe kat. D w km 47,336",1,40,,,IZ Wrocław,false,true,true,true
18822,283,Niwnice - Zebrzydowa,48.185,48.410,"ograniczona widoczność na przejeździe kat. D w km 48,190",1,,40,,IZ Wrocław,false,true,true,true
18823,283,Niwnice - Zebrzydowa,48.631,48.874,"ograniczona widoczność na przejeździe kat. D w km 48,871",1,40,,,IZ Wrocław,false,true,true,true
18824,283,Zebrzydowa - Żagań,71.825,89.300,jazda obok miejsca robót,1,20,20,Nowe! *),IZ Wrocław,true,true,false,true
18825,284,Legnica,63.840,63.870,pogorszenie stanu rozjazdu 19,"100, 102",20,20,"Linia 275; T, L",IZ Wrocław,false,false,true,false
18826,284,Legnica,63.955,64.637,pogorszenie stanu toru pogorszenie stanu skrzyżowania toru pomiędzy rozjazdami 68 i 73,110,20,20,"Linia 275; T, L Linia 275; nie dotyczy P",IZ Wrocław,false,false,true,false
18827,284,Legnica,64.730,64.820,,3,,,,IZ Wrocław,false,true,true,false
18828,284,Legnica,283.417,284.108,,8,40,40,Vd) Linia 137; T,IZ Wrocław,false,false,true,false
18829,284,Legnica,283.417,284.108,,8,50,50,Vd) Linia 137; P i A,IZ Wrocław,false,true,true,false
18830,284,Legnica,64.707,65.339,,9,60,60,Vd) Linia 275,IZ Wrocław,false,true,true,false
18831,284,Legnica - Pawłowice Małe,3.687,3.907,ograniczona widoczność na przejeździe,1,40,,,IZ Wrocław,false,true,true,true
18832,285,Wrocław Główny WGB - Bielany Wrocławskie,6.914,7.467,"ograniczona widoczność na przejeździe w km 7,464",1,100,,,IZ Wrocław,false,true,true,true
18833,285,Wrocław Główny WGB - Bielany Wrocławskie,7.458,7.855,"ograniczona widoczność na przejeździe kat. D w km 7,464",1,,70,,IZ Wrocław,false,true,true,true
18834,285,Wrocław Główny WGB - Bielany Wrocławskie,11.538,12.039,"ograniczona widoczność na przejeździe w km 12,033",1,90,,,IZ Wrocław,false,true,true,true
18835,285,Wrocław Główny WGB - Kobierzyce,16.076,16.573,"ograniczona widoczność na przejeździe w km 16,571",1,90,,,IZ Wrocław,false,true,true,true
18836,285,Wrocław Główny WGB - Kobierzyce,18.415,18.425,"przekroczony iloczyn ruchu dla przejazdu kat. D w km 18,420",1,50,50,,IZ Wrocław,false,true,true,true
18837,285,Kobierzyce - Sobótka Zachodnia,22.889,22.899,"brak widoczności na przejeździe kat. D w km 22,894",1,20,,,IZ Wrocław,false,true,true,true
18838,285,Kobierzyce - Sobótka Zachodnia,24.711,25.044,"ograniczona widoczność na przejeździe kat. D w km 24,714",1,,60,,IZ Wrocław,false,true,true,true
18839,285,Kobierzyce - Sobótka Zachodnia,25.818,26.151,"ograniczona widoczność na przejeździe kat. D w km 26,148",1,60,,,IZ Wrocław,false,true,true,true
18840,285,Kobierzyce - Sobótka Zachodnia,26.145,26.698,"ograniczona widoczność na przejeździe kat. D w km 26,148",1,,100,,IZ Wrocław,false,true,true,true
18841,285,Kobierzyce - Sobótka Zachodnia,33.393,33.492,"ograniczona widoczność na przejeździe kat. D w km 33,488",1,30,,,IZ Wrocław,false,true,true,true
18842,285,Kobierzyce - Sobótka Zachodnia,33.483,33.580,"ograniczona widoczność na przejeździe kat. D w km 33,488",1,,30,,IZ Wrocław,false,true,true,true
18843,285,Kobierzyce - Sobótka Zachodnia,35.580,35.855,ograniczona widoczność czoła pociągu na przejeździe,1,,50,,IZ Wrocław,false,true,true,true
18844,285,Sobótka Zachodnia - Świdnica Przedmieście,46.300,46.428,"ograniczona widoczność na przejeździe kat. D w km 46,425",1,40,,,IZ Wrocław,false,true,true,true
18845,285,Sobótka Zachodnia - Świdnica Przedmieście,46.422,46.975,"ograniczona widoczność na przejeździe kat. D w km 46,425",1,,100,,IZ Wrocław,false,true,true,true
18846,285,Sobótka Zachodnia - Świdnica Przedmieście,48.876,49.209,"ograniczona widoczność na przejeździe kat. D w km 48,879",1,,60,,IZ Wrocław,false,true,true,true
18847,285,Sobótka Zachodnia - Świdnica Przedmieście,49.988,49.997,"brak widoczności na przejeździe kat. D w km 49,993",1,20,20,,IZ Wrocław,false,true,true,true
18848,285,Sobótka Zachodnia - Świdnica Przedmieście,49.997,50.494,"ograniczona widoczność na przejeździe kat. D w km 50,491",1,90,,,IZ Wrocław,false,true,true,true
18849,285,Sobótka Zachodnia - Świdnica Przedmieście,50.487,50.766,"ograniczona widoczność na przejeździe kat. D w km 50,491",1,,50,,IZ Wrocław,false,true,true,true
18850,286,Kłodzko Główne,93.800,94.030,pogorszony stan toru,5,20,20,*) Linia 276,IZ Wrocław,false,true,false,true
18851,286,Kłodzko Główne,93.412,93.732,,1,80,80,Vd) Linia 276,IZ Wrocław,false,true,true,false
18852,286,Kłodzko Główne,93.457,93.984,,2,80,80,Vd) Linia 276,IZ Wrocław,false,true,true,false
18853,286,Kłodzko Główne - Ścinawka Średnia,1.334,1.342,pogorszenie stanu wiaduktu,2,20,20,,IZ Wrocław,false,true,true,true
18854,286,Ścinawka Średnia - Nowa Ruda,19.970,20.025,pogorszenie stanu mostu,"1, 2",20,20,,IZ Wrocław,false,true,true,true
18855,286,Nowa Ruda - Ludwikowice Kłodzkie podg,22.549,22.655,pogorszenie stanu obiektu,1,20,20,,IZ Wrocław,false,true,true,true
18856,286,Nowa Ruda - Ludwikowice Kłodzkie podg,23.600,28.900,pogorszenie stanu toru/ obiektów,1,30,30,,IZ Wrocław,false,true,true,true
18857,286,Ludwikowice Kłodzkie podg - Głuszyca,32.465,32.476,pogorszenie stanu mostu,"1, 2",20,20,,IZ Wrocław,false,true,true,true
18858,286,Ludwikowice Kłodzkie podg - Głuszyca,35.630,35.672,układ geometryczny rozjazdu 101,2,60,60,*) kierunek zwrotny,IZ Wrocław,false,true,false,true
18859,286,Głuszyca,42.683,42.710,pogorszenie stanu rozjazdu 19,4,20,20,*),IZ Wrocław,false,true,false,true
18860,286,Głuszyca - Wałbrzych Główny,43.907,44.284,pogorszenie stanu toru/tunelu,1,30,30,,IZ Wrocław,false,true,true,true
18861,286,Wałbrzych Główny,50.460,50.585,szkody górnicze oraz pogorszenie stanu obiektu inżynieryjnego,1,20,20,,IZ Wrocław,false,true,true,true
18862,286,Wałbrzych Główny,79.150,79.460,pogorszenie stanu toru,85,20,20,*) Linia 274,IZ Wrocław,false,true,false,true
18863,286,Wałbrzych Główny,78.790,79.409,,1,60,60,Vd) Linia 274,IZ Wrocław,false,true,true,false
18864,287,Komprachcice - Szydłów,8.054,8.584,"ograniczona widoczność na przejeździe w km 8,057",1,,70,,IZ Wrocław,false,true,true,true
18865,287,Komprachcice - Szydłów,8.584,9.009,"ograniczona widoczność na przejeździe w km 8,329",1,,90,,IZ Wrocław,false,true,true,true
18866,287,Szydłów,-0.417,0.392,,3,50,50,Vd) Linia 329,IZ Wrocław,false,true,true,false
18867,287,Szydłów - Łambinowice,18.487,18.930,"ograniczona widoczność na przejeździe w km 18,490",1,,80,,IZ Wrocław,false,true,true,true
18868,287,Szydłów - Łambinowice,19.615,19.948,"ograniczona widoczność czoła pociągu na przejeździe w km 19,945",1,60,,,IZ Wrocław,false,true,true,true
18869,287,Szydłów - Łambinowice,21.639,22.082,"ograniczona widoczność na przejeździe w km 21,642",1,,80,,IZ Wrocław,false,true,true,true
18870,287,Łambinowice - Nysa,31.900,32.123,"ograniczona widoczność na przejeździe w km 31,903",1,,30,,IZ Wrocław,false,true,true,true
18871,287,Łambinowice - Nysa,36.480,36.758,"ograniczona widoczność na przejeździe w km 36,755",1,50,,,IZ Wrocław,false,true,true,true
18872,287,Łambinowice - Nysa,36.752,37.195,"ograniczona widoczność na przejeździe w km 36,755",1,,80,,IZ Wrocław,false,true,true,true
18873,287,Łambinowice - Nysa,41.308,41.586,"ograniczona widoczność na przejeździe w km 41,311",1,,50,,IZ Wrocław,false,true,true,true
18874,287,Nysa,139.065,139.075,"pogorszenie stanu przejścia pod torami w km 139,075",1,,,Linia 137,IZ Wrocław,false,true,true,true
18875,287,Nysa,139.065,139.075,"pogorszenie stanu mostu w km 139,491",2,,,Linia 137,IZ Wrocław,false,true,true,true
18876,287,Nysa,139.440,139.600,"pogorszenie stanu mostu w km 139,491",1,,,Linia 137,IZ Wrocław,false,true,true,true
18877,287,Nysa,139.440,139.600,,2,,,,IZ Wrocław,false,true,true,true
18878,287,Nysa,0.355,0.470,"pogorszenie stanu mostu w km 0,413",1,20,20,Linia 288,IZ Wrocław,false,true,true,true
18879,287,Nysa,138.494,139.228,,1,70,,"Vd) Linia 137; A, P",IZ Wrocław,false,true,true,false
18880,287,Nysa,138.494,139.228,,1,60,,Vd) Linia 137; T,IZ Wrocław,false,false,true,false
18881,288,Nysa,0.355,0.470,"pogorszenie stanu mostu w km 0,413",1,20,20,,IZ Wrocław,false,true,true,true
18882,288,Nysa - Brzeg,0.470,1.180,pogorszenie stanu technicznego toru,1,40,40,,IZ Wrocław,false,true,true,true
18883,288,Nysa - Brzeg,1.180,2.980,pogorszenie stanu technicznego toru,1,30,30,,IZ Wrocław,false,true,true,true
18884,288,Nysa - Brzeg,4.700,4.800,pogorszenie stanu technicznego toru,1,50,50,,IZ Wrocław,false,true,true,true
18885,288,Nysa - Brzeg,6.990,9.300,pogorszenie stanu technicznego toru,1,50,50,,IZ Wrocław,false,true,true,true
18886,288,Nysa - Brzeg,20.500,21.500,pogorszenie stanu technicznego toru,1,20,20,,IZ Wrocław,false,true,true,true
18887,288,Nysa - Brzeg,27.000,27.780,pogorszenie stanu technicznego toru,1,40,40,,IZ Wrocław,false,true,true,true
18888,288,Nysa - Brzeg,43.820,45.100,pogorszenie stanu technicznego toru,1,40,40,,IZ Wrocław,false,true,true,true
18889,289,Legnica,63.840,63.870,pogorszenie stanu rozjazdu 19,"100, 102",20,20,"Linia 275; T, L",IZ Wrocław,false,false,true,false
18890,289,Legnica,63.955,64.637,pogorszenie stanu toru pogorszenie stanu skrzyżowania toru pomiędzy rozjazdami 68 i 73,110,20,20,"Linia 275; T, L Linia 275; nie dotyczy P",IZ Wrocław,false,false,true,false
18891,289,Legnica,64.730,64.820,,3,,,,IZ Wrocław,false,true,true,false
18892,289,Legnica,283.417,284.108,,8,50,50,Vd) Linia 137; P i A,IZ Wrocław,false,true,true,false
18893,289,Legnica,283.417,284.108,,8,40,40,Vd) Linia 137; T,IZ Wrocław,false,false,true,false
18894,289,Legnica,64.707,65.339,,9,60,60,Vd) Linia 275,IZ Wrocław,false,true,true,false
18895,289,Legnica - Raszówka,2.786,3.026,"ograniczona widoczność na przejściu dla pieszych w km 3,026",1,80,,,IZ Wrocław,false,true,true,true
18896,289,Legnica - Raszówka,3.026,3.226,"ograniczona widoczność na przejściu dla pieszych w km 3,026",1,,80,,IZ Wrocław,false,true,true,true
18897,290,Sulików - Wilka podg,3.705,3.725,pogorszenie stanu obiektu,1,20,20,,IZ Wrocław,false,true,true,true
18898,291,Boguszów Gorce Wsch. Podg - Mieroszów,21.770,22.040,pogorszenie stanu tunelu,1,20,20,,IZ Wrocław,false,true,true,true
18899,292,Jelcz Miłoszyce - Dobrzykowice Wrocławskie,0.549,0.829,"ograniczona widoczność na przejeździe w km 0,824",1,50,,,IZ Wrocław,false,true,true,true
18900,292,Jelcz Miłoszyce - Dobrzykowice Wrocławskie,3.985,4.210,"ograniczona widoczność na przejeździe w km 3,990",1,,40,,IZ Wrocław,false,true,true,true
18901,292,Jelcz Miłoszyce - Dobrzykowice Wrocławskie,4.851,5.132,"ograniczona widoczność na przejeździe w km 5,127",1,50,,,IZ Wrocław,false,true,true,true
18902,292,Jelcz Miłoszyce - Dobrzykowice Wrocławskie,5.122,5.132,"przekroczony iloczyn ruchu na przejeździe w km. 5,127",1,,50,,IZ Wrocław,false,true,true,true
18903,292,Jelcz Miłoszyce - Dobrzykowice Wrocławskie,9.840,10.175,"ograniczona widoczność na przejeździe w km 9,845",1,,60,,IZ Wrocław,false,true,true,true
18904,292,Dobrzykowice Wrocławskie - Wrocław Swojczyce,12.482,12.817,"ograniczona widoczność na przejeździe w km 12,812",1,60,,,IZ Wrocław,false,true,true,true
18905,292,Dobrzykowice Wrocławskie - Wrocław Swojczyce,12.807,13.027,"ograniczona widoczność na przejeździe kategorii D w km 12,812",1,,40,,IZ Wrocław,false,true,true,true
18906,292,Dobrzykowice Wrocławskie - Wrocław Swojczyce,13.095,13.535,"ograniczona widoczność na przejeździe kategorii D w km 13,100",1,,80,,IZ Wrocław,false,true,true,true
18907,292,Wrocław Sołtysowice,22.219,22.227,obsługa przejazdu przez drużynę pociągową lub obsługę pojazdu pomocniczego,1,,,,IZ Wrocław,false,true,true,true
18908,292,Wrocław Sołtysowice - Wrocław Osobowice,24.452,24.458,obsługa przejazdu przez drużynę pociągową lub obsługę pojazdu pomocniczego,1,,,,IZ Wrocław,false,true,true,true
18909,292,Wrocław Sołtysowice - Wrocław Osobowice,25.493,25.499,obsługa przejazdu przez drużynę pociągową lub obsługę pojazdu pomocniczego,1,,,dodatkowo obsługa sygnalizacji przejazdowej,IZ Wrocław,false,true,true,true
18910,292,Wrocław Sołtysowice - Wrocław Osobowice,25.600,25.608,obsługa przejazdu przez drużynę pociągową lub obsługę pojazdu pomocniczego,1,,,dodatkowo obsługa sygnalizacji przejazdowej,IZ Wrocław,false,true,true,true
18911,292,Wrocław Sołtysowice - Wrocław Osobowice,25.853,25.859,obsługa przejazdu przez drużynę pociągową lub obsługę pojazdu pomocniczego,1,,,,IZ Wrocław,false,true,true,true
18912,292,Wrocław Sołtysowice - Wrocław Osobowice,26.977,26.983,obsługa przejazdu przez drużynę pociągową lub obsługę pojazdu pomocniczego,1,,,,IZ Wrocław,false,true,true,true
18913,295,Węgliniec,60.800,61.570,pogorszenie stanu toru,16,20,20,Linia 282,IZ Wrocław,false,true,true,false
18914,295,Węgliniec,60.850,61.725,pogorszenie stanu toru,7,20,20,Linia 282,IZ Wrocław,false,true,true,false
18915,295,Węgliniec,60.860,61.570,pogorszenie stanu toru,14,20,20,Linia 282; T,IZ Wrocław,false,false,true,false
18916,296,Legnica Wschód podg - Miłkowice,3.220,3.288,pogorszenie stanu mostu,1,20,20,,IZ Wrocław,false,true,true,true
18917,296,Miłkowice,72.976,73.800,pogorszenie stanu toru,8,20,20,Linia 275,IZ Wrocław,false,true,true,false
18918,297,Głuchołazy,-0.339,0.768,,6,60,,Vd) Linia 333; T,IZ Wrocław,false,false,true,false
18919,297,Głuchołazy,-0.339,-0.190,,6,80,,"Vd) Linia 333; A, P",IZ Wrocław,false,true,true,false
18920,297,Głuchołazy,-0.190,0.768,,6,90,,"Vd) Linia 333; A, P",IZ Wrocław,false,true,true,false
18921,297,Głuchołazy,-0.416,0.120,,2,30,,Vd) Linia 343; T,IZ Wrocław,false,false,true,false
18922,297,Głuchołazy,-0.416,0.120,,2,40,,"Vd) Linia 343; A, P",IZ Wrocław,false,true,true,false
18923,297,Głuchołazy,0.120,0.860,,4,30,,Vd) Linia 343; T,IZ Wrocław,false,false,true,false
18924,297,Głuchołazy,0.120,0.860,,4,40,,"Vd) Linia 343; A, P",IZ Wrocław,false,true,true,false
18925,298,Kamienna Góra,1.048,1.058,"brak widoczności na przejeździe kat. D w km 1,053","1, 2",20,,,IZ Wrocław,false,true,true,true
18926,298,Kamienna Góra - Sędzisław,2.837,2.843,"brak widoczności na przejeździe kat. D w km 2,840","1, 2",20,20,,IZ Wrocław,false,true,true,true
18927,298,Kamienna Góra - Sędzisław,3.245,3.251,"brak widoczności na przejeździe kat. D w km 3,248","1, 2",20,20,,IZ Wrocław,false,true,true,true
18928,298,Sędzisław,98.359,99.369,,2,80,80,Vd) Linia 274,IZ Wrocław,false,true,true,false
18929,299,Kamienna Góra,1.048,1.058,"brak widoczności na przejeździe kat. D w km 1,053",1,,,Linia 298,IZ Wrocław,false,true,true,true
18930,299,Kamienna Góra,1.048,1.058,,2,,,,IZ Wrocław,false,true,true,true
18931,299,Kamienna Góra - Lubawka,5.527,5.533,"brak widoczności na przejeździe kat. D w km 5,530",1,20,20,,IZ Wrocław,false,true,true,true
18932,299,Lubawka,10.720,10.726,"brak widoczności na przejeździe kat. D w km 10,723",1,20,20,,IZ Wrocław,false,true,true,true
18933,299,Lubawka,11.035,11.041,"brak widoczności na przejeździe kat. D w km 11,038",1,20,20,,IZ Wrocław,false,true,true,true
18934,300,Opole Główne,2.940,2.980,,8wsch 14wsc,,,,IZ Wrocław,false,true,true,false
18935,300,Opole Główne,2.962,3.650,,1wsch,,60,Vd) Linia 280,IZ Wrocław,false,true,true,false
18936,300,Opole Wschodnie,5.072,6.082,pogorszenie stanu technicznego toru,6,20,20,Linia 277,IZ Wrocław,false,true,true,false
18937,300,Opole Wschodnie,5.082,6.000,pogorszenie stanu technicznego toru,3,20,20,Linia 277,IZ Wrocław,false,true,true,false
18938,300,Opole Wschodnie,5.106,6.082,pogorszenie stanu technicznego toru,10,20,20,Linia 277,IZ Wrocław,false,true,true,false
18939,300,Opole Wschodnie,5.163,6.000,pogorszenie stanu technicznego toru,14,20,20,Linia 277,IZ Wrocław,false,true,true,false
18940,303,Rokitki - Chocianów,6.380,6.392,"brak widoczności na przejeździe w km 6,386",1,20,20,,IZ Wrocław,false,true,true,true
18941,303,Rokitki - Chocianów,9.495,9.634,"ograniczona widoczność na przejeździe w km 9,502",1,,40,,IZ Wrocław,false,true,true,true
18942,303,Rokitki - Chocianów,10.224,10.234,"brak widoczności na przejeździe w km 10,220",1,20,20,,IZ Wrocław,false,true,true,true
18943,306,Krapkowice - Prudnik,19.036,19.045,"brak widoczności na przejeździe w km 19,040",1,20,20,,IZ Wrocław,false,true,true,true
18944,306,Krapkowice - Prudnik,20.111,20.117,"brak widoczności na przejeździe w km 20,114",1,20,20,,IZ Wrocław,false,true,true,true
18945,306,Krapkowice - Prudnik,32.004,32.010,"brak widoczności na przejeździe w km 32,007",1,20,20,,IZ Wrocław,false,true,true,true
18946,306,Krapkowice - Prudnik,32.847,32.863,"brak widoczności na przejeździe w km 32,855",1,20,,,IZ Wrocław,false,true,true,true
18947,306,Krapkowice - Prudnik,38.470,38.479,"brak widoczności na przejeździe w km 38,474",1,,20,,IZ Wrocław,false,true,true,true
18948,308,Jelenia Góra,125.263,125.290,pogorszenie stanu toru,"13,",20,20,*) Linia 274,IZ Wrocław,false,true,false,true
18949,309,Kłodzko Nowe podg - Polanica- Zdrój,1.757,2.090,"ograniczona widoczność na przejeździe w km 1,760",1,,60,,IZ Wrocław,false,true,true,true
18950,309,Kłodzko Nowe podg - Polanica- Zdrój,6.997,7.448,"ograniczona widoczność na przejeździe w km 7,445",1,90,,,IZ Wrocław,false,true,true,true
18951,309,Kłodzko Nowe podg - Polanica- Zdrój,7.442,7.763,"ograniczona widoczność na przejeździe w km 7,445",1,,100,,IZ Wrocław,false,true,true,true
18952,309,Kłodzko Nowe podg - Polanica- Zdrój,7.448,7.769,"ograniczona widoczność na przejeździe w km 7,766",1,80,,,IZ Wrocław,false,true,true,true
18953,309,Kłodzko Nowe podg - Polanica- Zdrój,7.763,8.096,"ograniczona widoczność na przejeździe w km 7,766",1,,60,,IZ Wrocław,false,true,true,true
18954,309,Kłodzko Nowe podg - Polanica- Zdrój,9.528,9.861,"ograniczona widoczność na przejeździe w km 9,858",1,60,,,IZ Wrocław,false,true,true,true
18955,309,Polanica-Zdrój,9.855,10.050,"ograniczona widoczność na przejeździe w km 9,858",1,,60,,IZ Wrocław,false,true,true,true
18956,309,Polanica-Zdrój - Duszniki-Zdrój,15.360,15.370,"brak widoczności na przejeździe kat. D w km 15,365",1,,20,,IZ Wrocław,false,true,true,true
18957,309,Polanica-Zdrój - Duszniki-Zdrój,16.085,16.285,"ograniczona widoczność na przejeździe kat. D w km 16,091",1,,30,,IZ Wrocław,false,true,true,true
18958,309,Polanica-Zdrój - Duszniki-Zdrój,20.934,20.938,"brak widoczności na przejeździe kat. D w km 20,936",1,20,20,,IZ Wrocław,false,true,true,true
18959,309,Duszniki-Zdrój - Kudowa-Zdrój,27.250,27.258,"brak widoczności na przejeździe kat. D w km 27,254",1,20,,,IZ Wrocław,false,true,true,true
18960,309,Duszniki-Zdrój - Kudowa-Zdrój,37.083,37.093,"brak widoczności na przejeździe kat. D w km 37,088",1,20,20,,IZ Wrocław,false,true,true,true
18961,311,Jelenia Góra,125.263,125.290,pogorszenie stanu toru,"13,",20,20,*) Linia 274,IZ Wrocław,false,true,false,true
18962,311,Jelenia Góra,11.927,12.213,"ograniczona widoczność na przejeździe kat. D w km 12,210",1,50,,,IZ Wrocław,false,true,true,true
18963,311,Piechowice - Szklarska Poręba Górna,17.344,17.564,"ograniczona widoczność na przejeździe kat. D w km 17,561",1,40,,,IZ Wrocław,false,true,true,true
18964,311,Piechowice - Szklarska Poręba Górna,17.558,17.778,"ograniczona widoczność na przejeździe kat. D w km 17,561",1,,40,,IZ Wrocław,false,true,true,true
18965,311,Piechowice - Szklarska Poręba Górna,22.510,22.640,"ograniczona widoczność na przejeździe kat. D w km 22,635",1,40,,,IZ Wrocław,false,true,true,true
18966,311,Piechowice - Szklarska Poręba Górna,32.829,32.835,brak widoczności czoła pociągu,1,20,20,,IZ Wrocław,false,true,true,true
18967,311,Piechowice - Szklarska Poręba Górna,35.560,35.566,brak widoczności czoła pociągu,1,20,20,,IZ Wrocław,false,true,true,true
18968,311,Piechowice - Szklarska Poręba Górna,36.726,36.732,brak widoczności czoła pociągu,1,20,20,,IZ Wrocław,false,true,true,true
18969,311,Piechowice - Szklarska Poręba Górna,37.350,37.876,brak widoczności czoła pociągu,1,20,20,,IZ Wrocław,false,true,true,true
18970,316,Chojnów - Rokitki,24.360,24.366,"brak widoczności na przejeździe w km 24,363",1,20,20,,IZ Wrocław,false,true,true,true
18971,316,Chojnów - Rokitki,26.760,26.900,"ograniczona widoczność na przejeździe w km 26,895",1,40,,,IZ Wrocław,false,true,true,true
18972,326,Wrocław Psie Pole - Trzebnica,1.292,1.390,łuk o promieniu 335 m,1,50,50,,IZ Wrocław,false,true,true,true
18973,326,Wrocław Psie Pole - Trzebnica,7.430,7.762,ograniczona widoczność na przejeździe,1,,60,,IZ Wrocław,false,true,true,true
18974,326,Wrocław Psie Pole - Trzebnica,7.748,7.873,"ograniczona widoczność na przejeździe w km 7,873",1,40,,,IZ Wrocław,false,true,true,true
18975,326,Wrocław Psie Pole - Trzebnica,15.757,15.767,"brak widoczności na przejeździe w km 15,762",1,20,20,,IZ Wrocław,false,true,true,true
18976,333,,9.134,9.525,"ograniczona widoczność na przejeździe w km 9,137",1,,70,,IZ Wrocław,false,true,true,true
18977,333,,10.625,11.125,"ograniczona widoczność na przejeździe w km 10,630",1,,90,,IZ Wrocław,false,true,true,true
18978,337,Lubań - Leśna,3.500,3.700,pogorszenie stanu obiektu,1,20,20,,IZ Wrocław,false,true,true,true
18979,337,Lubań - Leśna,8.046,8.056,"brak widoczności na przejeździe kat. D w km 8,050",1,20,,,IZ Wrocław,false,true,true,true
18980,337,Lubań - Leśna,10.118,10.231,"ograniczona widoczność na przejeździe kat. D w km 10,121",1,,30,,IZ Wrocław,false,true,true,true
18981,341,Bielawa Zachodnia - Dzierżoniów Śląski,0.135,0.358,"ograniczona widoczność na przejeździe w km 0,138",1,,40,,IZ Wrocław,false,true,true,true
18982,341,Bielawa Zachodnia - Dzierżoniów Śląski,2.131,2.137,"brak widoczności na przejeździe w km 2,134",1,20,,,IZ Wrocław,false,true,true,true
18983,341,Bielawa Zachodnia - Dzierżoniów Śląski,4.916,5.036,"ograniczona widoczność na przejeździe kat. E w km 5,036",1,40,,,IZ Wrocław,false,true,true,true
18984,341,Bielawa Zachodnia - Dzierżoniów Śląski,5.036,5.106,"ograniczona widoczność na przejeździe kat. E w km 5,036",1,,40,,IZ Wrocław,false,true,true,true
18985,343,Głuchołazy,-0.339,-0.190,,6,,80,"Vd) Linia 333; A, P",IZ Wrocław,false,true,true,false
18986,343,Głuchołazy,-0.339,0.768,,6,,60,Vd) Linia 333; T,IZ Wrocław,false,false,true,false
18987,343,Głuchołazy,-0.190,0.768,,6,,90,"Vd) Linia 333; A, P",IZ Wrocław,false,true,true,false
18988,349,Wrocław Brochów WBA - Wrocław Brochów WBB,2.870,2.880,brak widoczności na przejeździe,130,20,,,IZ Wrocław,false,true,true,false
18989,349,Wrocław Brochów WBB,4.102,4.654,pogorszenie stanu toru,8E,20,20,,IZ Wrocław,false,true,true,false
18990,349,Wrocław Brochów WBA - Wrocław Brochów WBB,4.450,4.600,pogorszenie stanu toru,12D,20,20,,IZ Wrocław,false,true,true,false
18991,349,Wrocław Brochów WBB - Stadion podg,6.800,7.100,pogorszenie stanu toru,2,30,30,,IZ Wrocław,false,true,true,true
18992,349,Stadion podg,12.699,12.771,układ geometryczny rozjazdu 3 i 4,1,20,20,dotyczy jazdy w kierunku zwrotnym,IZ Wrocław,false,true,true,false
18993,349,Wrocław Gądów,16.084,16.397,pogorszenie stanu rozjazdów,1,20,20,"dotyczy jazd po torach stacyjnych nr 1, 2, 3, 4, 5, 6, 7, 9, 11, 13, 15, 17",IZ Wrocław,false,true,true,true
18994,349,Wrocław Gądów,16.265,16.397,pogorszenie stanu rozjazdów,2,20,20,"dotyczy jazd po torach stacyjnych nr 1, 2, 3, 4, 5, 6, 7, 9, 11, 13, 15, 17",IZ Wrocław,false,true,true,true
18995,349,Wrocław Gądów,16.975,17.145,pogorszenie stanu rozjazdów,9,20,20,"dotyczy jazd po torach stacyjnych nr 4, 5, 6, 7, 9, 11, 13, 15, 17",IZ Wrocław,false,true,true,false
18996,349,Wrocław Gądów - Wrocław Kuźniki,17.145,17.367,pogorszenie stanu rozjazdów,1,20,20,"dotyczy jazd po torach stacyjnych nr 1, 2, 3, 4, 5, 6, 7, 9, 11, 13, 15, 17",IZ Wrocław,false,true,true,true
18997,349,Wrocław Kuźniki,7.136,7.961,,1,70,70,Vd) Linia 273; T,IZ Wrocław,false,false,true,false
18998,349,Wrocław Kuźniki,7.208,8.011,,2,70,70,Vd) Linia 273; T,IZ Wrocław,false,false,true,false
18999,355,Grabowno Wielkie,18.002,18.082,,1,,,,IZ Wrocław,false,true,true,true
19000,382,Legnica,63.840,,pogorszenie stanu rozjazdu 19,"100, 102",20,20,"Linia 275; T, L",IZ Wrocław,false,false,true,false
19001,382,Legnica,63.955,64.637,pogorszenie stanu toru pogorszenie stanu skrzyżowania toru pomiędzy rozjazdami 68 i 73,110,20,20,"Linia 275; T, L Linia 275; nie dotyczy P",IZ Wrocław,false,false,true,false
19002,382,Legnica,64.730,64.820,,3,,,,IZ Wrocław,false,true,true,false
19003,382,Legnica,283.417,284.108,,8,50,50,Vd) Linia 137; P i A,IZ Wrocław,false,true,true,false
19004,382,Legnica,283.417,284.108,,8,40,40,Vd) Linia 137; T,IZ Wrocław,false,false,true,false
19005,382,Legnica,64.707,65.339,,9,60,60,Vd) Linia 275,IZ Wrocław,false,true,true,false
19006,750,Wrocław Brochów,5.720,5.760,"pogorszenie stanu toru i obiektu w km 5,740-5,760 ograniczona nośność",2,20,20,,IZ Wrocław,false,true,true,true
19007,750,Stadion podg,12.699,12.771,,1,,,,IZ Wrocław,false,true,true,false
19008,751,Wrocław Gądów,16.084,16.397,pogorszenie stanu rozjazdów,1,,,"Linia 349; dotyczy jazd po torach stacyjnych nr 1, 2, 3, 4, 5, 6, 7, 9, 11, 13, 15, 17",IZ Wrocław,false,true,true,true
19009,751,Wrocław Gądów,16.265,16.397,pogorszenie stanu rozjazdów,2,,,"Linia 349; dotyczy jazd po torach stacyjnych nr 4, 5, 6, 7, 9, 11, 13, 15, 17",IZ Wrocław,false,true,true,true
19010,751,Wrocław Gądów,16.975,17.145,,9,,,,IZ Wrocław,false,true,true,false
19011,751,Wrocław Gądów,16.440,17.100,,2,60,60,Vd) Linia 349,IZ Wrocław,false,true,true,false
19012,751,Wrocław Gądów,16.450,17.140,,1,60,60,Vd) Linia 349,IZ Wrocław,false,true,true,false
19013,751,Wrocław Gądów - Wrocław Zachodni,3.540,3.580,zwiększenie niewłaściwych zachowań użytkowników przejazdu/przejścia,1,,,,IZ Wrocław,false,true,true,true
19014,751,Wrocław Zachodni,5.890,6.700,pogorszenie stanu toru,5,30,30,,IZ Wrocław,false,true,true,true
19015,751,Wrocław Zachodni,6.740,6.780,nierówności toru w planie i profilu,5,20,20,,IZ Wrocław,false,true,true,true
19016,751,Wrocław Zachodni,6.190,6.240,pogorszenie stanu toru,3,20,20,Linia 274,IZ Wrocław,false,true,true,false
19017,752,Wrocław Gądów,16.084,16.397,,1,,,,IZ Wrocław,false,true,true,true
19018,752,Wrocław Gądów,16.265,16.397,pogorszenie stanu rozjazdów,2,,,"Linia 349; dotyczy jazd po torach stacyjnych 4, 5, 6, 7, 9, 11, 13, 15, 17",IZ Wrocław,false,true,true,true
19019,752,Wrocław Gądów,16.975,17.145,,9,,,,IZ Wrocław,false,true,true,false
19020,752,Wrocław Gądów,16.440,17.100,,2,60,60,Vd) Linia 349,IZ Wrocław,false,true,true,false
19021,752,Wrocław Gądów,16.450,17.140,,1,60,60,Vd) Linia 349,IZ Wrocław,false,true,true,false
19022,753,Wrocław Gądów,16.084,16.397,pogorszenie stanu rozjazdów,1,,,"Linia 349; dotyczy jazd po torach stacyjnych nr 1, 2, 3, 4, 5, 6, 7, 9, 11, 13, 15, 17",IZ Wrocław,false,true,true,true
19023,753,Wrocław Gądów,16.265,16.397,pogorszenie stanu rozjazdów,2,,,"Linia 349; dotyczy jazd po torach stacyjnych nr 4, 5, 6, 7, 9, 11, 13, 15, 17",IZ Wrocław,false,true,true,true
19024,753,Wrocław Gądów,16.975,17.145,,9,,,,IZ Wrocław,false,true,true,false
19025,753,Wrocław Gądów,16.440,17.100,,2,60,60,Vd) Linia 349,IZ Wrocław,false,true,true,false
19026,753,Wrocław Gądów,16.450,17.140,,1,60,60,Vd) Linia 349,IZ Wrocław,false,true,true,false
19027,756,Stadion podg,12.699,12.771,,1,,,,IZ Wrocław,false,true,true,false
19028,758,Stadion podg,12.699,12.771,,1,,,,IZ Wrocław,false,true,true,false
19029,758,Stadion - Wrocław Muchobór,1.310,1.333,pogorszenie stanu wiaduktu,1,40,40,,IZ Wrocław,false,true,true,true
19030,758,Stadion - Wrocław Muchobór,1.504,1.596,pogorszenie stanu obiektu,1,30,30,,IZ Wrocław,false,true,true,true
19031,759,Wrocław Gądów,16.084,16.397,pogorszenie stanu rozjazdów,1,,,"Linia 349; dotyczy jazd po torach stacyjnych 1, 2, 3, 4, 5, 6, 7, 9, 11, 13, 15, 17",IZ Wrocław,false,true,true,true
19032,759,Wrocław Gądów,16.265,16.397,pogorszenie stanu rozjazdów,2,,,"Linia 349; dotyczy jazd po torach stacyjnych 4, 5, 6, 7, 9, 11, 13, 15, 17",IZ Wrocław,false,true,true,true
19033,759,Wrocław Gądów,16.975,17.145,,9,,,,IZ Wrocław,false,true,true,false
19034,759,Wrocław Gądów,16.440,17.100,,2,60,60,Vd) Linia 349,IZ Wrocław,false,true,true,false
19035,759,Wrocław Gądów,16.450,17.140,,1,60,60,Vd) Linia 349,IZ Wrocław,false,true,true,false
19036,759,Wrocław Nowy Dwór,7.369,,,2,,,,IZ Wrocław,false,true,true,true
19037,763,Wrocław Brochów,5.720,5.760,,2,,,,IZ Wrocław,false,true,true,true
19038,763,Wrocław Brochów,5.740,5.760,,1,,,,IZ Wrocław,false,true,true,true
19039,764,Wrocław Brochów WBB,4.102,4.654,pogorszenie stanu toru,8E,20,20,Linia 349,IZ Wrocław,false,true,true,false
19040,765,Wrocław Brochów,5.720,5.760,,2,,,,IZ Wrocław,false,true,true,true
19041,765,Wrocław Brochów,5.740,5.760,,1,,,,IZ Wrocław,false,true,true,true
19042,771,Świdnica Miasto,226.406,227.186,,1,20,,Vd) Linia 137,IZ Wrocław,false,true,true,false
19043,776,Marciszów - Wojcieszów Górny,13.108,13.211,"ograniczona widoczność na przejeździe kat. D w km 13,208",1,30,,,IZ Wrocław,false,true,true,true
19044,3,Konin,204.420,204.493,ograniczona widoczność semafora H4,4,20,,,IZ Poznań,false,true,true,false
19045,3,Podstolice,5.734,6.702,,6,120,120,Vd) Linia 808,IZ Poznań,false,true,true,false
19046,3,Podstolice,5.844,6.449,,8,140,140,Vd) Linia 808,IZ Poznań,false,true,true,false
19047,3,Podstolice,6.449,6.680,,8,120,120,Vd) Linia 808,IZ Poznań,false,true,true,false
19048,3,Swarzędz,-0.430,0.380,,6,100,,Vd) Linia 352,IZ Poznań,false,true,true,false
19049,3,Swarzędz,-0.373,0.344,,6,,100,Vd) Linia 352,IZ Poznań,false,true,true,false
19050,3,Poznań Wschód,-0.760,-0.085,,5,100,,Vd) Linia 353,IZ Poznań,false,true,true,false
19051,3,Poznań Wschód,-0.703,-0.085,,3,,100,Vd) Linia 353,IZ Poznań,false,true,true,false
19052,3,Poznań Wschód,-0.615,-0.085,,3,100,,Vd) Linia 353,IZ Poznań,false,true,true,false
19053,3,Poznań Wschód,-0.600,0.240,,5,,100,Vd) Linia 353,IZ Poznań,false,true,true,false
19054,3,Poznań Główny,200.755,201.140,,6,100,,"Vd) Linia 272; poc. pas., szynobusy",IZ Poznań,false,true,true,false
19055,3,Poznań Główny,200.755,201.140,,6,80,,Vd) Linia 272; poc. towarowe,IZ Poznań,false,false,true,false
19056,3,Poznań Główny,200.785,201.210,,6,,80,Vd) Linia 272; poc. towarowe,IZ Poznań,false,false,true,false
19057,3,Poznań Główny,200.785,201.210,,6,,100,"Vd) Linia 272; poc. pas., szynobusy",IZ Poznań,false,true,true,false
19058,3,Poznań Główny,200.870,201.130,,8,100,,"Vd) Linia 272; poc. pas., szynobusy",IZ Poznań,false,true,true,false
19059,3,Poznań Główny,200.870,201.130,,8,80,,Vd) Linia 272; poc. towarowe,IZ Poznań,false,false,true,false
19060,3,Poznań Główny,200.890,201.200,,8,,80,Vd) Linia 272; poc. towarowe,IZ Poznań,false,false,true,false
19061,3,Poznań Główny,200.890,201.200,,8,,100,"Vd) Linia 272; poc. pas., szynobusy",IZ Poznań,false,true,true,false
19062,3,Poznań Główny,0.000,0.200,,"51, 51",,70,"Vd) Linia 351; poc. pas., szynobusy",IZ Poznań,false,true,true,false
19063,3,Poznań Główny,0.000,0.810,,"51, 51",70,,Vd) Linia 351; poc. towarowe,IZ Poznań,false,false,true,false
19064,3,Poznań Główny,0.000,0.160,,"52, 52",,70,Vd) Linia 351; poc. towarowe,IZ Poznań,false,false,true,false
19065,3,Poznań Główny,0.000,0.815,,"52, 52",70,,"Vd) Linia 351; poc. pas., szynobusy",IZ Poznań,false,true,true,false
19066,3,Poznań Górczyn,2.935,4.074,,11,60,60,Vd) Linia 801,IZ Poznań,false,true,true,false
19067,3,Zbąszyń,379.100,380.000,zaniżone parametry nawierzchni,6,20,20,,IZ Poznań,false,true,true,false
19068,3,Zbąszyń,68.650,69.654,,10,70,70,Vd) Linia 359; szynobusy,IZ Poznań,false,true,true,false
19069,3,Zbąszyń,68.650,69.654,,10,50,50,Vd) Linia 359,IZ Poznań,false,true,true,false
19070,3,Zbąszynek,-0.315,0.067,,5,70,70,Vd) Linia 358; poc. towarowe,IZ Poznań,false,false,true,false
19071,3,Zbąszynek,-0.315,0.067,,5,100,100,Vd) Linia 358,IZ Poznań,false,true,true,false
19072,3,Rzepin,461.162,461.723,zaniżone parametry podkładów,14,20,20,,IZ Poznań,false,true,true,false
19073,3,Rzepin,5.610,6.225,,126,100,100,Vd) Linia 821,IZ Poznań,false,true,true,false
19074,14,Zduńska Wola - Sieradz,48.250,48.715,ograniczona widoczność na przejeździe,1,,70,*),IZ Poznań,false,true,false,true
19075,14,Błaszki,78.620,79.490,zaniżone parametry toru,4,20,20,,IZ Poznań,false,true,true,false
19076,14,Opatówek,98.170,98.800,zaniżone parametry toru,5,20,20,,IZ Poznań,false,true,true,true
19077,14,Opatówek,98.300,99.090,zaniżone parametry toru,4,20,20,,IZ Poznań,false,true,true,false
19078,14,Opatówek,99.100,99.200,zaniżone parametry mostu,1,80,80,,IZ Poznań,false,true,true,true
19079,14,Ostrów Wlkp.,85.807,86.689,,1,60,,Vd) Linia 272; poc. towarowe,IZ Poznań,false,false,true,false
19080,14,Ostrów Wlkp.,85.807,86.689,,1,100,,"Vd) Linia 272; poc. pas., szynobusy",IZ Poznań,false,true,true,false
19081,14,Ostrów Wlkp.,85.850,86.729,,2,100,,"Vd) Linia 272; poc. pas., szynobusy",IZ Poznań,false,true,true,false
19082,14,Ostrów Wlkp.,85.850,86.729,,2,70,,Vd) Linia 272; poc. towarowe,IZ Poznań,false,false,true,false
19083,14,Ostrów Wlkp.,-0.416,0.246,,6,,70,Vd) Linia 355; poc. towarowe,IZ Poznań,false,false,true,false
19084,14,Ostrów Wlkp.,-0.416,0.246,,6,,100,"Vd) Linia 355; poc. pas., szynobusy",IZ Poznań,false,true,true,false
19085,14,Ostrów Wlkp.,-0.374,0.276,,6,70,,Vd) Linia 355; poc. towarowe,IZ Poznań,false,false,true,false
19086,14,Ostrów Wlkp.,-0.374,0.276,,6,100,,"Vd) Linia 355; poc. pas., szynobusy",IZ Poznań,false,true,true,false
19087,14,Biadki - Durzyn,160.419,160.880,ograniczona widoczność na przejeździe,1,,70,,IZ Poznań,false,true,true,true
19088,14,Osusz podg - Kobylin,172.685,173.140,ograniczona widoczność na przejeździe,1,70,,,IZ Poznań,false,true,true,true
19089,14,Osusz podg - Kobylin,172.750,173.140,ograniczona widoczność na przejeździe,2,60,,,IZ Poznań,false,true,true,true
19090,14,Leszno,234.610,235.280,zaniżone parametry toru,112,20,20,,IZ Poznań,false,true,true,false
19091,14,Leszno,234.624,235.246,zaniżone parametry toru,110,20,20,,IZ Poznań,false,true,true,false
19092,14,Leszno,96.035,96.450,układ geometryczny toru,107a,40,40,Linia 271,IZ Poznań,false,true,true,false
19093,14,Leszno,96.310,97.420,zaniżone parametry toru,103,20,20,Linia 271,IZ Poznań,false,true,true,true
19094,14,Leszno,95.526,96.015,,"2, 2",100,100,Vd) Linia 271; poc. towarowe,IZ Poznań,false,false,true,true
19095,14,Leszno,96.317,97.187,,"101, 101",,100,"Vd) Linia 271; poc. pas., szynobusy",IZ Poznań,false,true,true,true
19096,14,Leszno,-0.205,0.155,,12,,70,"Vd) Linia 359; poc. pas., szynobusy",IZ Poznań,false,true,true,true
19097,14,Leszno,-0.205,0.155,,12,,50,Vd) Linia 359; poc. towarowe,IZ Poznań,false,false,true,true
19098,14,Leszno,0.549,1.240,,108,70,,"Vd) Linia 359; poc. pas., szynobusy",IZ Poznań,false,true,true,true
19099,14,Leszno,0.549,1.240,,108,50,,Vd) Linia 359; poc. towarowe,IZ Poznań,false,false,true,true
19100,14,Leszno,139.272,139.552,,1,80,,Vd) Linia 275,IZ Poznań,false,true,true,true
19101,14,Żary,102.590,103.420,zaniżone parametry toru,6,20,20,Linia 282,IZ Poznań,false,true,true,true
19102,14,Sieniawa Żarska - Tuplice,362.175,362.190,zaniżone parametry mostu,1,60,60,,IZ Poznań,false,true,true,true
19103,14,Sieniawa Żarska - Tuplice,362.340,362.355,zaniżone parametry wiaduktu,1,40,40,,IZ Poznań,false,true,true,true
19104,14,Tuplice,388.980,389.080,zaniżone parametry mostownic,1,60,60,,IZ Poznań,false,true,true,true
19105,181,Kępno,103.115,103.135,zaniżone parametry toru,3,20,20,,IZ Poznań,false,true,true,true
19106,203,Krzyż,82.970,83.978,,1,,100,Vd) Linia 351,IZ Poznań,false,true,true,true
19107,203,Krzyż,82.970,83.978,,1,,80,Vd) Linia 351; poc. towarowe,IZ Poznań,false,false,true,true
19108,203,Krzyż,82.970,83.785,,2,,80,Vd) Linia 351; poc. towarowe,IZ Poznań,false,false,true,true
19109,203,Krzyż,82.970,83.785,,2,,100,Vd) Linia 351,IZ Poznań,false,true,true,true
19110,203,Krzyż - Nowe Drezdenko,248.164,248.182,zaniżone parametry wiaduktu,"1, 2",80,80,,IZ Poznań,false,true,true,true
19111,203,Nowe Drezdenko - Stare Kurowo,252.262,252.654,ograniczona widoczność na przejeździe,1,,60,,IZ Poznań,false,true,true,true
19112,203,Nowe Drezdenko - Stare Kurowo,260.168,260.562,ograniczona widoczność na przejeździe.,1,60,,,IZ Poznań,false,true,true,true
19113,203,Santok pglp - Wawrów,288.003,288.393,ograniczona widoczność na przejeździe,1,60,,,IZ Poznań,false,true,true,true
19114,203,Santok pglp - Wawrów,288.393,288.783,ograniczona widoczność na przejeździe,1,,60,,IZ Poznań,false,true,true,true
19115,203,Gorzów Wlkp. - Bogdaniec,303.724,303.732,zaniżone parametry wiaduktu,1,40,40,,IZ Poznań,false,true,true,true
19116,203,Witnica - Kostrzyn,336.130,336.470,ograniczona widoczność na przejeździe,1,,50,,IZ Poznań,false,true,true,true
19117,203,Kostrzyn,339.400,340.100,zaniżone parametry toru,"9, 11 7pn",30,30,,IZ Poznań,false,true,true,true
19118,236,Wągrowiec,50.787,51.572,,1,90,90,Vd) Linia 356,IZ Poznań,false,true,true,true
19119,236,Rogoźno Wlkp.,42.271,42.703,zaniżone parametry toru,8,20,20,Linia 354,IZ Poznań,false,true,true,true
19120,236,Rogoźno Wlkp.,41.908,43.043,,1,120,120,Vd) Linia 354,IZ Poznań,false,true,true,true
19121,236,Rogoźno Wlkp. - Bzowo Goraj,131.940,131.945,brak widoczności na przejeździe,1,20,,,IZ Poznań,false,true,true,true
19122,236,Rogoźno Wlkp. - Bzowo Goraj,134.565,134.630,spływy skarpy nasypu,1,10,10,,IZ Poznań,false,true,true,true
19123,271,Leszno,96.035,96.450,układ geometryczny toru,107a,40,40,,IZ Poznań,false,true,true,false
19124,271,Leszno,96.310,97.420,zaniżone parametry toru,103,20,20,,IZ Poznań,false,true,true,false
19125,271,Leszno,234.610,235.280,zaniżone parametry toru,112,20,20,Linia 14,IZ Poznań,false,true,true,false
19126,271,Leszno,234.624,235.246,zaniżone parametry toru,110,20,20,Linia 14,IZ Poznań,false,true,true,false
19127,271,Leszno,234.514,235.397,,104,100,100,"Vd) Linia 14; poc. pas., szynobusy",IZ Poznań,false,true,true,false
19128,271,Leszno,234.514,235.397,,104,60,60,Vd) Linia 14; poc. towarowe,IZ Poznań,false,false,true,false
19129,271,Leszno,235.637,236.178,,6,,100,"Vd) Linia 14; poc. pas., szynobusy",IZ Poznań,false,true,true,false
19130,271,Leszno,235.673,236.178,,6,,60,Vd) Linia 14; poc. towarowe,IZ Poznań,false,false,true,false
19131,271,Leszno,0.549,1.240,,108,70,,"Vd) Linia 359; poc. pas., szynobusy",IZ Poznań,false,true,true,false
19132,271,Leszno,0.549,1.240,,108,50,,Vd) Linia 359; poc. towarowe,IZ Poznań,false,false,true,false
19133,271,Luboń k/Poznania,3.577,4.499,,7,40,40,Vd) Linia 802,IZ Poznań,false,true,true,false
19134,271,Luboń k/Poznania,3.735,4.440,,5,40,40,Vd) Linia 802,IZ Poznań,false,true,true,false
19135,271,Poznań Główny,304.130,304.945,,1,80,,Vd) Linia 3; poc. towarowe,IZ Poznań,false,false,true,false
19136,271,Poznań Główny,304.130,304.945,,1,90,,"Vd) Linia 3; poc. pas., szynobusy",IZ Poznań,false,true,true,false
19137,271,Poznań Główny,304.180,304.850,,2,80,,Vd) Linia 3; poc. towarowe,IZ Poznań,false,false,true,false
19138,271,Poznań Główny,304.180,304.850,,2,90,,"Vd) Linia 3; poc. pas., szynobusy",IZ Poznań,false,true,true,false
19139,271,Poznań Główny,304.200,305.830,,1,,80,Vd) Linia 3; poc. towarowe,IZ Poznań,false,false,true,false
19140,271,Poznań Główny,304.200,305.830,,1,,90,"Vd) Linia 3; poc. pas., szynobusy",IZ Poznań,false,true,true,false
19141,271,Poznań Główny,304.200,305.065,,2,,90,"Vd) Linia 3; poc. pas., szynobusy",IZ Poznań,false,true,true,false
19142,271,Poznań Główny,304.200,305.065,,2,,80,Vd) Linia 3; poc. towarowe,IZ Poznań,false,false,true,false
19143,271,Poznań Główny,200.755,201.140,,6,60,,Vd) Linia 272; poc. towarowe,IZ Poznań,false,false,true,false
19144,271,Poznań Główny,200.755,201.140,,6,100,,"Vd) Linia 272; poc. pas., szynobusy",IZ Poznań,false,true,true,false
19145,271,Poznań Główny,200.785,201.210,,6,,60,Vd) Linia 272; poc. towarowe,IZ Poznań,false,false,true,false
19146,271,Poznań Główny,200.785,201.210,,6,,100,"Vd) Linia 272; poc. pas., szynobusy",IZ Poznań,false,true,true,false
19147,271,Poznań Główny,200.870,201.130,,"8, 8",80,,Vd) Linia 272; poc. towarowe,IZ Poznań,false,false,true,false
19148,271,Poznań Główny,200.890,201.200,,"8, 8",,80,Vd) Linia 272; poc. towarowe,IZ Poznań,false,false,true,false
19149,271,Poznań Główny,0.000,0.200,,"51, 51",,70,"Vd) Linia 351; poc. pas., szynobusy",IZ Poznań,false,true,true,false
19150,271,Poznań Główny,0.000,0.810,,"51, 51",70,,"Vd) Linia 351; poc. pas., szynobusy",IZ Poznań,false,true,true,false
19151,271,Poznań Główny,0.000,0.815,,"52, 52",70,,"Vd) Linia 351; poc. pas., szynobusy",IZ Poznań,false,true,true,false
19152,271,Poznań Główny,0.000,0.160,,"52, 52",,70,"Vd) Linia 351; poc. pas., szynobusy",IZ Poznań,false,true,true,false
19153,272,Ostrów Wlkp.,135.589,136.460,,10,100,,"Vd) Linia 14; poc. pas., szynobusy,",IZ Poznań,false,true,true,true
19154,272,Ostrów Wlkp.,135.589,136.460,,10,60,,Vd) Linia 14; poc. towarowe,IZ Poznań,false,false,true,true
19155,272,Ostrów Wlkp.,135.691,136.380,,8,,100,"Vd) Linia 14; poc. pas., szynobusy",IZ Poznań,false,true,true,true
19156,272,Ostrów Wlkp.,135.691,136.380,,8,,60,Vd) Linia 14; poc. towarowe,IZ Poznań,false,false,true,true
19157,272,Ostrów Wlkp.,135.709,136.449,,8,100,,"Vd) Linia 14; poc. pas., szynobusy",IZ Poznań,false,true,true,true
19158,272,Ostrów Wlkp.,135.709,136.449,,8,60,,Vd) Linia 14; poc. towarowe,IZ Poznań,false,false,true,true
19159,272,Ostrów Wlkp.,135.773,136.338,,10,,100,"Vd) Linia 14; poc. pas., szynobusy",IZ Poznań,false,true,true,true
19160,272,Ostrów Wlkp.,135.773,136.338,,10,,60,Vd) Linia 14; poc. towarowe,IZ Poznań,false,false,true,true
19161,272,Ostrów Wlkp.,-0.416,0.246,,6,,100,"Vd) Linia 355; poc. pas., szynobusy",IZ Poznań,false,true,true,true
19162,272,Ostrów Wlkp.,-0.416,0.246,,6,,70,Vd) Linia 355; poc. towarowe,IZ Poznań,false,false,true,true
19163,272,Ostrów Wlkp.,-0.374,0.276,,6,100,,"Vd) Linia 355; poc. pas., szynobusy",IZ Poznań,false,true,true,true
19164,272,Ostrów Wlkp.,-0.374,0.276,,6,70,,Vd) Linia 355; poc. towarowe,IZ Poznań,false,false,true,true
19165,272,Witaszyce,127.060,128.070,zaniżone parametry toru,4,20,20,,IZ Poznań,false,true,true,true
19166,272,Witaszyce,132.500,133.360,zaniżone parametry podkładów,5,20,20,,IZ Poznań,false,true,true,true
19167,272,Poznań Krzesiny,0.097,0.766,,3,60,60,Vd) Linia 394,IZ Poznań,false,true,true,true
19168,272,Poznań Starołęka,10.520,11.530,,3,100,100,Vd) Linia 352,IZ Poznań,false,true,true,true
19169,272,Poznań Starołęka,10.570,11.420,,5,80,80,Vd) Linia 352,IZ Poznań,false,true,true,true
19170,272,Poznań Główny,304.130,304.945,,1,80,,Vd) Linia 3; poc. towarowe,IZ Poznań,false,false,true,true
19171,272,Poznań Główny,304.130,304.945,,1,90,,"Vd) Linia 3; poc. pas., szynobusy",IZ Poznań,false,true,true,true
19172,272,Poznań Główny,304.180,304.850,,2,80,,Vd) Linia 3; poc. towarowe,IZ Poznań,false,false,true,true
19173,272,Poznań Główny,304.180,304.850,,2,90,,"Vd) Linia 3; poc. pas., szynobusy",IZ Poznań,false,true,true,true
19174,272,Poznań Główny,304.200,305.830,,1,,90,"Vd) Linia 3; poc. pas., szynobusy",IZ Poznań,false,true,true,true
19175,272,Poznań Główny,304.200,305.830,,1,,80,Vd) Linia 3; poc. towarowe,IZ Poznań,false,false,true,true
19176,272,Poznań Główny,304.200,305.065,,2,,80,Vd) Linia 3; poc. towarowe,IZ Poznań,false,false,true,true
19177,272,Poznań Główny,304.200,305.065,,2,,90,"Vd) Linia 3; poc. pas., szynobusy",IZ Poznań,false,true,true,true
19178,272,Poznań Główny,0.000,0.810,,"51, 51",70,,"Vd) Linia 351; poc. pas., szynobusy",IZ Poznań,false,true,true,true
19179,272,Poznań Główny,0.000,0.200,,"51, 51",,70,"Vd) Linia 351; poc. pas., szynobusy",IZ Poznań,false,true,true,true
19180,272,Poznań Główny,0.000,0.160,,"52, 52",,70,"Vd) Linia 351; poc. pas., szynobusy",IZ Poznań,false,true,true,true
19181,272,Poznań Główny,0.000,0.815,,"52, 52",70,,"Vd) Linia 351; poc. pas., szynobusy",IZ Poznań,false,true,true,true
19182,273,Nowa Sól,130.150,130.823,zaniżone parametry techniczny toru,8,20,20,,IZ Poznań,false,true,true,true
19183,273,Zielona Góra Główna,0.000,0.800,,4,60,60,Vd) Linia 370; poc. towarowe,IZ Poznań,false,false,true,true
19184,273,Zielona Góra Główna,0.000,0.800,,4,70,70,Vd) Linia 370,IZ Poznań,false,true,true,true
19185,273,Zielona Góra Główna,43.197,44.817,,6,60,60,Vd) Linia 358,IZ Poznań,false,true,true,true
19186,273,Czerwieńsk Tow. CKT - Radnica,171.630,172.080,zaniżone parametry nawierzchni na obiekcie,2,70,70,,IZ Poznań,false,true,true,true
19187,273,Budachów,194.467,195.484,zaniżone parametry rozjazdu i brak stabilizatorów iglic,1,100,100,,IZ Poznań,false,true,true,true
19188,273,Budachów,194.512,195.436,zaniżone parametry rozjazdu i brak stabilizatorów iglic,2,100,100,,IZ Poznań,false,true,true,true
19189,273,Gądków Wielki,207.573,208.736,zaniżone parametry rozjazdu i brak stabilizatorów iglic,1,100,100,,IZ Poznań,false,true,true,true
19190,273,Gądków Wielki,207.613,208.694,zaniżone parametry rozjazdu i brak stabilizatorów iglic,2,100,100,,IZ Poznań,false,true,true,true
19191,273,Jerzmanice Lubuskie,216.640,217.828,zaniżone parametry rozjazdu i brak stabilizatorów iglic,1,100,100,,IZ Poznań,false,true,true,true
19192,273,Jerzmanice Lubuskie,216.680,217.787,zaniżone parametry rozjazdu i brak stabilizatorów iglic,2,100,100,,IZ Poznań,false,true,true,true
19193,273,Jerzmanice Lubuskie,339.400,340.100,zaniżone parametry toru,"9,",30,30,Linia 203,IZ Poznań,false,true,true,true
19194,273,Boleszkowice - Mieszkowice,275.848,276.365,ograniczona widoczność na przejeździe,1,80,,,IZ Poznań,false,true,true,true
19195,273,Boleszkowice - Mieszkowice,276.365,276.817,ograniczona widoczność na przejeździe,1,,70,,IZ Poznań,false,true,true,true
19196,273,Mieszkowice - Godków,280.982,281.307,ograniczona widoczność na przejeździe,1,50,,,IZ Poznań,false,true,true,true
19197,275,Małomice,127.500,128.250,zaniżone parametry podkładów,4,20,20,,IZ Poznań,false,true,true,true
19198,275,Żagań,339.972,341.192,,14,,,,IZ Poznań,false,true,true,true
19199,275,Żagań,340.290,340.630,,12,80,80,Vd) Linia 14,IZ Poznań,false,true,true,true
19200,275,Żagań,340.290,340.630,,12,90,90,Vd) Linia 14; szynobusy,IZ Poznań,false,true,true,true
19201,275,Żagań,340.360,340.558,,14,80,80,Vd) Linia 14,IZ Poznań,false,true,true,true
19202,275,Żagań,340.360,340.558,,14,90,90,Vd) Linia 14; szynobusy,IZ Poznań,false,true,true,true
19203,275,Żagań - Bieniów,142.175,142.215,zaniżone parametry mostu,1,60,60,,IZ Poznań,false,true,true,true
19204,275,Żagań - Bieniów,151.620,151.635,zaniżone parametry mostu,1,40,40,,IZ Poznań,false,true,true,true
19205,281,Milicz - Zduny,54.900,55.400,"niedostosowanie urządzeń SRK na przejeździe w km 54,734",1,,60,,IZ Poznań,false,true,true,true
19206,281,Krotoszyn,63.860,64.250,zaniżone parametry podkładów,12,20,20,,IZ Poznań,false,true,true,true
19207,281,Krotoszyn,1.882,2.518,,1,,40,Vd) Linia 815,IZ Poznań,false,true,true,true
19208,281,Jarocin,131.490,131.535,pogorszenie stanu wiaduktu,2,50,50,*) Linia 272,IZ Poznań,false,true,false,true
19209,281,Jarocin,132.500,133.360,zaniżone parametry podkładów,5,20,20,Linia 272,IZ Poznań,false,true,true,true
19210,281,Jarocin,132.500,133.658,,2,100,,"Vd) Linia 272; poc. pas., szynobusy",IZ Poznań,false,true,true,true
19211,281,Jarocin,132.500,133.658,,2,70,,Vd) Linia 272; poc. towarowe,IZ Poznań,false,false,true,true
19212,281,Jarocin,132.692,133.809,,1,,100,"Vd) Linia 272; poc. pas., szynobusy",IZ Poznań,false,true,true,true
19213,281,Jarocin,132.692,133.809,,1,,80,Vd) Linia 272; poc. towarowe,IZ Poznań,false,false,true,true
19214,281,Jarocin,132.692,133.721,,2,,100,"Vd) Linia 272; poc. pas., szynobusy",IZ Poznań,false,true,true,true
19215,281,Jarocin,132.692,133.721,,2,,70,Vd) Linia 272; poc. towarowe,IZ Poznań,false,false,true,true
19216,281,Września,-0.838,0.005,,7A,50,50,Vd) Linia 808,IZ Poznań,false,true,true,true
19217,281,Września,-0.838,-0.087,,5A,50,50,Vd) Linia 808,IZ Poznań,false,true,true,true
19218,281,Września - Czerniejewo,139.392,140.062,ograniczona widoczność na przejeździe,1,100,,,IZ Poznań,false,true,true,true
19219,281,Września - Czerniejewo,140.050,140.720,ograniczona widoczność na przejeździe,1,,100,,IZ Poznań,false,true,true,true
19220,281,Gniezno,44.105,44.940,,2,100,100,Vd) Linia 353,IZ Poznań,false,true,true,false
19221,281,Gniezno,44.165,45.900,,1,100,100,Vd) Linia 353,IZ Poznań,false,true,true,false
19222,281,Gniezno,44.940,47.319,,2,100,100,Vd) Linia 353,IZ Poznań,false,true,true,false
19223,281,Gniezno,45.900,47.279,,1,120,120,Vd) Linia 353,IZ Poznań,false,true,true,false
19224,281,Gniezno Winiary,-0.470,0.298,,4,20,20,Vd) Linia 377,IZ Poznań,false,true,true,false
19225,282,Ruszów - Jankowa Żagańska,91.163,91.438,ograniczona widoczność na przejeździe,1,50,,,IZ Poznań,false,true,true,true
19226,282,Jankowa Żagańska,10.905,11.738,,3,30,30,Vd) Linia 389; poc. towarowe,IZ Poznań,false,false,true,false
19227,282,Jankowa Żagańska – Żary,98.065,98.075,zaniżone parametry obiektu mostowego,1,40,40,,IZ Poznań,false,true,true,true
19228,282,Żary,102.590,103.420,zaniżone parametry toru,6,20,20,,IZ Poznań,false,true,true,false
19229,283,Zebrzydowa - Żagań,89.300,104.726,jazda obok miejsca robót,1,20,20,*) Nowe!,IZ Poznań,true,true,false,true
19230,351,Poznań Główny,304.130,304.945,,1,90,,"Vd) Linia 3; poc. pas., szynobusy",IZ Poznań,false,true,true,false
19231,351,Poznań Główny,304.130,304.945,,1,80,,Vd) Linia 3; poc. towarowe,IZ Poznań,false,false,true,false
19232,351,Poznań Główny,304.180,304.850,,2,90,,"Vd) Linia 3; poc. pas., szynobusy",IZ Poznań,false,true,true,false
19233,351,Poznań Główny,304.180,304.850,,2,80,,Vd) Linia 3; poc. towarowe,IZ Poznań,false,false,true,false
19234,351,Poznań Główny,304.200,305.830,,1,,80,Vd) Linia 3; poc. towarowe,IZ Poznań,false,false,true,false
19235,351,Poznań Główny,304.200,305.830,,1,,90,"Vd) Linia 3; poc. pas., szynobusy",IZ Poznań,false,true,true,false
19236,351,Poznań Główny,304.200,305.065,,2,,80,Vd) Linia 3; poc. towarowe,IZ Poznań,false,false,true,false
19237,351,Poznań Główny,304.200,305.065,,2,,90,"Vd) Linia 3; poc. pas., szynobusy",IZ Poznań,false,true,true,false
19238,351,Poznań Główny,200.755,201.140,,6,60,,Vd) Linia 272; poc. towarowe,IZ Poznań,false,false,true,false
19239,351,Poznań Główny,200.755,201.140,,6,100,,"Vd) Linia 272; poc. pas., szynobusy",IZ Poznań,false,true,true,false
19240,351,Poznań Główny,200.785,201.210,,6,,60,Vd) Linia 272; poc. towarowe,IZ Poznań,false,false,true,false
19241,351,Poznań Główny,200.785,201.210,,6,,100,"Vd) Linia 272; poc. pas., szynobusy",IZ Poznań,false,true,true,false
19242,351,Poznań Główny,200.870,201.130,,"8, 8",80,,"Vd) Linia 272; poc. pas., szynobusy",IZ Poznań,false,true,true,false
19243,351,Poznań Główny,200.890,201.200,,"8, 8",,80,"Vd) Linia 272; poc. pas., szynobusy",IZ Poznań,false,true,true,false
19244,351,Kiekrz,19.432,20.729,,5,60,60,Vd) Linia 395 poc. towarowe,IZ Poznań,false,false,true,false
19245,351,Kiekrz,19.432,19.960,,5,90,90,"Vd) Linia 395 poc. pas., szynobusy",IZ Poznań,false,true,true,false
19246,351,Kiekrz,19.960,20.729,,5,60,60,"Vd) Linia 395 poc. pas., szynobusy",IZ Poznań,false,true,true,false
19247,351,Krzyż,237.703,238.297,,101,70,70,Vd) Linia 203; poc. towarowe,IZ Poznań,false,false,true,false
19248,351,Krzyż,237.703,238.297,,101,100,100,Vd) Linia 203,IZ Poznań,false,true,true,false
19249,351,Krzyż,237.703,238.297,,102,70,70,Vd) Linia 203; poc. towarowe,IZ Poznań,false,false,true,false
19250,351,Krzyż,237.703,238.297,,102,100,100,Vd) Linia 203,IZ Poznań,false,true,true,false
19251,352,Swarzędz,291.115,292.010,,1,140,140,Vd) Linia 3,IZ Poznań,false,true,true,false
19252,352,Swarzędz,291.210,292.115,,2,140,140,Vd) Linia 3,IZ Poznań,false,true,true,false
19253,352,Poznań Franowo PFA,7.235,8.400,,"110, 111",60,60,Vd) Linia 394,IZ Poznań,false,true,true,false
19254,352,Poznań Starołęka,194.930,195.090,,1,120,120,Vd) Linia 272,IZ Poznań,false,true,true,false
19255,353,Poznań Wschód,299.000,299.595,,2,100,,Vd) Linia 3,IZ Poznań,false,true,true,false
19256,353,Poznań Wschód,299.050,299.573,,1,100,,Vd) Linia 3,IZ Poznań,false,true,true,false
19257,353,Poznań Wschód,299.080,299.785,,2,,100,Vd) Linia 3,IZ Poznań,false,true,true,false
19258,353,Poznań Wschód,299.125,299.900,,1,,100,Vd) Linia 3,IZ Poznań,false,true,true,false
19259,353,Poznań Wschód,-0.705,0.000,,7,50,,Vd) Linia 356,IZ Poznań,false,true,true,false
19260,353,Poznań Wschód,-0.600,0.105,,7,,50,Vd) Linia 356,IZ Poznań,false,true,true,false
19261,353,Gniezno,159.647,160.990,,5,60,60,Vd) Linia 281,IZ Poznań,false,true,true,false
19262,353,Gniezno,159.692,160.982,,6,60,60,Vd) Linia 281,IZ Poznań,false,true,true,false
19263,354,Złotniki - Wargowo,17.804,18.262,ograniczona widoczność na przejeździe,1,70,,,IZ Poznań,false,true,true,true
19264,354,Złotniki - Wargowo,18.256,18.779,ograniczona widoczność na przejeździe,1,,80,,IZ Poznań,false,true,true,true
19265,354,Wargowo - Oborniki Wlkp.,20.488,21.076,ograniczona widoczność na przejeździe,1,,90,,IZ Poznań,false,true,true,true
19266,354,Wargowo - Oborniki Wlkp.,26.135,26.340,roboty w torze,1,60,60,*) Nowe!,IZ Poznań,true,true,false,true
19267,354,Wargowo - Oborniki Wlkp.,26.340,27.587,jazda obok miejsca robót,1,100,100,*) Nowe!,IZ Poznań,true,true,false,true
19268,354,Oborniki Wlkp.,27.439,27.570,przebudowa sieci jezdnej,1,40,40,*) Nowe! kier. zwrotny,IZ Poznań,true,true,false,true
19269,354,Rogoźno Wlkp.,42.271,42.703,zaniżone parametry toru,8,20,20,,IZ Poznań,false,true,true,false
19270,354,Rogoźno Wlkp.,95.886,96.720,,4,60,60,Vd) Linia 236,IZ Poznań,false,true,true,false
19271,354,Rogoźno Wlkp. - Budzyń,45.035,45.045,budowa wiaduktu drogowego,1,60,60,*),IZ Poznań,false,true,false,true
19272,354,Budzyń - Chodzież,60.729,61.282,ograniczona widoczność na przejeździe,1,100,,,IZ Poznań,false,true,true,true
19273,354,Budzyń - Chodzież,62.530,63.080,ograniczona widoczność na przejeździe,1,100,,,IZ Poznań,false,true,true,true
19274,354,Chodzież - Dziembówko,75.675,76.228,ograniczone widoczność na przejeździe,1,,100,,IZ Poznań,false,true,true,true
19275,355,Ostrów Wlkp.,135.691,136.380,,8,,60,Vd) Linia 14; poc. towarowe,IZ Poznań,false,false,true,false
19276,355,Ostrów Wlkp.,135.691,136.380,,8,,100,"Vd) Linia 14; poc. pas., szynobusy",IZ Poznań,false,true,true,false
19277,355,Ostrów Wlkp.,135.773,136.338,,10,,60,Vd) Linia 14; poc. towarowe,IZ Poznań,false,false,true,false
19278,355,Ostrów Wlkp.,135.773,136.338,,10,,100,"Vd) Linia 14; poc. pas., szynobusy",IZ Poznań,false,true,true,false
19279,356,Poznań Wschód,299.000,299.595,,2,100,,Vd) Linia 3,IZ Poznań,false,true,true,true
19280,356,Poznań Wschód,299.050,299.573,,1,100,,Vd) Linia 3,IZ Poznań,false,true,true,true
19281,356,Poznań Wschód,299.080,299.785,,2,,100,Vd) Linia 3,IZ Poznań,false,true,true,true
19282,356,Poznań Wschód,299.125,299.900,,1,,100,Vd) Linia 3,IZ Poznań,false,true,true,true
19283,356,Poznań Wschód,-0.760,-0.085,,5,100,,Vd) Linia 353,IZ Poznań,false,true,true,true
19284,356,Poznań Wschód,-0.703,-0.085,,3,,100,Vd) Linia 353,IZ Poznań,false,true,true,true
19285,356,Poznań Wschód,-0.615,-0.085,,3,100,,Vd) Linia 353,IZ Poznań,false,true,true,true
19286,356,Poznań Wschód,-0.600,0.240,,5,,100,Vd) Linia 353,IZ Poznań,false,true,true,true
19287,356,Czerwonak - Bolechowo,6.650,7.780,ograniczona widoczność na przejeździe,1,60,,,IZ Poznań,false,true,true,true
19288,356,Czerwonak - Bolechowo,7.013,7.023,ograniczona widoczność na przejeździe,1,,20,,IZ Poznań,false,true,true,true
19289,356,Czerwonak - Bolechowo,7.023,8.100,ograniczona widoczność na przejeździe,1,,60,,IZ Poznań,false,true,true,true
19290,356,Czerwonak - Bolechowo,10.070,10.565,ograniczona widoczność na przejeździe,1,90,,,IZ Poznań,false,true,true,true
19291,356,Bolechowo - Murowana Goślina,17.157,17.492,ograniczona widoczność na przejeździe,1,,60,,IZ Poznań,false,true,true,true
19292,356,Bolechowo - Murowana Goślina,17.317,17.592,ograniczona widoczność na przejeździe,1,40,,,IZ Poznań,false,true,true,true
19293,356,Bolechowo - Murowana Goślina,23.846,24.291,ograniczona widoczność na przejeździe,1,,80,,IZ Poznań,false,true,true,true
19294,356,Bolechowo - Murowana Goślina,26.955,27.450,ograniczona widoczność na przejeździe,1,,90,,IZ Poznań,false,true,true,true
19295,356,Bolechowo - Murowana Goślina,50.096,50.376,ograniczona widoczność na przejeździe oraz układ geometryczny toru,1,,50,,IZ Poznań,false,true,true,true
19296,356,Wągrowiec,77.027,77.836,,4,40,40,Vd) Linia 236,IZ Poznań,false,true,true,false
19297,357,Rakoniewice,53.885,54.185,ograniczona widoczność na przejściu dla pieszych,1,,100,,IZ Poznań,false,true,true,true
19298,357,Rakoniewice - Grodzisk Wlkp.,54.604,54.904,ograniczona widoczność na przejściu dla pieszych,1,,100,,IZ Poznań,false,true,true,true
19299,357,Grodzisk Wlkp. - Granowo,68.918,69.168,ograniczona widoczność na przejeździe,1,40,,,IZ Poznań,false,true,true,true
19300,357,Grodzisk Wlkp. - Granowo,69.168,69.418,ograniczona widoczność na przejeździe,1,,40,,IZ Poznań,false,true,true,true
19301,357,Grodzisk Wlkp. - Granowo,74.542,74.822,ograniczona widoczność na przejeździe,1,,50,,IZ Poznań,false,true,true,true
19302,357,Grodzisk Wlkp. - Granowo,86.982,87.485,ograniczona widoczność na przejeździe,1,90,,,IZ Poznań,false,true,true,true
19303,357,Stęszew - Szreniawa,102.670,102.830,ograniczone warunki widoczności na przejściu dla pieszych,1,50,,,IZ Poznań,false,true,true,true
19304,357,Szreniawa - Luboń k/Poznania,107.995,108.150,ograniczone warunki widoczności na przejściu dla pieszych,1,50,,,IZ Poznań,false,true,true,true
19305,357,Luboń k/Poznania,157.382,158.169,,1,160,,"Vd) Linia 271; poc. pas., szynobusy",IZ Poznań,false,true,true,true
19306,357,Luboń k/Poznania,157.382,158.169,,1,120,,Vd) Linia 271; poc. towarowe,IZ Poznań,false,false,true,true
19307,357,Luboń k/Poznania,157.460,158.169,,2,120,,Vd) Linia 271; poc. towarowe,IZ Poznań,false,false,true,true
19308,357,Luboń k/Poznania,157.460,158.169,,2,160,,"Vd) Linia 271; poc. pas., szynobusy",IZ Poznań,false,true,true,false
19309,357,Luboń k/Poznania,157.550,158.320,,1,,120,Vd) Linia 271; poc. towarowe,IZ Poznań,false,false,true,false
19310,357,Luboń k/Poznania,157.550,158.320,,1,,160,"Vd) Linia 271; poc. pas., szynobusy",IZ Poznań,false,true,true,false
19311,357,Luboń k/Poznania,157.550,158.215,,2,,120,Vd) Linia 271; poc. towarowe,IZ Poznań,false,false,true,false
19312,357,Luboń k/Poznania,157.550,158.215,,2,,160,"Vd) Linia 271; poc. pas., szynobusy",IZ Poznań,false,true,true,false
19313,357,Luboń k/Poznania,3.577,4.499,,7,40,40,Vd) Linia 802,IZ Poznań,false,true,true,false
19314,357,Luboń k/Poznania,3.735,4.370,,5,,40,Vd) Linia 802,IZ Poznań,false,true,true,false
19315,357,Luboń k/Poznania,3.770,4.400,,5,40,,Vd) Linia 802,IZ Poznań,false,true,true,false
19316,358,Zbąszynek,385.000,385.850,,1,60,60,Vd) Linia 3,IZ Poznań,false,true,true,false
19317,358,Zbąszynek,385.185,385.900,,4,60,60,Vd) Linia 3,IZ Poznań,false,true,true,false
19318,358,Zbąszynek - Kosieczyn podg,0.531,0.977,ograniczona widoczność na przejeździe,1,80,,,IZ Poznań,false,true,true,true
19319,358,Zbąszynek - Kosieczyn podg,0.965,1.411,ograniczona widoczność na przejeździe,1,,80,,IZ Poznań,false,true,true,true
19320,358,Babimost - Sulechów,10.537,11.087,ograniczona widoczność na przejeździe,1,,100,,IZ Poznań,false,true,true,true
19321,358,Babimost - Sulechów,11.209,11.759,ograniczona widoczność na przejeździe,1,100,,,IZ Poznań,false,true,true,true
19322,358,Babimost - Sulechów,13.040,13.629,ograniczona widoczność na przejeździe,1,,110,,IZ Poznań,false,true,true,true
19323,358,Babimost - Sulechów,13.091,13.641,ograniczona widoczność na przejeździe,1,100,,,IZ Poznań,false,true,true,true
19324,358,Babimost - Sulechów,13.629,14.179,ograniczona widoczność na przejeździe,1,,100,,IZ Poznań,false,true,true,true
19325,358,Babimost - Sulechów,19.910,20.460,ograniczona widoczność na przejeździe,1,,100,,IZ Poznań,false,true,true,true
19326,358,Sulechów,26.165,27.302,zaniżone parametry podkładów,3,20,20,,IZ Poznań,false,true,true,false
19327,358,Czerwieńsk Wsch. - Czerwieńsk,41.863,42.311,ograniczona widoczność na przejeździe,1,80,,,IZ Poznań,false,true,true,true
19328,358,Czerwieńsk Wsch. - Czerwieńsk,42.295,42.633,ograniczona widoczność na przejeździe,1,,60,,IZ Poznań,false,true,true,true
19329,358,Czerwieńsk Wsch. - Czerwieńsk,166.160,166.860,,"9,",,,,IZ Poznań,false,true,true,true
19330,358,Czerwieńsk Wsch. - Czerwieńsk,165.998,166.846,,2,100,100,Vd) Linia 273,IZ Poznań,false,true,true,true
19331,358,Czerwieńsk Wsch. - Czerwieńsk,166.039,166.900,,1A,40,40,Vd) Linia 273,IZ Poznań,false,true,true,true
19332,358,Czerwieńsk - Krosno Odrzańskie,51.079,51.469,ograniczona widoczność na przejeździe,1,,70,*) Nowe!,IZ Poznań,true,true,false,true
19333,358,Czerwieńsk - Krosno Odrzańskie,52.987,53.407,ograniczona widoczność na przejeździe,1,70,,*) Nowe!,IZ Poznań,true,true,false,true
19334,358,Krosno Odrzańskie,65.782,66.621,zaniżone parametry toru,8,20,20,,IZ Poznań,false,true,true,true
19335,358,Krosno Odrzańskie - Wałowice,67.752,68.152,ograniczona widoczność na przejeździe,1,,70,*) Nowe!,IZ Poznań,true,true,false,true
19336,358,Gubin,92.273,93.209,zaniżone parametry toru,5,20,20,,IZ Poznań,false,true,true,true
19337,359,Leszno,234.610,235.280,zaniżone parametry toru,112,20,20,Linia 14,IZ Poznań,false,true,true,true
19338,359,Leszno,234.624,235.246,zaniżone parametry toru,110,20,20,Linia 14,IZ Poznań,false,true,true,true
19339,359,Leszno,96.035,96.450,układ geometryczny toru,107a,40,40,Linia 271,IZ Poznań,false,true,true,true
19340,359,Leszno,96.310,97.420,zaniżone parametry toru,103,20,20,Linia 271,IZ Poznań,false,true,true,true
19341,359,Leszno,234.514,235.397,,104,100,100,"Vd) Linia 14; poc. pas., szynobusy",IZ Poznań,false,true,true,true
19342,359,Leszno,234.514,235.397,,104,60,60,Vd) Linia 14; poc. towarowe,IZ Poznań,false,false,true,true
19343,359,Leszno,235.637,236.178,,6,,100,"Vd) Linia 14; poc. pas., szynobusy",IZ Poznań,false,true,true,true
19344,359,Leszno,235.673,236.178,,6,,60,Vd) Linia 14; poc. towarowe,IZ Poznań,false,false,true,true
19345,359,Leszno,95.526,96.015,,"2, 2",100,100,Vd) Linia 271; poc. towarowe,IZ Poznań,false,false,true,true
19346,359,Leszno - Włoszakowice,16.583,16.713,ograniczona widoczność na przejeździe,1,40,,,IZ Poznań,false,true,true,true
19347,359,Włoszakowice - Nowawieś Mochy,25.995,26.215,Ograniczona widoczność na przejeździe,1,,40,,IZ Poznań,false,true,true,true
19348,359,Wolsztyn - Stefanowo,58.210,58.495,ograniczona widoczność na przejeździe,1,50,,,IZ Poznań,false,true,true,true
19349,359,Wolsztyn - Stefanowo,61.964,62.239,ograniczona widoczność na przejeździe,1,,50,,IZ Poznań,false,true,true,true
19350,359,Zbąszyń,379.100,380.000,zaniżone parametry nawierzchni,6,20,20,Linia 3,IZ Poznań,false,true,true,false
19351,360,Jarocin,131.490,131.535,pogorszenie stanu wiaduktu,2,50,50,*) Linia 272,IZ Poznań,false,true,false,true
19352,360,Jarocin,132.500,133.360,zaniżone parametry podkładów,5,20,20,Linia 272,IZ Poznań,false,true,true,false
19353,360,Jarocin,132.500,133.658,,2,100,,"Vd) Linia 272; poc. pas., szynobusy",IZ Poznań,false,true,true,false
19354,360,Jarocin,132.500,133.658,,2,70,,Vd) Linia 272; poc. towarowe,IZ Poznań,false,false,true,false
19355,360,Jarocin,132.692,133.809,,1,,80,Vd) Linia 272; poc. towarowe,IZ Poznań,false,false,true,false
19356,360,Jarocin,132.692,133.809,,1,,100,"Vd) Linia 272; poc. pas., szynobusy",IZ Poznań,false,true,true,false
19357,360,Jarocin,132.692,133.721,,2,,100,"Vd) Linia 272; poc. pas., szynobusy",IZ Poznań,false,true,true,false
19358,360,Jarocin,132.692,133.721,,2,,70,Vd) Linia 272; poc. towarowe,IZ Poznań,false,false,true,false
19359,360,Gostyń,35.977,37.343,przebudowa urządzeń SRK,"1, 2",20,20,*),IZ Poznań,false,true,false,true
19360,360,Gostyń,36.022,36.055,zaniżone parametry rozjazdu nr 6,3,20,20,,IZ Poznań,false,true,true,false
19361,360,Gostyń - Kąkolewo,43.715,43.725,zaniżone parametry techniczny obiektu,1,30,30,,IZ Poznań,false,true,true,true
19362,360,Gostyń - Kąkolewo,47.541,47.547,obsługa przejazdu przez drużynę pociągową,1,,,"*) zatrzymać się przed przejazdem, wstrzymać ruch drogowy sygnałem D7, jazda z zachowaniem ostrożności. Podać wielokrotnie sygnał ""Baczność""",IZ Poznań,false,true,false,true
19363,362,Miejska Górka - Rawicz,23.412,23.430,obsługa przejazdu przez drużynę pociągową,3a,,,"zatrzymać się przed przejazdem, Wstrzymać ruch drogowy sygnałem D7, jazda z zachowaniem ostrożności. Podawać wielokrotnie sygnał ""Baczność""",IZ Poznań,false,true,true,true
19364,362,Miejska Górka - Rawicz,29.073,29.087,obsługa przejazdu przez drużynę pociągową,1,,,"*) zatrzymać się przed przejazdem, Wstrzymać ruch drogowy sygnałem D7, jazda z zachowaniem ostrożności. Podawać wielokrotnie sygnał ""Baczność""",IZ Poznań,false,true,false,true
19365,362,Miejska Górka - Rawicz,29.976,29.986,obsługa przejazdu przez drużynę pociągową,1,,,"*) zatrzymać się przed przejazdem, Wstrzymać ruch drogowy sygnałem D7, jazda z zachowaniem ostrożności. Podawać wielokrotnie sygnał ""Baczność""",IZ Poznań,false,true,false,true
19366,362,Miejska Górka - Rawicz,30.607,30.615,obsługa przejazdu przez drużynę pociągową,1,,,"*) zatrzymać się przed przejazdem, zamknąć rogatki, jazda z zachowaniem ostrożności. Podawać wielokrotnie sygnał ""Baczność""",IZ Poznań,false,true,false,true
19367,362,Miejska Górka - Rawicz,30.903,30.908,obsługa przejazdu przez drużynę pociągową,1,,,"*) zatrzymać się przed przejazdem, Wstrzymać ruch drogowy sygnałem D7, jazda z zachowaniem ostrożności. Podawać wielokrotnie sygnał ""Baczność""",IZ Poznań,false,true,false,true
19368,363,Wierzbno - Skwierzyna,72.201,72.211,brak widoczności na przejeździe,1,20,20,,IZ Poznań,false,true,true,true
19369,363,Wierzbno - Skwierzyna,77.863,77.873,brak widoczności na przejeździe,1,20,20,*),IZ Poznań,false,true,false,true
19370,363,Wierzbno - Skwierzyna,79.028,79.040,zaniżone parametry wiaduktu,1,10,10,,IZ Poznań,false,true,true,true
19371,363,Wierzbno - Skwierzyna,79.330,79.345,zaniżone parametry wiaduktu,1,20,20,,IZ Poznań,false,true,true,true
19372,363,Wierzbno - Skwierzyna,82.180,82.550,zaniżone parametry podkładów,1,20,20,,IZ Poznań,false,true,true,true
19373,363,Wierzbno - Skwierzyna,86.060,88.438,zaniżone parametry podkładów,1,20,20,,IZ Poznań,false,true,true,true
19374,364,Wierzbno - Międzyrzecz,8.601,8.607,brak widoczność na przejeździe,1,20,20,,IZ Poznań,false,true,true,true
19375,364,Wierzbno - Międzyrzecz,9.787,9.797,brak widoczności na przejeździe,1,20,,,IZ Poznań,false,true,true,true
19376,364,Międzyrzecz - Rzepin,25.895,25.905,brak widoczności na przejeździe,1,,20,,IZ Poznań,false,true,true,true
19377,364,Międzyrzecz - Rzepin,30.562,30.572,brak widoczności na przejeździe,1,,20,,IZ Poznań,false,true,true,true
19378,364,Międzyrzecz - Rzepin,40.745,40.755,brak widoczności na przejeździe,1,,20,,IZ Poznań,false,true,true,true
19379,364,Międzyrzecz - Rzepin,46.620,46.630,brak widoczności na przejeździe,1,20,20,,IZ Poznań,false,true,true,true
19380,364,Międzyrzecz - Rzepin,47.349,47.359,brak widoczności na przejeździe,1,20,20,,IZ Poznań,false,true,true,true
19381,364,Międzyrzecz - Rzepin,50.500,52.000,ograniczona widoczność na przejeździe i zaniżone parametry nawierzchni,1,20,20,,IZ Poznań,false,true,true,true
19382,364,Rzepin,461.162,461.723,zaniżone parametry podkładów,14,20,20,Linia 3,IZ Poznań,false,true,true,false
19383,367,Zbąszynek,385.000,385.850,,1,60,60,Vd) Linia 3,IZ Poznań,false,true,true,false
19384,367,Zbąszynek,385.185,385.900,,4,60,60,Vd) Linia 3,IZ Poznań,false,true,true,false
19385,367,Gorzów Wlkp. Zieleniec - Gorzów Wlkp.,72.140,72.280,zaniżone parametry mostu,1,30,30,,IZ Poznań,false,true,true,true
19386,370,Zielona Góra Główna,153.854,154.694,,2,80,80,Vd) Linia 273,IZ Poznań,false,true,true,true
19387,370,Zielona Góra Główna - Nowogród Osiedle,2.685,2.700,zaniżone parametry obiektu,1,30,30,,IZ Poznań,false,true,true,true
19388,370,Zielona Góra Główna - Nowogród Osiedle,8.736,8.884,ograniczona widoczność na przejeździe,1,40,,,IZ Poznań,false,true,true,true
19389,370,Zielona Góra Główna - Nowogród Osiedle,14.495,14.880,ograniczona widoczność na przejeździe,1,40,,,IZ Poznań,false,true,true,true
19390,370,Zielona Góra Główna - Nowogród Osiedle,28.165,28.375,zaniżone parametry mostu,1,20,20,,IZ Poznań,false,true,true,true
19391,370,Zielona Góra Główna - Nowogród Osiedle,28.825,28.840,zaniżone parametry obiektu,1,20,20,,IZ Poznań,false,true,true,true
19392,370,Bieniów - Żary,41.252,41.637,ograniczona widoczność na przejeździe,1,70,,,IZ Poznań,false,true,true,true
19393,370,Bieniów - Żary,45.695,46.080,ograniczona widoczność na przejeździe,1,70,,,IZ Poznań,false,true,true,true
19394,370,Bieniów - Żary,45.928,46.465,ograniczona widoczność na przejazdach,1,,70,,IZ Poznań,false,true,true,true
19395,370,Bieniów - Żary,52.290,52.440,ograniczona widoczność na przejściu,1,50,,,IZ Poznań,false,true,true,true
19396,370,Bieniów - Żary,52.440,52.590,ograniczona widoczność na przejściu,1,,50,,IZ Poznań,false,true,true,true
19397,370,Żary,102.590,103.420,Zaniżone parametry toru,6,20,20,Linia 282,IZ Poznań,false,true,true,true
19398,375,Międzyrzecz - Toporów,0.843,0.853,brak widoczności na przejeździe z kierunku nieparzystego,1,20,,,IZ Poznań,false,true,true,true
19399,377,Gniezno Winiary,164.414,165.235,,1,40,40,Vd) Linia 281,IZ Poznań,false,true,true,false
19400,377,Gniezno Winiary - Sława Wlkp.,15.713,15.938,ograniczona widoczność na przejeździe,1,,40,,IZ Poznań,false,true,true,true
19401,377,Gniezno Winiary - Sława Wlkp.,21.645,21.800,ograniczona widoczność na przejeździe),1,,30,,IZ Poznań,false,true,true,true
19402,377,Gniezno Winiary - Sława Wlkp.,33.887,34.152,ograniczona widoczność na przejeździe,1,,40,,IZ Poznań,false,true,true,true
19403,377,Gniezno Winiary - Sława Wlkp.,36.537,36.762,ograniczona widoczność na przejeździe,1,,40,,IZ Poznań,false,true,true,true
19404,379,Sulechów,26.165,27.302,zaniżone parametry podkładów,3,20,20,Linia 358,IZ Poznań,false,true,true,false
19405,380,Jankowa Żagańska - Przewóz,1.773,1.779,"obsługa przejazdu przez drużynę pociągową,",1,,,"zatrzymać się przed przejazdem, wstrzymać ruch drogowy sygnałem D7, jazda przez przejazd z zachowaniem ostrożności. Podawać sygnał ,,Baczność''",IZ Poznań,false,true,true,true
19406,380,Jankowa Żagańska - Przewóz,2.037,2.043,"obsługa przejazdu przez drużynę pociągową,",1,,,"zatrzymać się przed przejazdem, wstrzymać ruch drogowy sygnałem D7, jazda przez przejazd z zachowaniem ostrożności. Podawać sygnał ,,Baczność''",IZ Poznań,false,true,true,true
19407,390,Bzowo Goraj,0.570,0.740,ograniczona widoczność na przejeździe,1,30,,,IZ Poznań,false,true,true,true
19408,390,Bzowo Goraj - Czarnków,0.730,0.900,ograniczona widoczność na przejeździe,1,,30,,IZ Poznań,false,true,true,true
19409,390,Bzowo Goraj - Czarnków,2.042,2.265,ograniczona widoczność na przejeździe,1,40,,,IZ Poznań,false,true,true,true
19410,390,Bzowo Goraj - Czarnków,2.259,2.482,ograniczona widoczność na przejeździe,1,,40,,IZ Poznań,false,true,true,true
19411,390,Bzowo Goraj - Czarnków,3.085,3.310,ograniczona widoczność na przejeździe,1,40,,,IZ Poznań,false,true,true,true
19412,390,Bzowo Goraj - Czarnków,3.300,3.415,brak widoczności na przejeździe,1,,20,,IZ Poznań,false,true,true,true
19413,390,Bzowo Goraj - Czarnków,5.812,6.038,ograniczona widoczność na przejeździe,1,40,,,IZ Poznań,false,true,true,true
19414,394,Poznań Krzesiny,191.330,192.320,,2,120,120,Vd) Linia 272,IZ Poznań,false,true,true,false
19415,394,Poznań Krzesiny,191.543,192.410,,1,120,120,Vd) Linia 272,IZ Poznań,false,true,true,false
19416,394,Poznań Franowo PFC,4.200,4.290,tymczasowe zabezpieczenie rozjazdów,320,40,40,*),IZ Poznań,false,true,false,true
19417,394,Poznań Franowo PFB,5.950,6.000,tymczasowe zabezpieczenie rozjazdów,"250, 320",40,40,*),IZ Poznań,false,true,false,true
19418,394,Poznań Franowo PFA,4.392,5.366,,126,60,60,Vd) Linia 352,IZ Poznań,false,true,true,false
19419,394,Poznań Franowo PFA,4.434,5.392,,123,60,60,Vd) Linia 352,IZ Poznań,false,true,true,false
19420,394,Poznań Franowo PFA - Stary Młyn podg,9.330,9.726,ograniczona widoczność na przejeździe,2,70,,,IZ Poznań,false,true,true,true
19421,394,Poznań Franowo PFA - Stary Młyn podg,9.726,10.120,ograniczona widoczność na przejeździe,2,,70,,IZ Poznań,false,true,true,true
19422,395,Koziegłowy - Poznań Piątkowo,6.050,7.050,zaniżone parametry wiaduktu,"1, 2",30,30,*),IZ Poznań,false,true,false,true
19423,395,Poznań Piątkowo,-1.055,-0.102,,3,40,40,Vd) Linia 803,IZ Poznań,false,true,true,false
19424,395,Poznań Piątkowo - Kiekrz,15.360,15.425,zaniżone parametry wiaduktu,"1, 2",20,20,*),IZ Poznań,false,true,false,true
19425,395,Kiekrz,12.136,12.700,,1,140,140,Vd) Linia 351,IZ Poznań,false,true,true,false
19426,395,Kiekrz,12.174,12.700,,2,140,140,Vd) Linia 351,IZ Poznań,false,true,true,false
19427,395,Kiekrz,12.700,13.400,,"1, 2",150,150,Vd) Linia 351,IZ Poznań,false,true,true,false
19428,430,,221.799,221.805,brak widoczności na przejeździe,1,,20,,IZ Poznań,false,true,true,true
19429,430,,221.944,221.950,brak widoczności na przejeździe,1,20,,Nowe!,IZ Poznań,true,true,true,true
19430,430,,224.905,224.925,zaniżone parametry obiektu mostowego,1,30,30,,IZ Poznań,false,true,true,true
19431,430,,227.803,227.809,brak widoczności na przejeździe,1,,20,,IZ Poznań,false,true,true,true
19432,430,,233.658,233.988,ograniczona widoczność na przejeździe,1,,40,,IZ Poznań,false,true,true,true
19433,642,Paczkowo CLIP,0.841,1.041,brak wymaganej długości drogi ochronnej,"621, 622",20,,,IZ Poznań,false,true,true,true
19434,801,Poznań Górczyn,309.215,309.600,,2,90,90,Vd) Linia 3,IZ Poznań,false,true,true,true
19435,801,Poznań Górczyn,309.400,309.600,,1,90,90,Vd) Linia 3,IZ Poznań,false,true,true,true
19436,801,Poznań Górczyn,309.600,310.300,,"1, 2",140,140,Vd) Linia 3,IZ Poznań,false,true,true,true
19437,802,Luboń k/Poznania,157.382,158.169,,1,120,,Vd) Linia 271; poc. towarowe,IZ Poznań,false,false,true,false
19438,802,Luboń k/Poznania,157.382,158.169,,1,160,,"Vd) Linia 271; poc. pas., szynobusy",IZ Poznań,false,true,true,false
19439,802,Luboń k/Poznania,157.460,158.169,,2,160,,"Vd) Linia 271; poc. pas., szynobusy",IZ Poznań,false,true,true,false
19440,802,Luboń k/Poznania,157.460,158.169,,2,120,,Vd) Linia 271; poc. towarowe,IZ Poznań,false,false,true,false
19441,802,Luboń k/Poznania,157.550,158.320,,1,,160,"Vd) Linia 271; poc. pas., szynobusy",IZ Poznań,false,true,true,false
19442,802,Luboń k/Poznania,157.550,158.320,,1,,120,Vd) Linia 271; poc. towarowe,IZ Poznań,false,false,true,false
19443,802,Luboń k/Poznania,157.550,158.215,,2,,120,Vd) Linia 271; poc. towarowe,IZ Poznań,false,false,true,false
19444,802,Luboń k/Poznania,157.550,158.215,,2,,160,"Vd) Linia 271; poc. pas., szynobusy",IZ Poznań,false,true,true,false
19445,803,Poznań Piątkowo,13.600,14.390,,2,90,90,"Vd) Linia 395; poc. pas., szynobusy",IZ Poznań,false,true,true,false
19446,803,Poznań Piątkowo,13.600,14.390,,2,60,60,Vd) Linia 395; poc. towarowe,IZ Poznań,false,false,true,false
19447,803,Poznań Piątkowo,13.630,14.430,,1,60,60,Vd) Linia 395; poc. towarowe,IZ Poznań,false,false,true,false
19448,803,Poznań Piątkowo,13.630,14.430,,1,90,90,"Vd) Linia 395; poc. pas., szynobusy",IZ Poznań,false,true,true,false
19449,803,Poznań Piątkowo - Suchy Las podg,0.210,0.470,ograniczona widoczność semafora X,1,,30,*),IZ Poznań,false,true,false,true
19450,805,Swarzędz,291.115,292.010,,1,140,140,Vd) Linia 3,IZ Poznań,false,true,true,false
19451,805,Swarzędz,291.210,292.115,,2,140,140,Vd) Linia 3,IZ Poznań,false,true,true,false
19452,805,Swarzędz,-0.430,0.380,,6,100,,Vd) Linia 352,IZ Poznań,false,true,true,false
19453,805,Swarzędz,-0.373,0.344,,6,,100,Vd) Linia 352,IZ Poznań,false,true,true,false
19454,807,Września,135.608,136.466,,1,80,80,Vd) Linia 281,IZ Poznań,false,true,true,false
19455,807,Września,135.680,136.399,,2,80,80,Vd) Linia 281,IZ Poznań,false,true,true,false
19456,807,Września,-0.838,0.005,,7A,50,50,Vd) Linia 808,IZ Poznań,false,true,true,false
19457,807,Września,-0.838,-0.087,,5A,50,50,Vd) Linia 808,IZ Poznań,false,true,true,false
19458,808,Września,135.608,136.466,,1,80,80,Vd) Linia 281,IZ Poznań,false,true,true,false
19459,808,Września,135.680,136.399,,2,80,80,Vd) Linia 281,IZ Poznań,false,true,true,false
19460,812,Kępno,103.115,103.135,zaniżone parametry toru,3,20,20,Linia 181,IZ Poznań,false,true,true,false
19461,812,Kępno - Hanulin,1.270,1.470,ograniczona widoczność na przejeździe,1,40,,,IZ Poznań,false,true,true,true
19462,812,Kępno - Hanulin,1.470,1.670,ograniczona widoczność na przejeździe,1,,40,,IZ Poznań,false,true,true,true
19463,814,Kępno,103.115,103.135,zaniżone parametry toru,3,20,20,Linia 181,IZ Poznań,false,true,true,false
19464,815,Krotoszyn,63.860,64.250,zaniżone parametry podkładów,12,20,20,Linia 281,IZ Poznań,false,true,true,false
19465,815,Krotoszyn,63.844,63.890,,2,40,,Vd) Linia 281,IZ Poznań,false,true,true,false
19466,815,Krotoszyn,63.890,64.475,,2,60,,"Vd) Linia 281; poc. pas., szynobusy",IZ Poznań,false,true,true,false
19467,815,Krotoszyn,63.890,64.475,,2,50,,Vd) Linia 281; poc. towarowe,IZ Poznań,false,false,true,false
19468,816,Krotoszyn,63.860,64.250,zaniżone parametry podkładów,12,20,20,Linia 281,IZ Poznań,false,true,true,false
19469,816,Krotoszyn,63.844,63.890,,2,40,,Vd) Linia 281,IZ Poznań,false,true,true,false
19470,816,Krotoszyn,63.890,64.475,,2,60,,"Vd) Linia 281; poc. pas., szynobusy",IZ Poznań,false,true,true,false
19471,816,Krotoszyn,63.890,64.475,,2,50,,Vd) Linia 281; poc. towarowe,IZ Poznań,false,false,true,false
19472,816,Krotoszyn,1.882,2.518,,1,,40,Vd) Linia 815,IZ Poznań,false,true,true,false
19473,821,Jerzmanice Lubuskie,216.640,217.828,zaniżone parametry techniczne rozjazdu i brak stabilizatorów iglic,1,,,Linia 273,IZ Poznań,false,true,true,true
19474,821,Jerzmanice Lubuskie,216.680,217.787,,2,,,,IZ Poznań,false,true,true,true
19475,821,Rzepin,461.162,461.723,zaniżone parametry podkładów,14,20,20,Linia 3,IZ Poznań,false,true,true,false
19476,822,Rzepin,461.162,461.723,zaniżone parametry podkładów,14,20,20,Linia 3,IZ Poznań,false,true,true,false
19477,18,,229.000,229.200,osłabienie stabilności podtorza,"1, 2",50,50,czynne osuwisko,IZ Szczecin,false,true,true,true
19478,18,Kaczory,235.831,236.360,ograniczona widoczność czoła pociągu na przejeździe,1,,80,,IZ Szczecin,false,true,true,true
19479,18,Kaczory - Piła Główna,243.247,243.257,wyłączone urządzenia SSP,"1, 2",20,20,*),IZ Szczecin,false,true,false,true
19480,18,Piła Główna,91.911,91.953,,8,,,,IZ Szczecin,false,true,true,true
19481,202,Koszalin,198.633,198.666,układ geometryczny rozjazdu,1,100,100,Rkpd 42,IZ Szczecin,false,true,true,true
19482,202,Białogard,222.174,222.207,układ geometryczny rozjazdu,1,100,100,Rkpd 14,IZ Szczecin,false,true,true,true
19483,202,Białogard,222.933,222.966,układ geometryczny rozjazdu,2,100,100,Rkpd 54,IZ Szczecin,false,true,true,true
19484,202,Runowo Pomorskie,288.283,288.316,układ geometryczny rozjazdu,1,100,100,Rkpd 13,IZ Szczecin,false,true,true,true
19485,202,Ulikowo - Stargard,331.295,331.895,ograniczona widoczność czoła pociągu na przejeździe,1,,90,,IZ Szczecin,false,true,true,true
19486,202,Ulikowo - Stargard,172.480,,,1,,,,IZ Szczecin,false,true,true,true
19487,202,Ulikowo - Stargard,173.728,,,2,,,,IZ Szczecin,false,true,true,true
19488,210,Czarne - Szczecinek,57.100,59.900,pogorszenie stanu elementów toru,1,40,40,,IZ Szczecin,false,true,true,true
19489,210,Łubowo - Czaplinek,91.000,92.600,pogorszenie stanu elementów toru,1,50,50,,IZ Szczecin,false,true,true,true
19490,210,Złocieniec - Jankowo Pomorskie,114.347,115.205,brak wymaganej odległości czujników uruchamiających SSP,1,80,,,IZ Szczecin,false,true,true,true
19491,210,Złocieniec - Jankowo Pomorskie,120.100,126.600,pogorszenie stanu elementów toru,2,60,60,,IZ Szczecin,false,true,true,true
19492,210,Jankowo Pomorskie,129.944,129.978,układ geometryczny rozjazdu,2,100,100,Rkpd nr 2,IZ Szczecin,false,true,true,true
19493,210,Runowo Pomorskie,288.283,288.316,,1,,,,IZ Szczecin,false,true,true,true
19494,273,Gryfino,333.819,333.851,układ geometryczny rozjazdu,2,100,100,Rkpd nr 9,IZ Szczecin,false,true,true,true
19495,273,Daleszewo - Szczecin Podjuchy,341.435,342.235,przekroczone pochylenie drogi na dojeździe do przejazdu,"1, 2",90,,,IZ Szczecin,false,true,true,true
19496,273,Daleszewo - Szczecin Podjuchy,342.225,342.500,ograniczona widoczność czoła pociągu na przejeździe,"1, 2",,40,*),IZ Szczecin,false,true,false,true
19497,273,Szczecin Port Centralny - Szczecin Główny,355.343,355.743,ograniczona widoczność sygnalizatora,2,,30,*) semafor wjazdowy W2,IZ Szczecin,false,true,false,true
19498,351,Szczecin Dąbie,-0.570,0.670,,4,40,40,Vd) Linia 428,IZ Szczecin,false,true,true,false
19499,351,Szczecin Dąbie - Szczecin Zdroje podg,201.130,201.293,ograniczona widoczność sygnalizatora,1,60,,*) semafor D,IZ Szczecin,false,true,false,true
19500,354,Piła Główna,91.911,91.953,brak wymaganego uzależnienia urządzeń srk,8,40,40,*) brak kontrolera położenia iglic Rz. Nr 970,IZ Szczecin,false,true,false,true
19501,374,Mirosław Ujski - Piła Główna,34.528,34.568,obsługa przejazdu kolejowo- drogowego przez drużynę pociągową,1,,,*),IZ Szczecin,false,true,false,true
19502,374,Mirosław Ujski - Piła Główna,39.036,39.066,obsługa przejazdu kolejowo- drogowego przez drużynę pociągową,1,,,*),IZ Szczecin,false,true,false,true
19503,401,Rurka - Goleniów,19.173,19.177,tymczasowe przejście,"1, 2",50,50,*),IZ Szczecin,false,true,false,true
19504,401,Lubiewo,89.716,89.726,tymczasowy przejazd kolejowo- drogowy,"1, 2",,,*) kat. F,IZ Szczecin,false,true,false,true
19505,402,Mścice - Ustronie Morskie,11.300,11.575,ograniczona widoczność czoła pociągu na przejeździe,1,,50,,IZ Szczecin,false,true,true,true
19506,402,Mścice - Ustronie Morskie,28.015,28.351,ograniczona widoczność czoła pociągu na przejeździe,1,60,,,IZ Szczecin,false,true,true,true
19507,402,Kołobrzeg - Trzebiatów,53.150,53.535,ograniczona widoczność czoła pociągu na przejeździe,1,,40,*),IZ Szczecin,false,true,false,true
19508,402,Kołobrzeg - Trzebiatów,56.874,57.204,ograniczona widoczność czoła pociągu na przejeździe,1,,60,,IZ Szczecin,false,true,true,true
19509,402,Kołobrzeg - Trzebiatów,64.450,66.270,pogorszenie stanu elementów toru,1,70,70,,IZ Szczecin,false,true,true,true
19510,402,Płoty - Nowogard,99.571,99.791,ograniczona widoczność czoła pociągu na przejeździe,1,40,,*),IZ Szczecin,false,true,false,true
19511,402,Płoty - Nowogard,99.791,100.011,ograniczona widoczność czoła pociągu na przejeździe,1,,40,*),IZ Szczecin,false,true,false,true
19512,402,Płoty - Nowogard,112.687,113.078,ograniczona widoczność czoła pociągu na przejeździe,1,,70,,IZ Szczecin,false,true,true,true
19513,402,Płoty - Nowogard,116.531,116.748,ograniczona widoczność czoła pociągu na przejeździe,1,,40,*),IZ Szczecin,false,true,false,true
19514,402,Nowogard,117.595,117.810,ograniczona widoczność czoła pociągu na przejeździe,1,,40,*),IZ Szczecin,false,true,false,true
19515,402,Mosty,135.898,,"wskaźnik W 6b nie dotyczy jazdy linią nr 402, dotyczy przejazdu kat. F na linii 434 w km. 0,538",1,,,*) dotyczy jazdy w kierunku parzystym,IZ Szczecin,false,true,false,true
19516,402,Mosty - Goleniów,140.317,140.650,ograniczona widoczność czoła pociągu na przejeździe,1,,60,,IZ Szczecin,false,true,true,true
19517,403,Piła Północ podg - Wałcz,3.954,4.229,ograniczona widoczność czoła pociągu na przejeździe,1,,50,*),IZ Szczecin,false,true,false,true
19518,403,Piła Północ podg - Wałcz,4.961,4.967,brak widoczności czoła pociągu na przejeździe,1,20,20,,IZ Szczecin,false,true,true,true
19519,403,Piła Północ podg - Wałcz,7.604,7.749,ograniczona widoczność czoła pociągu na przejeździe,1,40,,,IZ Szczecin,false,true,true,true
19520,403,Piła Północ podg - Wałcz,7.749,8.024,ograniczona widoczność czoła pociągu na przejeździe,1,,50,,IZ Szczecin,false,true,true,true
19521,403,Piła Północ podg - Wałcz,8.435,8.710,ograniczona widoczność czoła pociągu na przejeździe,1,,50,,IZ Szczecin,false,true,true,true
19522,403,Piła Północ podg - Wałcz,8.551,8.881,ograniczona widoczność czoła pociągu na przejeździe,1,60,,,IZ Szczecin,false,true,true,true
19523,403,Piła Północ podg - Wałcz,11.789,12.009,ograniczona widoczność czoła pociągu na przejeździe,1,,40,,IZ Szczecin,false,true,true,true
19524,403,Wałcz - Kalisz Pomorski,27.562,27.957,ograniczona widoczność czoła pociągu na przejeździe,1,,70,,IZ Szczecin,false,true,true,true
19525,403,Wałcz - Kalisz Pomorski,32.164,32.559,ograniczona widoczność czoła pociągu na przejeździe,1,70,,,IZ Szczecin,false,true,true,true
19526,403,Wałcz - Kalisz Pomorski,36.226,36.724,ograniczona widoczność czoła pociągu na przejeździe,1,90,,*) Nowe!,IZ Szczecin,true,true,false,true
19527,403,Wałcz - Kalisz Pomorski,36.718,37.274,ograniczona widoczność czoła pociągu na przejeździe,1,,100,*) Nowe!,IZ Szczecin,true,true,false,true
19528,403,Wałcz - Kalisz Pomorski,40.109,40.610,ograniczona widoczność czoła pociągu na przejeździe,1,,90,*),IZ Szczecin,false,true,false,true
19529,403,Wałcz - Kalisz Pomorski,42.856,43.191,ograniczona widoczność pociągu na przejeździe,1,60,,*),IZ Szczecin,false,true,false,true
19530,403,Wałcz - Kalisz Pomorski,43.181,43.791,ograniczona widoczność czoła pociągu na przejeździe,1,,110,*) Nowe!,IZ Szczecin,true,true,false,true
19531,403,Wałcz - Kalisz Pomorski,44.952,45.340,ograniczona widoczność pociągu na przejeździe,1,,70,*),IZ Szczecin,false,true,false,true
19532,403,Wałcz - Kalisz Pomorski,45.682,45.763,nowo ułożony rozjazd,1,40,40,*) Nowe!,IZ Szczecin,true,true,false,true
19533,403,Wałcz - Kalisz Pomorski,45.763,46.450,pogorszenie stanu elementów toru,1,50,50,*) Nowe!,IZ Szczecin,true,true,false,true
19534,403,Wałcz - Kalisz Pomorski,46.450,46.540,nowo ułożony rozjazd,1,40,40,*) Nowe!,IZ Szczecin,true,true,false,true
19535,403,Wałcz - Kalisz Pomorski,50.345,50.816,ograniczona widoczność czoła pociągu na przejeździe,1,85,,*) Nowe!,IZ Szczecin,true,true,false,true
19536,403,Wałcz - Kalisz Pomorski,50.810,51.281,ograniczona widoczność czoła pociągu na przejeździe,1,,85,*) Nowe!,IZ Szczecin,true,true,false,true
19537,403,Wałcz - Kalisz Pomorski,53.586,54.057,ograniczona widoczność czoła pociągu na przejeździe,1,85,,*) Nowe!,IZ Szczecin,true,true,false,true
19538,403,Wałcz - Kalisz Pomorski,54.051,54.604,ograniczona widoczność czoła pociągu na przejeździe,1,,100,*) Nowe!,IZ Szczecin,true,true,false,true
19539,403,Wałcz - Kalisz Pomorski,55.250,57.000,pogorszenie stanu elementów toru i podtorza,1,70,70,*),IZ Szczecin,false,true,false,true
19540,403,Wałcz - Kalisz Pomorski,65.925,66.222,pogorszenie stanu elementów toru,1,50,50,,IZ Szczecin,false,true,true,true
19541,403,Kalisz Pomorski - Prostynia,69.011,69.396,ograniczona widoczność czoła pociągu na przejeździe,1,,70,,IZ Szczecin,false,true,true,true
19542,403,Kalisz Pomorski - Prostynia,69.232,69.617,ograniczona widoczność czoła pociągu na przejeździe,1,70,,,IZ Szczecin,false,true,true,true
19543,403,Kalisz Pomorski - Prostynia,70.650,71.350,pogorszenie stanu elementów toru,1,50,50,*),IZ Szczecin,false,true,false,true
19544,403,Kalisz Pomorski - Prostynia,74.429,74.879,ograniczona widoczność czoła pociągu na przejeździe,1,,80,,IZ Szczecin,false,true,true,true
19545,403,Prostynia - Recz Pomorski,88.860,90.800,pogorszenie stanu elementów toru,1,50,50,,IZ Szczecin,false,true,true,true
19546,403,Recz Pomorski - Tarnowo Pomorskie,93.264,93.714,ograniczona widoczność czoła pociągu na przejeździe,1,80,,,IZ Szczecin,false,true,true,true
19547,403,Recz Pomorski - Tarnowo Pomorskie,99.200,99.640,ograniczona widoczność czoła pociągu na przejeździe,1,80,,,IZ Szczecin,false,true,true,true
19548,403,Recz Pomorski - Tarnowo Pomorskie,99.640,100.180,ograniczona widoczność czoła pociągu na przejeździe,1,,80,,IZ Szczecin,false,true,true,true
19549,403,Tarnowo Pomorskie - Ulikowo,119.288,119.405,pogorszenie stanu elementów toru,1,40,40,,IZ Szczecin,false,true,true,true
19550,403,Tarnowo Pomorskie - Ulikowo,123.250,123.700,ograniczona widoczność czoła pociągu na przejeździe,1,80,,,IZ Szczecin,false,true,true,true
19551,403,Tarnowo Pomorskie - Ulikowo,123.649,123.963,pogorszenie stanu elementów toru,1,30,30,*),IZ Szczecin,false,true,false,true
19552,404,Iwin - Grzmiąca,25.724,26.559,brak wymaganej odległości czujników uruchamiających SSP,1,,90,,IZ Szczecin,false,true,true,true
19553,404,Wielanowo - Tychowo,41.713,42.153,ograniczona widoczność czoła pociągu na przejeździe,1,,80,,IZ Szczecin,false,true,true,true
19554,404,Białogard,222.174,222.207,układ geometryczny rozjazdu,1,,,Linia 202; Rkpd 54,IZ Szczecin,false,true,true,true
19555,404,Białogard,222.933,222.966,,2,,,,IZ Szczecin,false,true,true,true
19556,404,Karlino,72.250,72.603,brak wymaganej odległości czujników uruchamiających SSP,1,90,,,IZ Szczecin,false,true,true,true
19557,404,Karlino - Wrzosowo,72.603,73.026,brak wymaganej odległości czujników uruchamiających SSP,1,90,,,IZ Szczecin,false,true,true,true
19558,405,Stara Łubianka - Płytnica,15.960,16.300,ograniczona widoczność czoła pociągu na przejeździe,1,60,,,IZ Szczecin,false,true,true,true
19559,405,Stara Łubianka - Płytnica,16.300,16.630,ograniczona widoczność czoła pociągu na przejeździe,1,,60,,IZ Szczecin,false,true,true,true
19560,405,Jastrowie - Okonek,43.710,44.050,ograniczona widoczność czoła pociągu na przejeździe,1,,60,,IZ Szczecin,false,true,true,true
19561,405,Turowo Pomorskie - Szczecinek,67.650,68.100,pogorszenie stan podtorza,1,50,50,*),IZ Szczecin,false,true,false,true
19562,405,Turowo Pomorskie - Szczecinek,68.100,70.200,pogorszenie stanu elementów toru,1,70,70,*),IZ Szczecin,false,true,false,true
19563,406,,16.300,16.845,pogorszenie stanu elementów toru,1,30,30,,IZ Szczecin,false,true,true,true
19564,410,Grotniki Drawskie - Złocieniec,62.216,62.442,ograniczona widoczność czoła pociągu na przejeździe,1,,40,,IZ Szczecin,false,true,true,true
19565,410,Grotniki Drawskie - Złocieniec,62.560,62.570,brak widoczności czoła pociągu na przejeździe,1,20,20,,IZ Szczecin,false,true,true,true
19566,410,Grotniki Drawskie - Złocieniec,63.176,63.454,ograniczona widoczność czoła pociągu na przejeździe,1,,50,,IZ Szczecin,false,true,true,true
19567,410,Grotniki Drawskie - Złocieniec,63.745,63.968,ograniczona widoczność czoła pociągu na przejeździe,1,40,,,IZ Szczecin,false,true,true,true
19568,410,Grotniki Drawskie - Złocieniec,63.962,64.185,ograniczona widoczność czoła pociągu na przejeździe,1,,40,,IZ Szczecin,false,true,true,true
19569,410,Złocieniec - Kalisz Pomorski,86.537,86.762,ograniczona widoczność czoła pociągu na przejeździe,1,40,,,IZ Szczecin,false,true,true,true
19570,410,Złocieniec - Kalisz Pomorski,87.631,87.796,ograniczona widoczność czoła pociągu na przejeździe,1,30,,,IZ Szczecin,false,true,true,true
19571,410,Złocieniec - Kalisz Pomorski,87.786,88.011,ograniczona widoczność czoła pociągu na przejeździe,1,,40,,IZ Szczecin,false,true,true,true
19572,410,Złocieniec - Kalisz Pomorski,87.899,88.124,ograniczona widoczność czoła pociągu na przejeździe,1,40,,,IZ Szczecin,false,true,true,true
19573,410,Złocieniec - Kalisz Pomorski,91.222,91.447,ograniczona widoczność czoła pociągu na przejeździe,1,40,,*),IZ Szczecin,false,true,false,true
19574,410,Złocieniec - Kalisz Pomorski,91.438,91.717,ograniczona widoczność czoła pociągu na przejeździe,1,,50,*),IZ Szczecin,false,true,false,true
19575,410,Złocieniec - Kalisz Pomorski,93.481,93.606,ograniczona widoczność czoła pociągu na przejeździe,1,40,,,IZ Szczecin,false,true,true,true
19576,410,Złocieniec - Kalisz Pomorski,103.750,103.760,brak widoczności czoła pociągu na przejeździe,1,20,20,*),IZ Szczecin,false,true,false,true
19577,410,Złocieniec - Kalisz Pomorski,105.111,105.236,ograniczona widoczność czoła pociągu na przejeździe,1,40,,,IZ Szczecin,false,true,true,true
19578,410,Złocieniec - Kalisz Pomorski,105.232,105.357,ograniczona widoczność czoła pociągu na przejeździe,1,,40,,IZ Szczecin,false,true,true,true
19579,410,Kalisz Pomorski - Choszczno,109.237,109.362,ograniczona widoczność czoła pociągu na przejeździe,1,40,,,IZ Szczecin,false,true,true,true
19580,410,Kalisz Pomorski - Choszczno,113.128,113.253,ograniczona widoczność czoła pociągu na przejeździe,1,50,,,IZ Szczecin,false,true,true,true
19581,410,Kalisz Pomorski - Choszczno,113.247,113.580,ograniczona widoczność czoła pociągu na przejeździe,1,,60,,IZ Szczecin,false,true,true,true
19582,410,Kalisz Pomorski - Choszczno,116.616,116.626,brak widoczności czoła pociągu na przejeździe,1,20,20,,IZ Szczecin,false,true,true,true
19583,413,Człuchów - Przechlewo,2.308,2.350,obsługa przejazdu kolejowo- drogowego przez drużynę pociągową,1,,,*),IZ Szczecin,false,true,false,true
19584,418,Sławno - Darłowo,21.692,21.702,brak widoczności czoła pociągu na przejeździe,1,20,20,,IZ Szczecin,false,true,true,true
19585,418,Sławno - Darłowo,28.673,28.683,brak widoczności czoła pociągu na przejeździe,1,20,20,,IZ Szczecin,false,true,true,true
19586,418,Sławno - Darłowo,34.175,34.500,brak wymaganej drogi hamowania od TOP do przejazdu kolejowo- drogowego,1,,40,,IZ Szczecin,false,true,true,true
19587,418,Darłowo,34.500,34.562,brak wymaganej drogi hamowania od TOP do przejazdu kolejowo- drogowego,1,,20,,IZ Szczecin,false,true,true,true
19588,427,Mścice - Mielno,2.919,2.931,brak widoczności czoła pociągu na przejeździe,1,20,20,*),IZ Szczecin,false,true,false,true
19589,427,Mścice - Mielno,3.457,3.507,brak widoczności czoła pociągu na przejeździe,1,20,20,*),IZ Szczecin,false,true,false,true
19590,427,Mścice - Mielno,3.775,3.995,ograniczona widoczność czoła pociągu na przejeździe,1,40,,*),IZ Szczecin,false,true,false,true
19591,427,Mścice - Mielno,3.995,4.215,ograniczona widoczność czoła pociągu na przejeździe,1,,40,*),IZ Szczecin,false,true,false,true
19592,428,Szczecin Dąbie,198.000,199.121,,1,80,80,Vd) Linia 351; poc. towarowe,IZ Szczecin,false,false,true,false
19593,428,Szczecin Dąbie,198.000,199.121,,1,100,100,"Vd) Linia 351; poc.pas., szynobusy",IZ Szczecin,false,true,true,false
19594,428,Szczecin Dąbie,198.000,199.167,,2,80,80,Vd) Linia 351; poc. towarowe,IZ Szczecin,false,false,true,false
19595,428,Szczecin Dąbie,198.000,199.167,,2,100,100,"Vd) Linia 351; poc.pas., szynobusy",IZ Szczecin,false,true,true,false
19596,428,Szczecin Zdroje podg - Szczecin Podjuchy,5.695,5.705,brak widoczności czoła pociągu na przejeździe,1,,20,,IZ Szczecin,false,true,true,true
19597,431,Police Chemia,4.100,,pogorszenie stanu rozjazdu,1,20,20,*) Rz. Nr 100,IZ Szczecin,false,true,false,true
19598,431,Police Chemia,4.800,5.550,pogorszenie stanu elementów toru,"108, 110",10,10,*),IZ Szczecin,false,true,false,true
19599,851,Szczecin Wstowo podg - Szczecin Gumieńce,0.200,1.100,pogorszenie stanu elementów toru,1,30,30,,IZ Szczecin,false,true,true,true
19600,996,Lubiewo,1.250,1.260,tymczasowy przejazd kolejowo- drogowy,3,,,*) kat. F,IZ Szczecin,false,true,false,true
19601,996,Lubiewo - Świnoujście SiA,3.568,3.578,tymczasowy przejazd kolejowo- drogowy,3,,,*) kat. F,IZ Szczecin,false,true,false,true