id,line_number,line_name,contractor,location_description,track_number,start_km,end_km,work_description,closure_days,closure_hours_per_day,total_closure_hours,speed_limit_adjacent_track,speed_limit_after_work,operation_mode,date_from,date_to,source_file
1413,1,"WARSZAWA
ZACHODNIA -
KATOWICE",IRR4/4,Będzin - Sosnowiec Główny,"1,2",306.150,308.500,domknięcia technologiczne,190,4,760,60,80,przerwa w ruchu,2025-07-06,2026-02-11,I_korekta_SHZT_2024_2025
1414,1,"WARSZAWA
ZACHODNIA -
KATOWICE",IRR4/4,st. Sosnowiec Główny,"1,2,3,5,7,9,
11,13",308.400,309.800,modernizacja,140,24,3360,60,80,"ruch po torach czynnych
w stacji",2025-06-07,2025-10-24,I_korekta_SHZT_2024_2025
1415,1,"WARSZAWA
ZACHODNIA -
KATOWICE",IRR4/4,st. Sosnowiec Główny,"1,2,3,5,7,9,11,
13",308.400,309.800,modernizacja,50,24,1200,60,80,"ruch po torach czynnych
w stacji",2025-10-25,2026-07-11,I_korekta_SHZT_2024_2025
1416,1,"WARSZAWA
ZACHODNIA -
KATOWICE",IRR4/4,"Sosnowiec Główny - Katowice
Zawodzie",2,310.900,312.200,modernizacja,80,24,1920,60,80,"ruch jednotorowy
dwukierunkowy po torze
czynnym",2025-08-06,2025-10-24,I_korekta_SHZT_2024_2025
1417,1,"WARSZAWA
ZACHODNIA -
KATOWICE",IRR4/4,"Sosnowiec Główny - Katowice
Zawodzie",1,310.900,312.200,domknięcia technologiczne,80,4,320,60,80,przerwa w ruchu,2025-08-06,2025-10-24,I_korekta_SHZT_2024_2025
1418,1,"WARSZAWA
ZACHODNIA -
KATOWICE",IRR4/4,"Sosnowiec Główny - Katowice
Zawodzie","1,2",310.900,312.200,modernizacja,49,24,1176,60,80,"przerwa w ruchu
Jazda po torze 6 LK 660",2025-10-25,2026-07-11,I_korekta_SHZT_2024_2025
1419,1,"WARSZAWA
ZACHODNIA -
KATOWICE",IRR4/4,st. Katowice,6,317.023,318.686,modernizacja,183,24,4392,40,120,"ruch po torach czynnych
w stacji",2025-06-03,2025-12-02,I_korekta_SHZT_2024_2025
1420,1,"WARSZAWA
ZACHODNIA -
KATOWICE",IRR4/4,st. Katowice,"13,13a",317.023,318.686,modernizacja,11,24,264,40,120,"ruch po torach czynnych
w stacji",2025-12-03,2026-01-30,I_korekta_SHZT_2024_2025
1421,1,"WARSZAWA
ZACHODNIA -
KATOWICE",IRR4/4,st. Katowice,15a,317.023,318.686,modernizacja,11,24,264,40,100,"ruch po torach czynnych
w stacji",2025-12-03,2026-06-29,I_korekta_SHZT_2024_2025
1422,1,"WARSZAWA
ZACHODNIA -
KATOWICE",IRR4/4,st. Katowice,17,317.023,318.686,modernizacja,11,24,264,40,100,"ruch po torach czynnych
w stacji",2025-12-03,2026-06-29,I_korekta_SHZT_2024_2025
1423,1,"WARSZAWA
ZACHODNIA -
KATOWICE",IRR4/4,st. Katowice,8,317.023,318.686,modernizacja,11,24,264,40,60,"ruch po torach czynnych
w stacji",2025-12-03,2026-03-31,I_korekta_SHZT_2024_2025
1424,2,"WARSZAWA
ZACHODNIA -
TERESPOL",IRR1/11,"Warszawa Zachodnia -
Warszawa Centralna","1, 2",-2.620,-0.300,"Modernizacja linii kolejowych i
stacji kolejowych",184,24,4416,,"bez
ograniczenia",przerwa w ruchu,2025-06-13,2027-06-13,I_korekta_SHZT_2024_2025
1425,2,"WARSZAWA
ZACHODNIA -
TERESPOL",IRR1/11,st. Warszawa Centralna,"1, 2, 3, 4, 5, 6,
7, 8",-0.300,0.200,"Modernizacja linii kolejowych i
stacji kolejowych",184,24,4416,,"bez
ograniczenia","ruch po torach czynnych
w stacji",2025-06-13,2027-06-13,I_korekta_SHZT_2024_2025
1426,2,"WARSZAWA
ZACHODNIA -
TERESPOL",IRR1/11,"Warszawa Centralna -
Warszawa Wschodnia","1, 2",0.200,3.690,"Modernizacja linii kolejowych i
stacji kolejowych",184,24,4416,,"bez
ograniczenia",przerwa w ruchu,2025-06-13,2027-06-13,I_korekta_SHZT_2024_2025
1427,2,"WARSZAWA
ZACHODNIA -
TERESPOL",IRR1/11,st. Warszawa Wschodnia,"1, 1a, 3, 3a, 4,
4a, 4b, 4c, 51,
52, 53, 54, 6,
8, 10, 12, 1T,
2s, 5a, 5b, 40,
41, 44, 61, 63,
81",3.690,4.516,"Modernizacja linii kolejowych i
stacji kolejowych",184,24,4416,,"bez
ograniczenia","ruch po torach czynnych
w stacji",2025-06-13,2027-06-13,I_korekta_SHZT_2024_2025
1428,2,"WARSZAWA
ZACHODNIA -
TERESPOL",IRR1/11,st. Warszawa Wschodnia,"74, 72, 70, 18,
16, 14",4.516,4.916,"Modernizacja linii kolejowych i
stacji kolejowych",184,24,4416,,"bez
ograniczenia","ruch po torach czynnych
w stacji",2025-06-13,2027-06-13,I_korekta_SHZT_2024_2025
1429,2,"WARSZAWA
ZACHODNIA -
TERESPOL",IRR1/11,"Warszawa Wschodnia -
Warszawa Podskarbińska","1M, 2M",4.516,6.435,"Modernizacja linii kolejowych i
stacji kolejowych",184,24,4416,20,"bez
ograniczenia",przerwa w ruchu,2025-06-13,2027-06-13,I_korekta_SHZT_2024_2025
1430,2,"WARSZAWA
ZACHODNIA -
TERESPOL",IRR1/11,"Warszawa Antoninów -
Warszawa Rembertów",1m,9.400,9.600,budowa wiaduktu,364,4,1456,50,"bez
ograniczenia","ruch jednotorowy
dwukierunkowy po torze
czynnym",2024-02-02,2026-02-01,I_korekta_SHZT_2024_2025
1431,2,"WARSZAWA
ZACHODNIA -
TERESPOL",IRR1/11,Warszawa Rembertów,2m,11.673,11.823,budowa tunelu,104,24,2496,50,"bez
ograniczenia","ruch po torach czynnych
w stacji",2025-09-01,2025-12-17,I_korekta_SHZT_2024_2025
1432,2,"WARSZAWA
ZACHODNIA -
TERESPOL",IRR1/5,Sokule - Biała Podlaska,"1,2",160.556,171.799,modernizacja,364,4,1456,,"bez
ograniczenia",przerwa w ruchu,2023-10-11,2028-10-10,I_korekta_SHZT_2024_2025
1433,2,"WARSZAWA
ZACHODNIA -
TERESPOL",IRR1/5,st. Biała Podlaska,"1,2",171.799,174.121,modernizacja,364,4,1456,,"bez
ograniczenia","ruch po torach czynnych
w stacji",2023-10-11,2028-10-10,I_korekta_SHZT_2024_2025
1434,2,"WARSZAWA
ZACHODNIA -
TERESPOL",IRR1/5,Biała Podlaska - Chotyłów,"1,2",174.121,188.019,modernizacja,364,4,1456,,"bez
ograniczenia",przerwa w ruchu,2023-10-11,2028-10-10,I_korekta_SHZT_2024_2025
1435,2,"WARSZAWA
ZACHODNIA -
TERESPOL",IRR1/5,Chotyłów - Małaszewicze,"1,2",190.330,198.490,modernizacja,364,4,1456,,"bez
ograniczenia",przerwa w ruchu,2023-10-11,2028-10-10,I_korekta_SHZT_2024_2025
1436,2,"WARSZAWA
ZACHODNIA -
TERESPOL",IRR1/5,"Magdalenka - Małaszewicze
Południowe","1,2",198.051,198.490,modernizacja,364,4,1456,,"bez
ograniczenia",przerwa w ruchu,2023-10-11,2028-10-10,I_korekta_SHZT_2024_2025
1437,2,"WARSZAWA
ZACHODNIA -
TERESPOL",IRR1/5,st. Małaszewicze,"1,2",198.490,200.118,modernizacja,364,4,1456,,"bez
ograniczenia","ruch po torach czynnych
w stacji",2023-10-11,2028-10-10,I_korekta_SHZT_2024_2025
1438,2,"WARSZAWA
ZACHODNIA -
TERESPOL",IRR1/5,Małaszewicze - Terespol,"1,2",200.118,207.502,modernizacja,364,4,1456,,"bez
ograniczenia",przerwa w ruchu,2023-10-11,2028-10-10,I_korekta_SHZT_2024_2025
1439,2,"WARSZAWA
ZACHODNIA -
TERESPOL",IRR1/5,st. Terespol,"1,2",207.502,210.300,modernizacja,364,4,1456,,"bez
ograniczenia","ruch po torach czynnych
w stacji",2023-10-11,2028-10-10,I_korekta_SHZT_2024_2025
1440,3,"WARSZAWA
ZACHODNIA -
KUNOWICE",IRR1/1,Teresin,2,41.730,41.750,budowa wiaduktu kolejowego,186,4,744,40,"bez
ograniczenia","ruch po torach czynnych
w stacji",2025-06-11,2025-12-13,I_korekta_SHZT_2024_2025
1441,3,"WARSZAWA
ZACHODNIA -
KUNOWICE",IRR5/7,Poznań Wchód - Swarzędz,2,292.400,298.500,remont,90,24,2160,50,"telefoniczne
zapowiadanie
pociągów","ruch jednotorowy
dwukierunkowy po torze
czynnym",2025-09-15,2026-01-04,I_korekta_SHZT_2024_2025
1442,3,"WARSZAWA
ZACHODNIA -
KUNOWICE",IRR5/7,"Nowy Tomyśl (głowica Rz od
strony Pń)","1,3",360.953,362.562,prace nawierzchniowe,6,24,144,60,"bez
ograniczenia","ruch po torach czynnych
w stacji",2025-11-17,2025-11-22,I_korekta_SHZT_2024_2025
1443,3,"WARSZAWA
ZACHODNIA -
KUNOWICE",IRR5/7,"Nowy Tomyśl (głowica Rz od
strony Zbk)","1,3",360.953,362.562,prace nawierzchniowe,18,24,432,60,"bez
ograniczenia","ruch po torach czynnych
w stacji",2025-11-22,2025-12-22,I_korekta_SHZT_2024_2025
1444,3,"WARSZAWA
ZACHODNIA -
KUNOWICE",IRR5/7,"Opalenica (głowica Rz od
strony Zbk)","2,4,6",343.044,344.601,prace nawierzchniowe,16,24,384,60,"bez
ograniczenia","ruch po torach czynnych
w stacji",2025-10-13,2025-10-28,I_korekta_SHZT_2024_2025
1445,3,"WARSZAWA
ZACHODNIA -
KUNOWICE",IRR5/7,Opalenica - Nowy Tomyśl,2,344.601,360.953,prace nawierzchniowe,16,24,384,60,"bez
ograniczenia","ruch jednotorowy
dwukierunkowy po torze
czynnym",2025-10-13,2025-10-28,I_korekta_SHZT_2024_2025
1446,3,"WARSZAWA
ZACHODNIA -
KUNOWICE",IRR5/7,Porażyn - Nowy Tomyśl,1,351.190,360.953,prace nawierzchniowe,21,24,504,60,"bez
ograniczenia","ruch jednotorowy
dwukierunkowy po torze
czynnym",2025-10-28,2025-11-17,I_korekta_SHZT_2024_2025
1447,3,"WARSZAWA
ZACHODNIA -
KUNOWICE",IRR5/7,Porażyn - Nowy Tomyśl,1,351.190,360.953,prace nawierzchniowe,6,24,144,60,"bez
ograniczenia","ruch jednotorowy
dwukierunkowy po torze
czynnym",2025-11-17,2025-11-22,I_korekta_SHZT_2024_2025
1448,3,"WARSZAWA
ZACHODNIA -
KUNOWICE",IRR5/7,Nowy Tomyśl - Zbąszyń,1,362.562,373.100,prace nawierzchniowe,18,24,432,60,"bez
ograniczenia","ruch jednotorowy
dwukierunkowy po torze
czynnym",2025-11-22,2025-12-22,I_korekta_SHZT_2024_2025
1449,3,"WARSZAWA
ZACHODNIA -
KUNOWICE",IZ Warszawa,Koło - Barłogi,2,,,"modernizacja mostu 167,917",122,24,2928,,,"ruch jednotorowy
dwukierunkowy po torze
czynnym",2025-07-01,2025-10-30,I_korekta_SHZT_2024_2025
1450,7,"WARSZAWA
WSCHODNIA
OSOBOWA -
DOROHUSK",IRR1/3,"Warszawa Międzylesie -
Warszawa Falenica",2,15.127,19.510,Modernizacja,273,24,6552,,120,"ruch jednotorowy
dwukierunkowy po torze
czynnym",2025-03-16,2026-03-14,I_korekta_SHZT_2024_2025
1451,7,"WARSZAWA
WSCHODNIA
OSOBOWA -
DOROHUSK",IRR1/3,"Warszawa Międzylesie -
Otwock",1,15.127,26.050,Modernizacja,273,4,1092,,120,przerwa w ruchu,2025-03-16,2026-03-14,I_korekta_SHZT_2024_2025
1452,7,"WARSZAWA
WSCHODNIA
OSOBOWA -
DOROHUSK",IRR1/3,st. Falenica,"2, 2c",20.040,21.825,Modernizacja,273,24,6552,,,"ruch po torach czynnych
w stacji",2025-03-16,2026-03-14,I_korekta_SHZT_2024_2025
1453,7,"WARSZAWA
WSCHODNIA
OSOBOWA -
DOROHUSK",IRR1/3,Warszawa Falenica - Otwock,2,21.990,26.050,Modernizacja,273,24,6552,,120,"ruch jednotorowy
dwukierunkowy po torze
czynnym",2025-03-16,2026-03-14,I_korekta_SHZT_2024_2025
1454,7,"WARSZAWA
WSCHODNIA
OSOBOWA -
DOROHUSK",IRR1/1,Otwock - Celestynów,2,28.872,36.731,"Demontaż i montaż sieci
trakcyjnej na potrzeby budowy
obiektu, usuwanie kolizji srk",186,4,744,,"bez
ograniczenia","ruch jednotorowy
dwukierunkowy po torze
czynnym",2025-06-11,2025-12-13,I_korekta_SHZT_2024_2025
1455,7,"WARSZAWA
WSCHODNIA
OSOBOWA -
DOROHUSK",IRR1/1,Celestynów,2,36.731,40.700,"Demontaż i montaż sieci
trakcyjnej na potrzeby budowy
obiektu, usuwanie kolizji srk",186,4,744,40,"bez
ograniczenia","ruch po torach czynnych
w stacji",2025-06-11,2025-12-13,I_korekta_SHZT_2024_2025
1456,7,"WARSZAWA
WSCHODNIA
OSOBOWA -
DOROHUSK",IRR1/1,Celestynów- Pilawa,2,40.700,52.829,"Demontaż i montaż sieci
trakcyjnej na potrzeby budowy
obiektu, usuwanie kolizji srk",186,4,744,,"bez
ograniczenia","ruch jednotorowy
dwukierunkowy po torze
czynnym",2025-06-11,2025-12-13,I_korekta_SHZT_2024_2025
1457,8,"WARSZAWA
ZACHODNIA -
KRAKÓW GŁÓWNY",IZ Kraków,Słomniki - Niedźwiedź,2,291.125,295.000,Modernizacja sieci trakcyjnej,79,24,1896,50,"bez
ograniczenia","ruch jednotorowy
dwukierunkowy po torze
czynnym",2025-08-16,2025-11-16,I_korekta_SHZT_2024_2025
1458,8,"WARSZAWA
ZACHODNIA -
KRAKÓW GŁÓWNY",IZ Kraków,Niedźwiedź,2,295.000,296.200,Modernizacja sieci trakcyjnej,19,24,456,50,"bez
ograniczenia","ruch po torach czynnych
w stacji",2025-10-13,2025-10-31,I_korekta_SHZT_2024_2025
1459,9,"WARSZAWA
WSCHODNIA
OSOBOWA -
GDAŃSK GŁÓWNY",IRR1/11,st. Warszawa Wschodnia,"2, 2a, 2b",3.690,4.516,"Modernizacja linii kolejowych i
stacji kolejowych",184,24,4416,,"bez
ograniczenia","ruch po torach czynnych
w stacji",2025-06-13,2027-06-13,I_korekta_SHZT_2024_2025
1460,9,"WARSZAWA
WSCHODNIA
OSOBOWA -
GDAŃSK GŁÓWNY",IRR1/11,"Warszawa Wschodnia -
Warszawa Praga","1WS, 2WS",4.407,5.120,"Modernizacja linii kolejowych i
stacji kolejowych",184,24,4416,20,"bez
ograniczenia",przerwa w ruchu,2025-06-13,2027-06-13,I_korekta_SHZT_2024_2025
1461,11,"SKIERNIEWICE -
ŁOWICZ GŁÓWNY",IZ Łódź,Skierniewice - Bełchów,2,2.230,10.132,"Roboty torowe, roboty branży
obiektów inżynieryjnych, sieci
trakcyjnej, srk, telekomunikacji",118,24,2832,50,"bez
ograniczenia","ruch jednotorowy
dwukierunkowy po torze
czynnym",2025-08-18,2026-03-05,I_korekta_SHZT_2024_2025
1462,12,"SKIERNIEWICE -
ŁUKÓW",IRR1/1,Marków- Mszczonów,2,24.682,25.610,modernizacja,116,4,464,,"bez
ograniczenia",przerwa w ruchu,2025-08-20,2026-01-18,I_korekta_SHZT_2024_2025
1463,12,"SKIERNIEWICE -
ŁUKÓW",IRR1/1,Marków- Mszczonów,1,24.682,25.610,modernizacja,116,24,2784,,"bez
ograniczenia","ruch jednotorowy
dwukierunkowy po torze
czynnym",2025-08-20,2026-01-18,I_korekta_SHZT_2024_2025
1464,12,"SKIERNIEWICE -
ŁUKÓW",IRR1/1,st. Mszczonów,"1,3",25.610,29.970,modernizacja,116,24,2784,,"bez
ograniczenia","ruch po torach czynnych
w stacji",2025-08-20,2026-01-18,I_korekta_SHZT_2024_2025
1465,12,"SKIERNIEWICE -
ŁUKÓW",IRR1/1,st. Mszczonów,2,25.610,29.970,modernizacja,116,4,464,,"bez
ograniczenia",przerwa w ruchu,2025-08-20,2026-01-18,I_korekta_SHZT_2024_2025
1466,12,"SKIERNIEWICE -
ŁUKÓW",IRR1/1,Mszczonów - Tarczyn,1,29.970,46.410,modernizacja,116,24,2784,,"bez
ograniczenia","ruch jednotorowy
dwukierunkowy po torze
czynnym",2025-08-20,2026-01-18,I_korekta_SHZT_2024_2025
1467,12,"SKIERNIEWICE -
ŁUKÓW",IRR1/1,Mszczonów - Tarczyn,2,29.970,46.410,modernizacja,116,4,464,,"bez
ograniczenia",przerwa w ruchu,2025-08-20,2026-01-18,I_korekta_SHZT_2024_2025
1468,12,"SKIERNIEWICE -
ŁUKÓW",IRR1/1,"Czachówek Zachodni -
Czachówek Wschodni",2,64.520,66.439,modernizacja,116,4,464,,"bez
ograniczenia",przerwa w ruchu,2025-08-20,2026-01-18,I_korekta_SHZT_2024_2025
1469,12,"SKIERNIEWICE -
ŁUKÓW",IRR1/1,"Czachówek Zachodni -
Czachówek Wschodni",1,64.520,66.439,modernizacja,116,24,2784,,"bez
ograniczenia","ruch jednotorowy
dwukierunkowy po torze
czynnym",2025-08-20,2026-01-18,I_korekta_SHZT_2024_2025
1470,12,"SKIERNIEWICE -
ŁUKÓW",IRR1/1,"Czachówek Wschodni - Góra
Kalwaria",2,67.940,71.985,modernizacja,116,4,464,,"bez
ograniczenia",przerwa w ruchu,2025-08-20,2026-01-18,I_korekta_SHZT_2024_2025
1471,12,"SKIERNIEWICE -
ŁUKÓW",IRR1/1,"Czachówek Wschodni - Góra
Kalwaria",1,67.940,71.985,modernizacja,116,24,2784,,"bez
ograniczenia","ruch jednotorowy
dwukierunkowy po torze
czynnym",2025-08-20,2026-01-18,I_korekta_SHZT_2024_2025
1472,12,"SKIERNIEWICE -
ŁUKÓW",IRR1/1,Osieck - Jaźwiny,1,90.660,96.196,modernizacja,116,24,2784,,"bez
ograniczenia","ruch jednotorowy
dwukierunkowy po torze
czynnym",2025-08-20,2026-01-18,I_korekta_SHZT_2024_2025
1473,12,"SKIERNIEWICE -
ŁUKÓW",IRR1/1,Osieck - Jaźwiny,2,90.660,96.196,modernizacja,116,4,464,,"bez
ograniczenia",przerwa w ruchu,2025-08-20,2026-01-18,I_korekta_SHZT_2024_2025
1474,12,"SKIERNIEWICE -
ŁUKÓW",IRR1/1,Jaźwiny- Pilawa,1,96.196,101.163,modernizacja,116,24,2784,,"bez
ograniczenia","ruch jednotorowy
dwukierunkowy po torze
czynnym",2025-08-20,2026-01-18,I_korekta_SHZT_2024_2025
1475,12,"SKIERNIEWICE -
ŁUKÓW",IRR1/1,Jaźwiny- Pilawa,2,96.196,101.163,modernizacja,116,4,464,,"bez
ograniczenia",przerwa w ruchu,2025-08-20,2026-01-18,I_korekta_SHZT_2024_2025
1476,12,"SKIERNIEWICE -
ŁUKÓW",IRR1/1,Stoczek Łukowski - Jedlanka,1,131.719,161.160,modernizacja,116,24,2784,,"bez
ograniczenia","ruch jednotorowy
dwukierunkowy po torze
czynnym",2025-08-20,2026-01-18,I_korekta_SHZT_2024_2025
1477,12,"SKIERNIEWICE -
ŁUKÓW",IRR1/1,Stoczek Łukowski - Jedlanka,2,131.719,161.160,modernizacja,116,4,464,,"bez
ograniczenia",przerwa w ruchu,2025-08-20,2026-01-18,I_korekta_SHZT_2024_2025
1478,25,"ŁÓDŹ KALISKA -
DĘBICA",IRR3/1,st. Chmielów,3-15,260.000,261.000,"Wymiana nawierzchni torowej,
przebudowa peronów na
przystankach osobowych,
przebudowa obiektów
inżynieryjnych, roboty
elektroenergetyki nietrakcyjnej
i teletechniki oraz roboty
towarzyszące",8,24,192,,"bez
ograniczenia","ruch po torach czynnych
w stacji",2025-12-05,2026-03-05,I_korekta_SHZT_2024_2025
1479,25,"ŁÓDŹ KALISKA -
DĘBICA",IRR3/1,Chmielów - Padew,1,260.000,275.300,"Wymiana nawierzchni torowej,
przebudowa peronów na
przystankach osobowych,
przebudowa obiektów
inżynieryjnych, roboty
elektroenergetyki nietrakcyjnej
i teletechniki oraz roboty
towarzyszące",181,24,4344,,"bez
ograniczenia","przerwa w ruchu linia
jednotorowa",2025-06-07,2025-12-04,I_korekta_SHZT_2024_2025
1480,33,KUTNO - BRODNICA,IZ Bydgoszcz,"Sierpc - Brodnica
Rypin",1,117.600,118.000,"modernizacja toru 1,",76,24,1824,0,"bez
ograniczenia","Wstrzymanie ruchu
pociągów
Możliwość obsługi LPO
Szczutowo LPO Kretki;
LPO Rypin z obsługą z
Sierpca",2025-09-01,2025-11-15,I_korekta_SHZT_2024_2025
1481,38,"BIAŁYSTOK -
GŁOMNO",IRR2/2,Białystok - Białystok Starosielce,1,3.591,4.555,roboty modernizacyjne,364,24,8736,,"bez
ograniczenia",przerwa w ruchu,2024-11-03,2027-12-30,I_korekta_SHZT_2024_2025
1482,38,"BIAŁYSTOK -
GŁOMNO",IRR2/2,Białystok Starosielce - Knyszyn,1,4.555,28.437,roboty modernizacyjne,364,24,8736,,"bez
ograniczenia",przerwa w ruchu,2024-11-03,2027-12-30,I_korekta_SHZT_2024_2025
1483,38,"BIAŁYSTOK -
GŁOMNO",IRR2/2,Knyszyn - Mońki,1,28.437,43.872,roboty modernizacyjne,364,24,8736,,"bez
ograniczenia",przerwa w ruchu,2024-11-03,2027-12-30,I_korekta_SHZT_2024_2025
1484,38,"BIAŁYSTOK -
GŁOMNO",IRR2/2,Mońki - Osowiec,1,43.872,57.232,roboty modernizacyjne,364,24,8736,,"bez
ograniczenia",przerwa w ruchu,2024-11-03,2027-12-30,I_korekta_SHZT_2024_2025
1485,38,"BIAŁYSTOK -
GŁOMNO",IRR2/2,Osowiec - Grajewo,1,57.232,82.477,roboty modernizacyjne,364,24,8736,,"bez
ograniczenia",przerwa w ruchu,2024-11-03,2027-12-30,I_korekta_SHZT_2024_2025
1486,38,"BIAŁYSTOK -
GŁOMNO",IRR2/2,Grajewo - Ełk,1,82.477,103.236,roboty modernizacyjne,364,24,8736,,"bez
ograniczenia",przerwa w ruchu,2024-11-03,2027-12-30,I_korekta_SHZT_2024_2025
1487,38,"BIAŁYSTOK -
GŁOMNO",IRR2/2,Giżycko - Sterławki Wielkie,1,152.850,164.615,"Roboty torowe, roboty branży
obiektów inżynieryjnych, sieci
trakcyjnej, srk, telekomunikacji",364,24,8736,,160,"przerwa w ruchu linia
jednotorowa",2023-04-05,2026-03-04,I_korekta_SHZT_2024_2025
1488,38,"BIAŁYSTOK -
GŁOMNO",IRR2/2,st. Sterławki Wielkie,"1, 2, 3, 5",164.615,166.650,"Roboty torowe, roboty branży
obiektów inżynieryjnych, sieci
trakcyjnej, srk, telekomunikacji",364,24,8736,,160,przerwa w ruchu,2023-11-12,2026-03-04,I_korekta_SHZT_2024_2025
1489,38,"BIAŁYSTOK -
GŁOMNO",IRR2/2,Sterławki Wielkie - Kętrzyn,1,166.650,178.700,"Roboty torowe, roboty branży
obiektów inżynieryjnych, sieci
trakcyjnej, srk, telekomunikacji",364,24,8736,,160,"przerwa w ruchu linia
jednotorowa",2023-11-12,2026-03-04,I_korekta_SHZT_2024_2025
1490,38,"BIAŁYSTOK -
GŁOMNO",IRR2/2,st. Kętrzyn,"1, 2, 6, 8, 18,
31, 3, 5, 7, 10,
11, 12, 13, 14,
15, 16, 20, 24,
24a, 25, 26,
29, 33",178.700,181.000,"Roboty torowe, roboty branży
obiektów inżynieryjnych, sieci
trakcyjnej, srk, telekomunikacji",364,24,8736,,160,przerwa w ruchu,2023-11-12,2026-03-04,I_korekta_SHZT_2024_2025
1491,38,"BIAŁYSTOK -
GŁOMNO",IRR2/2,Kętrzyn - Tołkiny,1,181.000,191.950,"Roboty torowe, roboty branży
obiektów inżynieryjnych, sieci
trakcyjnej, srk, telekomunikacji",364,24,8736,,160,"przerwa w ruchu linia
jednotorowa",2023-11-12,2026-03-04,I_korekta_SHZT_2024_2025
1492,38,"BIAŁYSTOK -
GŁOMNO",IRR2/2,st. Tołkiny,"1, 3, 4",191.950,193.800,"Roboty torowe, roboty branży
obiektów inżynieryjnych, sieci
trakcyjnej, srk, telekomunikacji",364,24,8736,,160,przerwa w ruchu,2023-11-12,2026-03-04,I_korekta_SHZT_2024_2025
1493,38,"BIAŁYSTOK -
GŁOMNO",IRR2/2,Tołkiny - Korsze,1,193.800,200.100,"Roboty torowe, roboty branży
obiektów inżynieryjnych, sieci
trakcyjnej, srk, telekomunikacji",364,24,8736,,160,"przerwa w ruchu linia
jednotorowa",2023-11-12,2026-03-04,I_korekta_SHZT_2024_2025
1494,38,"BIAŁYSTOK -
GŁOMNO",IRR2/2,st. Korsze,1,200.100,202.826,"Roboty torowe, roboty branży
obiektów inżynieryjnych, sieci
trakcyjnej, srk, telekomunikacji",364,24,8736,,160,"ruch po torach czynnych
w stacji",2023-11-12,2026-03-04,I_korekta_SHZT_2024_2025
1495,45,"WARSZAWA
WSCHODNIA
OSOBOWA -
WARSZAWA
GROCHÓW T1G,2G",IRR1/11,"Warszawa Wschodnia -
Warszawa Grochów","1G, 2G",0.862,1.496,"Modernizacja linii kolejowych i
stacji kolejowych",184,24,4416,20,"bez
ograniczenia",przerwa w ruchu,2025-06-13,2027-06-13,I_korekta_SHZT_2024_2025
1496,60,"KOBYLANY -
TERESPOL (SZ)",IRR1/16,Kobylany-Terespol,1S,205.200,208.900,Modernizacja toru,31,24,744,50,60,"przerwa w ruchu linia
jednotorowa",2025-10-16,2025-11-15,I_korekta_SHZT_2024_2025
1497,60,"KOBYLANY -
TERESPOL (SZ)",IRR1/16,st. Terespol,"1,3,3a,3b",206.500,208.894,Regulacja toru,7,24,168,50,60,"ruch po torach czynnych
w stacji",2025-10-17,2025-10-23,I_korekta_SHZT_2024_2025
1498,62,"TUNEL -
SOSNOWIEC
GŁÓWNY",IRR4/4,st. Sosnowiec Główny,4,83.700,84.950,modernizacja,154,24,3696,60,80,"ruch po torach czynnych
w stacji",2025-06-07,2025-11-03,I_korekta_SHZT_2024_2025
1499,62,"TUNEL -
SOSNOWIEC
GŁÓWNY",IRR4/4,st. Sosnowiec Główny,4,83.700,84.950,modernizacja,9,24,216,60,80,"ruch po torach czynnych
w stacji",2025-10-25,2025-11-03,I_korekta_SHZT_2024_2025
1500,62,"TUNEL -
SOSNOWIEC
GŁÓWNY",IRR4/4,st. Sosnowiec Główny,6,83.700,84.950,domknięcia technologiczne,9,4,36,60,80,przerwa w ruchu,2025-10-25,2025-11-03,I_korekta_SHZT_2024_2025
1501,62,"TUNEL -
SOSNOWIEC
GŁÓWNY",IRR4/4,st. Sosnowiec Główny,4,83.700,84.950,domknięcia technologiczne,40,4,160,60,80,"ruch po torach czynnych
w stacji",2025-11-04,2026-07-11,I_korekta_SHZT_2024_2025
1502,70,"WŁOSZCZOWICE -
CHMIELÓW",IRR3/1,Chmielów - Strzegomek,1,0.000,0.900,"Wymiana nawierzchni torowej,
przebudowa peronów na
przystankach osobowych,
przebudowa obiektów
inżynieryjnych, roboty
elektroenergetyki nietrakcyjnej
i teletechniki oraz roboty
towarzyszące",9,24,216,,"bez
ograniczenia","przerwa w ruchu linia
jednotorowa",2025-12-05,2026-03-05,I_korekta_SHZT_2024_2025
1503,74,"SOBÓW -
STALOWA WOLA
ROZWADÓW",IRR3/1,st. Grębów,2,14.000,15.500,kompleksowa modernizacja,99,24,2376,,"bez
ograniczenia","ruch po torach czynnych
w stacji",2025-09-06,2026-03-05,I_korekta_SHZT_2024_2025
1504,74,"SOBÓW -
STALOWA WOLA
ROZWADÓW",IRR3/1,st. Grębów,1,14.000,15.500,przerwa technologiczna,99,4,396,,"bez
ograniczenia",przerwa w ruchu,2025-09-06,2026-03-05,I_korekta_SHZT_2024_2025
1505,74,"SOBÓW -
STALOWA WOLA
ROZWADÓW",IRR3/1,"Zbydniów - Stalowa Wola
Rozwadów Towarowy",1,14.000,21.900,"Wymiana nawierzchni torowej,
przebudowa peronów na
przystankach osobowych,
przebudowa obiektów
inżynieryjnych, roboty
elektroenergetyki nietrakcyjnej
i teletechniki oraz roboty
towarzyszące",99,24,2376,,"bez
ograniczenia","ruch jednotorowy
dwukierunkowy po torze
czynnym",2025-09-06,2026-03-05,I_korekta_SHZT_2024_2025
1506,74,"SOBÓW -
STALOWA WOLA
ROZWADÓW",IRR3/1,"Zbydniów - Stalowa Wola
Rozwadów Towarowy",2,14.000,21.900,"Wymiana nawierzchni torowej,
przebudowa peronów na
przystankach osobowych,
przebudowa obiektów
inżynieryjnych, roboty
elektroenergetyki nietrakcyjnej
i teletechniki oraz roboty
towarzyszące",99,4,396,,"bez
ograniczenia",przerwa w ruchu,2025-09-06,2026-03-05,I_korekta_SHZT_2024_2025
1507,93,"TRZEBINIA -
ZEBRZYDOWICE",IRR4/4,Zabrzeg - Bronów,2,53.100,58.500,modernizacja,236,24,5664,60,160,"ruch jednotorowy
dwukierunkowy po torze
czynnym",2025-04-22,2026-02-19,I_korekta_SHZT_2024_2025
1508,93,"TRZEBINIA -
ZEBRZYDOWICE",IRR4/4,st. Chybie,"2,4,6, 1 (od
RZ15 do
RZ55)",60.200,62.000,modernizacja,236,24,5664,60,160,"ruch po torach czynnych
w stacji",2025-04-22,2026-02-19,I_korekta_SHZT_2024_2025
1509,93,"TRZEBINIA -
ZEBRZYDOWICE",IRR4/4,Chybie - Pruchna,2,62.000,69.000,modernizacja,236,24,5664,60,160,"ruch jednotorowy
dwukierunkowy po torze
czynnym",2025-04-22,2026-02-19,I_korekta_SHZT_2024_2025
1510,93,"TRZEBINIA -
ZEBRZYDOWICE",IRR4/4,Pruchna Zebrzydowice,2,69.000,76.000,modernizacja,236,24,5664,60,120,"ruch jednotorowy
dwukierunkowy po torze
czynnym",2025-04-22,2026-02-19,I_korekta_SHZT_2024_2025
1511,93,"TRZEBINIA -
ZEBRZYDOWICE",IRR4/4,st. Zebrzydowice,"1-25; 6-8; 100-
109",76.000,77.800,modernizacja,236,24,5664,60,160,"ruch po torach czynnych
w stacji",2025-04-22,2026-02-19,I_korekta_SHZT_2024_2025
1512,97,SKAWINA - ŻYWIEC,IRR3/2,Sucha Beskidzka - Żywiec,1,46.239,81.392,Modernizacja linii,364,24,8736,0,"bez
ograniczenia","przerwa w ruchu linia
jednotorowa",2024-07-01,2026-02-27,I_korekta_SHZT_2024_2025
1513,104,"CHABÓWKA -
NOWY SĄCZ",IRR3/8,Tymbark - Limanowa,1,37.352,46.768,modernizacja linii,364,24,8736,,"bez
ograniczenia","przerwa w ruchu linia
jednotorowa",2024-06-10,2026-05-29,I_korekta_SHZT_2024_2025
1514,104,"CHABÓWKA -
NOWY SĄCZ",IRR3/8,Limanowa,"1,2,3,3a,4",46.768,47.569,modernizacja linii,364,24,8736,,"bez
ograniczenia",przerwa w ruchu,2024-06-10,2026-05-29,I_korekta_SHZT_2024_2025
1515,104,"CHABÓWKA -
NOWY SĄCZ",IRR3/8,Limanowa - Marcinkowice,1,47.569,66.969,modernizacja linii,364,24,8736,,"bez
ograniczenia","przerwa w ruchu linia
jednotorowa",2023-09-03,2026-06-06,I_korekta_SHZT_2024_2025
1516,108,"STRÓŻE -
KROŚCIENKO",IRR3/8,st. Jasło,"1,3,5,7,9,11",44.950,47.000,modernizacja,364,24,8736,,"bez
ograniczenia",przerwa w ruchu,2024-11-12,2026-06-30,I_korekta_SHZT_2024_2025
1517,108,"STRÓŻE -
KROŚCIENKO",IRR3/8,Jasło - Tarnowiec,1,47.000,52.850,modernizacja,364,24,8736,,"bez
ograniczenia",przerwa w ruchu,2024-11-12,2026-06-30,I_korekta_SHZT_2024_2025
1518,108,"STRÓŻE -
KROŚCIENKO",IRR3/8,st. Tarnowiec,"1,2,3, 2a",52.850,54.750,modernizacja,364,24,8736,,"bez
ograniczenia",przerwa w ruchu,2024-11-12,2026-06-30,I_korekta_SHZT_2024_2025
1519,108,"STRÓŻE -
KROŚCIENKO",IRR3/8,Tarnowiec - Jedlicze,1,54.750,59.350,modernizacja,364,24,8736,,"bez
ograniczenia",przerwa w ruchu,2024-11-12,2026-06-30,I_korekta_SHZT_2024_2025
1520,108,"STRÓŻE -
KROŚCIENKO",IRR3/8,st. Jedlicze,"1,2,3,4,5,100,
102",59.350,61.250,modernizacja,364,24,8736,,"bez
ograniczenia",przerwa w ruchu,2024-11-12,2026-06-30,I_korekta_SHZT_2024_2025
1521,108,"STRÓŻE -
KROŚCIENKO",IRR3/8,Jedlicze - Krosno,1,61.250,67.000,modernizacja,364,24,8736,,"bez
ograniczenia",przerwa w ruchu,2024-11-12,2026-06-30,I_korekta_SHZT_2024_2025
1522,108,"STRÓŻE -
KROŚCIENKO",IRR3/8,st. Krosno,"1,2a,2,3a,5,7,
7a,9,9a",67.000,69.700,modernizacja,364,24,8736,,"bez
ograniczenia",przerwa w ruchu,2024-11-12,2026-06-30,I_korekta_SHZT_2024_2025
1523,108,"STRÓŻE -
KROŚCIENKO",IRR3/8,Krosno - Targowiska,1,69.700,72.100,modernizacja,364,24,8736,,"bez
ograniczenia",przerwa w ruchu,2024-11-12,2026-06-30,I_korekta_SHZT_2024_2025
1524,108,"STRÓŻE -
KROŚCIENKO",IRR3/8,Krosno - Targowiska,1,72.100,74.900,modernizacja,364,24,8736,,"bez
ograniczenia",przerwa w ruchu,2024-11-12,2026-06-30,I_korekta_SHZT_2024_2025
1525,108,"STRÓŻE -
KROŚCIENKO",IRR3/8,st. Targowiska,"1,2,3,4,5,6,10
0",74.900,76.800,modernizacja,364,24,8736,,"bez
ograniczenia",przerwa w ruchu,2024-11-12,2026-06-30,I_korekta_SHZT_2024_2025
1526,108,"STRÓŻE -
KROŚCIENKO",IRR3/8,"Targowiska - Wróblik
Szlachecki",1,76.800,80.300,modernizacja,364,24,8736,,"bez
ograniczenia",przerwa w ruchu,2024-11-12,2026-06-30,I_korekta_SHZT_2024_2025
1527,108,"STRÓŻE -
KROŚCIENKO",IRR3/8,st. Wróblik Szlachecki,"1,2,3,5",80.300,82.800,modernizacja,364,24,8736,,"bez
ograniczenia",przerwa w ruchu,2024-11-12,2026-06-30,I_korekta_SHZT_2024_2025
1528,108,"STRÓŻE -
KROŚCIENKO",IRR3/8,Wróblik Szlachecki - Zarszyn,1,82.800,91.500,modernizacja,364,24,8736,,"bez
ograniczenia",przerwa w ruchu,2024-11-12,2026-06-30,I_korekta_SHZT_2024_2025
1529,108,"STRÓŻE -
KROŚCIENKO",IRR3/8,st. Zarszyn,"1,2,3,5",91.500,93.550,modernizacja,364,24,8736,,"bez
ograniczenia",przerwa w ruchu,2024-11-12,2026-06-30,I_korekta_SHZT_2024_2025
1530,108,"STRÓŻE -
KROŚCIENKO",IRR3/8,st. Nowosielce,"1,3,5a",96.300,99.435,modernizacja,364,24,8736,,"bez
ograniczenia",przerwa w ruchu,2024-11-12,2026-06-30,I_korekta_SHZT_2024_2025
1531,108,"STRÓŻE -
KROŚCIENKO",IRR3/8,Nowosielce - Sanok,1,99.435,107.000,modernizacja,364,24,8736,,"bez
ograniczenia",przerwa w ruchu,2024-11-12,2026-06-30,I_korekta_SHZT_2024_2025
1532,108,"STRÓŻE -
KROŚCIENKO",IRR3/8,st. Sanok,"1,2,
2A,3,5,7,9,
9A, 11, 11A,
11B,11C, 21A,
22,23,401,411",107.000,109.050,modernizacja,364,24,8736,,"bez
ograniczenia",przerwa w ruchu,2024-11-12,2026-06-30,I_korekta_SHZT_2024_2025
1533,108,"STRÓŻE -
KROŚCIENKO",IRR3/8,Sanok - Nowy Zagórz,1,109.050,112.700,modernizacja,364,24,8736,,"bez
ograniczenia",przerwa w ruchu,2024-11-12,2026-06-30,I_korekta_SHZT_2024_2025
1534,108,"STRÓŻE -
KROŚCIENKO",IRR3/8,st. Nowy Zagórz,"1,2,3,4,5,7,8",112.700,114.950,modernizacja,364,24,8736,,"bez
ograniczenia",przerwa w ruchu,2024-11-12,2026-06-30,I_korekta_SHZT_2024_2025
1535,128,"RADZIONKÓW -
NAKŁO ŚLĄSKIE T4",IRR4/5,"Radzionków - Nakło Śląskie tor
T4",1 (4),27.405,29.279,Zamknięcie linii stycznej,67,24,1608,50,100,"przerwa w ruchu linia
jednotorowa",2024-11-12,2026-06-30,I_korekta_SHZT_2024_2025
1536,128,"RADZIONKÓW -
NAKŁO ŚLĄSKIE T4",IRR4/5,Radzionków - Nakło,1 (4),28.130,30.143,Zamknięcie linii stycznej,137,24,3288,50,50,"przerwa w ruchu linia
jednotorowa",2024-11-12,2026-06-30,I_korekta_SHZT_2024_2025
1537,130,"TARNOWSKIE
GÓRY TGD -
KALETY T4",IRR4/5,"Tarnowskie Góry TGD - Kalety
tor T4",1 (4),37.321,47.933,Zamknięcie linii stycznej,67,24,1608,50,100,"przerwa w ruchu linia
jednotorowa",2024-11-12,2026-06-30,I_korekta_SHZT_2024_2025
1538,131,"CHORZÓW
BATORY - TCZEW",IRR4/5,st. Chorzów Batory,"8, 10, 12, 14,
14a",5.900,5.900,"wymiana nawierzchni, budowa
obiektów inżynieryjnych,
wymiana sieci trakcyjnej",137,4,548,40,40,"ruch po torach czynnych
w stacji",2024-11-12,2026-06-30,I_korekta_SHZT_2024_2025
1539,131,"CHORZÓW
BATORY - TCZEW",IRR4/5,"Nakło Śląskie - Tarnowskie
Góry",1,30.143,33.098,"wymiana nawierzchni, budowa
obiektów inżynieryjnych,
wymiana sieci trakcyjnej",67,24,1608,50,100,"ruch jednotorowy
dwukierunkowy po torze
czynnym",2025-10-08,2026-02-25,I_korekta_SHZT_2024_2025
1540,131,"CHORZÓW
BATORY - TCZEW",IRR4/5,st. Kalety,1,46.930,47.966,"wymiana nawierzchni, budowa
obiektów inżynieryjnych,
wymiana sieci trakcyjnej",67,24,1608,50,100,"ruch po torach czynnych
w stacji",2025-10-08,2026-03-07,I_korekta_SHZT_2024_2025
1541,131,"CHORZÓW
BATORY - TCZEW",IRR4/5,st. Kalety,2,46.930,47.966,transport technologiczny,67,4,268,0,100,"ruch po torach czynnych
w stacji",2025-10-08,2026-03-07,I_korekta_SHZT_2024_2025
1542,131,"CHORZÓW
BATORY - TCZEW",IRR4/5,Boronów - Kalina,1,59.678,66.800,"wymiana nawierzchni, budowa
obiektów inżynieryjnych,
wymiana sieci trakcyjnej",67,24,1608,50,100,"ruch jednotorowy
dwukierunkowy po torze
czynnym",2025-10-08,2026-03-07,I_korekta_SHZT_2024_2025
1543,131,"CHORZÓW
BATORY - TCZEW",IRR4/5,Boronów - Kalina,2,59.678,66.800,transport technologiczny,67,4,268,0,100,przerwa w ruchu,2025-10-08,2026-03-07,I_korekta_SHZT_2024_2025
1544,131,"CHORZÓW
BATORY - TCZEW",IRR2/9,Szadek - Otok,2,180.400,190.300,"kompleksowa wymiana
nawierzchni",175,24,4200,50,"20 km/h
pierwszy pociąg,
potem bez
ograniczenia","ruch jednotorowy
dwukierunkowy po torze
czynnym",2025-06-22,2026-01-09,I_korekta_SHZT_2024_2025
1545,131,"CHORZÓW
BATORY - TCZEW",IRR2/9,st. Poddębice,"2,4",201.800,203.900,"kompleksowa wymiana
nawierzchni",141,24,3384,40,"40 km/h do 30
dni, potem bez
ograniczenia","ruch po torach czynnych
w stacji",2025-06-22,2025-11-09,I_korekta_SHZT_2024_2025
1546,131,"CHORZÓW
BATORY - TCZEW",IRR2/9,st. Poddębice,"1,3",201.800,203.900,"kompleksowa wymiana
nawierzchni",34,24,816,40,"40 km/h do 30
dni, potem bez
ograniczenia","ruch po torach czynnych
w stacji",2025-11-10,2026-04-11,I_korekta_SHZT_2024_2025
1547,131,"CHORZÓW
BATORY - TCZEW",IRR2/9,Poddębice - Kłudna,2,203.900,211.700,"kompleksowa wymiana
nawierzchni",141,24,3384,50,"20 km/h
pierwszy pociąg,
potem bez
ograniczenia","ruch jednotorowy
dwukierunkowy po torze
czynnym",2025-06-22,2025-11-09,I_korekta_SHZT_2024_2025
1548,131,"CHORZÓW
BATORY - TCZEW",IRR2/9,Poddębice - Kłudna,1,203.900,211.700,"kompleksowa wymiana
nawierzchni",34,24,816,50,"20 km/h
pierwszy pociąg,
potem bez
ograniczenia","ruch jednotorowy
dwukierunkowy po torze
czynnym",2025-11-10,2026-04-11,I_korekta_SHZT_2024_2025
1549,131,"CHORZÓW
BATORY - TCZEW",IRR2/9,st. Kraski,"1,3",220.200,222.300,"kompleksowa wymiana
nawierzchni",141,24,3384,40,"40 km/h do 30
dni, potem bez
ograniczenia","ruch po torach czynnych
w stacji",2025-06-22,2025-11-09,I_korekta_SHZT_2024_2025
1550,131,"CHORZÓW
BATORY - TCZEW",IRR2/9,st. Kraski,"2,4",220.200,222.300,"kompleksowa wymiana
nawierzchni",34,24,816,40,"40 km/h do 30
dni, potem bez
ograniczenia","ruch po torach czynnych
w stacji",2025-11-10,2026-04-11,I_korekta_SHZT_2024_2025
1551,131,"CHORZÓW
BATORY - TCZEW",IRR2/9,Kraski - Dąbie nad Nerem,1,222.300,228.600,"kompleksowa wymiana
nawierzchni",141,24,3384,50,"20 km/h
pierwszy pociąg,
potem bez
ograniczenia","ruch jednotorowy
dwukierunkowy po torze
czynnym",2025-06-22,2025-11-09,I_korekta_SHZT_2024_2025
1552,131,"CHORZÓW
BATORY - TCZEW",IRR2/9,Kraski - Dąbie nad Nerem,2,222.300,228.600,"kompleksowa wymiana
nawierzchni",34,24,816,50,"20 km/h
pierwszy pociąg,
potem bez
ograniczenia","ruch jednotorowy
dwukierunkowy po torze
czynnym",2025-11-10,2026-04-11,I_korekta_SHZT_2024_2025
1553,131,"CHORZÓW
BATORY - TCZEW",IRR2/9,st. Nowa Wieś Wielka,15,345.200,345.900,Przebudowa układu torowego,136,24,3264,50,50,"ruch po torach czynnych
w stacji",2025-07-31,2025-12-17,I_korekta_SHZT_2024_2025
1554,131,"CHORZÓW
BATORY - TCZEW",IRR2/9,"Brzoza Bydgoska (+2, 4) -
Trzciniec","2,4",353.600,362.350,"Kompleksowa wymiana
nawierzchni, przebudowa
pozostałych branż",105,24,2520,60,60,"ruch po torach czynnych
w stacji",2025-08-31,2026-01-12,I_korekta_SHZT_2024_2025
1555,131,"CHORZÓW
BATORY - TCZEW",IRR2/7,Maksymilianowo - Kotomierz,1,380.414,388.849,kompleksowa modernizacja,65,24,1560,50,120,"ruch jednotorowy
dwukierunkowy po torze
czynnym",2025-10-10,2026-02-06,I_korekta_SHZT_2024_2025
1556,132,"BYTOM -
WROCŁAW
GŁÓWNY",IRR4/5,st. Gliwice Łabędy,105,1.000,1.000,"Przebudowa układów torowych
wraz z siecią trakcyjną oraz
sterowaniem ruchem
kolejowym",40,24,960,50,,"ruch po torach czynnych
w stacji",2025-11-04,2026-04-02,I_korekta_SHZT_2024_2025
1557,135,"GLIWICE ŁABĘDY -
PYSKOWICE",IRR4/5,st. Gliwice Łabędy,31,-0.283,0.060,"Przebudowa układów torowych
wraz z siecią trakcyjną oraz
sterowaniem ruchem
kolejowym",40,24,960,50,,"ruch po torach czynnych
w stacji",2025-11-04,2026-04-02,I_korekta_SHZT_2024_2025
1558,137,"KATOWICE -
LEGNICA",IRR4/5,Szobiszowice - Gliwice Łabędy,1,28.732,32.661,"Przebudowa układów torowych
wraz z siecią trakcyjną oraz
sterowaniem ruchem
kolejowym, rozbiórka i budowa
obiektów inżynieryjnych.",40,24,960,50,,"ruch jednotorowy
dwukierunkowy po torze
czynnym",2025-11-04,2026-04-02,I_korekta_SHZT_2024_2025
1559,137,"KATOWICE -
LEGNICA",IRR4/5,Gliwice Łabędy,3,31.606,32.879,"Przebudowa układów torowych
wraz z siecią trakcyjną oraz
sterowaniem ruchem
kolejowym",40,24,960,50,,"ruch po torach czynnych
w stacji",2025-11-04,2026-04-02,I_korekta_SHZT_2024_2025
1560,137,"KATOWICE -
LEGNICA",IZ OPOLE,Goświnowice - Otmuchów,1,151.500,152.700,"Kompleksowa wymiana
nawierzchni",92,24,2208,50,"bez
ograniczenia","ruch jednotorowy
dwukierunkowy po torze
czynnym",2025-08-01,2025-11-30,I_korekta_SHZT_2024_2025
1561,137,"KATOWICE -
LEGNICA",IZ Opole,"Dzierżoniów Śląski - Mościsko
Dzierżoniowskie",1,215.100,215.300,"przebudowa mostu w km
215,176",5,24,120,,"bez
ograniczenia","przerwa w ruchu linia
jednotorowa",2025-10-27,2025-10-31,I_korekta_SHZT_2024_2025
1562,139,"KATOWICE -
ZWARDOŃ",IRR4/4,Brynów - Katowice Ligota,1,3.629,5.329,modernizacja,104,24,2496,60,120,"ruch jednotorowy
dwukierunkowy po torze
czynnym",2025-09-01,2026-04-02,I_korekta_SHZT_2024_2025
1563,139,"KATOWICE -
ZWARDOŃ",IRR4/4,st. Katowice Ligota,"1,3",5.329,7.739,modernizacja,258,24,6192,40,100,"ruch po torach czynnych
w stacji",2025-03-31,2026-03-31,I_korekta_SHZT_2024_2025
1564,139,"KATOWICE -
ZWARDOŃ",IRR4/4,Tychy - Kobiór,2,19.000,25.578,modernizacja,212,24,5088,90,,"ruch jednotorowy
dwukierunkowy po torze
czynnym",2025-05-16,2026-02-16,I_korekta_SHZT_2024_2025
1565,139,"KATOWICE -
ZWARDOŃ",IRR4/4,Tychy - Kobiór,1,19.000,25.578,domknięcia technologiczne,212,6,1272,90,,przerwa w ruchu,2025-05-16,2026-02-16,I_korekta_SHZT_2024_2025
1566,139,"KATOWICE -
ZWARDOŃ",IRR4/4,st. Kobiór,"6, 6a, 8, 8a,
16, 18",25.578,25.989,modernizacja,364,24,8736,,,"ruch po torach czynnych
w stacji",2023-10-16,2026-02-15,I_korekta_SHZT_2024_2025
1567,139,"KATOWICE -
ZWARDOŃ",IRR4/4,st. Pszczyna,1,35.593,36.687,modernizacja,120,24,2880,,,"ruch po torach czynnych
w stacji",2025-08-15,2026-05-15,I_korekta_SHZT_2024_2025
1568,139,"KATOWICE -
ZWARDOŃ",IRR4/4,st. Pszczyna,"5, 5a, 5b, 7,
7a, 9, 9a,",35.593,36.687,modernizacja,364,24,8736,,,"ruch po torach czynnych
w stacji",2023-10-16,2026-02-15,I_korekta_SHZT_2024_2025
1569,139,"KATOWICE -
ZWARDOŃ",IRR4/4,st. Pszczyna,"2,4,6",35.593,36.687,domknięcia technologiczne,316,6,1896,,,przerwa w ruchu,2025-02-01,2026-02-15,I_korekta_SHZT_2024_2025
1570,140,"KATOWICE LIGOTA -
NĘDZA",IRR4/4,"Katowice Ligota - Mikołów
Jamna",1,0.659,1.521,modernizacja,58,24,1392,60,100,"przerwa w ruchu linia
jednotorowa",2025-09-03,2025-10-30,I_korekta_SHZT_2024_2025
1571,141,"KATOWICE LIGOTA -
GLIWICE",IRR4/4,st. Katowice Ligota,5,-0.570,0.757,modernizacja,102,24,2448,40,60,"ruch po torach czynnych
w stacji",2025-09-03,2026-03-30,I_korekta_SHZT_2024_2025
1572,141,"KATOWICE LIGOTA -
GLIWICE",IRR4/4,Katowice Ligota - Panewnik,"1, 2",-0.570,1.573,modernizacja,106,24,2544,60,60,przerwa w ruchu,2025-08-30,2027-02-28,I_korekta_SHZT_2024_2025
1573,148,"PSZCZYNA -
RYBNIK",IRR4/4,st. Pszczyna,3,-0.632,0.000,modernizacja,120,24,2880,,,"ruch po torach czynnych
w stacji",2025-08-15,2026-05-15,I_korekta_SHZT_2024_2025
1574,148,"PSZCZYNA -
RYBNIK",IRR4/4,Radostowice - Suszec,1,7.621,14.770,modernizacja,226,24,5424,,"bez
ograniczenia","przerwa w ruchu linia
jednotorowa",2025-05-02,2026-04-30,I_korekta_SHZT_2024_2025
1575,148,"PSZCZYNA -
RYBNIK",IRR4/4,Suszec - Suszec Rudziczka,1,14.770,18.096,modernizacja,226,24,5424,,"bez
ograniczenia","przerwa w ruchu linia
jednotorowa",2025-05-02,2026-04-30,I_korekta_SHZT_2024_2025
1576,148,"PSZCZYNA -
RYBNIK",IRR4/4,Suszec Rudziczka - Kleszczów,1,18.096,20.565,modernizacja,226,24,5424,,"bez
ograniczenia","przerwa w ruchu linia
jednotorowa",2025-05-02,2026-04-30,I_korekta_SHZT_2024_2025
1577,148,"PSZCZYNA -
RYBNIK",IRR4/4,Kleszczów - Żory,1,20.565,22.631,modernizacja,226,24,5424,,"bez
ograniczenia","przerwa w ruchu linia
jednotorowa",2025-05-02,2026-04-30,I_korekta_SHZT_2024_2025
1578,157,"PAWŁOWICE
ŚLĄSKIE -
SKOCZÓW",IRR4/4,Chybie - Bieniowiec,1,11.900,12.450,modernizacja,236,24,5664,,80,przerwa w ruchu,2025-04-22,2026-02-19,I_korekta_SHZT_2024_2025
1579,168,"GLIWICE - GLIWICE
ŁABĘDY",IRR4/5,Szobiszowice - Gliwice Łabędy,2 (4),1.476,4.579,"Przebudowa układów torowych
wraz z siecią trakcyjną oraz
sterowaniem ruchem
kolejowym, rozbiórka i budowa
obiektów inżynieryjnych.",40,24,960,50,,"ruch jednotorowy
dwukierunkowy po torze
czynnym",2025-11-04,2026-04-02,I_korekta_SHZT_2024_2025
1580,168,"GLIWICE - GLIWICE
ŁABĘDY",IRR4/5,st. Gliwice Łabędy,"7,9",4.580,5.700,"Przebudowa układów torowych
wraz z siecią trakcyjną oraz
sterowaniem ruchem
kolejowym",40,24,960,50,,"ruch po torach czynnych
w stacji",2025-11-04,2026-04-02,I_korekta_SHZT_2024_2025
1581,168,"GLIWICE - GLIWICE
ŁABĘDY",IRR4/5,st. Gliwice Łabędy,9,4.580,5.700,"Przebudowa układów torowych
wraz z siecią trakcyjną oraz
sterowaniem ruchem
kolejowym",40,24,960,50,,"ruch po torach czynnych
w stacji",2025-11-04,2026-04-02,I_korekta_SHZT_2024_2025
1582,201,"NOWA WIEŚ
WIELKA - GDYNIA
PORT",IRR2/9,"Bydgoszcz Emilianowo - Nowa
Wieś Wielka",2,0.700,8.700,"Regulacja torów, kompleksowa
wymiana nawierzchni,
przebudowa pozostałych branż",136,24,3264,60,60,"ruch jednotorowy
dwukierunkowy po torze
czynnym",2025-07-31,2025-12-27,I_korekta_SHZT_2024_2025
1583,201,"NOWA WIEŚ
WIELKA - GDYNIA
PORT",IRR2/9,Bydgoszcz Emilianowo,"2,4,6",0.700,10.150,"Kompleksowa wymiana
nawierzchni, przebudowa
pozostałych branż",136,24,3264,50,50,"ruch po torach czynnych
w stacji",2025-07-31,2025-12-27,I_korekta_SHZT_2024_2025
1584,201,"NOWA WIEŚ
WIELKA - GDYNIA
PORT",IRR2/7,"Maksymilianowo - Serock
(+1,3) - Wierzchucin",1,34.128,72.340,kompleksowa modernizacja,269,24,6456,50,120,przerwa w ruchu,2025-03-20,2025-12-24,I_korekta_SHZT_2024_2025
1585,201,"NOWA WIEŚ
WIELKA - GDYNIA
PORT",IRR2/7,"Wierzchucin - Lipowa
Tucholska (+1,3,5,7)",1,72.340,94.730,kompleksowa modernizacja,177,24,4248,,120,przerwa w ruchu,2025-06-20,2026-02-14,I_korekta_SHZT_2024_2025
1586,201,"NOWA WIEŚ
WIELKA - GDYNIA
PORT",IRR2/7,"Łąg Południowy - Bąk (+1,3)",1,105.200,117.530,kompleksowa modernizacja,364,24,8736,,120,przerwa w ruchu,2024-11-29,2026-03-23,I_korekta_SHZT_2024_2025
1587,201,"NOWA WIEŚ
WIELKA - GDYNIA
PORT",IRR2/7,st. Kościerzyna,"15, 17, 19",136.105,138.068,Przebudowa układu torowego,258,24,6192,50,60,"ruch po torach czynnych
w stacji",2025-03-31,2026-09-29,I_korekta_SHZT_2024_2025
1588,201,"NOWA WIEŚ
WIELKA - GDYNIA
PORT",IRR2/7,"Kościerzyna - Gołubie
Kaszubskie",1,138.068,148.344,"Kompleksowa przebudowa
szlaku",364,24,8736,,60,przerwa w ruchu,2024-01-31,2026-11-01,I_korekta_SHZT_2024_2025
1589,201,"NOWA WIEŚ
WIELKA - GDYNIA
PORT",IRR2/7,st. Gołubie Kaszubskie,"1, 2, 4",148.344,149.701,Przebudowa układu torowego,364,24,8736,,60,przerwa w ruchu,2024-01-31,2026-11-01,I_korekta_SHZT_2024_2025
1590,201,"NOWA WIEŚ
WIELKA - GDYNIA
PORT",IRR2/7,"Gołubie Kaszubskie -
Somonino",1,149.701,161.730,"Kompleksowa przebudowa
szlaku",364,24,8736,,60,przerwa w ruchu,2024-01-31,2026-11-01,I_korekta_SHZT_2024_2025
1591,201,"NOWA WIEŚ
WIELKA - GDYNIA
PORT",IRR2/7,st. Somonino,"1, 2, 3, 10, 12",161.730,163.363,Przebudowa układu torowego,135,24,3240,50,50,"ruch po torach czynnych
w stacji",2025-08-01,2026-05-02,I_korekta_SHZT_2024_2025
1592,201,"NOWA WIEŚ
WIELKA - GDYNIA
PORT",IRR2/7,Somonino - Glincz,1,163.333,174.476,"modernizacja linii, budowa
drugiego toru",322,24,7728,,60,"przerwa w ruchu linia
jednotorowa",2025-01-26,2027-03-16,I_korekta_SHZT_2024_2025
1593,201,"NOWA WIEŚ
WIELKA - GDYNIA
PORT",IRR2/7,Glincz - Żukowo Wschodnie,1,174.476,178.400,"modernizacja linii, budowa
drugiego toru",322,24,7728,,60,"przerwa w ruchu linia
jednotorowa",2025-01-26,2026-02-25,I_korekta_SHZT_2024_2025
1594,201,"NOWA WIEŚ
WIELKA - GDYNIA
PORT",IRR2/7,st. Żukowo Wschodnie,"1,2,6",178.400,179.706,"modernizacja linii, budowa
drugiego toru",322,24,7728,,60,przerwa w ruchu,2025-01-26,2026-02-25,I_korekta_SHZT_2024_2025
1595,201,"NOWA WIEŚ
WIELKA - GDYNIA
PORT",IRR2/7,"Żukowo Wschodnie - Gdańsk
Osowa",1,179.706,184.518,"modernizacja linii, budowa
drugiego toru",322,24,7728,,60,"przerwa w ruchu linia
jednotorowa",2025-01-26,2026-02-25,I_korekta_SHZT_2024_2025
1596,201,"NOWA WIEŚ
WIELKA - GDYNIA
PORT",IRR2/7,st. Gdańsk Osowa,"2a, tor 3R na
linii 253 PKM
(km 1,356-
1,421)",184.590,186.440,budowa nowego toru,322,24,7728,,60,"ruch po torach czynnych
w stacji",2025-01-26,2026-02-25,I_korekta_SHZT_2024_2025
1597,201,"NOWA WIEŚ
WIELKA - GDYNIA
PORT",IRR2/7,st. Gdańsk Osowa,"1, 1e, 1f",188.250,190.054,przebudowa stacji,60,24,1440,50,60,"ruch po torach czynnych
w stacji",2025-09-26,2025-11-24,I_korekta_SHZT_2024_2025
1598,201,"NOWA WIEŚ
WIELKA - GDYNIA
PORT",IRR2/7,"Gdańsk Osowa - Gdynia Wielki
Kack",2,190.000,193.300,"budowa nowego toru nr 4,
modernizacja toru nr 2",167,24,4008,60,"bez
ograniczenia","ruch jednotorowy
dwukierunkowy po torze
czynnym",2025-06-30,2026-05-01,I_korekta_SHZT_2024_2025
1599,201,"NOWA WIEŚ
WIELKA - GDYNIA
PORT",IRR2/7,"Gdańsk Osowa - Gdynia Wielki
Kack",1,190.054,193.858,"budowa nowego toru,
modernizacja toru nr 1",60,24,1440,,60,"ruch jednotorowy
dwukierunkowy po torze
czynnym",2025-09-26,2025-11-24,I_korekta_SHZT_2024_2025
1600,201,"NOWA WIEŚ
WIELKA - GDYNIA
PORT",IRR2/7,st. Gdynia Wielki Kack,1,193.600,195.100,"budowa nowego toru nr 3 oraz
rozjazdów 1, 4, 27",167,24,4008,,60,"ruch po torach czynnych
w stacji",2025-06-30,2026-05-01,I_korekta_SHZT_2024_2025
1601,202,"GDAŃSK GŁÓWNY -
STARGARD",IRR2/1,Luzino - Strzebielino Morskie,1,55.300,59.100,"modernizacja torów i obiektów
inżynieryjnych",147,24,3528,,50,"przerwa w ruchu linia
jednotorowa",2025-06-15,2025-11-08,I_korekta_SHZT_2024_2025
1602,202,"GDAŃSK GŁÓWNY -
STARGARD",IRR2/1,Bożepole Wielkie - Godętowo,1,63.700,70.400,"modernizacja torów i obiektów
inżynieryjnych",35,24,840,,50,"przerwa w ruchu linia
jednotorowa",2025-11-09,2026-03-07,I_korekta_SHZT_2024_2025
1603,202,"GDAŃSK GŁÓWNY -
STARGARD",IRR2/1,Słupsk - Reblino,1,131.173,139.582,"modernizacja torów i obiektów
inżynieryjnych",104,24,2496,,60,"przerwa w ruchu linia
jednotorowa",2025-09-01,2026-05-31,I_korekta_SHZT_2024_2025
1604,203,"TCZEW -
KOSTRZYN",IRR2/7,"Swarożyn (+2) - Tczew
Suchostrzygi",2,3.800,13.650,kompleksowa modernizacja,151,24,3624,50,"bez
ograniczenia","ruch jednotorowy
dwukierunkowy po torze
czynnym",2025-06-16,2025-11-13,I_korekta_SHZT_2024_2025
1605,203,"TCZEW -
KOSTRZYN",IRR2/7,Tczew Suchostrzygi - Swarożyn,1,3.800,12.400,kompleksowa modernizacja,18,24,432,50,"bez
ograniczenia","ruch jednotorowy
dwukierunkowy po torze
czynnym",2025-11-26,2026-04-04,I_korekta_SHZT_2024_2025
1606,203,"TCZEW -
KOSTRZYN",IRR2/7,Tczew Suchostrzygi - Swarożyn,2,3.800,12.400,kompleksowa modernizacja,18,4,72,,"bez
ograniczenia",przerwa w ruchu,2025-11-26,2026-04-04,I_korekta_SHZT_2024_2025
1607,203,"TCZEW -
KOSTRZYN",IRR2/7,Swarożyn - Starogard Gdański,2,16.900,17.600,"odsunięcie osi istniejącego
toru",8,24,192,50,"bez
ograniczenia","ruch jednotorowy
dwukierunkowy po torze
czynnym",2025-11-19,2025-11-26,I_korekta_SHZT_2024_2025
1608,203,"TCZEW -
KOSTRZYN",IRR2/7,Starogard Gdański - Zblewo,2,24.500,38.760,kompleksowa modernizacja,25,24,600,50,"bez
ograniczenia","ruch jednotorowy
dwukierunkowy po torze
czynnym",2025-11-19,2026-04-04,I_korekta_SHZT_2024_2025
1609,203,"TCZEW -
KOSTRZYN",IRR2/7,Starogard Gdański - Zblewo,1,24.500,38.760,kompleksowa modernizacja,25,4,100,,"bez
ograniczenia",przerwa w ruchu,2025-11-19,2026-04-04,I_korekta_SHZT_2024_2025
1610,203,"TCZEW -
KOSTRZYN",IRR2/7,Czersk - Czarna Woda,2,55.400,66.200,kompleksowa modernizacja,25,24,600,50,"bez
ograniczenia","ruch jednotorowy
dwukierunkowy po torze
czynnym",2025-11-19,2026-04-04,I_korekta_SHZT_2024_2025
1611,203,"TCZEW -
KOSTRZYN",IRR2/7,Czarna Woda - Czersk,1,55.400,66.200,kompleksowa modernizacja,25,4,100,,"bez
ograniczenia",przerwa w ruchu,2025-11-19,2026-04-04,I_korekta_SHZT_2024_2025
1612,272,"KLUCZBORK -
POZNAŃ GŁÓWNY",IRR5/7,Krzesiny - Poznań Starołęka,1,192.800,196.900,remont,90,24,2160,50,"bez
ograniczenia","ruch jednotorowy
dwukierunkowy po torze
czynnym",2025-09-15,2026-01-04,I_korekta_SHZT_2024_2025
1613,273,"WROCŁAW
GŁÓWNY -
SZCZECIN
GŁÓWNY",IZ Wrocław,"Chełmek Wołowski - Rudna
Gwizdanów",2,66.110,76.988,"wzmocnienie podtorza wraz z
robotami towarzyszącymi",70,24,1680,50,"bez
ograniczenia","ruch jednotorowy
dwukierunkowy po torze
czynnym",2025-10-03,2025-12-11,I_korekta_SHZT_2024_2025
1614,281,"OLEŚNICA -
CHOJNICE","IZ Ostrów
Wielkopolski","Koźmin Wielkopolski -
Krotoszyn",1,63.959,78.352,Modernizacja linii nr 281,269,24,6456,,,"przerwa w ruchu linia
jednotorowa",2025-04-07,2026-06-12,I_korekta_SHZT_2024_2025
1615,333,"GŁUCHOŁAZY -
POKRZYWNA",IZ OPOLE,Głuchołazy - granica państwa,1,7.000,11.225,"Kompleksowa wymiana
nawierzchni i remont mostu w
km 8,643",91,24,2184,,"bez
ograniczenia","przerwa w ruchu linia
jednotorowa",2025-09-02,2025-11-30,I_korekta_SHZT_2024_2025
1616,343,"GŁUCHOŁAZY -
GRANICA
PAŃSTWA
(MIKULOVICE)",IZ OPOLE,Głuchołazy - granica państwa,1,1.180,5.586,"Kompleksowa wymiana
nawierzchni , remont obiektów
w km 1,568, 3,075 i 3,107,
5,184",91,24,2184,,"bez
ograniczenia","przerwa w ruchu linia
jednotorowa",2025-09-02,2025-11-30,I_korekta_SHZT_2024_2025
1617,352,"SWARZĘDZ -
POZNAŃ
STAROŁĘKA",IRR5/7,Swarzędz - Poznań Franowo,1,0.750,4.100,remont,90,24,2160,50,"bez
ograniczenia","ruch jednotorowy
dwukierunkowy po torze
czynnym",2025-09-15,2026-01-04,I_korekta_SHZT_2024_2025
1618,358,"ZBĄSZYNEK -
GUBIN",IZ Zielona Góra,"Czerwieńsk - Krosno
Odrzańskie",1,43.834,64.640,"kompleksowa wymiana
nawierzchni",300,24,7200,,"bez
ograniczenia","przerwa w ruchu linia
jednotorowa",2025-01-03,2025-10-30,I_korekta_SHZT_2024_2025
1619,358,"ZBĄSZYNEK -
GUBIN",IZ Zielona Góra,Krosno Odrzańskie,"1, 2,6,8,3a,
2a, 5,7",64.640,67.045,"kompleksowa wymiana
nawierzchni",300,24,7200,,"bez
ograniczenia","przerwa w ruchu linia
jednotorowa",2025-01-03,2025-10-30,I_korekta_SHZT_2024_2025
1620,358,"ZBĄSZYNEK -
GUBIN",IZ Zielona Góra,Krosno Odrzańskie - Wałowice,1,67.045,86.855,"kompleksowa wymiana
nawierzchni",300,24,7200,,"bez
ograniczenia","przerwa w ruchu linia
jednotorowa",2025-01-03,2025-10-30,I_korekta_SHZT_2024_2025
1621,358,"ZBĄSZYNEK -
GUBIN",IZ Zielona Góra,Wałowice,"1,2,4,2a, 2b",86.855,88.391,"kompleksowa wymiana
nawierzchni",300,24,7200,,"bez
ograniczenia","przerwa w ruchu linia
jednotorowa",2025-01-03,2025-10-30,I_korekta_SHZT_2024_2025
1622,358,"ZBĄSZYNEK -
GUBIN",IZ Zielona Góra,Wałowice - Gubin,1,88.391,91.904,"kompleksowa wymiana
nawierzchni",300,24,7200,,"bez
ograniczenia","przerwa w ruchu linia
jednotorowa",2025-01-03,2025-10-30,I_korekta_SHZT_2024_2025
1623,358,"ZBĄSZYNEK -
GUBIN",IZ Zielona Góra,Gubin,"1,2,5,2a,
16,16a",91.904,93.145,"kompleksowa wymiana
nawierzchni",300,24,7200,,"bez
ograniczenia","przerwa w ruchu linia
jednotorowa",2025-01-03,2025-10-30,I_korekta_SHZT_2024_2025
1624,358,"ZBĄSZYNEK -
GUBIN",IZ Zielona Góra,Gubin - Guben,1,93.145,93.471,"kompleksowa wymiana
nawierzchni",300,24,7200,,"bez
ograniczenia","przerwa w ruchu linia
jednotorowa",2025-01-03,2025-10-30,I_korekta_SHZT_2024_2025
1625,359,LESZNO - ZBĄSZYŃ,IZ Zielona Góra,Wolsztyn - Stefanowo,1,46.939,62.144,"kompleksowa wymiana
nawierzchni",336,24,8064,,"bez
ograniczenia","przerwa w ruchu linia
jednotorowa",2025-01-10,2025-12-12,I_korekta_SHZT_2024_2025
1626,359,LESZNO - ZBĄSZYŃ,IZ Zielona Góra,Stefanowo,"1,2",62.144,63.413,"kompleksowa wymiana
nawierzchni",336,24,8064,,"bez
ograniczenia","przerwa w ruchu linia
jednotorowa",2025-01-10,2025-12-12,I_korekta_SHZT_2024_2025
1627,359,LESZNO - ZBĄSZYŃ,IZ Zielona Góra,Stefanowo - Zbąszyń,1,63.413,67.772,"kompleksowa wymiana
nawierzchni",336,24,8064,,"bez
ograniczenia","przerwa w ruchu linia
jednotorowa",2025-01-10,2025-12-12,I_korekta_SHZT_2024_2025
1628,360,"JAROCIN -
KĄKOLEWO",IRR5/13,Gostyń,1,35.963,37.090,Rewitalizacja,104,24,2496,,"bez
ograniczenia",przerwa w ruchu,2025-09-01,2025-12-31,I_korekta_SHZT_2024_2025
1629,360,"JAROCIN -
KĄKOLEWO",IRR5/13,Gostyń,3,36.288,36.898,Rewitalizacja,104,24,2496,,"bez
ograniczenia",przerwa w ruchu,2025-09-01,2025-12-31,I_korekta_SHZT_2024_2025
1630,360,"JAROCIN -
KĄKOLEWO",IRR5/13,Gostyń,2,36.820,37.030,Rewitalizacja,104,24,2496,,"bez
ograniczenia",przerwa w ruchu,2025-09-01,2025-12-31,I_korekta_SHZT_2024_2025
1631,360,"JAROCIN -
KĄKOLEWO",IRR5/13,Gostyń - Kąkolewo,1,36.850,58.396,Rewitalizacja,104,24,2496,,"bez
ograniczenia",przerwa w ruchu,2025-09-01,2025-12-31,I_korekta_SHZT_2024_2025
1632,394,"POZNAŃ KRZESINY -
KOBYLNICA",IRR5/7,Stary Młyn - Poznań Franowo,1,8.350,10.200,remont,90,24,2160,50,"bez
ograniczenia","ruch jednotorowy
dwukierunkowy po torze
czynnym",2025-09-15,2026-01-04,I_korekta_SHZT_2024_2025
1633,395,ZIELINIEC - KIEKRZ,IRR5/7,st. Koziegłowy,"1, 3",3.350,4.000,remont,29,24,696,50,"bez
ograniczenia","ruch po torach czynnych
w stacji",2025-11-15,2026-01-17,I_korekta_SHZT_2024_2025
1634,395,ZIELINIEC - KIEKRZ,IRR5/7,"szlak tymczasowy Koziegłowy -
Naramowice",1,4.000,7.400,remont,29,24,696,50,"bez
ograniczenia","ruch jednotorowy
dwukierunkowy po torze
czynnym",2025-11-15,2026-01-17,I_korekta_SHZT_2024_2025
1635,395,ZIELINIEC - KIEKRZ,IRR5/7,"szlak tymczasowy Koziegłowy -
Naramowice","1, 2",4.430,7.500,remont estakady,4,24,96,,50,przerwa w ruchu,2025-11-22,2025-11-25,I_korekta_SHZT_2024_2025
1636,395,ZIELINIEC - KIEKRZ,IRR5/7,"szlak tymczasowy Naramowice -
Poznań Piątkowo",2,7.410,13.330,remont,111,24,2664,50,"bez
ograniczenia","ruch jednotorowy
dwukierunkowy po torze
czynnym",2025-07-28,2025-11-15,I_korekta_SHZT_2024_2025
1637,448,"WARSZAWA
ZACHODNIA -
WARSZAWA
REMBERTÓW",IRR1/11,"Warszawa Zachodnia -
Warszawa Wschodnia","3, 4",-2.380,3.690,"Modernizacja linii kolejowych i
stacji kolejowych",104,4,416,,"bez
ograniczenia",przerwa w ruchu,2025-09-01,2027-06-13,I_korekta_SHZT_2024_2025
1638,448,"WARSZAWA
ZACHODNIA -
WARSZAWA
REMBERTÓW",IRR1/11,"Warszawa Podskarbińska -
Warszawa Rembertów",3m,9.400,9.600,budowa wiaduktu,364,4,1456,50,"bez
ograniczenia","ruch jednotorwy
dwukierunkowy po torze
czynnym",2024-02-02,2026-02-01,I_korekta_SHZT_2024_2025
1639,546,"WARSZAWA
WSCHODNIA
TOWAROWA -
WARSZAWA
REMBERTÓW T6M",IRR1/11,"Warszawa Wschodnia
Towarowa - Warszawa
Rembertów",6m,9.400,9.600,budowa wiaduktu,364,4,1456,50,"bez
ograniczenia",przerwa w ruchu,2024-02-02,2026-02-01,I_korekta_SHZT_2024_2025
1640,659,"BĘDZIN -
SOSNOWIEC
GŁÓWNY T3",IRR4/4,Będzin - Sosnowiec Główny,1 (3),306.150,308.500,modernizacja,274,24,6576,60,80,"ruch jednotorowy
dwukierunkowy po torze
czynnym",2025-06-07,2026-07-11,I_korekta_SHZT_2024_2025
1641,659,"BĘDZIN -
SOSNOWIEC
GŁÓWNY T3",IRR4/4,"Sosnowiec Główny - Katowice
Zawodzie",2 (4),310.900,312.200,domknięcia technologiczne,24,4,96,60,80,przerwa w ruchu,2025-02-12,2026-07-11,I_korekta_SHZT_2024_2025
1642,660,"SOSNOWIEC
POŁUDNIOWY -
SOSNOWIEC
GŁÓWNY",IRR4/4,"Sosnowiec Główny - Katowice
Zawodzie",1 (6),0.000,0.000,domknięcia technologiczne,110,4,440,60,80,przerwa w ruchu,2025-10-25,2026-02-11,I_korekta_SHZT_2024_2025
1643,743,"LIPOWA
TUCHOLSKA -
SZLACHTA",IRR2/7,Lipowa Tucholska - Szlachta,1,94.730,43.433,kompleksowa modernizacja,177,24,4248,,120,przerwa w ruchu,2025-06-20,2025-12-16,I_korekta_SHZT_2024_2025
1644,864,"KATOWICE LIGOTA -
KWK WUJEK",IRR4/4,Katowice Ligota - KWK Wujek,1,0.657,2.960,likwidacja linii,364,24,8736,60,,"przerwa w ruchu linia
jednotorowa",2024-03-12,2027-03-30,I_korekta_SHZT_2024_2025
1645,902,"WARSZAWA
WSCHODNIA -
WARSZAWA
WSCHODNIA
TOWAROWA T2P",IRR1/11,"Warszawa Wschodnia -
Warszawa Podskarbińska",2P,4.516,6.545,"Modernizacja linii kolejowych i
stacji kolejowych",184,24,4416,20,"bez
ograniczenia",przerwa w ruchu,2025-06-13,2027-06-13,I_korekta_SHZT_2024_2025
1646,1,"WARSZAWA
ZACHODNIA -
KATOWICE",IRR1/9,"Koluszki (podg. Będzelin) -
Rokiciny",1,107.000,112.863,"roboty torowe, SRK, prace na
przejazdach i obiektach
inżynieryjnych",42,24,1008,50,,"jednotorowo
dwukierunkowo",2025-12-14,2026-01-24,Korekta_SHZT_2025_2026
1647,1,"WARSZAWA
ZACHODNIA -
KATOWICE",IRR1/9,Rokiciny,1,107.000,128.686,"roboty torowe, SRK, prace na
przejazdach i obiektach
inżynieryjnych",42,24,1008,50,,"jednotorowo
dwukierunkowo",2025-12-14,2026-01-24,Korekta_SHZT_2025_2026
1648,1,"WARSZAWA
ZACHODNIA -
KATOWICE",IRR1/9,"Koluszki (podg. Będzelin) -
Rokiciny",2,107.402,114.010,"roboty torowe, SRK, prace na
przejazdach i obiektach
inżynieryjnych",42,24,1008,50,,"jednotorowo
dwukierunkowo",2026-01-25,2026-03-07,Korekta_SHZT_2025_2026
1649,1,"WARSZAWA
ZACHODNIA -
KATOWICE",IRR1/9,Rokiciny - Baby,1,112.794,128.784,"roboty torowe, SRK, prace na
przejazdach i obiektach
inżynieryjnych",56,24,1344,50,,"jednotorowo
dwukierunkowo",2026-03-29,2026-05-23,Korekta_SHZT_2025_2026
1650,1,"WARSZAWA
ZACHODNIA -
KATOWICE",IRR1/9,Rokiciny - Baby,2,112.794,128.784,"roboty torowe, SRK, prace na
przejazdach i obiektach
inżynieryjnych",56,24,1344,50,,"jednotorowo
dwukierunkowo",2026-05-24,2026-07-18,Korekta_SHZT_2025_2026
1651,1,"WARSZAWA
ZACHODNIA -
KATOWICE",IRR1/9,Rokiciny,2,112.794,114.010,"roboty torowe, SRK, prace na
przejazdach i obiektach
inżynieryjnych",42,24,1008,50,,"jednotorowo
dwukierunkowo",2026-01-25,2026-03-07,Korekta_SHZT_2025_2026
1652,1,"WARSZAWA
ZACHODNIA -
KATOWICE",IRR1/9,Baby,2,128.612,143.725,"roboty torowe, SRK, prace na
przejazdach i obiektach
inżynieryjnych",14,24,336,50,,"jednotorowo
dwukierunkowo",2026-03-15,2026-03-28,Korekta_SHZT_2025_2026
1653,1,"WARSZAWA
ZACHODNIA -
KATOWICE",IRR1/9,Baby - Piotrków Trybunalski,1,128.711,143.676,"roboty torowe, SRK, prace na
przejazdach i obiektach
inżynieryjnych",28,24,672,50,,"jednotorowo
dwukierunkowo",2026-01-25,2026-02-21,Korekta_SHZT_2025_2026
1654,1,"WARSZAWA
ZACHODNIA -
KATOWICE",IRR1/9,Baby,1,128.711,129.829,"roboty torowe, SRK, prace na
przejazdach i obiektach
inżynieryjnych",14,24,336,50,,"jednotorowo
dwukierunkowo",2026-03-29,2026-04-11,Korekta_SHZT_2025_2026
1655,1,"WARSZAWA
ZACHODNIA -
KATOWICE",IRR1/9,Baby - Piotrków Trybunalski,2,128.784,143.725,"roboty torowe, SRK, prace na
przejazdach i obiektach
inżynieryjnych",35,24,840,50,,"jednotorowo
dwukierunkowo",2026-02-22,2026-03-28,Korekta_SHZT_2025_2026
1656,1,"WARSZAWA
ZACHODNIA -
KATOWICE",IRR1/9,Piotrków Trybunalski,1,143.676,146.345,"roboty torowe, SRK, prace na
przejazdach i obiektach
inżynieryjnych",14,24,336,50,,"jednotorowo
dwukierunkowo",2026-02-08,2026-02-21,Korekta_SHZT_2025_2026
1657,1,"WARSZAWA
ZACHODNIA -
KATOWICE",IRR1/9,Piotrków Trybunalski,2,143.746,146.545,"roboty torowe, SRK, prace na
przejazdach i obiektach
inżynieryjnych",14,24,336,50,,"jednotorowo
dwukierunkowo",2026-02-22,2026-03-07,Korekta_SHZT_2025_2026
1658,1,"WARSZAWA
ZACHODNIA -
KATOWICE",IRR1/9,Piotrków Trybunalski - Rozprza,1,146.469,155.873,"roboty torowe, SRK, prace na
przejazdach i obiektach
inżynieryjnych",3,24,72,50,,"jednotorowo
dwukierunkowo",2025-11-09,2025-12-13,Korekta_SHZT_2025_2026
1659,1,"WARSZAWA
ZACHODNIA -
KATOWICE",IRR1/9,Piotrków Trybunalski - Rozprza,1,146.469,155.873,"roboty torowe, SRK, prace na
przejazdach i obiektach
inżynieryjnych",28,24,672,50,,"jednotorowo
dwukierunkowo",2026-06-28,2026-07-25,Korekta_SHZT_2025_2026
1660,1,"WARSZAWA
ZACHODNIA -
KATOWICE",IRR1/9,Piotrków Trybunalski - Rozprza,2,146.545,155.708,"roboty torowe, SRK, prace na
przejazdach i obiektach
inżynieryjnych",35,24,840,50,,"jednotorowo
dwukierunkowo",2025-12-14,2026-01-17,Korekta_SHZT_2025_2026
1661,1,"WARSZAWA
ZACHODNIA -
KATOWICE",IRR1/9,Rozprza,1,155.637,156.936,"roboty torowe, SRK, prace na
przejazdach i obiektach
inżynieryjnych",3,24,72,50,,"jednotorowo
dwukierunkowo",2025-11-30,2025-12-13,Korekta_SHZT_2025_2026
1662,1,"WARSZAWA
ZACHODNIA -
KATOWICE",IRR1/9,Rozprza,2,155.802,157.040,"roboty torowe, SRK, prace na
przejazdach i obiektach
inżynieryjnych",7,24,168,50,,"jednotorowo
dwukierunkowo",2025-12-14,2025-12-20,Korekta_SHZT_2025_2026
1663,1,"WARSZAWA
ZACHODNIA -
KATOWICE",IRR1/9,Rozprza - Gorzkowice,1,156.945,165.542,"roboty torowe, SRK, prace na
przejazdach i obiektach
inżynieryjnych",49,24,1176,50,,"jednotorowo
dwukierunkowo",2026-03-08,2026-04-25,Korekta_SHZT_2025_2026
1664,1,"WARSZAWA
ZACHODNIA -
KATOWICE",IRR1/9,Rozprza - Gorzkowice,2,157.040,165.562,"roboty torowe, SRK, prace na
przejazdach i obiektach
inżynieryjnych",42,24,1008,50,,"jednotorowo
dwukierunkowo",2026-04-26,2026-06-06,Korekta_SHZT_2025_2026
1665,1,"WARSZAWA
ZACHODNIA -
KATOWICE",IRR1/9,Gorzkowice,2,165.435,167.048,"roboty torowe, SRK, prace na
przejazdach i obiektach
inżynieryjnych",14,24,336,50,,"jednotorowo
dwukierunkowo",2026-04-26,2026-05-09,Korekta_SHZT_2025_2026
1666,1,"WARSZAWA
ZACHODNIA -
KATOWICE",IRR1/9,Gorzkowice,1,165.488,165.013,"roboty torowe, SRK, prace na
przejazdach i obiektach
inżynieryjnych",14,24,336,50,,"jednotorowo
dwukierunkowo",2026-04-12,2026-04-25,Korekta_SHZT_2025_2026
1667,1,"WARSZAWA
ZACHODNIA -
KATOWICE",IRR1/9,Gorzkowice - Gomunice,2,166.898,176.569,"roboty torowe, SRK, prace na
przejazdach i obiektach
inżynieryjnych",35,24,840,50,,"jednotorowo
dwukierunkowo",2025-12-14,2026-01-17,Korekta_SHZT_2025_2026
1668,1,"WARSZAWA
ZACHODNIA -
KATOWICE",IRR1/9,Gorzkowice - Gomunice,1,166.924,176.434,"roboty torowe, SRK, prace na
przejazdach i obiektach
inżynieryjnych",3,24,72,50,,"jednotorowo
dwukierunkowo",2025-11-09,2025-12-13,Korekta_SHZT_2025_2026
1669,1,"WARSZAWA
ZACHODNIA -
KATOWICE",IRR1/9,Gomunice,2,176.362,177.585,"roboty torowe, SRK, prace na
przejazdach i obiektach
inżynieryjnych",7,24,168,50,,"jednotorowo
dwukierunkowo",2025-12-14,2025-12-20,Korekta_SHZT_2025_2026
1670,1,"WARSZAWA
ZACHODNIA -
KATOWICE",IRR1/9,Gomunice,1,176.497,178.053,"roboty torowe, SRK, prace na
przejazdach i obiektach
inżynieryjnych",3,24,72,50,,"jednotorowo
dwukierunkowo",2025-11-30,2025-12-13,Korekta_SHZT_2025_2026
1671,1,"WARSZAWA
ZACHODNIA -
KATOWICE",IRR1/9,Gomunice - Radomsko,1,177.514,187.665,"roboty torowe, SRK, prace na
przejazdach i obiektach
inżynieryjnych",49,24,1176,50,,"jednotorowo
dwukierunkowo",2026-01-18,2026-03-07,Korekta_SHZT_2025_2026
1672,1,"WARSZAWA
ZACHODNIA -
KATOWICE",IRR1/9,Gomunice - Radomsko,2,177.585,187.695,"roboty torowe, SRK, prace na
przejazdach i obiektach
inżynieryjnych",35,24,840,50,,"jednotorowo
dwukierunkowo",2026-06-21,2026-07-25,Korekta_SHZT_2025_2026
1673,1,"WARSZAWA
ZACHODNIA -
KATOWICE",IRR1/9,Radomsko - Widzów Teklinów,1,187.505,199.344,"roboty torowe, SRK, prace na
przejazdach i obiektach
inżynieryjnych",77,24,1848,50,,"jednotorowo
dwukierunkowo",2026-03-08,2026-05-23,Korekta_SHZT_2025_2026
1674,1,"WARSZAWA
ZACHODNIA -
KATOWICE",IRR1/9,Radomsko - Widzów Teklinów,2,187.505,199.247,"roboty torowe, SRK, prace na
przejazdach i obiektach
inżynieryjnych",56,24,1344,50,,"jednotorowo
dwukierunkowo",2026-05-24,2026-07-18,Korekta_SHZT_2025_2026
1675,1,"WARSZAWA
ZACHODNIA -
KATOWICE",IRR1/9,Radomsko,1,187.505,199.344,"roboty torowe, SRK, prace na
przejazdach i obiektach
inżynieryjnych",14,24,336,50,,"jednotorowo
dwukierunkowo",2026-02-22,2026-03-07,Korekta_SHZT_2025_2026
1676,1,"WARSZAWA
ZACHODNIA -
KATOWICE",IRR1/9,Radomsko,2,187.505,188.954,"roboty torowe, SRK, prace na
przejazdach i obiektach
inżynieryjnych",14,24,336,50,,"jednotorowo
dwukierunkowo",2026-07-12,2026-07-25,Korekta_SHZT_2025_2026
1677,1,"WARSZAWA
ZACHODNIA -
KATOWICE",IRR1/9,Widzów Teklinów,1,199.214,207.930,"roboty torowe, SRK, prace na
przejazdach i obiektach
inżynieryjnych",14,24,336,50,,"jednotorowo
dwukierunkowo",2026-05-10,2026-05-23,Korekta_SHZT_2025_2026
1678,1,"WARSZAWA
ZACHODNIA -
KATOWICE",IRR1/9,Widzów Teklinów,2,199.306,200.541,"roboty torowe, SRK, prace na
przejazdach i obiektach
inżynieryjnych",14,24,336,50,,"jednotorowo
dwukierunkowo",2026-05-24,2026-06-06,Korekta_SHZT_2025_2026
1679,1,"WARSZAWA
ZACHODNIA -
KATOWICE",IRR1/9,Widzów Teklinów - Kłomnice,1,200.497,207.777,"roboty torowe, SRK, prace na
przejazdach i obiektach
inżynieryjnych",87,24,2088,50,,"jednotorowo
dwukierunkowo",2025-11-09,2026-03-07,Korekta_SHZT_2025_2026
1680,1,"WARSZAWA
ZACHODNIA -
KATOWICE",IRR1/9,Widzów Teklinów - Kłomnice,2,200.541,207.817,"roboty torowe, SRK, prace na
przejazdach i obiektach
inżynieryjnych",63,24,1512,50,,"jednotorowo
dwukierunkowo",2026-03-08,2026-05-09,Korekta_SHZT_2025_2026
1681,1,"WARSZAWA
ZACHODNIA -
KATOWICE",IRR1/9,Kłomnice,1,207.777,209.313,"roboty torowe, SRK, prace na
przejazdach i obiektach
inżynieryjnych",28,24,672,50,,"jednotorowo
dwukierunkowo",2026-02-08,2026-03-07,Korekta_SHZT_2025_2026
1682,1,"WARSZAWA
ZACHODNIA -
KATOWICE",IRR1/9,Kłomnice,2,207.930,209.178,"roboty torowe, SRK, prace na
przejazdach i obiektach
inżynieryjnych",21,24,504,50,,"jednotorowo
dwukierunkowo",2026-03-08,2026-03-28,Korekta_SHZT_2025_2026
1683,1,"WARSZAWA
ZACHODNIA -
KATOWICE",IRR4/3,Kłomnice - Rudniki,1,208.201,217.700,"Obiekty inżynieryjne: 1. Most w
km 208,338 2. Most w km
209,775 3. Most w km 211,067
4. Przepust w km 212,961 5.
Przepust w km 215,093 6.
Kładka 217,679 (w przypadku
złych analiz nośności
wydłużenie zamknięcia do 2
miesięcy) Przejazdy: 1.
210,478 2. 212,4",17,24,408,,"bez
ograniczenia","jednotorowo
dwukierunkowo",2025-11-16,2025-12-30,Korekta_SHZT_2025_2026
1684,1,"WARSZAWA
ZACHODNIA -
KATOWICE",IRR4/3,Kłomnice - Rudniki,2,208.201,217.700,"Obiekty inżynieryjne: 1. Most w
km 208,338 2. Most w km
209,775 3. Most w km 211,067
4. Przepust w km 212,961 5.
Przepust w km 215,093 6.
Kładka 217,679 (w przypadku
złych analiz nośności
wydłużenie zamknięcia do 2
miesięcy) Przejazdy: 1.
210,478 2. 212,4",58,24,1392,,"bez
ograniczenia","jednotorowo
dwukierunkowo",2026-01-02,2026-02-28,Korekta_SHZT_2025_2026
1685,1,"WARSZAWA
ZACHODNIA -
KATOWICE",IRR1/9,Kłomnice - Rudniki,1,209.149,218.041,"roboty torowe, SRK, prace na
przejazdach i obiektach
inżynieryjnych",28,24,672,50,,"jednotorowo
dwukierunkowo",2026-05-10,2026-06-06,Korekta_SHZT_2025_2026
1686,1,"WARSZAWA
ZACHODNIA -
KATOWICE",IRR1/9,Kłomnice - Rudniki,2,209.283,216.740,"roboty torowe, SRK, prace na
przejazdach i obiektach
inżynieryjnych",21,24,504,50,,"jednotorowo
dwukierunkowo",2026-06-07,2026-06-27,Korekta_SHZT_2025_2026
1687,1,"WARSZAWA
ZACHODNIA -
KATOWICE",IRR1/9,Rudniki,2,209.283,222.875,"roboty torowe, SRK, prace na
przejazdach i obiektach
inżynieryjnych",28,24,672,50,,"jednotorowo
dwukierunkowo",2026-06-07,2026-07-04,Korekta_SHZT_2025_2026
1688,1,"WARSZAWA
ZACHODNIA -
KATOWICE",IRR1/9,Rudniki - Wyczerpy,1,216.698,229.278,"roboty torowe, SRK, prace na
przejazdach i obiektach
inżynieryjnych",7,24,168,50,,"jednotorowo
dwukierunkowo",2026-05-31,2026-06-06,Korekta_SHZT_2025_2026
1689,1,"WARSZAWA
ZACHODNIA -
KATOWICE",IRR1/9,Rudniki - Wyczerpy,1,216.698,229.278,"roboty torowe, SRK, prace na
przejazdach i obiektach
inżynieryjnych",14,24,336,50,,"jednotorowo
dwukierunkowo",2026-07-12,2026-07-25,Korekta_SHZT_2025_2026
1690,1,"WARSZAWA
ZACHODNIA -
KATOWICE",IRR1/9,Rudniki,1,216.698,218.041,"roboty torowe, SRK, prace na
przejazdach i obiektach
inżynieryjnych",28,24,672,50,,"jednotorowo
dwukierunkowo",2026-05-10,2026-06-06,Korekta_SHZT_2025_2026
1691,1,"WARSZAWA
ZACHODNIA -
KATOWICE",IRR1/9,Wyczerpy,1,218.006,222.875,"roboty torowe, SRK, prace na
przejazdach i obiektach
inżynieryjnych",21,24,504,50,,"jednotorowo
dwukierunkowo",2026-02-15,2026-03-07,Korekta_SHZT_2025_2026
1692,1,"WARSZAWA
ZACHODNIA -
KATOWICE",IRR1/9,Wyczerpy,2,218.006,222.875,"roboty torowe, SRK, prace na
przejazdach i obiektach
inżynieryjnych",14,24,336,50,,"jednotorowo
dwukierunkowo",2026-03-08,2026-03-21,Korekta_SHZT_2025_2026
1693,1,"WARSZAWA
ZACHODNIA -
KATOWICE",IRR1/9,Rudniki - Wyczerpy,2,218.006,222.875,"roboty torowe, SRK, prace na
przejazdach i obiektach
inżynieryjnych",7,24,168,50,,"jednotorowo
dwukierunkowo",2026-06-07,2026-06-13,Korekta_SHZT_2025_2026
1694,1,"WARSZAWA
ZACHODNIA -
KATOWICE",IRR1/9,Rudniki - Wyczerpy,2,218.006,222.875,"roboty torowe, SRK, prace na
przejazdach i obiektach
inżynieryjnych",14,24,336,50,,"jednotorowo
dwukierunkowo",2026-06-28,2026-07-11,Korekta_SHZT_2025_2026
1695,1,"WARSZAWA
ZACHODNIA -
KATOWICE",IRR1/9,Wyczerpy - Częstochowa,2,218.006,229.245,"roboty torowe, SRK, prace na
przejazdach i obiektach
inżynieryjnych",63,24,1512,50,,"jednotorowo
dwukierunkowo",2026-03-08,2026-05-09,Korekta_SHZT_2025_2026
1696,1,"WARSZAWA
ZACHODNIA -
KATOWICE",IRR1/9,Wyczerpy - Częstochowa,1,222.827,229.350,"roboty torowe, SRK, prace na
przejazdach i obiektach
inżynieryjnych",87,24,2088,50,,"jednotorowo
dwukierunkowo",2025-11-09,2026-03-07,Korekta_SHZT_2025_2026
1697,1,"WARSZAWA
ZACHODNIA -
KATOWICE",IRR1/9,Częstochowa,1,229.206,,"roboty torowe, SRK, prace na
przejazdach i obiektach
inżynieryjnych",7,24,168,50,,"jednotorowo
dwukierunkowo",2026-03-01,2026-03-07,Korekta_SHZT_2025_2026
1698,1,"WARSZAWA
ZACHODNIA -
KATOWICE",IRR4/4,Będzin,"2, 4",305.500,305.500,"Roboty zasadnicze.
Kompleksowa wymiana
nawierzchni w torze nr 2, 4, 6,
roboty branży SRK, sieci
trakcyjnej,
elektroenergetycznej,
mostowej",161,24,3864,,,"Tory czynne w stacji
(nowy tor 1, 3, 5, 7)",2025-10-23,2026-05-23,Korekta_SHZT_2025_2026
1699,1,"WARSZAWA
ZACHODNIA -
KATOWICE",IRR4/4,Będzin,1,305.500,305.500,"Roboty zasadnicze
(domknięcie technologiczne).
Domknięcie technologiczne -
prace związane z realizacją
inwestycji",161,4,644,,,przerwa w ruchu,2025-10-23,2026-05-23,Korekta_SHZT_2025_2026
1700,1,"WARSZAWA
ZACHODNIA -
KATOWICE",IRR4/4,Będzin - Sosnowiec Główny,2,305.500,308.300,"Roboty zasadnicze.
Kompleksowa wymiana
nawierzchni w torze nr 2,
budowa nowego toru nr 4,
roboty branży SRK, sieci
trakcyjnej,
elektroenergetycznej,
mostowej",161,24,3864,,,"Ruch dwutorowy (po
nowych torach nr 1, 3)",2025-10-23,2026-05-23,Korekta_SHZT_2025_2026
1701,1,"WARSZAWA
ZACHODNIA -
KATOWICE",IRR4/4,Będzin - Sosnowiec Główny,1,305.500,308.300,"Roboty zasadnicze
(domknięcie technologiczne).
Domknięcie technologiczne -
prace związane z realizacją
inwestycji",161,4,644,,,przerwa w ruchu,2025-10-23,2026-05-23,Korekta_SHZT_2025_2026
1702,1,"WARSZAWA
ZACHODNIA -
KATOWICE",IRR4/4,Będzin,"1, 2",305.500,305.500,"Roboty zasadnicze.
Kompleksowa wymiana
nawierzchni w torze nr 1, 2,
roboty branży SRK, sieci
trakcyjnej,
elektroenergetycznej,
mostowej",203,24,4872,,,"Tory czynne w stacji
(nowy tor 4, 6), tor 3, 5,
5a, 7 jako tory
odstawcze",2026-05-24,2027-01-10,Korekta_SHZT_2025_2026
1703,1,"WARSZAWA
ZACHODNIA -
KATOWICE",IRR4/4,Będzin - Sosnowiec Główny,"1, 2",305.500,308.300,"Roboty zasadnicze.
Kompleksowa wymiana
nawierzchni w torze nr 1, 2, 3,
roboty branży SRK, sieci
trakcyjnej,
elektroenergetycznej,
mostowej",203,24,4872,,,"Ruch jednotorowy
dwukierunkowy (po
nowym torze nr 4)",2026-05-24,2027-01-10,Korekta_SHZT_2025_2026
1704,1,"WARSZAWA
ZACHODNIA -
KATOWICE",IRR4/4,Sosnowiec Główny,1,309.500,309.500,"Roboty zasadnicze
(domknięcie technologiczne).
Domknięcie technologiczne -
prace związane z realizacją
inwestycji",161,4,644,,,przerwa w ruchu,2025-10-23,2026-05-23,Korekta_SHZT_2025_2026
1705,1,"WARSZAWA
ZACHODNIA -
KATOWICE",IRR4/4,"Sosnowiec Główny - Katowice
Zawodzie",2,309.800,314.700,"Roboty zasadnicze.
Kompleksowa wymiana
nawierzchni w torze nr 1,
roboty branży SRK, sieci
trakcyjnej,
elektroenergetycznej,
mostowej",161,24,3864,,,"jednotorowo
dwukierunkowo",2025-05-23,2026-05-23,Korekta_SHZT_2025_2026
1706,1,"WARSZAWA
ZACHODNIA -
KATOWICE",IRR4/4,"Sosnowiec Główny - Katowice
Zawodzie",1,309.800,314.700,"Roboty zasadnicze
(domknięcie technologiczne).
Domknięcie technologiczne -
prace związane z realizacją
inwestycji",161,6,966,,,przerwa w ruchu,2025-05-23,2026-05-23,Korekta_SHZT_2025_2026
1707,1,"WARSZAWA
ZACHODNIA -
KATOWICE",IRR4/4,"Sosnowiec Główny - Katowice
Zawodzie","1, 2",309.800,314.700,"Roboty zasadnicze.
Kompleksowa wymiana
nawierzchni w torze nr 1, 2,
budowa nowego toru nr 3,
roboty branży SRK, sieci
trakcyjnej,
elektroenergetycznej,
mostowej, peronowej",203,24,4872,,,"Ruch jednotorowy
dwukierunkowy (po
nowym torze nr 4)",2026-05-24,2027-01-10,Korekta_SHZT_2025_2026
1708,1,"WARSZAWA
ZACHODNIA -
KATOWICE",IRR4/4,Katowice Zawodzie,1,314.494,316.200,modernizacja,62,24,1488,40,120,"ruch po torach czynnych
w stacji",2026-04-30,2026-06-30,Korekta_SHZT_2025_2026
1709,1,"WARSZAWA
ZACHODNIA -
KATOWICE",IRR4/4,Katowice Zawodzie,2,314.494,316.200,modernizacja,9,24,216,40,120,"ruch w obu kierunkach
po istniejącym torze nr 1
LK1, ruch w obu
kierunkach po nowym
torze nr 2 LK659 i torze
nr 2 LK 138",2026-06-14,2026-06-22,Korekta_SHZT_2025_2026
1710,1,"WARSZAWA
ZACHODNIA -
KATOWICE",IRR4/4,Katowice Zawodzie,2,314.494,316.200,modernizacja,18,24,432,40,120,"ruch po torach czynnych
w stacji",2026-11-25,2027-03-26,Korekta_SHZT_2025_2026
1711,1,"WARSZAWA
ZACHODNIA -
KATOWICE",IRR4/4,Katowice Zawodzie,1-10,314.494,316.200,domknięcie technologiczne,364,6,2184,,,przerwa w ruchu,2025-12-14,2026-12-12,Korekta_SHZT_2025_2026
1712,1,"WARSZAWA
ZACHODNIA -
KATOWICE",IRR4/4,Katowice Zawodzie - Katowice,"1, 2",316.000,317.700,modernizacja,364,5,1820,,,przerwa w ruchu,2025-12-14,2026-12-12,Korekta_SHZT_2025_2026
1713,1,"WARSZAWA
ZACHODNIA -
KATOWICE",IRR4/4,Katowice Zawodzie - Katowice,"1, 2",316.200,317.023,domknięcie technologiczne,364,6,2184,,,przerwa w ruchu,2025-12-14,2026-12-12,Korekta_SHZT_2025_2026
1714,1,"WARSZAWA
ZACHODNIA -
KATOWICE",IRR4/4,Katowice,6,317.023,318.686,modernizacja,73,24,1752,40,120,"ruch po torach czynnych
w stacji",2025-08-26,2026-02-24,Korekta_SHZT_2025_2026
1715,1,"WARSZAWA
ZACHODNIA -
KATOWICE",IRR4/4,Katowice,8,317.023,318.686,modernizacja,119,24,2856,40,60,"ruch po torach czynnych
w stacji",2026-02-25,2026-06-23,Korekta_SHZT_2025_2026
1716,1,"WARSZAWA
ZACHODNIA -
KATOWICE",IRR4/4,Katowice,10,317.023,318.686,modernizacja,168,24,4032,40,120,"ruch po torach czynnych
w stacji",2026-06-28,2027-03-24,Korekta_SHZT_2025_2026
1717,1,"WARSZAWA
ZACHODNIA -
KATOWICE",IRR4/4,Katowice,6,317.023,318.686,modernizacja,81,24,1944,40,120,"ruch po torach czynnych
w stacji",2026-09-23,2027-04-23,Korekta_SHZT_2025_2026
1718,1,"WARSZAWA
ZACHODNIA -
KATOWICE",IRR4/4,Katowice,8,317.023,318.686,modernizacja,81,24,1944,40,60,"ruch po torach czynnych
w stacji",2026-09-23,2027-03-24,Korekta_SHZT_2025_2026
1719,1,"WARSZAWA
ZACHODNIA -
KATOWICE",IRR4/4,Katowice,"13, 13a",317.023,318.686,modernizacja,59,24,1416,40,120,"ruch po torach czynnych
w stacji",2026-02-25,2026-04-24,Korekta_SHZT_2025_2026
1720,1,"WARSZAWA
ZACHODNIA -
KATOWICE",IRR4/4,Katowice,15a,317.023,318.686,modernizacja,209,24,5016,40,100,"ruch po torach czynnych
w stacji",2026-02-25,2026-09-21,Korekta_SHZT_2025_2026
1721,1,"WARSZAWA
ZACHODNIA -
KATOWICE",IRR4/4,Katowice,17,317.023,318.686,modernizacja,209,24,5016,40,100,"ruch po torach czynnych
w stacji",2026-02-25,2026-09-21,Korekta_SHZT_2025_2026
1722,1,"WARSZAWA
ZACHODNIA -
KATOWICE",IRR4/4,Katowice,15,317.023,318.686,modernizacja,146,24,3504,40,100,"ruch po torach czynnych
w stacji",2026-04-30,2026-09-22,Korekta_SHZT_2025_2026
1723,1,"WARSZAWA
ZACHODNIA -
KATOWICE",IRR4/4,Katowice,1-9,317.023,318.686,domknięcie technologiczne,364,6,2184,,,przerwa w ruchu,2025-12-14,2026-12-12,Korekta_SHZT_2025_2026
1724,1,"WARSZAWA
ZACHODNIA -
KATOWICE",IRR4/4,Katowice,cała stacja,317.700,318.600,modernizacja,364,5,1820,,,przerwa w ruchu,2025-12-14,2026-12-12,Korekta_SHZT_2025_2026
1725,1,"WARSZAWA
ZACHODNIA -
KATOWICE",IRR1/9,Częstochowa,2,,,"roboty torowe, SRK, prace na
przejazdach i obiektach
inżynieryjnych",7,24,168,50,,"jednotorowo
dwukierunkowo",2026-03-08,2026-03-14,Korekta_SHZT_2025_2026
1726,2,"WARSZAWA
ZACHODNIA -
TERESPOL",IRR1/11,"Warszawa Centralna -
Warszawa Wschodnia","1Śr, 2Śr",2.700,3.690,"Modernizacja linii kolejowych i
stacji kolejowych",179,24,4296,,"bez
ograniczenia",przerwa w ruchu,2026-06-14,2028-06-16,Korekta_SHZT_2025_2026
1727,2,"WARSZAWA
ZACHODNIA -
TERESPOL",IRR1/11,Warszawa Wschodnia,"1, 1a, 2, 2a,
2b, 3, 3a, 4,
4a, 4b, 4c,
51, 52, 53,
54, 6, 8, 10,
12, 1T, 2s,
5a,5b, 40, 41,
44, 61, 63,
81, 74, 72,
70, 18, 16, 14",3.690,4.950,"Modernizacja linii kolejowych i
stacji kolejowych",179,24,4296,,"bez
ograniczenia","ruch po torach czynnych
w stacji",2026-06-14,2028-06-16,Korekta_SHZT_2025_2026
1728,2,"WARSZAWA
WSCHODNIA -
WARSZAWA
WSCHODNIA
TOWAROWA T2P",IRR1/11,"Warszawa Wschodnia -
Warszawa Podskarbińska",2m,4.407,5.987,"Modernizacja linii kolejowych i
stacji kolejowych",179,24,4296,,"bez
ograniczenia",przerwa w ruchu,2026-06-14,2028-06-16,Korekta_SHZT_2025_2026
1729,2,"WARSZAWA
ZACHODNIA -
TERESPOL",IRR1/11,Warszawa Rembertów,1m,11.673,11.823,budowa tunelu,183,24,4392,50,"bez
ograniczenia","ruch po torach czynnych
w stacji",2026-03-29,2026-09-27,Korekta_SHZT_2025_2026
1730,2,"WARSZAWA
ZACHODNIA -
TERESPOL",IRR1/11,Warszawa Rembertów,2m,11.673,11.823,budowa tunelu,105,24,2520,50,"bez
ograniczenia","ruch po torach czynnych
w stacji",2025-08-29,2026-03-28,Korekta_SHZT_2025_2026
1731,2,"WARSZAWA
ZACHODNIA -
TERESPOL",IRR1/11,Warszawa Rembertów,2m,11.673,11.823,budowa tunelu,76,4,304,50,"bez
ograniczenia","ruch po torach czynnych
w stacji",2026-09-28,2027-09-27,Korekta_SHZT_2025_2026
1732,2,"WARSZAWA
ZACHODNIA -
TERESPOL",IRR1/11,"Warszawa Rembertów -
Sulejówek Miłosna",1,16.200,16.400,budowa tunelu,66,4,264,50,"bez
ograniczenia",przerwa w ruchu,2025-08-02,2026-02-17,Korekta_SHZT_2025_2026
1733,2,"WARSZAWA
ZACHODNIA -
TERESPOL",IRR1/11,"Warszawa Rembertów -
Sulejówek Miłosna",1,16.200,16.400,budowa tunelu,16,24,384,50,"bez
ograniczenia","jednotorowo
dwukierunkowo",2026-02-18,2026-03-05,Korekta_SHZT_2025_2026
1734,2,"WARSZAWA
ZACHODNIA -
TERESPOL",IRR1/11,"Warszawa Rembertów -
Sulejówek Miłosna",2,16.200,16.400,budowa tunelu,50,4,200,50,"bez
ograniczenia",przerwa w ruchu,2025-07-17,2026-02-01,Korekta_SHZT_2025_2026
1735,2,"WARSZAWA
ZACHODNIA -
TERESPOL",IRR1/11,"Warszawa Rembertów -
Sulejówek Miłosna",2,16.200,16.400,budowa tunelu,16,24,384,50,"bez
ograniczenia","jednotorowo
dwukierunkowo",2026-02-02,2026-02-17,Korekta_SHZT_2025_2026
1736,2,"WARSZAWA
ZACHODNIA -
TERESPOL",IRR1/11,"Warszawa Rembertów -
Sulejówek Miłosna",2,16.200,16.400,budowa tunelu,298,4,1192,50,"bez
ograniczenia","jednotorowo
dwukierunkowo",2026-02-18,2027-03-05,Korekta_SHZT_2025_2026
1737,3,"WARSZAWA
ZACHODNIA -
KUNOWICE",IRR5/5,Opalenica - Nowy Tomyśl,2,343.044,360.953,wymiana sieci trakcyjnej,117,24,2808,60,,"jednotorowo
dwukierunkowo",2026-01-12,2026-05-08,Korekta_SHZT_2025_2026
1738,3,"WARSZAWA
ZACHODNIA -
KUNOWICE",IRR5/5,"Opalenica - Nowy Tomyśl t.2;
st. Nowy Tomyśl (od str. P-ń)
t.2, 4, 6","2,
2, 4, 6",343.044,362.562,wymiana szyn,19,24,456,60,,"jednotorowo
dwukierunkowo",2026-01-12,2026-01-30,Korekta_SHZT_2025_2026
1739,3,"WARSZAWA
ZACHODNIA -
KUNOWICE",IRR5/5,Palędzie - Buk,2,318.550,334.070,"Roboty torowe i okołotorowe, a
także prace w zakresie sieci
trakcyjnej oraz urządzeń SRK",87,24,2088,60,,"jednotorowo
dwukierunkowo",2025-10-14,2026-03-10,Korekta_SHZT_2025_2026
1740,3,"WARSZAWA
ZACHODNIA -
KUNOWICE",IRR5/5,"Buk - Opalenica t.1 + st. Buk
t.1, 3","1, 3",335.490,343.044,"Roboty torowe i okołotorowe, a
także prace w zakresie sieci
trakcyjnej oraz urządzeń SRK",31,24,744,60,,"jednotorowo
dwukierunkowo",2026-05-09,2026-06-08,Korekta_SHZT_2025_2026
1741,3,"WARSZAWA
ZACHODNIA -
KUNOWICE",IRR5/5,Buk - Opalenica,1,335.490,343.085,"Roboty torowe i okołotorowe, a
także prace w zakresie sieci
trakcyjnej oraz urządzeń SRK",61,24,1464,60,,"jednotorowo
dwukierunkowo",2026-05-09,2026-07-08,Korekta_SHZT_2025_2026
1742,3,"WARSZAWA
ZACHODNIA -
KUNOWICE",IRR5/5,"Buk - Opalenica t.1 +
st.Opalenica t.1, 3, 5 (głowica
Rz od strony Zbk)","1, 3, 5",335.490,344.601,"Roboty torowe i okołotorowe, a
także prace w zakresie sieci
trakcyjnej oraz urządzeń SRK",31,24,744,60,,"jednotorowo
dwukierunkowo",2026-06-08,2026-07-08,Korekta_SHZT_2025_2026
1743,3,"WARSZAWA
ZACHODNIA -
KUNOWICE",IRR5/5,"Buk - Opalenica t.2 + st. Buk
t.2, 4, 6 (głowica Rz od strony
Pń)","2, 4, 6",334.070,343.044,"Roboty torowe i okołotorowe, a
także prace w zakresie sieci
trakcyjnej oraz urządzeń SRK",16,24,384,60,,"jednotorowo
dwukierunkowo",2026-07-09,2026-07-24,Korekta_SHZT_2025_2026
1744,3,"WARSZAWA
ZACHODNIA -
KUNOWICE",IRR5/5,Buk - Opalenica,2,335.533,343.044,"Roboty torowe i okołotorowe, a
także prace w zakresie sieci
trakcyjnej oraz urządzeń SRK",58,24,1392,60,,"jednotorowo
dwukierunkowo",2026-07-09,2026-09-04,Korekta_SHZT_2025_2026
1745,3,"WARSZAWA
ZACHODNIA -
KUNOWICE",IRR5/5,"Buk - Opalenica t.2 + st.
Opalenica t.2, 4, 6 (głowica Rz
od strony Pń)","2, 4, 6",335.533,344.601,"Roboty torowe i okołotorowe, a
także prace w zakresie sieci
trakcyjnej oraz urządzeń SRK",36,24,864,60,,"jednotorowo
dwukierunkowo",2026-07-31,2026-09-04,Korekta_SHZT_2025_2026
1746,3,"WARSZAWA
ZACHODNIA -
KUNOWICE",IRR5/5,"Opalenica - (Porażyn) - Nowy
Tomyśl",1,344.601,351.324,"Roboty torowe i okołotorowe, a
także prace w zakresie sieci
trakcyjnej oraz urządzeń SRK",28,24,672,60,,"jednotorowo
dwukierunkowo",2025-10-31,2026-01-10,Korekta_SHZT_2025_2026
1747,3,"WARSZAWA
ZACHODNIA -
KUNOWICE",IRR5/5,"Opalenica - (Porażyn) - Nowy
Tomyśl t.1 + Opalenica t.1, 3, 5
(głowica Rz od strony Pń)","1, 3, 5",343.850,351.190,"Roboty torowe i okołotorowe, a
także prace w zakresie sieci
trakcyjnej oraz urządzeń SRK",28,24,672,60,,"jednotorowo
dwukierunkowo",2025-12-03,2026-01-10,Korekta_SHZT_2025_2026
1748,3,"WARSZAWA
ZACHODNIA -
KUNOWICE",IRR5/5,"Opalenica - Nowy Tomyśl t.2 +
st. Opalenica t.2, 4, 6 (głowica
Rz od strony Zbk)","2, 4, 6",343.044,360.953,"Roboty torowe i okołotorowe, a
także prace w zakresie sieci
trakcyjnej oraz urządzeń SRK",37,24,888,60,,"jednotorowo
dwukierunkowo",2026-03-30,2026-05-05,Korekta_SHZT_2025_2026
1749,7,"WARSZAWA
WSCHODNIA
OSOBOWA -
DOROHUSK",IRR1/11,Warszawa Wschodnia,20,3.690,4.950,"Modernizacja linii kolejowych i
stacji kolejowych",7,24,168,,"bez
ograniczenia","ruch po torach czynnych
w stacji",2026-05-31,2026-06-06,Korekta_SHZT_2025_2026
1750,7,"WARSZAWA
WSCHODNIA
OSOBOWA -
DOROHUSK",IRR1/11,Warszawa Wschodnia,21,3.690,4.950,"Modernizacja linii kolejowych i
stacji kolejowych",7,24,168,,"bez
ograniczenia","ruch po torach czynnych
w stacji",2026-05-24,2026-05-30,Korekta_SHZT_2025_2026
1751,7,"WARSZAWA
WSCHODNIA
OSOBOWA -
DOROHUSK",IRR1/3,"Warszawa Międzylesie -
Otwock",1,15.127,26.050,Modernizacja,359,4,1436,,120,przerwa w ruchu,2025-12-19,2026-12-17,Korekta_SHZT_2025_2026
1752,7,"WARSZAWA
WSCHODNIA
OSOBOWA -
DOROHUSK",IRR1/3,"Warszawa Międzylesie -
Warszawa Falenica",2,15.127,19.510,Modernizacja,360,24,8640,,120,"jednotorowo
dwukierunkowo",2025-12-18,2026-12-16,Korekta_SHZT_2025_2026
1753,7,"WARSZAWA
WSCHODNIA
OSOBOWA -
DOROHUSK",IRR1/3,Warszawa Falenica,"2, 2c",20.040,21.825,Modernizacja,359,24,8616,,,"jazda po torach 1, 3a, 3,
5",2025-12-19,2026-12-17,Korekta_SHZT_2025_2026
1754,7,"WARSZAWA
WSCHODNIA
OSOBOWA -
DOROHUSK",IRR1/3,Warszawa Falenica - Otwock,2,21.990,26.050,Modernizacja,360,24,8640,,120,"jednotorowo
dwukierunkowo",2025-12-18,2026-12-16,Korekta_SHZT_2025_2026
1755,8,"WARSZAWA
ZACHODNIA -
KRAKÓW GŁÓWNY",IRR3/4,"Skarżysko-Kamienna -
Suchedniów",1,150.800,151.600,"Modernizacja linii /
przebudowa układu torowego
wraz z pozostałymi
elementami infrastruktury",316,4,1264,60,"bez
ograniczenia",przerwa w ruchu,2026-01-31,2027-03-02,Korekta_SHZT_2025_2026
1756,8,"WARSZAWA
ZACHODNIA -
KRAKÓW GŁÓWNY",IRR3/4,"Skarżysko-Kamienna -
Suchedniów",2,150.800,151.600,"Modernizacja linii /
przebudowa układu torowego
wraz z pozostałymi
elementami infrastruktury",316,24,7584,60,"bez
ograniczenia","ruch jednotorowy
dwukierunkowy po torze
czynnym",2026-01-31,2027-03-02,Korekta_SHZT_2025_2026
1757,8,"WARSZAWA
ZACHODNIA -
KRAKÓW GŁÓWNY",IRR3/4,Suchedniów,2,151.600,152.700,"Modernizacja linii /
przebudowa układu torowego
wraz z pozostałymi
elementami infrastruktury",316,24,7584,60,"bez
ograniczenia","ruch jednotorowy
dwukierunkowy po torze
czynnym",2026-01-31,2027-03-02,Korekta_SHZT_2025_2026
1758,8,"WARSZAWA
ZACHODNIA -
KRAKÓW GŁÓWNY",IRR3/4,Suchedniów,1,151.600,152.700,"Modernizacja linii /
przebudowa układu torowego
wraz z pozostałymi
elementami infrastruktury",316,4,1264,60,"bez
ograniczenia",przerwa w ruchu,2026-01-31,2027-03-02,Korekta_SHZT_2025_2026
1759,8,"WARSZAWA
ZACHODNIA -
KRAKÓW GŁÓWNY",IRR3/4,Suchedniów,4,151.929,152.762,"Modernizacja linii /
przebudowa układu torowego
wraz z pozostałymi
elementami infrastruktury",316,24,7584,60,"bez
ograniczenia","ruch jednotorowy
dwukierunkowy po torze
czynnym",2026-01-31,2027-03-02,Korekta_SHZT_2025_2026
1760,8,"WARSZAWA
ZACHODNIA -
KRAKÓW GŁÓWNY",IRR3/4,Suchedniów,6,151.979,152.567,"Modernizacja linii /
przebudowa układu torowego
wraz z pozostałymi
elementami infrastruktury",316,24,7584,60,"bez
ograniczenia","ruch jednotorowy
dwukierunkowy po torze
czynnym",2026-01-31,2027-03-02,Korekta_SHZT_2025_2026
1761,8,"WARSZAWA
ZACHODNIA -
KRAKÓW GŁÓWNY",IRR3/4,Suchedniów,16,152.567,152.757,"Modernizacja linii /
przebudowa układu torowego
wraz z pozostałymi
elementami infrastruktury",316,24,7584,60,"bez
ograniczenia","ruch jednotorowy
dwukierunkowy po torze
czynnym",2026-01-31,2027-03-02,Korekta_SHZT_2025_2026
1762,8,"WARSZAWA
ZACHODNIA -
KRAKÓW GŁÓWNY",IRR3/4,Suchedniów - Łączna,1,152.800,158.700,"Modernizacja linii /
przebudowa układu torowego
wraz z pozostałymi
elementami infrastruktury",316,24,7584,60,"bez
ograniczenia","ruch jednotorowy
dwukierunkowy po torze
czynnym",2026-01-31,2027-03-02,Korekta_SHZT_2025_2026
1763,8,"WARSZAWA
ZACHODNIA -
KRAKÓW GŁÓWNY",IRR3/4,Suchedniów - Łączna,2,152.800,158.700,"Modernizacja linii /
przebudowa układu torowego
wraz z pozostałymi
elementami infrastruktury",316,4,1264,60,"bez
ograniczenia",przerwa w ruchu,2026-01-31,2027-03-02,Korekta_SHZT_2025_2026
1764,8,"WARSZAWA
ZACHODNIA -
KRAKÓW GŁÓWNY",IRR3/4,Suchedniów,"23, 25, 27",152.800,153.100,"Modernizacja linii /
przebudowa układu torowego
wraz z pozostałymi
elementami infrastruktury",316,24,7584,60,"bez
ograniczenia","ruch jednotorowy
dwukierunkowy po torze
czynnym",2026-01-31,2027-03-02,Korekta_SHZT_2025_2026
1765,8,"WARSZAWA
ZACHODNIA -
KRAKÓW GŁÓWNY",IRR3/4,Łączna,1,159.950,160.600,"Modernizacja linii /
przebudowa układu torowego
wraz z pozostałymi
elementami infrastruktury",316,24,7584,60,"bez
ograniczenia","ruch jednotorowy
dwukierunkowy po torze
czynnym",2026-01-31,2027-03-02,Korekta_SHZT_2025_2026
1766,8,"WARSZAWA
ZACHODNIA -
KRAKÓW GŁÓWNY",IRR3/4,Łączna,2,159.950,160.600,"Modernizacja linii /
przebudowa układu torowego
wraz z pozostałymi
elementami infrastruktury",316,4,1264,60,"bez
ograniczenia",przerwa w ruchu,2026-01-31,2027-03-02,Korekta_SHZT_2025_2026
1767,8,"WARSZAWA
ZACHODNIA -
KRAKÓW GŁÓWNY",IRR3/4,Łączna,3,159.950,160.600,"Modernizacja linii /
przebudowa układu torowego
wraz z pozostałymi
elementami infrastruktury",316,24,7584,60,"bez
ograniczenia","ruch jednotorowy
dwukierunkowy po torze
czynnym",2026-01-31,2027-03-02,Korekta_SHZT_2025_2026
1768,8,"WARSZAWA
ZACHODNIA -
KRAKÓW GŁÓWNY",IRR3/4,Łączna - Zagnańsk,1,160.700,170.200,"Modernizacja linii /
przebudowa układu torowego
wraz z pozostałymi
elementami infrastruktury",316,24,7584,60,60,"ruch jednotorowy
dwukierunkowy po torze
czynnym",2026-01-31,2027-03-02,Korekta_SHZT_2025_2026
1769,8,"WARSZAWA
ZACHODNIA -
KRAKÓW GŁÓWNY",IRR3/4,Łączna - Zagnańsk,2,160.700,170.200,"Modernizacja linii /
przebudowa układu torowego
wraz z pozostałymi
elementami infrastruktury",316,4,1264,60,60,przerwa w ruchu,2026-01-31,2027-03-02,Korekta_SHZT_2025_2026
1770,8,"WARSZAWA
ZACHODNIA -
KRAKÓW GŁÓWNY",IRR3/4,Zagnańsk,"1, 3",170.750,171.350,"Modernizacja linii /
przebudowa układu torowego
wraz z pozostałymi
elementami infrastruktury",316,24,7584,60,60,"ruch po torach czynnych
w stacji",2026-01-31,2027-03-02,Korekta_SHZT_2025_2026
1771,8,"WARSZAWA
ZACHODNIA -
KRAKÓW GŁÓWNY",IRR3/4,Zagnańsk,2,170.750,171.350,"Modernizacja linii /
przebudowa układu torowego
wraz z pozostałymi
elementami infrastruktury",316,4,1264,60,60,przerwa w ruchu,2026-01-31,2027-03-02,Korekta_SHZT_2025_2026
1772,8,"WARSZAWA
ZACHODNIA -
KRAKÓW GŁÓWNY",IRR3/4,Zagnańsk - Kostomłoty,1,171.800,172.100,"Modernizacja linii /
przebudowa układu torowego
wraz z pozostałymi
elementami infrastruktury",316,24,7584,60,60,"ruch jednotorowy
dwukierunkowy po torze
czynnym",2026-01-31,2027-03-02,Korekta_SHZT_2025_2026
1773,8,"WARSZAWA
ZACHODNIA -
KRAKÓW GŁÓWNY",IRR3/4,Zagnańsk - Kostomłoty,2,171.800,172.100,"Modernizacja linii /
przebudowa układu torowego
wraz z pozostałymi
elementami infrastruktury",316,4,1264,60,60,przerwa w ruchu,2026-01-31,2027-03-02,Korekta_SHZT_2025_2026
1774,8,"WARSZAWA
ZACHODNIA -
KRAKÓW GŁÓWNY",IZ Kielce,"Kielce Białogon - Sitkówka
Nowiny",1,194.870,194.900,"Remont główny wiaduktu
w km 1,294 linii nr 568",29,24,696,30,"bez
ograniczenia","ruch jednotorowy
dwukierunkowy po torze
czynnym",2026-08-01,2026-08-29,Korekta_SHZT_2025_2026
1775,8,"WARSZAWA
ZACHODNIA -
KRAKÓW GŁÓWNY",IZ Kielce,"Kielce Białogon - Sitkówka
Nowiny",2,194.870,194.900,"Remont główny wiaduktu
w km 1,294 linii nr 568",26,24,624,30,"bez
ograniczenia","ruch jednotorowy
dwukierunkowy po torze
czynnym",2026-08-01,2026-08-14,Korekta_SHZT_2025_2026
1776,8,"WARSZAWA
ZACHODNIA -
KRAKÓW GŁÓWNY",IRR3/4,Sędziszów - Kozłów,1,252.800,261.058,"Modernizacja linii /
przebudowa układu torowego
wraz z pozostałymi
elementami infrastruktury",273,4,1092,,"bez
ograniczenia",przerwa w ruchu,2026-01-01,2026-06-30,Korekta_SHZT_2025_2026
1777,8,"WARSZAWA
ZACHODNIA -
KRAKÓW GŁÓWNY",IRR3/4,Sędziszów - Kozłów,2,252.800,261.058,"Modernizacja linii /
przebudowa układu torowego
wraz z pozostałymi
elementami infrastruktury",273,24,6552,100,"bez
ograniczenia","ruch jednotorowy
dwukierunkowy po torze
czynnym",2026-01-01,2026-06-30,Korekta_SHZT_2025_2026
1778,8,"WARSZAWA
ZACHODNIA -
KRAKÓW GŁÓWNY",IRR3/4,Sędziszów - Kozłów,1,261.041,262.753,"Modernizacja linii /
przebudowa układu torowego
wraz z pozostałymi
elementami infrastruktury",18,24,432,,"bez
ograniczenia","ruch jednotorowy
dwukierunkowy po torze
czynnym",2025-03-09,2025-12-31,Korekta_SHZT_2025_2026
1779,8,"WARSZAWA
ZACHODNIA -
KRAKÓW GŁÓWNY",IRR3/4,Sędziszów - Kozłów,2,261.041,262.753,"Modernizacja linii /
przebudowa układu torowego
wraz z pozostałymi
elementami infrastruktury",18,4,72,,"bez
ograniczenia",przerwa w ruchu,2025-03-09,2025-12-31,Korekta_SHZT_2025_2026
1780,8,"WARSZAWA
ZACHODNIA -
KRAKÓW GŁÓWNY",IRR3/4,Kozłów,"3, 3a, 5, 5a,
5b, 7, 11, 13",261.041,262.753,"Modernizacja linii /
przebudowa układu torowego
wraz z pozostałymi
elementami infrastruktury",18,24,432,,"bez
ograniczenia","ruch po torach czynnych
w stacji",2024-11-10,2025-12-31,Korekta_SHZT_2025_2026
1781,8,"WARSZAWA
ZACHODNIA -
KRAKÓW GŁÓWNY",IRR3/4,Kozłów,"4, 4c, 6, 8a,
10",261.058,262.449,"Modernizacja linii /
przebudowa układu torowego
wraz z pozostałymi
elementami infrastruktury",273,24,6552,100,"bez
ograniczenia","ruch po torach czynnych
w stacji",2026-01-01,2026-06-30,Korekta_SHZT_2025_2026
1782,8,"WARSZAWA
ZACHODNIA -
KRAKÓW GŁÓWNY",IRR3/4,Kozłów,"9, 9a, 9b",261.469,262.400,"Modernizacja linii /
przebudowa układu torowego
wraz z pozostałymi
elementami infrastruktury",12,24,288,,"bez
ograniczenia","ruch po torach czynnych
w stacji",2024-11-04,2025-12-25,Korekta_SHZT_2025_2026
1783,8,"WARSZAWA
ZACHODNIA -
KRAKÓW GŁÓWNY",IRR3/4,Kozłów - Tunel,1,262.800,263.400,"Modernizacja linii /
przebudowa układu torowego
wraz z pozostałymi
elementami infrastruktury",184,4,736,,"bez
ograniczenia",przerwa w ruchu,2025-12-14,2026-06-15,Korekta_SHZT_2025_2026
1784,8,"WARSZAWA
ZACHODNIA -
KRAKÓW GŁÓWNY",IRR3/4,Kozłów - Tunel,2,262.800,263.400,"Modernizacja linii /
przebudowa układu torowego
wraz z pozostałymi
elementami infrastruktury",184,24,4416,100,"bez
ograniczenia","ruch jednotorowy
dwukierunkowy po torze
czynnym",2025-12-14,2026-06-15,Korekta_SHZT_2025_2026
1785,8,"WARSZAWA
ZACHODNIA -
KRAKÓW GŁÓWNY",IRR3/4,Kozłów - Tunel,1,266.365,267.403,"Mechaniczne podbicie toru -
1,038 kmt - z uzupełnieniem
podsypki, z demontażem i
ponownym montażem
nawierzchni przejazdu w km
267,630",2,4,8,,"bez
ograniczenia",przerwa w ruchu,2025-12-15,2025-12-16,Korekta_SHZT_2025_2026
1786,8,"WARSZAWA
ZACHODNIA -
KRAKÓW GŁÓWNY",IRR3/4,Kozłów - Tunel,2,266.365,267.403,"Mechaniczne podbicie toru -
1,038 kmt - z uzupełnieniem
podsypki, z demontażem i
ponownym montażem
nawierzchni przejazdu w km
267,630",2,24,48,60,"bez
ograniczenia","ruch jednotorowy
dwukierunkowy po torze
czynnym",2025-12-15,2025-12-16,Korekta_SHZT_2025_2026
1787,8,"WARSZAWA
ZACHODNIA -
KRAKÓW GŁÓWNY",IRR3/4,Tunel,1,267.403,269.304,"Mechaniczne podbicie toru 2 -
1,901 kmt - z uzupełnieniem
podsypki, z demontażem i
ponownym montażem
nawierzchni przejazdu w km
268,054 wraz zakresem
drogowym wynikającym z
robót torowych oraz z wymianą
elementów nie nadających się
do ponownej zabudowy,",2,4,8,,"bez
ograniczenia",przerwa w ruchu,2025-12-15,2025-12-16,Korekta_SHZT_2025_2026
1788,8,"WARSZAWA
ZACHODNIA -
KRAKÓW GŁÓWNY",IRR3/4,Tunel,2,267.403,269.304,"Mechaniczne podbicie toru 2 -
1,901 kmt - z uzupełnieniem
podsypki, z demontażem i
ponownym montażem
nawierzchni przejazdu w km
268,054 wraz zakresem
drogowym wynikającym z
robót torowych oraz z wymianą
elementów nie nadających się
do ponownej zabudowy,",2,24,48,60,"bez
ograniczenia","ruch po torach czynnych
w stacji",2025-12-15,2025-12-16,Korekta_SHZT_2025_2026
1789,8,"WARSZAWA
ZACHODNIA -
KRAKÓW GŁÓWNY",IRR3/4,Tunel - Miechów,2,269.304,276.625,"Mechaniczne podbicie toru 2 -
1,901 kmt - z uzupełnieniem
podsypk i głowicą rozjazdową
wyjazdowa w kierunku
Miechowa rozj nr 1; 2; 11; 12;
14; 23, z demontażem i
ponownym montażem
nawierzchni przejazdu w km
268,054 wraz zakresem
drogowym wynikającym",2,24,48,60,"bez
ograniczenia","jednotorowo
dwukierunkowo",2025-12-15,2025-12-16,Korekta_SHZT_2025_2026
1790,8,"WARSZAWA
ZACHODNIA -
KRAKÓW GŁÓWNY",IRR3/4,Miechów,1,276.625,278.449,"Przebudowa układu torowego
wraz z pozostałymi
elementami infrastruktury
(wymiana rozjazdów 16; 20;
23; 14; 19; 22 i SK, podbicie,
uzupełnienie podsypki,
wymiana sieci trakcyjnej,
oświetlenia)",31,4,124,,"bez
ograniczenia",przerwa w ruchu,2026-03-13,2026-04-12,Korekta_SHZT_2025_2026
1791,8,"WARSZAWA
ZACHODNIA -
KRAKÓW GŁÓWNY",IRR3/4,Miechów,"2, 4",276.625,278.449,"Przebudowa układu torowego
wraz z pozostałymi
elementami infrastruktury
(wymiana rozjazdów 14; 19; 22
i SK, podbicie, uzupełnienie
podsypki, wymiana sieci
trakcyjnej, oświetlenia)",31,4,124,,"bez
ograniczenia",przerwa w ruchu,2026-04-15,2026-05-14,Korekta_SHZT_2025_2026
1792,8,"WARSZAWA
ZACHODNIA -
KRAKÓW GŁÓWNY",IRR3/4,Miechów,3,276.625,278.449,"Przebudowa układu torowego
wraz z pozostałymi
elementami infrastruktury
(wymiana sieci trakcyjnej,
oświetlenia, budowa peronu)",59,24,1416,60,"bez
ograniczenia","ruch po torach czynnych
w stacji",2026-04-15,2026-06-13,Korekta_SHZT_2025_2026
1793,8,"WARSZAWA
ZACHODNIA -
KRAKÓW GŁÓWNY",IRR3/4,Miechów,4,276.625,278.449,"Przebudowa układu torowego
wraz z pozostałymi
elementami infrastruktury
(wymiana sieci trakcyjnej,
oświetlenia)",31,24,744,60,"bez
ograniczenia","ruch po torach czynnych
w stacji",2026-03-13,2026-04-12,Korekta_SHZT_2025_2026
1794,8,"WARSZAWA
ZACHODNIA -
KRAKÓW GŁÓWNY",IRR3/4,Miechów,1,277.247,278.449,"Przebudowa układu torowego
wraz z pozostałymi
elementami infrastruktury
(wymiana rozjazdów 14; 19; 22
i SK, podbicie, uzupełnienie
podsypki, wymiana sieci
trakcyjnej, oświetlenia)",31,24,744,60,"bez
ograniczenia","ruch po torach czynnych
w stacji",2026-04-15,2026-05-14,Korekta_SHZT_2025_2026
1795,8,"WARSZAWA
ZACHODNIA -
KRAKÓW GŁÓWNY",IRR3/4,Miechów,2,277.247,278.449,"Przebudowa układu torowego
wraz z pozostałymi
elementami infrastruktury
(wymiana rozjazdów nr 16; 20;
23 i SK, podbicie,
uzupełnienie podsypki,
wymiana sieci trakcyjnej ,
oświetlenia)",31,24,744,60,"bez
ograniczenia","ruch po torach czynnych
w stacji",2026-03-13,2026-04-12,Korekta_SHZT_2025_2026
1796,8,"WARSZAWA
ZACHODNIA -
KRAKÓW GŁÓWNY",IRR3/4,Miechów - Słomniki,1,278.449,289.625,"Przebudowa układu torowego
wraz z pozostałymi
elementami infrastruktury
(wymiana szyn, podbicie,
uzupełnienie podsypki,
demontaż i ponowy montaż
przejazdów, wymiana
oświetlenia)",31,4,124,,"bez
ograniczenia",przerwa w ruchu,2026-03-13,2026-04-12,Korekta_SHZT_2025_2026
1797,8,"WARSZAWA
ZACHODNIA -
KRAKÓW GŁÓWNY",IRR3/4,Miechów - Słomniki,1,278.449,289.625,"Przebudowa układu torowego
wraz z pozostałymi
elementami infrastruktury
(wymiana szyn, podbicie,
uzupełnienie podsypki,
demontaż i ponowy montaż
przejazdów remont peronu p.o.
Smroków, wymiana
oświetlenia)",30,24,720,60,"bez
ograniczenia","jednotorowo
dwukierunkowo",2026-04-15,2026-05-14,Korekta_SHZT_2025_2026
1798,8,"WARSZAWA
ZACHODNIA -
KRAKÓW GŁÓWNY",IRR3/4,Miechów - Słomniki,2,278.449,289.625,"Przebudowa układu torowego
wraz z pozostałymi
elementami infrastruktury
(wymiana szyn, podbicie,
uzupełnienie podsypki,
demontaż i ponowy montaż
przejazdów, wymiana
oświetlenia)",31,24,744,60,"bez
ograniczenia","ruch po torach czynnych
w stacji",2026-03-13,2026-04-12,Korekta_SHZT_2025_2026
1799,8,"WARSZAWA
ZACHODNIA -
KRAKÓW GŁÓWNY",IRR3/4,Miechów - Słomniki,2,278.449,289.625,"Przebudowa układu torowego
wraz z pozostałymi
elementami infrastruktury
(wymiana szyn, podbicie,
uzupełnienie podsypki,
demontaż i ponowy montaż
przejazdów remont peronu p.o.
Smroków, wymiana
oświetlenia)",30,4,120,,"bez
ograniczenia",przerwa w ruchu,2026-04-15,2026-05-14,Korekta_SHZT_2025_2026
1800,8,"WARSZAWA
ZACHODNIA -
KRAKÓW GŁÓWNY",IRR3/4,Słomniki,1,289.625,291.127,"Przebudowa układu torowego
wraz z pozostałymi
elementami infrastruktury
(wymiana rozjazdów 15; 17
szt. i SK nr 2, podbicie,
uzupełnienie podsypki,
wymiana sieci trakcyjnej,
oświetlenia)",38,4,152,,"bez
ograniczenia",przerwa w ruchu,2025-12-04,2026-01-20,Korekta_SHZT_2025_2026
1801,8,"WARSZAWA
ZACHODNIA -
KRAKÓW GŁÓWNY",IRR3/4,Słomniki,1,289.625,291.127,"Przebudowa układu torowego
wraz z pozostałymi
elementami infrastruktury
(wymiana rozjazdów 16; 18 i
SK nr 2, podbicie,
uzupełnienie podsypki,
wymiana sieci trakcyjnej,
oświetlenia)",35,24,840,60,"bez
ograniczenia","ruch po torach czynnych
w stacji",2026-05-27,2026-06-30,Korekta_SHZT_2025_2026
1802,8,"WARSZAWA
ZACHODNIA -
KRAKÓW GŁÓWNY",IRR3/4,Słomniki,1,289.625,291.127,"Przebudowa układu torowego
wraz z pozostałymi
elementami infrastruktury
(wymPrzebudowa układu
torowego wraz z pozostałymi
elementami infrastruktury
(wymiana rozjazdów 10 szt. i 2
SK, podbicie, uzupełnienie
podsypki, wymiana sieci
trakcyjnej, oświetlenia)",31,4,124,,"bez
ograniczenia",przerwa w ruchu,2026-03-13,2026-04-12,Korekta_SHZT_2025_2026
1803,8,"WARSZAWA
ZACHODNIA -
KRAKÓW GŁÓWNY",IRR3/4,Słomniki,2,289.625,291.127,"Przebudowa układu torowego
wraz z pozostałymi
elementami infrastruktury
(wymiana rozjazdów 15; 17
szt. i SK nr 2, podbicie,
uzupełnienie podsypki,
wymiana sieci trakcyjnej,
oświetlenia)",38,24,912,60,"bez
ograniczenia","ruch po torach czynnych
w stacji",2025-12-04,2026-01-20,Korekta_SHZT_2025_2026
1804,8,"WARSZAWA
ZACHODNIA -
KRAKÓW GŁÓWNY",IRR3/4,Słomniki,2,289.625,290.664,"Przebudowa układu torowego
wraz z pozostałymi
elementami infrastruktury
(wymiana rozjazdów 3; 5; 7
szt. i SK nr 1, podbicie,
uzupełnienie podsypki,
wymiana sieci trakcyjnej,
oświetlenia)",31,24,744,60,"bez
ograniczenia","ruch po torach czynnych
w stacji",2026-03-13,2026-04-12,Korekta_SHZT_2025_2026
1805,8,"WARSZAWA
ZACHODNIA -
KRAKÓW GŁÓWNY",IRR3/4,Słomniki,2,289.625,291.127,"Przebudowa układu torowego
wraz z pozostałymi
elementami infrastruktury
(podbicie rozjazdów 4, 6, 8. i 2
SK, podbicie, uzupełnienie
podsypki, wymiana sieci
trakcyjnej, oświetlenia)",30,4,120,,"bez
ograniczenia",przerwa w ruchu,2026-04-15,2026-05-14,Korekta_SHZT_2025_2026
1806,8,"WARSZAWA
ZACHODNIA -
KRAKÓW GŁÓWNY",IRR3/4,Słomniki,3,289.625,291.127,"Przebudowa układu torowego
wraz z pozostałymi
elementami infrastruktury (sieci
trakcyjnej)",35,24,840,60,"bez
ograniczenia","ruch po torach czynnych
w stacji",2026-05-27,2026-06-30,Korekta_SHZT_2025_2026
1807,8,"WARSZAWA
ZACHODNIA -
KRAKÓW GŁÓWNY",IRR3/4,Słomniki,"4, 6",289.625,291.127,"Przebudowa układu torowego
wraz z pozostałymi
elementami infrastruktury (sieci
trakcyjnej)",31,24,744,60,"bez
ograniczenia","ruch po torach czynnych
w stacji",2026-03-13,2026-04-12,Korekta_SHZT_2025_2026
1808,8,"WARSZAWA
ZACHODNIA -
KRAKÓW GŁÓWNY",IRR3/4,Słomniki,1,290.100,291.127,"Przebudowa układu torowego
wraz z pozostałymi
elementami infrastruktury
(podbicie rozjazdów 4, 6, 8. i 2
SK, podbicie, uzupełnienie
podsypki, wymiana sieci
trakcyjnej, oświetlenia)",30,24,720,60,"bez
ograniczenia","ruch po torach czynnych
w stacji",2026-04-15,2026-05-14,Korekta_SHZT_2025_2026
1809,8,"WARSZAWA
ZACHODNIA -
KRAKÓW GŁÓWNY",IRR3/4,Słomniki - Niedźwiedź,1,291.127,294.761,"Przebudowa układu torowego
wraz z pozostałymi
elementami infrastruktury
(wymiana szyn, podbicie,
uzupełnienie podsypki,
demontaż i ponowy montaż
przejazdów remont przejazdu
w km 294,076, wymiana sieci
trakcyjnej, wymiana
oświetlenia Słomniki Miasto)",38,4,152,,"bez
ograniczenia",przerwa w ruchu,2025-12-04,2026-01-20,Korekta_SHZT_2025_2026
1810,8,"WARSZAWA
ZACHODNIA -
KRAKÓW GŁÓWNY",IRR3/4,Słomniki - Niedźwiedź,1,291.127,294.761,"Przebudowa układu torowego
wraz z pozostałymi
elementami infrastruktury
(wymiana szyn, podbicie,
uzupełnienie podsypki,
demontaż i ponowy montaż
przejazdów remont przejazdu
w km 294,076, wymiana sieci
trakcyjnej, wymiana
oświetlenia Słomniki Miasto)",35,24,840,60,"bez
ograniczenia","jednotorowo
dwukierunkowo",2026-05-27,2026-06-30,Korekta_SHZT_2025_2026
1811,8,"WARSZAWA
ZACHODNIA -
KRAKÓW GŁÓWNY",IRR3/4,Słomniki - Niedźwiedź,2,291.127,294.761,"Przebudowa układu torowego
wraz z pozostałymi
elementami infrastruktury
(wymiana szyn, podbicie,
uzupełnienie podsypki,
demontaż i ponowy montaż
przejazdów remont przejazdu
w km 294,076, wymiana sieci
trakcyjnej, wymiana
oświetlenia Słomniki Miasto)",38,24,912,60,"bez
ograniczenia","jednotorowo
dwukierunkowo",2025-12-04,2026-01-20,Korekta_SHZT_2025_2026
1812,8,"WARSZAWA
ZACHODNIA -
KRAKÓW GŁÓWNY",IRR3/4,Słomniki - Niedźwiedź,2,291.127,294.761,"Przebudowa układu torowego
wraz z pozostałymi
elementami infrastruktury
(wymiana szyn, podbicie,
uzupełnienie podsypki,
demontaż i ponowy montaż
przejazdów remont przejazdu
w km 294,076, wymiana sieci
trakcyjnej, wymiana
oświetlenia Słomniki Miasto)",35,4,140,,"bez
ograniczenia",przerwa w ruchu,2026-05-27,2026-06-30,Korekta_SHZT_2025_2026
1813,8,"WARSZAWA
ZACHODNIA -
KRAKÓW GŁÓWNY",IRR3/4,Niedźwiedź,1,294.761,296.170,"Przebudowa elementów
infrastruktury (wymiana sieci
trakcyjnej)",18,4,72,,"bez
ograniczenia",przerwa w ruchu,2025-12-04,2026-01-20,Korekta_SHZT_2025_2026
1814,8,"WARSZAWA
ZACHODNIA -
KRAKÓW GŁÓWNY",IRR3/4,Niedźwiedź,1,294.761,296.170,"Przebudowa elementów
infrastruktury (wymiana sieci
trakcyjnej)",35,24,840,60,"bez
ograniczenia","ruch po torach czynnych
w stacji",2026-05-27,2026-06-30,Korekta_SHZT_2025_2026
1815,8,"WARSZAWA
ZACHODNIA -
KRAKÓW GŁÓWNY",IRR3/4,Niedźwiedź,2,294.761,296.170,"Przebudowa elementów
infrastruktury (wymiana sieci
trakcyjnej)",38,24,912,60,"bez
ograniczenia","ruch po torach czynnych
w stacji",2025-12-04,2026-01-20,Korekta_SHZT_2025_2026
1816,8,"WARSZAWA
ZACHODNIA -
KRAKÓW GŁÓWNY",IRR3/4,Niedźwiedź,2,294.761,296.170,"Przebudowa elementów
infrastruktury (wymiana sieci
trakcyjnej)",35,4,140,,"bez
ograniczenia",przerwa w ruchu,2026-05-27,2026-06-30,Korekta_SHZT_2025_2026
1817,8,"WARSZAWA
ZACHODNIA -
KRAKÓW GŁÓWNY",IRR3/4,Niedźwiedź - Zastów,1,297.268,306.626,"Przebudowa układu torowego
wraz z pozostałymi
elementami infrastruktury
(wymiana szyn, podbicie,
uzupełnienie podsypki,
demontaż i ponowy montaż
przejazdów)",1,4,4,,"bez
ograniczenia",przerwa w ruchu,2025-12-08,2025-12-14,Korekta_SHZT_2025_2026
1818,8,"WARSZAWA
ZACHODNIA -
KRAKÓW GŁÓWNY",IRR3/4,Niedźwiedź - Zastów,2,297.268,306.626,"Przebudowa układu torowego
wraz z pozostałymi
elementami infrastruktury
(wymiana szyn, podbicie,
uzupełnienie podsypki,
demontaż i ponowy montaż
przejazdów)",1,24,24,60,"bez
ograniczenia","jednotorowo
dwukierunkowo",2025-12-08,2025-12-14,Korekta_SHZT_2025_2026
1819,8,"WARSZAWA
ZACHODNIA -
KRAKÓW GŁÓWNY",IRR3/4,Raciborowice,1,306.626,308.378,"Przebudowa układu torowego
wraz z pozostałymi
elementami infrastruktury
(wymiana rozjazdu nr 3,
podbicie, uzupełnienie
podsypki,)",21,24,504,60,"bez
ograniczenia","ruch po torach czynnych
w stacji",2026-03-13,2026-04-02,Korekta_SHZT_2025_2026
1820,8,"WARSZAWA
ZACHODNIA -
KRAKÓW GŁÓWNY",IRR3/4,Zastów,1,306.626,308.378,"Przebudowa układu torowego
wraz z pozostałymi
elementami infrastruktury
(wymiana szyn, podbicie,
uzupełnienie podsypki,
wymiana 4 szt. rozjazdów i SK)",1,4,4,,"bez
ograniczenia",przerwa w ruchu,2025-12-08,2025-12-14,Korekta_SHZT_2025_2026
1821,8,"WARSZAWA
ZACHODNIA -
KRAKÓW GŁÓWNY",IRR3/4,Zastów,1,306.626,308.378,"Przebudowa układu torowego
wraz z pozostałymi
elementami infrastruktury
(wymiana szyn, podbicie,
uzupełnienie podsypki,
wymiana 4 szt. rozjazdów i SK)",21,24,504,60,"bez
ograniczenia","ruch po torach czynnych
w stacji",2026-03-13,2026-04-02,Korekta_SHZT_2025_2026
1822,8,"WARSZAWA
ZACHODNIA -
KRAKÓW GŁÓWNY",IRR3/4,Zastów,2,306.626,308.378,"Przebudowa układu torowego
wraz z pozostałymi
elementami infrastruktury
(wymiana szyn, podbicie,
uzupełnienie podsypki,
wymiana 4 szt. rozjazdów i SK)",1,24,4,60,"bez
ograniczenia","ruch po torach czynnych
w stacji",2025-12-08,2025-12-14,Korekta_SHZT_2025_2026
1823,8,"WARSZAWA
ZACHODNIA -
KRAKÓW GŁÓWNY",IRR3/4,"Zastów - Raciborowice -
Kraków Batowice",1,308.378,310.832,"Przebudowa układu torowego
wraz z pozostałymi
elementami infrastruktury
(wymiana 1 rozjazu, podbicie,
uzupełnienie podsypki,)",21,24,504,60,"bez
ograniczenia","jednotorowo
dwukierunkowo",2026-03-13,2026-04-02,Korekta_SHZT_2025_2026
1824,8,"WARSZAWA
ZACHODNIA -
KRAKÓW GŁÓWNY",IRR3/4,"Zastów - Raciborowice -
Kraków Batowice",2,308.378,310.832,"Przebudowa układu torowego
wraz z pozostałymi
elementami infrastruktury
(wymiana 1 rozjazu, podbicie,
uzupełnienie podsypki,)",21,4,84,,"bez
ograniczenia",przerwa w ruchu,2026-03-13,2026-04-02,Korekta_SHZT_2025_2026
1825,8,"WARSZAWA
ZACHODNIA -
KRAKÓW GŁÓWNY",IRR3/4,"Raciborowice - Kraków
Batowice",1,310.832,312.557,"Przebudowa układu torowego
wraz z pozostałymi
elementami infrastruktury
(wymiana 3 rozjazdów,
podbicie, uzupełnienie
podsypki, demontaż i ponowy
montaż przejazdów, wymiana
podtorza)",21,24,504,60,"bez
ograniczenia","jednotorowo
dwukierunkowo",2026-06-10,2026-06-30,Korekta_SHZT_2025_2026
1826,8,"WARSZAWA
ZACHODNIA -
KRAKÓW GŁÓWNY",IRR3/4,"Raciborowice - Kraków
Batowice",2,310.832,312.557,"Przebudowa układu torowego
wraz z pozostałymi
elementami infrastruktury
(wymiana 3 rozjazdów,
podbicie, uzupełnienie
podsypki, demontaż i ponowy
montaż przejazdów, wymiana
podtorza)",21,4,84,,"bez
ograniczenia",przerwa w ruchu,2026-06-10,2026-06-30,Korekta_SHZT_2025_2026
1827,8,"WARSZAWA
ZACHODNIA -
KRAKÓW GŁÓWNY",IRR3/4,Kraków Batowice,1; 3,312.557,314.480,"Przebudowa układu torowego
wraz z pozostałymi
elementami infrastruktury
(podbicie, uzupełnienie
podsypki, , wymiana podtorza,
wymiana sieci trakcyjnej i
przebudowa peronu nr 1)",21,24,504,60,"bez
ograniczenia","ruch po torach czynnych
w stacji",2026-06-10,2026-06-30,Korekta_SHZT_2025_2026
1828,8,"WARSZAWA
ZACHODNIA -
KRAKÓW GŁÓWNY",IRR3/4,Kraków Batowice,2; 4,312.557,314.480,"Przebudowa układu torowego
wraz z pozostałymi
elementami infrastruktury
(podbicie, uzupełnienie
podsypki, , wymiana podtorza,
wymiana sieci trakcyjnej i
przebudowa peronu nr 1)",21,4,84,,"bez
ograniczenia",przerwa w ruchu,2026-06-10,2026-06-30,Korekta_SHZT_2025_2026
1829,8,"WARSZAWA
ZACHODNIA -
KRAKÓW GŁÓWNY",IRR3/4,"Kraków Batowice - Kraków
Przedmieście",1,314.480,316.990,"Przebudowa układu torowego
wraz z pozostałymi
elementami infrastruktury
(podbicie, uzupełnienie
podsypki, , wymiana podtorza,
wymiana sieci trakcyjnej i
przebudowa peronu nr 1)",21,24,504,60,"bez
ograniczenia","jednotorowo
dwukierunkowo",2026-06-10,2026-06-30,Korekta_SHZT_2025_2026
1830,8,"WARSZAWA
ZACHODNIA -
KRAKÓW GŁÓWNY",IRR3/4,"Kraków Batowice - Kraków
Przedmieście",2,314.480,316.990,"Przebudowa układu torowego
wraz z pozostałymi
elementami infrastruktury
(podbicie, uzupełnienie
podsypki, , wymiana podtorza,
wymiana sieci trakcyjnej i
przebudowa peronu nr 1)",21,4,84,,"bez
ograniczenia",przerwa w ruchu,2026-06-10,2026-06-30,Korekta_SHZT_2025_2026
1831,8,"WARSZAWA
ZACHODNIA -
KRAKÓW GŁÓWNY",IRR3/4,Kraków Przedmieście,1,316.990,317.878,"Przebudowa układu torowego
wraz z pozostałymi
elementami infrastruktury
(podbicie, uzupełnienie
podsypki, , wymiana podtorza,
wymiana sieci trakcyjnej",21,12,252,60,"bez
ograniczenia","ruch po torach czynnych
w stacji",2026-06-10,2026-06-30,Korekta_SHZT_2025_2026
1832,8,"WARSZAWA
ZACHODNIA -
KRAKÓW GŁÓWNY",IRR3/4,Kraków Główny,10,318.451,319.805,"Przebudowa krawędzi
peronowej - peron nr 5",21,24,504,60,"bez
ograniczenia","ruch po torach czynnych
w stacji",2026-04-21,2026-05-11,Korekta_SHZT_2025_2026
1833,8,"WARSZAWA
ZACHODNIA -
KRAKÓW GŁÓWNY",IRR3/4,Kraków Główny,12,318.451,319.805,"Przebudowa krawędzi
peronowej - peron nr 5",22,24,528,60,"bez
ograniczenia","ruch po torach czynnych
w stacji",2026-06-01,2026-06-22,Korekta_SHZT_2025_2026
1834,8,"WARSZAWA
ZACHODNIA -
KRAKÓW GŁÓWNY",IRR3/4,Kraków Główny,4,318.451,319.805,"Przebudowa krawędzi
peronowej - peron nr 4",21,24,504,60,"bez
ograniczenia","ruch po torach czynnych
w stacji",2026-03-31,2026-04-20,Korekta_SHZT_2025_2026
1835,8,"WARSZAWA
ZACHODNIA -
KRAKÓW GŁÓWNY",IRR3/4,Kraków Główny,6,318.451,319.805,"Przebudowa krawędzi
peronowej - peron nr 4",21,24,504,60,"bez
ograniczenia","ruch po torach czynnych
w stacji",2026-03-06,2026-03-26,Korekta_SHZT_2025_2026
1836,9,"WARSZAWA
WSCHODNIA
OSOBOWA -
GDAŃSK GŁÓWNY",IRR1/11,"Warszawa Wschodnia -
Warszawa Praga","1WS, 2WS",4.407,5.500,"Modernizacja linii kolejowych i
stacji kolejowych",179,24,4296,,"bez
ograniczenia",przerwa w ruchu,2026-06-14,2028-06-16,Korekta_SHZT_2025_2026
1837,9,"WARSZAWA
WSCHODNIA
OSOBOWA -
GDAŃSK GŁÓWNY",IRERI2,Mleczewo - Malbork,1,263.916,275.838,"roboty rozbiórkowe toru i sieci
trakcynjej, wzmocnienie
nasypu, odbudowa toru i sieci
trakcyjnej",88,24,2112,50,,"ruch jednotorowy
dwukierunkowy po torze
czynnym",2025-12-10,2026-03-11,Korekta_SHZT_2025_2026
1838,11,"SKIERNIEWICE -
ŁOWICZ GŁÓWNY",IRR1/1,Skierniewice - Bełchów,1,0.263,10.484,modernizacja,90,24,2160,60,,"jednotorowo
dwukierunkowo",2025-12-09,2026-03-09,Korekta_SHZT_2025_2026
1839,11,"SKIERNIEWICE -
ŁOWICZ GŁÓWNY",IRR1/1,Skierniewice - Bełchów,2,0.263,10.484,modernizacja,68,24,1632,60,,"jednotorowo
dwukierunkowo",2026-03-10,2026-05-17,Korekta_SHZT_2025_2026
1840,12,"SKIERNIEWICE -
ŁUKÓW",IRR1/1,Puszcza Mariańska,1,12.215,15.325,modernizacja,178,4,712,,"bez
ograniczenia","ruch po torach czynnych
w stacji",2026-05-23,2026-11-16,Korekta_SHZT_2025_2026
1841,12,"SKIERNIEWICE -
ŁUKÓW",IRR1/1,Puszcza Mariańska,"2, 4, 6, 8",12.215,15.325,modernizacja,178,24,4272,,"bez
ograniczenia","ruch po torach czynnych
w stacji",2026-05-23,2026-11-16,Korekta_SHZT_2025_2026
1842,12,"SKIERNIEWICE -
ŁUKÓW",IRR1/1,"Puszcza Mariańska -
Mszczonów",1,15.325,24.454,modernizacja,178,4,712,,"bez
ograniczenia",przerwa w ruchu,2026-05-23,2026-11-16,Korekta_SHZT_2025_2026
1843,12,"SKIERNIEWICE -
ŁUKÓW",IRR1/1,"Puszcza Mariańska -
Mszczonów",2,15.325,24.454,modernizacja,178,24,4272,,"bez
ograniczenia","jednotorowo
dwukierunkowo",2026-05-23,2026-11-16,Korekta_SHZT_2025_2026
1844,12,"SKIERNIEWICE -
ŁUKÓW",IRR1/1,Marków - Mszczonów,1,24.682,25.610,modernizacja,20,24,480,,"bez
ograniczenia","jednotorowo
dwukierunkowo",2026-11-20,2027-04-20,Korekta_SHZT_2025_2026
1845,12,"SKIERNIEWICE -
ŁUKÓW",IRR1/1,Marków - Mszczonów,2,24.682,25.610,modernizacja,20,4,80,,"bez
ograniczenia",przerwa w ruchu,2026-11-20,2027-04-20,Korekta_SHZT_2025_2026
1846,12,"SKIERNIEWICE -
ŁUKÓW",IRR1/1,Mszczonów,"1, 2",25.610,29.970,"Przesunięcie osi toru 3 dla
możliwości posadowienia
bramek sieci trakcyjnej",46,4,184,,"bez
ograniczenia","ruch po torach czynnych
w stacji",2026-04-08,2026-05-23,Korekta_SHZT_2025_2026
1847,12,"SKIERNIEWICE -
ŁUKÓW",IRR1/1,Mszczonów,"1, 3",25.610,29.970,modernizacja,20,24,480,,"bez
ograniczenia","ruch po torach czynnych
w stacji",2026-11-20,2027-04-20,Korekta_SHZT_2025_2026
1848,12,"SKIERNIEWICE -
ŁUKÓW",IRR1/1,Mszczonów,2,25.610,29.970,modernizacja,20,4,80,,"bez
ograniczenia","ruch po torach czynnych
w stacji",2026-11-20,2027-04-20,Korekta_SHZT_2025_2026
1849,12,"SKIERNIEWICE -
ŁUKÓW",IRR1/1,Mszczonów,3,25.610,29.970,"Przesunięcie osi toru 3 dla
możliwości posadowienia
bramek sieci trakcyjnej",46,24,1104,,"bez
ograniczenia","ruch po torach czynnych
w stacji",2026-04-08,2026-05-23,Korekta_SHZT_2025_2026
1850,12,"SKIERNIEWICE -
ŁUKÓW",IRR1/1,Mszczonów - Tarczyn,1,29.970,46.410,Zabudowa nowego Rz43,15,4,60,,"bez
ograniczenia",przerwa w ruchu,2026-04-15,2026-04-29,Korekta_SHZT_2025_2026
1851,12,"SKIERNIEWICE -
ŁUKÓW",IRR1/1,Mszczonów - Tarczyn,1,29.970,46.410,Zabudowa nowego Rz43,16,24,384,,"bez
ograniczenia","jednotorowo
dwukierunkowo",2026-04-30,2026-05-15,Korekta_SHZT_2025_2026
1852,12,"SKIERNIEWICE -
ŁUKÓW",IRR1/1,Mszczonów - Tarczyn,1,29.970,46.410,modernizacja,20,24,480,,"bez
ograniczenia","jednotorowo
dwukierunkowo",2026-11-20,2027-04-20,Korekta_SHZT_2025_2026
1853,12,"SKIERNIEWICE -
ŁUKÓW",IRR1/1,Mszczonów - Tarczyn,2,29.970,46.410,Zabudowa nowego Rz43,15,24,360,,"bez
ograniczenia","jednotorowo
dwukierunkowo",2026-04-15,2026-04-29,Korekta_SHZT_2025_2026
1854,12,"SKIERNIEWICE -
ŁUKÓW",IRR1/1,Mszczonów - Tarczyn,2,29.970,46.410,Zabudowa nowego Rz43,16,4,64,,"bez
ograniczenia",przerwa w ruchu,2026-04-30,2026-05-15,Korekta_SHZT_2025_2026
1855,12,"SKIERNIEWICE -
ŁUKÓW",IRR1/1,Mszczonów - Tarczyn,2,29.970,46.410,modernizacja,20,4,80,,"bez
ograniczenia",przerwa w ruchu,2026-11-20,2027-04-20,Korekta_SHZT_2025_2026
1856,12,"SKIERNIEWICE -
ŁUKÓW",IRR1/1,Tarczyn,"1, 2, 3, 4",46.410,48.655,"rozbiórka torów dla branży
sieci trakcyjnej",46,4,184,,"bez
ograniczenia","ruch po torach czynnych
w stacji",2026-04-08,2026-05-23,Korekta_SHZT_2025_2026
1857,12,"SKIERNIEWICE -
ŁUKÓW",IRR1/1,Tarczyn,"6, 8, 10",46.410,48.655,"rozbiórka torów dla branży
sieci trakcyjnej",46,24,1104,,"bez
ograniczenia","ruch po torach czynnych
w stacji",2026-04-08,2026-05-23,Korekta_SHZT_2025_2026
1858,12,"SKIERNIEWICE -
ŁUKÓW",IRR1/1,"Czachówek Zachodni -
Czachówek Wschodni",1,64.520,66.439,modernizacja,105,4,420,,"bez
ograniczenia",przerwa w ruchu,2026-03-24,2026-07-06,Korekta_SHZT_2025_2026
1859,12,"SKIERNIEWICE -
ŁUKÓW",IRR1/1,"Czachówek Zachodni -
Czachówek Wschodni",1,64.520,66.439,modernizacja,115,24,2760,,"bez
ograniczenia","jednotorowo
dwukierunkowo",2026-08-20,2027-01-18,Korekta_SHZT_2025_2026
1860,12,"SKIERNIEWICE -
ŁUKÓW",IRR1/1,"Czachówek Zachodni -
Czachówek Wschodni",2,64.520,66.439,modernizacja,105,24,2520,,"bez
ograniczenia","jednotorowo
dwukierunkowo",2026-03-24,2026-07-06,Korekta_SHZT_2025_2026
1861,12,"SKIERNIEWICE -
ŁUKÓW",IRR1/1,"Czachówek Zachodni -
Czachówek Wschodni",2,64.520,66.439,modernizacja,115,4,460,,"bez
ograniczenia",przerwa w ruchu,2026-08-20,2027-01-18,Korekta_SHZT_2025_2026
1862,12,"SKIERNIEWICE -
ŁUKÓW",IRR1/1,Czachówek Wschodni,"1, 2",66.005,69.740,"rozbiórka torów dla branży
sieci trakcyjnej",46,4,184,,"bez
ograniczenia","ruch po torach czynnych
w stacji",2026-01-08,2026-02-22,Korekta_SHZT_2025_2026
1863,12,"SKIERNIEWICE -
ŁUKÓW",IRR1/1,Czachówek Wschodni,"3, 4",66.005,69.740,"rozbiórka torów dla branży
sieci trakcyjnej",46,24,1104,,"bez
ograniczenia","ruch po torach czynnych
w stacji",2026-01-08,2026-02-22,Korekta_SHZT_2025_2026
1864,12,"SKIERNIEWICE -
ŁUKÓW",IRR1/1,"Czachówek Wschodni - Góra
Kalwaria",1,67.940,71.985,modernizacja,178,4,712,,"bez
ograniczenia",przerwa w ruchu,2026-02-23,2026-08-19,Korekta_SHZT_2025_2026
1865,12,"SKIERNIEWICE -
ŁUKÓW",IRR1/1,"Czachówek Wschodni - Góra
Kalwaria",2,67.940,71.985,modernizacja,178,24,4272,,"bez
ograniczenia","jednotorowo
dwukierunkowo",2026-02-23,2026-08-19,Korekta_SHZT_2025_2026
1866,12,"SKIERNIEWICE -
ŁUKÓW",IRR1/1,"Czachówek Wschodni - Góra
Kalwaria",1,67.940,71.985,modernizacja,115,24,2760,,"bez
ograniczenia","jednotorowo
dwukierunkowo",2026-08-20,2027-01-18,Korekta_SHZT_2025_2026
1867,12,"SKIERNIEWICE -
ŁUKÓW",IRR1/1,"Czachówek Wschodni - Góra
Kalwaria",2,67.940,71.985,modernizacja,115,4,460,,"bez
ograniczenia",przerwa w ruchu,2026-08-20,2027-01-18,Korekta_SHZT_2025_2026
1868,12,"SKIERNIEWICE -
ŁUKÓW",IRR1/1,Góra Kalwaria,1,71.985,73.836,modernizacja,178,4,712,,"bez
ograniczenia","ruch po torach czynnych
w stacji",2026-02-23,2026-08-19,Korekta_SHZT_2025_2026
1869,12,"SKIERNIEWICE -
ŁUKÓW",IRR1/1,Góra Kalwaria,"2, 4",71.985,73.836,modernizacja,178,24,4272,,"bez
ograniczenia","ruch po torach czynnych
w stacji",2026-02-23,2026-08-19,Korekta_SHZT_2025_2026
1870,12,"SKIERNIEWICE -
ŁUKÓW",IRR1/1,Góra Kalwaria,1,73.600,73.836,modernizacja,150,4,600,,"bez
ograniczenia","ruch po torach czynnych
w stacji",2026-07-16,2027-01-13,Korekta_SHZT_2025_2026
1871,12,"SKIERNIEWICE -
ŁUKÓW",IRR1/1,Góra Kalwaria,"2, 4",73.600,73.836,modernizacja,150,24,3600,,"bez
ograniczenia","ruch po torach czynnych
w stacji",2026-07-16,2027-01-13,Korekta_SHZT_2025_2026
1872,12,"SKIERNIEWICE -
ŁUKÓW",IRR1/1,Góra Kalwaria - Kępa Gliniecka,1,73.600,76.500,modernizacja,150,24,3600,,"bez
ograniczenia","jednotorowo
dwukierunkowo",2026-07-16,2027-01-13,Korekta_SHZT_2025_2026
1873,12,"SKIERNIEWICE -
ŁUKÓW",IRR1/1,Góra Kalwaria - Kępa Gliniecka,2,73.600,76.500,modernizacja,150,4,600,,"bez
ograniczenia",przerwa w ruchu,2026-07-16,2027-01-13,Korekta_SHZT_2025_2026
1874,12,"SKIERNIEWICE -
ŁUKÓW",IRR1/1,Kępa Gliniecka - Osieck,1,76.500,77.000,modernizacja,178,4,712,,"bez
ograniczenia",przerwa w ruchu,2026-01-19,2026-07-15,Korekta_SHZT_2025_2026
1875,12,"SKIERNIEWICE -
ŁUKÓW",IRR1/1,Kępa Gliniecka - Osieck,1,76.500,77.000,modernizacja,150,24,3600,,"bez
ograniczenia","jednotorowo
dwukierunkowo",2026-07-16,2027-01-13,Korekta_SHZT_2025_2026
1876,12,"SKIERNIEWICE -
ŁUKÓW",IRR1/1,Kępa Gliniecka - Osieck,2,76.500,77.000,modernizacja,178,24,4272,,"bez
ograniczenia","jednotorowo
dwukierunkowo",2026-01-19,2026-07-15,Korekta_SHZT_2025_2026
1877,12,"SKIERNIEWICE -
ŁUKÓW",IRR1/1,Kępa Gliniecka - Osieck,2,76.500,77.000,modernizacja,150,4,600,,"bez
ograniczenia",przerwa w ruchu,2026-07-16,2027-01-13,Korekta_SHZT_2025_2026
1878,12,"SKIERNIEWICE -
ŁUKÓW",IRR1/1,Osieck,1,88.446,90.660,"demontaż istniejącychRz27 i
zabudowa nowych Rz w torze
2",16,4,64,,"bez
ograniczenia","ruch po torach czynnych
w stacji",2026-02-22,2026-03-09,Korekta_SHZT_2025_2026
1879,12,"SKIERNIEWICE -
ŁUKÓW",IRR1/1,Osieck,2,88.446,90.660,"demontaż istniejącychRz27 i
zabudowa nowych Rz w torze
2",16,24,384,,"bez
ograniczenia","ruch po torach czynnych
w stacji",2026-02-22,2026-03-09,Korekta_SHZT_2025_2026
1880,12,"SKIERNIEWICE -
ŁUKÓW",IRR1/1,Osieck - Jaźwiny,1,90.660,96.196,"demontaż istniejącychRz27 i
zabudowa nowych Rz w torze
2",16,4,64,,"bez
ograniczenia",przerwa w ruchu,2026-02-22,2026-03-09,Korekta_SHZT_2025_2026
1881,12,"SKIERNIEWICE -
ŁUKÓW",IRR1/1,Osieck - Jaźwiny,1,90.660,96.196,modernizacja,115,24,2760,,"bez
ograniczenia","jednotorowo
dwukierunkowo",2026-08-20,2027-01-18,Korekta_SHZT_2025_2026
1882,12,"SKIERNIEWICE -
ŁUKÓW",IRR1/1,Osieck - Jaźwiny,2,90.660,96.196,"demontaż istniejącychRz27 i
zabudowa nowych Rz w torze
2",16,24,384,,"bez
ograniczenia","jednotorowo
dwukierunkowo",2026-02-22,2026-03-09,Korekta_SHZT_2025_2026
1883,12,"SKIERNIEWICE -
ŁUKÓW",IRR1/1,Osieck - Jaźwiny,2,90.660,96.196,modernizacja,115,4,460,,"bez
ograniczenia",przerwa w ruchu,2026-08-20,2027-01-18,Korekta_SHZT_2025_2026
1884,12,"SKIERNIEWICE -
ŁUKÓW",IRR1/1,Jaźwiny - Pilawa,1,96.196,98.623,modernizacja,15,24,360,,"bez
ograniczenia","jednotorowo
dwukierunkowo",2026-03-10,2026-03-24,Korekta_SHZT_2025_2026
1885,12,"SKIERNIEWICE -
ŁUKÓW",IRR1/1,Jaźwiny - Pilawa,1,96.196,98.623,modernizacja,115,24,2760,,"bez
ograniczenia","jednotorowo
dwukierunkowo",2026-08-20,2027-01-18,Korekta_SHZT_2025_2026
1886,12,"SKIERNIEWICE -
ŁUKÓW",IRR1/1,Jaźwiny - Pilawa,2,96.196,98.623,modernizacja,15,4,60,,"bez
ograniczenia",przerwa w ruchu,2026-03-10,2026-03-24,Korekta_SHZT_2025_2026
1887,12,"SKIERNIEWICE -
ŁUKÓW",IRR1/1,Jaźwiny - Pilawa,2,96.196,98.623,modernizacja,115,4,460,,"bez
ograniczenia",przerwa w ruchu,2026-08-20,2027-01-18,Korekta_SHZT_2025_2026
1888,12,"SKIERNIEWICE -
ŁUKÓW",IRR1/1,Jaźwiny - Pilawa,1,98.623,101.163,modernizacja,15,24,360,,"bez
ograniczenia","jednotorowo
dwukierunkowo",2026-03-10,2026-03-24,Korekta_SHZT_2025_2026
1889,12,"SKIERNIEWICE -
ŁUKÓW",IRR1/1,Jaźwiny - Pilawa,1,98.623,101.163,modernizacja,115,24,2760,,"bez
ograniczenia","jednotorowo
dwukierunkowo",2026-08-20,2027-01-18,Korekta_SHZT_2025_2026
1890,12,"SKIERNIEWICE -
ŁUKÓW",IRR1/1,Jaźwiny - Pilawa,2,98.623,101.163,modernizacja,15,4,60,,"bez
ograniczenia",przerwa w ruchu,2026-03-10,2026-03-24,Korekta_SHZT_2025_2026
1891,12,"SKIERNIEWICE -
ŁUKÓW",IRR1/1,Jaźwiny - Pilawa,2,98.623,101.163,modernizacja,115,4,460,,"bez
ograniczenia",przerwa w ruchu,2026-08-20,2027-01-18,Korekta_SHZT_2025_2026
1892,13,KRUSZE - PILAWA,IZ Siedlce,Pustelnik - Grzebowilk,1,29.300,38.961,"Remont toru nr 1 na linii nr 13
wraz z robotami
towarzyszącymi",34,24,816,,"bez
ograniczenia",przerwa w ruchu,2026-04-07,2026-05-10,Korekta_SHZT_2025_2026
1893,13,KRUSZE - PILAWA,IZ Siedlce,Grzebowilk,1,29.300,38.961,"Remont toru nr 1 na linii nr 13
wraz z robotami
towarzyszącymi",34,24,816,,"bez
ograniczenia",przerwa w ruchu,2026-04-07,2026-05-10,Korekta_SHZT_2025_2026
1894,14,"ŁÓDŹ KALISKA -
TUPLICE","IZ Ostrów
Wielkopolski",Ostrów Wielkopolski,405,84.518,85.372,Kompleksowa naprawa toru,61,24,1464,50,"bez
ograniczenia","ruch po torach czynnych
w stacji",2026-03-01,2026-04-30,Korekta_SHZT_2025_2026
1895,14,"ŁÓDŹ KALISKA -
TUPLICE","IZ Ostrów
Wielkopolski",Ostrów Wielkopolski,14,135.394,136.323,Kompleksowa naprawa toru,62,24,1488,50,"bez
ograniczenia","ruch po torach czynnych
w stacji",2026-07-01,2026-08-31,Korekta_SHZT_2025_2026
1896,18,"KUTNO - PIŁA
GŁÓWNA",IZ Bydgoszcz,Nakło nad Notecią,1,188.150,188.450,"wymiana nawierzchni , budowa
peronu, wymiana podwieszeń
sieci trakcyjnej",57,24,1368,50,,"ruch jednotorowy
dwukierunkowy po torze
czynnym",2025-12-01,2026-02-08,Korekta_SHZT_2025_2026
1897,18,"KUTNO - PIŁA
GŁÓWNA",IZ Bydgoszcz,Nakło nad Notecią,2,188.150,188.450,"wymiana nawierzchni , budowa
peronu, wymiana podwieszeń
sieci trakcyjnej",104,24,2496,50,,"ruch jednotorowy
dwukierunkowy po torze
czynnym",2026-03-02,2026-06-13,Korekta_SHZT_2025_2026
1898,25,"ŁÓDŹ KALISKA -
DĘBICA",IRR3/1,Sandomierz,cała stacja,240.000,238.000,przerwa technologiczna,101,4,404,,"bez
ograniczenia",przerwa w ruchu,2026-09-03,2027-04-11,Korekta_SHZT_2025_2026
1899,25,"ŁÓDŹ KALISKA -
DĘBICA",IRR3/1,Sandomierz - Sobów,1,242.327,248.502,kompleksowa modernizacja,92,24,2208,,"bez
ograniczenia",przerwa w ruchu,2025-09-01,2026-03-15,Korekta_SHZT_2025_2026
1900,25,"ŁÓDŹ KALISKA -
DĘBICA",IRR3/1,Sobów - Tarnobrzeg,1,242.327,248.502,kompleksowa modernizacja,92,24,2208,,"bez
ograniczenia",przerwa w ruchu,2025-09-01,2026-03-15,Korekta_SHZT_2025_2026
1901,25,"ŁÓDŹ KALISKA -
DĘBICA",IRR3/1,Sobów,"1, 2, 3, 4",248.000,249.000,kompleksowa modernizacja,92,24,2208,,"bez
ograniczenia",przerwa w ruchu,2025-09-01,2026-03-15,Korekta_SHZT_2025_2026
1902,25,"ŁÓDŹ KALISKA -
DĘBICA",IRR3/1,Tarnobrzeg,"1, 2, 3, 4",252.138,253.503,kompleksowa modernizacja,92,24,2208,,"bez
ograniczenia",przerwa w ruchu,2025-09-01,2026-03-15,Korekta_SHZT_2025_2026
1903,25,"ŁÓDŹ KALISKA -
DĘBICA",IRR3/1,Tarnobrzeg - Ocice,1,253.503,256.227,kompleksowa modernizacja,92,24,2208,,"bez
ograniczenia",przerwa w ruchu,2025-09-01,2026-03-15,Korekta_SHZT_2025_2026
1904,25,"ŁÓDŹ KALISKA -
DĘBICA",IRR3/1,Ocice,"1, 2, 3, 4",256.227,257.834,kompleksowa modernizacja,92,24,2208,,"bez
ograniczenia",przerwa w ruchu,2025-09-01,2026-03-15,Korekta_SHZT_2025_2026
1905,25,"ŁÓDŹ KALISKA -
DĘBICA",IRR3/1,Ocice - Chmielów,1,257.834,258.710,kompleksowa modernizacja,92,24,2208,,"bez
ograniczenia",przerwa w ruchu,2025-09-01,2026-03-15,Korekta_SHZT_2025_2026
1906,25,"ŁÓDŹ KALISKA -
DĘBICA",IRR3/1,Chmielów,3-13,258.710,260.994,kompleksowa modernizacja,101,24,2424,50,"bez
ograniczenia",przerwa w ruchu,2026-09-03,2027-04-11,Korekta_SHZT_2025_2026
1907,25,"ŁÓDŹ KALISKA -
DĘBICA",IRR3/1,Chmielów,"1, 2, 3",258.710,260.994,kompleksowa modernizacja,92,24,2208,,"bez
ograniczenia",przerwa w ruchu,2025-09-01,2026-03-15,Korekta_SHZT_2025_2026
1908,25,"ŁÓDŹ KALISKA -
DĘBICA",IRR3/1,Chmielów,1-13,258.710,260.994,kompleksowa modernizacja,92,4,368,,"bez
ograniczenia",przerwa w ruchu,2025-09-01,2026-03-15,Korekta_SHZT_2025_2026
1909,25,"ŁÓDŹ KALISKA -
DĘBICA",IRR3/1,Chmielów,1-13,258.710,260.994,kompleksowa modernizacja,171,4,684,,"bez
ograniczenia",przerwa w ruchu,2026-03-16,2026-09-02,Korekta_SHZT_2025_2026
1910,25,"ŁÓDŹ KALISKA -
DĘBICA",IRR3/1,Chmielów - Padew,1,260.994,273.747,kompleksowa modernizacja,92,4,368,,"bez
ograniczenia",przerwa w ruchu,2025-09-01,2026-03-15,Korekta_SHZT_2025_2026
1911,25,"ŁÓDŹ KALISKA -
DĘBICA",IRR3/1,Chmielów - Padew,1,260.994,273.747,kompleksowa modernizacja,171,24,4104,,"bez
ograniczenia",przerwa w ruchu,2026-03-16,2026-09-02,Korekta_SHZT_2025_2026
1912,25,"ŁÓDŹ KALISKA -
DĘBICA",IRR3/1,Padew,"1, 2, 4, 6",273.747,275.254,kompleksowa modernizacja,171,24,4104,,"bez
ograniczenia",przerwa w ruchu,2026-03-16,2026-09-02,Korekta_SHZT_2025_2026
1913,25,"ŁÓDŹ KALISKA -
DĘBICA",IRR3/1,Padew - Mielec,1,275.254,256.000,kompleksowa modernizacja,171,24,4104,,"bez
ograniczenia",przerwa w ruchu,2026-03-16,2026-09-02,Korekta_SHZT_2025_2026
1914,26,"ŁUKÓW- RADOM
GŁÓWNY",IZ Lublin,Łuków Łapiguz - Okrzeja,2,6.000,30.000,"Kompleksowa wymiana
nawierzchni, przebudowa
przejazdów kolejowo-
drogowych oraz modernizacja
obiektów inżynieryjnych",236,24,5664,,"bez
ograniczenia","ruch jednotorowy
dwukierunkowy po torze
czynnym",2026-04-20,2026-12-31,Korekta_SHZT_2025_2026
1915,27,"NASIELSK - TORUŃ
WSCHODNI",IRR2/10,Toruń Wschodni - Sierpc,1,164.963,164.030,"Budowa nowego przebiegu
toru szlakowego",85,24,2040,,"bez
ograniczenia",przerwa w ruchu,2026-03-08,2026-05-31,Korekta_SHZT_2025_2026
1916,30,"ŁUKÓW - LUBLIN
PÓŁNOCNY",IZ Lublin,Łuków - Radzyń Podlaski,1,3.000,22.277,"Mechaniczna regulacja
położenia toru w planie i profilu",10,8,80,,"bez
ograniczenia","przerwa w ruchu linia
jednotorowa",2026-03-03,2026-03-14,Korekta_SHZT_2025_2026
1917,30,"ŁUKÓW - LUBLIN
PÓŁNOCNY",IZ Lublin,Radzyń Podlaski - Bezwola,1,23.749,34.069,"Mechaniczna regulacja
położenia toru w planie i profilu",5,8,40,,"bez
ograniczenia","przerwa w ruchu linia
jednotorowa",2026-03-17,2026-03-21,Korekta_SHZT_2025_2026
1918,30,"ŁUKÓW - LUBLIN
PÓŁNOCNY",IZ Lublin,Bezwola - Parczew,1,35.521,51.716,"Mechaniczna regulacja
położenia toru w planie i profilu",9,8,72,,"bez
ograniczenia","przerwa w ruchu linia
jednotorowa",2026-03-24,2026-04-03,Korekta_SHZT_2025_2026
1919,30,"ŁUKÓW - LUBLIN
PÓŁNOCNY",IZ Lublin,"Parczew - Brzeżnica
Bychawska",1,53.755,67.240,"Mechaniczna regulacja
położenia toru w planie i profilu",7,8,56,,"bez
ograniczenia","przerwa w ruchu linia
jednotorowa",2026-04-04,2026-04-14,Korekta_SHZT_2025_2026
1920,30,"ŁUKÓW - LUBLIN
PÓŁNOCNY",IZ Lublin,"Brzeżnica Bychawska -
Lubartów",1,68.647,79.000,"Mechaniczna regulacja
położenia toru w planie i profilu",7,8,56,,"bez
ograniczenia","przerwa w ruchu linia
jednotorowa",2026-04-15,2026-04-24,Korekta_SHZT_2025_2026
1921,30,"ŁUKÓW - LUBLIN
PÓŁNOCNY",IZ Lublin,"Lubartów - Bystrzyca koło
Lublina",1,83.873,93.400,"Mechaniczna regulacja
położenia toru w planie i profilu",5,8,40,,"bez
ograniczenia","przerwa w ruchu linia
jednotorowa",2026-04-25,2026-05-02,Korekta_SHZT_2025_2026
1922,30,"ŁUKÓW - LUBLIN
PÓŁNOCNY",IZ Lublin,"Bystrzyca koło Lublina -
Zadębie",1,95.169,105.978,"Mechaniczna regulacja
położenia toru w planie i profilu",6,8,48,,"bez
ograniczenia","przerwa w ruchu linia
jednotorowa",2026-05-05,2026-05-12,Korekta_SHZT_2025_2026
1923,30,"ŁUKÓW - LUBLIN
PÓŁNOCNY",IZ Lublin,Zadębie - Lublin Północny,1,106.402,107.339,"Mechaniczna regulacja
położenia toru w planie i profilu",1,8,8,,"bez
ograniczenia","przerwa w ruchu linia
jednotorowa",2026-05-13,2026-05-13,Korekta_SHZT_2025_2026
1924,31,"SIEDLCE -
SIEMIANÓWKA",IZ Siedlce,Platerów - Siemiatycze,1,43.805,55.200,"Remont toru nr 1 na linii nr 31
wraz z robotami
towarzyszącymi",35,24,840,60,"bez
ograniczenia","Ruch jednotorowy
dwukierunkowy po torze
czynnym",2026-05-11,2026-06-14,Korekta_SHZT_2025_2026
1925,33,Sierpc - Brodnica,IRR5/11,Rypin,"3, 5, 8",116.500,117.800,przebudowa układu torowego,364,6,2184,,-,po torze nr 2,2025-03-03,2026-12-31,Korekta_SHZT_2025_2026
1926,33,Sierpc - Brodnica,IRR5/11,Kretki,3,128.400,129.300,przebudowa układu torowego,364,6,2184,,-,po torze nr 1,2025-03-03,2026-12-31,Korekta_SHZT_2025_2026
1927,38,"BIAŁYSTOK -
GŁOMNO",IRR2/2,Białystok - Białystok Starosielce,1,3.591,4.555,roboty modernizacyjne,164,24,3936,,,przerwa w ruchu,2026-07-02,2027-05-04,Korekta_SHZT_2025_2026
1928,38,"BIAŁYSTOK -
GŁOMNO",IRR2/2,Białystok Starosielce - Knyszyn,,4.555,28.437,roboty modernizacyjne,164,24,3936,,,przerwa w ruchu,2026-07-02,2027-05-04,Korekta_SHZT_2025_2026
1929,38,"BIAŁYSTOK -
GŁOMNO",IRR2/2,Knyszyn - Mońki,1,28.437,43.872,roboty modernizacyjne,164,24,3936,,,przerwa w ruchu,2026-07-02,2027-05-04,Korekta_SHZT_2025_2026
1930,38,"BIAŁYSTOK -
GŁOMNO",IRR2/2,Mońki - Osowiec,1,43.872,57.232,roboty modernizacyjne,164,24,3936,,,przerwa w ruchu,2026-07-02,2027-05-04,Korekta_SHZT_2025_2026
1931,38,"BIAŁYSTOK -
GŁOMNO",IRR2/2,Osowiec - Grajewo,,61.061,84.280,roboty modernizacyjne,164,24,3936,,,przerwa w ruchu,2026-07-02,2027-01-01,Korekta_SHZT_2025_2026
1932,38,"BIAŁYSTOK -
GŁOMNO",IRR2/2,Grajewo - Prostki,1,84.280,88.008,roboty modernizacyjne,181,24,4344,,,przerwa w ruchu,2026-01-02,2026-07-01,Korekta_SHZT_2025_2026
1933,38,"BIAŁYSTOK -
GŁOMNO",IRR2/2,Prostki - Ełk,1,88.008,98.800,roboty modernizacyjne,181,24,4344,,,przerwa w ruchu,2026-01-02,2026-07-01,Korekta_SHZT_2025_2026
1934,38,"BIAŁYSTOK -
GŁOMNO",IRR2/3,Giżycko - Sterławki Wielkie,1,152.850,164.615,"Roboty torowe, roboty branży
obiektów inżynieryjnych, sieci
trakcyjnej, srk, telekomunikacji",138,24,3312,,160,przerwa w ruchu,2023-12-14,2026-04-30,Korekta_SHZT_2025_2026
1935,38,"BIAŁYSTOK -
GŁOMNO",IRR2/3,Sterławki Wielkie,"1, 2, 3, 5",164.615,166.650,"Roboty torowe, roboty branży
obiektów inżynieryjnych, sieci
trakcyjnej, srk, telekomunikacji",138,24,3312,,160,przerwa w ruchu,2023-12-14,2026-04-30,Korekta_SHZT_2025_2026
1936,38,"BIAŁYSTOK -
GŁOMNO",IRR2/3,Sterławki Wielkie - Kętrzyn,1,166.650,178.700,"Roboty torowe, roboty branży
obiektów inżynieryjnych, sieci
trakcyjnej, srk, telekomunikacji",138,24,3312,,160,przerwa w ruchu,2023-12-14,2026-04-30,Korekta_SHZT_2025_2026
1937,38,"BIAŁYSTOK -
GŁOMNO",IRR2/3,Kętrzyn,"1, 2, 6, 8, 18,
31, 3, 5, 7,
10, 11, 12,
13, 14, 15,
16, 20, 24,
24a, 25, 26,
29, 33",178.700,181.000,"Roboty torowe, roboty branży
obiektów inżynieryjnych, sieci
trakcyjnej, srk, telekomunikacji",138,24,3312,,160,przerwa w ruchu,2023-12-14,2026-04-30,Korekta_SHZT_2025_2026
1938,38,"BIAŁYSTOK -
GŁOMNO",IRR2/3,Kętrzyn - Tołkiny,1,181.000,191.950,"Roboty torowe, roboty branży
obiektów inżynieryjnych, sieci
trakcyjnej, srk, telekomunikacji",138,24,3312,,160,przerwa w ruchu,2023-12-14,2026-04-30,Korekta_SHZT_2025_2026
1939,38,"BIAŁYSTOK -
GŁOMNO",IRR2/3,Tołkiny,"1, 3, 4",191.950,193.800,"Roboty torowe, roboty branży
obiektów inżynieryjnych, sieci
trakcyjnej, srk, telekomunikacji",138,24,3312,,160,przerwa w ruchu,2023-12-14,2026-04-30,Korekta_SHZT_2025_2026
1940,38,"BIAŁYSTOK -
GŁOMNO",IRR2/3,Tołkiny - Korsze,1,193.800,200.100,"Roboty torowe, roboty branży
obiektów inżynieryjnych, sieci
trakcyjnej, srk, telekomunikacji",138,24,3312,,160,przerwa w ruchu,2023-12-14,2026-04-30,Korekta_SHZT_2025_2026
1941,38,"BIAŁYSTOK -
GŁOMNO",IRR2/3,Korsze,1,200.100,202.826,"Roboty torowe, roboty branży
obiektów inżynieryjnych, sieci
trakcyjnej, srk, telekomunikacji",138,24,3312,,160,przerwa w ruchu,2023-12-14,2026-04-30,Korekta_SHZT_2025_2026
1942,45,"WARSZAWA
WSCHODNIA
OSOBOWA -
WARSZAWA
GROCHÓW T1G,2G",IRR1/11,"Warszawa Wschodnia -
Warszawa Grochów","1G, 2G",0.684,2.280,"Modernizacja linii kolejowych i
stacji kolejowych",179,24,4296,,"bez
ograniczenia",przerwa w ruchu,2026-06-14,2028-06-16,Korekta_SHZT_2025_2026
1943,49,"ŚNIADOWO -
ŁOMŻA",IRR1/14,Śniadowo,"1,2,3,4,5,7",-0.221,1.115,"kompleksowa wymiana
nawierzchni,",163,24,3912,,"bez
ograniczenia",przerwa w ruchu,2025-05-27,2026-05-26,Korekta_SHZT_2025_2026
1944,49,"ŚNIADOWO -
ŁOMŻA",IRR1/14,Śniadowo - Łomża,1,0.810,15.854,"kompleksowa wymiana
nawierzchni, modernizacja
obieków inżynieryjnych,
modernizacja peronów",163,24,3912,,"bez
ograniczenia",przerwa w ruchu,2025-05-27,2026-05-26,Korekta_SHZT_2025_2026
1945,49,"ŚNIADOWO -
ŁOMŻA",IRR1/14,Łomża,"1, 2, 3",15.854,16.990,"kompleksowa wymiana
nawierzchni,",163,24,3912,,"bez
ograniczenia",przerwa w ruchu,2025-05-27,2026-05-26,Korekta_SHZT_2025_2026
1946,61,"KIELCE -
FOSOWSKIE",IZ Kielce,Kielce Herbskie,106-112,1.360,6.000,"Wymiana rozjazdów na stacji
Kielce Herbskie",60,24,1440,50,"bez
ograniczenia","ruch po torach czynnych
w stacji",2026-05-02,2026-06-30,Korekta_SHZT_2025_2026
1947,61,"KIELCE -
FOSOWSKIE",IZ Kielce,Rykoszyn,"6, 8",17.700,18.700,"Naprawa torów nr 6,8 st.
Rykoszyn",30,24,720,50,"bez
ograniczenia","ruch po torach czynnych
w stacji",2026-06-01,2026-06-30,Korekta_SHZT_2025_2026
1948,61,"KIELCE-
FOSOWSKIE",IRR4/3,Kochanowice - Jawornica,2,145.837,149.840,"Roboty zasadnicze
(domknięcie technologiczne).
Domknięcie technologiczne -
prace związane z realizacją
inwestycji",44,24,1056,50,"bez
ograniczenia","jednotorowo
dwukierunkowo",2025-12-29,2026-02-11,Korekta_SHZT_2025_2026
1949,61,"KIELCE-
FOSOWSKIE",IRR4/3,Jawornica- Lubliniec,1,149.840,156.795,"Roboty zasadnicze
(domknięcie technologiczne).
Domknięcie technologiczne -
prace związane z realizacją
inwestycji",13,24,312,50,"bez
ograniczenia","jednotorowo
dwukierunkowo",2025-12-29,2026-01-10,Korekta_SHZT_2025_2026
1950,61,"KIELCE-
FOSOWSKIE",IRR4/3,Jawornica- Lubliniec,2,149.840,152.605,"Roboty zasadnicze
(domknięcie technologiczne).
Domknięcie technologiczne -
prace związane z realizacją
inwestycji",12,24,288,50,"bez
ograniczenia","jednotorowo
dwukierunkowo",2026-01-12,2026-01-24,Korekta_SHZT_2025_2026
1951,61,"KIELCE-
FOSOWSKIE",IRR4/3,Lubliniec - Pawonków,1,156.795,161.223,"Roboty zasadnicze
(domknięcie technologiczne).
Domknięcie technologiczne -
prace związane z realizacją
inwestycji",5,24,120,,"bez
ograniczenia",przerwa w ruchu,2026-04-13,2026-04-17,Korekta_SHZT_2025_2026
1952,61,"KIELCE-
FOSOWSKIE",IRR4/3,Lubliniec - Pawonków,1,156.795,161.223,"Roboty zasadnicze
(domknięcie technologiczne).
Domknięcie technologiczne -
prace związane z realizacją
inwestycji",19,6,114,,"bez
ograniczenia",przerwa w ruchu,2026-04-18,2026-05-06,Korekta_SHZT_2025_2026
1953,61,"KIELCE-
FOSOWSKIE",IRR4/3,Pawonków - Pludry,1,161.223,168.443,"Roboty zasadnicze
(domknięcie technologiczne).
Domknięcie technologiczne -
prace związane z realizacją
inwestycji",5,24,120,,"bez
ograniczenia",przerwa w ruchu,2026-04-13,2026-04-17,Korekta_SHZT_2025_2026
1954,61,"KIELCE-
FOSOWSKIE",IRR4/3,Pludry - Fosowskie,1,161.223,168.443,"Roboty zasadnicze
(domknięcie technologiczne).
Domknięcie technologiczne -
prace związane z realizacją
inwestycji",5,24,120,50,"bez
ograniczenia",przerwa w ruchu,2026-04-13,2026-04-17,Korekta_SHZT_2025_2026
1955,61,"KIELCE-
FOSOWSKIE",IRR4/3,Pawonków - Pludry,1,161.223,168.443,"Roboty zasadnicze
(domknięcie technologiczne).
Domknięcie technologiczne -
prace związane z realizacją
inwestycji",19,6,114,,"bez
ograniczenia",przerwa w ruchu,2026-04-18,2026-05-06,Korekta_SHZT_2025_2026
1956,61,"KIELCE-
FOSOWSKIE",IRR4/3,Pludry - Fosowskie,1,168.443,176.775,"Roboty zasadnicze
(domknięcie technologiczne).
Domknięcie technologiczne -
prace związane z realizacją
inwestycji",19,6,114,,"bez
ograniczenia",przerwa w ruchu,2026-04-18,2026-05-06,Korekta_SHZT_2025_2026
1957,61,"KIELCE -
FOSOWSKIE",IZ Kielce,Ludynia - Włoszczowa,1,,,"Remont główny obiektów
inżynieryjnych",81,24,1944,30,"bez
ograniczenia","ruch jednotorowy
dwukierunkowy po torze
czynnym",2026-05-12,2026-07-31,Korekta_SHZT_2025_2026
1958,61,"KIELCE -
FOSOWSKIE",IZ Kielce,Włoszczowa - Ludynia,2,,,"Remont główny obiektów
inżynieryjnych",78,24,1872,30,"bez
ograniczenia","ruch jednotorowy
dwukierunkowy po torze
czynnym",2026-08-01,2026-10-17,Korekta_SHZT_2025_2026
1959,62,"TUNEL -
SOSNOWIEC
GŁÓWNY",IRR4/4,"Sosnowiec Południowy -
Sosnowiec Główny",1,83.300,83.700,"Roboty zasadnicze.
Kompleksowa wymiana
nawierzchni w torze nr 1,
roboty branży SRK, sieci
trakcyjnej,
elektroenergetycznej,
mostowej",161,24,3864,,,przerwa w ruchu,2025-10-23,2026-05-23,Korekta_SHZT_2025_2026
1960,64,"KOZŁÓW -
KONIECPOL",IRR3/4,Kozłów,1,0.880,-0.445,"Modernizacja linii /
przebudowa układu torowego
wraz z pozostałymi
elementami infrastruktury",184,4,736,,"bez
ograniczenia",przerwa w ruchu,2025-12-14,2026-06-15,Korekta_SHZT_2025_2026
1961,64,"KOZŁÓW -
KONIECPOL",IRR3/4,Kozłów,2,0.880,-0.445,"Modernizacja linii /
przebudowa układu torowego
wraz z pozostałymi
elementami infrastruktury",184,24,4416,100,"bez
ograniczenia","ruch jednotorowy
dwukierunkowy po torze
czynnym",2025-12-14,2026-06-15,Korekta_SHZT_2025_2026
1962,64,"KOZŁÓW -
KONIECPOL",IRR3/4,Sprowa - Kozłów,1,1.500,0.970,"Modernizacja linii /
przebudowa układu torowego
wraz z pozostałymi
elementami infrastruktury",184,24,4416,100,"bez
ograniczenia","ruch jednotorowy
dwukierunkowy po torze
czynnym",2025-12-14,2026-06-15,Korekta_SHZT_2025_2026
1963,64,"KOZŁÓW -
KONIECPOL",IRR3/4,Sprowa - Kozłów,2,1.500,0.970,"Modernizacja linii /
przebudowa układu torowego
wraz z pozostałymi
elementami infrastruktury",184,4,736,,"bez
ograniczenia",przerwa w ruchu,2025-12-14,2026-06-15,Korekta_SHZT_2025_2026
1964,68,"LUBLIN GŁÓWNY -
PRZEWORSK",IZ Lublin,"Lublin Zemborzyce -
Niedrzwica",1,9.481,19.519,"Mechaniczna regulacja
położenia toru w planie i profilu",5,8,40,,"bez
ograniczenia","przerwa w ruchu linia
jednotorowa",2026-08-13,2026-08-20,Korekta_SHZT_2025_2026
1965,68,"LUBLIN GŁÓWNY -
PRZEWORSK",IZ Lublin,Niedrzwica - Wilkołaz,1,20.984,35.092,"Mechaniczna regulacja
położenia toru w planie i profilu",8,8,64,,"bez
ograniczenia","przerwa w ruchu linia
jednotorowa",2026-08-21,2026-09-01,Korekta_SHZT_2025_2026
1966,68,"LUBLIN GŁÓWNY -
PRZEWORSK",IZ Lublin,Wilokołaz - Kraśnik,1,36.530,43.295,"Mechaniczna regulacja
położenia toru w planie i profilu",4,8,32,,"bez
ograniczenia","przerwa w ruchu linia
jednotorowa",2026-09-02,2026-09-05,Korekta_SHZT_2025_2026
1967,68,"LUBLIN GŁÓWNY -
PRZEWORSK",IZ Lublin,Kraśnik - Szastarka,1,45.090,54.430,"Mechaniczna regulacja
położenia toru w planie i profilu",5,8,40,,"bez
ograniczenia","przerwa w ruchu linia
jednotorowa",2026-09-08,2026-09-12,Korekta_SHZT_2025_2026
1968,68,"LUBLIN GŁÓWNY -
PRZEWORSK",IZ Lublin,Szastarka - Rzeczyca,1,55.960,65.730,"Mechaniczna regulacja
położenia toru w planie i profilu",5,8,40,,"bez
ograniczenia","przerwa w ruchu linia
jednotorowa",2026-09-15,2026-09-19,Korekta_SHZT_2025_2026
1969,68,"LUBLIN GŁÓWNY -
PRZEWORSK",IZ Lublin,Rzeczyca - Zaklików,1,67.270,77.898,"Mechaniczna regulacja
położenia toru w planie i profilu",4,8,32,,"bez
ograniczenia","przerwa w ruchu linia
jednotorowa",2026-09-22,2026-09-25,Korekta_SHZT_2025_2026
1970,69,"REJOWIEC -
HREBENNE",IZ Lublin,"Rejowieic - Krasnystaw
Fabryczny",1,2.500,19.100,"oczyszczanie,podbijanie toru",12,10,120,,80,"przerwa w ruchu linia
jednotorowa",2026-05-04,2026-05-15,Korekta_SHZT_2025_2026
1971,69,"REJOWIEC -
HREBENNE",IZ Lublin,"Krasnystaw Fabryczny -
Krasnystaw",1,19.100,35.200,"oczyszczanie,podbijanie toru",10,8,80,,80,"przerwa w ruchu linia
jednotorowa",2026-06-15,2026-06-24,Korekta_SHZT_2025_2026
1972,69,"REJOWIEC -
HREBENNE",IZ Lublin,Krasnystaw - Krzak,1,35.200,53.000,"oczyszczanie,podbijanie toru",16,12,192,,80,"przerwa w ruchu linia
jednotorowa",2026-07-06,2026-07-21,Korekta_SHZT_2025_2026
1973,69,"REJOWIEC -
HREBENNE",IZ Lublin,Susiec - Bełżec,1,77.000,112.000,"oczyszczanie,podbijanie toru",14,10,140,,80,"przerwa w ruchu linia
jednotorowa",2026-09-01,2026-09-14,Korekta_SHZT_2025_2026
1974,70,"WŁOSZCZOWICE -
CHMIELÓW",IZ Kielce,Włoszczowice - Staszów,1,2.850,46.500,"Remont przejazdów wraz z
poprawą widzialności oraz
robotami towarzyszącymi",60,24,1440,,"bez
ograniczenia",przerwa w ruchu,2026-04-02,2026-05-31,Korekta_SHZT_2025_2026
1975,70,"WŁOSZCZOWICE -
CHMIELÓW",IZ Kielce,Chmielnik - Raczyce,1,13.940,24.600,"Remont główny obiektów
inżynieryjnych",60,24,1440,,"bez
ograniczenia","przerwa w ruchu linia
jednotorowa",2026-04-02,2026-05-31,Korekta_SHZT_2025_2026
1976,70,"WŁOSZCZOWICE -
CHMIELÓW",IZ Kielce,Raczyce - Grzybów,1,24.600,37.000,"Remont główny obiektów
inżynieryjnych",60,24,1440,,"bez
ograniczenia","przerwa w ruchu linia
jednotorowa",2026-04-02,2026-05-31,Korekta_SHZT_2025_2026
1977,70,"WŁOSZCZOWICE -
CHMIELÓW",IZ Kielce,Strzegomek,1,62.200,64.000,"Naprawa torów 1 i 2 st.
Strzegomek wraz z wymianą 7
rozjazdów",61,24,1464,,"bez
ograniczenia",przerwa w ruchu,2026-06-01,2026-07-31,Korekta_SHZT_2025_2026
1978,70,"WŁOSZCZOWICE -
CHMIELÓW",IZ Kielce,Strzegomek - Chmielów,1,69.426,82.678,"Remont główny obiektów
inżynieryjnych",178,24,4272,,"bez
ograniczenia","przerwa w ruchu linia
jednotorowa",2026-06-23,2026-12-17,Korekta_SHZT_2025_2026
1979,70,"WŁOSZCZOWICE -
CHMIELÓW",IRR3/1,Chmielów - Włoszczowice,1,87.116,86.370,przerwa technologiczna,92,4,368,,"bez
ograniczenia",przerwa w ruchu,2025-09-01,2026-03-15,Korekta_SHZT_2025_2026
1980,70,"WŁOSZCZOWICE -
CHMIELÓW",IRR3/1,Chmielów - Włoszczowice,1,87.116,86.370,kompleksowa modernizacja,101,24,2424,,"bez
ograniczenia",przerwa w ruchu,2026-09-03,2027-04-11,Korekta_SHZT_2025_2026
1981,71,"OCICE - RZESZÓW
GŁÓWNY",IRR3/1,Ocice - Dęba Rozalin,1,-1.063,0.300,modernizacja,92,24,2208,,"bez
ograniczenia",przerwa w ruchu,2025-09-01,2026-03-15,Korekta_SHZT_2025_2026
1982,72,"ZAWADA -
HRUBIESZÓW
MIASTO",IZ Lublin,Zawada - Zamość Szopinek,1,0.423,8.600,"oczyszczanie,podbijanie toru",28,10,280,,80,"przerwa w ruchu linia
jednotorowa",2026-04-03,2026-04-30,Korekta_SHZT_2025_2026
1983,73,"SITKÓWKA
NOWINY - BUSKO
ZDRÓJ",IZ Kielce,Sitkówka Nowiny - Nida,1,,,"Remont główny obiektów
inżynieryjnych",81,24,1944,30,"bez
ograniczenia","jednotorowo
dwukierunkowo",2026-05-12,2026-07-31,Korekta_SHZT_2025_2026
1984,73,"SITKÓWKA
NOWINY - BUSKO
ZDRÓJ",IZ Kielce,Nida - Sitkówka Nowiny,2,,,"Remont główny obiektów
inżynieryjnych",78,24,1872,30,"bez
ograniczenia","jednotorowo
dwukierunkowo",2026-08-01,2026-10-17,Korekta_SHZT_2025_2026
1985,74,"SOBÓW -
STALOWA WOLA
ROZWADÓW",IRR3/1,Sobów - Grębów,1,-1.021,11.000,kompleksowa modernizacja,92,24,2208,,"bez
ograniczenia",przerwa w ruchu,2025-09-01,2026-03-15,Korekta_SHZT_2025_2026
1986,74,"SOBÓW -
STALOWA WOLA
ROZWADÓW",IRR3/1,Grębów,"1, 2, 3, 4, 6",7.000,7.500,przerwa technologiczna,92,4,368,,"bez
ograniczenia",przerwa w ruchu,2025-09-01,2026-03-15,Korekta_SHZT_2025_2026
1987,74,"SOBÓW -
STALOWA WOLA
ROZWADÓW",IRR3/1,Grębów,"1, 2, 3, 4, 6",7.000,7.500,przerwa technologiczna,171,4,684,,"bez
ograniczenia",przerwa w ruchu,2026-03-16,2026-09-02,Korekta_SHZT_2025_2026
1988,74,"SOBÓW -
STALOWA WOLA
ROZWADÓW",IRR3/1,Grębów,"1, 3",7.000,7.500,kompleksowa modernizacja,92,24,2208,,"bez
ograniczenia","ruch po torach czynnych
w stacji",2025-09-01,2026-03-15,Korekta_SHZT_2025_2026
1989,74,"SOBÓW -
STALOWA WOLA
ROZWADÓW",IRR3/1,Grębów - Zbydniów,1,7.389,15.000,kompleksowa modernizacja,171,24,4104,50,"bez
ograniczenia","jednotorowo
dwukierunkowo",2026-03-16,2026-09-02,Korekta_SHZT_2025_2026
1990,74,"SOBÓW -
STALOWA WOLA
ROZWADÓW",IRR3/1,Grębów - Zbydniów,"1, 2",7.389,15.000,przerwa technologiczna,92,4,368,,"bez
ograniczenia",przerwa w ruchu,2025-09-01,2026-03-15,Korekta_SHZT_2025_2026
1991,74,"SOBÓW -
STALOWA WOLA
ROZWADÓW",IRR3/1,Grębów - Zbydniów,"1, 2",7.389,15.000,przerwa technologiczna,171,4,684,,"bez
ograniczenia",przerwa w ruchu,2026-03-16,2026-09-02,Korekta_SHZT_2025_2026
1992,74,"SOBÓW -
STALOWA WOLA
ROZWADÓW",IRR3/1,Grębów - Zbydniów,2,7.389,15.000,kompleksowa modernizacja,92,24,2208,50,"bez
ograniczenia","jednotorowo
dwukierunkowo",2025-09-01,2026-03-15,Korekta_SHZT_2025_2026
1993,74,"SOBÓW -
STALOWA WOLA
ROZWADÓW",IRR3/1,Zbydniów,"1, 2, 3, 4",14.000,17.035,przerwa technologiczna,92,4,368,,"bez
ograniczenia",przerwa w ruchu,2025-09-01,2026-03-15,Korekta_SHZT_2025_2026
1994,74,"SOBÓW -
STALOWA WOLA
ROZWADÓW",IRR3/1,Zbydniów,"1, 2, 3, 4",14.000,17.035,przerwa technologiczna,171,4,684,,"bez
ograniczenia",przerwa w ruchu,2026-03-16,2026-09-02,Korekta_SHZT_2025_2026
1995,74,"SOBÓW -
STALOWA WOLA
ROZWADÓW",IRR3/1,Zbydniów,"1, 3",14.000,17.035,kompleksowa modernizacja,171,24,4104,50,"bez
ograniczenia","jednotorowo
dwukierunkowo",2026-03-16,2026-09-02,Korekta_SHZT_2025_2026
1996,74,"SOBÓW -
STALOWA WOLA
ROZWADÓW",IRR3/1,Zbydniów,"2, 4",14.000,17.035,kompleksowa modernizacja,92,24,2208,50,"bez
ograniczenia","ruch po torach czynnych
w stacji",2025-09-01,2026-03-15,Korekta_SHZT_2025_2026
1997,74,"SOBÓW -
STALOWA WOLA
ROZWADÓW",IRR3/1,"Zbydniów - Stalowa Wola
Rozwadów Towarowy",1,15.000,22.181,kompleksowa modernizacja,171,24,4104,50,"bez
ograniczenia","jednotorowo
dwukierunkowo",2026-03-16,2026-09-02,Korekta_SHZT_2025_2026
1998,74,"SOBÓW -
STALOWA WOLA
ROZWADÓW",IRR3/1,"Zbydniów - Stalowa Wola
Rozwadów Towarowy","1, 2",15.000,22.181,przerwa technologiczna,92,4,368,,"bez
ograniczenia",przerwa w ruchu,2025-09-01,2026-03-15,Korekta_SHZT_2025_2026
1999,74,"SOBÓW -
STALOWA WOLA
ROZWADÓW",IRR3/1,"Zbydniów - Stalowa Wola
Rozwadów Towarowy","1, 2",15.000,22.181,przerwa technologiczna,171,4,684,,"bez
ograniczenia",przerwa w ruchu,2026-03-16,2026-09-02,Korekta_SHZT_2025_2026
2000,74,"SOBÓW -
STALOWA WOLA
ROZWADÓW",IRR3/1,"Zbydniów - Stalowa Wola
Rozwadów Towarowy",2,15.000,22.181,kompleksowa modernizacja,101,24,2424,50,"bez
ograniczenia","jednotorowo
dwukierunkowo",2026-09-03,2027-04-11,Korekta_SHZT_2025_2026
2001,74,"SOBÓW -
STALOWA WOLA
ROZWADÓW",IRR3/1,"Zbydniów - Stalowa Wola
Rozwadów Towarowy","1, 2",15.000,22.181,kompleksowa modernizacja,101,4,404,,"bez
ograniczenia","jednotorowo
dwukierunkowo",2026-09-03,2027-04-11,Korekta_SHZT_2025_2026
2002,74,"SOBÓW -
STALOWA WOLA
ROZWADÓW",IRR3/1,"Stalowa Wola Rozwadów
Towarowy",1-13,21.900,23.000,kompleksowa modernizacja,171,4,684,,"bez
ograniczenia",przerwa w ruchu,2026-03-16,2026-09-02,Korekta_SHZT_2025_2026
2003,74,"SOBÓW -
STALOWA WOLA
ROZWADÓW",IRR3/1,"Stalowa Wola Rozwadów
Towarowy",2,21.900,23.000,kompleksowa modernizacja,171,24,4104,50,"bez
ograniczenia",przerwa w ruchu,2026-03-16,2026-09-02,Korekta_SHZT_2025_2026
2004,74,"SOBÓW -
STALOWA WOLA
ROZWADÓW",IRR3/1,"Stalowa Wola Rozwadów
Towarowy - Stalowa Wola","1, 2",23.000,24.000,kompleksowa modernizacja,171,4,684,,"bez
ograniczenia",przerwa w ruchu,2026-03-16,2026-09-02,Korekta_SHZT_2025_2026
2005,74,"SOBÓW -
STALOWA WOLA
ROZWADÓW",IRR3/1,"Stalowa Wola Rozwadów
Towarowy - Stalowa Wola",2,23.000,24.000,kompleksowa modernizacja,171,24,4104,50,"bez
ograniczenia",przerwa w ruchu,2026-03-16,2026-09-02,Korekta_SHZT_2025_2026
2006,75,"RYTWIANY -
POŁANIEC",IZ Kielce,Rytwiany - Połaniec,1,2.280,2.290,"Remont główny wiaduktu
w km 2,286",15,24,360,,"bez
ograniczenia","przerwa w ruchu linia
jednotorowa",2026-11-04,2026-11-19,Korekta_SHZT_2025_2026
2007,78,"SANDOMIERZ -
GRĘBÓW",IRR3/1,Sandomierz - Grębów,1,1.420,11.000,kompleksowa modernizacja,101,24,2424,50,"bez
ograniczenia",przerwa w ruchu,2026-09-03,2027-04-11,Korekta_SHZT_2025_2026
2008,78,"SANDOMIERZ -
GRĘBÓW",IRR3/1,Grębów,"1, 2, 3, 4, 6",7.000,7.500,przerwa technologiczna,101,24,2424,,"bez
ograniczenia",przerwa w ruchu,2026-09-03,2027-04-11,Korekta_SHZT_2025_2026
2009,78,"SANDOMIERZ -
GRĘBÓW",IRR3/1,Grębów,"2, 4, 6",7.000,7.500,kompleksowa modernizacja,101,24,2424,50,"bez
ograniczenia",przerwa w ruchu,2026-09-03,2027-04-11,Korekta_SHZT_2025_2026
2010,90,"ZEBRZYDOWICE -
CIESZYN",IRR4/5,Zebrzydowice - Kaczyce,1,13.900,14.300,modernizacja,13,24,312,60,160,przerwa w ruchu,2024-12-09,2025-12-26,Korekta_SHZT_2025_2026
2011,91,"KRAKÓW GŁÓWNY -
MEDYKA",IRR3/3,"Kraków Bieżanów R39 -
Podłęże R 101",2,10.790,16.099,"Prace związane z zabudową
rozjazdów Pd 402, Pd 403, Pd
405 w torze nr 1 linii 91,
wykonanie fundamentu pod
podporą wiaduktu pod torem 2
nowej linii 622 oraz podporą
północną wiaduktu w ciągu
nowobudowanej łącznicy nr
627 ( wraz z pracami
towarzyszącymi or",61,24,1464,50,"bez
ograniczenia","jednotorowo
dwukierunkowo",2026-06-14,2026-08-13,Korekta_SHZT_2025_2026
2012,91,"KRAKÓW GŁÓWNY -
MEDYKA",IRR3/3,Kraków Bieżanów - Podłęże,1,10.918,16.099,"Zabudowa rozjazdów Pd 401,
Pd 406, Pd 407 oraz
równolegle budowa ściany
oporowej wzdłuż toru nr 1 linii
91 wraz z dobudową
(wydłużeniem) przepustu pod
torami, budowa podpory
wiaduktu pod torem nr 2 nowej
linii 622",61,24,1464,50,"bez
ograniczenia","jednotorowo
dwukierunkowo",2026-08-14,2026-10-13,Korekta_SHZT_2025_2026
2013,91,"KRAKÓW GŁÓWNY -
MEDYKA",IRR3/3,Podłęże,1,15.923,19.880,"Prace przygotowawcze do
zabudowy konstrukcji przęseł
wiaduktu pod torem nr 2 nowej
linii 622",22,24,528,50,"bez
ograniczenia","po torach czynnych w
stacji",2026-10-14,2026-11-04,Korekta_SHZT_2025_2026
2014,91,"KRAKÓW GŁÓWNY -
MEDYKA",IRR3/3,Podłęże,"1, 3",15.923,19.880,"Prace związane z zabudową
rozjazdów Pd 402, Pd 403, Pd
405 w torze nr 1 linii 91,
wykonanie fundamentu pod
podporą wiaduktu pod torem 2
nowej linii 622 oraz podporą
północną wiaduktu w ciągu
nowobudowanej łącznicy nr
627 (wraz z pracami
towarzyszącymi)",61,24,1464,50,"bez
ograniczenia","po torach czynnych w
stacji",2026-06-14,2026-08-13,Korekta_SHZT_2025_2026
2015,91,"KRAKÓW GŁÓWNY -
MEDYKA",IRR3/3,Podłęże,"2, 4",15.923,19.880,"Zabudowa rozjazdu Pd 301,
zmiana niwelety toru 1 oraz
przebudowa obiektu pod torem
nr 2 linii 95",38,24,912,50,"bez
ograniczenia","ruch po torach czynnych
w stacji",2026-11-05,2027-02-03,Korekta_SHZT_2025_2026
2016,93,"TRZEBINIA -
ZEBRZYDOWICE",IRR4/5,Zabrzeg - Bronów,2,53.100,58.500,modernizacja,355,24,8520,60,160,"jednotorowo
dwukierunkowo",2024-12-10,2026-12-03,Korekta_SHZT_2025_2026
2017,93,"TRZEBINIA -
ZEBRZYDOWICE",IRR4/5,Bronów - Chybie,2,58.500,60.200,modernizacja,184,24,4416,60,160,"jednotorowo
dwukierunkowo",2024-10-22,2026-06-15,Korekta_SHZT_2025_2026
2018,93,"TRZEBINIA -
ZEBRZYDOWICE",IRR4/5,Chybie,"2, 4, 6, 1 (od
RZ15 do
RZ55)",60.200,62.000,modernizacja,252,24,6048,60,160,"ruch po torach czynnych
w stacji",2026-02-10,2026-10-19,Korekta_SHZT_2025_2026
2019,93,"TRZEBINIA -
ZEBRZYDOWICE",IRR4/5,Chybie - Pruchna,2,62.000,69.000,modernizacja,283,24,6792,60,160,"jednotorowo
dwukierunkowo",2024-09-02,2026-09-22,Korekta_SHZT_2025_2026
2020,93,"TRZEBINIA -
ZEBRZYDOWICE",IRR4/5,Chybie - Pruchna,1,62.000,69.000,modernizacja,283,5,1415,60,160,przerwa w ruchu,2024-09-02,2026-09-22,Korekta_SHZT_2025_2026
2021,93,"TRZEBINIA -
ZEBRZYDOWICE",IRR4/5,Chybie - Pruchna,1,62.000,69.000,modernizacja,81,24,1944,60,160,"jednotorowo
dwukierunkowo",2026-09-23,2027-10-18,Korekta_SHZT_2025_2026
2022,93,"TRZEBINIA -
ZEBRZYDOWICE",IRR4/5,Chybie - Pruchna,2,62.000,69.000,modernizacja,81,5,405,60,160,przerwa w ruchu,2026-09-23,2027-10-18,Korekta_SHZT_2025_2026
2023,93,"TRZEBINIA -
ZEBRZYDOWICE",IRR4/5,Pruchna - Zebrzydowice,2,69.000,76.000,modernizacja,68,24,1632,60,120,"jednotorowo
dwukierunkowo",2025-04-22,2026-02-19,Korekta_SHZT_2025_2026
2024,93,"TRZEBINIA -
ZEBRZYDOWICE",IRR4/5,Pruchna - Zebrzydowice,1,69.000,76.000,modernizacja,68,5,340,60,120,przerwa w ruchu,2025-04-22,2026-02-19,Korekta_SHZT_2025_2026
2025,93,"TRZEBINIA -
ZEBRZYDOWICE",IRR4/5,Pruchna - Zebrzydowice,"1, 2",69.000,76.000,modernizacja,296,5,1480,60,160,przerwa w ruchu,2026-02-20,2026-12-21,Korekta_SHZT_2025_2026
2026,93,"TRZEBINIA -
ZEBRZYDOWICE",IRR4/5,Pruchna,"1, 3, 4, 6",69.100,70.200,modernizacja,122,24,2928,60,160,"ruch po torach czynnych
w stacji",2024-12-17,2026-04-14,Korekta_SHZT_2025_2026
2027,93,"TRZEBINIA -
ZEBRZYDOWICE",IRR4/5,Pruchna,"3, 4, 6",69.100,70.200,modernizacja,242,24,5808,60,160,"ruch po torach czynnych
w stacji",2026-04-15,2027-05-04,Korekta_SHZT_2025_2026
2028,93,"TRZEBINIA -
ZEBRZYDOWICE",IRR4/5,Zebrzydowice,"1, 2, 4, 6, 8,
101-109,
9-15",76.000,77.800,modernizacja,125,24,3000,60,160,"torami czynnymi stacji 17-
31; Obsługa ruchu
towarowego na stacji
Zabrzeg Czarnolesie",2025-06-19,2026-04-17,Korekta_SHZT_2025_2026
2029,93,"TRZEBINIA -
ZEBRZYDOWICE",IRR4/5,Zebrzydowice,"101-109,
9-31",76.000,77.800,modernizacja,237,24,5688,60,160,"torami czynnymi stacji w
nowym układzie 1, 2, 4,
6, 8, 10; Obsługa ruchu
towarowego na stacji
Zabrzeg Czarnolesie",2026-04-20,2027-02-16,Korekta_SHZT_2025_2026
2030,93,"TRZEBINIA -
ZEBRZYDOWICE",IRR4/5,"Zebrzydowice - granica
państwa",1,77.800,80.660,modernizacja,23,24,552,60,160,"jednotorowo
dwukierunkowo",2024-10-20,2026-01-05,Korekta_SHZT_2025_2026
2031,93,"TRZEBINIA -
ZEBRZYDOWICE",IRR4/5,"Zebrzydowice - granica
państwa",2,77.800,80.660,modernizacja,23,6,138,60,160,przerwa w ruchu,2024-10-20,2026-01-05,Korekta_SHZT_2025_2026
2032,93,"TRZEBINIA -
ZEBRZYDOWICE",IRR4/5,"Zebrzydowice - granica
państwa",2,77.800,80.660,modernizacja,341,24,8184,60,160,"jednotorowo
dwukierunkowo",2026-01-06,2027-10-18,Korekta_SHZT_2025_2026
2033,93,"TRZEBINIA -
ZEBRZYDOWICE",IRR4/5,"Zebrzydowice - granica
państwa",1,77.800,80.660,modernizacja,341,6,2046,60,160,przerwa w ruchu,2026-01-06,2027-10-18,Korekta_SHZT_2025_2026
2034,95,"KRAKÓW MYDLNIKI
- PODŁĘŻE",IRR3/3,Kościelniki - Podłęże,2,24.245,32.753,"Zabudowa rozjazdu Pd 301,
zmiana niwelety toru 1 oraz
przebudowa obiektu pod torem
nr 2 linii 95",38,24,912,50,"bez
ograniczenia","jednotorowo
dwukierunkowo",2026-11-05,2027-02-03,Korekta_SHZT_2025_2026
2035,95,"KRAKÓW MYDLNIKI
- PODŁĘŻE",IRR3/3,Kościelniki - Podłęże R201,1,24.245,32.753,"Prace związane z zabudową
rozjazdów Pd 402, Pd 403, Pd
405 w torze nr 1 linii 91,
wykonanie fundamentu pod
podporą wiaduktu pod torem 2
nowej linii 622 oraz podporą
północną wiaduktu w ciągu
nowobudowanej łącznicy nr
627 (wraz z pracami
towarzyszącymi)",61,24,1464,50,"bez
ograniczenia","jednotorowo
dwukierunkowo",2026-06-14,2026-08-13,Korekta_SHZT_2025_2026
2036,96,"TARNÓW -
LELUCHÓW",IZ Nowy Sącz,"Gromnik - Bogoniowice
Ciężkowice",1,32.694,35.307,naprawa główna toru,102,24,2448,,"bez
ograniczenia","przerwa w ruchu linia
jednotorowa",2026-09-01,2026-12-11,Korekta_SHZT_2025_2026
2037,96,"TARNÓW -
LELUCHÓW",IZ Nowy Sącz,Bogoniowice Ciężkowice,"1, 2, 3",35.307,36.856,naprawa główna toru,102,24,2448,,"bez
ograniczenia","przerwa w ruchu linia
jednotorowa",2026-09-01,2026-12-11,Korekta_SHZT_2025_2026
2038,96,"TARNÓW -
LELUCHÓW",IZ Nowy Sącz,"Bogoniowice Ciężkowice -
Zborowice",1,36.856,39.572,naprawa główna toru,102,24,2448,,"bez
ograniczenia","przerwa w ruchu linia
jednotorowa",2026-09-01,2026-12-11,Korekta_SHZT_2025_2026
2039,96,"TARNÓW -
LELUCHÓW",IZ Nowy Sącz,Zborowice,"1,2",39.572,40.971,naprawa główna toru,102,24,2448,,"bez
ograniczenia","przerwa w ruchu linia
jednotorowa",2026-09-01,2026-12-11,Korekta_SHZT_2025_2026
2040,96,"TARNÓW -
LELUCHÓW",IZ Nowy Sącz,Zborowice - Bobowa,1,40.971,46.488,naprawa główna toru,102,24,2448,,"bez
ograniczenia","przerwa w ruchu linia
jednotorowa",2026-09-01,2026-12-11,Korekta_SHZT_2025_2026
2041,96,"TARNÓW -
LELUCHÓW",IZ Nowy Sącz,Bobowa,"1, 2, 3",46.488,48.284,naprawa główna toru,102,24,2448,,"bez
ograniczenia","przerwa w ruchu linia
jednotorowa",2026-09-01,2026-12-11,Korekta_SHZT_2025_2026
2042,96,"TARNÓW -
LELUCHÓW",IZ Nowy Sącz,Bobowa - Wilczyska,1,48.284,53.086,naprawa główna toru,102,24,2448,,"bez
ograniczenia","przerwa w ruchu linia
jednotorowa",2026-09-01,2026-12-11,Korekta_SHZT_2025_2026
2043,96,"TARNÓW -
LELUCHÓW",IZ Nowy Sącz,Wilczyska,"1, 3",53.086,54.426,naprawa główna toru,102,24,2448,,"bez
ograniczenia","przerwa w ruchu linia
jednotorowa",2026-09-01,2026-12-11,Korekta_SHZT_2025_2026
2044,96,"TARNÓW -
LELUCHÓW",IZ Nowy Sącz,Wilczyska - Stróże,1,54.426,55.395,naprawa główna toru,102,24,2448,,"bez
ograniczenia","przerwa w ruchu linia
jednotorowa",2026-09-01,2026-12-11,Korekta_SHZT_2025_2026
2045,97,SKAWINA - ŻYWIEC,IRR3/4,Sucha Beskidzka - Żywiec,1,46.239,81.392,Modernizacja linii,198,24,4752,,"bez
ograniczenia",przerwa w ruchu,2024-11-30,2026-06-29,Korekta_SHZT_2025_2026
2046,97,SKAWINA - ŻYWIEC,IRR3/4,Sucha Beskidzka - Żywiec,1,46.239,81.392,Modernizacja linii,198,24,4752,,"bez
ograniczenia",przerwa w ruchu,2024-11-30,2026-06-29,Korekta_SHZT_2025_2026
2047,97,SKAWINA - ŻYWIEC,IRR3/2,Żywiec,"1, 2, 6, 8, 10,
12, 14, 16",81.162,81.162,"Montaż konstrukcji sieci
trakcyjnej",15,8,120,,"bez
ograniczenia",,2026-06-15,2026-06-29,Korekta_SHZT_2025_2026
2048,97,SKAWINA - ŻYWIEC,IRR3/2,Żywiec,"2, 6, 8, 10,
12, 14, 16",81.162,81.966,"Demontaż sieci trakcyjnej,
zabudowa fundamentów
trakcyjnych, zabudowa
konstrukcji wsporczych sieci
trakcyjnej",183,8,1464,50,"bez
ograniczenia","ruch po torach czynnych
w stacji",2025-06-15,2026-06-14,Korekta_SHZT_2025_2026
2049,97,SKAWINA - ŻYWIEC,IRR3/2,Żywiec,"2, 6, 8, 10,
12, 14, 16",81.162,81.966,"Montaż sieci trakcyjnej w torze
nr 2 w stacji Żywiec",15,24,360,50,"bez
ograniczenia",,2026-06-15,2026-06-29,Korekta_SHZT_2025_2026
2050,104,"CHABÓWKA -
NOWY SĄCZ",IRR3/7,Mszana Dolna,"1, 3",14.951,14.951,modernizacja,346,24,8736,,"bez
ograniczenia","ruch po torach czynnych
w stacji",2026-01-01,2027-08-24,Korekta_SHZT_2025_2026
2051,104,"CHABÓWKA -
NOWY SĄCZ",IRR3/7,Mszana Dolna - Tymbark,1,14.951,37.160,modernizacja,346,24,8736,,"bez
ograniczenia",przerwa w ruchu,2026-01-01,2027-08-24,Korekta_SHZT_2025_2026
2052,104,"CHABÓWKA -
NOWY SĄCZ",IRR3/8,Tymbark - Limanowa,1,37.352,46.768,modernizacja linii,177,24,4248,,"bez
ograniczenia","przerwa w ruchu linia
jednotorowa",2024-12-16,2026-06-08,Korekta_SHZT_2025_2026
2053,104,"CHABÓWKA -
NOWY SĄCZ",IRR3/7,Tymbark,"1, 2",37.352,37.353,modernizacja,364,24,8736,,"bez
ograniczenia",przerwa w ruchu,2025-12-08,2027-07-31,Korekta_SHZT_2025_2026
2054,104,"CHABÓWKA -
NOWY SĄCZ",IRR3/7,Tymbark - Limanowa,1,37.352,46.768,modernizacja,364,24,8736,,"bez
ograniczenia",przerwa w ruchu,2025-12-08,2027-07-31,Korekta_SHZT_2025_2026
2055,104,"CHABÓWKA -
NOWY SĄCZ",IRR3/8,Limanowa,"1, 2, 3, 3a, 4",46.768,47.569,modernizacja linii,177,24,4248,,"bez
ograniczenia","przerwa w ruchu linia
jednotorowa",2024-12-16,2026-06-08,Korekta_SHZT_2025_2026
2056,104,"CHABÓWKA -
NOWY SĄCZ",IRR3/8,Limanowa - Marcinkowice,1,47.569,66.969,modernizacja linii,177,24,4248,,"bez
ograniczenia","przerwa w ruchu linia
jednotorowa",2023-12-10,2026-06-08,Korekta_SHZT_2025_2026
2057,104,"CHABÓWKA -
NOWY SĄCZ",IRR3/8,Limanowa - Marcinkowice,1,47.569,66.969,modernizacja linii,177,24,4248,,"bez
ograniczenia","przerwa w ruchu linia
jednotorowa",2024-12-16,2026-06-08,Korekta_SHZT_2025_2026
2058,107,"NOWY ZAGÓRZ -
ŁUPKÓW",IRR3/6,Nowy Zagórz - Zagórz,1,0.630,0.674,modernizacja,364,24,8736,,"bez
ograniczenia",przerwa w ruchu,2025-11-03,2027-01-27,Korekta_SHZT_2025_2026
2059,108,"STRÓŻE -
KROŚCIENKO",IRR3/6,Jasło - Krosno,"1,3,5,7,9,11",44.950,67.000,modernizacja,364,24,8736,,"bez
ograniczenia",przerwa w ruchu,2025-11-03,2027-01-27,Korekta_SHZT_2025_2026
2060,108,"STRÓŻE -
KROŚCIENKO",IRR3/6,Krosno,"1, 2a, 2, 3a,
5, 7, 7a, 9, 9a",67.000,69.700,modernizacja,364,24,8736,,"bez
ograniczenia",przerwa w ruchu,2025-11-03,2027-01-27,Korekta_SHZT_2025_2026
2061,108,"STRÓŻE -
KROŚCIENKO",IRR3/6,Krosno - Targowiska,1,69.700,72.100,modernizacja,364,24,8736,,"bez
ograniczenia",przerwa w ruchu,2025-11-03,2027-01-27,Korekta_SHZT_2025_2026
2062,108,"STRÓŻE -
KROŚCIENKO",IRR3/6,Krosno - Targowiska,1,72.100,74.900,modernizacja,364,24,8736,,"bez
ograniczenia",przerwa w ruchu,2025-11-03,2027-01-27,Korekta_SHZT_2025_2026
2063,108,"STRÓŻE -
KROŚCIENKO",IRR3/6,Krosno - Targowiska,1,72.100,74.900,modernizacja,364,24,8736,,"bez
ograniczenia",przerwa w ruchu,2025-11-03,2027-01-27,Korekta_SHZT_2025_2026
2064,108,"STRÓŻE -
KROŚCIENKO",IRR3/6,"Targowiska - Wróblik
Szlachecki",1,76.800,80.300,modernizacja,364,24,8736,,"bez
ograniczenia",przerwa w ruchu,2025-11-03,2027-01-27,Korekta_SHZT_2025_2026
2065,108,"STRÓŻE -
KROŚCIENKO",IRR3/6,Wróblik Szlachecki,"1, 3",80.300,82.075,modernizacja,364,24,8736,,"bez
ograniczenia",przerwa w ruchu,2025-11-03,2027-01-27,Korekta_SHZT_2025_2026
2066,108,"STRÓŻE -
KROŚCIENKO",IRR3/6,Wróblik Szlachecki - Zarszyn,1,82.075,91.596,modernizacja,364,24,8736,,"bez
ograniczenia",przerwa w ruchu,2025-11-03,2027-01-27,Korekta_SHZT_2025_2026
2067,108,"STRÓŻE -
KROŚCIENKO",IRR3/6,Zarszyn,"1, 2, 3",91.596,93.464,modernizacja,364,24,8736,,"bez
ograniczenia",przerwa w ruchu,2025-11-03,2027-01-27,Korekta_SHZT_2025_2026
2068,108,"STRÓŻE -
KROŚCIENKO",IRR3/6,Zarszyn - Nowosielce,1,93.464,97.153,modernizacja,364,24,8736,,"bez
ograniczenia",przerwa w ruchu,2025-11-03,2027-01-27,Korekta_SHZT_2025_2026
2069,108,"STRÓŻE -
KROŚCIENKO",IRR3/6,Nowosielce,"1, 2, 3",97.153,99.253,modernizacja,364,24,8736,,"bez
ograniczenia",przerwa w ruchu,2025-11-03,2027-01-27,Korekta_SHZT_2025_2026
2070,108,"STRÓŻE -
KROŚCIENKO",IRR3/6,Nowosielce - Sanok,1,99.253,107.195,modernizacja,364,24,8736,,"bez
ograniczenia",przerwa w ruchu,2025-11-03,2027-01-27,Korekta_SHZT_2025_2026
2071,108,"STRÓŻE -
KROŚCIENKO",IRR3/6,Sanok,"1, 2, 2a, 3, 5,
7, 9, 9A, 11A,
11B, 11C,
21A, 23, 401,
411",107.195,108.995,modernizacja,364,24,8736,,"bez
ograniczenia",przerwa w ruchu,2025-11-03,2027-01-27,Korekta_SHZT_2025_2026
2072,108,"STRÓŻE -
KROŚCIENKO",IRR3/6,Sanok - Nowy Zagórz,1,108.995,112.739,modernizacja,364,24,8736,,"bez
ograniczenia",przerwa w ruchu,2025-11-03,2027-01-27,Korekta_SHZT_2025_2026
2073,108,"STRÓŻE -
KROŚCIENKO",IRR3/6,Nowy Zagórz,"1, 1U, 2, 3, 4,
5, 7, 9, 200,
201",112.739,114.950,modernizacja,364,24,8736,,"bez
ograniczenia",przerwa w ruchu,2025-11-03,2027-01-27,Korekta_SHZT_2025_2026
2074,108,"STRÓŻE -
KROŚCIENKO",IRR3/6,Nowy Zagórz - Uherce,1,114.950,115.180,modernizacja,364,24,8736,,"bez
ograniczenia",przerwa w ruchu,2025-11-03,2027-01-27,Korekta_SHZT_2025_2026
2075,117,"KALWARIA
ZEBRZYDOWSKA
LANCKORONA -
BIELSKO BIAŁA
GŁÓWNA",IZ Nowy Sącz,Andrychów - Kęty,1,31.050,41.050,naprawa główna toru,91,24,2184,,"bez
ograniczenia","przerwa w ruchu linia
jednotorowa",2026-09-01,2026-11-30,Korekta_SHZT_2025_2026
2076,117,"KALWARIA
ZEBRZYDOWSKA
LANCKORONA -
BIELSKO BIAŁA
GŁÓWNA",IZ Nowy Sącz,Kęty,"1, 2, 3, 4",41.050,42.540,naprawa główna toru,91,24,2184,,"bez
ograniczenia","przerwa w ruchu linia
jednotorowa",2026-09-01,2026-11-30,Korekta_SHZT_2025_2026
2077,117,"KALWARIA
ZEBRZYDOWSKA
LANCKORONA -
BIELSKO BIAŁA
GŁÓWNA",IZ Nowy Sącz,Kęty - Kozy,1,42.540,47.100,naprawa główna toru,91,24,2184,,"bez
ograniczenia","przerwa w ruchu linia
jednotorowa",2026-09-01,2026-11-30,Korekta_SHZT_2025_2026
2078,127,"RADZIONKÓW -
TARNOWSKIE
GÓRY TGB T3",IRR4/5,Radzionków - Nakło,1 (3),27.405,29.279,Zamknięcie linii stycznej,134,24,3216,50,"bez
ograniczenia","jednotorowo
dwukierunkowo",2026-04-27,2026-09-07,Korekta_SHZT_2025_2026
2079,128,"RADZIONKÓW -
NAKŁO ŚLĄSKIE T4",IRR4/5,Radzionków - Nakło Śląskie,1 (4),27.405,29.279,Zamknięcie linii stycznej,134,24,3216,50,"bez
ograniczenia","jednotorowo
dwukierunkowo",2026-04-27,2026-09-07,Korekta_SHZT_2025_2026
2080,130,"TARNOWSKIE
GÓRY TGD -
KALETY T4",IRR4/5,Tarnowskie Góry TGD - Kalety,T4,37.321,47.933,Zamknięcie linii stycznej,134,24,3216,50,"bez
ograniczenia","jednotorowo
dwukierunkowo",2026-04-27,2026-09-07,Korekta_SHZT_2025_2026
2081,131,"CHORZÓW
BATORY - TCZEW",IRR4/5,Radzionków - Nakło Śląskie,1,27.405,29.279,"wymiana nawierzchni, budowa
obiektów inżynieryjnych,
wymiana sieci trakcyjnej",96,24,2304,50,"bez
ograniczenia","jednotorowo
dwukierunkowo",2026-09-08,2027-03-04,Korekta_SHZT_2025_2026
2082,131,"CHORZÓW
BATORY - TCZEW",IRR4/5,Radzionków - Nakło Śląskie,2,27.405,29.279,transport technologiczny,96,4,384,,"bez
ograniczenia",przerwa w ruchu,2026-09-08,2027-03-04,Korekta_SHZT_2025_2026
2083,131,"CHORZÓW
BATORY - TCZEW",IRR4/5,Nakło Śląskie,1,29.279,30.143,"wymiana nawierzchni, budowa
obiektów inżynieryjnych,
wymiana sieci trakcyjnej",96,24,2304,50,"bez
ograniczenia","jednotorowo
dwukierunkowo",2026-09-08,2027-03-04,Korekta_SHZT_2025_2026
2084,131,"CHORZÓW
BATORY - TCZEW",IRR4/5,Nakło Śląskie,2,29.279,30.143,transport technologiczny,96,4,384,,"bez
ograniczenia","ruch po torach czynnych
w stacji",2026-09-08,2027-03-04,Korekta_SHZT_2025_2026
2085,131,"CHORZÓW
BATORY - TCZEW",IRR4/5,"Nakło Śląskie - Tarnowskie
Góry",1,30.143,33.098,"wymiana nawierzchni, budowa
obiektów inżynieryjnych,
wymiana sieci trakcyjnej",131,24,3144,50,"bez
ograniczenia","jednotorowo
dwukierunkowo",2025-12-15,2026-04-24,Korekta_SHZT_2025_2026
2086,131,"CHORZÓW
BATORY - TCZEW",IRR4/5,"Nakło Śląskie - Tarnowskie
Góry",2,30.143,33.098,transport technologiczny,131,4,524,,"bez
ograniczenia",przerwa w ruchu,2025-12-15,2026-04-24,Korekta_SHZT_2025_2026
2087,131,"CHORZÓW
BATORY - TCZEW",IRR4/5,Tarnowskie Góry,1,33.098,39.558,"wymiana nawierzchni, budowa
obiektów inżynieryjnych,
wymiana sieci trakcyjnej",96,24,2304,50,"bez
ograniczenia","jednotorowo
dwukierunkowo",2026-09-08,2027-03-04,Korekta_SHZT_2025_2026
2088,131,"CHORZÓW
BATORY - TCZEW",IRR4/5,Tarnowskie Góry,2,33.098,39.558,transport technologiczny,96,4,384,,"bez
ograniczenia","ruch po torach czynnych
w stacji",2026-09-08,2027-03-04,Korekta_SHZT_2025_2026
2089,131,"CHORZÓW
BATORY - TCZEW",IRR4/5,Tarnowskie Góry TGE - Kalety,1,39.558,46.930,"wymiana nawierzchni, budowa
obiektów inżynieryjnych,
wymiana sieci trakcyjnej",96,24,2304,50,"bez
ograniczenia","jednotorowo
dwukierunkowo",2026-09-08,2027-03-04,Korekta_SHZT_2025_2026
2090,131,"CHORZÓW
BATORY - TCZEW",IRR4/5,Tarnowskie Góry TGE - Kalety,2,39.558,46.930,transport technologiczny,96,4,384,,"bez
ograniczenia",przerwa w ruchu,2026-09-08,2027-03-04,Korekta_SHZT_2025_2026
2091,131,"CHORZÓW
BATORY - TCZEW",IRR4/5,Kalety,1,46.930,47.966,"wymiana nawierzchni, budowa
obiektów inżynieryjnych,
wymiana sieci trakcyjnej",134,24,3216,50,"bez
ograniczenia","jednotorowo
dwukierunkowo",2026-04-27,2026-09-07,Korekta_SHZT_2025_2026
2092,131,"CHORZÓW
BATORY - TCZEW",IRR4/5,Kalety,2,46.930,47.966,transport technologiczny,134,4,536,,"bez
ograniczenia","ruch po torach czynnych
w stacji",2026-04-27,2026-09-07,Korekta_SHZT_2025_2026
2093,131,"CHORZÓW
BATORY - TCZEW",IRR4/5,Boronów,1,58.721,59.678,"wymiana nawierzchni, budowa
obiektów inżynieryjnych,
wymiana sieci trakcyjnej",134,24,3216,50,"bez
ograniczenia","jednotorowo
dwukierunkowo",2026-04-27,2026-09-07,Korekta_SHZT_2025_2026
2094,131,"CHORZÓW
BATORY - TCZEW",IRR4/5,Boronów,2,58.721,59.678,transport technologiczny,134,4,536,,"bez
ograniczenia",przerwa w ruchu,2026-04-27,2026-09-07,Korekta_SHZT_2025_2026
2095,131,"CHORZÓW
BATORY - TCZEW",IRR4/5,Boronów,2,58.721,59.678,"wymiana nawierzchni, budowa
obiektów inżynieryjnych,
wymiana sieci trakcyjnej",96,24,2304,50,"bez
ograniczenia","jednotorowo
dwukierunkowo",2026-09-08,2027-03-04,Korekta_SHZT_2025_2026
2096,131,"CHORZÓW
BATORY - TCZEW",IRR4/5,Boronów,1,58.721,59.678,transport technologiczny,96,4,384,,"bez
ograniczenia",przerwa w ruchu,2026-09-08,2027-03-04,Korekta_SHZT_2025_2026
2097,131,"CHORZÓW
BATORY - TCZEW",IRR4/5,Boronów - Kalina,1,59.678,66.800,"wymiana nawierzchni, budowa
obiektów inżynieryjnych,
wymiana sieci trakcyjnej",134,24,3216,50,"bez
ograniczenia","jednotorowo
dwukierunkowo",2026-04-27,2026-09-07,Korekta_SHZT_2025_2026
2098,131,"CHORZÓW
BATORY - TCZEW",IRR4/5,Boronów - Kalina,2,59.678,66.800,transport technologiczny,134,4,536,,"bez
ograniczenia",przerwa w ruchu,2026-04-27,2026-09-07,Korekta_SHZT_2025_2026
2099,131,"CHORZÓW
BATORY - TCZEW",IRR4/5,Boronów - Kalina,2,59.678,66.800,"wymiana nawierzchni, budowa
obiektów inżynieryjnych,
wymiana sieci trakcyjnej",96,24,2304,50,"bez
ograniczenia","jednotorowo
dwukierunkowo",2026-09-08,2027-03-04,Korekta_SHZT_2025_2026
2100,131,"CHORZÓW
BATORY - TCZEW",IRR4/5,Boronów - Kalina,1,59.678,66.800,transport technologiczny,96,4,384,,"bez
ograniczenia",przerwa w ruchu,2026-09-08,2027-03-04,Korekta_SHZT_2025_2026
2101,132,"BYTOM -
WROCŁAW
GŁÓWNY",IRR4/3,Pyskowice - Paczyna,2,40.110,44.767,Torowe,17,24,408,40,,"jednotorowo
dwukierunkowo",2026-01-15,2026-01-31,Korekta_SHZT_2025_2026
2102,132,"BYTOM -
WROCŁAW
GŁÓWNY",IRR4/3,Pyskowice - Paczyna,1,40.110,44.767,Torowe,17,4,68,,,przerwa w ruchu,2026-01-15,2026-01-31,Korekta_SHZT_2025_2026
2103,132,"BYTOM -
WROCŁAW
GŁÓWNY",IRR4/3,Pyskowice - Paczyna,1,40.110,44.767,Torowe,14,24,336,40,,"jednotorowo
dwukierunkowo",2026-02-15,2026-02-28,Korekta_SHZT_2025_2026
2104,132,"BYTOM -
WROCŁAW
GŁÓWNY",IRR4/3,Pyskowice - Paczyna,2,40.110,44.767,Torowe,14,4,56,,,przerwa w ruchu,2026-02-15,2026-02-28,Korekta_SHZT_2025_2026
2105,132,"BYTOM -
WROCŁAW
GŁÓWNY",IRR4/3,Paczyna - Toszek,2,44.767,49.920,Torowe,31,24,744,40,,"jednotorowo
dwukierunkowo",2025-12-15,2026-01-14,Korekta_SHZT_2025_2026
2106,132,"BYTOM -
WROCŁAW
GŁÓWNY",IRR4/3,Paczyna - Toszek,1,44.767,49.920,Torowe,31,4,124,,,przerwa w ruchu,2025-12-15,2026-01-14,Korekta_SHZT_2025_2026
2107,132,"BYTOM -
WROCŁAW
GŁÓWNY",IRR4/3,Paczyna - Toszek,1,44.767,49.920,Torowe,14,24,336,40,,"jednotorowo
dwukierunkowo",2026-03-01,2026-03-14,Korekta_SHZT_2025_2026
2108,132,"BYTOM -
WROCŁAW
GŁÓWNY",IRR4/3,Paczyna - Toszek,2,44.767,49.920,Torowe,14,4,56,,,przerwa w ruchu,2026-03-01,2026-03-14,Korekta_SHZT_2025_2026
2109,132,"BYTOM -
WROCŁAW
GŁÓWNY",IRR4/3,Toszek - Błotnica Strzelecka,1,49.920,59.118,Torowe,17,24,408,40,,"jednotorowo
dwukierunkowo",2026-03-15,2026-03-31,Korekta_SHZT_2025_2026
2110,132,"BYTOM -
WROCŁAW
GŁÓWNY",IRR4/3,Toszek - Błotnica Strzelecka,2,49.920,59.118,Torowe,17,4,68,,,przerwa w ruchu,2026-03-15,2026-03-31,Korekta_SHZT_2025_2026
2111,132,"BYTOM -
WROCŁAW
GŁÓWNY",IRR4/3,"Błotnica Strzelecka - Strzelce
Opolskie",1,59.118,66.931,Torowe,14,24,336,40,,"jednotorowo
dwukierunkowo",2026-04-01,2026-04-14,Korekta_SHZT_2025_2026
2112,132,"BYTOM -
WROCŁAW
GŁÓWNY",IRR4/3,"Błotnica Strzelecka - Strzelce
Opolskie",2,59.118,66.931,Torowe,14,4,56,,,przerwa w ruchu,2026-04-01,2026-04-14,Korekta_SHZT_2025_2026
2113,132,"BYTOM -
WROCŁAW
GŁÓWNY",IRR4/3,Strzelce Opolskie - Szymiszów,1,66.931,73.004,Torowe,7,24,168,40,,"jednotorowo
dwukierunkowo",2026-04-15,2026-04-21,Korekta_SHZT_2025_2026
2114,132,"BYTOM -
WROCŁAW
GŁÓWNY",IRR4/3,Strzelce Opolskie - Szymiszów,2,66.931,73.004,Torowe,7,4,28,,,przerwa w ruchu,2026-04-15,2026-04-21,Korekta_SHZT_2025_2026
2115,132,"BYTOM -
WROCŁAW
GŁÓWNY",IRR4/3,Szymiszów - Otmice,1,73.004,80.523,Torowe,9,24,216,40,,"jednotorowo
dwukierunkowo",2026-04-22,2026-04-30,Korekta_SHZT_2025_2026
2116,132,"BYTOM -
WROCŁAW
GŁÓWNY",IRR4/3,Szymiszów - Otmice,2,73.004,80.523,Torowe,9,4,36,,,przerwa w ruchu,2026-04-22,2026-04-30,Korekta_SHZT_2025_2026
2117,132,"BYTOM -
WROCŁAW
GŁÓWNY",IRR4/3,Otmice - Tarnów Opolski,1,80.523,84.585,Torowe,7,24,168,40,,"jednotorowo
dwukierunkowo",2026-05-01,2026-05-07,Korekta_SHZT_2025_2026
2118,132,"BYTOM -
WROCŁAW
GŁÓWNY",IRR4/3,Otmice - Tarnów Opolski,2,80.523,84.585,Torowe,7,4,28,,,przerwa w ruchu,2026-05-01,2026-05-07,Korekta_SHZT_2025_2026
2119,132,"BYTOM -
WROCŁAW
GŁÓWNY",IRR4/3,"Tarnów Opolski - Opole
Groszowice",1,84.585,95.769,Torowe,7,24,168,40,,"jednotorowo
dwukierunkowo",2026-05-08,2026-05-14,Korekta_SHZT_2025_2026
2120,132,"BYTOM -
WROCŁAW
GŁÓWNY",IRR4/3,"Tarnów Opolski - Opole
Groszowice",2,84.585,95.769,Torowe,7,4,28,,,przerwa w ruchu,2026-05-08,2026-05-14,Korekta_SHZT_2025_2026
2121,135,"GLIWICE ŁABĘDY -
PYSKOWICE",IRR4/5,Gliwice Łabędy - Pyskowice,1,0.919,5.309,"Przebudowa układów torowych
wraz z siecią trakcyjną oraz
sterowaniem ruchem
kolejowym, rozbiórka i budowa
obiektów inżynieryjnych",46,24,1104,50,,"jednotorowo
dwukierunkowo",2025-04-22,2026-01-28,Korekta_SHZT_2025_2026
2122,135,"GLIWICE ŁABĘDY -
PYSKOWICE",IRR4/5,Gliwice Łabędy - Pyskowice,2,0.919,5.309,"Przebudowa układów torowych
wraz z siecią trakcyjną oraz
sterowaniem ruchem
kolejowym, rozbiórka i budowa
obiektów inżynieryjnych",152,24,3648,50,,"jednotorowo
dwukierunkowo",2026-07-13,2026-12-13,Korekta_SHZT_2025_2026
2123,135,"GLIWICE ŁABĘDY -
PYSKOWICE",IRR4/5,Gliwice Łabędy - Pyskowice,"1, 2",0.919,5.309,"Przebudowa stacji Gliwice
Łabędy",364,4,1456,,,przerwa w ruchu,2025-12-14,2026-12-12,Korekta_SHZT_2025_2026
2124,135,"GLIWICE ŁABĘDY -
PYSKOWICE",IRR4/5,Gliwice Łabędy,2,4.215,5.785,"Przebudowa układów torowych
wraz z siecią trakcyjną oraz
sterowaniem ruchem
kolejowym, rozbiórka i budowa
obiektów inżynieryjnych",152,24,3648,50,,"ruch po torach czynnych
w stacji",2026-07-13,2026-12-13,Korekta_SHZT_2025_2026
2125,137,"KATOWICE -
LEGNICA",IRR4/4,Katowice - Chorzów Batory,"1, 2",0.100,5.600,modernizacja,364,5,1820,,,przerwa w ruchu,2025-12-14,2026-12-12,Korekta_SHZT_2025_2026
2126,137,"KATOWICE -
LEGNICA",IRR4/4,Katowice - Chorzów Batory,"1, 2",0.381,3.226,domknięcie technologiczne,364,6,2184,,,przerwa w ruchu,2025-12-14,2026-12-12,Korekta_SHZT_2025_2026
2127,137,"KATOWICE -
LEGNICA",IRR4/5,Szobiszowice - Gliwice Łabędy,1,28.800,32.000,"Przebudowa układów torowych
wraz z siecią trakcyjną oraz
sterowaniem ruchem
kolejowym, rozbiórka i budowa
obiektów inżynieryjnych.",150,24,3600,50,,ruch torami czynnymi,2026-01-28,2026-06-27,Korekta_SHZT_2025_2026
2128,137,"KATOWICE -
LEGNICA",IRR4/5,Szobiszowice - Gliwice Łabędy,"1, 2",28.800,32.000,"Przebudowa stacji Gliwice
Łabędy",364,4,1456,,,przerwa w ruchu,2025-12-14,2026-12-12,Korekta_SHZT_2025_2026
2129,137,"KATOWICE -
LEGNICA",IRR4/5,Gliwice Łabędy,cała stacja,32.000,33.250,"Przebudowa stacji Gliwice
Łabędy",364,4,1456,,,przerwa w ruchu,2025-12-14,2026-12-12,Korekta_SHZT_2025_2026
2130,137,"KATOWICE -
LEGNICA",IRR4/5,Gliwice Łabędy - Taciszów,2,33.250,43.061,"Przebudowa układów
torowych. Budowa krawędzi
peronu. Rozbiórka i budowa
obiektów inżynieryjnych.",152,24,3648,50,,"jednotorowo
dwukierunkowo",2026-07-13,2026-12-13,Korekta_SHZT_2025_2026
2131,137,"KATOWICE -
LEGNICA",IRR4/5,Gliwice Łabędy - Taciszów,"1, 2",33.250,43.061,"Przebudowa stacji Gliwice
Łabędy",364,4,1456,,,przerwa w ruchu,2025-12-14,2026-12-12,Korekta_SHZT_2025_2026
2132,137,"KATOWICE -
LEGNICA",IZ Opole,"Kamiec Ząbkowicki -
Ząbkowice Śląskie",1,73.080,73.110,"Wiadukt w km 178,896 lk 137
remont podpór",28,24,672,20,"bez
ograniczenia",przerwa w ruchu,2026-04-01,2026-04-28,Korekta_SHZT_2025_2026
2133,137,"KATOWICE -
LEGNICA",IZ Opole,Prudnik,5,110.600,111.317,"Kompleksowa wymiana
nawierzchni z wybudowaniem
rozj. 32",88,24,2112,50,"bez
ograniczenia","ruch po torach czynnych
w stacji",2026-05-04,2026-07-31,Korekta_SHZT_2025_2026
2134,137,"KATOWICE -
LEGNICA",IZ Opole,Prudnik - Nowy Świetów,2,111.600,115.000,"Kompleksowa wymiana
nawierzchni i podtorza",177,24,4248,50,"bez
ograniczenia","jednotorowo
dwukierunkowo",2026-04-06,2026-09-30,Korekta_SHZT_2025_2026
2135,137,"KATOWICE -
LEGNICA",IZ Opole,Prudnik - Nowy Świetów,1,122.880,122.890,"Remont przęseł wiaduktu km
122,885",31,24,744,20,"bez
ograniczenia","jednotorowo
dwukierunkowo",2026-03-01,2026-03-31,Korekta_SHZT_2025_2026
2136,137,"KATOWICE -
LEGNICA",IZ Opole,Prudnik - Nowy Świetów,2,122.880,122.890,"Remont przęseł wiaduktu km
122,886",32,24,768,20,"bez
ograniczenia","jednotorowo
dwukierunkowo",2026-04-06,2026-05-08,Korekta_SHZT_2025_2026
2137,137,"KATOWICE -
LEGNICA",IZ Opole,Nowy Świętów - Nysa,1,137.250,139.600,"Kompleksowa wymiana
nawierzchni podtorza wraz z
wymianą rozjazdu nr 4",21,24,504,50,"bez
ograniczenia",,2026-06-15,2026-07-05,Korekta_SHZT_2025_2026
2138,137,"KATOWICE -
LEGNICA",IZ Opole,Nysa,1,137.250,139.600,"Kompleksowa wymiana
nawierzchni podtorza wraz z
wymianą rozjazdów nr 14, 21,
42",28,24,672,50,"bez
ograniczenia",,2026-07-06,2026-08-02,Korekta_SHZT_2025_2026
2139,137,"KATOWICE -
LEGNICA",IZ Opole,Nysa,1,137.250,139.600,"Kompleksowa wymiana
nawierzchni podtorza wraz z
wymianą rozjazdu nr 45",21,24,504,50,"bez
ograniczenia",,2026-08-03,2026-08-23,Korekta_SHZT_2025_2026
2140,137,"KATOWICE -
LEGNICA",IZ Opole,Nysa - Goświnowice,1,137.250,139.600,"Kompleksowa wymiana
nawierzchni podtorza wraz z
wymianą rozjazdu nr 114",21,24,504,50,"bez
ograniczenia",,2026-08-24,2026-09-13,Korekta_SHZT_2025_2026
2141,137,"KATOWICE -
LEGNICA",IZ Opole,Goświnowice - Nysa,2,139.490,139.835,"Rewitalizacja mostu w l,
139,491 tor 2",171,24,4104,50,"bez
ograniczenia","ruch jednotorowy
dwukierunkowy po torze
czynnym",2025-10-01,2026-05-31,Korekta_SHZT_2025_2026
2142,137,"KATOWICE -
LEGNICA",IZ Opole,"Kamiec Ząbkowicki -
Ząbkowice Sląskie",1,178.480,179.000,"Wiadukty w km 178,509 i
178,974 zabudowa przęseł
staroużyt.
Wiadukt w km 178,896
remont.",37,24,888,,"bez
ograniczenia","przerwa w ruchu linia
jednotorowa",2026-03-25,2026-04-30,Korekta_SHZT_2025_2026
2143,138,"OŚWIĘCIM -
KATOWICE",IRR4/4,Mysłowice - Katowice Zawodzie,"1, 2",25.086,30.243,domknięcie technologiczne,364,6,2184,,,przerwa w ruchu,2025-12-14,2026-12-12,Korekta_SHZT_2025_2026
2144,138,"OŚWIĘCIM -
KATOWICE",IRR4/4,Mysłowice - Katowice Zawodzie,1,26.574,29.480,modernizacja,82,24,1968,60,140,"Ruch Mysłowice -
Katowice Szopienice w
obu kierunkach po T2 LK
138, od Szopienic do
Zawodzia po T2 Lk 138
Możliwość krzyżowanie
się pociągów w Katowice
Szopienice",2026-09-22,2027-03-24,Korekta_SHZT_2025_2026
2145,138,"OŚWIĘCIM -
KATOWICE",IRR4/4,Katowice Zawodzie - Katowice,"1, 2",30.243,32.970,domknięcie technologiczne,364,6,2184,,,przerwa w ruchu,2025-12-14,2026-12-12,Korekta_SHZT_2025_2026
2146,138,"OŚWIĘCIM -
KATOWICE",IRR4/4,Katowice Zawodzie - Katowice,"1, 2",30.500,32.200,modernizacja,364,5,1820,,,przerwa w ruchu,2025-12-14,2026-12-12,Korekta_SHZT_2025_2026
2147,138,"OŚWIĘCIM -
KATOWICE",IRR4/4,Katowice,"11, 12, 14,
16, 18, 20/22,
26, 28",32.200,32.450,modernizacja,40,24,960,60,100,"ruch po torach czynnych
w stacji",2025-07-28,2026-01-22,Korekta_SHZT_2025_2026
2148,139,"KATOWICE -
ZWARDOŃ",IRR4/4,Katowice - Brynów,"1, 2",0.100,2.400,modernizacja,364,5,1820,,,przerwa w ruchu,2025-12-14,2026-12-12,Korekta_SHZT_2025_2026
2149,139,"KATOWICE -
ZWARDOŃ",IRR4/4,Katowice - Brynów,"1, 2",0.379,3.193,domknięcie technologiczne,364,6,2184,,,przerwa w ruchu,2025-12-14,2026-12-12,Korekta_SHZT_2025_2026
2150,139,"KATOWICE -
ZWARDOŃ",IRR4/4,Brynów - Katowice Ligota,"1, 2",3.193,6.080,domknięcie technologiczne,364,6,2184,,,przerwa w ruchu,2025-12-14,2026-12-12,Korekta_SHZT_2025_2026
2151,139,"KATOWICE -
ZWARDOŃ",IRR4/4,Brynów - Katowice Ligota,2,3.300,5.700,modernizacja,92,24,2208,60,100,"jednotorowo
dwukierunkowo",2026-06-28,2026-09-27,Korekta_SHZT_2025_2026
2152,139,"KATOWICE -
ZWARDOŃ",IRR4/4,Brynów - Katowice Ligota,1,3.629,5.329,modernizacja,214,24,5136,60,120,"jednotorowo
dwukierunkowo",2026-02-23,2026-09-24,Korekta_SHZT_2025_2026
2153,139,"KATOWICE -
ZWARDOŃ",IRR4/4,Brynów - Katowice Ligota,1,3.629,5.329,modernizacja,6,24,144,60,120,"jednotorowo
dwukierunkowo",2026-11-13,2026-11-18,Korekta_SHZT_2025_2026
2154,139,"KATOWICE -
ZWARDOŃ",IRR4/4,Brynów - Katowice Ligota,2,3.629,5.329,modernizacja,12,24,288,60,120,"jednotorowo
dwukierunkowo",2026-11-13,2026-11-24,Korekta_SHZT_2025_2026
2155,139,"KATOWICE -
ZWARDOŃ",IRR4/4,Katowice Ligota,2,5.329,7.739,modernizacja,69,24,1656,40,100,"ruch po torach czynnych
w stacji",2025-04-09,2026-02-20,Korekta_SHZT_2025_2026
2156,139,"KATOWICE -
ZWARDOŃ",IRR4/4,Katowice Ligota,"1, 3",5.329,7.739,modernizacja,283,24,6792,40,100,"ruch po torach czynnych
w stacji",2025-09-22,2026-09-22,Korekta_SHZT_2025_2026
2157,139,"KATOWICE -
ZWARDOŃ",IRR4/4,"Katowice Ligota - Katowice
Piotrowice",1,5.329,7.739,modernizacja,81,24,1944,60,100,tory czynne LK656,2026-09-23,2027-03-24,Korekta_SHZT_2025_2026
2158,139,"KATOWICE -
ZWARDOŃ",IRR4/4,"Katowice Ligota - Katowice
Piotrowice",2,5.329,7.739,modernizacja,19,24,456,60,100,tory czynne LK656,2026-11-24,2027-03-26,Korekta_SHZT_2025_2026
2159,139,"KATOWICE -
ZWARDOŃ",IRR4/4,Katowice Ligota,1-10,5.329,7.739,domknięcie technologiczne,364,6,2184,,,przerwa w ruchu,2025-12-14,2026-12-12,Korekta_SHZT_2025_2026
2160,139,"KATOWICE -
ZWARDOŃ",IRR4/4,"Katowice Ligota - Katowice
Piotrowice","1, 2",6.080,7.739,domknięcie technologiczne,364,6,2184,,,przerwa w ruchu,2025-12-14,2026-12-12,Korekta_SHZT_2025_2026
2161,139,"KATOWICE -
ZWARDOŃ",IRR4/4,Tychy - Kobiór,2,19.009,25.578,modernizacja,147,24,3528,90,120,"jednotorowo
dwukierunkowo",2025-05-16,2026-05-09,Korekta_SHZT_2025_2026
2162,139,"KATOWICE -
ZWARDOŃ",IRR4/4,Tychy - Kobiór,1,19.009,25.578,modernizacja,218,24,5232,90,120,"jednotorowo
dwukierunkowo",2026-05-09,2027-01-09,Korekta_SHZT_2025_2026
2163,139,"KATOWICE -
ZWARDOŃ",IRR4/4,Kobiór,"6, 6a, 8, 8a,
16, 18",25.578,25.989,modernizacja,147,24,3528,,,przerwa w ruchu,2023-10-23,2026-05-09,Korekta_SHZT_2025_2026
2164,139,"KATOWICE -
ZWARDOŃ",IRR4/4,Pszczyna,"5, 5a, 5b, 7,
7a, 9, 9a",35.593,36.687,modernizacja,147,24,3528,,,"ruch po torach czynnych
w stacji",2023-10-23,2026-05-09,Korekta_SHZT_2025_2026
2165,139,"KATOWICE -
ZWARDOŃ",IRR4/4,Pszczyna,1,35.593,36.687,modernizacja,239,24,5736,,,"ruch po torach czynnych
w stacji",2025-08-25,2026-08-09,Korekta_SHZT_2025_2026
2166,139,"KATOWICE -
ZWARDOŃ",IRR4/4,Pszczyna,"2, 4, 6",35.593,36.687,domknięcia technologiczne,239,6,1434,,,przerwa w ruchu,2025-08-25,2026-08-09,Korekta_SHZT_2025_2026
2167,140,"KATOWICE LIGOTA
- NĘDZA",IRR4/4,"Katowice Ligota - Katowice
Piotrowice",1,0.659,1.521,modernizacja,58,24,1392,60,100,tory czynne LK139,2026-02-25,2026-04-23,Korekta_SHZT_2025_2026
2168,140,"KATOWICE LIGOTA
- NĘDZA",IRR4/4,"Katowice Ligota - Katowice
Piotrowice",1,0.659,1.521,domknięcie technologiczne,364,6,2184,,,przerwa w ruchu,2025-12-14,2026-12-12,Korekta_SHZT_2025_2026
2169,141,"KATOWICE LIGOTA
- GLIWICE",IRR4/4,Katowice Ligota,4,-0.570,0.757,modernizacja,69,24,1656,40,100,"ruch po torach czynnych
w stacji",2025-04-09,2026-02-20,Korekta_SHZT_2025_2026
2170,141,"KATOWICE LIGOTA
- GLIWICE",IRR4/4,Katowice Ligota,"6,8",-0.570,0.757,modernizacja,68,24,1632,40,40,"ruch po torach czynnych
w stacji",2025-03-10,2026-02-19,Korekta_SHZT_2025_2026
2171,141,"KATOWICE LIGOTA
- GLIWICE",IRR4/4,Katowice Ligota,"14, 16, 18,
20, 22",-0.570,0.757,modernizacja,68,24,1632,40,60,"ruch po torach czynnych
w stacji",2024-10-07,2026-02-19,Korekta_SHZT_2025_2026
2172,141,"KATOWICE LIGOTA
- GLIWICE",IRR4/4,Katowice Ligota - Panewnik,1,-0.570,1.573,modernizacja,70,24,1680,60,60,"jednotorowo
dwukierunkowo",2025-04-09,2026-02-21,Korekta_SHZT_2025_2026
2173,141,"KATOWICE LIGOTA
- GLIWICE",IRR4/4,Katowice Ligota - Panewnik,1,-0.570,1.573,modernizacja,294,24,7056,60,60,przerwa w ruchu,2026-02-22,2027-08-26,Korekta_SHZT_2025_2026
2174,141,"KATOWICE LIGOTA
- GLIWICE",IRR4/4,Katowice Ligota - Panewnik,2,-0.570,1.573,modernizacja,294,24,7056,40,60,przerwa w ruchu,2026-02-22,2027-08-26,Korekta_SHZT_2025_2026
2175,141,"KATOWICE LIGOTA
- GLIWICE",IRR4/4,Katowice Ligota,5,-0.570,0.757,modernizacja,209,24,5016,40,60,"ruch po torach czynnych
w stacji",2026-02-25,2026-09-21,Korekta_SHZT_2025_2026
2176,141,"KATOWICE LIGOTA
- GLIWICE",IRR4/4,Katowice Ligota,12,-0.570,0.757,modernizacja,203,24,4872,40,40,"ruch po torach czynnych
w stacji",2026-05-24,2027-07-25,Korekta_SHZT_2025_2026
2177,141,"KATOWICE LIGOTA
- GLIWICE",IRR4/4,Katowice Ligota,14,-0.570,0.757,modernizacja,19,24,456,40,100,"ruch po torach czynnych
w stacji",2026-11-24,2027-08-26,Korekta_SHZT_2025_2026
2178,141,"KATOWICE LIGOTA
- GLIWICE",IRR4/4,Katowice Ligota - Panewnik,"1, 2",-0.570,1.573,domknięcie technologiczne,364,6,2184,,,przerwa w ruchu,2025-12-14,2026-12-12,Korekta_SHZT_2025_2026
2179,142,"KATOWICE LIGOTA
- TYCHY",IRR4/4,Katowice Ligota - Staszic,1,0.000,0.300,domknięcie technologiczne,364,6,2184,,,przerwa w ruchu,2025-12-14,2026-12-12,Korekta_SHZT_2025_2026
2180,142,"KATOWICE LIGOTA
- TYCHY",IRR4/4,Katowice Ligota - Staszic,1,0.756,1.112,modernizacja,19,24,456,,40,przerwa w ruchu,2026-11-24,2027-08-21,Korekta_SHZT_2025_2026
2181,143,"KALETY -
WROCŁAW
POPOWICE WP2",IRR4/5,Kalety - Koszęcin,1,0.842,1.695,Zamknięcie linii stycznej,97,24,2328,50,"bez
ograniczenia","jednotorowo
dwukierunkowo",2026-09-07,2027-03-04,Korekta_SHZT_2025_2026
2182,143,"KALETY -
WROCŁAW
POPOWICE WP2",IRR4/3,Namysłów - Bierutów,2,107.650,119.040,"roboty torowe, sieciowe,
odwodnieniowe oraz
ogólnobudowane",129,24,3096,50,110,"jednotorowo
dwukierunkowo",2026-08-06,2027-01-03,Korekta_SHZT_2025_2026
2183,143,"KALETY -
WROCŁAW
POPOWICE WP2",IRR4/3,Bierutów,"1, 3, 5",119.040,121.075,"roboty torowe, sieciowe,
odwodnieniowe oraz
ogólnobudowane",151,24,3624,50,110,"ruch po torach czynnych
w stacji",2026-03-09,2026-08-06,Korekta_SHZT_2025_2026
2184,143,"KALETY -
WROCŁAW
POPOWICE WP2",IRR4/3,Bierutów,2,119.040,121.075,"roboty torowe, sieciowe,
odwodnieniowe oraz
ogólnobudowane",121,24,2904,100,110,"ruch po torach czynnych
w stacji",2026-08-06,2026-12-04,Korekta_SHZT_2025_2026
2185,143,"KALETY -
WROCŁAW
POPOWICE WP2",IRR4/3,Bierutów - Oleśnica,1,121.075,132.542,"roboty torowe, sieciowe,
odwodnieniowe oraz
ogólnobudowane",151,24,3624,50,110,"jednotorowo
dwukierunkowo",2026-03-09,2026-08-06,Korekta_SHZT_2025_2026
2186,143,"KALETY -
WROCŁAW
POPOWICE WP2",IRR4/3,Oleśnica,"5, 7",132.542,134.785,"roboty torowe, sieciowe,
odwodnieniowe oraz
ogólnobudowane",123,24,2952,50,40,"ruch po torach czynnych
w stacji",2026-04-17,2026-08-17,Korekta_SHZT_2025_2026
2187,143,"KALETY -
WROCŁAW
POPOWICE WP2",IRR4/3,Oleśnica,9,132.542,134.785,"roboty torowe, sieciowe,
odwodnieniowe oraz
ogólnobudowane",43,24,1032,50,40,"ruch po torach czynnych
w stacji",2026-04-20,2026-06-01,Korekta_SHZT_2025_2026
2188,144,"TARNOWSKIE
GÓRY - OPOLE
GŁÓWNE",IRR4/3,Fosowskie - Opole,1,45.100,74.160,prace rewitalizacyjne,5,24,120,,,przerwa w ruchu,2026-04-13,2026-04-17,Korekta_SHZT_2025_2026
2189,144,"TARNOWSKIE
GÓRY - OPOLE
GŁÓWNE",IRR4/3,Fosowskie - Opole,1,45.100,74.160,prace rewitalizacyjne,19,6,114,,,przerwa w ruchu,2026-04-18,2026-05-06,Korekta_SHZT_2025_2026
2190,148,"PSZCZYNA -
RYBNIK",IRR4/4,Pszczyna,3,-0.632,0.000,modernizacja,239,24,5736,,,"ruch po torach czynnych
w stacji",2025-08-25,2026-08-09,Korekta_SHZT_2025_2026
2191,148,"PSZCZYNA -
RYBNIK",IRR4/4,Pszczyna - Radostowice,1,0.000,7.621,modernizacja,201,24,4824,,,"przerwa w ruchu linia
jednotorowa",2024-09-01,2026-07-02,Korekta_SHZT_2025_2026
2192,148,"PSZCZYNA -
RYBNIK",IRR4/4,Radostowice - Suszec,1,7.621,14.770,modernizacja,201,24,4824,,,"przerwa w ruchu linia
jednotorowa",2024-09-01,2026-07-02,Korekta_SHZT_2025_2026
2193,148,"PSZCZYNA -
RYBNIK",IRR4/4,Suszec - Suszec Rudziczka,1,14.770,18.096,modernizacja,201,24,4824,,,"przerwa w ruchu linia
jednotorowa",2024-09-01,2026-07-02,Korekta_SHZT_2025_2026
2194,148,"PSZCZYNA -
RYBNIK",IRR4/4,Suszec Rudziczka - Kleszczów,1,18.096,20.565,modernizacja,201,24,4824,,,"przerwa w ruchu linia
jednotorowa",2024-09-01,2026-07-02,Korekta_SHZT_2025_2026
2195,148,"PSZCZYNA -
RYBNIK",IRR4/4,Kleszczów - Żory,1,20.565,21.873,modernizacja,201,24,4824,,,"przerwa w ruchu linia
jednotorowa",2024-09-01,2026-07-02,Korekta_SHZT_2025_2026
2196,150,"CZECHOWICE-
DZIEDZICE R815 -
CHYBIE",IRR4/5,Zabrzeg Czrnolesie - Bronów,1,7.900,11.500,modernizacja,355,6,2130,60,100,przerwa w ruchu,2024-06-10,2026-12-03,Korekta_SHZT_2025_2026
2197,150,"CZECHOWICE-
DZIEDZICE R815 -
CHYBIE",IRR4/5,Bronów - Chybie,1 (3),11.500,13.100,modernizacja,184,6,1104,60,120,przerwa w ruchu,2024-10-22,2026-06-15,Korekta_SHZT_2025_2026
2198,157,"PAWŁOWICE
ŚLĄSKIE -
SKOCZÓW",IRR4/5,Strumień - Chybie,1,5.552,11.279,modernizacja,9,24,216,60,120,"jednotorowo
dwukierunkowo",2025-02-20,2025-12-22,Korekta_SHZT_2025_2026
2199,157,"PAWŁOWICE
ŚLĄSKIE -
SKOCZÓW",IRR4/5,Strumień - Chybie,2,5.552,11.279,modernizacja,9,6,54,60,120,"jednotorowo
dwukierunkowo",2025-02-20,2025-12-22,Korekta_SHZT_2025_2026
2200,157,"PAWŁOWICE
ŚLĄSKIE -
SKOCZÓW",IRR4/5,Strumień - Chybie,2,5.552,11.279,modernizacja,306,24,7344,60,120,"jednotorowo
dwukierunkowo",2025-12-23,2026-10-24,Korekta_SHZT_2025_2026
2201,157,"PAWŁOWICE
ŚLĄSKIE -
SKOCZÓW",IRR4/5,Strumień - Chybie,1,5.552,11.279,modernizacja,306,6,1836,60,120,"jednotorowo
dwukierunkowo",2025-12-23,2026-10-24,Korekta_SHZT_2025_2026
2202,157,"PAWŁOWICE
ŚLĄSKIE -
SKOCZÓW",IRR4/5,Chybie - Bieniowiec,1,11.900,12.450,modernizacja,364,24,8736,,80,przerwa w ruchu,2025-04-22,2026-12-29,Korekta_SHZT_2025_2026
2203,168,"GLIWICE - GLIWICE
ŁABĘDY",IRR4/5,Szobiszowice - Gliwice Łabędy,4,2.020,5.786,"Przebudowa układów torowych
wraz z siecią trakcyjną oraz
sterowaniem ruchem
kolejowym, rozbiórka i budowa
obiektów inżynieryjnych.",150,24,3600,50,,ruch torami czynnymi,2026-01-28,2026-06-27,Korekta_SHZT_2025_2026
2204,168,"GLIWICE - GLIWICE
ŁABĘDY",IRR4/5,Szobiszowice - Gliwice Łabędy,"3, 4",2.020,5.786,"Przebudowa stacji Gliwice
Łabędy",364,4,1456,,,przerwa w ruchu,2025-12-14,2026-12-12,Korekta_SHZT_2025_2026
2205,168,"GLIWICE - GLIWICE
ŁABĘDY",IRR4/5,Gliwice Łabędy,"3, 5, 7, 9,
105, 5a",4.215,5.785,"Przebudowa układów torowych
wraz z siecią trakcyjną oraz
sterowaniem ruchem
kolejowym",318,24,7632,,,"ruch po torach czynnych
w stacji",2026-01-28,2027-09-12,Korekta_SHZT_2025_2026
2206,175,"STRZELCE
OPOLSKIE -
KLUCZBORK",IZ Opole,Strzelce Opolskie,1,30.666,30.680,"Naprawa przęsła wiaduktu lk
132 km 67,526",30,24,720,20,"bez
ograniczenia","ruch po torach czynnych
w stacji",2027-04-01,2027-04-30,Korekta_SHZT_2025_2026
2207,181,"HERBY NOWE -
OLEŚNICA","IZ Ostrów
Wielkopolski",Kępno - Wieluń Dąbrowa,1,68.000,93.300,"kompleksowy remont sieci
trakcyjnej",243,24,5832,,"bez
ograniczenia",przerwa w ruchu,2026-01-01,2026-08-31,Korekta_SHZT_2025_2026
2208,181,"HERBY NOWE -
OLEŚNICA",IRR4/6,Kępno - Cieśle,1,103.268,142.147,Rewitalizacja,85,24,2040,,"bez
ograniczenia",przerwa w ruchu,2024-09-01,2026-03-08,Korekta_SHZT_2025_2026
2209,181,"HERBY NOWE -
OLEŚNICA","IZ Ostrów
Wielkopolski",Kępno - Wieluń Dąbrowa,1,104.100,120.000,remont przepustów,122,24,2928,,"bez
ograniczenia",przerwa w ruchu,2026-06-01,2026-09-30,Korekta_SHZT_2025_2026
2210,201,"NOWA WIEŚ
WIELKA - GDYNIA
PORT",IRR2/7,Maksymilianowo - Wierzchucin,2,34.970,71.201,budowa toru nr 2,74,24,1776,,,bez obostrzeń,2026-09-30,2027-09-24,Korekta_SHZT_2025_2026
2211,201,"NOWA WIEŚ
WIELKA - GDYNIA
PORT",IRR2/7,"Wierzchucin - Lipowa
Tucholska",2,72.300,93.600,budowa toru nr 2,74,24,1776,,,bez obostrzeń,2026-09-30,2027-12-23,Korekta_SHZT_2025_2026
2212,201,"NOWA WIEŚ
WIELKA - GDYNIA
PORT",IRR2/7,Kościerzyna,"15, 17, 19",136.105,138.068,Przebudowa układu torowego,165,24,3960,50,60,"ruch po torach czynnych
w stacji",2026-07-01,2027-10-01,Korekta_SHZT_2025_2026
2213,201,"NOWA WIEŚ
WIELKA - GDYNIA
PORT",IRR2/7,Kościerzyna,"3, 5, 7, 9, 11,
13, 15, 17, 19",136.105,138.068,Przebudowa układu torowego,154,24,3696,50,50,"ruch po torach czynnych
w stacji",2026-01-29,2026-07-01,Korekta_SHZT_2025_2026
2214,201,"NOWA WIEŚ
WIELKA - GDYNIA
PORT",IRR2/7,Kościerzyna,"3,5,7,9",136.105,138.068,Przebudowa układu torowego,47,24,1128,50,50,"ruch po torach czynnych
w stacji",2025-08-31,2026-01-29,Korekta_SHZT_2025_2026
2215,201,"NOWA WIEŚ
WIELKA - GDYNIA
PORT",IRR2/7,"Kościerzyna - Gołubie
Kaszubskie",1,138.068,148.344,"Kompleksowa przebudowa
szlaku",364,24,8736,,60,przerwa w ruchu,2025-08-24,2027-09-26,Korekta_SHZT_2025_2026
2216,201,"NOWA WIEŚ
WIELKA - GDYNIA
PORT",IRR2/7,Gołubie Kaszubskie,"1, 2, 4",148.344,149.701,Przebudowa układu torowego,364,24,8736,,60,przerwa w ruchu,2025-08-24,2027-04-30,Korekta_SHZT_2025_2026
2217,201,"NOWA WIEŚ
WIELKA - GDYNIA
PORT",IRR2/7,"Gołubie Kaszubskie -
Somonino",1,149.701,161.730,"Kompleksowa przebudowa
szlaku",364,24,8736,,60,przerwa w ruchu,2025-08-24,2027-04-30,Korekta_SHZT_2025_2026
2218,201,"NOWA WIEŚ
WIELKA - GDYNIA
PORT",IRR2/7,Somonino,1,161.730,162.500,Przebudowa układu torowego,108,24,2592,50,50,"ruch po torach czynnych
w stacji",2025-08-24,2026-03-31,Korekta_SHZT_2025_2026
2219,201,"NOWA WIEŚ
WIELKA - GDYNIA
PORT",IRR2/7,Somonino,"1, 2, 3, 10, 12",161.730,163.363,Przebudowa układu torowego,256,24,6144,50,50,"czynny tor stacyjny nr 4
(LK214)",2026-04-01,2027-04-30,Korekta_SHZT_2025_2026
2220,201,"NOWA WIEŚ
WIELKA - GDYNIA
PORT",IRR2/7,Somonino - Glincz,1,163.363,174.345,"modernizacja linii, budowa
drugiego toru",119,24,2856,,60,"przerwa w ruchu linia
jednotorowa",2026-08-16,2027-07-14,Korekta_SHZT_2025_2026
2221,201,"NOWA WIEŚ
WIELKA - GDYNIA
PORT",IRR2/7,Glincz,1,174.345,174.675,przebudowa posterunku,245,24,5880,50,60,przerwa w ruchu,2025-07-16,2026-08-15,Korekta_SHZT_2025_2026
2222,201,"NOWA WIEŚ
WIELKA - GDYNIA
PORT",IRR2/7,Glincz,1,174.345,174.675,"przebudowa posterunku,
budowa drugiego toru",119,24,2856,50,60,przerwa w ruchu,2026-08-16,2027-07-19,Korekta_SHZT_2025_2026
2223,201,"NOWA WIEŚ
WIELKA - GDYNIA
PORT",IRR2/7,Glincz - Żukowo Wschodnie,1,174.675,178.400,"modernizacja linii, budowa
drugiego toru",245,24,5880,,60,"przerwa w ruchu linia
jednotorowa",2025-07-16,2026-08-15,Korekta_SHZT_2025_2026
2224,201,"NOWA WIEŚ
WIELKA - GDYNIA
PORT",IRR2/7,Żukowo Wschodnie,"1, 2, 6",178.400,179.706,"modernizacja linii, budowa
drugiego toru",245,24,5880,,60,przerwa w ruchu,2025-07-16,2026-08-15,Korekta_SHZT_2025_2026
2225,201,"NOWA WIEŚ
WIELKA - GDYNIA
PORT",IRR2/7,"Żukowo Wschodnie - Gdańsk
Osowa",1,179.706,184.413,"modernizacja linii, budowa
drugiego toru",245,24,5880,,60,"przerwa w ruchu linia
jednotorowa",2025-07-16,2026-08-15,Korekta_SHZT_2025_2026
2226,201,"NOWA WIEŚ
WIELKA - GDYNIA
PORT",IRR2/7,Gdańsk Osowa,"2a, tor linii
253 PKM (km
1,356-1,421)",184.413,186.268,przebudowa stacji,245,24,5880,,60,"ruch po torach czynnych
w stacji",2025-07-16,2026-08-15,Korekta_SHZT_2025_2026
2227,201,"NOWA WIEŚ
WIELKA - GDYNIA
PORT",IRR2/7,Gdańsk Osowa,"1a, 1, 1f, 3, 5,
7, tor 1 na linii
248 PKM (km
17,985-
18,050)",186.115,190.056,przebudowa stacji,60,24,1440,50,60,"ruch po torach czynnych
w stacji",2026-03-16,2026-05-14,Korekta_SHZT_2025_2026
2228,201,"NOWA WIEŚ
WIELKA - GDYNIA
PORT",IRR2/7,Gdańsk Osowa,"1a, 1b, 1c, tor
1R na linii 248
PKM (km
17,985-
18,050)",186.115,188.034,przebudowa stacji,32,24,768,50,60,"ruch po torach czynnych
w stacji",2025-07-16,2026-01-14,Korekta_SHZT_2025_2026
2229,201,"NOWA WIEŚ
WIELKA - GDYNIA
PORT",IRR2/7,Gdańsk Osowa,"2, 2f",188.024,190.056,budowa nowego toru,92,24,2208,50,50,"ruch po torach czynnych
w stacji",2025-07-16,2026-03-15,Korekta_SHZT_2025_2026
2230,201,"NOWA WIEŚ
WIELKA - GDYNIA
PORT",IRR2/7,"Gdańsk Osowa - Gdynia Wielki
Kack, Stacja Gdynia Wielki
Kack",1,189.391,195.196,budowa rozjazdu nr 5,10,24,240,50,,"tory czynne w stacji, ruch
po torze nr 2 i
nowobudowanym torze
trzecim LK 794 (nr 4)",2026-11-26,2026-12-05,Korekta_SHZT_2025_2026
2231,201,"NOWA WIEŚ
WIELKA - GDYNIA
PORT",IRR2/7,"Gdańsk Osowa - Gdynia Wielki
Kack, stacja Gdynia Wielki
Kack",1,189.391,193.852,"przebudowa toru nr 1 od km
proj. 191,629 do stacji Gdynia
Wielki Kack",7,24,168,50,,"przerwa w ruchu na LK
201
ruch jednotorowy
dwukierunkowy po
czynnym torze trzecim
LK 794 (nr 4)",2026-12-06,2027-05-23,Korekta_SHZT_2025_2026
2232,201,"NOWA WIEŚ
WIELKA - GDYNIA
PORT",IRR2/7,"Gdańsk Osowa - Gdynia Wielki
Kack, stacja Gdynia Wielki
Kack",2,189.849,193.952,"budowa odcinków torów nr 2 i
trzeciego toru - LK 794 (tor nr
4) oraz toru 4a wraz z rozj. nr
100 i 3",50,24,1200,50,,"ruch jednotorowy
dwukierunkowy po torze
czynnym, ruch po torach
czynnych w stacji",2026-10-07,2026-11-25,Korekta_SHZT_2025_2026
2233,201,"NOWA WIEŚ
WIELKA - GDYNIA
PORT",IRR2/7,"Gdańsk Osowa - Gdynia Wielki
Kack, stacja Gdynia Wielki
Kack",2,189.907,193.560,"przebudowa toru nr 2 od km
proj. 191,629 do stacji Gdynia
Wielki Kack",7,24,168,50,,"przerwa w ruchu na LK
201
ruch jednotorowy
dwukierunkowy po
czynnym torze trzecim
LK 794 (nr 4)",2026-12-06,2027-05-23,Korekta_SHZT_2025_2026
2234,201,"NOWA WIEŚ
WIELKA - GDYNIA
PORT",IRR2/7,"Gdańsk Osowa - Gdynia Wielki
Kack",1,190.056,193.723,"budowa nowego (""trzeciego"")
toru - LK 794 od stacji Gdańsk
Osowa do Gdynia Wielki Kack,
modernizacja toru nr 1",60,24,1440,,60,"ruch jednotorowy
dwukierunkowy po torze
czynnym",2026-03-16,2026-05-14,Korekta_SHZT_2025_2026
2235,201,"NOWA WIEŚ
WIELKA - GDYNIA
PORT",IRR2/7,"Gdańsk Osowa - Gdynia Wielki
Kack",2,190.056,193.723,"budowa nowego toru
(""trzeciego"") toru - LK 794 od
stacji Gdańsk Osowa do
Gdynia Wielki Kack,
modernizacja toru nr 2",92,24,2208,,60,"ruch jednotorowy
dwukierunkowy po torze
czynnym",2025-07-16,2026-03-15,Korekta_SHZT_2025_2026
2236,201,"NOWA WIEŚ
WIELKA - GDYNIA
PORT",IRR2/7,"Gdańsk Osowa - Gdynia Wielki
Kack",-,191.731,193.400,"budowa nowego trzeciego toru
LK 794 (nr 4)",211,24,5064,50,,"ruch dwutorowy,
dobudowa 3 toru LK794
(nr 4) - ograniczenie
prędkości na torze nr 2,
brak zamknięć",2026-02-08,2026-09-06,Korekta_SHZT_2025_2026
2237,201,"NOWA WIEŚ
WIELKA - GDYNIA
PORT",IRR2/7,Gdynia Wielki Kack,1,193.858,195.196,budowa rozjazdów 8 i 22,10,24,240,50,,"ruch po torach czynnych
w stacji",2026-09-27,2026-10-06,Korekta_SHZT_2025_2026
2238,201,"NOWA WIEŚ
WIELKA - GDYNIA
PORT",IRR2/7,Gdynia Wielki Kack,6,194.101,195.094,"budowa rozjazdu nr 21 wraz z
odcinkiem toru za rozjazdem",10,24,240,50,,"ruch po torach czynnych
w stacji",2026-09-07,2026-09-16,Korekta_SHZT_2025_2026
2239,201,"NOWA WIEŚ
WIELKA - GDYNIA
PORT",IRR2/7,"Gdynia Wielki Kack, Gdynia
Wielki Kack - Gdynia Główna",102,195.094,204.612,"budowa rozjazdu nr 25 wraz z
odcinkiem toru za rozjazdem",10,24,240,50,,"ruch po torach czynnych
w stacji",2026-09-17,2026-09-26,Korekta_SHZT_2025_2026
2240,202,"GDAŃSK GŁÓWNY -
STARGARD",IRR2/10,Słupsk - Reblino,1,134.490,136.300,"modernizacja torów i obiektów
inżynieryjnych",182,24,4368,,"bez ograniczeń -
określi komisja
odbioru
eksploatacyjneg
o",przerwa w ruchu,2025-09-01,2026-06-13,Korekta_SHZT_2025_2026
2241,202,"GDAŃSK GŁÓWNY -
STARGARD",IRR2/10,Słupsk,"8, 8t",171.570,175.455,"modernizacja stacji Słupsk -
budowa nowych torów",182,24,4368,,"bez ograniczeń -
określi komisja
odbioru
eksploatacyjneg
o","ruch po torach czynnych
w stacji",2025-09-01,2026-06-13,Korekta_SHZT_2025_2026
2242,209,"KOWALEWO
POMORSKIE -
BYDGOSZCZ
WSCHÓD",IZ Bydgoszcz,"Kowalewo Pomorskie /+1,3/ -
Wąbrzeźno",1,50.550,50.900,"wymiana nawierzchni torowej,
wybudowanie rozjazdu nr 1
oraz wbudowanie go w nowej
lokalizacji",199,24,4776,50,,"ruch po torach czynnych
w stacji",2025-12-01,2026-06-30,Korekta_SHZT_2025_2026
2243,209,"KOWALEWO
POMORSKIE -
BYDGOSZCZ
WSCHÓD",IZ Bydgoszcz,Kowalewo Pomorskie,6,50.562,51.520,"Wymiana nawierzchni torowej,
wymiana roajzadu nr 12",199,24,4776,50,,"ruch po torach czynnych
w stacji",2025-12-01,2026-06-30,Korekta_SHZT_2025_2026
2244,209,"KOWALEWO
POMORSKIE -
BYDGOSZCZ
WSCHÓD",IZ Bydgoszcz,Bydgoszcz Fordon,4,103.810,104.694,"wymiana podkładów, wymiana
rozjazdów",108,24,2592,50,,"ruch po torach czynnych
w stacji",2025-06-02,2026-03-31,Korekta_SHZT_2025_2026
2245,209,"KOWALEWO
POMORSKIE -
BYDGOSZCZ
WSCHÓD",IZ Bydgoszcz,Bydgoszcz Fordon,6,104.187,104.598,"wymiana nawierzchni torowej,
wymiana rozjazdu",108,24,2592,50,,"ruch po torach czynnych
w stacji",2025-06-02,2026-03-31,Korekta_SHZT_2025_2026
2246,209,"KOWALEWO
POMORSKIE -
BYDGOSZCZ
WSCHÓD",IRR5/11,Bydgoszcz Fordon,"2, 3, 5, 12,
14, 16, 24,
31, 32",116.500,117.800,przebudowa układu torowego,152,24,3648,,-,"ruch po torach czynnych
w stacji",2024-12-06,2026-05-14,Korekta_SHZT_2025_2026
2247,211,"CHOJNICE -
KOŚCIERZYNA",IRR2/7,Lipusz - Kościerzyna,1,51.990,68.660,"Kompleksowa przebudowa
szlaku",184,24,4416,,40,przerwa w ruchu,2025-12-21,2026-06-22,Korekta_SHZT_2025_2026
2248,214,"SOMONINO -
KARTUZY",IRR2/7,Somonino - Kartuzy,1,0.640,6.991,"Kompleksowa przebudowa
szlaku",100,24,2400,,60,przerwa w ruchu,2025-04-01,2026-03-23,Korekta_SHZT_2025_2026
2249,272,"KLUCZBORK -
POZNAŃ GŁÓWNY","IZ Ostrów
Wielkopolski",Ostrzeszów,2,58.050,58.250,"Modernizacja przejścia pod
torami w km. 58,138",117,24,2808,20,"bez
ograniczenia","ruch po torach czynnych
w stacji",2026-04-06,2026-07-31,Korekta_SHZT_2025_2026
2250,272,"KLUCZBORK -
POZNAŃ GŁÓWNY","IZ Ostrów
Wielkopolski",Ostrzeszów,4,58.050,58.250,"Modernizacja przejścia pod
torami w km. 58,138",122,24,2928,20,"bez
ograniczenia","ruch po torach czynnych
w stacji",2026-08-01,2026-11-30,Korekta_SHZT_2025_2026
2251,272,"KLUCZBORK -
POZNAŃ GŁÓWNY","IZ Ostrów
Wielkopolski","Ostrzeszów
Ostrzeszów - Domanin",1,58.050,58.250,"Modernizacja przejścia pod
torami w km. 58,138",12,24,288,20,"bez
ograniczenia","ruch po torach czynnych
w stacji",2026-12-01,2027-04-30,Korekta_SHZT_2025_2026
2252,272,"KLUCZBORK -
POZNAŃ GŁÓWNY","IZ Ostrów
Wielkopolski",Jarocin,11,132.627,133.280,Kompleksowa naprawa toru,61,24,1464,50,"bez
ograniczenia","ruch po torach czynnych
w stacji",2026-05-01,2026-06-30,Korekta_SHZT_2025_2026
2253,272,"KLUCZBORK -
POZNAŃ GŁÓWNY",IZ Poznań,"Gądki - Pierzchno
Gądki",2,184.200,184.260,"Wymiana 2 x djp, wieszaków,
urządz. Napręż, odgromniki
rożkowe wzmocnione, poł.
Elektryczne",7,24,168,60,"bez
ograniczenia","ruch jednotorowy
dwukierunkowy po torze
czynnym",2026-03-17,2026-03-23,Korekta_SHZT_2025_2026
2254,272,"KLUCZBORK -
POZNAŃ GŁÓWNY",IZ Poznań,Gądki,2,184.200,184.260,"Wymiana 2 x djp, wieszaków,
urządz. Napręż, odgromniki
rożkowe wzmocnione, poł.
Elektryczne",7,24,168,60,"bez
ograniczenia","ruch po torach czynnych
w stacji",2026-03-17,2026-03-23,Korekta_SHZT_2025_2026
2255,272,"KLUCZBORK -
POZNAŃ GŁÓWNY",IZ Poznań,Gądki - Pierzchno,1,184.220,185.221,"Wymiana 2 x djp, wieszaków,
urządz. Napręż, odgromniki
rożkowe wzmocnione, poł.
Elektryczne",7,24,168,60,"bez
ograniczenia","ruch jednotorowy
dwukierunkowy po torze
czynnym",2026-03-10,2026-03-16,Korekta_SHZT_2025_2026
2256,272,"KLUCZBORK -
POZNAŃ GŁÓWNY",IZ Poznań,"Gądki (brak możliwości
wjazdu/wyjazdu od strony
Pierzchna)","1, 3, 5, 7, 9",184.220,185.221,"Wymiana 2 x djp, wieszaków,
urządz. Napręż, odgromniki
rożkowe wzmocnione, poł.
Elektryczne",7,24,168,60,"bez
ograniczenia","ruch po torach czynnych
w stacji",2026-03-10,2026-03-16,Korekta_SHZT_2025_2026
2257,272,"KLUCZBORK -
POZNAŃ GŁÓWNY",IZ Poznań,Poznań Krzesiny,2,191.227,192.508,"Remont nawierzchni w torach i
rozjazdach wraz z robotami
towarzyszącymi",60,24,1440,60,100,"ruch po torach czynnych
w stacji",2026-08-17,2026-10-15,Korekta_SHZT_2025_2026
2258,273,"WROCŁAW
GŁÓWNY -
SZCZECIN
GŁÓWNY",IZ Wrocław,Księginice - Brzeg Dolny,2,26.760,29.137,przegląd sieci trakcyjnej,5,5,25,,"bez
ograniczenia","przerwa w ruchu linia
jednotorowa",2026-07-01,2026-07-05,Korekta_SHZT_2025_2026
2259,274,"WROCŁAW
ŚWIEBODZKI -
ZGORZELEC",IRR4/3,"Wałbrzych Fabryczny -
Wałbrzych Główny",2,78.500,78.700,"rozbiórka i budowa nowego
wiaduktu w km 78,658",69,24,1656,50,"bez
ograniczenia","ruch jednotorowy
dwukierunkowy po torze
czynnym",2025-10-21,2026-02-20,Korekta_SHZT_2025_2026
2260,274,"WROCŁAW
ŚWIEBODZKI -
ZGORZELEC",IRR4/3,"Wałbrzych Główny - Boguszów
Gorce",2,80.300,87.977,"rozbiórka i budowa nowego
wiaduktu w km 80,480",122,24,2928,50,"bez
ograniczenia","ruch jednotorowy
dwukierunkowy po torze
czynnym",2026-07-01,2026-10-30,Korekta_SHZT_2025_2026
2261,274,"WROCŁAW
ŚWIEBODZKI -
ZGORZELEC",IRR4/3,"Wałbrzych Główny - Boguszów
Gorce Wschód",1,80.430,80.584,"rozbiórka i budowa nowego
wiaduktu w km 80,480",128,24,3072,50,"bez
ograniczenia","ruch jednotorowy
dwukierunkowy po torze
czynnym",2026-02-23,2026-06-30,Korekta_SHZT_2025_2026
2262,274,"WROCŁAW
ŚWIEBODZKI -
ZGORZELEC",IRR4/3,Sędzisław - Marciszów,1,99.402,104.459,"kompleksowa wymiana
nawierzchni, sieci trakcyjnej,
remonty obiektów
inzynieryjnych",48,4,192,50,"bez
ograniczenia",przerwa w ruchu,2025-06-02,2026-01-30,Korekta_SHZT_2025_2026
2263,274,"WROCŁAW
ŚWIEBODZKI -
ZGORZELEC",IRR4/3,Sędzisław - Marciszów,2,99.402,104.459,"kompleksowa wymiana
nawierzchni, sieci trakcyjnej,
remonty obiektów
inzynieryjnych",48,24,1152,50,"bez
ograniczenia","ruch jednotorowy
dwukierunkowy po torze
czynnym",2025-06-02,2026-01-30,Korekta_SHZT_2025_2026
2264,276,"WROCŁAW
GŁÓWNY -
MIĘDZYLESIE",IZ Opole,"Kamiec Ząbkowicki - Bardo
Przyłęk",1,73.080,73.110,"Wiadukt w km 178,896 lk 137
remont podpór",14,24,336,20,"bez
ograniczenia","ruch jednotorowy
dwukierunkowy po torze
czynnym",2026-04-01,2026-04-14,Korekta_SHZT_2025_2026
2265,276,"WROCŁAW
GŁÓWNY -
MIĘDZYLESIE",IZ Opole,"Bardo Przyłęk - Kamiec
Ząbkowicki",2,73.080,73.110,"Wiadukt w km 178,896 lk 137
remont podpór",14,24,336,20,"bez
ograniczenia","ruch jednotorowy
dwukierunkowy po torze
czynnym",2026-04-15,2026-04-30,Korekta_SHZT_2025_2026
2266,277,"OPOLE
GROSZOWICE -
WROCŁAW
BROCHÓW",IZ Wrocław,"Czernica Wrocławska -
Siechnice",1,75.650,81.675,przegląd sieci trakcyjnej,6,5,30,,"bez
ograniczenia","przerwa w ruchu linia
jednotorowa",2026-02-01,2026-02-06,Korekta_SHZT_2025_2026
2267,277,"OPOLE
GROSZOWICE -
WROCŁAW
BROCHÓW",IZ Wrocław,Siechnice - Wrocław Brochów,1,83.340,85.200,przegląd sieci trakcyjnej,4,5,20,,"bez
ograniczenia","przerwa w ruchu linia
jednotorowa",2025-12-15,2025-12-18,Korekta_SHZT_2025_2026
2268,281,"OLEŚNICA -
CHOJNICE",IZ Wrocław,"Grabowno Wielkie - Bukowice
Trzebnickie",1,18.523,23.800,przegląd sieci trakcyjnej,6,5,30,,"bez
ograniczenia","przerwa w ruchu linia
jednotorowa",2026-08-01,2026-08-06,Korekta_SHZT_2025_2026
2269,281,"OLEŚNICA -
CHOJNICE",IZ Wrocław,"Bukowice Trzebnickie -
Krośnice",1,25.590,32.014,przegląd sieci trakcyjnej,7,5,35,,"bez
ograniczenia","przerwa w ruchu linia
jednotorowa",2026-09-01,2026-09-07,Korekta_SHZT_2025_2026
2270,281,"OLEŚNICA -
CHOJNICE",IZ Wrocław,Krośnice - Milicz,1,33.430,40.491,przegląd sieci trakcyjnej,8,5,40,,"bez
ograniczenia","przerwa w ruchu linia
jednotorowa",2026-09-08,2026-09-15,Korekta_SHZT_2025_2026
2271,281,"OLEŚNICA -
CHOJNICE",IZ Wrocław,Milicz - Zduny,1,42.386,54.900,przegląd sieci trakcyjnej,13,5,65,,"bez
ograniczenia","przerwa w ruchu linia
jednotorowa",2026-07-01,2026-07-13,Korekta_SHZT_2025_2026
2272,281,"OLEŚNICA -
CHOJNICE","IZ Ostrów
Wielkopolski","Koźmin Wielkopolski -
Krotoszyn",1,63.959,78.352,Modernizacja linii nr 281,181,24,4344,,"bez
ograniczenia","przerwa w ruchu linia
jednotorowa",2025-04-07,2026-06-12,Korekta_SHZT_2025_2026
2273,281,"OLEŚNICA -
CHOJNICE",IZ Poznań,Czerniejewo - Gniezno,"1, 2",160.626,160.646,"Wymiana konstrukcji
wsporczej w lokacie 160-79
wraz z osprzętem",3,12,36,,"bez
ograniczenia",przerwa w ruchu,2026-04-21,2026-04-23,Korekta_SHZT_2025_2026
2274,282,MIŁKOWICE - ŻARY,IZ Zielona Góra,Jankowa Żagańska - Żary,1,93.952,102.407,"wymiana 167 szt podkładów
strunobetonowych na nowe",5,24,120,,"bez
ograniczenia","przerwa w ruchu linia
jednotorowa",2026-09-14,2026-09-18,Korekta_SHZT_2025_2026
2275,284,"LEGNICA -
JERZMANICE
ZDRÓJ",IZ Wrocław,Legnica - Pawłowice Małe,1,0.825,6.579,przegląd sieci trakcyjnej,4,5,20,,"bez
ograniczenia","przerwa w ruchu linia
jednotorowa",2026-10-01,2026-10-04,Korekta_SHZT_2025_2026
2276,284,"LEGNICA -
JERZMANICE
ZDRÓJ",IRR4/7,Pawłowice - Jerzmanice Zdój,1,7.259,24.276,Rewitalizacja,223,24,5352,,"bez
ograniczenia",Przerwa w ruchu,2024-06-09,2026-07-24,Korekta_SHZT_2025_2026
2277,289,"LEGNICA - RUDNA
GWIZDANÓW",IZ Wrocław,Koźlice - Rudna Gwizdanów,1,29.805,38.728,przegląd sieci trakcyjnej,9,5,45,,"bez
ograniczenia","przerwa w ruchu linia
jednotorowa",2025-12-19,2025-12-27,Korekta_SHZT_2025_2026
2278,351,"POZNAŃ GŁÓWNY -
SZCZECIN
GŁÓWNY",IZ Poznań,"Poznań Główny
brak możliwści wyjazdu z toru
55 w kierunku z/do Luboń
k/Poznania, Poznań Górczyn,
Poznań Starołęka","51, 51b,",-0.181,0.215,Remont nawierzchni wraz,25,24,600,60,100,"ruch po torach czynnych
w stacji",2026-07-01,2026-07-25,Korekta_SHZT_2025_2026
2279,352,"SWARZĘDZ -
POZNAŃ
STAROŁĘKA",IRR5/7,Poznań Franowo - Pokrzywno,"251, 321, 1",5.410,9.250,"Roboty w branży torowej,
prace podtorzowe, zabudowa
sieci trakcyjnej, remont
obiektów inżynieryjnych",78,24,1872,50,,"ruch jednotorowy
dwukierunkowy po torze
czynnym 252,322, 2 -
rejon PFB oraz PFC",2025-10-13,2026-03-01,Korekta_SHZT_2025_2026
2280,352,"SWARZĘDZ -
POZNAŃ
STAROŁĘKA",IRR5/7,Poznań Franowo,"251, 321, 1",6.450,8.350,"Roboty w branży torowej,
prace podtorzowe, zabudowa
sieci trakcyjnej, remont
obiektów inżynieryjnych",21,24,504,50,,"ruch jednotorowy
dwukierunkowy po torze
czynnym 252,322, -
rejon PFB oraz PFC,
ograniczony dostep do
torów 125 - 130 (rejon
PFA)",2025-10-13,2026-01-03,Korekta_SHZT_2025_2026
2281,353,"POZNAŃ WSCHÓD -
SKANDAWA",IZ Poznań,Gniezno - Trzemeszno,2,52.393,52.776,"Wymiana 2xdjp (2 x 1,383)
wraz z wieszakami w sekcji
L10 - (bez wymiany kotwień
ciężarowych)",8,12,96,60,"bez
ograniczenia","ruch jednotorowy
dwukierunkowy po torze
czynnym",2026-04-08,2026-04-16,Korekta_SHZT_2025_2026
2282,353,"POZNAŃ WSCHÓD -
SKANDAWA",IZ Poznań,Gniezno - Trzemeszno,1,52.707,52.710,"ograniczenie prędkości dla
przejazdu kolejowo -
drogowego",8,12,96,20,"bez
ograniczenia",,2026-04-08,2026-04-16,Korekta_SHZT_2025_2026
2283,353,"POZNAŃ WSCHÓD -
SKANDAWA",IZ Poznań,Gniezno - Trzemeszno,1,54.335,54.345,"ograniczenie prędkości dla
przejazdu kolejowo -
drogowego",8,12,96,20,"bez
ograniczenia",,2026-04-08,2026-04-16,Korekta_SHZT_2025_2026
2284,353,"POZNAŃ WSCHÓD -
SKANDAWA",IRR2/10,Toruń Miasto - Toruń Główny,2,137.380,136.200,"Rozbiórka sieci trakcyjnej,
rozbiórka torowiska, budowa
nowego układu torowego",226,24,5424,40,"bez
ograniczenia","jednotorowo
dwukierunkowo",2026-05-01,2027-03-13,Korekta_SHZT_2025_2026
2285,353,"POZNAŃ WSCHÓD -
SKANDAWA",IRR2/10,Toruń Wschodni - Toruń Miasto,2,138.740,137.650,"Rozładunek materiałów,
remont mostu i zmiana układu
torowego Toruń Miasto
(przebudowa peronów, remont
wiaduktu drogowego Plac
Pokoju Toruńskiego)",35,24,840,60,"bez
ograniczenia","jednotorowo
dwukierunkowo",2026-11-08,2026-12-12,Korekta_SHZT_2025_2026
2286,353,"POZNAŃ WSCHÓD -
SKANDAWA",IRR2/10,"Toruń Wschodn - Papowo
Toruńskie",1,139.987,144.635,"Rozbiórka sieci trakcyjnej,
rozbiórka torowiska, budowa
nowego układu torowego",85,24,2040,100,"bez
ograniczenia","jednotorowo
dwukierunkowo",2026-03-08,2026-05-31,Korekta_SHZT_2025_2026
2287,353,"POZNAŃ WSCHÓD -
SKANDAWA",IRR2/10,"Papowo Toruńskie - Toruń
Wschodni",2,144.635,139.987,"Rozbiórka sieci trakcyjnej,
rozbiórka torowiska, budowa
nowego układu torowego",84,24,2016,100,"bez
ograniczenia","jednotorowo
dwukierunkowo",2025-12-14,2026-03-07,Korekta_SHZT_2025_2026
2288,353,"POZNAŃ WSCHÓD -
SKANDAWA",IZ Bydgoszcz,Turzno,1,149.245,149.312,"wymiana nawierzchni torowej,
wymiana rozjazdu nr 101",199,24,4776,50,,"ruch po torach czynnych
w stacji",2025-12-01,2026-06-30,Korekta_SHZT_2025_2026
2289,353,"POZNAŃ WSCHÓD -
SKANDAWA",IZ Bydgoszcz,Turzno,5,149.296,150.284,wymiana nawierzchni torowej,199,24,4776,50,,"ruch po torach czynnych
w stacji",2025-12-01,2026-06-30,Korekta_SHZT_2025_2026
2290,353,"POZNAŃ WSCHÓD -
SKANDAWA",IRRK2/10/4,Samborowo - Ostróda,2,249.653,257.960,roboty budowlane na stacji,174,24,4176,40,120,"jednotorowo
dwukierunkowo",2025-11-24,2026-06-05,Korekta_SHZT_2025_2026
2291,353,"POZNAŃ WSCHÓD -
SKANDAWA",IRRK2/10/4,Ostróda,2,257.859,259.530,roboty budowlane na stacji,86,24,2064,40,100,po torze nr 1,2024-11-14,2026-03-09,Korekta_SHZT_2025_2026
2292,353,"POZNAŃ WSCHÓD -
SKANDAWA",IRRK2/10/4,Ostróda,4,258.105,259.400,roboty budowlane na stacji,86,24,2064,40,100,,2024-11-14,2026-03-09,Korekta_SHZT_2025_2026
2293,353,"POZNAŃ WSCHÓD -
SKANDAWA",IRRK2/10/4,Ostróda,6,258.670,259.030,roboty budowlane na stacji,86,24,2064,40,100,,2024-11-14,2026-03-09,Korekta_SHZT_2025_2026
2294,353,"POZNAŃ WSCHÓD -
SKANDAWA",IRRK2/10/4,Ostróda,8,258.670,259.030,roboty budowlane na stacji,86,24,2064,40,100,,2024-11-14,2026-03-09,Korekta_SHZT_2025_2026
2295,353,"POZNAŃ WSCHÓD -
SKANDAWA",IRRK2/10/4,Biesal,2,276.674,276.674,wymiana rozjazdów,69,24,1656,20,120,"ruch po torach czynnych
w stacji",2025-07-31,2026-02-20,Korekta_SHZT_2025_2026
2296,354,"POZNAŃ GŁÓWNY
POD - PIŁA
GŁÓWNA",IRR5/13,"Wargowo - Oborniki
Wielkopolskie","1, 2",19.424,27.789,"Budowa drugiego toru i
drugiego mostu na rzece
Warcie",1,5,5,,"bez
ograniczenia",przerwa w ruchu,2025-12-20,2025-12-20,Korekta_SHZT_2025_2026
2297,354,"POZNAŃ GŁÓWNY
POD - PIŁA
GŁÓWNA",IRR5/13,"Wargowo - Oborniki
Wielkopolskie","1, 2",19.424,27.789,"Budowa drugiego toru i
drugiego mostu na rzece
Warcie",1,5,5,,"bez
ograniczenia",przerwa w ruchu,2026-01-20,2026-01-20,Korekta_SHZT_2025_2026
2298,354,"POZNAŃ GŁÓWNY
POD - PIŁA
GŁÓWNA",IRR5/13,"Wargowo - Oborniki
Wielkopolskie","1, 2",19.424,27.789,"Budowa drugiego toru i
drugiego mostu na rzece
Warcie",1,5,5,,"bez
ograniczenia",przerwa w ruchu,2026-02-20,2026-02-20,Korekta_SHZT_2025_2026
2299,354,"POZNAŃ GŁÓWNY
POD - PIŁA
GŁÓWNA",IRR5/13,"Wargowo - Oborniki
Wielkopolskie","1, 2",19.424,27.789,"Budowa drugiego toru i
drugiego mostu na rzece
Warcie",1,5,5,,"bez
ograniczenia",przerwa w ruchu,2026-03-20,2026-03-20,Korekta_SHZT_2025_2026
2300,354,"POZNAŃ GŁÓWNY
POD - PIŁA
GŁÓWNA",IRR5/13,"Wargowo - Oborniki
Wielkopolskie","1, 2",19.424,27.789,"Budowa drugiego toru i
drugiego mostu na rzece
Warcie",1,5,5,,"bez
ograniczenia",przerwa w ruchu,2026-04-20,2026-04-20,Korekta_SHZT_2025_2026
2301,354,"POZNAŃ GŁÓWNY
POD - PIŁA
GŁÓWNA",IRR5/13,"Wargowo - Oborniki
Wielkopolskie","1, 2",19.424,27.789,"Budowa drugiego toru i
drugiego mostu na rzece
Warcie",1,5,5,,"bez
ograniczenia",przerwa w ruchu,2026-05-20,2026-05-20,Korekta_SHZT_2025_2026
2302,354,"POZNAŃ GŁÓWNY
POD - PIŁA
GŁÓWNA",IRR5/13,"Oborniki Wielkopolskie -
Rogoźno Wielkopolskie",1,27.789,42.515,Budowa mijanko i PO Parkowo,1,5,5,,"bez
ograniczenia",przerwa w ruchu,2025-12-10,2025-12-10,Korekta_SHZT_2025_2026
2303,354,"POZNAŃ GŁÓWNY
POD - PIŁA
GŁÓWNA",IRR5/13,"Oborniki Wielkopolskie -
Rogoźno Wielkopolskie",1,27.789,42.515,Budowa mijanko i PO Parkowo,1,5,5,,"bez
ograniczenia",przerwa w ruchu,2026-01-10,2026-01-10,Korekta_SHZT_2025_2026
2304,354,"POZNAŃ GŁÓWNY
POD - PIŁA
GŁÓWNA",IRR5/13,"Oborniki Wielkopolskie -
Rogoźno Wielkopolskie",1,27.789,42.515,Budowa mijanko i PO Parkowo,1,5,5,,"bez
ograniczenia",przerwa w ruchu,2026-02-10,2026-02-10,Korekta_SHZT_2025_2026
2305,354,"POZNAŃ GŁÓWNY
POD - PIŁA
GŁÓWNA",IRR5/13,"Oborniki Wielkopolskie -
Rogoźno Wielkopolskie",1,27.789,42.515,Budowa mijanko i PO Parkowo,1,5,5,,"bez
ograniczenia",przerwa w ruchu,2026-03-10,2026-03-10,Korekta_SHZT_2025_2026
2306,354,"POZNAŃ GŁÓWNY
POD - PIŁA
GŁÓWNA",IRR5/13,"Oborniki Wielkopolskie -
Rogoźno Wielkopolskie",1,27.789,42.515,Budowa mijanko i PO Parkowo,1,5,5,,"bez
ograniczenia",przerwa w ruchu,2026-04-10,2026-04-10,Korekta_SHZT_2025_2026
2307,354,"POZNAŃ GŁÓWNY
POD - PIŁA
GŁÓWNA",IRR5/13,"Oborniki Wielkopolskie -
Rogoźno Wielkopolskie",1,27.789,42.515,Budowa mijanko i PO Parkowo,1,5,5,,"bez
ograniczenia",przerwa w ruchu,2026-05-10,2026-05-10,Korekta_SHZT_2025_2026
2308,354,"POZNAŃ GŁÓWNY
POD - PIŁA
GŁÓWNA",IZ Poznań,Chodzież - Dziembówko,1,70.950,81.461,"Wymiana 153 szt. prętów
odciągu oraz odbudowa głowic",80,6,480,,"bez
ograniczenia",przerwa w ruchu,2026-03-08,2026-05-27,Korekta_SHZT_2025_2026
2309,355,"OSTRÓW
WIELKOPOLSKI -
GRABOWNO
WIELKIE",IRR5/5,"Ostrów Wielkopolski Zachodni -
Pawłów Wielkopolski",1,-1.180,31.900,"wymiana szyn, sieci trakcyjnej",4,24,96,,,przerwa w ruchu,2025-06-01,2025-12-14,Korekta_SHZT_2025_2026
2310,355,"OSTRÓW
WIELKOPOLSKI -
GRABOWNO
WIELKIE",IRR5/5,Odolanów - Grabowno Wielkie,1,13.597,53.579,"wymiana sieci trakcyjnej,
budowa nowych peronów,
wymiana nawierzchni torowej,
przebudowa wiaduktu, prace
na przejazdach koleowo-
drogowych (branża drogowa i
srk)",182,24,4368,,"bez
ograniczenia",przerwa w ruchu,2025-06-15,2026-06-13,Korekta_SHZT_2025_2026
2311,355,"OSTRÓW
WIELKOPOLSKI -
GRABOWNO
WIELKIE",IRR5/5,"Odcinek Pawłów Wielkopolski -
Grabowno Wielkie",1,31.900,53.578,"wymiana szyn, sieci trakcyjnej",21,24,504,,,przerwa w ruchu,2025-07-28,2025-12-31,Korekta_SHZT_2025_2026
2312,356,"POZNAŃ WSCHÓD -
BYDGOSZCZ
GŁÓWNA",IRR5/13,Wągrowiec - Gołańcz,1,52.407,70.904,"Kompleksowa rewitalizacja linii
kolejowej",138,24,3312,,"bez
ograniczenia",przerwa w ruchu,2025-04-01,2026-04-30,Korekta_SHZT_2025_2026
2313,357,"POWODOWO -
LUBOŃ K.
POZNANIA",IZ Poznań,Grodzisk - Granowo,1,69.870,84.245,"wymian szyn wraz z robotami
towarzyszącymi",16,24,384,,100,"przerwa w ruchu linia
jednotorowa",2026-08-01,2026-08-16,Korekta_SHZT_2025_2026
2314,360,"JAROCIN -
KĄKOLEWO",IRR5/11,Gostyń,"1, 2, 3, 4",36.288,36.898,Rewitalizacja,353,24,8472,,"bez
ograniczenia",Przerwa w ruchu,2025-08-01,2026-12-01,Korekta_SHZT_2025_2026
2315,360,"JAROCIN -
KĄKOLEWO",IRR5/11,Gostyń - Kąkolewo,1,36.850,58.396,Rewitalizacja,353,24,8472,,"bez
ograniczenia",Przerwa w ruchu,2025-12-01,2026-12-01,Korekta_SHZT_2025_2026
2316,360,"JAROCIN -
KĄKOLEWO",IRR5/11,Gostyń - Kąkolewo,1,36.850,58.396,Rewitalizacja,353,24,8472,,"bez
ograniczenia",Przerwa w ruchu,2025-12-01,2026-12-01,Korekta_SHZT_2025_2026
2317,367,"ZBĄSZYNEK -
GORZÓW
WIELKOPOLSKI",IZ Zielona Góra,"Gorzów Wielkopolski Zieleniec -
Gorzów Wielkopolski",1,70.180,73.107,przebudowa dwóch mostów,127,24,3048,,"bez
ograniczenia","przerwa w ruchu linia
jednotorowa",2026-06-15,2026-10-20,Korekta_SHZT_2025_2026
2318,389,"ŻAGAŃ - JANKOWA
ŻAGAŃSKA",IRR4/7,Żagań,10,0.087,1.410,"transport oraz rozładunek
materiałów/Roboty budowlane",18,24,432,,"bez
ograniczenia","ruch po torach czynnych
w stacji",2023-11-16,2025-12-31,Korekta_SHZT_2025_2026
2319,389,"ŻAGAŃ - JANKOWA
ŻAGAŃSKA",IRR4/7,Żagań,12,0.087,1.410,"transport oraz rozładunek
materiałów/Roboty budowlane",18,24,432,,"bez
ograniczenia","ruch po torach czynnych
w stacji",2023-11-16,2025-12-31,Korekta_SHZT_2025_2026
2320,389,"ŻAGAŃ - JANKOWA
ŻAGAŃSKA",IRR4/7,Żagań,20,0.087,1.410,"transport oraz rozładunek
materiałów/Roboty budowlane",18,24,432,,"bez
ograniczenia","ruch po torach czynnych
w stacji",2023-11-16,2025-12-31,Korekta_SHZT_2025_2026
2321,389,"ŻAGAŃ - JANKOWA
ŻAGAŃSKA",IRR4/7,Żagań,22,0.087,1.410,"transport oraz rozładunek
materiałów/Roboty budowlane",18,24,432,,"bez
ograniczenia","ruch po torach czynnych
w stacji",2023-11-16,2025-12-31,Korekta_SHZT_2025_2026
2322,389,"ŻAGAŃ - JANKOWA
ŻAGAŃSKA",IRR4/7,Żagań,6,0.087,1.410,"transport oraz rozładunek
materiałów/Roboty budowlane",18,24,432,,"bez
ograniczenia","ruch po torach czynnych
w stacji",2023-11-16,2025-12-31,Korekta_SHZT_2025_2026
2323,389,"ŻAGAŃ - JANKOWA
ŻAGAŃSKA",IRR4/7,Żagań,6a,0.087,1.410,"transport oraz rozładunek
materiałów/Roboty budowlane",18,24,432,,"bez
ograniczenia","ruch po torach czynnych
w stacji",2023-11-16,2025-12-31,Korekta_SHZT_2025_2026
2324,389,"ŻAGAŃ - JANKOWA
ŻAGAŃSKA",IRR4/7,Żagań,8,0.087,1.410,"transport oraz rozładunek
materiałów/Roboty budowlane",18,24,432,,"bez
ograniczenia","ruch po torach czynnych
w stacji",2023-11-16,2025-12-31,Korekta_SHZT_2025_2026
2325,389,"ŻAGAŃ - JANKOWA
ŻAGAŃSKA",IRR4/7,Żagań,8a,0.087,1.410,"transport oraz rozładunek
materiałów/Roboty budowlane",18,24,432,,"bez
ograniczenia","ruch po torach czynnych
w stacji",2023-11-16,2025-12-31,Korekta_SHZT_2025_2026
2326,394,"POZNAŃ KRZESINY
- KOBYLNICA",IRR5/7,Poznań Franowo - Pokrzywno,3,3.230,4.120,"Roboty w branży torowej,
prace podtorzowe, zabudowa
sieci trakcyjnej, remont
obiektów inżynieryjnych",7,24,168,50,,"brak jazdy z Po Krzesiny
do PFC po Lk 394,
możliwa jazda z
Pokrzywna do PFD po
Lk 824",2026-03-02,2026-03-08,Korekta_SHZT_2025_2026
2327,394,"POZNAŃ KRZESINY
- KOBYLNICA",IRR5/7,Poznań Franowo - Pokrzywno,3,3.300,4.200,"Roboty w branży torowej,
prace podtorzowe, zabudowa
sieci trakcyjnej, remont
obiektów inżynieryjnych",78,24,1872,,,"brak jazdy z Po Krzesiny
do PFC po Lk 394,
możliwa jazda z
Pokrzywna do PFD po
Lk 824",2025-10-13,2026-03-01,Korekta_SHZT_2025_2026
2328,394,"POZNAŃ KRZESINY
- KOBYLNICA",IRR5/7,Poznań Franowo,"320, 250, 111",4.150,8.250,"Roboty w branży torowej,
prace podtorzowe, zabudowa
sieci trakcyjnej, remont
obiektów inżynieryjnych",83,24,1992,50,,"możliwa jazda po
321,322, 251, 252 (rejon
PFC, PFB), brak
wyjazdu z PFB po t.269
w kierunku PFA, brak
wjazdu z t. 250 na tory
110 -116 (PFA)",2026-01-05,2026-03-28,Korekta_SHZT_2025_2026
2329,394,"POZNAŃ KRZESINY
- KOBYLNICA",IRR5/7,"Poznań Franowo - Stary Młyn -
Zieliniec",1,8.000,10.500,"Roboty w branży torowej,
prace podtorzowe, zabudowa
sieci trakcyjnej, remont
obiektów inżynieryjnych",7,4,28,,"bez
ograniczenia","przerwa w ruchu na
odcinku PFA - Stary
Młyn",2026-03-02,2026-03-08,Korekta_SHZT_2025_2026
2330,394,"POZNAŃ KRZESINY
- KOBYLNICA",IRR5/7,"Poznań Franowo - Stary Młyn -
Zieliniec",2,8.250,10.500,"Roboty w branży torowej,
prace podtorzowe, zabudowa
sieci trakcyjnej, remont
obiektów inżynieryjnych",91,24,2184,50,,"ruch jednotorowy
dwukierunkowy po torze
czynnym",2026-03-02,2026-05-31,Korekta_SHZT_2025_2026
2331,395,ZIELINIEC - KIEKRZ,IRR5/7,"szlak tymczasowy Koziegłowy -
Naramowice",2,3.420,7.500,remont,46,24,1104,50,,"ruch jednotorowy
dwukierunkowy po torze
czynnym",2025-11-27,2026-01-28,Korekta_SHZT_2025_2026
2332,395,ZIELINIEC - KIEKRZ,IRR5/7,Koziegłowy,"2, 4, 6, 8, 12,
14, 18, 20",3.600,4.000,remont,46,24,1104,,"bez
ograniczenia","ruch po torach czynnych
w stacji",2025-11-27,2026-01-28,Korekta_SHZT_2025_2026
2333,395,ZIELINIEC - KIEKRZ,IRR5/7,"szlak tymczasowy Koziegłowy -
Naramowice",1,4.430,7.400,remont,63,24,1512,50,,"ruch jednotorowy
dwukierunkowy po torze
czynnym",2026-01-29,2026-04-01,Korekta_SHZT_2025_2026
2334,395,ZIELINIEC - KIEKRZ,IRR5/7,"szlak tymczasowy Koziegłowy -
Naramowice",1,4.430,7.400,remont,63,24,1512,50,,"ruch jednotorowy
dwukierunkowy po torze
czynnym",2026-06-04,2026-08-05,Korekta_SHZT_2025_2026
2335,395,ZIELINIEC - KIEKRZ,IRR5/7,"szlak tymczasowy Koziegłowy -
Naramowice",1,4.430,7.400,remont,63,24,1512,50,,"ruch jednotorowy
dwukierunkowy po torze
czynnym",2026-10-08,2026-12-09,Korekta_SHZT_2025_2026
2336,395,ZIELINIEC - KIEKRZ,IRR5/7,"szlak tymczasowy Koziegłowy -
Naramowice","1, 2",4.430,7.500,Prace na moście-estakadzie,4,24,96,,50,przerwa w ruchu,2026-01-10,2026-01-13,Korekta_SHZT_2025_2026
2337,395,ZIELINIEC - KIEKRZ,IRR5/7,"szlak tymczasowy Koziegłowy -
Naramowice","1, 2",4.430,7.500,Prace na moście-estakadzie,4,24,96,,50,przerwa w ruchu,2026-03-14,2026-03-17,Korekta_SHZT_2025_2026
2338,395,ZIELINIEC - KIEKRZ,IRR5/7,"szlak tymczasowy Koziegłowy -
Naramowice","1, 2",4.430,7.500,Prace na moście-estakadzie,4,24,96,,50,przerwa w ruchu,2026-04-18,2026-04-21,Korekta_SHZT_2025_2026
2339,395,ZIELINIEC - KIEKRZ,IRR5/7,"szlak tymczasowy Koziegłowy -
Naramowice","1, 2",4.430,7.500,Prace na moście-estakadzie,4,24,96,,50,przerwa w ruchu,2026-05-16,2026-05-19,Korekta_SHZT_2025_2026
2340,395,ZIELINIEC - KIEKRZ,IRR5/7,"szlak tymczasowy Koziegłowy -
Naramowice","1, 2",4.430,7.500,Prace na moście-estakadzie,4,24,96,,50,przerwa w ruchu,2026-06-20,2026-06-23,Korekta_SHZT_2025_2026
2341,395,ZIELINIEC - KIEKRZ,IRR5/7,"szlak tymczasowy Koziegłowy -
Naramowice","1, 2",4.430,7.500,Prace na moście-estakadzie,4,24,96,,50,przerwa w ruchu,2026-07-25,2026-07-28,Korekta_SHZT_2025_2026
2342,395,ZIELINIEC - KIEKRZ,IRR5/7,"szlak tymczasowy Koziegłowy -
Naramowice","1, 2",4.430,7.500,Prace na moście-estakadzie,4,24,96,,50,przerwa w ruchu,2026-08-22,2026-08-25,Korekta_SHZT_2025_2026
2343,395,ZIELINIEC - KIEKRZ,IRR5/7,"szlak tymczasowy Koziegłowy -
Naramowice","1, 2",4.430,7.500,Prace na moście-estakadzie,4,24,96,,50,przerwa w ruchu,2026-09-26,2026-09-29,Korekta_SHZT_2025_2026
2344,395,ZIELINIEC - KIEKRZ,IRR5/7,"szlak tymczasowy Koziegłowy -
Naramowice","1, 2",4.430,7.500,Prace na moście-estakadzie,4,24,96,,50,przerwa w ruchu,2026-10-31,2026-11-03,Korekta_SHZT_2025_2026
2345,395,ZIELINIEC - KIEKRZ,IRR5/7,"szlak tymczasowy Koziegłowy -
Naramowice","1, 2",4.430,7.500,Prace na moście-estakadzie,4,24,96,,50,przerwa w ruchu,2026-11-28,2026-12-01,Korekta_SHZT_2025_2026
2346,395,ZIELINIEC - KIEKRZ,IRR5/7,"szlak tymczasowy Koziegłowy -
Naramowice",2,4.500,7.500,remont,63,24,1512,50,,"ruch jednotorowy
dwukierunkowy po torze
czynnym",2026-04-02,2026-06-03,Korekta_SHZT_2025_2026
2347,395,ZIELINIEC - KIEKRZ,IRR5/7,"szlak tymczasowy Koziegłowy -
Naramowice",2,4.500,7.500,remont,63,24,1512,50,,"ruch jednotorowy
dwukierunkowy po torze
czynnym",2026-08-06,2026-10-07,Korekta_SHZT_2025_2026
2348,405,"PIŁA GŁÓWNA -
USTKA",IRR2/10,Słonowice - Słupsk,1,163.506,175.004,"modernizacja torów i obiektów
inżynieryjnych",182,24,4368,700,60,przerwa w ruchu,2025-09-01,2026-06-13,Korekta_SHZT_2025_2026
2349,406,"SZCZECIN
GŁÓWNY -
TRZEBIEŻ
SZCZECIŃSKI",IRR5/6,"Szczecin Gocław - Szczecin
Stołczyn",2,14.680,15.335,"wymiana nawierzchni toru nr 2
wraz z siecią trkacyjną",14,24,336,50,,"jednotorowo
dwukierunkowo",2025-08-27,2025-12-27,Korekta_SHZT_2025_2026
2350,406,"SZCZECIN
GŁÓWNY -
TRZEBIEŻ
SZCZECIŃSKI",IRR5/6,Szczecin Stołczyn,2,15.900,16.500,"wymiana toru nr 2, remont
wiaduktu Fabryczna i Nad
Odrą",14,24,336,50,,"torem nr 1, 3, 5",2025-08-27,2025-12-27,Korekta_SHZT_2025_2026
2351,406,"SZCZECIN
GŁÓWNY -
TRZEBIEŻ
SZCZECIŃSKI",IRR5/6,"Szczecin Stołczyn - Szczecin
Skolwin",2,16.500,17.433,"budowa peron nr 2 Stołczyn
Pólnocny",15,24,360,50,,"jednotorowo
dwukierunkowo",2025-08-27,2025-12-28,Korekta_SHZT_2025_2026
2352,406,"SZCZECIN
GŁÓWNY -
TRZEBIEŻ
SZCZECIŃSKI",IRR5/6,Szczecin Niebuszewo,6,,,"budowa przejścia
podziemnego, likwidacja torów,
demontaż sieci",18,24,432,50,,"156/2019, torem nr 2, 4",2024-01-01,2025-12-31,Korekta_SHZT_2025_2026
2353,408,"SZCZECIN
GŁÓWNY -
STOBNO
SZCZECIŃSKIE",IRR5/13,"Szczecin Główny - Szczecin
Gumieńce - Stobno
Szczecińskie","1, 2",,7.078,"Wielobranżowa modernizacja
linii kolejowej, dobudowa toru
nr 2 na odcinku od km 1,010
(Rz 300) do km 4,862 oraz
elektryfikacja toru nr 1 i 2 od
km 6,004 do 7,078",364,24,8736,,,"Zamknięcia całodobowe -
tor nr 2 zamknięty z
uwagi na zły stan
techniczny.",2025-08-01,2028-01-31,Korekta_SHZT_2025_2026
2354,409,"SZCZECIN
GUMIEŃCE -
GRANICA
PAŃSTWA
(TANTOW)",IRR5/13,"Szczecin Gumieńce - granica
państwa",1,0.115,10.069,"Wielobranżowa modernizacja
linii kolejowej, dobudowa toru
nr 2 oraz elektryfikacja toru nr
1 i 2",364,24,8736,,,przerwa w ruchu,2025-08-01,2026-12-12,Korekta_SHZT_2025_2026
2355,448,"WARSZAWA
ZACHODNIA -
WARSZAWA
REMBERTÓW",IRR1/11,"Warszawa Wschodnia -
Warszawa Zachodnia","3Śr, 4Śr",2.700,3.690,"Modernizacja linii kolejowych i
stacji kolejowych",179,5,895,,"bez
ograniczenia",przerwa w ruchu,2026-06-14,2028-06-16,Korekta_SHZT_2025_2026
2356,448,"WARSZAWA
ZACHODNIA -
WARSZAWA
REMBERTÓW",IRR1/11,"Warszawa Wschodnia -
Warszawa Zachodnia","3Śr, 4Śr",2.700,3.690,"Modernizacja linii kolejowych i
stacji kolejowych",2,24,48,,"bez
ograniczenia",przerwa w ruchu,2026-06-27,2026-06-28,Korekta_SHZT_2025_2026
2357,448,"WARSZAWA
ZACHODNIA -
WARSZAWA
REMBERTÓW",IRR1/11,Warszawa Wschodnia,22,3.690,4.950,"Modernizacja linii kolejowych i
stacji kolejowych",7,24,168,,"bez
ograniczenia","ruch po torach czynnych
w stacji",2026-05-31,2026-06-06,Korekta_SHZT_2025_2026
2358,448,"WARSZAWA
ZACHODNIA -
WARSZAWA
REMBERTÓW",IRR1/11,Warszawa Wschodnia,23,3.690,4.950,"Modernizacja linii kolejowych i
stacji kolejowych",7,24,168,,"bez
ograniczenia","ruch po torach czynnych
w stacji",2026-05-24,2026-05-30,Korekta_SHZT_2025_2026
2359,448,"WARSZAWA
ZACHODNIA -
WARSZAWA
REMBERTÓW",IRR1/11,Warszawa Wschodnia,"24, 5",3.690,4.950,"Modernizacja linii kolejowych i
stacji kolejowych",7,24,168,,"bez
ograniczenia","ruch po torach czynnych
w stacji",2026-06-07,2026-06-13,Korekta_SHZT_2025_2026
2360,448,"WARSZAWA
ZACHODNIA -
WARSZAWA
REMBERTÓW",IRR1/11,Warszawa Wschodnia,5,3.690,4.950,"Modernizacja linii kolejowych i
stacji kolejowych",179,5,895,,"bez
ograniczenia","ruch po torach czynnych
w stacji",2026-06-14,2028-06-16,Korekta_SHZT_2025_2026
2361,448,"WARSZAWA
ZACHODNIA -
WARSZAWA
REMBERTÓW",IRR1/11,Warszawa Rembertów,3m,11.600,11.823,budowa tunelu,364,4,1456,50,"bez
ograniczenia","ruch po torach czynnych
w stacji",2025-05-29,2027-09-28,Korekta_SHZT_2025_2026
2362,448,"WARSZAWA
ZACHODNIA -
WARSZAWA
REMBERTÓW",IRR1/11,Warszawa Rembertów,4m,11.600,11.823,budowa tunelu,364,4,1456,50,"bez
ograniczenia","ruch po torach czynnych
w stacji",2025-05-29,2027-09-28,Korekta_SHZT_2025_2026
2363,448,"WARSZAWA
ZACHODNIA -
WARSZAWA
REMBERTÓW",IRR1/11,Warszawa Rembertów,4m,11.673,11.823,budowa tunelu,105,24,2520,50,"bez
ograniczenia","ruch po torach czynnych
w stacji",2025-08-29,2026-03-28,Korekta_SHZT_2025_2026
2364,448,"WARSZAWA
ZACHODNIA -
WARSZAWA
REMBERTÓW",IRR1/11,Warszawa Rembertów,3m,11.673,11.823,budowa tunelu,183,24,4392,50,"bez
ograniczenia","ruch po torach czynnych
w stacji",2026-03-29,2026-09-27,Korekta_SHZT_2025_2026
2365,509,"WARSZAWA
GŁÓWNA
TOWAROWA -
WARSZAWA
GDAŃSKA",IRR1/2,"Warszawa Główna Towarowa -
Warszawa Gdańska",1,-0.263,7.550,"budowa przejścia
podziemnego; wymiana sieci
trakcyjnej",90,24,2160,40,,"ruch jednotorowy
dwukierunkowy po torze
nr 2",2026-09-14,2026-12-12,Korekta_SHZT_2025_2026
2366,509,"WARSZAWA
GŁÓWNA
TOWAROWA -
WARSZAWA
GDAŃSKA",IRR1/2,Warszawa Jelonki,2,3.356,4.496,"budowa przejścia
podziemnego",90,24,2160,,,"tory nr 3, 5, 7, 9 czynne
w stacji",2026-09-14,2026-12-12,Korekta_SHZT_2025_2026
2367,509,"WARSZAWA
GŁÓWNA
TOWAROWA -
WARSZAWA
GDAŃSKA",IRR1/2,Warszawa Jelonki,3,3.477,4.372,"budowa przejścia
podziemnego; wymiana sieci
trakcyjnej",92,24,2208,40,,tory 1 i 2 czynne w stacji,2026-06-14,2026-09-13,Korekta_SHZT_2025_2026
2368,509,"WARSZAWA
GŁÓWNA
TOWAROWA -
WARSZAWA
GDAŃSKA",IRR1/2,Warszawa Jelonki,9,3.517,4.335,"budowa przejścia
podziemnego; wymiana sieci
trakcyjnej",92,24,2208,,,tory 1 i 2 czynne w stacji,2026-06-14,2026-09-13,Korekta_SHZT_2025_2026
2369,509,"WARSZAWA
GŁÓWNA
TOWAROWA -
WARSZAWA
GDAŃSKA",IRR1/2,Warszawa Jelonki,5,3.517,4.335,"budowa przejścia
podziemnego; wymiana sieci
trakcyjnej",92,24,2208,,,tory 1 i 2 czynne w stacji,2026-06-14,2026-09-13,Korekta_SHZT_2025_2026
2370,509,"WARSZAWA
GŁÓWNA
TOWAROWA -
WARSZAWA
GDAŃSKA",IRR1/2,Warszawa Jelonki,7,3.561,4.291,"budowa przejścia
podziemnego; wymiana sieci
trakcyjnej",92,24,2208,,,tory 1 i 2 czynne w stacji,2026-06-14,2026-09-13,Korekta_SHZT_2025_2026
2371,509,"WARSZAWA
GŁÓWNA
TOWAROWA -
WARSZAWA
GDAŃSKA",IRR1/2,"Warszawa Jelonki - Warszawa
Gdańska",1,4.496,7.550,wymiana sieci trakcyjnej,28,24,672,,,"ruch jednotorowy
dwukierunkowy po torze
nr 2",2026-11-15,2026-12-12,Korekta_SHZT_2025_2026
2372,525,"CZACHÓWEK
POŁUDNIOWY -
CZACHÓWEK
WSCHODNI",IRR1/1,"Czachówek Południowy -
Czachówek Wschodni",1,,,modernizacja,21,24,504,,"bez
ograniczenia","przerwa w ruchu, pociągi
kursują drogą okrężną
przez linię 528. Na
szlaku Czachówek
Południowy - Góra
Kalwaria - ZKA",2026-02-03,2026-02-23,Korekta_SHZT_2025_2026
2373,526,"CZACHÓWEK
ZACHODNI -
CZACHÓWEK
POŁUDNIOWY R3",IRR1/1,"Czachówek Zachodni -
Czachówek Północny
(Czachówek Płd. R3)",1,,,modernizacja,21,24,504,,"bez
ograniczenia","przerwa w ruchu -
pociągi okrężnie przez
linię 527 z obrotem na
stacji Góra Kalaria",2026-07-10,2026-07-30,Korekta_SHZT_2025_2026
2374,527,"CZACHÓWEK
POŁUDNIOWY R7 -
CZACHÓWEK
WSCHODNI",IRR1/1,"Czachówek Południowy -
Czachówek Wschodni",1,0.033,1.805,modernizacja,178,24,4272,,"bez
ograniczenia",przerwa w ruchu,2026-02-23,2026-08-19,Korekta_SHZT_2025_2026
2375,527,"CZACHÓWEK
POŁUDNIOWY R7 -
CZACHÓWEK
WSCHODNI",IRR1/1,"Czachówek Wschodni -
Czachówek Północny
(Czachówek Płd. R7)",1,,,modernizacja,20,24,480,,"bez
ograniczenia","przerwa w ruchu, pociągi
kursują drogą okrężną
przez linię 525, z
obrotem na stacji
Czachówek Południowy",2026-07-31,2026-08-19,Korekta_SHZT_2025_2026
2376,528,"CZACHÓWEK
ZACHODNI -
CZACHÓWEK
POŁUDNIOWY",IRR1/1,"Czachówek Południowy -
Czachówek Zachodni",1,,,modernizacja,20,24,480,,"bez
ograniczenia","przerwa w ruchu- pociagi
kursują drogą okrężną
przez linię nr 525 z
obrotem na stacji Góra
Kalwaria",2026-01-14,2026-02-02,Korekta_SHZT_2025_2026
2377,545,"WARSZAWA
PRAGA R2 -
WARSZAWA
GROCHÓW",IRR1/11,"Warszawa Wschodnia -
Warszawa Praga",1GR,0.346,2.234,"Modernizacja linii kolejowych i
stacji kolejowych",2,24,48,,"bez
ograniczenia",przerwa w ruchu,2026-06-27,2026-06-28,Korekta_SHZT_2025_2026
2378,565,"CHARZEWICE -
STALOWA WOLA
ROZWADÓW
TOWAROWY",IRR3/1,"Stalowa Wola Rozwadów
Towarowy - Charzewice",1-13,0.597,0.954,kompleksowa modernizacja,171,24,4104,,"bez
ograniczenia",przerwa w ruchu,2026-03-16,2026-09-02,Korekta_SHZT_2025_2026
2379,568,"SITKÓWKA
NOWINY -
SZCZUKOWICE",IZ Kielce,Sitkówka Nowiny - Szczukowice,1,-0.440,6.820,"Remont główny obiektów
inżynieryjnych",180,24,4320,,"bez
ograniczenia","przerwa w ruchu linia
jednotorowa",2026-05-05,2026-10-31,Korekta_SHZT_2025_2026
2380,617,"ZAGÓRZ R 46 -
ZAGÓRZ R 101",IRR3/6,Zagórz R46 - Zagórz R101,1,0.418,0.628,modernizacja,364,24,8736,,"bez
ograniczenia",przerwa w ruchu,2025-11-03,2027-01-27,Korekta_SHZT_2025_2026
2381,656,"KATOWICE -
BRYNÓW",IRR4/4,Katowcie - Brynów,1,0.100,2.800,modernizacja,364,5,1820,,,przerwa w ruchu,2025-12-14,2026-12-12,Korekta_SHZT_2025_2026
2382,659,"BĘDZIN -
KATOWICE",IRR4/4,Będzin,3,0.000,0.000,"Roboty zasadnicze
(domknięcie technologiczne).
Domknięcie technologiczne -
prace związane z realizacją
inwestycji",161,4,644,,,przerwa w ruchu,2025-10-23,2026-05-23,Korekta_SHZT_2025_2026
2383,659,"BĘDZIN -
KATOWICE",IRR4/4,Będzin - Sosnowiec Główny,3,0.000,4.480,"Roboty zasadnicze
(domknięcie technologiczne).
Domknięcie technologiczne -
prace związane z realizacją
inwestycji",161,4,644,,,przerwa w ruchu,2025-10-23,2026-05-23,Korekta_SHZT_2025_2026
2384,659,"BĘDZIN -
KATOWICE",IRR4/4,Będzin,"3, 5, 7, 4, 6",0.000,0.000,"Roboty zasadnicze
(domknięcie technologiczne).
Domknięcie technologiczne -
prace związane z realizacją
inwestycji",203,4,812,,,przerwa w ruchu,2026-05-24,2027-01-10,Korekta_SHZT_2025_2026
2385,659,"BĘDZIN -
KATOWICE",IRR4/4,Będzin - Sosnowiec Główny,3,0.000,4.480,"Roboty zasadnicze.
Kompleksowa wymiana
nawierzchni w torze nr 1, 2, 3,
roboty branży SRK, sieci
trakcyjnej,
elektroenergetycznej,
mostowej",203,24,4872,,,"Ruch jednotorowy
dwukierunkowy (po
nowym torze nr 4)",2026-05-24,2027-01-10,Korekta_SHZT_2025_2026
2386,659,"BĘDZIN -
KATOWICE",IRR4/4,Będzin - Sosnowiec Główny,4,0.000,4.480,"Roboty zasadnicze
(domknięcie technologiczne).
Domknięcie technologiczne -
prace związane z realizacją
inwestycji",203,4,812,,,przerwa w ruchu,2026-05-24,2027-01-10,Korekta_SHZT_2025_2026
2387,659,"BĘDZIN -
KATOWICE",IRR4/4,"Sosnowiec Główny - Katowice
Zawodzie",4,4.480,10.000,"Roboty zasadnicze
(domknięcie technologiczne).
Domknięcie technologiczne -
prace związane z realizacją
inwestycji",161,6,966,,,przerwa w ruchu,2025-10-23,2026-05-23,Korekta_SHZT_2025_2026
2388,659,"BĘDZIN -
KATOWICE",IRR4/4,"Sosnowiec Główny - Katowice
Zawodzie",4,4.480,10.000,"Roboty zasadnicze
(domknięcie technologiczne).
Domknięcie technologiczne -
prace związane z realizacją
inwestycji",203,4,812,,,przerwa w ruchu,2026-05-24,2027-01-10,Korekta_SHZT_2025_2026
2389,713,"KATOWICE -
CHORZÓW
BATORY",IRR4/4,"Katowice - Katowice Towarowa
KTC","1, 2",0.000,2.000,modernizacja,364,5,1820,,,przerwa w ruchu,2025-12-14,2026-12-12,Korekta_SHZT_2025_2026
2390,766,"ŁUKANÓW -
DĄBROWA
OLEŚNICKA",IZ Wrocław,Łukanów - Dąbrowa Oleśnicka,1,0.378,3.629,remont sieci trakcyjnej,45,24,1080,,"bez
ograniczenia","przerwa w ruchu linia
jednotorowa",2026-03-01,2026-04-14,Korekta_SHZT_2025_2026
2391,823,"POZNAŃ
FRANOWO PFD -
STARY MŁYN",IRR5/7,"Poznań Franowo - Stary Młyn,
tory 501 - 507",1,0.000,4.700,"wymiana rozjazdów,
wydłużenie torów stacyjnych -
rejon PFD",76,24,1824,50,,przerwa w ruchu,2026-09-28,2026-12-27,Korekta_SHZT_2025_2026
2392,824,"POKRZYWNO -
POZNAŃ
FRANOWO PFD",IRR5/7,"Poznań Franowo - Pokrzywno,
tory 501-507",3,0.286,1.638,"wymiana rozjazdów,
wydłużenie torów stacyjnych -
rejon PFD",91,24,2184,50,,"po torze nr 1 szlaku PFD
- Pokrzywno, oraz
pozostałych torach
stacyjnych PFD",2026-03-30,2026-06-28,Korekta_SHZT_2025_2026
2393,824,"POKRZYWNO -
POZNAŃ
FRANOWO PFD",IRR5/7,"Poznań Franowo - Pokrzywno,
tory 508-513",1,0.286,1.638,"wymiana rozjazdów,
wydłużenie torów stacyjnych -
rejon PFD",91,24,2184,50,,"po torze nr 3 szlaku PFD
- Pokrzywno, oraz
pozostałych torach
stacyjnych PFD",2026-06-29,2026-09-27,Korekta_SHZT_2025_2026
2394,824,"POKRZYWNO -
POZNAŃ
FRANOWO PFD",IZ Poznań,Poznań Franowo PFD,507,1.473,2.481,"remont nawierzchni wraz z
robotami towarzyszącymi",65,24,1560,60,60,"ruch po torach czynnych
w stacji",2026-09-10,2026-11-14,Korekta_SHZT_2025_2026
2395,824,"POKRZYWNO -
POZNAŃ
FRANOWO PFD",IZ Poznań,Poznań Franowo PFD,508,1.483,2.481,"remont nawierzchni wraz z
robotami towarzyszącymi",65,24,1560,60,60,"ruch po torach czynnych
w stacji",2026-09-10,2026-11-14,Korekta_SHZT_2025_2026
2396,840,"KIELCE HERBSKIE
KHA - KIELCE
HERBSKIE KHB",IZ Kielce,"Kielce Herbskie KHA - Kielce
Herbskie KHB",220-3S,2.840,2.890,"Remont główny wiaduktu w km
2,865",77,24,1848,30,"bez
ograniczenia","ruch po torach czynnych
w stacji",2026-07-15,2026-09-30,Korekta_SHZT_2025_2026
2397,864,"KATOWICE LIGOTA
- KWK WUJEK",IRR4/4,Katowice Ligota - KWK Wujek,1,0.657,2.960,modernizacja,364,24,8736,60,,przerwa w ruchu,2024-09-04,2027-09-22,Korekta_SHZT_2025_2026
2398,902,"WARSZAWA
WSCHODNIA -
WARSZAWA
WSCHODNIA
TOWAROWA T2P",IRR1/11,"Warszawa Wschodnia -
Warszawa Podsakrbińska",2P,4.407,5.995,"Modernizacja linii kolejowych i
stacji kolejowych",179,24,4296,,"bez
ograniczenia",przerwa w ruchu,2026-06-14,2028-06-16,Korekta_SHZT_2025_2026
2399,933,"CHMIELÓW -
MACHÓW",IRR3/1,Chmielów Machów,1,-1.129,0.361,modernizacja,92,24,2208,,"bez
ograniczenia",przerwa w ruchu,2025-09-01,2026-03-15,Korekta_SHZT_2025_2026
2400,1,,IRE 4 Śląski,Katowice Zawodzie - Katowice,2,30.800,31.617,modernizacja torów i obiektów inżynieryjnych,,,5376,,40,"ruch jednotorowy
dwukierunkowy",2027-05-01,2027-12-11,Korekta_SHZT_2026-2027
2401,1,,IRE 1 Centralny,st. Piotrków Trybunalski - st. Piotrków Trybunalski,1,143.676,146.401,modernizacja torów i obiektów inżynieryjnych,,,4344,,50,"ruch po czynnych
torach w stacji",2027-06-13,2027-12-11,Korekta_SHZT_2026-2027
2402,1,,IRE 1 Centralny,st. Piotrków Trybunalski - st. Piotrków Trybunalski,2,143.676,146.545,modernizacja torów i obiektów inżynieryjnych,,,728,,50,przerwa w ruchu,2027-06-13,2027-12-11,Korekta_SHZT_2026-2027
2403,1,,IRE 4 Śląski,Będzin - Będzin,"1,2",305.100,306.150,modernizacja torów i obiektów inżynieryjnych,,,3144,,60,"ruch po czynnych
torach w stacji",2026-12-13,2027-04-23,Korekta_SHZT_2026-2027
2404,1,,IRE 4 Śląski,Będzin - Będzin,"3,5,7,4,6",305.100,306.150,przerwa technologiczna,,,528,,60,"przerwa w ruchu
w wymiarze 4h",2026-12-13,2027-04-23,Korekta_SHZT_2026-2027
2405,1,,IRE 4 Śląski,Będzin - Będzin,1,305.100,306.150,modernizacja torów i obiektów inżynieryjnych,,,1392,,60,"ruch po czynnych
torach w stacji",2027-04-24,2027-06-21,Korekta_SHZT_2026-2027
2406,1,,IRE 4 Śląski,Będzin - Będzin,"2,3,5,7",305.100,306.150,przerwa technologiczna,,,236,,60,"przerwa w ruchu
w wymiarze 4h",2027-04-24,2027-06-21,Korekta_SHZT_2026-2027
2407,1,,IRE 4 Śląski,Będzin - Sosnowiec Główny,"1,2",306.150,308.500,modernizacja torów i obiektów inżynieryjnych,,,3144,,60,"ruch jednotorowy
dwukierunkowy po
torze czynnym nr 3
LK 659",2026-12-13,2027-04-23,Korekta_SHZT_2026-2027
2408,1,,IRE 4 Śląski,Będzin - Sosnowiec Główny,3,306.150,308.500,modernizacja torów i obiektów inżynieryjnych,,,4560,,60,"ruch dwutorowy po
torach czynnych 2,
4",2026-12-13,2027-06-21,Korekta_SHZT_2026-2027
2409,1,,IRE 4 Śląski,Będzin - Sosnowiec Główny,4,306.150,308.500,przerwa technologiczna,,,764,,60,"przerwa w ruchu
w wymiarze 4h",2026-12-13,2027-06-21,Korekta_SHZT_2026-2027
2410,1,,IRE 4 Śląski,Będzin - Sosnowiec Główny,1,306.150,308.500,modernizacja torów i obiektów inżynieryjnych,,,1392,,60,"ruch jednotorowy
dwukierunkowy",2027-04-24,2027-06-21,Korekta_SHZT_2026-2027
2411,1,,IRE 4 Śląski,Będzin - Sosnowiec Główny,2,306.150,308.500,przerwa technologiczna,,,236,,60,"ruch jednotorowy
dwukierunkowy po
torze czynnym nr 4
LK 659
w wymiarze 4h",2027-04-24,2027-06-21,Korekta_SHZT_2026-2027
2412,1,,IRE 4 Śląski,Sosnowiec Główny - Sosnowiec Główny,"1,2",308.400,309.800,modernizacja torów i obiektów inżynieryjnych,,,3144,,60,"ruch po czynnych
torach w stacji",2026-12-13,2027-04-23,Korekta_SHZT_2026-2027
2413,1,,IRE 4 Śląski,Sosnowiec Główny - Sosnowiec Główny,"3,5a",308.400,309.800,modernizacja torów i obiektów inżynieryjnych,,,3144,,60,"ruch po czynnych
torach w stacji",2026-12-13,2027-04-23,Korekta_SHZT_2026-2027
2414,1,,IRE 4 Śląski,Sosnowiec Główny - Sosnowiec Główny,1,308.400,309.800,modernizacja torów i obiektów inżynieryjnych,,,1392,,60,"ruch po czynnych
torach w stacji",2027-04-24,2027-06-21,Korekta_SHZT_2026-2027
2415,1,,IRE 4 Śląski,Sosnowiec Główny - Sosnowiec Główny,2,308.400,309.800,przerwa technologiczna,,,236,,60,"ruch po nowych
torach
nieparzystych przy
nowym peronie nr
3
w wymiarze 4h",2027-04-24,2027-06-21,Korekta_SHZT_2026-2027
2416,1,,IRE 4 Śląski,Sosnowiec Gł. - K-ce Szopienice Płd.,"1,2",309.544,312.913,modernizacja torów i obiektów inżynieryjnych,,,8712,,40,"po torze czynnym
nr 1 LK 660 i torem
nr 2 LK 659",2026-12-13,2027-12-11,Korekta_SHZT_2026-2027
2417,1,,IRE 4 Śląski,Sosnowiec Główny - Katowice Zawodzie,"1,2",310.900,312.200,modernizacja torów i obiektów inżynieryjnych,,,3144,,60,"ruch jednotorowy
dwukierunkowy po
torze czynnym LK
660",2026-12-13,2027-04-23,Korekta_SHZT_2026-2027
2418,1,,IRE 4 Śląski,Sosnowiec Główny - Katowice Zawodzie,4,310.900,312.200,przerwa technologiczna,,,1146,,60,"ruch jednotorowy
dwukierunkowy po
torze czynnym LK
660
w wymiarze 6h",2026-12-13,2027-06-21,Korekta_SHZT_2026-2027
2419,1,,IRE 4 Śląski,"Katowice Szopienice
Płd. - K-ce Zawodzie",2,312.710,314.490,modernizacja torów i obiektów inżynieryjnych,,,7752,,40,"po torze czynnym
nr 1 LK 138 i torem
nr 1 LK 659",2026-12-13,2027-11-01,Korekta_SHZT_2026-2027
2420,1,,IRE 4 Śląski,"Katowice Szopienice
Płd. - K-ce Zawodzie",1,312.710,314.490,modernizacja torów i obiektów inżynieryjnych,,,3312,,40,"po torze czynnym
nr 2 LK 138 i torem
nr 1 LK 659",2026-12-13,2027-04-30,Korekta_SHZT_2026-2027
2421,1,,IRE 4 Śląski,Katowice Zawodzie - Katowice Zawodzie,2,314.494,316.200,modernizacja torów i obiektów inżynieryjnych,,,3288,,40,"ruch po czynnych
torach w stacji",2026-12-13,2027-04-29,Korekta_SHZT_2026-2027
2422,1,,IRE 4 Śląski,Katowice Zawodzie - Katowice Zawodzie,1-10,314.494,316.200,przerwa technologiczna,,,2184,,n/d,"przerwa w ruchu
w wymiarze 6h",2026-12-13,2027-12-11,Korekta_SHZT_2026-2027
2423,1,,IRE 4 Śląski,Katowice Zawodzie - Katowice Zawodzie,1,314.494,316.200,modernizacja torów i obiektów inżynieryjnych,,,3696,,40,"ruch po czynnych
torach w stacji",2027-04-30,2027-10-01,Korekta_SHZT_2026-2027
2424,1,,IRE 4 Śląski,Katowice Zawodzie - Katowice Zawodzie,2,314.494,316.200,modernizacja torów i obiektów inżynieryjnych,,,1680,,40,"ruch po czynnych
torach w stacji",2027-10-02,2027-12-11,Korekta_SHZT_2026-2027
2425,1,,IRE 4 Śląski,Katowice Zawodzie - Katowice Zawodzie,3,315.653,315.653,modernizacja torów i obiektów inżynieryjnych,,,3312,,40,"ruch po czynnych
torach w stacji",2026-12-13,2027-04-30,Korekta_SHZT_2026-2027
2426,1,,IRE 4 Śląski,Katowice - Katowice,"4,6,8,10",317.023,318.686,modernizacja torów i obiektów inżynieryjnych,,,3312,,40,"ruch po czynnych
torach w stacji",2026-12-13,2027-04-30,Korekta_SHZT_2026-2027
2427,1,,IRE 4 Śląski,Katowice - Katowice,"1-9,2-10",317.023,318.686,modernizacja torów i obiektów inżynieryjnych,,,2184,,40,"przerwa w ruchu
w wymiarze 6h",2026-12-13,2027-12-11,Korekta_SHZT_2026-2027
2428,1,,IRE 4 Śląski,Katowice - Katowice,"1,2,3,5,7,9",317.023,318.686,modernizacja torów i obiektów inżynieryjnych,,,720,,40,"ruch po czynnych
torach w stacji; tory
z wjazdem od
strony Zachodniej",2027-05-01,2027-05-31,Korekta_SHZT_2026-2027
2429,1,,IRE 4 Śląski,Katowice - Katowice,527,318.378,318.378,modernizacja torów i obiektów inżynieryjnych,,,8712,,40,"ruch po czynnych
torach w stacji",2026-12-13,2027-12-11,Korekta_SHZT_2026-2027
2430,2,,IRE 1 Centralny,"stacja Warszawa
Wschodnia - stacja Warszawa Wschodnia","1, 1a, 2, 2a,
2b, 3, 3a, 4,
4a, 4b, 4c, 51,
52, 53, 54, 6,
8, 10, 12, 1T,
2s, 5a,5b, 40,
41, 44, 61, 63,
81, 74, 72, 70,
18, 16, 14",3.690,4.950,modernizacja torów i obiektów inżynieryjnych,,,8712,,n/d,"ruch po czynnych
torach w stacji",2026-12-13,2027-12-11,Korekta_SHZT_2026-2027
2431,2,,IRE 1 Centralny,Warszawa Centralna - Warszawa Wschodnia,"1Śr, 2Śr",2.700,6.500,modernizacja torów i obiektów inżynieryjnych,,,8712,,n/d,przerwa w ruchu,2026-12-13,2027-12-11,Korekta_SHZT_2026-2027
2432,2,,IRE 1 Centralny,Warszawa Rembertów - Warszawa Rembertów,2m,11.600,11.823,budowa tunelu,,,1292,,50,"ruch po czynnych
torach w stacji
w wymiarze 4h",2026-12-13,2027-10-31,Korekta_SHZT_2026-2027
2433,2,,IRE 1 Centralny,Warszawa Rembertów - Sulejówek Miłosna,1,16.200,16.400,budowa tunelu,,,332,,50,"przerwa w ruchu
w wymiarze 4h",2026-12-13,2027-03-05,Korekta_SHZT_2026-2027
2434,2,,IRE 1 Centralny,Warszawa Rembertów - Sulejówek Miłosna,2,16.200,16.400,budowa tunelu,,,332,,50,"przerwa w ruchu
w wymiarze 4h",2026-12-13,2027-03-05,Korekta_SHZT_2026-2027
2435,3,,IZ Poznań,Koło - Koło,6,175.881,176.786,elektryfikacja toru nr 6,,,384,,n/d,"pozostałe tory w
stacji",2027-09-05,2027-09-21,Korekta_SHZT_2026-2027
2436,3,,IZ Poznań,Konin - Konin,133,205.964,206.347,elektryfikacja toru nr 133,,,120,,n/d,"pozostałe tory w
stacji",2027-09-04,2027-09-09,Korekta_SHZT_2026-2027
2437,3,,IZ Zielona Góra,Zbąszynek - Zbąszynek,1,385.628,387.742,"naprawa wiaduktu w km 386,058",,,264,,n/d,torem 2,2027-08-02,2027-08-13,Korekta_SHZT_2026-2027
2438,3,,IZ Zielona Góra,Zbąszynek - Dąbrówka Zbąska,1,385.628,387.742,"naprawa wiaduktu w km 386,058",,,264,,n/d,torem 2,2027-08-02,2027-08-13,Korekta_SHZT_2026-2027
2439,3,,IZ Zielona Góra,Zbąszynek - Zbąszynek,"2,11,12",385.628,387.742,"naprawa wiaduktu w km 386,058",,,264,,n/d,torem 1,2027-08-19,2027-08-30,Korekta_SHZT_2026-2027
2440,3,,IZ Zielona Góra,Zbąszynek - Dąbrówka Zbąska,2,385.628,387.742,"naprawa wiaduktu w km 386,058",,,264,,n/d,torem 1,2027-08-19,2027-08-30,Korekta_SHZT_2026-2027
2441,7,,IRE 1 Centralny,Warszawa Wawer - Warszawa Falenica,1,13.810,19.519,modernizacja torów i obiektów inżynieryjnych,,,120,,n/d,"przerwa w ruchu
w wymiarze 4h",2026-12-13,2027-01-11,Korekta_SHZT_2026-2027
2442,7,,IRE 1 Centralny,Warszawa Wawer - Warszawa Falenica,1,13.810,19.519,modernizacja torów i obiektów inżynieryjnych,,,7992,,n/d,"ruch jednotorowy
dwukierunkowy",2027-01-12,2027-12-11,Korekta_SHZT_2026-2027
2443,7,,IRE 1 Centralny,Warszawa Wawer - Warszawa Falenica,2,13.810,19.519,modernizacja torów i obiektów inżynieryjnych,,,1336,,n/d,"przerwa w ruchu
w wymiarze 4h",2027-01-12,2027-12-11,Korekta_SHZT_2026-2027
2444,7,,IRE 1 Centralny,Warszawa Międzylesie - Warszawa Falenica,2,15.127,19.519,modernizacja torów i obiektów inżynieryjnych,,,696,,n/d,"ruch jednotorowy
dwukierunkowy",2026-12-13,2027-01-11,Korekta_SHZT_2026-2027
2445,7,,IRE 1 Centralny,Warszawa Falenica - Warszawa Falenica,4,19.519,21.989,modernizacja torów i obiektów inżynieryjnych,,,696,,n/d,"ruch po czynnych
torach w stacji",2026-12-13,2027-01-11,Korekta_SHZT_2026-2027
2446,7,,IRE 1 Centralny,Warszawa Falenica - Warszawa Falenica,2,19.519,21.989,modernizacja torów i obiektów inżynieryjnych,,,696,,n/d,"ruch po czynnych
torach w stacji",2026-12-13,2027-01-11,Korekta_SHZT_2026-2027
2447,7,,IRE 1 Centralny,Warszawa Falenica - Warszawa Falenica,1,19.519,21.989,modernizacja torów i obiektów inżynieryjnych,,,120,,n/d,"przerwa w ruchu
w wymiarze 4h",2026-12-13,2027-01-11,Korekta_SHZT_2026-2027
2448,7,,IRE 1 Centralny,Warszawa Falenica - Warszawa Falenica,3,19.519,21.989,modernizacja torów i obiektów inżynieryjnych,,,7992,,n/d,"ruch po czynnych
torach w stacji",2027-01-12,2027-12-11,Korekta_SHZT_2026-2027
2449,7,,IRE 1 Centralny,Warszawa Falenica - Warszawa Falenica,1,19.519,21.989,modernizacja torów i obiektów inżynieryjnych,,,7992,,n/d,"ruch po czynnych
torach w stacji",2027-01-12,2027-12-11,Korekta_SHZT_2026-2027
2450,7,,IRE 1 Centralny,Warszawa Falenica - Warszawa Falenica,2,19.519,21.989,modernizacja torów i obiektów inżynieryjnych,,,1336,,n/d,"przerwa w ruchu
w wymiarze 4h",2027-01-12,2027-12-11,Korekta_SHZT_2026-2027
2451,7,,IRE 1 Centralny,Warszawa Falenica - Otwock,2,21.989,26.050,modernizacja torów i obiektów inżynieryjnych,,,696,,n/d,"ruch jednotorowy
dwukierunkowy",2026-12-13,2027-01-11,Korekta_SHZT_2026-2027
2452,7,,IRE 1 Centralny,Warszawa Falenica - Otwock,1,21.989,26.050,modernizacja torów i obiektów inżynieryjnych,,,120,,n/d,"przerwa w ruchu
w wymiarze 4h",2026-12-13,2027-01-11,Korekta_SHZT_2026-2027
2453,7,,IRE 1 Centralny,Warszawa Falenica - Otwock,1,21.989,26.050,modernizacja torów i obiektów inżynieryjnych,,,7992,,n/d,"ruch jednotorowy
dwukierunkowy",2027-01-12,2027-12-11,Korekta_SHZT_2026-2027
2454,7,,IRE 1 Centralny,Warszawa Falenica - Otwock,2,21.989,26.050,modernizacja torów i obiektów inżynieryjnych,,,1336,,n/d,"przerwa w ruchu
w wymiarze 4h",2027-01-12,2027-12-11,Korekta_SHZT_2026-2027
2455,8,,IRE 3 Południowy,Skarżysko-Kamienna - Suchedniów,2,139.090,151.929,"Modernizacja linii / przebudowa układu torowego wraz
z pozostałymi elementami infrastruktury",,,2184,,60,"ruch jednotorowy
dwukierunkowy",2027-06-01,2027-08-31,Korekta_SHZT_2026-2027
2456,8,,IRE 3 Południowy,Skarżysko-Kamienna - Suchedniów,1,139.090,151.929,"Modernizacja linii / przebudowa układu torowego wraz
z pozostałymi elementami infrastruktury",,,368,,60,"przerwa w ruchu
w wymiarze 4h",2027-06-01,2027-08-31,Korekta_SHZT_2026-2027
2457,8,,IRE 3 Południowy,Skarżysko-Kamienna - Suchedniów,1,139.090,151.929,"Modernizacja linii / przebudowa układu torowego wraz
z pozostałymi elementami infrastruktury",,,2160,,60,"ruch jednotorowy
dwukierunkowy",2027-09-01,2027-11-30,Korekta_SHZT_2026-2027
2458,8,,IRE 3 Południowy,Skarżysko-Kamienna - Suchedniów,2,139.090,151.929,"Modernizacja linii / przebudowa układu torowego wraz
z pozostałymi elementami infrastruktury",,,364,,60,"przerwa w ruchu
w wymiarze 4h",2027-09-01,2027-11-30,Korekta_SHZT_2026-2027
2459,8,,IRE 3 Południowy,Suchedniów - Suchedniów,5,151.831,152.299,"Modernizacja linii / przebudowa układu torowego wraz
z pozostałymi elementami infrastruktury",,,240,,60,"ruch po torach
czynnych w stacji",2027-12-01,2027-12-11,Korekta_SHZT_2026-2027
2460,8,,IRE 3 Południowy,Suchedniów - Suchedniów,2,151.929,152.700,"Modernizacja linii / przebudowa układu torowego wraz
z pozostałymi elementami infrastruktury",,,4368,,60,"ruch po torach
czynnych w stacji",2027-06-01,2027-11-30,Korekta_SHZT_2026-2027
2461,8,,IRE 3 Południowy,Suchedniów - Suchedniów,1,151.929,152.700,"Modernizacja linii / przebudowa układu torowego wraz
z pozostałymi elementami infrastruktury",,,732,,60,"przerwa w ruchu
w wymiarze 4h",2027-06-01,2027-11-30,Korekta_SHZT_2026-2027
2462,8,,IRE 3 Południowy,Suchedniów - Suchedniów,4,151.929,152.762,"Modernizacja linii / przebudowa układu torowego wraz
z pozostałymi elementami infrastruktury",,,4368,,60,"ruch po torach
czynnych w stacji",2027-06-01,2027-11-30,Korekta_SHZT_2026-2027
2463,8,,IRE 3 Południowy,Suchedniów - Suchedniów,1,151.929,152.950,"Modernizacja linii / przebudowa układu torowego wraz
z pozostałymi elementami infrastruktury",,,240,,60,"ruch po torach
czynnych w stacji",2027-12-01,2027-12-11,Korekta_SHZT_2026-2027
2464,8,,IRE 3 Południowy,Suchedniów - Suchedniów,2,151.929,152.950,"Modernizacja linii / przebudowa układu torowego wraz
z pozostałymi elementami infrastruktury",,,44,,60,"przerwa w ruchu
w wymiarze 4h",2027-12-01,2027-12-11,Korekta_SHZT_2026-2027
2465,8,,IRE 3 Południowy,Suchedniów - Suchedniów,3,151.929,152.681,"Modernizacja linii / przebudowa układu torowego wraz
z pozostałymi elementami infrastruktury",,,240,,60,"ruch po torach
czynnych w stacji",2027-12-01,2027-12-11,Korekta_SHZT_2026-2027
2466,8,,IRE 3 Południowy,Suchedniów - Suchedniów,6,151.979,152.567,"Modernizacja linii / przebudowa układu torowego wraz
z pozostałymi elementami infrastruktury",,,4368,,60,"ruch po torach
czynnych w stacji",2027-06-01,2027-11-30,Korekta_SHZT_2026-2027
2467,8,,IRE 3 Południowy,Suchedniów - Suchedniów,16,152.567,152.757,"Modernizacja linii / przebudowa układu torowego wraz
z pozostałymi elementami infrastruktury",,,4368,,60,"ruch po torach
czynnych w stacji",2027-06-01,2027-11-30,Korekta_SHZT_2026-2027
2468,8,,IRE 3 Południowy,Suchedniów - Suchedniów,"23, 25, 27, 15,
103",152.800,153.100,"Modernizacja linii / przebudowa układu torowego wraz
z pozostałymi elementami infrastruktury",,,8712,,60,"ruch po torach
czynnych w stacji",2026-12-13,2027-12-11,Korekta_SHZT_2026-2027
2469,8,,IRE 3 Południowy,Suchedniów - Łączna,2,152.950,159.200,"Modernizacja linii / przebudowa układu torowego wraz
z pozostałymi elementami infrastruktury",,,4032,,60,"ruch jednotorowy
dwukierunkowy",2026-12-13,2027-05-30,Korekta_SHZT_2026-2027
2470,8,,IRE 3 Południowy,Suchedniów - Łączna,1,152.950,159.200,"Modernizacja linii / przebudowa układu torowego wraz
z pozostałymi elementami infrastruktury",,,676,,60,"przerwa w ruchu
w wymiarze 4h",2026-12-13,2027-05-30,Korekta_SHZT_2026-2027
2471,8,,IRE 3 Południowy,Łączna - Łączna,2,159.200,160.650,"Modernizacja linii / przebudowa układu torowego wraz
z pozostałymi elementami infrastruktury",,,4032,,60,"ruch po torach
czynnych w stacji",2026-12-13,2027-05-30,Korekta_SHZT_2026-2027
2472,8,,IRE 3 Południowy,Łączna - Łączna,1,159.200,160.650,"Modernizacja linii / przebudowa układu torowego wraz
z pozostałymi elementami infrastruktury",,,676,,60,"przerwa w ruchu
w wymiarze 4h",2026-12-13,2027-05-30,Korekta_SHZT_2026-2027
2473,8,,IRE 3 Południowy,Łączna - Łączna,202,159.634,160.500,"Modernizacja linii / przebudowa układu torowego wraz
z pozostałymi elementami infrastruktury",,,4032,,60,"ruch po torach
czynnych w stacji",2026-12-13,2027-05-30,Korekta_SHZT_2026-2027
2474,8,,IRE 3 Południowy,Łączna - Łączna,4,159.673,160.527,"Modernizacja linii / przebudowa układu torowego wraz
z pozostałymi elementami infrastruktury",,,4032,,60,"ruch po torach
czynnych w stacji",2026-12-13,2027-05-30,Korekta_SHZT_2026-2027
2475,8,,IRE 3 Południowy,Łączna - Łączna,8,159.722,160.489,"Modernizacja linii / przebudowa układu torowego wraz
z pozostałymi elementami infrastruktury",,,4032,,60,"ruch po torach
czynnych w stacji",2026-12-13,2027-05-30,Korekta_SHZT_2026-2027
2476,8,,IRE 3 Południowy,Łączna - Łączna,14,159.722,160.500,"Modernizacja linii / przebudowa układu torowego wraz
z pozostałymi elementami infrastruktury",,,4032,,60,"ruch po torach
czynnych w stacji",2026-12-13,2027-05-30,Korekta_SHZT_2026-2027
2477,8,,IRE 3 Południowy,Łączna - Zagnańsk,2,160.650,170.200,"Modernizacja linii / przebudowa układu torowego wraz
z pozostałymi elementami infrastruktury",,,4032,,60,"ruch jednotorowy
dwukierunkowy",2026-12-13,2027-05-30,Korekta_SHZT_2026-2027
2478,8,,IRE 3 Południowy,Łączna - Zagnańsk,1,160.650,170.200,"Modernizacja linii / przebudowa układu torowego wraz
z pozostałymi elementami infrastruktury",,,676,,60,"przerwa w ruchu
w wymiarze 4h",2026-12-13,2027-05-30,Korekta_SHZT_2026-2027
2479,8,,IRE 3 Południowy,Zagnańsk - Zagnańsk,"401, 14, 16",168.100,170.200,"Modernizacja linii / przebudowa układu torowego wraz
z pozostałymi elementami infrastruktury",,,4032,,60,"ruch po torach
czynnych w stacji",2026-12-13,2027-05-30,Korekta_SHZT_2026-2027
2480,8,,IRE 3 Południowy,Zagnańsk - Zagnańsk,2,170.200,171.700,"Modernizacja linii / przebudowa układu torowego wraz
z pozostałymi elementami infrastruktury",,,4032,,60,"ruch po torach
czynnych w stacji",2026-12-13,2027-05-30,Korekta_SHZT_2026-2027
2481,8,,IRE 3 Południowy,Zagnańsk - Zagnańsk,1,170.200,171.700,"Modernizacja linii / przebudowa układu torowego wraz
z pozostałymi elementami infrastruktury",,,676,,60,"przerwa w ruchu
w wymiarze 4h",2026-12-13,2027-05-30,Korekta_SHZT_2026-2027
2482,8,,IRE 3 Południowy,Zagnańsk - Zagnańsk,6,170.571,171.395,"Modernizacja linii / przebudowa układu torowego wraz
z pozostałymi elementami infrastruktury",,,7008,,60,"ruch po torach
czynnych w stacji",2026-12-13,2027-10-01,Korekta_SHZT_2026-2027
2483,8,,IRE 3 Południowy,Zagnańsk - Zagnańsk,"8, 10",170.650,171.410,"Modernizacja linii / przebudowa układu torowego wraz
z pozostałymi elementami infrastruktury",,,7008,,60,"ruch po torach
czynnych w stacji",2026-12-13,2027-10-01,Korekta_SHZT_2026-2027
2484,8,,IRE 3 Południowy,Zagnańsk - Zagnańsk,"4, 22",170.650,171.410,"Modernizacja linii / przebudowa układu torowego wraz
z pozostałymi elementami infrastruktury",,,4032,,60,"ruch po torach
czynnych w stacji",2026-12-13,2027-05-30,Korekta_SHZT_2026-2027
2485,8,,IRE 3 Południowy,Zagnańsk - Zagnańsk,12,170.680,170.380,"Modernizacja linii / przebudowa układu torowego wraz
z pozostałymi elementami infrastruktury",,,7008,,60,"ruch po torach
czynnych w stacji",2026-12-13,2027-10-01,Korekta_SHZT_2026-2027
2486,8,,IRE 3 Południowy,Zagnańsk - Kostomłoty,2,171.700,172.200,"Modernizacja linii / przebudowa układu torowego wraz
z pozostałymi elementami infrastruktury",,,2160,,60,"ruch jednotorowy
dwukierunkowy",2027-09-01,2027-11-30,Korekta_SHZT_2026-2027
2487,8,,IRE 3 Południowy,Zagnańsk - Kostomłoty,1,171.700,172.200,"Modernizacja linii / przebudowa układu torowego wraz
z pozostałymi elementami infrastruktury",,,364,,60,"przerwa w ruchu
w wymiarze 4h",2027-09-01,2027-11-30,Korekta_SHZT_2026-2027
2488,8,,IRE 3 Południowy,Zagnańsk - Kostomłoty,1,171.800,182.060,"Modernizacja linii / przebudowa układu torowego wraz
z pozostałymi elementami infrastruktury",,,2184,,60,"ruch jednotorowy
dwukierunkowy",2027-06-01,2027-08-31,Korekta_SHZT_2026-2027
2489,8,,IRE 3 Południowy,Zagnańsk - Kostomłoty,2,171.800,182.060,"Modernizacja linii / przebudowa układu torowego wraz
z pozostałymi elementami infrastruktury",,,368,,60,"przerwa w ruchu
w wymiarze 4h",2027-06-01,2027-08-31,Korekta_SHZT_2026-2027
2490,8,,OBCY,Piaski - Kielce Główne,1,185.500,187.672,"Rozbiórka i budowa nowego wiaduktu kolejowego Wk-
1 w ciągu linii Nr 8 w km 185.950 - 186.100",,,1224,,n/d,"Jednotorowy
dwukierunkowy",2026-12-13,2027-02-02,Korekta_SHZT_2026-2027
2491,8,,OBCY,Kielce Główne - Piaski,2,185.500,187.672,"Rozbiórka i budowa nowego wiaduktu kolejowego Wk-
1 w ciągu linii Nr 8 w km 185.950 - 186.100",,,6072,,n/d,"Jednotorowy
dwukierunkowy",2027-04-02,2027-12-11,Korekta_SHZT_2026-2027
2492,8,,OBCY,Kielce Główne - Kielce Główne,"4,6,14",187.672,187.672,"Rozbiórka i budowa nowego wiaduktu kolejowego Wk-
1 w ciągu linii Nr 8 w km 185.950 - 186.100",,,6072,,n/d,Po torach czynnych,2027-04-02,2027-12-11,Korekta_SHZT_2026-2027
2493,8,,IRE 3 Południowy,Sitkówka Nowiny - Radkowice,2,199.910,200.262,"Modernizacja linii / przebudowa układu torowego wraz
z pozostałymi elementami infrastruktury",,,600,,n/d,"przerwa w ruchu
w wymiarze 4h",2027-01-02,2027-05-31,Korekta_SHZT_2026-2027
2494,8,,IRE 3 Południowy,Sitkówka Nowiny - Radkowice,1,199.910,200.262,"Modernizacja linii / przebudowa układu torowego wraz
z pozostałymi elementami infrastruktury",,,3576,,100,"ruch jednotorowy
dwukierunkowy",2027-01-02,2027-05-31,Korekta_SHZT_2026-2027
2495,8,,IRE 3 Południowy,Sitkówka Nowiny - Radkowice,2,199.910,200.262,"Modernizacja linii / przebudowa układu torowego wraz
z pozostałymi elementami infrastruktury",,,3600,,100,"ruch jednotorowy
dwukierunkowy",2027-06-01,2027-10-29,Korekta_SHZT_2026-2027
2496,8,,IRE 3 Południowy,Sitkówka Nowiny - Radkowice,1,199.910,200.262,"Modernizacja linii / przebudowa układu torowego wraz
z pozostałymi elementami infrastruktury",,,604,,n/d,"przerwa w ruchu
w wymiarze 4h",2027-06-01,2027-10-29,Korekta_SHZT_2026-2027
2497,8,,IRE 3 Południowy,Radkowice - Radkowice,2,200.262,202.453,"Modernizacja linii / przebudowa układu torowego wraz
z pozostałymi elementami infrastruktury",,,600,,n/d,"przerwa w ruchu
w wymiarze 4h",2027-01-02,2027-05-31,Korekta_SHZT_2026-2027
2498,8,,IRE 3 Południowy,Radkowice - Radkowice,1,200.262,202.453,"Modernizacja linii / przebudowa układu torowego wraz
z pozostałymi elementami infrastruktury",,,3576,,100,"ruch po torach
czynnych w stacji",2027-01-02,2027-05-31,Korekta_SHZT_2026-2027
2499,8,,IRE 3 Południowy,Radkowice - Radkowice,1,202.262,202.453,"Modernizacja linii / przebudowa układu torowego wraz
z pozostałymi elementami infrastruktury",,,604,,n/d,"przerwa w ruchu
w wymiarze 4h",2027-06-01,2027-10-29,Korekta_SHZT_2026-2027
2500,8,,IRE 3 Południowy,Radkowice - Radkowice,"2, 4",202.262,202.453,"Modernizacja linii / przebudowa układu torowego wraz
z pozostałymi elementami infrastruktury",,,3600,,100,"ruch po torach
czynnych w stacji",2027-06-01,2027-10-29,Korekta_SHZT_2026-2027
2501,8,,IRE 3 Południowy,Radkowice - Wolica,1,202.453,206.597,"Modernizacja linii / przebudowa układu torowego wraz
z pozostałymi elementami infrastruktury",,,76,,n/d,"przerwa w ruchu
w wymiarze 4h",2026-12-13,2026-12-31,Korekta_SHZT_2026-2027
2502,8,,IRE 3 Południowy,Radkowice - Wolica,2,202.453,206.597,"Modernizacja linii / przebudowa układu torowego wraz
z pozostałymi elementami infrastruktury",,,432,,100,"ruch jednotorowy
dwukierunkowy",2026-12-13,2026-12-31,Korekta_SHZT_2026-2027
2503,8,,IRE 3 Południowy,Radkowice - Radkowice,1,202.453,206.597,"Modernizacja linii / przebudowa układu torowego wraz
z pozostałymi elementami infrastruktury",,,76,,n/d,"przerwa w ruchu
w wymiarze 4h",2026-12-13,2026-12-31,Korekta_SHZT_2026-2027
2504,8,,IRE 3 Południowy,Radkowice - Radkowice,2,202.453,206.597,"Modernizacja linii / przebudowa układu torowego wraz
z pozostałymi elementami infrastruktury",,,432,,100,"ruch jednotorowy
dwukierunkowy",2026-12-13,2026-12-31,Korekta_SHZT_2026-2027
2505,8,,IRE 3 Południowy,Radkowice - Wolica,1,202.453,206.597,"Modernizacja linii / przebudowa układu torowego wraz
z pozostałymi elementami infrastruktury",,,3576,,100,"ruch jednotorowy
dwukierunkowy",2027-01-02,2027-05-31,Korekta_SHZT_2026-2027
2506,8,,IRE 3 Południowy,Radkowice - Wolica,2,202.453,206.597,"Modernizacja linii / przebudowa układu torowego wraz
z pozostałymi elementami infrastruktury",,,600,,n/d,"przerwa w ruchu
w wymiarze 4h",2027-01-02,2027-05-31,Korekta_SHZT_2026-2027
2507,8,,IRE 3 Południowy,Radkowice - Wolica,2,202.453,206.597,"Modernizacja linii / przebudowa układu torowego wraz
z pozostałymi elementami infrastruktury",,,3600,,100,"ruch jednotorowy
dwukierunkowy",2027-06-01,2027-10-29,Korekta_SHZT_2026-2027
2508,8,,IRE 3 Południowy,Radkowice - Wolica,1,202.453,206.597,"Modernizacja linii / przebudowa układu torowego wraz
z pozostałymi elementami infrastruktury",,,604,,n/d,"przerwa w ruchu
w wymiarze 4h",2027-06-01,2027-10-29,Korekta_SHZT_2026-2027
2509,8,,IRE 3 Południowy,Radkowice - Wolica,2,202.453,206.597,"Modernizacja linii / przebudowa układu torowego wraz
z pozostałymi elementami infrastruktury",,,116,,n/d,"przerwa w ruchu
w wymiarze 4h",2027-11-02,2027-11-30,Korekta_SHZT_2026-2027
2510,8,,IRE 3 Południowy,Radkowice - Wolica,1,202.453,206.597,"Modernizacja linii / przebudowa układu torowego wraz
z pozostałymi elementami infrastruktury",,,672,,100,"ruch jednotorowy
dwukierunkowy",2027-11-02,2027-11-30,Korekta_SHZT_2026-2027
2511,8,,IRE 3 Południowy,Wolica - Wolica,2,206.597,209.053,"Modernizacja linii / przebudowa układu torowego wraz
z pozostałymi elementami infrastruktury",,,160,,n/d,"przerwa w ruchu
w wymiarze 4h",2027-11-02,2027-12-11,Korekta_SHZT_2026-2027
2512,8,,IRE 3 Południowy,Wolica - Wolica,"1, 3, 3a, 3b, 5,
7, 101",206.597,209.053,"Modernizacja linii / przebudowa układu torowego wraz
z pozostałymi elementami infrastruktury",,,936,,100,"ruch po torach
czynnych w stacji",2027-11-02,2027-12-11,Korekta_SHZT_2026-2027
2513,8,,IRE 3 Południowy,Wolica - Sobków,1,209.053,211.687,"Modernizacja linii / przebudowa układu torowego wraz
z pozostałymi elementami infrastruktury",,,4056,,100,"ruch jednotorowy
dwukierunkowy",2026-12-13,2027-05-31,Korekta_SHZT_2026-2027
2514,8,,IRE 3 Południowy,Wolica - Sobków,2,209.053,211.687,"Modernizacja linii / przebudowa układu torowego wraz
z pozostałymi elementami infrastruktury",,,680,,n/d,"przerwa w ruchu
w wymiarze 4h",2026-12-13,2027-05-31,Korekta_SHZT_2026-2027
2515,8,,IRE 3 Południowy,Wolica - Sobków,2,209.053,211.687,"Modernizacja linii / przebudowa układu torowego wraz
z pozostałymi elementami infrastruktury",,,1416,,100,"ruch jednotorowy
dwukierunkowy",2027-06-01,2027-07-30,Korekta_SHZT_2026-2027
2516,8,,IRE 3 Południowy,Wolica - Sobków,1,209.053,211.687,"Modernizacja linii / przebudowa układu torowego wraz
z pozostałymi elementami infrastruktury",,,240,,n/d,"przerwa w ruchu
w wymiarze 4h",2027-06-01,2027-07-30,Korekta_SHZT_2026-2027
2517,8,,IRE 3 Południowy,Wolica - Sobków,2,209.053,211.687,"Modernizacja linii / przebudowa układu torowego wraz
z pozostałymi elementami infrastruktury",,,44,,n/d,"przerwa w ruchu
w wymiarze 4h",2027-12-01,2027-12-11,Korekta_SHZT_2026-2027
2518,8,,IRE 3 Południowy,Wolica - Sobków,1,209.053,211.687,"Modernizacja linii / przebudowa układu torowego wraz
z pozostałymi elementami infrastruktury",,,240,,100,"ruch jednotorowy
dwukierunkowy",2027-12-01,2027-12-11,Korekta_SHZT_2026-2027
2519,8,,IRE 3 Południowy,Sobków - Sobków,1,211.687,213.510,"Modernizacja linii / przebudowa układu torowego wraz
z pozostałymi elementami infrastruktury",,,4056,,100,"ruch po torach
czynnych w stacji",2026-12-13,2027-05-31,Korekta_SHZT_2026-2027
2520,8,,IRE 3 Południowy,Sobków - Sobków,2,211.687,213.510,"Modernizacja linii / przebudowa układu torowego wraz
z pozostałymi elementami infrastruktury",,,680,,n/d,"przerwa w ruchu
w wymiarze 4h",2026-12-13,2027-05-31,Korekta_SHZT_2026-2027
2521,8,,IRE 3 Południowy,Sobków - Sobków,"2, 4",211.687,213.510,"Modernizacja linii / przebudowa układu torowego wraz
z pozostałymi elementami infrastruktury",,,4368,,100,"ruch po torach
czynnych w stacji",2027-06-01,2027-11-30,Korekta_SHZT_2026-2027
2522,8,,IRE 3 Południowy,Sobków - Sobków,1,211.687,213.510,"Modernizacja linii / przebudowa układu torowego wraz
z pozostałymi elementami infrastruktury",,,732,,n/d,"przerwa w ruchu
w wymiarze 4h",2027-06-01,2027-11-30,Korekta_SHZT_2026-2027
2523,8,,IRE 3 Południowy,Sobków - Miąsowa,2,213.510,218.452,"Modernizacja linii / przebudowa układu torowego wraz
z pozostałymi elementami infrastruktury",,,680,,n/d,"przerwa w ruchu
w wymiarze 4h",2026-12-13,2027-05-31,Korekta_SHZT_2026-2027
2524,8,,IRE 3 Południowy,Sobków - Miąsowa,1,213.510,218.452,"Modernizacja linii / przebudowa układu torowego wraz
z pozostałymi elementami infrastruktury",,,4056,,100,"ruch jednotorowy
dwukierunkowy",2026-12-13,2027-05-31,Korekta_SHZT_2026-2027
2525,8,,IRE 3 Południowy,Sobków - Miąsowa,1,213.510,218.452,"Modernizacja linii / przebudowa układu torowego wraz
z pozostałymi elementami infrastruktury",,,732,,n/d,"przerwa w ruchu
w wymiarze 4h",2027-06-01,2027-11-30,Korekta_SHZT_2026-2027
2526,8,,IRE 3 Południowy,Sobków - Miąsowa,2,213.510,218.452,"Modernizacja linii / przebudowa układu torowego wraz
z pozostałymi elementami infrastruktury",,,4368,,100,"ruch jednotorowy
dwukierunkowy",2027-06-01,2027-11-30,Korekta_SHZT_2026-2027
2527,8,,IRE 3 Południowy,Miąsowa - Jędrzów,2,220.828,230.818,"Modernizacja linii / przebudowa układu torowego wraz
z pozostałymi elementami infrastruktury",,,4776,,100,"ruch jednotorowy
dwukierunkowy",2026-12-13,2027-06-30,Korekta_SHZT_2026-2027
2528,8,,IRE 3 Południowy,Miąsowa - Jędrzów,2,220.828,230.818,"Modernizacja linii / przebudowa układu torowego wraz
z pozostałymi elementami infrastruktury",,,656,,n/d,"przerwa w ruchu
w wymiarze 4h",2027-07-01,2027-12-11,Korekta_SHZT_2026-2027
2529,8,,IRE 3 Południowy,Miąsowa - Jędrzów,1,220.828,230.818,"Modernizacja linii / przebudowa układu torowego wraz
z pozostałymi elementami infrastruktury",,,3912,,100,"ruch jednotorowy
dwukierunkowy",2027-07-01,2027-12-11,Korekta_SHZT_2026-2027
2530,8,,IRE 3 Południowy,Miąsowa - Jędrzów,1,230.818,232.911,"Modernizacja linii / przebudowa układu torowego wraz
z pozostałymi elementami infrastruktury",,,800,,n/d,"przerwa w ruchu
w wymiarze 4h",2026-12-13,2027-06-30,Korekta_SHZT_2026-2027
2531,8,,IRE 3 Południowy,Jędrzejów - Jędrzów,"1, 3, 3a, 3, 5,
5c",230.818,232.911,"Modernizacja linii / przebudowa układu torowego wraz
z pozostałymi elementami infrastruktury",,,800,,n/d,"przerwa w ruchu
w wymiarze 4h",2026-12-13,2027-06-30,Korekta_SHZT_2026-2027
2532,8,,IRE 3 Południowy,Jędrzejów - Jędrzejów,2,230.818,232.911,"Modernizacja linii / przebudowa układu torowego wraz
z pozostałymi elementami infrastruktury",,,4776,,100,"ruch po torach
czynnych w stacji",2026-12-13,2027-06-30,Korekta_SHZT_2026-2027
2533,8,,IRE 3 Południowy,Jędrzejów - Jędrzów,2,230.818,232.911,"Modernizacja linii / przebudowa układu torowego wraz
z pozostałymi elementami infrastruktury",,,656,,n/d,"przerwa w ruchu
w wymiarze 4h",2027-07-01,2027-12-11,Korekta_SHZT_2026-2027
2534,8,,IRE 3 Południowy,Jędrzejów - Jędrzejów,"1, 3, 3a, 3, 5,
5c",230.818,232.911,"Modernizacja linii / przebudowa układu torowego wraz
z pozostałymi elementami infrastruktury",,,3912,,100,"ruch po torach
czynnych w stacji",2027-07-01,2027-12-11,Korekta_SHZT_2026-2027
2535,8,,IRE 3 Południowy,Jędrzejów - Sędziszów,1,232.911,248.773,"Modernizacja linii / przebudowa układu torowego wraz
z pozostałymi elementami infrastruktury",,,800,,n/d,"przerwa w ruchu
w wymiarze 4h",2026-12-13,2027-06-30,Korekta_SHZT_2026-2027
2536,8,,IRE 3 Południowy,Jędrzejów - Sędziszów,2,232.911,248.773,"Modernizacja linii / przebudowa układu torowego wraz
z pozostałymi elementami infrastruktury",,,4776,,100,"ruch jednotorowy
dwukierunkowy",2026-12-13,2027-06-30,Korekta_SHZT_2026-2027
2537,8,,IRE 3 Południowy,Jędrzejów - Sędziszów,2,232.911,248.773,"Modernizacja linii / przebudowa układu torowego wraz
z pozostałymi elementami infrastruktury",,,656,,n/d,"przerwa w ruchu
w wymiarze 4h",2027-07-01,2027-12-11,Korekta_SHZT_2026-2027
2538,8,,IRE 3 Południowy,Jędrzejów - Sędziszów,1,232.911,248.773,"Modernizacja linii / przebudowa układu torowego wraz
z pozostałymi elementami infrastruktury",,,3912,,100,"ruch jednotorowy
dwukierunkowy",2027-07-01,2027-12-11,Korekta_SHZT_2026-2027
2539,9,,IRE 1 Centralny,Warszawa Wschodnia - Warszawa Praga,"1WS, 2WS",4.407,5.500,modernizacja torów i obiektów inżynieryjnych,,,8712,,n/d,przerwa w ruchu,2026-12-13,2027-12-11,Korekta_SHZT_2026-2027
2540,9,,IRE 1 Centralny,"Nowy Dwór Mazowiecki - Modlin oraz toru 1 na st.
Modlin.",1,40.991,44.106,"budowa dwutorowej zelektryfikowanej linii kolejowej od
stacji Modlin do projektowanej stacji kolejowej MPL
Warszawa Modlin wraz z infrastruktura towarzyszącą;
•budowa dwukrawędziowego (wyspowego) peronu na
projektowanej MPL Warszawa Modlin wraz z
infrastrukturą towarzyszącą;
•rozbudowa istniejącej stacji kolejowej Modlin o
dodatkowy tor oraz peron pasażerski;",,,244,,n/d,"ruch jednotorowy
dwukierunkowy
w wymiarze 4h",2027-04-18,2027-06-17,Korekta_SHZT_2026-2027
2541,9,,IRE 1 Centralny,Stacja Modlin - Stacja Modlin,2,44.000,44.600,"budowa dwutorowej zelektryfikowanej linii kolejowej od
stacji Modlin do projektowanej stacji kolejowej MPL
Warszawa Modlin wraz z infrastruktura towarzyszącą;
•budowa dwukrawędziowego (wyspowego) peronu na
projektowanej MPL Warszawa Modlin wraz z
infrastrukturą towarzyszącą;
•rozbudowa istniejącej stacji kolejowej Modlin o
dodatkowy tor oraz peron pasażerski;",,,184,,n/d,"ruch po czynnych
torach w stacji
w wymiarze 4h",2027-09-25,2027-11-09,Korekta_SHZT_2026-2027
2542,9,,OBCY,Iława Gł. - Redaki,1i2,208.976,225.114,"Budowa tunelu w km 210,394 faza 0",,,35,,n/d,"przerwa w ruchu
w wymiarze 3,5h",2027-09-06,2027-09-07,Korekta_SHZT_2026-2027
2543,9,,OBCY,Iława Gł. - Redaki,1,208.976,225.114,"budowa tunelu w km 210,394 faza 1",,,960,,n/d,tor nr 2,2027-09-08,2027-10-18,Korekta_SHZT_2026-2027
2544,9,,OBCY,Iława Gł. - Redaki,2,208.976,225.114,"budowa tunelu w km 210,394 faza 2",,,840,,n/d,tor nr 1,2027-10-19,2027-11-23,Korekta_SHZT_2026-2027
2545,9,,OBCY,Iława Gł. - Redaki,2,210.384,210.415,"budowa tunelu w km 210,394 faza 1",,,960,,60 km,tor nr 2,2027-09-08,2027-10-18,Korekta_SHZT_2026-2027
2546,9,,OBCY,Iława Gł. - Redaki,1,210.384,210.415,"budowa tunelu w km 210,394 faza 2",,,840,,40 km,tor nr 1,2027-10-19,2027-11-23,Korekta_SHZT_2026-2027
2547,9,,OBCY,Iława Gł. - Redaki,1 i 2,210.384,210.415,"Budowa tunelu w km 210,394 faza 3",,,408,,40 km,tor nr 1 i 2,2027-11-24,2027-12-11,Korekta_SHZT_2026-2027
2548,12,,IRE 1 Centralny,Skierniewice - Puszcza Mariańska,1,-0.407,12.215,modernizacja torów i obiektów inżynieryjnych,,,228,,n/d,"przerwa w ruchu
w wymiarze 4h",2027-10-16,2027-12-11,Korekta_SHZT_2026-2027
2549,12,,IRE 1 Centralny,Skierniewice - Puszcza Mariańska,2,-0.407,12.215,modernizacja torów i obiektów inżynieryjnych,,,1344,,n/d,"ruch jednotorowy
dwukierunkowy",2027-10-16,2027-12-11,Korekta_SHZT_2026-2027
2550,12,,IRE 1 Centralny,Puszcza Mariańska - Mszczonów,2,15.325,24.454,modernizacja torów i obiektów inżynieryjnych,,,3048,,n/d,"ruch jednotorowy
dwukierunkowy",2026-12-13,2027-04-19,Korekta_SHZT_2026-2027
2551,12,,IRE 1 Centralny,Puszcza Mariańska - Mszczonów,1,15.325,24.454,modernizacja torów i obiektów inżynieryjnych,,,512,,n/d,"przerwa w ruchu
w wymiarze 4h",2026-12-13,2027-04-19,Korekta_SHZT_2026-2027
2552,12,,IRE 1 Centralny,Puszcza Mariańska - Mszczonów,1,15.325,24.454,modernizacja torów i obiektów inżynieryjnych,,,3480,,n/d,"ruch jednotorowy
dwukierunkowy",2027-04-20,2027-09-12,Korekta_SHZT_2026-2027
2553,12,,IRE 1 Centralny,Puszcza Mariańska - Mszczonów,2,15.325,24.454,modernizacja torów i obiektów inżynieryjnych,,,584,,n/d,"przerwa w ruchu
w wymiarze 4h",2027-04-20,2027-09-12,Korekta_SHZT_2026-2027
2554,12,,IRE 1 Centralny,Marków - Mszczonów,1,24.682,25.610,modernizacja torów i obiektów inżynieryjnych,,,512,,n/d,"przerwa w ruchu
w wymiarze 4h",2026-12-13,2027-04-19,Korekta_SHZT_2026-2027
2555,12,,IRE 1 Centralny,Marków - Mszczonów,2,24.682,25.610,modernizacja torów i obiektów inżynieryjnych,,,3048,,n/d,"ruch jednotorowy
dwukierunkowy",2026-12-13,2027-04-19,Korekta_SHZT_2026-2027
2556,12,,IRE 1 Centralny,Marków - Mszczonów,2,24.682,25.610,modernizacja torów i obiektów inżynieryjnych,,,584,,n/d,"przerwa w ruchu
w wymiarze 4h",2027-04-20,2027-09-12,Korekta_SHZT_2026-2027
2557,12,,IRE 1 Centralny,Marków - Mszczonów,1,24.682,25.610,modernizacja torów i obiektów inżynieryjnych,,,3480,,n/d,"ruch jednotorowy
dwukierunkowy",2027-04-20,2027-09-12,Korekta_SHZT_2026-2027
2558,12,,IRE 1 Centralny,stacja Mszczonów - stacja Mszczonów,"1,3",25.610,29.970,modernizacja torów i obiektów inżynieryjnych,,,512,,n/d,"przerwa w ruchu
w wymiarze 4h",2026-12-13,2027-04-19,Korekta_SHZT_2026-2027
2559,12,,IRE 1 Centralny,stacja Mszczonów - stacja Mszczonów,"2,4,6,8",25.610,29.970,modernizacja torów i obiektów inżynieryjnych,,,3048,,n/d,"ruch po czynnych
torach w stacji",2026-12-13,2027-04-19,Korekta_SHZT_2026-2027
2560,12,,IRE 1 Centralny,stacja Mszczonów - stacja Mszczonów,"2,4",25.610,29.970,modernizacja torów i obiektów inżynieryjnych,,,584,,n/d,"przerwa w ruchu
w wymiarze 4h",2027-04-20,2027-09-12,Korekta_SHZT_2026-2027
2561,12,,IRE 1 Centralny,stacja Mszczonów - stacja Mszczonów,"1,3",25.610,29.970,modernizacja torów i obiektów inżynieryjnych,,,3480,,n/d,"ruch po czynnych
torach w stacji",2027-04-20,2027-09-12,Korekta_SHZT_2026-2027
2562,12,,IRE 1 Centralny,Mszczonów - Tarczyn,2,29.970,46.410,modernizacja torów i obiektów inżynieryjnych,,,592,,n/d,"przerwa w ruchu
w wymiarze 4h",2027-04-20,2027-09-14,Korekta_SHZT_2026-2027
2563,12,,IRE 1 Centralny,Mszczonów - Tarczyn,1,29.970,46.410,modernizacja torów i obiektów inżynieryjnych,,,3528,,n/d,"ruch jednotorowy
dwukierunkowy",2027-04-20,2027-09-14,Korekta_SHZT_2026-2027
2564,12,,IRE 1 Centralny,Tarczyn - Czachówek Zachodni,2,46.410,64.323,modernizacja torów i obiektów inżynieryjnych,,,720,,n/d,"przerwa w ruchu
w wymiarze 4h",2027-04-19,2027-10-15,Korekta_SHZT_2026-2027
2565,12,,IRE 1 Centralny,Tarczyn - Czachówek Zachodni,1,46.410,63.150,modernizacja torów i obiektów inżynieryjnych,,,4272,,n/d,"ruch jednotorowy
dwukierunkowy",2027-04-20,2027-10-15,Korekta_SHZT_2026-2027
2566,12,,IRE 1 Centralny,Tarczyn- - Czachówek Zachodni,1,46.410,64.323,modernizacja torów i obiektów inżynieryjnych,,,228,,n/d,"przerwa w ruchu
w wymiarze 4h",2027-10-16,2027-12-11,Korekta_SHZT_2026-2027
2567,12,,IRE 1 Centralny,Tarczyn - Czachówek Zachodni,2,46.410,63.150,modernizacja torów i obiektów inżynieryjnych,,,1344,,n/d,"ruch jednotorowy
dwukierunkowy",2027-10-16,2027-12-11,Korekta_SHZT_2026-2027
2568,12,,IRE 1 Centralny,Czachówek Zachodni - Czachówek Wschodni,1,64.520,66.439,modernizacja torów i obiektów inżynieryjnych,,,1056,,n/d,"ruch jednotorowy
dwukierunkowy",2026-12-13,2027-01-26,Korekta_SHZT_2026-2027
2569,12,,IRE 1 Centralny,Czachówek Zachodni - Czachówek Wschodni,2,64.520,66.439,modernizacja torów i obiektów inżynieryjnych,,,180,,n/d,"przerwa w ruchu
w wymiarze 4h",2026-12-13,2027-01-26,Korekta_SHZT_2026-2027
2570,12,,IRE 1 Centralny,Czachówek Wschodni - Góra Kalwaria,1,67.940,71.985,modernizacja torów i obiektów inżynieryjnych,,,1056,,n/d,"ruch jednotorowy
dwukierunkowy",2026-12-13,2027-01-26,Korekta_SHZT_2026-2027
2571,12,,IRE 1 Centralny,Góra Kalwaria - Kępa Gliniecka,2,73.600,76.500,modernizacja torów i obiektów inżynieryjnych,,,724,,n/d,"przerwa w ruchu
w wymiarze 4h",2027-06-04,2027-12-01,Korekta_SHZT_2026-2027
2572,12,,IRE 1 Centralny,Góra Kalwaria - Kępa Gliniecka,1,73.600,76.500,modernizacja torów i obiektów inżynieryjnych,,,4320,,n/d,"ruch jednotorowy
dwukierunkowy",2027-06-04,2027-12-01,Korekta_SHZT_2026-2027
2573,12,,IRE 1 Centralny,Kępa Gliniecka - Osieck,1,76.500,89.024,modernizacja torów i obiektów inżynieryjnych,,,508,,n/d,"przerwa w ruchu
w wymiarze 4h",2027-01-28,2027-06-03,Korekta_SHZT_2026-2027
2574,12,,IRE 1 Centralny,Kępa Gliniecka- - Osieck,2,76.500,89.024,modernizacja torów i obiektów inżynieryjnych,,,3024,,n/d,"ruch jednotorowy
dwukierunkowy",2027-01-28,2027-06-03,Korekta_SHZT_2026-2027
2575,12,,IRE 1 Centralny,Kępa Gliniecka - Osieck,2,76.500,89.024,modernizacja torów i obiektów inżynieryjnych,,,724,,n/d,"przerwa w ruchu
w wymiarze 4h",2027-06-04,2027-12-01,Korekta_SHZT_2026-2027
2576,12,,IRE 1 Centralny,Kępa Gliniecka - Osieck,1,76.500,89.024,modernizacja torów i obiektów inżynieryjnych,,,4320,,n/d,"ruch jednotorowy
dwukierunkowy",2027-06-04,2027-12-01,Korekta_SHZT_2026-2027
2577,12,,IRE 1 Centralny,stacja Osieck - stacja Osieck,2,88.446,90.660,modernizacja torów i obiektów inżynieryjnych,,,3024,,n/d,"ruch po czynnych
torach w stacji",2027-01-28,2027-06-03,Korekta_SHZT_2026-2027
2578,12,,IRE 1 Centralny,stacja Osieck - stacja Osieck,1,88.446,90.660,modernizacja torów i obiektów inżynieryjnych,,,508,,n/d,"przerwa w ruchu
w wymiarze 4h",2027-01-28,2027-06-03,Korekta_SHZT_2026-2027
2579,12,,IRE 1 Centralny,Osieck - Jaźwiny,1,90.660,96.196,modernizacja torów i obiektów inżynieryjnych,,,1056,,n/d,"ruch jednotorowy
dwukierunkowy",2026-12-13,2027-01-26,Korekta_SHZT_2026-2027
2580,12,,IRE 1 Centralny,Osieck - Jaźwiny,2,90.660,96.196,modernizacja torów i obiektów inżynieryjnych,,,180,,n/d,"przerwa w ruchu
w wymiarze 4h",2026-12-13,2027-01-26,Korekta_SHZT_2026-2027
2581,12,,IRE 1 Centralny,Jaźwiny - Pilawa,1,96.196,98.623,modernizacja torów i obiektów inżynieryjnych,,,1056,,n/d,"ruch jednotorowy
dwukierunkowy",2026-12-13,2027-01-26,Korekta_SHZT_2026-2027
2582,12,,IRE 1 Centralny,Jaźwiny - Pilawa,2,96.196,98.623,modernizacja torów i obiektów inżynieryjnych,,,180,,n/d,"przerwa w ruchu
w wymiarze 4h",2026-12-13,2027-01-26,Korekta_SHZT_2026-2027
2583,12,,IRE 1 Centralny,Jaźwiny - Pilawa,2,98.623,101.163,modernizacja torów i obiektów inżynieryjnych,,,60,,n/d,"przerwa w ruchu
w wymiarze 4h",2027-09-10,2027-09-24,Korekta_SHZT_2026-2027
2584,12,,IRE 1 Centralny,Jaźwiny - Pilawa,1,98.623,101.163,modernizacja torów i obiektów inżynieryjnych,,,336,,n/d,"ruch jednotorowy
dwukierunkowy",2027-09-10,2027-09-24,Korekta_SHZT_2026-2027
2585,12,,IRE 1 Centralny,Stoczek Łukowski - Łuków,1,131.719,161.160,modernizacja torów i obiektów inżynieryjnych,,,624,,n/d,"przerwa w ruchu
w wymiarze 4h",2027-07-09,2027-12-11,Korekta_SHZT_2026-2027
2586,12,,IRE 1 Centralny,Stoczek Łukowski - Łuków,2,131.719,161.160,modernizacja torów i obiektów inżynieryjnych,,,3720,,n/d,"ruch jednotorowy
dwukierunkowy",2027-07-09,2027-12-11,Korekta_SHZT_2026-2027
2587,14,,IZ Ostrów Wlkp.,Ostrów Wielkopolski - Ostrów Wielkopolski,16,135.440,136.290,"Naprawa toru nr 16 na st. Ostrów Wlkp. (konieczny
montaż izolatora dzielczego na czas remontu)",,,1440,,50,"ruch po torach
czynnych w stacji",2027-03-01,2027-04-30,Korekta_SHZT_2026-2027
2588,14,,IZ Ostrów Wlkp.,Ostrów Wielkopolski - Ostrów Wielkopolski,"18,20",135.480,136.248,Naprawa toru nr 18 i 20 na st. Ostrów Wlkp.,,,2880,,50,"ruch po torach
czynnych w stacji",2027-05-03,2027-08-31,Korekta_SHZT_2026-2027
2589,14,,IZ Zielona Góra,Żagań - Żagań,103,340.532,340.532,"wymiana podkładów w torach 103,105,107 i 109 stacji
Żagań",,,264,,n/d,pozostale tory,2027-06-14,2027-06-25,Korekta_SHZT_2026-2027
2590,14,,IZ Zielona Góra,Żagań - Żagań,105,340.532,340.532,"wymiana podkładów w torach 103,105,107 i 109 stacji
Żagań",,,264,,n/d,pozostale tory,2027-06-28,2027-07-09,Korekta_SHZT_2026-2027
2591,14,,IZ Zielona Góra,Żagań - Żagań,107,340.532,340.532,"wymiana podkładów w torach 103,105,107 i 109 stacji
Żagań",,,264,,n/d,pozostale tory,2027-07-12,2027-07-23,Korekta_SHZT_2026-2027
2592,14,,IZ Zielona Góra,Żagań - Żagań,109,340.532,340.532,"wymiana podkładów w torach 103,105,107 i 109 stacji
Żagań",,,264,,n/d,pozostale tory,2027-07-26,2027-08-06,Korekta_SHZT_2026-2027
2593,14,,IZ Zielona Góra,Tuplice - Forst,1,374.850,389.080,"remont mostu w km 389,080",,,264,,n/d,przerwa w ruchu,2027-08-09,2027-08-20,Korekta_SHZT_2026-2027
2594,25,,IRE 3 Południowy,Sandomierz - Sandomierz,cała stacja,238.000,240.000,przerwa technologiczna,,,480,,n/d,"przerwa w ruchu
w wymiarze 4h",2026-12-13,2027-04-11,Korekta_SHZT_2026-2027
2595,25,,IRE 3 Południowy,Chmielów - Chmielów,3 --13,258.710,260.994,"Modernizacja linii / przebudowa układu torowego wraz
z pozostałymi elementami infrastruktury",,,2856,,50,"ruch po torach
czynnych w stacji",2026-12-13,2027-04-11,Korekta_SHZT_2026-2027
2596,26,,IZ Lublin,Łuków Łapiguz - Okrzeja,1,6.000,31.700,Modernizacja sieci trakcyjnej wraz z LPN,,,4392,,60,"Jednotorowo
dwukierunkowo",2027-03-01,2027-08-31,Korekta_SHZT_2026-2027
2597,26,,IZ Lublin,Okrzeja - Łuków Łapiguz,2,6.000,31.700,Modernizacja sieci trakcyjnej wraz z LPN,,,3168,,60,"Jednotorowo
dwukierunkowo",2027-08-01,2027-12-11,Korekta_SHZT_2026-2027
2598,27,,IRE 2 Północny,Szlak Toruń Wschodni - Sierpc,1,164.963,164.030,Budowa nowego przebiegu toru szlakowego,,,2136,,n/d,przerwa w ruchu,2027-03-15,2027-06-12,Korekta_SHZT_2026-2027
2599,31,,IZ Siedlce,podg. Doły U - Niemojki,2,20.400,24.700,"Remont toru nr 2 na linii nr 31 wraz z robotami
towarzyszącymi Ciągła wymiana podkładów
strunobetonowych INBK na PS83 z mechanicznym
oczyszczeniem podsypki, uzupełnienie tłucznia i
mechanicznym podbiciem toru ze ścięciem ław
torowiska w km 20,400 do km 24,700 w torze nr 2",,,696,,"50km/h po
torze
sąsiednim","Ruch jednotorowy
dwukierunkowy po
torze czynnym",2027-03-02,2027-03-31,Korekta_SHZT_2026-2027
2600,31,,IZ Siedlce,Niemojki - Platerów,2,34.336,42.537,"Remont toru nr 2 na linii nr 31 wraz z robotami -
towarzyszącymi Mechaniczne oczyszczenie podsypki
z uzupełnieniem tłucznia; Ciągła wymiana podkładów
strunobetonowych INBK na strunobetonowe PS83;
Wymiana szyn z wadami; Ścięcie ławy torowiska;
Oczyszczenie i odtworzenie rowów odwadniających;",,,696,,"50km/h po
torze
sąsiednim","Ruch jednotorowy
dwukierunkowy po
torze czynnym",2027-05-10,2027-06-08,Korekta_SHZT_2026-2027
2601,31,,IZ Siedlce,Niemojki - Platerów,1,34.365,42.583,"Remont toru nr 1 na linii nr 31 wraz z robotami
towarzyszącymi - Mechaniczne oczyszczenie podsypki
z uzupełnieniem tłucznia; Ciągła wymiana podkładów
strunobetonowych INBK na strunobetonowe PS83;
Wymiana szyn z wadami;
Ścięcie ławy torowiska; Oczyszczenie i odtworzenie
rowów odwadniających; Remont przejazdów kolejowo-
drogowych;",,,768,,"50km/h po
torze
sąsiednim","Ruch jednotorowy
dwukierunkowy po
torze czynnym",2027-04-07,2027-05-09,Korekta_SHZT_2026-2027
2602,31,,IZ Siedlce,Platerów - Siemiatycze,1,43.805,54.720,"Remont toru nr 1 na linii nr 31 wraz z robotami
towarzyszącymi - Mechaniczne oczyszczenie
podsypki z uzupełnieniem tłucznia; Ciągła wymiana
podkładów strunobetonowych INBK na
strunobetonowe PS83; Wymiana szyn z wadami;
Ścięcie ławy torowiska;
Oczyszczenie i odtworzenie rowów odwadniających;",,,696,,"50km/h po
torze
sąsiednim","Ruch jednotorowy
dwukierunkowy po
torze czynnym",2027-06-09,2027-07-08,Korekta_SHZT_2026-2027
2603,31,,IZ Siedlce,Platerów - Siemiatycze,1,55.050,55.200,"Remont toru nr 1 na linii nr 31 wraz z robotami
towarzyszącymi - Mechaniczne oczyszczenie
podsypki z uzupełnieniem tłucznia; Ciągła wymiana
podkładów strunobetonowych INBK na
strunobetonowe PS83; Wymiana szyn z wadami;
Ścięcie ławy torowiska;
Oczyszczenie i odtworzenie rowów odwadniających;",,,696,,"50km/h po
torze
sąsiednim","Ruch jednotorowy
dwukierunkowy po
torze czynnym",2027-07-09,2027-08-07,Korekta_SHZT_2026-2027
2604,34,,IRE 1 Centralny,Ostrów Mazowiecka - Ostrów Mazowiecka,"1,2,3",33.800,34.500,modernizacja torów i obiektów inżynieryjnych,,,1752,,n/d,"ruch po czynnych
torach w stacji",2027-09-29,2027-12-11,Korekta_SHZT_2026-2027
2605,34,,IRE 1 Centralny,Ostrów Mazowiecka - M.P.O. Niegowiec,1,34.500,43.550,modernizacja torów i obiektów inżynieryjnych,,,1752,,n/d,przerwa w ruchu,2027-09-29,2027-12-11,Korekta_SHZT_2026-2027
2606,34,,IRE 1 Centralny,M.P.O. Niegowiec - M.P.O. Niegowiec,"1,3",43.550,45.000,modernizacja torów i obiektów inżynieryjnych,,,1752,,n/d,przerwa w ruchu,2027-09-29,2027-12-11,Korekta_SHZT_2026-2027
2607,34,,IRE 1 Centralny,M.P.O. Niegowiec - Małkinia,1,45.000,52.760,modernizacja torów i obiektów inżynieryjnych,,,1752,,n/d,przerwa w ruchu,2027-09-29,2027-12-11,Korekta_SHZT_2026-2027
2608,34,,IRE 1 Centralny,Małkinia - Małkinia,"5,7,9,11,13",52.760,54.520,modernizacja torów i obiektów inżynieryjnych,,,1752,,n/d,"ruch po czynnych
torach w stacji",2027-09-29,2027-12-11,Korekta_SHZT_2026-2027
2609,35,,IRE 2 Północny,Chorzele - Wielbark,1,56.373,71.060,"Modernizacja linii / przebudowa układu torowego wraz
z pozostałymi elementami infrastruktury",,,7440,,n/d,przerwa w ruchu,2027-02-04,2027-12-11,Korekta_SHZT_2026-2027
2610,35,,IRE 2 Północny,Wielbark - Szymany,1,71.060,82.773,"Modernizacja linii / przebudowa układu torowego wraz
z pozostałymi elementami infrastruktury",,,7440,,n/d,przerwa w ruchu,2027-02-04,2027-12-11,Korekta_SHZT_2026-2027
2611,38,,IRE 1 Centralny,Białystok - Knyszyn,1,3.591,25.204,modernizacja torów i obiektów inżynieryjnych,,,7008,,n/d,przerwa w ruchu,2026-12-13,2027-10-01,Korekta_SHZT_2026-2027
2612,38,,IRE 1 Centralny,Knyszyn - Osowiec,1,25.204,61.061,modernizacja torów i obiektów inżynieryjnych,,,7008,,n/d,przerwa w ruchu,2026-12-13,2027-10-01,Korekta_SHZT_2026-2027
2613,38,,IRE 1 Centralny,Osowiec - Grajewo,1,61.061,84.280,modernizacja torów i obiektów inżynieryjnych,,,4080,,n/d,przerwa w ruchu,2026-12-13,2027-06-01,Korekta_SHZT_2026-2027
2614,45,,IRE 1 Centralny,Warszawa Wschodnia - Warszawa Grochów,"1G, 2G",0.684,2.280,modernizacja torów i obiektów inżynieryjnych,,,8712,,n/d,przerwa w ruchu,2026-12-13,2027-12-11,Korekta_SHZT_2026-2027
2615,55,,IRE 1 Centralny,st. Sokołów Podlaski - st. Sokołów Podlaski,1,90.104,119.870,"Wykonanie robót torowych z elektryfikacją, obiektami
obsługi podróżnych, przejazdami kolejowo-drogowymi,
obiektami inżynieryjnymi",,,2616,,n/d,przerwa w ruchu,2027-08-24,2027-12-11,Korekta_SHZT_2026-2027
2616,55,,IRE 1 Centralny,Sokołów Podlaski - Podnieśno,1,90.104,119.870,"Wykonanie robót torowych z elektryfikacją, obiektami
obsługi podróżnych, przejazdami kolejowo-drogowymi,
obiektami inżynieryjnymi",,,2616,,n/d,przerwa w ruchu,2027-08-24,2027-12-11,Korekta_SHZT_2026-2027
2617,55,,IRE 1 Centralny,st. Podnieśno - st. Podnieśno,1,90.104,119.870,"Wykonanie robót torowych z elektryfikacją, obiektami
obsługi podróżnych, przejazdami kolejowo-drogowymi,
obiektami inżynieryjnymi",,,2616,,n/d,przerwa w ruchu,2027-08-24,2027-12-11,Korekta_SHZT_2026-2027
2618,55,,IRE 1 Centralny,Podnieśno - Siedlce,1,90.104,119.870,"Wykonanie robót torowych z elektryfikacją, obiektami
obsługi podróżnych, przejazdami kolejowo-drogowymi,
obiektami inżynieryjnymi",,,2616,,n/d,przerwa w ruchu,2027-08-24,2027-12-11,Korekta_SHZT_2026-2027
2619,62,,IRE 4 Śląski,Sosnowiec Główny - Sosnowiec Główny,"4,6",83.700,84.950,przerwa technologiczna,,,528,,60,"ruch po czynnych
torach w stacji nr 6
LK 62
w wymiarze 4h",2026-12-13,2027-04-23,Korekta_SHZT_2026-2027
2620,64,,IZ Kielce,Kozłów - Starzyny,1,11.000,21.900,"Wzmocnienie górnej warstwy podtorza maszyną AHM
, rewitalizacja odwodnienia oraz skarp i nasypów na
odcinku Kozłów - Starzyny z pominięciem podg.
Sprowa",,,2880,,n/d,"Jednotorowy
dwukierunkowy",2027-05-04,2027-09-01,Korekta_SHZT_2026-2027
2621,68,,IRE 3 Południowy,Grodzisko Dolne - Przeworsk Gorliczyna,1,164.430,174.960,Domknięcia nocne,,,464,,n/d,"przerwa w ruchu
w wymiarze 4h",2027-08-18,2027-12-11,Korekta_SHZT_2026-2027
2622,68,,IRE 3 Południowy,Tryńcza - Tryńcza,3,168.250,169.080,Likwidacja mijanki Tryńcza,,,2760,,n/d,"ruch po torze
czynnym",2027-08-18,2027-12-11,Korekta_SHZT_2026-2027
2623,70,,IZ Kielce,Rytwiany - Strzegomek,1,51.700,62.500,"Wzmocnienie górnej warstwy podtorza maszyną AHM
, rewitalizacja odwodnienia oraz skarp i nasypów na
odcinku Rytwiany - Strzegomek",,,2904,,n/d,Przerwa w ruchu,2027-03-01,2027-06-30,Korekta_SHZT_2026-2027
2624,70,,IZ Kielce,Rytwiany - Strzegomek,1,51.700,62.500,Roboty utrzymaniowo-naprawcze,,,3648,,n/d,Przerwa w ruchu,2027-07-01,2027-11-30,Korekta_SHZT_2026-2027
2625,70,,IZ Kielce,Strzegomek - Chmielów,1,75.746,75.746,"Wymiana przęsła, wymiana chodników służbowych,
wymiana izolacji i dylatacji, naprawa konstrukcji
nośnych, naprawa podpór, wykonanie stref
przejściowych nasyp-konstrukcja nośna, umocnienie
skarp i stożów nasypu, odtworzenie schodów
skarpowych",,,3576,,n/d,Przerwa w ruchu,2027-05-04,2027-09-30,Korekta_SHZT_2026-2027
2626,70,,IRE 3 Południowy,Chmielów - Strzegomek,1,86.370,87.116,"Modernizacja linii / przebudowa układu torowego wraz
z pozostałymi elementami infrastruktury",,,1248,,n/d,Przerwa w ruchu,2026-12-13,2027-02-03,Korekta_SHZT_2026-2027
2627,74,,IRE 3 Południowy,"Zbydniów - Stalowa Wola Rozwadów
Towarowy",2,15.000,22.181,"Modernizacja linii / przebudowa układu torowego wraz
z pozostałymi elementami infrastruktury",,,1248,,50,"ruch jednotorowy
dwukierunkowy",2026-12-13,2027-02-03,Korekta_SHZT_2026-2027
2628,74,,IRE 3 Południowy,"Zbydniów - Stalowa Wola Rozwadów
Towarowy",1,15.000,22.181,"Modernizacja linii / przebudowa układu torowego wraz
z pozostałymi elementami infrastruktury",,,212,,n/d,"ruch jednotorowy
dwukierunkowy
w wymiarze 4h",2026-12-13,2027-02-03,Korekta_SHZT_2026-2027
2629,74,,IRE 3 Południowy,"Stalowa Wola
Rozwadów Towarowy - Stalowa Wola Rozwadów
Towarowy",1,21.900,23.000,"Modernizacja linii / przebudowa układu torowego wraz
z pozostałymi elementami infrastruktury",,,720,,"50 km/h po
torach nr 2, 3","Brak wyjazdu ze
stacji na szlak
Zbydniów z torów 1-
13, czynny tor 2.",2027-02-04,2027-03-06,Korekta_SHZT_2026-2027
2630,74,,IRE 3 Południowy,"Stalowa Wola
Rozwadów Towarowy - Stalowa Wola",1,23.000,24.000,"Modernizacja linii / przebudowa układu torowego wraz
z pozostałymi elementami infrastruktury",,,2208,,50,"ruch jednotorowy
dwukierunkowy",2027-09-10,2027-12-11,Korekta_SHZT_2026-2027
2631,74,,IRE 3 Południowy,"Stalowa Wola
Rozwadów Towarowy - Stalowa Wola","1,2",23.000,24.000,"Modernizacja linii / przebudowa układu torowego wraz
z pozostałymi elementami infrastruktury",,,372,,n/d,"przerwa w ruchu
w wymiarze 4h",2027-09-10,2027-12-11,Korekta_SHZT_2026-2027
2632,78,,IRE 3 Południowy,Sandomierz - Grębów,1,1.420,11.000,"Modernizacja linii / przebudowa układu torowego wraz
z pozostałymi elementami infrastruktury",,,2856,,"50 km/h po
torze nr 1 LK
25",Przerwa w ruchu,2026-12-13,2027-04-11,Korekta_SHZT_2026-2027
2633,78,,IRE 3 Południowy,Grębów - Grębów,"2, 4, 6",7.000,7.500,"Modernizacja linii / przebudowa układu torowego wraz
z pozostałymi elementami infrastruktury",,,2856,,"50 km/h po
torze nr 1 LK
74",Przerwa w ruchu,2026-12-13,2027-04-11,Korekta_SHZT_2026-2027
2634,78,,IRE 3 Południowy,Grębów - Grębów,"1,2,3,4,6",7.000,7.500,przerwa technologiczna,,,480,,n/d,"przerwa w ruchu
w wymiarze 4h",2026-12-13,2027-04-11,Korekta_SHZT_2026-2027
2635,81,,IRE 1 Centralny,Chełm - Chełm,2,0.496,1.320,"rewitalizacja, tj. wymiana podkładów, podtorza,
torowiska. Oraz przedłużenie linii w pobliże centrum
miasta Włodawa.",,,3984,,n/d,przerwa w ruchu,2027-06-28,2027-12-11,Korekta_SHZT_2026-2027
2636,81,,IRE 1 Centralny,Chełm - Ruda Opalin,1,1.320,13.986,"rewitalizacja, tj. wymiana podkładów, podtorza,
torowiska. Oraz przedłużenie linii w pobliże centrum
miasta Włodawa.",,,3984,,n/d,przerwa w ruchu,2027-06-28,2027-12-11,Korekta_SHZT_2026-2027
2637,81,,IRE 1 Centralny,Uhrusk - Uhrusk,1,22.089,23.401,"rewitalizacja, tj. wymiana podkładów, podtorza,
torowiska. Oraz przedłużenie linii w pobliże centrum
miasta Włodawa.",,,1680,,n/d,przerwa w ruchu,2027-10-02,2027-12-11,Korekta_SHZT_2026-2027
2638,81,,IRE 1 Centralny,Uhrusk - Sobibór,1,23.401,36.274,"rewitalizacja, tj. wymiana podkładów, podtorza,
torowiska. Oraz przedłużenie linii w pobliże centrum
miasta Włodawa.",,,1680,,n/d,przerwa w ruchu,2027-10-02,2027-12-11,Korekta_SHZT_2026-2027
2639,81,,IRE 1 Centralny,Sobibór - Sobibór,1,36.274,37.114,"rewitalizacja, tj. wymiana podkładów, podtorza,
torowiska. Oraz przedłużenie linii w pobliże centrum
miasta Włodawa.",,,4056,,n/d,przerwa w ruchu,2027-06-25,2027-12-11,Korekta_SHZT_2026-2027
2640,90,,IRE 4 Śląski,Zebrzydowice - Kaczyce,1,13.900,14.300,modernizacja torów i obiektów inżynieryjnych,,,1392,,n/d,"przerwa w ruchu
w wymiarze 6h",2026-12-13,2027-08-01,Korekta_SHZT_2026-2027
2641,91,,IRE 3 Południowy,Podłęże - Podłęże R201,4P,15.923,19.880,"Zabudowa rozjazdu Pd 301, zmiana niwelety toru 1
oraz przebudowa obiektu pod torem nr 2 linii 95",,,1248,,50,"ruch po torach
czynnych w stacji",2026-12-13,2027-02-03,Korekta_SHZT_2026-2027
2642,93,,IRE 4 Śląski,Chybie - Chybie,3 - 9,60.200,62.000,modernizacja torów i obiektów inżynieryjnych,,,6984,,60,"ruch po czynnych
torach w stacji",2026-12-13,2027-09-30,Korekta_SHZT_2026-2027
2643,93,,IRE 4 Śląski,Chybie - Chybie,"1 (od RZ15 do
RZ55),3,5",60.200,62.000,modernizacja torów i obiektów inżynieryjnych,,,4344,,60,"ruch po czynnych
torach w stacji",2026-12-13,2027-06-12,Korekta_SHZT_2026-2027
2644,93,,IRE 4 Śląski,Chybie - Chybie,2,60.200,62.000,modernizacja torów i obiektów inżynieryjnych,,,2154,,60,"ruch po czynnych
torach w stacji
w wymiarze 6h",2026-12-18,2027-12-11,Korekta_SHZT_2026-2027
2645,93,,IRE 4 Śląski,Chybie - Chybie,"7, 9",60.200,62.000,modernizacja torów i obiektów inżynieryjnych,,,408,,60,"ruch po czynnych
torach w stacji",2027-11-24,2027-12-11,Korekta_SHZT_2026-2027
2646,93,,IRE 4 Śląski,Chybie - Pruchna,1,62.000,69.000,modernizacja torów i obiektów inżynieryjnych,,,6984,,60,"ruch jednotorowy
dwukierunkowy",2026-12-13,2027-09-30,Korekta_SHZT_2026-2027
2647,93,,IRE 4 Śląski,Chybie - Pruchna,2,62.000,69.000,modernizacja torów i obiektów inżynieryjnych,,,1752,,60,"przerwa w ruchu
w wymiarze 6h",2026-12-13,2027-09-30,Korekta_SHZT_2026-2027
2648,93,,IRE 4 Śląski,Pruchna - Zebrzydowice,2,69.000,76.000,modernizacja torów i obiektów inżynieryjnych,,,5856,,50,"ruch jednotorowy
dwukierunkowy",2026-12-13,2027-08-14,Korekta_SHZT_2026-2027
2649,93,,IRE 4 Śląski,Pruchna - Zebrzydowice,1,69.000,76.000,modernizacja torów i obiektów inżynieryjnych,,,1470,,60,"przerwa w ruchu
w wymiarze 6h",2026-12-13,2027-08-14,Korekta_SHZT_2026-2027
2650,93,,IRE 4 Śląski,Pruchna - Zebrzydowice,1,69.000,76.000,modernizacja torów i obiektów inżynieryjnych,,,1128,,n/d,"ruch jednotorowy
dwukierunkowy",2027-08-15,2027-10-01,Korekta_SHZT_2026-2027
2651,93,,IRE 4 Śląski,Pruchna - Zebrzydowice,2,69.000,76.000,modernizacja torów i obiektów inżynieryjnych,,,288,,50,"przerwa w ruchu
w wymiarze 6h",2027-08-15,2027-10-01,Korekta_SHZT_2026-2027
2652,93,,IRE 4 Śląski,Pruchna - Zebrzydowice,2,69.000,76.000,modernizacja torów i obiektów inżynieryjnych,,,288,,60,"przerwa w ruchu
w wymiarze 6h",2027-08-15,2027-10-01,Korekta_SHZT_2026-2027
2653,93,,IRE 4 Śląski,Pruchna - Zebrzydowice,2,69.000,76.000,modernizacja torów i obiektów inżynieryjnych,,,1200,,50,"ruch jednotorowy
dwukierunkowy",2027-10-02,2027-11-21,Korekta_SHZT_2026-2027
2654,93,,IRE 4 Śląski,Pruchna - Pruchna,2,69.100,70.200,modernizacja torów i obiektów inżynieryjnych,,,1746,,50,"przerwa w ruchu
w wymiarze 6h",2026-12-15,2027-10-01,Korekta_SHZT_2026-2027
2655,93,,IRE 4 Śląski,Pruchna - Pruchna,"1,3",69.100,70.200,modernizacja torów i obiektów inżynieryjnych,,,6960,,n/d,"ruch po czynnych
torach w stacji",2026-12-15,2027-10-01,Korekta_SHZT_2026-2027
2656,93,,IRE 4 Śląski,Zebrzydowice - Zebrzydowice,"403,25A",76.000,77.800,modernizacja torów i obiektów inżynieryjnych,,,8712,,n/d,"ruch po czynnych
torach w stacji",2026-12-13,2027-12-11,Korekta_SHZT_2026-2027
2657,93,,IRE 4 Śląski,Zebrzydowice - Zebrzydowice,17-31,76.000,77.800,modernizacja torów i obiektów inżynieryjnych,,,8664,,50,"ruch po czynnych
torach w stacji",2026-12-15,2027-12-11,Korekta_SHZT_2026-2027
2658,93,,IRE 4 Śląski,Zebrzydowice - Zebrzydowice,1-202,76.000,77.800,przerwa technologiczna,,,2172,,n/d,"przerwa w ruchu
w wymiarze 6h",2026-12-15,2027-12-11,Korekta_SHZT_2026-2027
2659,93,,IRE 4 Śląski,Zebrzydowice - granica państwa,1,77.800,80.660,modernizacja torów i obiektów inżynieryjnych,,,1128,,50,"ruch jednotorowy
dwukierunkowy",2026-12-15,2027-01-31,Korekta_SHZT_2026-2027
2660,93,,IRE 4 Śląski,Zebrzydowice - granica państwa,2,77.800,80.660,przerwa technologiczna,,,1374,,n/d,"przerwa w ruchu
w wymiarze 6h",2026-12-15,2027-07-31,Korekta_SHZT_2026-2027
2661,95,,IRE 3 Południowy,Kościelniki - Podłęże,2,24.245,32.753,"Zabudowa rozjazdu Pd 301, zmiana niwelety toru 1
oraz przebudowa obiektu pod torem nr 2 linii 95",,,1248,,50,"ruch jednotorowy
dwukierunkowy",2026-12-13,2027-02-03,Korekta_SHZT_2026-2027
2662,96,,IZ Nowy Sącz,Stróże - Stróże,"3,5",57.410,57.410,Przebudowa sieci trakcyjnej,,,360,,n/d,"Ruch pociągów
prowadzony po
torach czynnych",2027-04-05,2027-04-20,Korekta_SHZT_2026-2027
2663,96,,IZ Nowy Sącz,Stróże - Stróże,"1,2,4",57.410,57.410,Przebudowa sieci trakcyjnej,,,504,,n/d,"Ruch pociągów
prowadzony po
torach czynnych",2027-04-21,2027-05-12,Korekta_SHZT_2026-2027
2664,96,,IZ Nowy Sącz,Stróże - Stróże,"6,8,10",57.410,57.410,Przebudowa sieci trakcyjnej,,,432,,n/d,"Ruch pociągów
prowadzony po
torach czynnych",2027-05-13,2027-05-31,Korekta_SHZT_2026-2027
2665,96,,IZ Nowy Sącz,Kamionka Wielka - Kamionka Wielka,1b,80.645,80.645,"uzupełnienie zadania celowego z 2024, remont toru,
przebudowa sieci trakcyjnej",,,1632,,n/d,"Ruch prowadzony
po torze nr 2b.
Brak możliwości
krzyżowania
pociągów
pasażerskich",2027-04-05,2027-06-12,Korekta_SHZT_2026-2027
2666,96,,IZ Nowy Sącz,Kamionka Wielka - Kamionka Wielka,3,80.645,80.645,"uzupełnienie zadania celowego z 2024, remont toru,
przebudowa sieci trakcyjnej",,,3480,,n/d,"Ruch pociągów
prowadzony po
torach czynnych",2027-04-05,2027-08-28,Korekta_SHZT_2026-2027
2667,96,,IZ Nowy Sącz,Kamionka Wielka - Nowy Sacz,1,80.645,88.190,"uzupełnienie zadania celowego z 2024, remont toru,
przebudowa sieci trakcyjnej",,,1632,,n/d,"Ruch pociągów
prowadzony po
torze nr 2",2027-04-05,2027-06-12,Korekta_SHZT_2026-2027
2668,96,,IZ Nowy Sącz,Kamionka Wielka - Kamionka Wielka,2b,80.645,80.645,"uzupełnienie zadania celowego z 2024, remont toru,
przebudowa sieci trakcyjnej",,,408,,n/d,"Ruch prowadzony
po torze nr 1b.
Brak możliwości
krzyżowania
pociągów
pasażerskich",2027-06-13,2027-06-30,Korekta_SHZT_2026-2027
2669,96,,IZ Nowy Sącz,Kamionka Wielka - Nowy Sacz,2,80.645,88.190,"uzupełnienie zadania celowego z 2024, remont toru,
przebudowa sieci trakcyjnej",,,1824,,n/d,"Ruch pociągów
prowadzony po
torze nr 1",2027-06-13,2027-08-28,Korekta_SHZT_2026-2027
2670,96,,IZ Nowy Sącz,Nowy Sącz - Nowy Sacz,2,88.190,88.190,"remont toru, przebudowa sieci trakcyjnej",,,624,,n/d,"Ruch pociągów
prowadzony po
torach czynnych",2027-06-13,2027-07-09,Korekta_SHZT_2026-2027
2671,96,,IZ Nowy Sącz,Nowy Sącz - Nowy Sacz,"1,3",88.190,88.190,"remont toru, przebudowa sieci trakcyjnej",,,648,,n/d,"Ruch pociągów
prowadzony po
torach czynnych",2027-07-10,2027-08-06,Korekta_SHZT_2026-2027
2672,101,,IZ Rzeszów,Horyniec-Zdrój - Werchrata,1,69.200,76.400,"Naprawa główna toru nr 1 w km 69,200 - 76,400 linii
kolejowej nr 101 Munina - Hrebenne",,,1320,,n/d,przerwa w ruchu,2027-04-05,2027-05-30,Korekta_SHZT_2026-2027
2673,101,,IZ Rzeszów,Werchrata - Hrebenne,1,69.200,76.400,"Naprawa główna toru nr 1 w km 69,200 - 76,400 linii
kolejowej nr 101 Munina - Hrebenne",,,1320,,n/d,przerwa w ruchu,2027-04-05,2027-05-30,Korekta_SHZT_2026-2027
2674,104,,IRE 3 Południowy,Rabka Zaryte - Mszana Dolna,1,6.320,13.970,"Realizacja robót związana z budową infrastruktury na
odcinku Rabka Zaryte - Mszana Dolna",,,8712,,n/d,przerwa w ruchu,2026-12-13,2027-12-11,Korekta_SHZT_2026-2027
2675,104,,IRE 3 Południowy,Mszana Dolna - Mszana Dolna,"1,2,3,5",13.970,15.720,Przebudowa stacji Mszana Dolna,,,8712,,n/d,przerwa w ruchu,2026-12-13,2027-12-11,Korekta_SHZT_2026-2027
2676,104,,IRE 3 Południowy,Mszana Dolna - Tymbark,1,15.720,36.259,"Realizacja robót związana z budową infrastruktury na
odcinku Mszana Dolan - Tymbark",,,8712,,n/d,przerwa w ruchu,2026-12-13,2027-12-11,Korekta_SHZT_2026-2027
2677,104,,IRE 3 Południowy,Tymbark - Limanowa,1,34.493,46.159,"Realizacja robót związana z budową infrastruktury na
odcinku Tymbark - Limanowa",,,8712,,n/d,przerwa w ruchu,2026-12-13,2027-12-11,Korekta_SHZT_2026-2027
2678,104,,IRE 3 Południowy,Tymbark - Tymbark,"1,2",36.650,37.352,Przebudowa stacji Tymbark,,,8712,,n/d,przerwa w ruchu,2026-12-13,2027-12-11,Korekta_SHZT_2026-2027
2679,105,,IZ Nowy Sącz,Muszyna - Powroźnik,1,0.000,5.356,"remont toru, zabudowa bezstyku",,,1248,,n/d,przerwa w ruchu,2027-09-01,2027-10-23,Korekta_SHZT_2026-2027
2680,105,,IZ Nowy Sącz,Powroźnik - Powroźnik,"1,2,4,6",5.356,5.356,"remont toru, zabudowa bezstyku",,,1248,,n/d,przerwa w ruchu,2027-09-01,2027-10-23,Korekta_SHZT_2026-2027
2681,105,,IZ Nowy Sącz,Powroźnik - Krynica-Zdrój,1,5.356,10.537,"remont toru, zabudowa bezstyku",,,1248,,n/d,przerwa w ruchu,2027-09-01,2027-10-23,Korekta_SHZT_2026-2027
2682,105,,IZ Nowy Sącz,Krynica-Zdrój - Krynica-Zdrój,"1a,2,3",10.537,10.537,"remont toru, zabudowa bezstyku",,,1248,,n/d,przerwa w ruchu,2027-09-01,2027-10-23,Korekta_SHZT_2026-2027
2683,106,,IRE 3 Południowy,MPO Przybówka - Jasło,1,51.924,66.357,"Budowa peronu na p.o Moderówka, zabudowa
rozjazdu właczającego łacznicę LK638.",,,600,,n/d,przerwa w ruchu,2027-04-05,2027-04-30,Korekta_SHZT_2026-2027
2684,108,,IZ Rzeszów,Biecz - Przysieki,1,38.430,44.990,"Naprawa główna toru nr 1 w km 38,430 - 44,990 linii
kolejowej nr 108 Stróże - Krościenko wraz z remontem
obiektów inżynieryjnych oraz towarzyszących.",,,936,,n/d,przerwa w ruchu,2027-05-04,2027-06-12,Korekta_SHZT_2026-2027
2685,108,,IZ Rzeszów,Przysieki - Jasło Niegłowice,1,38.430,44.990,"Naprawa główna toru nr 1 w km 38,430 - 44,990 linii
kolejowej nr 108 Stróże - Krościenko wraz z remontem
obiektów inżynieryjnych oraz towarzyszących.",,,936,,n/d,przerwa w ruchu,2027-05-04,2027-06-12,Korekta_SHZT_2026-2027
2686,108,,IZ Rzeszów,Jasło Niegłowice - Jasło,1,38.430,44.990,"Naprawa główna toru nr 1 w km 38,430 - 44,990 linii
kolejowej nr 108 Stróże - Krościenko wraz z remontem
obiektów inżynieryjnych oraz towarzyszących.",,,504,,n/d,przerwa w ruchu,2027-06-13,2027-07-04,Korekta_SHZT_2026-2027
2687,108,,IRE 3 Południowy,Krosno - Targowiska,1,69.700,74.900,"Modernizacja linii / przebudowa układu torowego wraz
z pozostałymi elementami infrastruktury",,,7800,,n/d,przerwa w ruchu,2026-12-13,2027-11-03,Korekta_SHZT_2026-2027
2688,108,,IRE 3 Południowy,Wróblik Szlachecki - Wróblik Szlachecki,"1,3",80.300,82.075,"Modernizacja linii / przebudowa układu torowego wraz
z pozostałymi elementami infrastruktury",,,1080,,n/d,przerwa w ruchu,2026-12-13,2027-01-27,Korekta_SHZT_2026-2027
2689,108,,IRE 3 Południowy,Wróblik Szlachecki - Zarszyn,1,82.075,91.596,"Modernizacja linii / przebudowa układu torowego wraz
z pozostałymi elementami infrastruktury",,,1080,,n/d,przerwa w ruchu,2026-12-13,2027-01-27,Korekta_SHZT_2026-2027
2690,108,,IRE 3 Południowy,Zarszyn - Zarszyn,"1,2,3",91.596,93.464,"Modernizacja linii / przebudowa układu torowego wraz
z pozostałymi elementami infrastruktury",,,1080,,n/d,przerwa w ruchu,2026-12-13,2027-01-27,Korekta_SHZT_2026-2027
2691,108,,IRE 3 Południowy,Zarszyn - Nowosielce,1,93.464,97.153,"Modernizacja linii / przebudowa układu torowego wraz
z pozostałymi elementami infrastruktury",,,1080,,n/d,przerwa w ruchu,2026-12-13,2027-01-27,Korekta_SHZT_2026-2027
2692,108,,IRE 3 Południowy,Nowosielce - Nowosielce,"1,2,3",97.153,99.253,"Modernizacja linii / przebudowa układu torowego wraz
z pozostałymi elementami infrastruktury",,,1080,,n/d,przerwa w ruchu,2026-12-13,2027-01-27,Korekta_SHZT_2026-2027
2693,108,,IRE 3 Południowy,Nowosielce - Sanok,1,99.253,107.195,"Modernizacja linii / przebudowa układu torowego wraz
z pozostałymi elementami infrastruktury",,,1080,,n/d,przerwa w ruchu,2026-12-13,2027-01-27,Korekta_SHZT_2026-2027
2694,117,,IZ Nowy Sącz,aria Zebrzydowska Lanck - orona Barwałd Średni,1,0.000,7.467,"remont toru, zabudowa bezstyku",,,2736,,n/d,przerwa w ruchu,2027-05-06,2027-08-28,Korekta_SHZT_2026-2027
2695,117,,IZ Nowy Sącz,Barwałd Średni - Barwałd Średni,"1,3",7.467,7.467,"remont toru, zabudowa bezstyku",,,2736,,n/d,przerwa w ruchu,2027-05-06,2027-08-28,Korekta_SHZT_2026-2027
2696,117,,IZ Nowy Sącz,Barwałd Średni - Wadowice,1,7.467,17.483,"remont toru, zabudowa bezstyku",,,2736,,n/d,przerwa w ruchu,2027-05-06,2027-08-28,Korekta_SHZT_2026-2027
2697,117,,IZ Nowy Sącz,Wadowice - Wadowice,"1,1a,2,3,5",17.483,17.483,"remont toru, zabudowa bezstyku",,,2736,,n/d,przerwa w ruchu,2027-05-06,2027-08-28,Korekta_SHZT_2026-2027
2698,117,,IZ Nowy Sącz,Wadowice - Andrychów,1,17.483,30.512,"remont toru, zabudowa bezstyku",,,2736,,n/d,przerwa w ruchu,2027-05-06,2027-08-28,Korekta_SHZT_2026-2027
2699,117,,IZ Nowy Sącz,Andrychów - Andrychów,"1,2,4",30.512,30.512,"remont toru, zabudowa bezstyku",,,2736,,n/d,przerwa w ruchu,2027-05-06,2027-08-28,Korekta_SHZT_2026-2027
2700,117,,IZ Nowy Sącz,Andrychów - Kęty,1,30.512,41.976,"remont toru, zabudowa bezstyku",,,2736,,n/d,przerwa w ruchu,2027-05-06,2027-08-28,Korekta_SHZT_2026-2027
2701,117,,IZ Nowy Sącz,Kęty - Kęty,"1,.2,4",41.976,41.976,"remont toru, zabudowa bezstyku",,,2736,,n/d,przerwa w ruchu,2027-05-06,2027-08-28,Korekta_SHZT_2026-2027
2702,117,,IZ Nowy Sącz,Kęty - Kozy,1,41.976,47.100,"remont toru, zabudowa bezstyku",,,2736,,n/d,przerwa w ruchu,2027-05-06,2027-08-28,Korekta_SHZT_2026-2027
2703,117,,IZ Sosnowiec,Kozy - Bielsko Biała Wschód,1,50.350,56.500,Wzmocnienie podtorza AHM,,,2736,,n/d,przerwa w ruchu,2027-05-06,2027-08-28,Korekta_SHZT_2026-2027
2704,127,,IRE 4 Śląski,Radzionków - Nakło tor T3,1,27.405,29.279,Zamknięcie linii stycznej,,,3192,,50,"ruch jednotorowy
dwukierunkowy",2027-04-27,2027-09-07,Korekta_SHZT_2026-2027
2705,128,,IRE 4 Śląski,Radzionków - Nakło Śląskie tor T4,1,27.405,29.279,Zamknięcie linii stycznej,,,3192,,50,"ruch jednotorowy
dwukierunkowy",2027-04-27,2027-09-07,Korekta_SHZT_2026-2027
2706,129,,IRE 4 Śląski,Tarnowskie Góry TGB - Tarnowskie Góry TGE,4,36.400,39.900,Zamknięcie linii stycznej,,,3360,,50,"ruch po czynnych
torach w stacji",2027-03-05,2027-07-23,Korekta_SHZT_2026-2027
2707,131,,IRE 4 Śląski,Radzionków - Nakło Śląskie,1,27.405,29.279,modernizacja torów i obiektów inżynieryjnych,,,2256,,50,"ruch jednotorowy
dwukierunkowy",2027-09-08,2027-12-11,Korekta_SHZT_2026-2027
2708,131,,IRE 4 Śląski,Radzionków - Nakło Śląskie,2,27.405,29.279,przerwa technologiczna,,,380,,n/d,"przerwa w ruchu
w wymiarze 4h",2027-09-08,2027-12-11,Korekta_SHZT_2026-2027
2709,131,,IRE 4 Śląski,Nakło Śląskie - Nakło Śląskie,2,29.279,30.143,przerwa technologiczna,,,380,,n/d,"przerwa w ruchu
w wymiarze 4h",2027-09-08,2027-12-11,Korekta_SHZT_2026-2027
2710,131,,IRE 4 Śląski,Nakło Śląskie - Nakło Śląskie,1,29.279,30.143,modernizacja torów i obiektów inżynieryjnych,,,2256,,50,"ruch po czynnych
torach w stacji",2027-09-08,2027-12-11,Korekta_SHZT_2026-2027
2711,131,,IRE 4 Śląski,Nakło Śląskie - Tarnowskie Góry,1,30.143,33.098,modernizacja torów i obiektów inżynieryjnych,,,3120,,50,"ruch jednotorowy
dwukierunkowy",2026-12-15,2027-04-24,Korekta_SHZT_2026-2027
2712,131,,IRE 4 Śląski,Nakło Śląskie - Tarnowskie Góry,2,30.143,33.098,przerwa technologiczna,,,524,,n/d,"przerwa w ruchu
w wymiarze 4h",2026-12-15,2027-04-24,Korekta_SHZT_2026-2027
2713,131,,IRE 4 Śląski,Tarnowskie Góry - Tarnowskie Góry,2,33.098,39.558,przerwa technologiczna,,,380,,n/d,"przerwa w ruchu
w wymiarze 4h",2027-09-08,2027-12-11,Korekta_SHZT_2026-2027
2714,131,,IRE 4 Śląski,Tarnowskie Góry - Tarnowskie Góry,1,33.098,39.558,modernizacja torów i obiektów inżynieryjnych,,,2256,,50,"ruch po czynnych
torach w stacji",2027-09-08,2027-12-11,Korekta_SHZT_2026-2027
2715,131,,IRE 4 Śląski,TGE - Kalety,1,39.558,46.930,modernizacja torów i obiektów inżynieryjnych,,,2256,,50,"ruch jednotorowy
dwukierunkowy",2027-09-08,2027-12-11,Korekta_SHZT_2026-2027
2716,131,,IRE 4 Śląski,TGE - Kalety,2,39.558,46.930,przerwa technologiczna,,,380,,n/d,"przerwa w ruchu
w wymiarze 4h",2027-09-08,2027-12-11,Korekta_SHZT_2026-2027
2717,131,,IRE 4 Śląski,Kalety - Kalety,2,46.930,47.966,przerwa technologiczna,,,536,,n/d,"przerwa w ruchu
w wymiarze 4h",2027-04-27,2027-09-07,Korekta_SHZT_2026-2027
2718,131,,IRE 4 Śląski,Kalety - Kalety,1,46.930,47.966,modernizacja torów i obiektów inżynieryjnych,,,3192,,50,"ruch po czynnych
torach w stacji",2027-04-27,2027-09-07,Korekta_SHZT_2026-2027
2719,131,,IRE 4 Śląski,Boronów - Boronów,1,58.721,59.678,modernizacja torów i obiektów inżynieryjnych,,,3192,,50,"ruch po czynnych
torach w stacji",2027-04-27,2027-09-07,Korekta_SHZT_2026-2027
2720,131,,IRE 4 Śląski,Boronów - Boronów,2,58.721,59.678,przerwa technologiczna,,,536,,n/d,"przerwa w ruchu
w wymiarze 4h",2027-04-27,2027-09-07,Korekta_SHZT_2026-2027
2721,131,,IRE 4 Śląski,Boronów - Boronów,2,58.721,59.678,modernizacja torów i obiektów inżynieryjnych,,,2256,,50,"ruch po czynnych
torach w stacji",2027-09-08,2027-12-11,Korekta_SHZT_2026-2027
2722,131,,IRE 4 Śląski,Boronów - Boronów,1,58.721,59.678,przerwa technologiczna,,,380,,n/d,"przerwa w ruchu
w wymiarze 4h",2027-09-08,2027-12-11,Korekta_SHZT_2026-2027
2723,131,,IRE 4 Śląski,Boronów - Kalina,1,59.678,66.800,modernizacja torów i obiektów inżynieryjnych,,,3192,,50,"ruch jednotorowy
dwukierunkowy",2027-04-27,2027-09-07,Korekta_SHZT_2026-2027
2724,131,,IRE 4 Śląski,Boronów - Kalina,2,59.678,66.800,przerwa technologiczna,,,536,,n/d,"przerwa w ruchu
w wymiarze 4h",2027-04-27,2027-09-07,Korekta_SHZT_2026-2027
2725,131,,IRE 4 Śląski,Boronów - Kalina,2,59.678,66.800,modernizacja torów i obiektów inżynieryjnych,,,2256,,50,"ruch jednotorowy
dwukierunkowy",2027-09-08,2027-12-11,Korekta_SHZT_2026-2027
2726,131,,IRE 4 Śląski,Boronów - Kalina,1,59.678,66.800,przerwa technologiczna,,,380,,n/d,"przerwa w ruchu
w wymiarze 4h",2027-09-08,2027-12-11,Korekta_SHZT_2026-2027
2727,131,,IRE 5 Zachodni,Bydgoszcz Gł. - Maksymilianowo,2,377.353,382.200,kompleksowa modernizacja,,,240,,50,torem 1,2027-08-04,2027-10-02,Korekta_SHZT_2026-2027
2728,135,,IRE 4 Śląski,Gliwice Łabędy - Pyskowice,"1,2",0.000,4.780,modernizacja torów i obiektów inżynieryjnych,,,1440,,n/d,"przerwa w ruchu
w wymiarze 6h",2026-12-13,2027-08-09,Korekta_SHZT_2026-2027
2729,135,,IRE 4 Śląski,Gliwice Łabędy - Pyskowice,1,0.919,5.309,modernizacja torów i obiektów inżynieryjnych,,,1200,,50,"ruch jednotorowy
dwukierunkowy",2027-05-25,2027-07-14,Korekta_SHZT_2026-2027
2730,135,,IRE 4 Śląski,Gliwice Łabędy - Pyskowice,2,0.919,5.309,modernizacja torów i obiektów inżynieryjnych,,,600,,50,"ruch jednotorowy
dwukierunkowy",2027-07-15,2027-08-09,Korekta_SHZT_2026-2027
2731,137,,IRE 4 Śląski,Katowice - Chorzów Batory,"1,2",0.381,3.226,przerwa technologiczna,,,2184,,n/d,"przerwa w ruchu
w wymiarze 6h",2026-12-13,2027-12-11,Korekta_SHZT_2026-2027
2732,137,,IRE 4 Śląski,Katowice - Katowice,"3,7,9",0.381,3.226,modernizacja torów i obiektów inżynieryjnych,,,4632,,40,"ruch po czynnych
torach w stacji; tory
z wjazdem od
strony Zachodniej",2027-06-01,2027-12-11,Korekta_SHZT_2026-2027
2733,137,,IRE 4 Śląski,Szobiszowice - Gliwice Łabędy,1,2.020,5.786,modernizacja torów i obiektów inżynieryjnych,,,2880,,50,"ruch jednotorowy
dwukierunkowy",2027-01-25,2027-05-25,Korekta_SHZT_2026-2027
2734,137,,IRE 4 Śląski,Gliwice Łabędy - Gliwice Łabędy,3,4.215,5.785,modernizacja torów i obiektów inżynieryjnych,,,3912,,n/d,"ruch po czynnych
torach w stacji",2026-12-13,2027-05-25,Korekta_SHZT_2026-2027
2735,137,,IRE 4 Śląski,Gliwice Łabędy - Gliwice Łabędy,7,4.215,5.785,modernizacja torów i obiektów inżynieryjnych,,,3912,,n/d,"ruch po czynnych
torach w stacji",2026-12-13,2027-05-25,Korekta_SHZT_2026-2027
2736,137,,IRE 4 Śląski,Gliwice Łabędy - Gliwice Łabędy,5,4.215,5.785,modernizacja torów i obiektów inżynieryjnych,,,3912,,n/d,"ruch po czynnych
torach w stacji",2026-12-13,2027-05-25,Korekta_SHZT_2026-2027
2737,137,,"IZ Tarnowskie
Góry",Zabrze - Gliwice,1,18.926,27.100,"Wykonanie robót budowlanych związanych z
remontem wiaduktu w km 22,552 linii nr 137",,,336,,n/d,"jednotorowo
dwukierunkowo",2027-07-29,2027-08-12,Korekta_SHZT_2026-2027
2738,137,,"IZ Tarnowskie
Góry",Zabrze - Gliwice,1,18.926,27.100,"Wykonanie robót budowlanych związanych z
remontem wiaduktu w km 26,756 linii nr 137",,,336,,n/d,"jednotorowo
dwukierunkowo",2027-07-29,2027-08-12,Korekta_SHZT_2026-2027
2739,137,,"IZ Tarnowskie
Góry",Zabrze - Gliwice,2,18.926,27.100,"Wykonanie robót budowlanych związanych z
remontem wiaduktu w km 22,552 linii nr 137",,,360,,n/d,"jednotorowo
dwukierunkowo",2027-08-13,2027-08-28,Korekta_SHZT_2026-2027
2740,137,,"IZ Tarnowskie
Góry",Zabrze - Gliwice,2,18.926,27.100,"Wykonanie robót budowlanych związanych z
remontem wiaduktu w km 26,756 linii nr 137",,,360,,n/d,"jednotorowo
dwukierunkowo",2027-08-13,2027-08-28,Korekta_SHZT_2026-2027
2741,137,,"IZ Tarnowskie
Góry",Gliwice - Gliwice Łabędy,1,27.100,32.985,"Wykonanie robót budowlanych związanych z
remontem wiaduktu w km 28,279 linii nr 137",,,288,,n/d,"jednotorowo
dwukierunkowo",2027-04-06,2027-04-18,Korekta_SHZT_2026-2027
2742,137,,"IZ Tarnowskie
Góry",Gliwice - Szobiszowice,2,27.100,28.530,"Wykonanie robót budowlanych związanych z
remontem wiaduktu w km 28,279 linii nr 137",,,264,,n/d,"jednotorowo
dwukierunkowo",2027-07-19,2027-07-30,Korekta_SHZT_2026-2027
2743,137,,IRE 4 Śląski,Szobiszowice - Gliwice Łabędy,2,29.400,31.300,modernizacja torów i obiektów inżynieryjnych,,,1176,,50,"ruch jednotorowy
dwukierunkowy",2027-05-26,2027-07-14,Korekta_SHZT_2026-2027
2744,137,,IRE 4 Śląski,Szobiszowice - Gliwice Łabędy,1,29.400,31.300,przerwa technologiczna,,,140,,,"przerwa w ruchu w
wymiarze 5h
w porze nocnej od
godz 23:00 do 4:00
4 dni w tygodniu
1/2 - 4/5",2027-05-27,2027-07-14,Korekta_SHZT_2026-2027
2745,137,,IRE 4 Śląski,Gliwice Łabędy - Taciszów,1,33.250,43.061,modernizacja torów i obiektów inżynieryjnych,,,1032,,50,"ruch jednotorowy
dwukierunkowy",2026-12-13,2027-01-25,Korekta_SHZT_2026-2027
2746,137,,IRE 4 Śląski,Gliwice Łabędy - Taciszów,1,33.250,43.061,modernizacja torów i obiektów inżynieryjnych,,,1200,,50,"ruch jednotorowy
dwukierunkowy",2027-05-25,2027-07-14,Korekta_SHZT_2026-2027
2747,137,,IRE 4 Śląski,Taciszów - Gliwice Łabędy,2,33.250,43.061,przerwa technologiczna,,,140,,,"przerwa w ruchu w
wymiarze 5h
w porze nocnej od
godz 23:00 do 4:00
4 dni w tygodniu
1/2 - 4/5",2027-05-27,2027-07-14,Korekta_SHZT_2026-2027
2748,137,,IZ Opole,Racławice Ślaskie - Prudnik,1,110.200,111.600,"Kompleksowana wymiana nawierzchni i podtorza z
wymianą rozj. nr 2, 3, 41 w stacji Prudnik",,,1512,,50,"Jednotorowo
dwukierunkowo po
torze nr 2 na szlaku
Nowy Świętów-
Prudnik-Racławice
Śląskie.",2027-03-08,2027-05-10,Korekta_SHZT_2026-2027
2749,137,,IZ Opole,Prudnik - Nowy Świetów,1,110.200,111.600,"Kompleksowana wymiana nawierzchni i podtorza z
wymianą rozj. nr 2, 3, 41 w stacji Prudnik",,,1512,,50,"Jednotorowo
dwukierunkowo po
torze nr 2 na szlaku
Nowy Świętów-
Prudnik-Racławice
Śląskie.",2027-03-08,2027-05-10,Korekta_SHZT_2026-2027
2750,137,,IZ Opole,Prudnik - Prudnik,"1,3,5,7,9",110.200,111.600,"Kompleksowana wymiana nawierzchni i podtorza z
wymianą rozj. nr 2, 3, 41 w stacji Prudnik",,,1512,,50,"Ruch pociągów w
stacji Prudnik
odbywał się bedzie
tylko po torze nr 2-
brak będzie
możliwości
krzyżowania
pociągów w stacji
Prudnik.",2027-03-08,2027-05-10,Korekta_SHZT_2026-2027
2751,137,,IZ Opole,Racławice Ślaskie - Prudnik,2,110.200,111.400,"Kompleksowana wymiana nawierzchni i podtorza z
wymianą rozj. nr 1",,,480,,50,"Jednotorowo
dwukierunkowo po
torze nr 1.",2027-06-11,2027-07-01,Korekta_SHZT_2026-2027
2752,137,,IZ Opole,Prudnik - Prudnik.,2,110.200,111.400,"Kompleksowana wymiana nawierzchni i podtorza z
wymianą rozj. nr 1",,,480,,50,"pozostałe tory w
stacji",2027-06-11,2027-07-01,Korekta_SHZT_2026-2027
2753,137,,IZ Opole,Prudnik - Nowy Świetów,2,110.400,111.600,"Kompleksowana wymiana nawierzchni i podtorza z
wymianą rozj. nr 5 i 44",,,720,,50,"Jednotorowo
dwukierunkowo po
torze nr 1.",2027-05-11,2027-06-10,Korekta_SHZT_2026-2027
2754,137,,IZ Opole,Prudnik - Prudnik.,2,110.400,111.600,"Kompleksowana wymiana nawierzchni i podtorza z
wymianą rozj. nr 5 i 44",,,720,,50,"pozostałe tory w
stacji",2027-05-11,2027-06-10,Korekta_SHZT_2026-2027
2755,137,,IZ Opole,Kamieniec Ząbkowicki - Ząbkowice Śląskie,1,178.112,186.667,Wymiana szyn i podkładów,,,504,,n/d,"Przerwa w ruchu.
Zastępcza
komunikacja
autobusowa.",2027-07-13,2027-08-03,Korekta_SHZT_2026-2027
2756,138,,IRE 4 Śląski,Mysłowice - Katowice Zawodzie,"1,2",25.086,30.243,przerwa technologiczna,,,2184,,n/d,"przerwa w ruchu
w wymiarze 6h",2026-12-13,2027-12-11,Korekta_SHZT_2026-2027
2757,138,,IRE 4 Śląski,"Katowice Szopienice
Płd - Katowice Zawodzie",1,26.574,29.480,modernizacja torów i obiektów inżynieryjnych,,,3312,,60,"Ruch Mysłowice -
Katowice
Szopienice w obu
kierunkach po torze
2 LK 138, od
Szopienic do
Zawodzia po porze
2 LK 138",2026-12-13,2027-04-30,Korekta_SHZT_2026-2027
2758,138,,IRE 4 Śląski,"Katowice Szopienice
Płd. - K-ce Zawodzie",2,26.574,29.480,modernizacja torów i obiektów inżynieryjnych,,,4440,,60,"ruch jednotorowy
dwukierunkowy",2027-04-30,2027-11-01,Korekta_SHZT_2026-2027
2759,138,,IRE 4 Śląski,Szabelnia - Katowice Zawodzie,1,26.574,29.480,modernizacja torów i obiektów inżynieryjnych,,,1464,,60,"ruch jednotorowy
dwukierunkowy",2027-08-09,2027-10-09,Korekta_SHZT_2026-2027
2760,138,,IRE 4 Śląski,Mysłowice - Katowice Zawodzie,1,26.574,29.450,modernizacja torów i obiektów inżynieryjnych,,,264,,60,"ruch jednotorowy
dwukierunkowy",2027-11-30,2027-12-11,Korekta_SHZT_2026-2027
2761,138,,IRE 4 Śląski,Katowice Zawodzie - Katowice Zawodzie,6,29.100,30.800,modernizacja torów i obiektów inżynieryjnych,,,1456,,40,"ruch po czynnych
torach w stacji
w wymiarze 4h",2026-12-13,2027-12-11,Korekta_SHZT_2026-2027
2762,138,,IRE 4 Śląski,Katowice Zawodzie - Katowice Zawodzie,4,29.100,30.800,modernizacja torów i obiektów inżynieryjnych,,,936,,40,"ruch po czynnych
torach w stacji",2027-11-02,2027-12-11,Korekta_SHZT_2026-2027
2763,138,,IRE 4 Śląski,Katowice Zawodzie - Katowice Zawodzie,"8,10",29.572,30.320,modernizacja torów i obiektów inżynieryjnych,,,936,,40,"ruch po czynnych
torach w stacji",2027-11-02,2027-12-11,Korekta_SHZT_2026-2027
2764,138,,IRE 4 Śląski,Katowice - Katowice,505,31.617,33.286,modernizacja torów i obiektów inżynieryjnych,,,8712,,40,"ruch po czynnych
torach w stacji",2026-12-13,2027-12-11,Korekta_SHZT_2026-2027
2765,138,,IRE 4 Śląski,Katowice - Katowice,"14a, 26, 28",32.097,32.097,modernizacja torów i obiektów inżynieryjnych,,,8712,,60,"ruch po czynnych
torach w stacji",2026-12-13,2027-12-11,Korekta_SHZT_2026-2027
2766,138,,IRE 4 Śląski,Katowice Zawodzie - Katowice,"1,2",316.200,317.023,modernizacja torów i obiektów inżynieryjnych,,,8712,,40,"przerwa w ruchu;
jazda torem 2 LK
659",2026-12-13,2027-12-11,Korekta_SHZT_2026-2027
2767,139,,IRE 4 Śląski,Katowice - Podg. Brynów,2,0.090,3.629,modernizacja torów i obiektów inżynieryjnych,,,3312,,60,"ruch jednotorowy
dwukierunkowy i
torem 1 LK 659",2026-12-13,2027-04-30,Korekta_SHZT_2026-2027
2768,139,,IRE 4 Śląski,Katowice - Podg. Brynów,"1,2",0.379,3.193,przerwa technologiczna,,,2184,,n/d,"przerwa w ruchu
w wymiarze 6h",2026-12-13,2027-12-11,Korekta_SHZT_2026-2027
2769,139,,IRE 4 Śląski,Podg. Brynów - Katowice Ligota,"1,2",3.193,6.080,przerwa technologiczna,,,2184,,n/d,"przerwa w ruchu
w wymiarze 6h",2026-12-13,2027-12-11,Korekta_SHZT_2026-2027
2770,139,,IRE 4 Śląski,Podg. Brynów - Katowice Ligota,2,3.629,5.329,modernizacja torów i obiektów inżynieryjnych,,,3312,,60,"ruch jednotorowy
dwukierunkowy i
torem 1 LK 659",2026-12-13,2027-04-30,Korekta_SHZT_2026-2027
2771,139,,IRE 4 Śląski,Katowice Ligota - Katowice Ligota,1-10,5.329,7.739,przerwa technologiczna,,,2184,,n/d,"przerwa w ruchu
w wymiarze 6h",2026-12-13,2027-12-11,Korekta_SHZT_2026-2027
2772,139,,IRE 4 Śląski,K-ce Ligota - Katowice Piotrowice,"1,2",6.080,7.739,przerwa technologiczna,,,2184,,n/d,"przerwa w ruchu
w wymiarze 6h",2026-12-13,2027-12-11,Korekta_SHZT_2026-2027
2773,139,,IRE 4 Śląski,Kobiór - Kobiór,"6, 6a, 8, 8a,
16, 18",25.578,25.989,modernizacja torów i obiektów inżynieryjnych,,,648,,n/d,"ruch po czynnych
torach w stacji",2026-12-13,2027-01-09,Korekta_SHZT_2026-2027
2774,139,,IRE 4 Śląski,Kobiór - Pszczyna,1,26.125,35.334,przerwa technologiczna,,,168,,n/d,"przerwa w ruchu
w wymiarze 6h",2026-12-13,2027-01-09,Korekta_SHZT_2026-2027
2775,139,,IRE 4 Śląski,Pszczyna - Pszczyna,"4a,6,8,8a,10,1
0a,12,14,20,2
2",35.593,36.687,modernizacja torów i obiektów inżynieryjnych,,,648,,n/d,"ruch po czynnych
torach w stacji",2026-12-13,2027-01-09,Korekta_SHZT_2026-2027
2776,139,,IRE 4 Śląski,Pszczyna - Pszczyna,"5,5a,5b,7,7a,9
,9a",35.593,36.687,modernizacja torów i obiektów inżynieryjnych,,,648,,n/d,"ruch po czynnych
torach w stacji",2026-12-13,2027-01-09,Korekta_SHZT_2026-2027
2777,139,,IRE 4 Śląski,Pszczyna - Most Wisła,1,37.100,41.495,przerwa technologiczna,,,168,,n/d,"przerwa w ruchu
w wymiarze 6h",2026-12-13,2027-01-09,Korekta_SHZT_2026-2027
2778,139,,IRE 4 Śląski,Pszczyna - Most Wisła,2,37.100,41.495,przerwa technologiczna,,,168,,n/d,"przerwa w ruchu
w wymiarze 6h",2026-12-13,2027-01-09,Korekta_SHZT_2026-2027
2779,140,,IRE 4 Śląski,K-ce Ligota - Katowice Piotrowice,1,0.659,1.521,przerwa technologiczna,,,2184,,n/d,"przerwa w ruchu
w wymiarze 6h",2026-12-13,2027-12-11,Korekta_SHZT_2026-2027
2780,140,,IRE 4 Śląski,K-ce Ligota - Katowice Piotrowice,1,0.659,1.521,modernizacja torów i obiektów inżynieryjnych,,,216,,60,przerwa w ruchu,2027-11-16,2027-11-25,Korekta_SHZT_2026-2027
2781,140,,IRE 4 Śląski,Katowice Piotrowice - Orzesze Jaśkowice,1,2.871,21.331,modernizacja torów i obiektów inżynieryjnych,,,7824,,n/d,"ruch po czynnych
torach",2027-01-19,2027-12-11,Korekta_SHZT_2026-2027
2782,140,,IRE 4 Śląski,Orzesze Jaśkowice - Orzesze Jaśkowice,"2, 4",21.200,22.300,modernizacja torów i obiektów inżynieryjnych,,,2856,,50,"ruch po czynnych
torach w stacji",2027-06-01,2027-09-28,Korekta_SHZT_2026-2027
2783,141,,IRE 4 Śląski,K-ce Ligota - Podg. Panewnik,"1,2",-0.570,1.573,modernizacja torów i obiektów inżynieryjnych,,,7800,,40,przerwa w ruchu,2026-12-13,2027-11-03,Korekta_SHZT_2026-2027
2784,141,,IRE 4 Śląski,Katowice Ligota - Katowice Ligota,"1,2",-0.570,0.757,modernizacja torów i obiektów inżynieryjnych,,,7728,,40,"ruch po czynnych
torach w stacji",2026-12-13,2027-10-31,Korekta_SHZT_2026-2027
2785,141,,"IZ Tarnowskie
Góry",Ruda Kochłowice - Radoszowy,1,5.025,6.643,"wymiana szyn, wymiana podkładów podzłączowych,
wymiana podkładów drewnianych sosnowych S49,
mechaniczne podbijanie, roboty towarzyszące ( m in.
załadunki i wyładunki materiałów, wycinka roślinności,
roboty branży srk, roboty branży energetyki itd.)",,,120,,n/d,"jednotorowo
dwukierunkowo",2027-04-20,2027-04-25,Korekta_SHZT_2026-2027
2786,141,,"IZ Tarnowskie
Góry",Ruda Kochłowice - Radoszowy,2,5.025,6.643,"wymiana szyn, wymiana podkładów podzłączowych,
wymiana podkładów drewnianych sosnowych S49,
mechaniczne podbijanie, roboty towarzyszące ( m in.
załadunki i wyładunki materiałów, wycinka roślinności,
roboty branży srk, roboty branży energetyki itd.)",,,120,,n/d,"jednotorowo
dwukierunkowo",2027-04-26,2027-05-01,Korekta_SHZT_2026-2027
2787,142,,IRE 4 Śląski,K-ce Ligota - podg. Staszic,1,0.000,0.300,przerwa technologiczna,,,246,,n/d,"przerwa w ruchu
w wymiarze 6h",2027-11-01,2027-12-11,Korekta_SHZT_2026-2027
2788,142,,IRE 4 Śląski,K-ce Ligota - podg. Staszic,1,0.756,1.112,modernizacja torów i obiektów inżynieryjnych,,,7728,,n/d,przerwa w ruchu,2026-12-13,2027-10-31,Korekta_SHZT_2026-2027
2789,143,,IRE 4 Śląski,Kalety - Koszęcin,1,0.842,1.695,Zamknięcie linii stycznej,,,1944,,50,"ruch jednotorowy
dwukierunkowy",2026-12-13,2027-03-04,Korekta_SHZT_2026-2027
2790,143,,IRE 4 Śląski,Kalety - Koszęcin,2,0.842,1.695,Zamknięcie linii stycznej,,,4272,,50,"ruch jednotorowy
dwukierunkowy",2027-03-05,2027-08-30,Korekta_SHZT_2026-2027
2791,143,,IRE 4 Śląski,W-w Psie Pole - W-w Psie Pole,2,152.720,155.058,modernizacja torów i obiektów inżynieryjnych,,,1776,,50,"ruch po czynnych
torach w stacji",2026-12-13,2027-02-25,Korekta_SHZT_2026-2027
2792,143,,IRE 4 Śląski,W-w Psie Pole - W-w Psie Pole,1,152.720,155.058,przerwa technologiczna,,,300,,50,"przerwa w ruchu
w wymiarze 4h",2026-12-13,2027-02-25,Korekta_SHZT_2026-2027
2793,143,,IRE 4 Śląski,W-w Psie Pole - W-w Psie Pole,1,152.720,155.058,modernizacja torów i obiektów inżynieryjnych,,,2424,,100,"ruch po czynnych
torach w stacji",2027-09-01,2027-12-11,Korekta_SHZT_2026-2027
2794,143,,IRE 4 Śląski,W-w Psie Pole - W-w Psie Pole,2,152.720,155.058,przerwa technologiczna,,,408,,100,"przerwa w ruchu
w wymiarze 4h",2027-09-01,2027-12-11,Korekta_SHZT_2026-2027
2795,143,,IRE 4 Śląski,W-w Psie Pole - W-w Sołtysowice,1,155.058,155.974,Kompleksowa wymiana nawierzchni,,,4392,,50,"ruch jednotorowy
dwukierunkowy",2027-03-01,2027-08-31,Korekta_SHZT_2026-2027
2796,143,,IRE 4 Śląski,W-w Psie Pole - W-w Sołtysowice,2,155.058,155.974,przerwa technologiczna,,,736,,50,"przerwa w ruchu
w wymiarze 4h",2027-03-01,2027-08-31,Korekta_SHZT_2026-2027
2797,151,,IRE 4 Śląski,Racibórz - Krzyżanowice,1,34.932,45.079,modernizacja torów i obiektów inżynieryjnych,,,3144,,50,"ruch jednotorowy
dwukierunkowy",2027-08-02,2027-12-11,Korekta_SHZT_2026-2027
2798,151,,IRE 4 Śląski,Racibórz - Krzyżanowice,2,34.971,45.073,modernizacja torów i obiektów inżynieryjnych,,,3960,,50,"ruch jednotorowy
dwukierunkowy",2027-02-15,2027-07-30,Korekta_SHZT_2026-2027
2799,157,,IRE 4 Śląski,Strumień - Chybie,"1,2",5.552,11.279,modernizacja torów i obiektów inżynieryjnych,,,4344,,60,przerwa w ruchu,2026-12-13,2027-06-12,Korekta_SHZT_2026-2027
2800,157,,IRE 4 Śląski,Strumień - Chybie,1,5.552,11.279,modernizacja torów i obiektów inżynieryjnych,,,984,,60,"ruch jednotorowy
dwukierunkowy
w wymarze 6h",2027-06-13,2027-11-23,Korekta_SHZT_2026-2027
2801,157,,IRE 4 Śląski,Strumień - Chybie,2,5.552,11.279,modernizacja torów i obiektów inżynieryjnych,,,3912,,60,"ruch jednotorowy
dwukierunkowy",2027-06-13,2027-11-23,Korekta_SHZT_2026-2027
2802,162,,IRE 4 Śląski,"Dąbrowa Górnicza
Strzemieszyce - Dąbrowa Górnicza Katowice",1,0.422,3.350,"modernizacja torów i obiektów inżynieryjnych oraz
odbudowa linii kolejowej",,,3744,,n/d,przerwa w ruchu,2027-07-08,2027-12-11,Korekta_SHZT_2026-2027
2803,168,,IRE 4 Śląski,Szobiszowice - Gliwice Łabędy,1,2.020,5.786,modernizacja torów i obiektów inżynieryjnych,,,1032,,50,"ruch jednotorowy
dwukierunkowy",2026-12-13,2027-01-25,Korekta_SHZT_2026-2027
2804,168,,IRE 4 Śląski,Szobiszowice - Gliwice Łabędy,2,2.020,5.786,modernizacja torów i obiektów inżynieryjnych,,,2856,,50,"ruch jednotorowy
dwukierunkowy",2027-01-26,2027-05-25,Korekta_SHZT_2026-2027
2805,168,,IRE 4 Śląski,Gliwice Łabędy - Gliwice Łabędy,11,4.215,5.785,modernizacja torów i obiektów inżynieryjnych,,,2880,,n/d,"ruch po czynnych
torach w stacji",2027-01-25,2027-05-25,Korekta_SHZT_2026-2027
2806,168,,IRE 4 Śląski,Gliwice Łabędy - Gliwice Łabędy,13,4.215,5.785,modernizacja torów i obiektów inżynieryjnych,,,2880,,n/d,"ruch po czynnych
torach w stacji",2027-01-25,2027-05-25,Korekta_SHZT_2026-2027
2807,169,,IRE 4 Śląski,Tychy - Łaziska Średnie,1,0.000,7.700,modernizacja torów i obiektów inżynieryjnych,,,2856,,50,przerwa w ruchu,2027-07-01,2027-10-28,Korekta_SHZT_2026-2027
2808,169,,IRE 4 Śląski,Łaziska Średnie - Łaziska Średnie,1,7.000,8.000,modernizacja toru i obiektów inżynieryjnych,,,2856,,50,"ruch po czynnych
torach w stacji",2027-01-01,2027-04-30,Korekta_SHZT_2026-2027
2809,171,,IZ Sosnowiec,Sosnowiec Dańdówka - Stawiska,1,25.220,30.200,Wzmocnienie podtorza AHM,,,2544,,n/d,przerwa w ruchu,2027-08-01,2027-11-15,Korekta_SHZT_2026-2027
2810,171,,IRE 4 Śląski,K-ce Muchowiec - Podg. Panewnik,2,40.346,41.600,modernizacja torów i obiektów inżynieryjnych,,,3312,,60,"ruch jednotorowy
dwukierunkowy",2026-12-13,2027-04-30,Korekta_SHZT_2026-2027
2811,179,,IRE 4 Śląski,Tychy - Tychy Miasto,2,0.725,4.231,kompleksowa wymiana nawierzchni,,,3576,,n/d,"po torze czynnym
nr 1",2027-01-01,2027-05-30,Korekta_SHZT_2026-2027
2812,179,,IRE 4 Śląski,Tychy Miasto - Tychy Miasto,1,3.400,4.141,kompleksowa wymiana nawierzchni,,,240,,n/d,"ruch po czynnych
torach w stacji",2027-12-01,2027-12-11,Korekta_SHZT_2026-2027
2813,179,,IRE 4 Śląski,Tychy Miasto - Bocznica EC Tychy,1,4.141,4.500,zmiana przebiegu,,,96,,n/d,"przerwa w ruchu;
obsługa FCA przez
KWK Piast",2027-08-01,2027-08-05,Korekta_SHZT_2026-2027
2814,179,,IRE 4 Śląski,Tychy Miasto - Górki Ściernie,1,4.231,13.100,kompleksowa wymiana nawierzchni,,,3168,,n/d,"przerwa w ruchu;
obsługa FCA przez
KWK Piast",2027-08-01,2027-12-11,Korekta_SHZT_2026-2027
2815,179,,IRE 4 Śląski,Tychy Miasto - Bocznica EC Tychy,1,4.231,4.500,zabudowa Rz19 st. Tychy Miasto,,,96,,n/d,"przerwa w ruchu;
obsługa FCA przez
KWK Piast",2027-08-01,2027-08-05,Korekta_SHZT_2026-2027
2816,181,,"IZ Tarnowskie
Góry",Panki - Krzepice,1,18.619,27.687,"Wykonanie robót związanych z naprawą mostu w km
22,444 , 23,936",,,936,,n/d,przerwa w ruchu,2027-04-05,2027-05-14,Korekta_SHZT_2026-2027
2817,181,,IRE 4 Śląski,Kępno - Cieśle,1,103.268,141.500,modernizacja torów i obiektów inżynieryjnych,,,4440,,n/d,przerwa w ruchu,2026-12-13,2027-06-16,Korekta_SHZT_2026-2027
2818,181,,IRE 4 Śląski,Cieśle - Oleśnica,1,141.500,149.109,modernizacja torów i obiektów inżynieryjnych,,,4272,,n/d,przerwa w ruchu,2027-06-16,2027-12-11,Korekta_SHZT_2026-2027
2819,189,,IRE 4 Śląski,Ruda Chebzie - Zabrze Biskpice,1,-0.461,3.300,modernizacja torów i obiektów inżynieryjnych,,,2912,,n/d,"przerwa w ruchu
w wymiarze 8h",2026-12-13,2027-12-11,Korekta_SHZT_2026-2027
2820,190,,IRE 4 Śląski,Skoczów - Bielsko Biała,1,0.326,21.506,modernizacja torów i obiektów inżynieryjnych,,,456,,n/d,przerwa w ruchu,2027-11-22,2027-12-11,Korekta_SHZT_2026-2027
2821,201,,IRE 2 Północny,Maksymilianowo - Serock,2,37.100,49.930,"budowa nowego toru nr 2
ograniczenie prędkości",,,8712,,50,"ruch po torze nr 1 z
ograniczeniem
prędkości do 50
km/h w miejscach
robót",2026-12-13,2027-12-11,Korekta_SHZT_2026-2027
2822,201,,IRE 2 Północny,Serock - Serock,2,49.930,51.268,"budowa toru nr 2, poza skrajnią toru nr 1",,,8712,,50,"ruch po torze
czynnym",2026-12-13,2027-12-11,Korekta_SHZT_2026-2027
2823,201,,IRE 2 Północny,Serock - Wierzchucin,1,51.268,68.112,"Ograniczenie prędkości obok miejsca robót budowa
toru nr 2, poza skrajnią toru nr 1",,,8712,,"50
2000m
krocząco","ograniczenie
prędkości",2026-12-13,2027-12-11,Korekta_SHZT_2026-2027
2824,201,,IRE 2 Północny,Serock - Wierzchucin,1,68.800,71.250,przepięcie układu torowego,,,696,,n/d,przerwa w ruchu,2027-06-28,2027-07-27,Korekta_SHZT_2026-2027
2825,201,,IRE 2 Północny,Wierzchucin - Wierzchucin,2,71.230,72.260,"Modernizacja linii / przebudowa układu torowego wraz
z pozostałymi elementami infrastruktury",,,2136,,50,"ruch po torach
czynnych w stacji",2027-03-30,2027-06-27,Korekta_SHZT_2026-2027
2826,201,,IRE 2 Północny,Wierzchucin - Lipowa Tucholska,2,72.200,92.000,"budowa nowego toru nr 2
ograniczenie prędkości",,,8712,,"50
2000m
krocząco","ruch jednotorowy
dwukierunkowy
nowym torem nr 1 z
ograniczeniem
prędkości w
miejscu robót do 50
km/h",2026-12-13,2027-12-11,Korekta_SHZT_2026-2027
2827,201,,IRE 2 Północny,Wierzchucin - Lipowa Tucholska,1,72.200,72.600,"Modernizacja linii / przebudowa układu torowego wraz
z pozostałymi elementami infrastruktury",,,696,,n/d,przerwa w ruchu,2027-07-28,2027-08-26,Korekta_SHZT_2026-2027
2828,201,,IRE 2 Północny,Lipowa Tucholska - Lipowa Tucholska,2,92.000,93.000,budowa toru nr 2,,,8712,,50,"ruch po torach
czynnych w stacji",2026-12-13,2027-12-11,Korekta_SHZT_2026-2027
2829,201,,IRE 2 Północny,Lipowa Tucholska - Lipowa Tucholska,3,93.600,94.800,"Modernizacja linii / przebudowa układu torowego wraz
z pozostałymi elementami infrastruktury",,,3984,,n/d,"ruch po torach
czynnych w stacji",2027-06-28,2027-12-11,Korekta_SHZT_2026-2027
2830,201,,IRE 2 Północny,Lipowa Tucholska - Bąk,1,96.033,116.115,"Modernizacja linii / przebudowa układu torowego wraz
z pozostałymi elementami infrastruktury",,,5736,,n/d,przerwa w ruchu,2027-01-02,2027-08-29,Korekta_SHZT_2026-2027
2831,201,,IRE 2 Północny,Łąg Południowy - Bąk,1,102.980,116.115,"Modernizacja linii / przebudowa układu torowego wraz
z pozostałymi elementami infrastruktury",,,2472,,n/d,przerwa w ruchu,2027-08-30,2027-12-11,Korekta_SHZT_2026-2027
2832,201,,IRE 2 Północny,Bąk - Bąk,"1,2",116.115,117.480,"Modernizacja linii / przebudowa układu torowego wraz
z pozostałymi elementami infrastruktury",,,8232,,n/d,przerwa w ruchu,2027-01-02,2027-12-11,Korekta_SHZT_2026-2027
2833,201,,IRE 2 Północny,Bąk - Kościerzyna,1,117.710,136.033,"Ograniczenie prędkości obok miejsca robót, budowa
toru nr 2.",,,5736,,50,"ograniczenie
prędkości",2027-01-02,2027-08-29,Korekta_SHZT_2026-2027
2834,201,,IRE 2 Północny,Bąk - Kościerzyna,1,117.710,136.033,budowa toru nr 1,,,2472,,n/d,przerwa w ruchu,2027-08-30,2027-12-11,Korekta_SHZT_2026-2027
2835,201,,IRE 2 Północny,Kościerzyna - Gołubie Kaszubskie,1,138.068,148.344,"Modernizacja linii / przebudowa układu torowego wraz
z pozostałymi elementami infrastruktury",,,8688,,n/d,przerwa w ruchu,2026-12-13,2027-12-10,Korekta_SHZT_2026-2027
2836,201,,IRE 2 Północny,Gołubie Kaszubskie - Gołubie Kaszubskie,"1,2,4",148.344,149.701,"Modernizacja linii / przebudowa układu torowego wraz
z pozostałymi elementami infrastruktury",,,8688,,n/d,przerwa w ruchu,2026-12-13,2027-12-10,Korekta_SHZT_2026-2027
2837,201,,IRE 2 Północny,Gołubie Kaszubskie - Somonino,1,149.701,161.730,"Modernizacja linii / przebudowa układu torowego wraz
z pozostałymi elementami infrastruktury",,,8688,,n/d,przerwa w ruchu,2026-12-13,2027-12-10,Korekta_SHZT_2026-2027
2838,201,,IRE 2 Północny,Gdańsk Osowa - Gdynia Wielki Kack,2,191.731,193.475,"Ograniczenie prędkości obok miejsca robót, budowa
toru nr 2 i 4.",,,8712,,50,"ograniczenie
prędkości",2026-12-13,2027-12-11,Korekta_SHZT_2026-2027
2839,201,,IRE 2 Północny,Gdynia Wielki Kack - Gdynia Główna,101,197.700,200.050,"Ograniczenie prędkości obok miejsca robót, budowa
torów proj. 101 i 102.",,,8712,,50,"ograniczenie
prędkości",2026-12-13,2027-12-11,Korekta_SHZT_2026-2027
2840,202,,IRE 2 Północny,Gdynia Chylonia - Wejherowo,"1,2",25.200,44.509,"Modernizacja linii / przebudowa układu torowego wraz
z pozostałymi elementami infrastruktury",,,672,,n/d,przerwa w ruchu,2027-03-15,2027-04-12,Korekta_SHZT_2026-2027
2841,202,,IRE 2 Północny,Wejherowo - Lebork,1,44.509,81.150,"Modernizacja linii / przebudowa układu torowego wraz
z pozostałymi elementami infrastruktury",,,2304,,n/d,przerwa w ruchu,2027-09-06,2027-12-11,Korekta_SHZT_2026-2027
2842,202,,IRE 2 Północny,Lębork - Słupsk,"1,2",81.150,128.600,Nocna przerwa technologiczna 6 godz. w dobie,,,1200,,n/d,"przerwa w ruchu
w wymiarze 6h",2026-12-13,2027-06-30,Korekta_SHZT_2026-2027
2843,202,,IRE 2 Północny,Lębork - Słupsk,1,81.150,128.600,Reprofilacja szyn,,,1992,,50,"Ruch jednotorowy
dwukierunkowy po
torze czynnym.
Zamknięcia
kroczące torów
stacyjnych i
szlakowych",2027-05-14,2027-08-05,Korekta_SHZT_2026-2027
2844,202,,IRE 2 Północny,Pogorzelice - Pogorzelice,1,86.484,88.416,"Modernizacja linii / przebudowa układu torowego wraz
z pozostałymi elementami infrastruktury",,,2160,,40,"Czynny tor 2 i 4.
Peron nr 2 i dwie
krawędzie
peronowe.",2026-12-13,2027-03-13,Korekta_SHZT_2026-2027
2845,202,,IRE 2 Północny,Pogorzelice - Potęgowo,1,88.416,97.461,"Modernizacja linii / przebudowa układu torowego wraz
z pozostałymi elementami infrastruktury",,,2160,,40,"linia dwutorowa,
ruch jednotorowy
dwukierunkowy",2026-12-13,2027-03-13,Korekta_SHZT_2026-2027
2846,202,,IRE 2 Północny,Potęgowo - Potęgowo,"1,3",97.461,99.033,"Modernizacja linii / przebudowa układu torowego wraz
z pozostałymi elementami infrastruktury",,,2160,,40,"Czynny tor nr 2,
nowy peron nr 1
oraz jedna krawędż
peronowa",2026-12-13,2027-03-13,Korekta_SHZT_2026-2027
2847,202,,IRE 2 Północny,Damnica - Potęgowo,2,99.033,111.760,"Modernizacja linii / przebudowa układu torowego wraz
z pozostałymi elementami infrastruktury",,,4776,,40,"linia dwutorowa,
ruch jednotorowy
dwukierunkowy",2026-12-13,2027-06-30,Korekta_SHZT_2026-2027
2848,202,,IRE 2 Północny,Damnica - Potęgowo,2,99.033,111.760,"Modernizacja linii / przebudowa układu torowego wraz
z pozostałymi elementami infrastruktury",,,2592,,40,"linia dwutorowa,
ruch jednotorowy
dwukierunkowy",2027-03-14,2027-06-30,Korekta_SHZT_2026-2027
2849,202,,IRE 2 Północny,Damnica - Damnica,"2,4",111.760,113.320,"Modernizacja linii / przebudowa układu torowego wraz
z pozostałymi elementami infrastruktury",,,2160,,40,"Czynne tory nr 1 i
3. Peron nr 1 i
jedna krawędż
peronowa",2026-12-13,2027-03-13,Korekta_SHZT_2026-2027
2850,202,,IRE 2 Północny,Damnica - Damnica,"2,4",111.760,113.320,"Modernizacja linii / przebudowa układu torowego wraz
z pozostałymi elementami infrastruktury",,,1440,,40,"Czynne tory nr 1 i
3. Peron nr 1 i
jedna krawędż
peronowa",2027-03-14,2027-05-13,Korekta_SHZT_2026-2027
2851,202,,IRE 2 Północny,Damnica - Damnica,"2,4",111.760,113.320,"Modernizacja linii / przebudowa układu torowego wraz
z pozostałymi elementami infrastruktury",,,1128,,40,"Czynne tory nr 1 i
3. Peron nr 1 i
jedna krawędż
peronowa",2027-05-14,2027-06-30,Korekta_SHZT_2026-2027
2852,202,,IRE 2 Północny,Jezierzyce Słupskie - Jezierzyce Słupskie,2,121.736,123.312,"Modernizacja linii / przebudowa układu torowego wraz
z pozostałymi elementami infrastruktury",,,2160,,100,"Czynny tor nr 1, 3 i
5. Peron N2 i dwie
krawędzie
peronowe.",2026-12-13,2027-03-13,Korekta_SHZT_2026-2027
2853,202,,IRE 2 Północny,Jezierzyce Słupskie - Słupsk,1,123.312,130.123,"Modernizacja linii / przebudowa układu torowego wraz
z pozostałymi elementami infrastruktury",,,2160,,40,"linia dwutorowa,
ruch jednotorowy
dwukierunkowy",2026-12-13,2027-03-13,Korekta_SHZT_2026-2027
2854,203,,IRE 2 Północny,Tczew Suchostrzygi - Swarożyn,1,3.800,12.400,"Modernizacja linii / przebudowa układu torowego wraz
z pozostałymi elementami infrastruktury",,,3072,,"50
2000m
krocząco","ruch jednotorowy
dwukierunkowy",2027-07-20,2027-11-25,Korekta_SHZT_2026-2027
2855,203,,IRE 2 Północny,Tczew Suchostrzygi - Swarożyn,2,3.800,12.400,"Modernizacja linii / przebudowa układu torowego wraz
z pozostałymi elementami infrastruktury",,,516,,n/d,"przerwa w ruchu
w wymiarze 4h",2027-07-20,2027-11-25,Korekta_SHZT_2026-2027
2856,203,,IRE 2 Północny,Tczew Suchostrzygi - Swarożyn,2,3.800,13.650,"Modernizacja linii / przebudowa układu torowego wraz
z pozostałymi elementami infrastruktury",,,360,,"50
2000m
krocząco","ruch jednotorowy
dwukierunkowy",2027-11-26,2027-12-11,Korekta_SHZT_2026-2027
2857,203,,IRE 2 Północny,Tczew Suchostrzygi - Swarożyn,1,3.800,13.650,"Modernizacja linii / przebudowa układu torowego wraz
z pozostałymi elementami infrastruktury",,,64,,n/d,"przerwa w ruchu
w wymiarze 4h",2027-11-26,2027-12-11,Korekta_SHZT_2026-2027
2858,203,,IRE 2 Północny,Swarożyn - Swarożyn,2,12.160,13.806,kompleksowa modernizacja,,,360,,50,tory czynne w stacji,2027-11-26,2027-12-11,Korekta_SHZT_2026-2027
2859,203,,IRE 2 Północny,Swarożyn - Starogard Gdański,2,16.900,17.600,odsunięcie osi istniejącego toru,,,144,,50,"ruch jednotorowy
dwukierunkowy",2027-07-13,2027-07-19,Korekta_SHZT_2026-2027
2860,203,,IRE 2 Północny,Zblewo - Starogard Gdański,1,24.070,38.850,"Modernizacja linii / przebudowa układu torowego wraz
z pozostałymi elementami infrastruktury",,,360,,50,"ruch jednotorowy
dwukierunkowy",2027-11-26,2027-12-11,Korekta_SHZT_2026-2027
2861,203,,IRE 2 Północny,Zblewo - Starogard Gdański,2,24.070,38.850,"Modernizacja linii / przebudowa układu torowego wraz
z pozostałymi elementami infrastruktury",,,64,,n/d,"przerwa w ruchu
w wymiarze 4h",2027-11-26,2027-12-11,Korekta_SHZT_2026-2027
2862,203,,IRE 2 Północny,Starogard Gd. - Zblewo,2,24.500,38.760,"Modernizacja linii / przebudowa układu torowego wraz
z pozostałymi elementami infrastruktury",,,3240,,50,"ruch jednotorowy
dwukierunkowy",2027-07-13,2027-11-25,Korekta_SHZT_2026-2027
2863,203,,IRE 2 Północny,Starogard Gd. - Zblewo,1,24.500,38.760,"Modernizacja linii / przebudowa układu torowego wraz
z pozostałymi elementami infrastruktury",,,544,,n/d,"przerwa w ruchu
w wymiarze 4h",2027-07-13,2027-11-25,Korekta_SHZT_2026-2027
2864,203,,IRE 2 Północny,Czarna Woda - Czersk,1,55.400,66.200,"Modernizacja linii / przebudowa układu torowego wraz
z pozostałymi elementami infrastruktury",,,544,,n/d,"przerwa w ruchu
w wymiarze 4h",2027-07-13,2027-11-25,Korekta_SHZT_2026-2027
2865,203,,IRE 2 Północny,Czersk - Czarna Woda,2,55.400,66.200,"Modernizacja linii / przebudowa układu torowego wraz
z pozostałymi elementami infrastruktury",,,3240,,"50
2000m
krocząco","ruch jednotorowy
dwukierunkowy",2027-07-13,2027-11-25,Korekta_SHZT_2026-2027
2866,203,,IRE 2 Północny,Czarna Woda - Czersk,1,56.900,57.400,demontaż i budowa nowych rozjazdów,,,360,,50,"ruch jednotorowy
dwukierunkowy",2027-11-26,2027-12-11,Korekta_SHZT_2026-2027
2867,203,,IRE 2 Północny,Czersk - Czarna Woda,2,56.900,57.400,Domknięcia nocne,,,64,,n/d,"przerwa w ruchu
w wymiarze 4h",2027-11-26,2027-12-11,Korekta_SHZT_2026-2027
2868,208,,IRE 2 Północny,Laskowice Pomorskie - Wierzchucin,1,155.700,157.630,"Modernizacja linii / przebudowa układu torowego wraz
z pozostałymi elementami infrastruktury",,,2544,,n/d,przerwa w ruchu,2027-08-27,2027-12-11,Korekta_SHZT_2026-2027
2869,208,,IRE 2 Północny,Wierzchucin - Wierzchucin,11,155.700,157.630,"Modernizacja linii / przebudowa układu torowego wraz
z pozostałymi elementami infrastruktury",,,2544,,50,przerwa w ruchu,2027-08-27,2027-12-11,Korekta_SHZT_2026-2027
2870,208,,IRE 2 Północny,Wierzchucin - Tuchola,1,157.600,158.200,"Modernizacja linii / przebudowa układu torowego wraz
z pozostałymi elementami infrastruktury",,,336,,n/d,przerwa w ruchu,2027-07-28,2027-08-11,Korekta_SHZT_2026-2027
2871,215,,IRE 2 Północny,Szlachta - Czersk,1,43.245,54.550,"Modernizacja linii / przebudowa układu torowego wraz
z pozostałymi elementami infrastruktury",,,360,,n/d,przerwa w ruchu,2027-11-26,2027-12-11,Korekta_SHZT_2026-2027
2872,215,,IRE 2 Północny,Szlachta - Czersk,1,44.490,54.035,"przebudowa wiaduktu nad LK201 w km 44,499",,,3576,,n/d,przerwa w ruchu,2027-03-03,2027-07-30,Korekta_SHZT_2026-2027
2873,215,,IRE 2 Północny,Karsin - Bąk,2,77.100,77.160,"Modernizacja linii / przebudowa układu torowego wraz
z pozostałymi elementami infrastruktury",,,2472,,n/d,przerwa w ruchu,2027-08-30,2027-12-11,Korekta_SHZT_2026-2027
2874,215,,IRE 2 Północny,Bąk - Bąk,101,77.160,77.180,"Modernizacja linii / przebudowa układu torowego wraz
z pozostałymi elementami infrastruktury",,,2472,,n/d,przerwa w ruchu,2027-08-30,2027-12-11,Korekta_SHZT_2026-2027
2875,220,,"IZ Olsztyn /
wykonawca robót",Olsztyn Główny - MSO Olsztyn Gutkowo,1,1.700,1.775,"Remont mostu na rzece Łyna w km 1,738",,,1272,,n/d,"Komunikacja
zastępcza",2027-04-19,2027-06-11,Korekta_SHZT_2026-2027
2876,229,,IRE 2 Północny,Glincz - Glincz,1,31.900,31.950,Ograniczenie prędkości obok miejsca robót,,,912,,n/d,"ograniczenie
prędkości",2026-12-13,2027-01-20,Korekta_SHZT_2026-2027
2877,229,,IRE 2 Północny,Kartuzy - Lębork,1,42.100,97.190,"Modernizacja linii / przebudowa układu torowego wraz
z pozostałymi elementami infrastruktury",,,8712,,n/d,przerwa w ruchu,2026-12-13,2027-12-11,Korekta_SHZT_2026-2027
2878,229,,IRE 2 Północny,Lębork - Łeba Garczegorze,1,101.226,109.427,"Modernizacja linii / przebudowa układu torowego wraz
z pozostałymi elementami infrastruktury",,,2400,,n/d,przerwa w ruchu,2027-09-02,2027-12-11,Korekta_SHZT_2026-2027
2879,229,,IRE 2 Północny,Lębork - Łeba,1,102.200,133.644,"Modernizacja linii / przebudowa układu torowego wraz
z pozostałymi elementami infrastruktury",,,4488,,n/d,przerwa w ruchu,2026-12-13,2027-06-18,Korekta_SHZT_2026-2027
2880,229,,IRE 2 Północny,Lębork - Łeba,1,102.200,133.644,"Modernizacja linii / przebudowa układu torowego wraz
z pozostałymi elementami infrastruktury",,,2400,,n/d,przerwa w ruchu,2027-09-02,2027-12-11,Korekta_SHZT_2026-2027
2881,230,,IRE 2 Północny,Wejherowo - Choczewo,1,0.376,36.538,"Modernizacja linii / przebudowa układu torowego wraz
z pozostałymi elementami infrastruktury",,,432,,n/d,przerwa w ruchu,2026-12-13,2026-12-31,Korekta_SHZT_2026-2027
2882,230,,IRE 2 Północny,Wejherowo - Choczewo,1,0.376,36.538,"Modernizacja linii / przebudowa układu torowego wraz
z pozostałymi elementami infrastruktury",,,8256,,n/d,przerwa w ruchu,2027-01-01,2027-12-11,Korekta_SHZT_2026-2027
2883,236,,IRE 5 Zachodni,Wągrowiec - Czarnków Główny,1,77.450,141.600,przebudowa układu torowego,,,8712,,n/d,"jednotorowo
dwukierunkowe",2026-12-13,2027-12-11,Korekta_SHZT_2026-2027
2884,272,,IZ Ostrów Wlkp.,Ostrzeszów - Ostrzeszów,1,58.050,58.250,"Modernizacja przejścia pod torami w km. 58,138",,,2904,,n/d,"ruch po torach
czynnych w stacji",2027-03-01,2027-06-30,Korekta_SHZT_2026-2027
2885,272,,IZ Ostrów Wlkp.,Ostrzeszów - Ostrzeszów,3,58.050,58.250,"Modernizacja przejścia pod torami w km. 58,138",,,2880,,n/d,"ruch po torach
czynnych w stacji",2027-07-01,2027-10-29,Korekta_SHZT_2026-2027
2886,272,,IZ Ostrów Wlkp.,Jarocin - Jarocin,"5, (3,7 - dla
trakcji
elektrycznej)",132.430,133.365,Naprawa toru nr 5 na st. Jarocin,,,1416,,50,"ruch po torach
czynnych w stacji",2027-08-02,2027-09-30,Korekta_SHZT_2026-2027
2887,272,,IZ Ostrów Wlkp.,Jarocin - Jarocin,"13, (9,11 - dla
trakcji
elektrycznej)",132.669,133.288,Naprawa toru nr 13 na st. Jarocin,,,1368,,50,"ruch po torach
czynnych w stacji",2027-10-04,2027-11-30,Korekta_SHZT_2026-2027
2888,272,,IZ Ostrów Wlkp.,Jarocin - Jarocin,23,133.525,133.625,"Remont przejścia pod torami w km 133,575",,,720,,30,"ruch po torach
czynnych w stacji",2027-03-01,2027-03-31,Korekta_SHZT_2026-2027
2889,272,,IZ Ostrów Wlkp.,Jarocin - Jarocin,1,133.525,133.625,"Remont przejścia pod torami w km 133,575",,,696,,30,"ruch po torach
czynnych w stacji",2027-04-01,2027-04-30,Korekta_SHZT_2026-2027
2890,272,,IZ Ostrów Wlkp.,Jarocin - Jarocin,2,133.525,133.625,"Remont przejścia pod torami w km 133,575",,,720,,30,"ruch po torach
czynnych w stacji",2027-05-01,2027-05-31,Korekta_SHZT_2026-2027
2891,272,,IZ Ostrów Wlkp.,Jarocin - Jarocin,4,133.525,133.625,"Remont przejścia pod torami w km 133,575",,,696,,30,"ruch po torach
czynnych w stacji",2027-06-01,2027-06-30,Korekta_SHZT_2026-2027
2892,272,,IZ Ostrów Wlkp.,Jarocin - Jarocin,"6,(8,10- dla
trakcji
elektrycznej)",133.525,133.625,"Remont przejścia pod torami w km 133,575",,,696,,30,"ruch po torach
czynnych w stacji",2027-07-01,2027-07-30,Korekta_SHZT_2026-2027
2893,275,,IZ Zielona Góra,Żagań - Bieniów,1,139.527,155.769,"kompleksowa wymiana rozjazdu Rz nr 1201 st Żagań
w km 143,032",,,96,,n/d,przerwa w ruchu,2027-06-21,2027-06-25,Korekta_SHZT_2026-2027
2894,275,,IRE 5 Zachodni,Bieniów - Lubsko,1,167.100,173.670,prace nawierzchniowe,,,8184,,n/d,przerwa w ruchu,2027-01-04,2027-12-11,Korekta_SHZT_2026-2027
2895,276,,IZ Opole,Kamieniec Ząbkowicki - Bardo Przyłek,1,74.350,74.450,"Remont wiaduktu w km 74,408",,,2184,,20,"Jednotorowo
dwukierunkowo po
torze nr 2.",2027-03-01,2027-05-31,Korekta_SHZT_2026-2027
2896,276,,IZ Opole,Kamieniec Ząbkowicki - Bardo Przyłek,2,74.350,74.450,"Remont wiaduktu w km 74,408",,,2160,,20,"Jednotorowo
dwukierunkowo po
torze nr 1.",2027-06-01,2027-08-30,Korekta_SHZT_2026-2027
2897,282,,IZ Zielona Góra,Jankowa Żagańska - Żary,1,53.952,102.407,"remont przejścia w km 102,302",,,168,,n/d,"przerwa w ruchu/
jazda LK389 i 14
przez Żagań",2027-10-01,2027-10-08,Korekta_SHZT_2026-2027
2898,282,,IZ Zielona Góra,Żary - Żary,6,102.407,102.407,wymiana nawierzchni,,,696,,n/d,pozostale tory,2027-09-01,2027-09-30,Korekta_SHZT_2026-2027
2899,283,,IRE 4 Śląski,Zebrzydowa - Osiecznica Kliczków,1,61.030,77.526,modernizacja torów i obiektów inżynieryjnych,,,432,,n/d,przerwa w ruchu,2026-12-13,2026-12-31,Korekta_SHZT_2026-2027
2900,283,,IRE 4 Śląski,Osiecznica Kliczków - Żagań,1,61.030,104.720,modernizacja torów i obiektów inżynieryjnych,,,432,,n/d,przerwa w ruchu,2026-12-13,2026-12-31,Korekta_SHZT_2026-2027
2901,283,,IRE 4 Śląski,Osiecznica Kliczków - Ławszowa,1,61.030,77.526,modernizacja torów i obiektów inżynieryjnych,,,432,,n/d,przerwa w ruchu,2026-12-13,2026-12-31,Korekta_SHZT_2026-2027
2902,290,,IRE 4 Śląski,Sulików - Ręczyn,1,3.373,14.429,modernizacja torów i obiektów inżynieryjnych,,,4248,,n/d,przerwa w ruchu,2027-06-17,2027-12-11,Korekta_SHZT_2026-2027
2903,291,,IRE 4 Śląski,"Boguszów Gorce
Wschód - Mieroszów",1,21.525,22.150,Przebudowa tunelu w Unisławiu Śląskim,,,2472,,n/d,przerwa w ruchu,2026-12-13,2027-03-26,Korekta_SHZT_2026-2027
2904,326,,IRE 4 Śląski,W-w Psie Pole - W-w Zakrzów,326,152.720,155.058,Kompleksowa wymiana nawierzchni,,,336,,n/d,przerwa w ruchu,2027-02-11,2027-02-25,Korekta_SHZT_2026-2027
2905,351,,IZ Poznań,Poznań Główny - Poznań Główny,56,-0.667,0.155,"Kompleksowa wymiana rozjazdów - (Rkpd 196,Rz
197, ST 196/199)",,,336,,n/d,"ograniczony wyjazd
w kierunku Lubonia
, Górczyna i
Starołęki",2027-09-28,2027-10-12,Korekta_SHZT_2026-2027
2906,351,,IZ Poznań,Poznań Główny - Poznań Główny,52,-0.385,0.158,"Kompleksowa wymiana rozjazdów - 5 szt. (Rz 175 ,Rz
176, Rkpd 196,Rz 197, ST 196/199), wymiana
odcinków toru - 0,265 km",,,696,,n/d,"pozostałe tory w
stacji",2027-09-13,2027-10-12,Korekta_SHZT_2026-2027
2907,351,,IZ Poznań,Poznań Główny - Poznań Główny,54,-0.385,0.368,"Kompleksowa wymiana rozjazdów - (Rkpd 196,Rz
197, ST 196/199)",,,336,,n/d,"ograniczony wyjazd
w kierunku Lubonia
, Górczyna i
Starołęki",2027-09-28,2027-10-12,Korekta_SHZT_2026-2027
2908,351,,IZ Poznań,Poznań Główny - Poznań Główny,58,-0.049,0.195,"Kompleksowa wymiana rozjazdów - (Rkpd 196,Rz
197, ST 196/199)",,,336,,n/d,"ograniczony wyjazd
w kierunku Lubonia
, Górczyna i
Starołęki",2027-09-28,2027-10-12,Korekta_SHZT_2026-2027
2909,352,,IRE 5 Zachodni,Poznań Franowo PFA - Poznań Franowo PFA,1 i 2,3.780,3.910,"przebudowa wiaduktu we Franowie w km 3,844,
zabudowa Rz 12, 16",,,4152,,n/d,"po torach czynnych
w stacji",2027-06-21,2027-12-11,Korekta_SHZT_2026-2027
2910,353,,IRE 2 Północny,Szlak Toruń Miasto - Toruń Wschodni,"1, 2",136.200,137.380,"Rozbiórka sieci trakcyjnej, rozbiórka torowiska,
budowa nowego układu torowego",,,2424,,40,przerwa w ruchu,2027-09-01,2027-12-11,Korekta_SHZT_2026-2027
2911,353,,IRE 2 Północny,Szlak Toruń Miasto - Toruń Główny,2,137.380,136.200,"Rozbiórka sieci trakcyjnej, rozbiórka torowiska,
budowa nowego układu torowego",,,4368,,40,"ruch jednotorowy
dwukierunkowy",2027-06-12,2027-12-11,Korekta_SHZT_2026-2027
2912,353,,IRE 2 Północny,Szlak Toruń Wschodni - Toruń Miasto,2,138.740,137.650,"Rozładunek materiałów, remont mostu i zmiana układu
torowego Toruń Miasto (przebudowa peronów, remont
wiaduktu drogowego Plac Pokoju Toruńskiego)",,,792,,60,"ruch jednotorowy
dwukierunkowy",2027-11-08,2027-12-11,Korekta_SHZT_2026-2027
2913,353,,IRE 2 Północny,Szlak Toruń Wschodn - Papowo Toruńskie,1,139.987,144.635,"Rozbiórka sieci trakcyjnej, rozbiórka torowiska,
budowa nowego układu torowego",,,2136,,100,"ruch jednotorowy
dwukierunkowy",2027-03-14,2027-06-11,Korekta_SHZT_2026-2027
2914,353,,IRE 2 Północny,"Szlak Papowo
Toruńskie - Toruń Wschodni",2,144.635,139.987,"Rozbiórka sieci trakcyjnej, rozbiórka torowiska,
budowa nowego układu torowego",,,2136,,100,"ruch jednotorowy
dwukierunkowy",2026-12-14,2027-03-13,Korekta_SHZT_2026-2027
2915,353,,"IZ Olsztyn /
wykonawca robót",podg. Olsztyn Kortowo - Olsztyn Główny,2,297.119,297.193,"Remont mostu na rzece Łyna w km 297,156",,,1272,,n/d,"Jazda po torze nr 1
LK353",2027-04-19,2027-06-11,Korekta_SHZT_2026-2027
2916,354,,IRE 5 Zachodni,Poznań PoD - Złotniki,"1,2",0.000,6.250,"przebudowa wiaduktu w km 15,403 linii 395",,,72,,n/d,przerwa w ruchu,2027-05-07,2027-05-10,Korekta_SHZT_2026-2027
2917,358,,IZ Zielona Góra,Krosno Odrzańskie - Gubin,1,66.386,93.127,"naprawa przejazdów w km 67,100 i 90,000",,,360,,n/d,przerwa w ruchu,2027-11-08,2027-11-23,Korekta_SHZT_2026-2027
2918,363,,IRE 5 Zachodni,Międzychód - Wierzbno,1,62.223,71.502,rewitalizacja linii kolejowej,,,1104,,n/d,przerwa w ruchu,2027-10-26,2027-12-11,Korekta_SHZT_2026-2027
2919,363,,IRE 5 Zachodni,Stacja Wierzbno - Stacja Wierzbno,"1,2,4,6",71.502,71.502,rewitalizacja linii kolejowej,,,1104,,n/d,przerwa w ruchu,2027-10-26,2027-12-11,Korekta_SHZT_2026-2027
2920,363,,IRE 5 Zachodni,Wierzbno - Skwierzyna,1,71.502,92.635,rewitalizacja linii kolejowej,,,1104,,n/d,przerwa w ruchu,2027-10-26,2027-12-11,Korekta_SHZT_2026-2027
2921,363,,IRE 5 Zachodni,Stacja Skwierzyna - Stacja Skwierzyna,"1,2",92.635,92.635,rewitalizacja linii kolejowej,,,1104,,n/d,"po torach czynnych
w stacji",2027-10-26,2027-12-11,Korekta_SHZT_2026-2027
2922,367,,IZ Zielona Góra,Zbąszynek - Lutol Suchy,1,0.000,13.360,"naprawa nawierzchni torowej w km 7,085-9,605",,,696,,n/d,przerwa w ruchu,2027-07-01,2027-07-30,Korekta_SHZT_2026-2027
2923,367,,IRE 5 Zachodni,Skwierzyna - Gorzów Wielkopolski,1,48.390,75.497,rewitalizacja linii kolejowej,,,1104,,n/d,przerwa w ruchu,2027-10-26,2027-12-11,Korekta_SHZT_2026-2027
2924,367,,IRE 5 Zachodni,"Stacja Gorzów
Wielkopolski - Stacja Gorzów Wielkopolski","51,53,57",75.497,75.497,rewitalizacja linii kolejowej,,,1104,,n/d,"po torach czynnych
w stacji",2027-10-26,2027-12-11,Korekta_SHZT_2026-2027
2925,368,,IRE 5 Zachodni,Szamotuły - Ostroróg,1,0.000,9.431,rewitalizacja linii kolejowej,,,456,,n/d,przerwa w ruchu,2027-11-22,2027-12-11,Korekta_SHZT_2026-2027
2926,368,,IRE 5 Zachodni,Ostroróg - Ostroróg,"1,3",9.431,9.431,rewitalizacja linii kolejowej,,,456,,n/d,przerwa w ruchu,2027-11-22,2027-12-11,Korekta_SHZT_2026-2027
2927,368,,IRE 5 Zachodni,Ostroróg - Sieraków,1,9.431,40.013,rewitalizacja linii kolejowej,,,456,,n/d,przerwa w ruchu,2027-11-22,2027-12-11,Korekta_SHZT_2026-2027
2928,368,,IRE 5 Zachodni,Sieraków - Sieraków,"1,2",40.013,40.013,rewitalizacja linii kolejowej,,,456,,n/d,przerwa w ruchu,2027-11-22,2027-12-11,Korekta_SHZT_2026-2027
2929,368,,IRE 5 Zachodni,Sieraków - Międzychód,1,40.013,56.047,rewitalizacja linii kolejowej,,,456,,n/d,przerwa w ruchu,2027-11-22,2027-12-11,Korekta_SHZT_2026-2027
2930,368,,IRE 5 Zachodni,Międzychód - Międzychód,"1,3,5",62.223,62.223,rewitalizacja linii kolejowej,,,1104,,n/d,przerwa w ruchu,2027-10-26,2027-12-11,Korekta_SHZT_2026-2027
2931,370,,IZ Zielona Góra,Zielona Góra Główna - Nowogród Osiedle,1,0.000,29.854,"modernizacja mostu nad rzeką Bóbr oraz wymiana
nawierzchni kolejowej",,,4368,,n/d,przerwa w ruchu,2027-04-12,2027-10-11,Korekta_SHZT_2026-2027
2932,389,,IRE 4 Śląski,Żagań - Żagań,"6a, 8, 8a, 10,
12, 20, 22",0.088,0.088,modernizacja torów i obiektów inżynieryjnych,,,432,,n/d,"ruch po czynnych
torach w stacji",2026-12-13,2026-12-31,Korekta_SHZT_2026-2027
2933,389,,IRE 4 Śląski,Żagań - Żagań,"18,31,32,33,3
4",0.088,0.088,modernizacja torów i obiektów inżynieryjnych,,,432,,n/d,"ruch po czynnych
torach w stacji",2026-12-13,2026-12-31,Korekta_SHZT_2026-2027
2934,394,,IRE 5 Zachodni,Poznań Franowo - Zieliniec,1,8.250,10.500,"Roboty w branży torowej, prace podtorzowe,
zabudowa sieci trakcyjnej, remont obiektów
inżynieryjnych",,,2280,,n/d,"jednotorowo
dwukierunkowe",2027-06-21,2027-09-24,Korekta_SHZT_2026-2027
2935,394,,IRE 5 Zachodni,Stary Młyn - Poznań Franowo,1 i 2,8.350,10.200,kompleksowa modernizacja,,,4488,,n/d,przerwa w ruchu,2026-12-13,2027-06-18,Korekta_SHZT_2026-2027
2936,395,,IRE 5 Zachodni,Poznań Piątkowo - Kiekrz,1,14.470,19.730,"przebudowa widuktu w km 15,403",,,3288,,n/d,"jednotorowo
dwukierunkowe",2026-12-13,2027-04-29,Korekta_SHZT_2026-2027
2937,395,,IRE 5 Zachodni,Poznań Piątkowo - Kiekrz,2,14.470,19.730,"przebudowa widuktu w km 15,403",,,5112,,n/d,"jednotorowo
dwukierunkowe",2027-04-30,2027-11-29,Korekta_SHZT_2026-2027
2938,406,,IRE 5 Zachodni,Police - Police,2,23.560,24.900,"zabudowa Rz 20,22,25,27",,,888,,n/d,"po torach czynnych
w stacji",2027-02-22,2027-03-31,Korekta_SHZT_2026-2027
2939,408,,IRE 5 Zachodni,"Szczecin Główny - Szczecin Gumieńce granica
państwa","1, 2",,7.078,"Wielobranżowa modernizacja linii kolejowej,
dobudowa toru nr 2 na odcinku od km 1,010 (Rz 300)
do km 4,862 oraz elektryfikacja toru nr 1 i 2 od km
6,004 do 7,078",,,8712,,n/d,przerwa w ruchu,2026-12-13,2027-12-11,Korekta_SHZT_2026-2027
2940,409,,IRE 5 Zachodni,"Szczecin Gumieńce - Szczecin Gumieńce granica
państwa",1,0.115,10.069,"Wielobranżowa modernizacja linii kolejowej,
dobudowa toru nr 2 oraz elektryfikacja toru nr 1 i 2",,,8712,,n/d,przerwa w ruchu,2026-12-13,2027-12-11,Korekta_SHZT_2026-2027
2941,430,,IZ Zielona Góra,Barnówko - Kostrzyn,1,218.067,240.452,"remont przejazdu w km 218,083",,,264,,n/d,przerwa w ruchu,2027-06-07,2027-06-18,Korekta_SHZT_2026-2027
2942,431,,IRE 5 Zachodni,Police - Police,2,23.560,24.900,zabudowa Rz 31,,,72,,n/d,przerwa w ruchu,2027-03-12,2027-03-15,Korekta_SHZT_2026-2027
2943,431,,IRE 5 Zachodni,Police - Police,2,23.560,24.900,włączenie lk 406 w rozjazd tymczasowy Rz31,,,24,,n/d,przerwa w ruchu,2027-03-16,2027-03-17,Korekta_SHZT_2026-2027
2944,433,,IRE 5 Zachodni,Szczecin Główny - Szczecin Gumieńce,1,,3.198,"Modernizacja/rewitalizacja linii kolejowej (wraz z
infrastrukturą towarzyszacą).",,,5280,,n/d,przerwa w ruchu,2027-05-05,2027-12-11,Korekta_SHZT_2026-2027
2945,448,,IRE 1 Centralny,Warszawa Wschodnia - Warszawa Zachodnia,"3Śr, 4Śr",2.700,3.690,modernizacja torów i obiektów inżynieryjnych,,,1820,,n/d,"przerwa w ruchu
w wymiarze 5h",2026-12-13,2027-12-11,Korekta_SHZT_2026-2027
2946,448,,IRE 1 Centralny,Warszawa Wschodnia - Warszawa Zachodnia,"3Śr, 4Śr",2.700,3.690,modernizacja torów i obiektów inżynieryjnych,,,8712,,n/d,"weekendowe
przerwy w ruchu od
piątku od 23:00 do
poniedziałku do
4:00 . Warszawa
Zachodnia -
Warszawa
Wschodnia rozjazd
103 i 104",2026-12-13,2027-12-11,Korekta_SHZT_2026-2027
2947,448,,IRE 1 Centralny,Warszawa Wschodnia - Warszawa Zachodnia,"3Śr, 4Śr",2.700,3.690,modernizacja torów i obiektów inżynieryjnych,,,24,,n/d,przerwa w ruchu,2027-02-13,2027-02-14,Korekta_SHZT_2026-2027
2948,448,,IRE 1 Centralny,"stacja Warszawa
Wschodnia - stacja Warszawa Wschodnia",5,3.690,4.950,modernizacja torów i obiektów inżynieryjnych,,,1820,,n/d,"ruch po czynnych
torach w stacji
w wymiarze 5h",2026-12-13,2027-12-11,Korekta_SHZT_2026-2027
2949,448,,IRE 1 Centralny,Warszawa Rembertów - Warszawa Rembertów,3m,11.600,11.823,budowa tunelu,,,1292,,50,"ruch po czynnych
torach w stacji
w wymiarze 4h",2026-12-13,2027-10-31,Korekta_SHZT_2026-2027
2950,448,,IRE 1 Centralny,Warszawa Rembertów - Warszawa Rembertów,4m,11.600,11.823,budowa tunelu,,,1292,,50,"ruch po czynnych
torach w stacji
w wymiarze 4h",2026-12-13,2027-10-31,Korekta_SHZT_2026-2027
2951,506,,IRE 1 Centralny,Warszawa Wawer - Warszawa Falenica,4,13.810,19.519,modernizacja torów i obiektów inżynieryjnych,,,1336,,n/d,"przerwa w ruchu
w wymiarze 4h",2027-01-12,2027-12-11,Korekta_SHZT_2026-2027
2952,506,,IRE 1 Centralny,Warszawa Falenica - Warszawa Falenica,4,19.519,21.989,modernizacja torów i obiektów inżynieryjnych,,,1336,,n/d,"ruch po czynnych
torach w stacji
w wymiarze 4h",2027-01-12,2027-12-11,Korekta_SHZT_2026-2027
2953,506,,IRE 1 Centralny,Warszawa Falenica - Otwock,4,21.989,26.050,modernizacja torów i obiektów inżynieryjnych,,,1336,,n/d,"ruch jednotorowy
dwukierunkowy
w wymiarze 4h",2027-01-12,2027-12-11,Korekta_SHZT_2026-2027
2954,567,,OBCY,Piaski - Kielce Herbskie,łącznica,0.510,0.780,"Rozbiórka i budowa nowego wiaduktu kolejowego Wk-
1 w ciągu linii Nr 567 w km 0.510 - 0.780",,,2640,,n/d,Przerwa w ruchu,2026-12-13,2027-04-02,Korekta_SHZT_2026-2027
2955,608,,IRE 3 Południowy,Podłęże R201 - Podłęże R101,2P,0.000,1.564,"Zabudowa rozjazdu Pd 301, zmiana niwelety toru 1 oraz
przebudowa obiektu pod torem nr 2 linii 95",,,1248,,50,"ruch jednotorowy
dwukierunkowy",2026-12-13,2027-02-03,Korekta_SHZT_2026-2027
2956,656,,IRE 4 Śląski,Katowice - Katowice,5,317.023,318.686,modernizacja torów i obiektów inżynieryjnych,,,4776,,40,"ruch po czynnych
torach w stacji",2026-12-13,2027-06-30,Korekta_SHZT_2026-2027
2957,688,,"IZ Tarnowskie
Góry",Rybnik Towarowy RTA - Rybnik RBC,2,0.000,1.033,"Wymiana nawierzchni toru na nową na dł. 0,984 oraz
rozjazdu nr 601",,,600,,n/d,"jednotorowo
dwukierunkowo",2027-04-05,2027-04-30,Korekta_SHZT_2026-2027
2958,786,,IRE 4 Śląski,Trzciniec Zgorzelecki - Turoszów,1,26.142,27.896,modernizacja torów i obiektów inżynieryjnych,,,2184,,n/d,przerwa w ruchu,2027-03-17,2027-06-16,Korekta_SHZT_2026-2027
2959,786,,IRE 4 Śląski,Turoszów - Bogatynia,1,27.896,33.260,modernizacja torów i obiektów inżynieryjnych,,,6456,,n/d,przerwa w ruchu,2027-03-17,2027-12-11,Korekta_SHZT_2026-2027
2960,805,,IRE 5 Zachodni,Swarzędz - Stary Młyn,1,0.000,1.200,włączenie do Starego Młyna,,,2280,,n/d,przerwa w ruchu,2027-06-21,2027-09-24,Korekta_SHZT_2026-2027
2961,823,,IZ Poznań,Poznań Franowo PFD - Stary Młyn,1Z,1.783,2.481,"Kompleksowa wymiana rozjazdów - RZ514, RZ517",,,1176,,n/d,przerwa w ruchu,2027-09-13,2027-11-01,Korekta_SHZT_2026-2027
2962,823,,IRE 5 Zachodni,Poznan Franowo PFD - Stary Młyn,1,4.500,4.700,włączenie do Starego Młyna,,,4152,,n/d,przerwa w ruchu,2027-06-21,2027-12-11,Korekta_SHZT_2026-2027
2963,851,,IRE 5 Zachodni,Szczecin Wstowo - Szczecin Gumieńce,"1,2",0.400,2.309,"Kompleksowa modernizacja linii kolejowej (wraz z
infrastrukturą towarzyszacą).",,,7488,,n/d,przerwa w ruchu,2027-02-02,2027-12-11,Korekta_SHZT_2026-2027
2964,864,,IRE 4 Śląski,Katowice Ligota - KWK Wujek,1,0.657,2.960,modernizacja torów i obiektów inżynieryjnych,,,8712,,60,przerwa w ruchu,2026-12-13,2027-12-11,Korekta_SHZT_2026-2027
2965,902,,IRE 1 Centralny,Warszawa Wschodnia - Warszawa Podskarbińska,2P,4.407,7.857,modernizacja torów i obiektów inżynieryjnych,,,8712,,n/d,przerwa w ruchu,2026-12-13,2027-12-11,Korekta_SHZT_2026-2027
2966,143,,IZ Wrocław,Namysłów - Bierutów,2,106.465,119.873,Kompleksowa wymiana nawierzchni torowej.,,,504,,"60 km/h na
odc. 500m
krocząco","Jednotorowo,
dwukierunkowo po
torze nr 1",2026-12-13,2027-01-03,Korekta_SHZT_2026-2027
2967,355,,IZ Wrocław,Sośnie Ostrowskie - Międzybórz Sycowski,1,25.037,33.668,"Przegląd sieci trakcyjnej.
(5h dziennie)",,,20,,n/d,"przerwa w ruchu
w wymiarze 5h",2027-02-01,2027-02-04,Korekta_SHZT_2026-2027
2968,355,,IZ Wrocław,Międzybórz Sycowski - Bukowina Sycowska,1,33.668,38.980,"Przegląd sieci trakcyjnej.
(5h dziennie)",,,25,,n/d,"przerwa w ruchu
w wymiarze 5h",2027-02-05,2027-02-09,Korekta_SHZT_2026-2027
2969,355,,IZ Wrocław,Bukowina Sycowska - Twardogóra,1,38.980,47682.000,"Przegląd sieci trakcyjnej.
(5h dziennie)",,,50,,n/d,"przerwa w ruchu
w wymiarze 5h",2027-01-16,2027-01-25,Korekta_SHZT_2026-2027
2970,355,,IZ Wrocław,Twardogóra - Grabowno Wielkie,1,47.682,53.552,"Przegląd sieci trakcyjnej.
(5h dziennie)",,,30,,n/d,"przerwa w ruchu
w wymiarze 5h",2027-01-01,2027-01-06,Korekta_SHZT_2026-2027