tree
version=v4
num_class=1
num_tree_per_iteration=1
label_index=0
max_feature_idx=17
objective=regression_l1
feature_names=train_kind prev_delay_departure_min time_reserve_min min_technical_time_min hour_sin hour_cos day_of_week is_track_closure is_speed_warning active_disruption_group num_platform_tracks is_passing_loop is_node edge_delta_delay_P50 edge_delta_delay_P90 edge_delta_delay_MAD station_delta_stop_min_P50 station_delta_stop_min_P90
feature_infos=-1:0:1 [0:459] [0:131] [1:186] [-1:1] [-1:0.99999048072073449] [0:6] [0:1] [0:1] -1:0:7:5:3:1:2:6 [1:17] [0:1] [0:1] [-8:63] [-3.1999999999999997:79] [0:20.5] [-4:1] [-4:7.2000000000000028]
tree_sizes=2621 2731 2682 2657 2604 2645 2637 2636 2642 2613 2635 2636 2635 2636 2672 2658 2626 2629 2621 2625 2616 2607 2619 2651 2645 2657 2641 2767 2735 2748 2752 2740 2734 2733 2692 2719 2660 2702 2787 2727 2693 2775 2781 2690 2710 2782 2744 2770 2743 2743 2743 2750 2755 2717 2772 2740 2761 2753 2745 2742 2758 2734 2735 2730 2744 2762 2758 2753 2756 2686 2699 2690 2662 2692 2698 2697 2687 2691 2698 2671 2670 2669 2670 2660 2648 2645 2669 2677 2645 2646 2648 2650 2651 2649 2633 2634 2635 2664 2666 2666 2666 2666 2668 2649 2643 2622 2656 2686 2651 2642 2648 2650 2684 2625 2611 2609 2617 2619 2608 2607 2606 2614 2601 2593 2601 2587 2608 2623 2624 2655 2654 2636 2601 2612 2600 2592 2593 2596 2599 2600 2611 2633 2568 2602 2606 2581 2567 2632 2642 2658 2638 2673 2743 2664 2660 2614 2653 2627 2627 2621 2619 2606 2647 2631 2647 2651 2633 2655 2639 2649 2641 2626 2599 2614 2617 2613 2610 2658 2610 2616 2690 2686 2691 2561 2560 2698 2697 2659 2658 2653 2657 2659 2654 2656 2658 2657 2658 2656 2656 2658 2659 2656 2658 2658 2648 2675 2674

Tree=0
num_leaves=31
num_cat=2
split_feature=1 9 2 9 2 2 3 14 1 14 2 13 14 14 1 2 2 14 3 2 1 15 14 14 14 14 2 14 2 14
split_gain=2833.17 3482.74 1854.58 578.425 393.349 337.097 296.94 278.264 195.713 190.327 148.248 147.383 77.3743 73.2487 67.2406 61.5699 60.1116 58.6749 56.9941 55.2143 53.1294 51.5589 50.1269 49.9659 49.2854 43.8909 43.3585 41.9429 41.75 38.4776
threshold=1.0000000180025095e-35 0 1.9349999999999989 1 2.7749999999999999 1.9950000000000012 5.0150000000000015 0.70000000000001006 10.500000000000002 0.8000000000000026 0.93499999999999972 1.0000000180025095e-35 0.95000000000000118 1.0000000180025095e-35 2.5000000000000004 0.96499999999999997 7.8449999999999998 9.4500000000000011 18.410000000000004 3.5749999999999997 9.5000000000000018 0.75000000000000011 3.1000000000000028 0.8000000000000026 0.95000000000000118 0.90000000000000402 1.5749999999999995 2.3000000000000029 3.5350000000000006 2.0000000000000013
decision_type=2 9 2 9 2 2 2 2 2 2 2 2 2 2 2 2 2 2 2 2 2 2 2 2 2 2 2 2 2 2
left_child=3 2 10 9 14 6 -3 -5 13 -1 23 29 28 -7 24 -8 27 18 -14 22 -17 -11 -15 -2 -4 -12 -23 -10 -6 -9
right_child=1 5 4 7 12 8 15 11 16 21 25 -13 17 19 -16 20 -18 -19 -20 -21 -22 26 -24 -25 -26 -27 -28 -29 -30 -31
leaf_value=0 0 0 -0.050000000000000003 0 -0.050000000000000003 0 0.050000000000000003 0 0 0 0 0.15000000000000002 -0.050000000000000003 0 0 0 -0.10000000000000001 0.10000000000000001 -0.050000000000000003 0 0.050000000000000003 0 0.050000000000000003 0 0 0 0 0.15000000000000002 -0.10000000000000001 0
leaf_weight=63515 2177 1923 3225 7588 3127 2281 1196 6138 2191 33501 10843 624 2875 3048 9549 2885 228 81 3416 1588 1416 813 487 1687 2238 7350 2426 612 2898 2850
leaf_count=63515 2177 1923 3225 7588 3127 2281 1196 6138 2191 33501 10843 624 2875 3048 9549 2885 228 81 3416 1588 1416 813 487 1687 2238 7350 2426 612 2898 2850
internal_value=-0.000404814 -0.00858276 -0.0154135 0.00428249 -0.0241016 0.0103442 0.0184973 0.0127513 0.00455678 0.00282801 -0.00462438 0.0184093 -0.0306929 0.000175581 -0.0186584 0.0244133 0.015259 -0.0268519 -0.0273963 0.00349405 0.0216229 0.00569271 0.00697313 0.00427019 -0.0230826 -0.00651349 0.0117166 0.0172672 -0.0347552 0.0167779
internal_weight=184776 67321 49466 117455 27409 17855 7420 17200 10435 100255 22057 9612 12397 7404 15012 5497 3031 6372 6291 5123 4301 36740 3535 3864 5463 18193 3239 2803 6025 8988
internal_count=184776 67321 49466 117455 27409 17855 7420 17200 10435 100255 22057 9612 12397 7404 15012 5497 3031 6372 6291 5123 4301 36740 3535 3864 5463 18193 3239 2803 6025 8988
cat_boundaries=0 1 2
cat_threshold=1 1
is_linear=0
shrinkage=0.05


Tree=1
num_leaves=31
num_cat=2
split_feature=1 9 2 9 2 14 2 14 14 2 13 15 3 1 5 3 14 1 2 14 3 2 2 5 14 15 14 2 10 2
split_gain=1793.27 1912.55 697.786 544.717 321.12 255.904 220.504 270.651 190.327 125.024 89.062 87.6431 85.8942 82.4035 81.1901 67.1371 63.0838 57.1178 58.0705 53.2423 76.042 58.0698 52.0887 56.3523 61.1386 51.5589 49.9659 43.3585 42.3569 40.7681
threshold=1.0000000180025095e-35 0 1.2600000000000009 1 4.2300000000000031 0.70000000000001006 2.8100000000000001 1.0499999999999974 0.8000000000000026 0.93499999999999972 -0.74999999999999989 1.0000000180025095e-35 14.410000000000002 10.500000000000002 0.92554050401756627 5.4600000000000009 0.95000000000000118 6.5000000000000009 1.1900000000000006 0.25000000000000006 10.425000000000002 6.450000000000002 2.8100000000000001 0.98592083029765476 1.2000000000000102 0.75000000000000011 0.8000000000000026 1.5749999999999995 8.5000000000000018 13.570000000000002
decision_type=2 9 2 9 2 2 2 2 2 2 2 2 2 2 2 2 2 2 2 2 2 2 2 2 2 2 2 2 2 2
left_child=3 2 9 8 10 -5 7 15 -1 26 -4 -7 22 29 19 -3 -14 18 -17 -6 -21 -22 28 24 -24 -10 -2 -27 -12 -8
right_child=1 6 4 5 14 11 13 -9 25 -11 12 -13 16 -15 -16 17 -18 -19 -20 20 21 -23 23 -25 -26 27 -28 -29 -30 -31
leaf_value=0 0 0 -0.047500000000000001 0 -0.095000000000000001 0 0 0.050000000000000003 0 0 0 0.050000000000000003 -0.047500000000000001 0.042500000000000003 -0.0012500000000000005 0 -0.047500000000000001 0.047500000000000001 0 0.0025000000000000005 -0.047500000000000001 -0.097500000000000003 -0.047500000000000001 0.0025000000000000005 0.0025000000000000005 0 0 0 -0.047500000000000001 -0.10000000000000001
leaf_weight=63515 2177 2481 554 7588 1567 7860 3526 4211 33501 15965 11015 1752 3695 1495 238 1529 5353 2563 1899 169 1142 1273 2974 128 813 813 1687 2426 716 151
leaf_count=63515 2177 2481 554 7588 1567 7860 3526 4211 33501 15965 11015 1752 3695 1495 238 1529 5353 2563 1899 169 1142 1273 2974 128 813 813 1687 2426 716 151
internal_value=0.000510348 -0.0059959 -0.0110579 0.0042395 -0.0159176 0.0124579 0.00802967 0.0115824 0.00282801 -0.00379999 -0.0137476 0.0178839 -0.0133028 -0.000667053 -0.0284005 0.00643296 -0.0171806 0.00929728 0.00507585 -0.0300289 -0.0256192 -0.0278882 -0.0110603 -0.00606641 -0.00716926 0.00569271 0.00427019 0.0117166 -0.012727 -0.00469132
internal_weight=184776 67321 49466 117455 29637 17200 17855 12683 100255 19829 25248 9612 24694 5172 4389 8472 9048 5991 3428 4151 2584 2415 15646 3915 3787 36740 3864 3239 11731 3677
internal_count=184776 67321 49466 117455 29637 17200 17855 12683 100255 19829 25248 9612 24694 5172 4389 8472 9048 5991 3428 4151 2584 2415 15646 3915 3787 36740 3864 3239 11731 3677
cat_boundaries=0 1 2
cat_threshold=1 1
is_linear=0
shrinkage=0.05


Tree=2
num_leaves=31
num_cat=4
split_feature=1 2 9 14 9 14 9 2 15 14 14 13 15 3 2 14 2 1 7 2 9 15 2 1 2 2 5 2 3 14
split_gain=1500.48 839.812 566.803 398.393 371.982 278.472 258.303 130.63 118.097 114.091 103.374 95.6228 101.556 91.4198 87.8216 78.3477 101.16 76.5247 68.3625 56.8867 53.5631 51.5589 48.9863 58.9216 45.0451 43.3585 39.1306 38.2691 37.065 33.6456
threshold=1.0000000180025095e-35 3.0449999999999986 0 0.8000000000000026 1 0.5999999999999962 2 0.97499999999999887 1.0000000180025095e-35 2.1999999999999944 3.0999999999999965 0.75000000000000011 1.0000000180025095e-35 10.425000000000002 1.8350000000000002 0.95000000000000118 6.450000000000002 2.5000000000000004 1.0000000180025095e-35 0.81500000000000139 3 0.75000000000000011 0.88500000000000034 8.5000000000000018 12.750000000000004 1.5749999999999995 0.72537437101228774 1.9349999999999989 15.015000000000002 1.2000000000000102
decision_type=2 2 9 2 9 2 9 2 2 2 2 2 2 2 2 2 2 2 2 2 9 2 2 2 2 2 2 2 2 2
left_child=3 2 5 20 13 8 21 -7 19 14 17 12 -8 18 -4 -15 -17 27 26 -2 -1 -5 -11 -24 29 -23 -3 -9 -19 -6
right_child=1 4 9 6 24 7 11 10 -10 22 -12 -13 -14 15 -16 16 -18 28 -20 -21 -22 25 23 -25 -26 -27 -28 -29 -30 -31
leaf_value=0 0 -0.040250000000000001 0 0 -0.0021250000000000002 0 0 0 -0.045124999999999998 0.095000000000000001 0.0023750000000000004 0.13999999999999999 -0.0025000000000000005 -0.090249999999999997 0 -0.045124999999999998 -0.092625000000000013 0 -0.090249999999999997 0 0 0 0.047500000000000001 0.13999999999999999 -0.10000000000000001 0 0.0048750000000000009 -0.0025000000000000005 0 0
leaf_weight=63515 2228 579 3513 33501 992 1999 7848 3057 1058 376 1173 621 1131 2423 3776 2311 1296 7288 294 23874 7600 813 889 412 265 2426 97 3442 4255 1724
leaf_count=63515 2228 579 3513 33501 992 1999 7848 3057 1058 376 1173 621 1131 2423 3776 2311 1296 7288 294 23874 7600 813 889 412 265 2426 97 3442 4255 1724
internal_value=0.000586115 -0.00536534 -0.0030354 0.00399728 -0.0187506 -0.00517526 0.00760466 -0.00088385 -0.00852909 0.00850602 -0.00214936 0.0149063 0.0136095 -0.0250357 0.00581012 -0.0273632 -0.022692 -0.00308447 -0.0108247 -0.0078653 0.00164663 0.00569116 0.0202743 0.0156802 -0.00389502 0.0117166 -0.00207101 -0.00742422 -0.000641081 -0.00198822
internal_weight=184776 67321 57340 117455 9981 48374 46340 21214 27160 8966 19215 9600 8979 7000 7289 6030 3607 18042 970 26102 71115 36740 1677 1301 2981 3239 676 6499 11543 2716
internal_count=184776 67321 57340 117455 9981 48374 46340 21214 27160 8966 19215 9600 8979 7000 7289 6030 3607 18042 970 26102 71115 36740 1677 1301 2981 3239 676 6499 11543 2716
cat_boundaries=0 1 2 3 4
cat_threshold=131 1 1 1
is_linear=0
shrinkage=0.05


Tree=3
num_leaves=31
num_cat=5
split_feature=1 2 14 9 14 9 9 9 14 2 13 15 5 2 2 3 14 2 7 15 1 9 2 15 2 3 2 4 1 10
split_gain=1311.85 838.654 560.098 431.073 398.393 258.303 210.451 158.039 112.498 100.705 95.6228 101.556 91.7872 90.2776 83.4852 80.5342 71.6271 96.2312 65.5881 59.2541 58.86 53.5631 52.4347 51.5589 50.7952 48.7999 43.3585 43.1118 41.1158 34.3329
threshold=1.0000000180025095e-35 3.5350000000000006 0.5999999999999962 0 0.8000000000000026 1 2 3 3.0999999999999965 1.72 0.75000000000000011 1.0000000180025095e-35 0.99280730429812436 0.97499999999999887 1.9650000000000001 10.425000000000002 0.95000000000000118 6.450000000000002 1.0000000180025095e-35 1.0000000180025095e-35 2.5000000000000004 4 13.570000000000002 0.75000000000000011 2.9449999999999998 18.265000000000004 1.5749999999999995 0.72085188119920351 8.5000000000000018 14.500000000000002
decision_type=2 2 2 9 2 9 9 9 2 2 2 2 2 2 2 2 2 2 2 2 2 9 2 2 2 2 2 2 2 2
left_child=4 2 7 12 21 23 13 -2 9 25 11 -7 15 -4 -9 18 -17 -18 -3 29 -21 -1 -5 -6 -22 -8 -25 -11 -10 -16
right_child=1 3 6 22 5 10 8 14 28 27 -12 -13 -14 -15 19 16 17 -19 -20 20 24 -23 -24 26 -26 -27 -28 -29 -30 -31
leaf_value=0 0 -0.038237500000000008 0 0 0 0 0.045000000000000005 0 0.090249999999999997 0 0.13300000000000001 -0.0023750000000000004 0.0048187500000000001 0 0 -0.085737500000000008 -0.042868750000000004 -0.087993750000000009 -0.085737500000000008 -0.042868750000000004 0.00225625 0 -0.13999999999999999 0 -0.09286875 0.047500000000000001 0 0.047625000000000001 0.14488125000000002 -0.045124999999999998
leaf_weight=63515 3087 626 1753 2632 33501 7848 2721 14396 771 3884 621 1131 117 16372 11854 2275 2098 1271 263 453 319 7600 224 813 206 940 2426 480 425 154
leaf_count=63515 3087 626 1753 2632 33501 7848 2721 14396 771 3884 621 1131 117 16372 11854 2275 2098 1271 263 453 319 7600 224 813 206 940 2426 480 425 154
internal_value=0.000807735 -0.00475706 -0.00249416 -0.0185199 0.00399728 0.00760466 0.00270058 -0.00715645 0.0088452 0.00672274 0.0149063 0.0136095 -0.0254805 -0.000430108 -0.00836376 -0.0263049 -0.0285082 -0.0238795 -0.0123172 -0.0112737 -0.0231084 0.00164663 -0.00221563 0.00569116 -0.0117143 0.012838 0.0117166 0.00159258 0.0231605 -0.0103098
internal_weight=184776 67321 57815 9506 117455 46340 27346 30469 9221 8025 9600 8979 6650 18125 27382 6533 5644 3369 889 12986 978 71115 2856 36740 525 3661 3239 4364 1196 12008
internal_count=184776 67321 57815 9506 117455 46340 27346 30469 9221 8025 9600 8979 6650 18125 27382 6533 5644 3369 889 12986 978 71115 2856 36740 525 3661 3239 4364 1196 12008
cat_boundaries=0 1 2 3 4 5
cat_threshold=1 1 1 108 1
is_linear=0
shrinkage=0.05


Tree=4
num_leaves=31
num_cat=7
split_feature=1 2 14 9 14 9 2 9 14 13 15 5 2 3 1 14 2 9 7 15 14 1 9 2 15 2 9 1 2 9
split_gain=1415.31 796.637 468.251 430.516 398.393 258.303 215.47 157.943 147.934 95.6228 101.556 91.7244 83.2528 80.358 75.2802 71.9979 95.3646 66.1974 65.5881 59.3312 59.0376 58.86 53.5631 52.4347 51.5589 50.7952 46.7217 45.9586 43.3585 34.0219
threshold=1.0000000180025095e-35 3.5350000000000006 0.5999999999999962 0 0.8000000000000026 1 0.97499999999999887 2 3.1000000000000028 0.75000000000000011 1.0000000180025095e-35 0.99280730429812436 1.9650000000000001 10.425000000000002 9.5000000000000018 0.95000000000000118 6.450000000000002 3 1.0000000180025095e-35 1.0000000180025095e-35 2.0999999999999979 2.5000000000000004 4 13.570000000000002 0.75000000000000011 2.9449999999999998 5 8.5000000000000018 1.5749999999999995 6
decision_type=2 2 2 9 2 9 2 9 2 2 2 2 2 2 2 2 2 9 2 2 2 2 9 2 2 2 9 2 2 9
left_child=4 2 7 11 22 24 20 -2 14 10 -7 13 -9 18 -8 -15 -17 -16 -3 -14 -4 -21 -1 -5 -6 -23 -10 -28 -26 -22
right_child=1 3 6 23 5 9 8 12 26 -11 -12 -13 19 15 17 16 -18 -19 -20 21 29 25 -24 -25 28 -27 27 -29 -30 -31
leaf_value=0 0 -0.036325625 0 0 0 0 0 0 0.00225625 0.12635000000000002 -0.00225625 0.0045778125000000003 0 -0.081450624999999999 0 -0.040725312499999999 -0.08359406250000001 0.047500000000000001 -0.081450624999999999 -0.040725312499999999 0.087875000000000009 0.0021434374999999999 0 -0.13300000000000001 0 -0.0882253125 0.040612500000000003 0.13763718750000001 0 0
leaf_weight=63515 3087 626 1869 2632 33501 7848 16404 14396 837 621 1131 117 12008 2275 4175 2098 1271 2131 263 453 422 319 7600 224 813 206 669 382 2426 457
leaf_count=63515 3087 626 1869 2632 33501 7848 16404 14396 837 621 1131 117 12008 2275 4175 2098 1271 2131 263 453 422 319 7600 224 813 206 669 382 2426 457
internal_value=0.000684342 -0.00509574 -0.00289025 -0.0185094 0.00399728 0.00760466 0.0018595 -0.00715317 0.000376047 0.0149063 0.0136095 -0.0254655 -0.00836011 -0.0262896 -0.000741964 -0.0284904 -0.0238498 0.00390105 -0.0123172 -0.011266 0.0151383 -0.0231084 0.00164663 -0.00221563 0.00569116 -0.0117143 0.0138242 0.0207823 0.0117166 0.0258248
internal_weight=184776 67321 57815 9506 117455 46340 27346 30469 24598 9600 8979 6650 27382 6533 22710 5644 3369 6306 889 12986 2748 978 71115 2856 36740 525 1888 1051 3239 879
internal_count=184776 67321 57815 9506 117455 46340 27346 30469 24598 9600 8979 6650 27382 6533 22710 5644 3369 6306 889 12986 2748 978 71115 2856 36740 525 1888 1051 3239 879
cat_boundaries=0 1 2 3 4 5 6 7
cat_threshold=1 1 108 65 1 1 232
is_linear=0
shrinkage=0.05


Tree=5
num_leaves=31
num_cat=7
split_feature=1 2 14 9 14 9 2 9 14 13 15 5 2 3 1 14 2 7 9 15 14 1 9 2 15 2 9 1 2 9
split_gain=1419.48 795.049 465.556 430.516 398.393 258.303 216.421 158.039 148.65 95.6228 101.556 91.7244 83.4852 80.358 72.338 71.9979 95.3646 65.5881 61.7034 60.2824 59.0376 57.952 53.5631 52.4347 51.5589 49.8003 46.7217 45.9586 43.3585 34.0219
threshold=1.0000000180025095e-35 3.5350000000000006 0.5999999999999962 0 0.8000000000000026 1 0.97499999999999887 2 3.1000000000000028 0.75000000000000011 1.0000000180025095e-35 0.99280730429812436 1.9650000000000001 10.425000000000002 9.5000000000000018 0.95000000000000118 6.450000000000002 1.0000000180025095e-35 3 1.0000000180025095e-35 2.0999999999999979 2.5000000000000004 4 13.570000000000002 0.75000000000000011 2.9449999999999998 5 8.5000000000000018 1.5749999999999995 6
decision_type=2 2 2 9 2 9 2 9 2 2 2 2 2 2 2 2 2 2 9 2 2 2 9 2 2 2 9 2 2 9
left_child=4 2 7 11 22 24 20 -2 14 10 -7 13 -9 17 -8 -15 -17 -3 -16 -14 -4 -21 -1 -5 -6 -23 -10 -28 -26 -22
right_child=1 3 6 23 5 9 8 12 26 -11 -12 -13 19 15 18 16 -18 -19 -20 21 29 25 -24 -25 28 -27 27 -29 -30 -31
leaf_value=0 0 -0.034509343749999997 0 0 0 0 0 0 0.0021434374999999999 0.12003249999999999 -0.0021434374999999999 0.0043489218750000008 0 -0.077378093750000002 0 -0.038689046875000001 -0.079414359375000007 -0.077378093750000002 0.045124999999999998 -0.038689046875000001 0.083481250000000007 0.0020362656249999999 0 -0.12635000000000002 0 -0.083814046875000006 0.038581875000000002 0.13075532812499999 0 0
leaf_weight=63515 3087 626 1869 2632 33501 7848 16404 14396 837 621 1131 117 12008 2275 4175 2098 1271 263 2131 453 422 319 7600 224 813 206 669 382 2426 457
leaf_count=63515 3087 626 1869 2632 33501 7848 16404 14396 837 621 1131 117 12008 2275 4175 2098 1271 263 2131 453 422 319 7600 224 813 206 669 382 2426 457
internal_value=0.000679471 -0.0051091 -0.00290582 -0.0185094 0.00399728 0.00760466 0.00183025 -0.00715645 0.000343524 0.0149063 0.0136095 -0.0254655 -0.00836376 -0.0262896 -0.000777191 -0.0284904 -0.0238498 -0.0123172 0.00377418 -0.0112737 0.0151383 -0.0232106 0.00164663 -0.00221563 0.00569116 -0.0119048 0.0138242 0.0207823 0.0117166 0.0258248
internal_weight=184776 67321 57815 9506 117455 46340 27346 30469 24598 9600 8979 6650 27382 6533 22710 5644 3369 889 6306 12986 2748 978 71115 2856 36740 525 1888 1051 3239 879
internal_count=184776 67321 57815 9506 117455 46340 27346 30469 24598 9600 8979 6650 27382 6533 22710 5644 3369 889 6306 12986 2748 978 71115 2856 36740 525 1888 1051 3239 879
cat_boundaries=0 1 2 3 4 5 6 7
cat_threshold=1 1 108 65 1 1 232
is_linear=0
shrinkage=0.05


Tree=6
num_leaves=31
num_cat=7
split_feature=1 2 14 9 14 9 2 9 14 13 15 5 2 3 1 14 2 7 9 15 14 1 9 2 15 2 9 1 2 9
split_gain=1419.48 795.049 465.556 430.516 398.393 258.303 216.421 158.039 148.65 95.6228 101.556 91.7244 83.4852 80.358 72.338 71.9979 95.3646 65.5881 61.7034 60.2824 59.0376 57.952 53.5631 52.4347 51.5589 49.8003 46.7217 45.9586 43.3585 34.0219
threshold=1.0000000180025095e-35 3.5350000000000006 0.5999999999999962 0 0.8000000000000026 1 0.97499999999999887 2 3.1000000000000028 0.75000000000000011 1.0000000180025095e-35 0.99280730429812436 1.9650000000000001 10.425000000000002 9.5000000000000018 0.95000000000000118 6.450000000000002 1.0000000180025095e-35 3 1.0000000180025095e-35 2.0999999999999979 2.5000000000000004 4 13.570000000000002 0.75000000000000011 2.9449999999999998 5 8.5000000000000018 1.5749999999999995 6
decision_type=2 2 2 9 2 9 2 9 2 2 2 2 2 2 2 2 2 2 9 2 2 2 9 2 2 2 9 2 2 9
left_child=4 2 7 11 22 24 20 -2 14 10 -7 13 -9 17 -8 -15 -17 -3 -16 -14 -4 -21 -1 -5 -6 -23 -10 -28 -26 -22
right_child=1 3 6 23 5 9 8 12 26 -11 -12 -13 19 15 18 16 -18 -19 -20 21 29 25 -24 -25 28 -27 27 -29 -30 -31
leaf_value=0 0 -0.032783876562500001 0 0 0 0 0 0 0.0020362656249999999 0.114030875 -0.0020362656249999999 0.0041314757812500004 0 -0.073509189062499994 0 -0.036754594531249997 -0.075443641406249998 -0.073509189062499994 0.042868750000000004 -0.036754594531249997 0.079307187500000001 0.0019344523437500002 0 -0.12003249999999999 0 -0.079623344531250001 0.036652781250000002 0.12421756171875001 0 0
leaf_weight=63515 3087 626 1869 2632 33501 7848 16404 14396 837 621 1131 117 12008 2275 4175 2098 1271 263 2131 453 422 319 7600 224 813 206 669 382 2426 457
leaf_count=63515 3087 626 1869 2632 33501 7848 16404 14396 837 621 1131 117 12008 2275 4175 2098 1271 263 2131 453 422 319 7600 224 813 206 669 382 2426 457
internal_value=0.000679471 -0.0051091 -0.00290582 -0.0185094 0.00399728 0.00760466 0.00183025 -0.00715645 0.000343524 0.0149063 0.0136095 -0.0254655 -0.00836376 -0.0262896 -0.000777191 -0.0284904 -0.0238498 -0.0123172 0.00377418 -0.0112737 0.0151383 -0.0232106 0.00164663 -0.00221563 0.00569116 -0.0119048 0.0138242 0.0207823 0.0117166 0.0258248
internal_weight=184776 67321 57815 9506 117455 46340 27346 30469 24598 9600 8979 6650 27382 6533 22710 5644 3369 889 6306 12986 2748 978 71115 2856 36740 525 1888 1051 3239 879
internal_count=184776 67321 57815 9506 117455 46340 27346 30469 24598 9600 8979 6650 27382 6533 22710 5644 3369 889 6306 12986 2748 978 71115 2856 36740 525 1888 1051 3239 879
cat_boundaries=0 1 2 3 4 5 6 7
cat_threshold=1 1 108 65 1 1 232
is_linear=0
shrinkage=0.05


Tree=7
num_leaves=31
num_cat=7
split_feature=1 2 14 9 14 9 2 9 14 13 15 5 2 3 1 14 2 7 9 15 14 1 9 2 15 2 9 1 2 9
split_gain=1419.48 795.049 465.556 430.516 398.393 258.303 216.421 158.039 148.65 95.6228 101.556 91.7244 83.4852 80.358 72.338 71.9979 95.3646 65.5881 61.7034 60.2824 59.0376 57.952 53.5631 52.4347 51.5589 49.8003 46.7217 45.9586 43.3585 34.0219
threshold=1.0000000180025095e-35 3.5350000000000006 0.5999999999999962 0 0.8000000000000026 1 0.97499999999999887 2 3.1000000000000028 0.75000000000000011 1.0000000180025095e-35 0.99280730429812436 1.9650000000000001 10.425000000000002 9.5000000000000018 0.95000000000000118 6.450000000000002 1.0000000180025095e-35 3 1.0000000180025095e-35 2.0999999999999979 2.5000000000000004 4 13.570000000000002 0.75000000000000011 2.9449999999999998 5 8.5000000000000018 1.5749999999999995 6
decision_type=2 2 2 9 2 9 2 9 2 2 2 2 2 2 2 2 2 2 9 2 2 2 9 2 2 2 9 2 2 9
left_child=4 2 7 11 22 24 20 -2 14 10 -7 13 -9 17 -8 -15 -17 -3 -16 -14 -4 -21 -1 -5 -6 -23 -10 -28 -26 -22
right_child=1 3 6 23 5 9 8 12 26 -11 -12 -13 19 15 18 16 -18 -19 -20 21 29 25 -24 -25 28 -27 27 -29 -30 -31
leaf_value=0 0 -0.031144682734375002 0 0 0 0 0 0 0.0019344523437500002 0.10832933124999999 -0.0019344523437500002 0.0039249019921875003 0 -0.069833729609374992 0 -0.034916864804687496 -0.071671459335937507 -0.069833729609374992 0.040725312499999999 -0.034916864804687496 0.07534182812500001 0.0018377297265625002 0 -0.114030875 0 -0.075642177304687502 0.034820142187500007 0.11800668363281251 0 0
leaf_weight=63515 3087 626 1869 2632 33501 7848 16404 14396 837 621 1131 117 12008 2275 4175 2098 1271 263 2131 453 422 319 7600 224 813 206 669 382 2426 457
leaf_count=63515 3087 626 1869 2632 33501 7848 16404 14396 837 621 1131 117 12008 2275 4175 2098 1271 263 2131 453 422 319 7600 224 813 206 669 382 2426 457
internal_value=0.000679471 -0.0051091 -0.00290582 -0.0185094 0.00399728 0.00760466 0.00183025 -0.00715645 0.000343524 0.0149063 0.0136095 -0.0254655 -0.00836376 -0.0262896 -0.000777191 -0.0284904 -0.0238498 -0.0123172 0.00377418 -0.0112737 0.0151383 -0.0232106 0.00164663 -0.00221563 0.00569116 -0.0119048 0.0138242 0.0207823 0.0117166 0.0258248
internal_weight=184776 67321 57815 9506 117455 46340 27346 30469 24598 9600 8979 6650 27382 6533 22710 5644 3369 889 6306 12986 2748 978 71115 2856 36740 525 1888 1051 3239 879
internal_count=184776 67321 57815 9506 117455 46340 27346 30469 24598 9600 8979 6650 27382 6533 22710 5644 3369 889 6306 12986 2748 978 71115 2856 36740 525 1888 1051 3239 879
cat_boundaries=0 1 2 3 4 5 6 7
cat_threshold=1 1 108 65 1 1 232
is_linear=0
shrinkage=0.05


Tree=8
num_leaves=31
num_cat=7
split_feature=1 2 14 9 14 9 2 9 14 13 15 5 2 3 1 14 2 7 9 15 14 1 9 2 15 2 9 1 2 9
split_gain=1419.48 795.049 465.556 430.516 398.393 258.303 216.421 158.039 148.65 95.6228 101.556 91.7244 83.4852 80.358 72.338 71.9979 95.3646 65.5881 61.7034 60.2824 59.0376 57.952 53.5631 52.4347 51.5589 49.8003 46.7217 45.9586 43.3585 34.0219
threshold=1.0000000180025095e-35 3.5350000000000006 0.5999999999999962 0 0.8000000000000026 1 0.97499999999999887 2 3.1000000000000028 0.75000000000000011 1.0000000180025095e-35 0.99280730429812436 1.9650000000000001 10.425000000000002 9.5000000000000018 0.95000000000000118 6.450000000000002 1.0000000180025095e-35 3 1.0000000180025095e-35 2.0999999999999979 2.5000000000000004 4 13.570000000000002 0.75000000000000011 2.9449999999999998 5 8.5000000000000018 1.5749999999999995 6
decision_type=2 2 2 9 2 9 2 9 2 2 2 2 2 2 2 2 2 2 9 2 2 2 9 2 2 2 9 2 2 9
left_child=4 2 7 11 22 24 20 -2 14 10 -7 13 -9 17 -8 -15 -17 -3 -16 -14 -4 -21 -1 -5 -6 -23 -10 -28 -26 -22
right_child=1 3 6 23 5 9 8 12 26 -11 -12 -13 19 15 18 16 -18 -19 -20 21 29 25 -24 -25 28 -27 27 -29 -30 -31
leaf_value=0 0 -0.029587448597656253 0 0 0 0 0 0 0.0018377297265625002 0.10291286468750001 -0.0018377297265625002 0.003728656892578125 0 -0.06634204312890625 0 -0.033171021564453125 -0.068087886369140635 -0.06634204312890625 0.038689046875000001 -0.033171021564453125 0.071574736718750004 0.0017458432402343753 0 -0.10832933124999999 0 -0.071860068439453126 0.033079135078125002 0.11210634945117187 0 0
leaf_weight=63515 3087 626 1869 2632 33501 7848 16404 14396 837 621 1131 117 12008 2275 4175 2098 1271 263 2131 453 422 319 7600 224 813 206 669 382 2426 457
leaf_count=63515 3087 626 1869 2632 33501 7848 16404 14396 837 621 1131 117 12008 2275 4175 2098 1271 263 2131 453 422 319 7600 224 813 206 669 382 2426 457
internal_value=0.000679471 -0.0051091 -0.00290582 -0.0185094 0.00399728 0.00760466 0.00183025 -0.00715645 0.000343524 0.0149063 0.0136095 -0.0254655 -0.00836376 -0.0262896 -0.000777191 -0.0284904 -0.0238498 -0.0123172 0.00377418 -0.0112737 0.0151383 -0.0232106 0.00164663 -0.00221563 0.00569116 -0.0119048 0.0138242 0.0207823 0.0117166 0.0258248
internal_weight=184776 67321 57815 9506 117455 46340 27346 30469 24598 9600 8979 6650 27382 6533 22710 5644 3369 889 6306 12986 2748 978 71115 2856 36740 525 1888 1051 3239 879
internal_count=184776 67321 57815 9506 117455 46340 27346 30469 24598 9600 8979 6650 27382 6533 22710 5644 3369 889 6306 12986 2748 978 71115 2856 36740 525 1888 1051 3239 879
cat_boundaries=0 1 2 3 4 5 6 7
cat_threshold=1 1 108 65 1 1 232
is_linear=0
shrinkage=0.05


Tree=9
num_leaves=31
num_cat=7
split_feature=1 2 14 9 14 2 9 9 14 5 2 3 1 14 2 7 9 15 14 1 2 9 15 2 15 2 2 9 9 2
split_gain=1409.17 790.298 455.383 430.516 373.961 219.644 210.507 158.039 120.958 91.7244 83.4852 80.358 72.338 71.9979 95.3646 65.5881 61.7034 60.2824 59.0376 57.952 55.749 53.5631 53.4349 52.4347 51.5589 49.8003 43.3585 34.3234 34.0219 33.4468
threshold=1.0000000180025095e-35 3.5350000000000006 0.5999999999999962 0 0.8000000000000026 0.97499999999999887 1 2 3.1000000000000028 0.99280730429812436 1.9650000000000001 10.425000000000002 9.5000000000000018 0.95000000000000118 6.450000000000002 1.0000000180025095e-35 3 1.0000000180025095e-35 2.0999999999999979 2.5000000000000004 1.9150000000000003 4 1.0000000180025095e-35 13.570000000000002 0.75000000000000011 2.9449999999999998 1.5749999999999995 5 6 0.3799999999999995
decision_type=2 2 2 9 2 2 9 9 2 2 2 2 2 2 2 2 9 2 2 2 2 9 2 2 2 2 2 9 9 2
left_child=4 2 7 9 21 18 24 -2 12 11 29 15 -7 -13 -15 -3 -14 -12 -4 -19 -8 -1 -22 -5 -6 -21 -26 -10 -20 -9
right_child=1 3 5 23 6 8 20 10 27 -11 17 13 16 14 -16 -17 -18 19 28 25 22 -23 -24 -25 26 -27 -28 -29 -30 -31
leaf_value=0 0 -0.02810807616777344 0 0 0 0 0 0 0.0017458432402343753 0.0035422240479492193 0 -0.063024940972460947 0 -0.031512470486230473 -0.064683492050683591 -0.063024940972460947 0.036754594531249997 -0.031512470486230473 0.067995999882812505 0.0016585510782226563 0 0 0.047767221453125001 -0.10291286468750001 0 -0.068267065017480477 0 0.081181428324218763 0 0
leaf_weight=63515 3087 626 1869 2632 33501 16404 3540 1877 997 117 12008 2275 4175 2098 1271 263 2131 453 422 319 4989 7600 1071 224 813 206 2426 891 457 12519
leaf_count=63515 3087 626 1869 2632 33501 16404 3540 1877 997 117 12008 2275 4175 2098 1271 263 2131 453 422 319 4989 7600 1071 224 813 206 2426 891 457 12519
internal_value=0.000618316 -0.00514921 -0.00295252 -0.0185094 0.00392406 0.00173151 0.00741908 -0.00715645 0.000233759 -0.0254655 -0.00836376 -0.0262896 -0.000777191 -0.0284904 -0.0238498 -0.0123172 0.00377418 -0.0112737 0.0151383 -0.0232106 0.0140114 0.00164663 0.0111139 -0.00221563 0.00569116 -0.0119048 0.0117166 0.0123941 0.0258248 -0.00574465
internal_weight=184776 67321 57815 9506 117455 27346 46340 30469 24598 6650 27382 6533 22710 5644 3369 889 6306 12986 2748 978 9600 71115 6060 2856 36740 525 3239 1888 879 14396
internal_count=184776 67321 57815 9506 117455 27346 46340 30469 24598 6650 27382 6533 22710 5644 3369 889 6306 12986 2748 978 9600 71115 6060 2856 36740 525 3239 1888 879 14396
cat_boundaries=0 1 2 3 4 5 6 7
cat_threshold=1 1 108 65 1 5 232
is_linear=0
shrinkage=0.05


Tree=10
num_leaves=31
num_cat=6
split_feature=1 2 9 14 14 2 9 9 14 5 2 3 1 14 2 7 9 15 14 1 2 9 15 15 2 2 9 2 10 5
split_gain=1396.28 753.346 475.962 453.137 373.961 220.363 210.507 158.039 115.191 91.7244 83.4852 80.358 72.338 71.9979 95.3646 65.5881 61.7034 60.2824 59.0376 57.952 55.749 53.5631 53.4349 51.5589 49.8003 43.3585 34.0219 33.4468 32.482 32.0869
threshold=1.0000000180025095e-35 3.5350000000000006 0 0.5999999999999962 0.8000000000000026 0.97499999999999887 1 2 3.1000000000000028 0.99280730429812436 1.9650000000000001 10.425000000000002 9.5000000000000018 0.95000000000000118 6.450000000000002 1.0000000180025095e-35 3 1.0000000180025095e-35 2.0999999999999979 2.5000000000000004 1.9150000000000003 4 1.0000000180025095e-35 0.75000000000000011 2.9449999999999998 1.5749999999999995 5 0.3799999999999995 14.500000000000002 -0.18223552549214764
decision_type=2 2 9 2 2 2 9 9 2 2 2 2 2 2 2 2 9 2 2 2 2 9 2 2 2 2 9 2 2 2
left_child=4 3 9 7 21 18 23 -2 12 11 27 15 -7 -13 29 -3 -14 28 -5 -19 -8 -1 -22 -6 -21 -25 -20 -9 -12 -15
right_child=1 2 -4 5 6 8 20 10 -10 -11 17 13 16 14 -16 -17 -18 19 26 24 22 -23 -24 25 -26 -27 -28 -29 -30 -31
leaf_value=0 0 -0.026702672359384769 0 0 0 0 0 0 0.0041585510782226566 0.0033651128455517579 0 -0.059873693923837894 0 -0.029936846961918947 -0.06144931744814941 -0.059873693923837894 0.034916864804687496 -0.029936846961918947 0.064596199888671865 0.0015756235243115234 0 0 0.045378860380468747 0 -0.064853711766606453 0 0 0 -0.042868750000000004 -0.029936846961918947
leaf_weight=63515 3087 626 2856 1869 33501 16404 3540 1877 1888 117 11854 2275 4175 1073 1271 263 2131 453 422 319 4989 7600 1071 813 206 2426 457 12519 154 1025
leaf_count=63515 3087 626 2856 1869 33501 16404 3540 1877 1888 117 11854 2275 4175 1073 1271 263 2131 453 422 319 4989 7600 1071 813 206 2426 457 12519 154 1025
internal_value=0.00063347 -0.00510762 -0.0181517 -0.0029629 0.00392406 0.00170957 0.00741908 -0.00715645 0.000209367 -0.0254655 -0.00836376 -0.0262896 -0.000777191 -0.0284904 -0.0238498 -0.0123172 0.00377418 -0.0112737 0.0151383 -0.0232106 0.0140114 0.00164663 0.0111139 0.00569116 -0.0119048 0.0117166 0.0258248 -0.00574465 -0.0103015 -0.0173022
internal_weight=184776 67321 9506 57815 117455 27346 46340 30469 24598 6650 27382 6533 22710 5644 3369 889 6306 12986 2748 978 9600 71115 6060 36740 525 3239 879 14396 12008 2098
internal_count=184776 67321 9506 57815 117455 27346 46340 30469 24598 6650 27382 6533 22710 5644 3369 889 6306 12986 2748 978 9600 71115 6060 36740 525 3239 879 14396 12008 2098
cat_boundaries=0 1 2 3 4 5 6
cat_threshold=1 1 108 65 1 232
is_linear=0
shrinkage=0.05


Tree=11
num_leaves=31
num_cat=6
split_feature=1 2 9 14 14 2 9 9 14 5 2 3 1 14 2 7 9 15 14 1 2 9 15 15 2 2 9 2 10 5
split_gain=1396.28 753.346 475.962 453.137 373.961 220.363 210.507 158.039 115.191 91.7244 83.4852 80.358 72.338 71.9979 95.3646 65.5881 61.7034 60.2824 59.0376 57.952 55.749 53.5631 53.4349 51.5589 49.8003 43.3585 34.0219 33.4468 32.482 32.0869
threshold=1.0000000180025095e-35 3.5350000000000006 0 0.5999999999999962 0.8000000000000026 0.97499999999999887 1 2 3.1000000000000028 0.99280730429812436 1.9650000000000001 10.425000000000002 9.5000000000000018 0.95000000000000118 6.450000000000002 1.0000000180025095e-35 3 1.0000000180025095e-35 2.0999999999999979 2.5000000000000004 1.9150000000000003 4 1.0000000180025095e-35 0.75000000000000011 2.9449999999999998 1.5749999999999995 5 0.3799999999999995 14.500000000000002 -0.18223552549214764
decision_type=2 2 9 2 2 2 9 9 2 2 2 2 2 2 2 2 9 2 2 2 2 9 2 2 2 2 9 2 2 2
left_child=4 3 9 7 21 18 23 -2 12 11 27 15 -7 -13 29 -3 -14 28 -5 -19 -8 -1 -22 -6 -21 -25 -20 -9 -12 -15
right_child=1 2 -4 5 6 8 20 10 -10 -11 17 13 16 14 -16 -17 -18 19 26 24 22 -23 -24 25 -26 -27 -28 -29 -30 -31
leaf_value=0 0 -0.025367538741415532 0 0 0 0 0 0 0.0039506235243115233 0.0031968572032741701 0 -0.056880009227646001 0 -0.028440004613823001 -0.058376851575741941 -0.056880009227646001 0.033171021564453125 -0.028440004613823001 0.061366389894238288 0.0014968423480959472 0 0 0.043109917361445309 0 -0.061611026178276122 0 0 0 -0.040725312499999999 -0.028440004613823001
leaf_weight=63515 3087 626 2856 1869 33501 16404 3540 1877 1888 117 11854 2275 4175 1073 1271 263 2131 453 422 319 4989 7600 1071 813 206 2426 457 12519 154 1025
leaf_count=63515 3087 626 2856 1869 33501 16404 3540 1877 1888 117 11854 2275 4175 1073 1271 263 2131 453 422 319 4989 7600 1071 813 206 2426 457 12519 154 1025
internal_value=0.00063347 -0.00510762 -0.0181517 -0.0029629 0.00392406 0.00170957 0.00741908 -0.00715645 0.000209367 -0.0254655 -0.00836376 -0.0262896 -0.000777191 -0.0284904 -0.0238498 -0.0123172 0.00377418 -0.0112737 0.0151383 -0.0232106 0.0140114 0.00164663 0.0111139 0.00569116 -0.0119048 0.0117166 0.0258248 -0.00574465 -0.0103015 -0.0173022
internal_weight=184776 67321 9506 57815 117455 27346 46340 30469 24598 6650 27382 6533 22710 5644 3369 889 6306 12986 2748 978 9600 71115 6060 36740 525 3239 879 14396 12008 2098
internal_count=184776 67321 9506 57815 117455 27346 46340 30469 24598 6650 27382 6533 22710 5644 3369 889 6306 12986 2748 978 9600 71115 6060 36740 525 3239 879 14396 12008 2098
cat_boundaries=0 1 2 3 4 5 6
cat_threshold=1 1 108 65 1 232
is_linear=0
shrinkage=0.05


Tree=12
num_leaves=31
num_cat=6
split_feature=1 2 9 14 14 2 9 9 14 5 2 3 1 14 2 7 9 15 14 1 2 9 15 15 2 2 9 2 10 5
split_gain=1396.28 753.346 475.962 453.137 373.961 220.363 210.507 158.039 115.191 91.7244 83.4852 80.358 72.338 71.9979 95.3646 65.5881 61.7034 60.2824 59.0376 57.952 55.749 53.5631 53.4349 51.5589 49.8003 43.3585 34.0219 33.4468 32.482 32.0869
threshold=1.0000000180025095e-35 3.5350000000000006 0 0.5999999999999962 0.8000000000000026 0.97499999999999887 1 2 3.1000000000000028 0.99280730429812436 1.9650000000000001 10.425000000000002 9.5000000000000018 0.95000000000000118 6.450000000000002 1.0000000180025095e-35 3 1.0000000180025095e-35 2.0999999999999979 2.5000000000000004 1.9150000000000003 4 1.0000000180025095e-35 0.75000000000000011 2.9449999999999998 1.5749999999999995 5 0.3799999999999995 14.500000000000002 -0.18223552549214764
decision_type=2 2 9 2 2 2 9 9 2 2 2 2 2 2 2 2 9 2 2 2 2 9 2 2 2 2 9 2 2 2
left_child=4 3 9 7 21 18 23 -2 12 11 27 15 -7 -13 29 -3 -14 28 -5 -19 -8 -1 -22 -6 -21 -25 -20 -9 -12 -15
right_child=1 2 -4 5 6 8 20 10 -10 -11 17 13 16 14 -16 -17 -18 19 26 24 22 -23 -24 25 -26 -27 -28 -29 -30 -31
leaf_value=0 0 -0.024099161804344751 0 0 0 0 0 0 0.003753092348095947 0.0030370143431104613 0 -0.054036008766263688 0 -0.027018004383131844 -0.055458008996954848 -0.054036008766263688 0.031512470486230473 -0.027018004383131844 0.058298070399526371 0.0014220002306911499 0 0 0.040954421493373042 0 -0.058530474869362317 0 0 0 -0.038689046875000001 -0.027018004383131844
leaf_weight=63515 3087 626 2856 1869 33501 16404 3540 1877 1888 117 11854 2275 4175 1073 1271 263 2131 453 422 319 4989 7600 1071 813 206 2426 457 12519 154 1025
leaf_count=63515 3087 626 2856 1869 33501 16404 3540 1877 1888 117 11854 2275 4175 1073 1271 263 2131 453 422 319 4989 7600 1071 813 206 2426 457 12519 154 1025
internal_value=0.00063347 -0.00510762 -0.0181517 -0.0029629 0.00392406 0.00170957 0.00741908 -0.00715645 0.000209367 -0.0254655 -0.00836376 -0.0262896 -0.000777191 -0.0284904 -0.0238498 -0.0123172 0.00377418 -0.0112737 0.0151383 -0.0232106 0.0140114 0.00164663 0.0111139 0.00569116 -0.0119048 0.0117166 0.0258248 -0.00574465 -0.0103015 -0.0173022
internal_weight=184776 67321 9506 57815 117455 27346 46340 30469 24598 6650 27382 6533 22710 5644 3369 889 6306 12986 2748 978 9600 71115 6060 36740 525 3239 879 14396 12008 2098
internal_count=184776 67321 9506 57815 117455 27346 46340 30469 24598 6650 27382 6533 22710 5644 3369 889 6306 12986 2748 978 9600 71115 6060 36740 525 3239 879 14396 12008 2098
cat_boundaries=0 1 2 3 4 5 6
cat_threshold=1 1 108 65 1 232
is_linear=0
shrinkage=0.05


Tree=13
num_leaves=31
num_cat=6
split_feature=1 2 9 14 14 2 9 9 14 5 2 3 1 14 2 7 9 15 14 1 2 9 15 15 2 2 9 2 10 5
split_gain=1396.28 753.346 475.962 453.137 373.961 220.363 210.507 158.039 115.191 91.7244 83.4852 80.358 72.338 71.9979 95.3646 65.5881 61.7034 60.2824 59.0376 57.952 55.749 53.5631 53.4349 51.5589 49.8003 43.3585 34.0219 33.4468 32.482 32.0869
threshold=1.0000000180025095e-35 3.5350000000000006 0 0.5999999999999962 0.8000000000000026 0.97499999999999887 1 2 3.1000000000000028 0.99280730429812436 1.9650000000000001 10.425000000000002 9.5000000000000018 0.95000000000000118 6.450000000000002 1.0000000180025095e-35 3 1.0000000180025095e-35 2.0999999999999979 2.5000000000000004 1.9150000000000003 4 1.0000000180025095e-35 0.75000000000000011 2.9449999999999998 1.5749999999999995 5 0.3799999999999995 14.500000000000002 -0.18223552549214764
decision_type=2 2 9 2 2 2 9 9 2 2 2 2 2 2 2 2 9 2 2 2 2 9 2 2 2 2 9 2 2 2
left_child=4 3 9 7 21 18 23 -2 12 11 27 15 -7 -13 29 -3 -14 28 -5 -19 -8 -1 -22 -6 -21 -25 -20 -9 -12 -15
right_child=1 2 -4 5 6 8 20 10 -10 -11 17 13 16 14 -16 -17 -18 19 26 24 22 -23 -24 25 -26 -27 -28 -29 -30 -31
leaf_value=0 0 -0.022894203714127509 0 0 0 0 0 0 0.0035654377306911498 0.0028851636259549385 0 -0.051334208327950506 0 -0.025667104163975253 -0.052685108547107111 -0.051334208327950506 0.029936846961918947 -0.025667104163975253 0.055383166879550055 0.0013509002191565925 0 0 0.038906700418704393 0 -0.055603951125894203 0 0 0 -0.036754594531249997 -0.025667104163975253
leaf_weight=63515 3087 626 2856 1869 33501 16404 3540 1877 1888 117 11854 2275 4175 1073 1271 263 2131 453 422 319 4989 7600 1071 813 206 2426 457 12519 154 1025
leaf_count=63515 3087 626 2856 1869 33501 16404 3540 1877 1888 117 11854 2275 4175 1073 1271 263 2131 453 422 319 4989 7600 1071 813 206 2426 457 12519 154 1025
internal_value=0.00063347 -0.00510762 -0.0181517 -0.0029629 0.00392406 0.00170957 0.00741908 -0.00715645 0.000209367 -0.0254655 -0.00836376 -0.0262896 -0.000777191 -0.0284904 -0.0238498 -0.0123172 0.00377418 -0.0112737 0.0151383 -0.0232106 0.0140114 0.00164663 0.0111139 0.00569116 -0.0119048 0.0117166 0.0258248 -0.00574465 -0.0103015 -0.0173022
internal_weight=184776 67321 9506 57815 117455 27346 46340 30469 24598 6650 27382 6533 22710 5644 3369 889 6306 12986 2748 978 9600 71115 6060 36740 525 3239 879 14396 12008 2098
internal_count=184776 67321 9506 57815 117455 27346 46340 30469 24598 6650 27382 6533 22710 5644 3369 889 6306 12986 2748 978 9600 71115 6060 36740 525 3239 879 14396 12008 2098
cat_boundaries=0 1 2 3 4 5 6
cat_threshold=1 1 108 65 1 232
is_linear=0
shrinkage=0.05


Tree=14
num_leaves=31
num_cat=4
split_feature=1 9 2 14 14 9 2 1 14 2 1 2 14 3 2 2 13 14 15 2 9 15 15 1 2 2 5 2 2 9
split_gain=1237.13 532.837 520.707 373.961 297.941 210.507 176.349 146.161 114.97 302.049 94.2005 86.358 81.4406 75.5832 77.2944 72.8015 65.0837 64.6317 56.4344 55.749 53.5631 53.4349 51.5589 47.4461 55.4355 43.3585 41.3087 37.3169 36.0542 34.6791
threshold=1.0000000180025095e-35 0 3.0449999999999986 0.8000000000000026 0.95000000000000118 1 0.96499999999999997 1.5000000000000002 0.90000000000000402 4.285000000000001 10.500000000000002 0.97499999999999887 2.0999999999999979 12.485000000000001 6.450000000000002 1.9650000000000001 1.0000000180025095e-35 1.3000000000000027 0.75000000000000011 1.9150000000000003 2 1.0000000180025095e-35 0.75000000000000011 2.5000000000000004 2.9949999999999997 1.5749999999999995 -0.60876142900872066 3.9349999999999992 0.81500000000000139 3
decision_type=2 9 2 2 2 9 2 2 2 2 2 2 2 2 2 2 2 2 2 2 9 2 2 2 2 2 2 2 2 9
left_child=3 2 4 20 15 22 17 8 9 -4 16 -6 -12 26 -15 28 29 -3 -17 -7 -1 -21 -5 -20 -25 -24 -9 -14 -2 -8
right_child=1 6 7 5 11 19 10 13 -10 -11 12 -13 27 14 -16 18 -18 -19 23 21 -22 -23 25 24 -26 -27 -28 -29 -30 -31
leaf_value=0 0 0.042874999999999996 -0.0011424979115529867 0 0 0 0 -0.051142497911552988 -5.0853119751748112e-05 0.0012325020884470185 0 0 0.10167057532833629 -0.051142497911552988 -0.10005085311975176 0 0.077722846673941748 0.052614008535572548 -0.024383748955776493 0 0 0.036961365397769168 0 0.0012833552081987628 -0.052823753569599501 0 -0.021749493528421135 0.040375000000000001 0 0
leaf_weight=63515 2132 670 268 33501 1697 3540 3404 391 708 357 3865 15827 628 2918 1536 10988 278 715 388 4989 7600 1071 813 272 170 2426 822 368 10992 7927
leaf_count=63515 2132 670 268 33501 1697 3540 3404 391 708 357 3865 15827 628 2918 1536 10988 278 715 388 4989 7600 1071 813 272 170 2426 822 368 10992 7927
internal_value=0.000826677 -0.00457732 -0.00724897 0.00392406 -0.00516766 0.00741908 0.00282676 -0.0198857 -0.00498875 0.01064 0.00138737 -0.000171194 0.00723102 -0.0233898 -0.0264032 -0.00867813 -0.00105952 0.0199639 -0.0115248 0.0140114 0.00164663 0.0111139 0.00569116 -0.0240964 -0.0128959 0.0117166 -0.0123248 0.0199799 -0.00611475 -0.00164593
internal_weight=184776 67321 49466 117455 42466 46340 17855 7000 1333 625 16470 17524 4861 5667 4454 24942 11609 1385 11818 9600 71115 6060 36740 830 442 3239 1213 996 13124 11331
internal_count=184776 67321 49466 117455 42466 46340 17855 7000 1333 625 16470 17524 4861 5667 4454 24942 11609 1385 11818 9600 71115 6060 36740 830 442 3239 1213 996 13124 11331
cat_boundaries=0 1 2 3 4
cat_threshold=1 1 1 128
is_linear=0
shrinkage=0.05


Tree=15
num_leaves=31
num_cat=5
split_feature=1 9 14 2 14 9 3 1 5 14 2 13 7 2 9 15 15 14 9 2 4 2 10 2 0 13 2 3 2 3
split_gain=1202.57 406.834 373.961 323.515 236.253 210.507 121.651 102.857 94.7462 83.7902 76.9025 65.6399 60.2517 55.749 53.5631 53.4349 51.5589 50.7451 50.3581 50.0987 45.7501 43.3585 43.3233 41.7705 38.2732 38.2567 34.6173 41.4249 33.1205 31.071
threshold=1.0000000180025095e-35 0 0.8000000000000026 2.0400000000000031 0.60000000000000508 1 26.050000000000004 10.500000000000002 0.97859653660919488 2.0999999999999979 0.97499999999999887 1.7500000000000002 1.0000000180025095e-35 1.9150000000000003 2 1.0000000180025095e-35 0.75000000000000011 10.400000000000011 3 0.81500000000000139 0.89974614281087761 1.5749999999999995 7.5000000000000009 3.9349999999999992 4 -0.74999999999999989 2.5749999999999997 5.4600000000000009 8.2500000000000018 8.7000000000000028
decision_type=2 9 2 2 2 9 2 2 2 2 2 2 2 2 9 2 2 2 9 2 2 2 2 2 1 2 2 2 2 2
left_child=2 3 14 4 19 16 8 11 12 26 -6 18 25 -7 -1 -15 -4 28 -3 -2 24 -18 -12 -11 -20 -5 27 -9 -8 -16
right_child=1 7 5 6 10 13 17 9 -10 23 22 -13 -14 15 29 -17 21 -19 20 -21 -22 -23 -24 -25 -26 -27 -28 -29 -30 -31
leaf_value=0 0 0 0 -0.046210373015975338 0 0 -0.045124999999999998 0 0.0023750000000000004 0.096587046561919465 0 0.097845808108793925 -0.045124999999999998 0 0 0.035113297127880708 0 0.10081929073973424 0 0 0.047618750000000001 0 0.00088716584415659237 0.038356250000000001 0 -0.026567368632843487 -0.0020187500000000001 0.040119299573221377 -0.095048310463764163 0
leaf_weight=63515 2087 4767 33501 446 1747 3540 2147 816 396 724 11625 219 2284 4989 4605 1071 813 81 6401 18878 528 2426 1455 368 728 7614 1043 2261 706 2995
leaf_count=63515 2087 4767 33501 446 1747 3540 2147 816 396 724 11625 219 2284 4989 4605 1071 813 81 6401 18878 528 2426 1455 368 728 7614 1043 2261 706 2995
internal_value=0.000870243 -0.00445775 0.00392406 -0.00679218 -0.00429426 0.00741908 -0.0133355 0.00201231 -0.0108706 0.00792402 0.000536184 -0.000423159 -0.0117894 0.0140114 0.00164663 0.0111139 0.00569116 -0.0223586 -0.000901481 -0.00771047 0.0016108 0.0117166 -0.000779817 0.0202381 0.000561089 -0.00975806 0.00466019 0.00732857 -0.0234665 0.00561104
internal_weight=184776 67321 117455 49466 35792 46340 13674 17855 10740 5212 14827 12643 10344 9600 71115 6060 36740 2934 12424 20965 7657 3239 13080 1092 7129 8060 4120 3077 2853 7600
internal_count=184776 67321 117455 49466 35792 46340 13674 17855 10740 5212 14827 12643 10344 9600 71115 6060 36740 2934 12424 20965 7657 3239 13080 1092 7129 8060 4120 3077 2853 7600
cat_boundaries=0 1 2 3 4 5
cat_threshold=1 1 1 130 1
is_linear=0
shrinkage=0.05


Tree=16
num_leaves=31
num_cat=5
split_feature=1 14 9 9 14 2 1 2 2 3 13 1 9 2 1 2 9 15 15 2 1 14 2 2 0 14 2 1 12 2
split_gain=1044.66 373.961 316.237 210.507 182.63 199.058 144.708 197.885 113.43 67.0366 61.1011 59.1713 58.6697 55.963 347.271 55.749 53.5631 53.4349 51.5589 43.3585 41.862 54.4911 40.3406 37.1539 37.0529 36.9931 34.7682 313.49 37.3469 34.7515
threshold=1.0000000180025095e-35 0.8000000000000026 0 1 0.5999999999999962 3.0449999999999986 1.5000000000000002 6.0049999999999999 0.97499999999999887 11.925000000000002 1.2500000000000002 10.500000000000002 2 5.5150000000000006 1.5000000000000002 1.9150000000000003 3 1.0000000180025095e-35 0.75000000000000011 1.5749999999999995 9.5000000000000018 1.2 8.5050000000000026 0.81500000000000139 4 1.2000000000000102 3.845000000000002 1.5000000000000002 1.0000000180025095e-35 2.29
decision_type=2 2 9 9 2 2 2 2 2 2 2 2 9 2 2 2 9 2 2 2 2 2 2 2 1 2 2 2 2 2
left_child=1 16 4 18 13 8 7 -7 -6 -8 11 24 -11 23 -15 -5 -1 -17 -3 -20 -10 -22 -14 -2 -4 -13 -25 -28 -29 -27
right_child=2 3 10 15 5 6 9 -9 20 12 -12 25 22 14 -16 17 -18 -19 19 -21 21 -23 -24 26 -26 29 27 28 -30 -31
leaf_value=0 0 0 0 0 0 -0.022124956299788907 0.0023649899883114835 0.0047041050594240465 0 -0.0019178125000000002 0.11781628893480496 0 -0.044820719659765161 0.0034271269840246755 -0.093954123015975333 0 0 0.033357632271486672 0 0 0 0.00088716584415659237 -0.14029589494057595 0 0 0.071684039635161942 0.002499245415666851 -0.043954123015975337 -0.047257004584333163 0.036438437499999997
leaf_weight=63515 2206 33501 7971 3540 1935 524 435 292 13400 615 231 2170 2255 184 871 4989 7600 1071 813 2426 2942 2065 649 24675 818 682 384 814 638 565
leaf_count=63515 2206 33501 7971 3540 1935 524 435 292 13400 615 231 2170 2255 184 871 4989 7600 1071 813 2426 2942 2065 649 24675 818 682 384 814 638 565
internal_value=0.00107779 0.00392406 -0.00388809 0.00741908 -0.00551882 -0.00237934 -0.0115723 0.00759804 -0.000223675 -0.0155286 0.00331003 0.00283058 -0.0178176 -0.00816875 -0.0194787 0.0140114 0.00164663 0.0111139 0.00569116 0.0117166 -0.00143424 0.00246655 -0.0207618 -0.00775325 0.000659916 0.00841381 -0.00827204 -0.00163399 -0.012259 0.0152767
internal_weight=184776 117455 67321 46340 54884 25112 4770 816 20342 3954 12437 12206 3519 29772 1055 9600 71115 6060 36740 3239 18407 5007 2904 28717 8789 3417 26511 1836 1452 1247
internal_count=184776 117455 67321 46340 54884 25112 4770 816 20342 3954 12437 12206 3519 29772 1055 9600 71115 6060 36740 3239 18407 5007 2904 28717 8789 3417 26511 1836 1452 1247
cat_boundaries=0 1 2 3 4 5
cat_threshold=129 1 128 1 1
is_linear=0
shrinkage=0.05


Tree=17
num_leaves=31
num_cat=5
split_feature=1 14 9 9 2 1 2 1 14 2 14 14 13 2 2 10 2 5 9 15 15 14 2 1 2 2 9 0 2 12
split_gain=1100.62 373.961 351.567 210.507 187.489 106.778 84.8625 686.734 105.741 98.3102 127.792 75.5849 66.3113 55.8432 55.9088 65.9823 55.749 55.1685 53.5631 53.4349 51.5589 49.3671 47.9074 167.347 47.3261 43.3585 40.0986 43.2709 39.2137 35.9706
threshold=1.0000000180025095e-35 0.8000000000000026 0 1 0.93499999999999972 10.500000000000002 4.0600000000000032 1.5000000000000002 0.95000000000000118 6.0049999999999999 0.95000000000000118 1.0499999999999974 1.7500000000000002 3.0449999999999986 1.2399999999999995 7.5000000000000009 1.9150000000000003 -0.0043633092847464704 2 1.0000000180025095e-35 0.75000000000000011 0.8000000000000026 3.845000000000002 1.5000000000000002 2.5600000000000001 1.5749999999999995 3 4 0.96499999999999997 1.0000000180025095e-35
decision_type=2 2 9 9 2 2 2 2 2 2 2 2 2 2 2 2 2 2 9 2 2 2 2 2 2 2 9 1 2 2
left_child=1 18 4 20 21 12 8 9 22 10 -8 -7 26 14 15 -10 -5 -9 -1 -18 -3 -2 -6 -24 -13 -22 -4 28 -28 -16
right_child=2 3 5 16 6 11 7 17 13 -11 -12 24 -14 -15 29 -17 19 -19 -20 -21 25 -23 23 -25 -26 -27 27 -29 -30 -31
leaf_value=0 0 0 0 0 0 0 0.0033021647132413291 -0.083281100193547161 0 0.0032557706348234406 -0.021018708484799462 0.072849837653403832 0.091317457885863221 -0.021018708484799462 0 -4.435829220782962e-05 0 -0.041756416865176574 0 0.031689750657912345 0 0 0.0010459147132413139 -0.04408261762368245 0.036534328125000001 0 0.045356250000000001 0 0 0
leaf_weight=63515 2177 33501 4767 3540 23065 3233 229 2036 5926 384 231 1120 219 1217 4354 366 4989 1579 7600 1071 813 1687 194 814 859 2426 557 762 6338 5207
leaf_count=63515 2177 33501 4767 3540 23065 3233 229 2036 5926 384 231 1120 219 1217 4354 366 4989 1579 7600 1071 813 1687 194 814 859 2426 557 762 6338 5207
internal_value=0.00100257 0.00392406 -0.00409456 0.00741908 -0.00626465 0.00191996 -0.00716197 -0.0137138 -0.00645189 0.0268957 0.0113043 0.00794321 -0.000561576 -0.00344171 -0.00264934 -0.0063096 0.0140114 -0.023195 0.00164663 0.0111139 0.00569116 0.00430901 -0.00858638 0.00208333 0.0156392 0.0117166 -0.00104234 0.00119995 0.00245105 -0.000240561
internal_weight=184776 117455 67321 46340 49466 17855 45602 4459 41143 844 460 5212 12643 17070 15853 6292 9600 3615 71115 6060 36740 3864 24073 1008 1979 3239 12424 7657 6895 9561
internal_count=184776 117455 67321 46340 49466 17855 45602 4459 41143 844 460 5212 12643 17070 15853 6292 9600 3615 71115 6060 36740 3864 24073 1008 1979 3239 12424 7657 6895 9561
cat_boundaries=0 1 2 3 4 5
cat_threshold=1 1 1 130 1
is_linear=0
shrinkage=0.05


Tree=18
num_leaves=31
num_cat=5
split_feature=1 14 9 9 2 1 2 1 14 2 14 13 14 2 2 2 10 5 9 15 15 14 2 1 2 2 9 0 2 12
split_gain=1109.4 373.961 340.976 210.507 187.476 98.3914 84.5736 686.734 104.905 98.3102 127.792 66.4267 64.3396 55.749 55.6531 57.0023 65.824 55.1685 53.5631 53.4349 51.5589 50.2997 47.958 167.347 43.3604 43.3585 39.5622 42.9715 36.2204 35.9706
threshold=1.0000000180025095e-35 0.8000000000000026 0 1 0.99500000000000111 10.500000000000002 4.0600000000000032 1.5000000000000002 0.95000000000000118 6.0049999999999999 0.95000000000000118 1.7500000000000002 1.0499999999999974 1.9150000000000003 3.0449999999999986 1.2399999999999995 7.5000000000000009 -0.0043633092847464704 2 1.0000000180025095e-35 0.75000000000000011 0.8000000000000026 3.845000000000002 1.5000000000000002 2.5600000000000001 1.5749999999999995 3 4 0.96499999999999997 1.0000000180025095e-35
decision_type=2 2 9 9 2 2 2 2 2 2 2 2 2 2 2 2 2 2 9 2 2 2 2 2 2 2 9 1 2 2
left_child=1 18 4 20 21 11 8 9 22 10 -8 26 -7 -5 15 16 -10 -9 -1 -15 -3 -2 -6 -24 -14 -22 -4 28 -28 -17
right_child=2 3 5 13 6 12 7 17 14 -11 -12 -13 24 19 -16 29 -18 -19 -20 -21 25 -23 23 -25 -26 -27 27 -29 -30 -31
leaf_value=0 0 0 0 0 0 0 0.0031370564775792587 -0.079117045183869805 0 0.0030929821030822647 -0.019967773060559486 0.086751584991570055 0.069207345770733647 0 -0.019967773060559486 0 -4.2140377597438139e-05 -0.039668596021917746 0 0.030105263125016726 0 0 0.00099361897757924708 -0.041878486742498333 0.034707611718749996 0 0.0430884375 0 0 0
leaf_weight=63515 2232 33501 4767 3540 23010 3233 229 2036 5878 384 231 219 1120 4989 1217 4354 365 1579 7600 1071 813 1736 194 814 859 2426 557 762 6338 5207
leaf_count=63515 2232 33501 4767 3540 23010 3233 229 2036 5878 384 231 219 1120 4989 1217 4354 365 1579 7600 1071 813 1736 194 814 859 2426 557 762 6338 5207
internal_value=0.00099093 0.00392406 -0.0041265 0.00741908 -0.00626364 0.00179681 -0.00717394 -0.0137138 -0.00646336 0.0268957 0.0113043 -0.000585304 0.00757866 0.0140114 -0.00346043 -0.00266705 -0.00638315 -0.023195 0.00164663 0.0111139 0.00569116 0.00415827 -0.00859147 0.00208333 0.0146791 0.0117166 -0.00106648 0.00116082 0.00240754 -0.000240561
internal_weight=184776 117455 67321 46340 49466 17855 45498 4459 41039 844 460 12643 5212 9600 17021 15804 6243 3615 71115 6060 36740 3968 24018 1008 1979 3239 12424 7657 6895 9561
internal_count=184776 117455 67321 46340 49466 17855 45498 4459 41039 844 460 12643 5212 9600 17021 15804 6243 3615 71115 6060 36740 3968 24018 1008 1979 3239 12424 7657 6895 9561
cat_boundaries=0 1 2 3 4 5
cat_threshold=1 1 1 130 1
is_linear=0
shrinkage=0.05


Tree=19
num_leaves=31
num_cat=5
split_feature=1 14 9 9 2 1 2 1 14 2 14 13 14 5 2 2 2 10 9 15 15 14 2 1 2 2 9 0 2 12
split_gain=1109.81 373.961 338.572 210.507 187.258 96.5503 83.5869 685.218 105.145 98.3102 127.792 66.4267 62.0875 56.2964 55.749 54.8319 57.0023 65.824 53.5631 53.4349 51.5589 50.2997 47.958 167.347 46.1068 43.3585 39.5622 42.9715 36.2204 35.9706
threshold=1.0000000180025095e-35 0.8000000000000026 0 1 0.99500000000000111 10.500000000000002 4.0600000000000032 1.5000000000000002 0.95000000000000118 6.0049999999999999 0.95000000000000118 1.7500000000000002 1.0499999999999974 -0.0043633092847464704 1.9150000000000003 3.0449999999999986 1.2399999999999995 7.5000000000000009 2 1.0000000180025095e-35 0.75000000000000011 0.8000000000000026 3.845000000000002 1.5000000000000002 2.5600000000000001 1.5749999999999995 3 4 0.96499999999999997 1.0000000180025095e-35
decision_type=2 2 9 9 2 2 2 2 2 2 2 2 2 2 2 2 2 2 9 2 2 2 2 2 2 2 9 1 2 2
left_child=1 18 4 20 21 11 8 9 22 10 -8 26 -7 -9 -5 16 17 -10 -1 -16 -3 -2 -6 -24 -14 -22 -4 28 -28 -18
right_child=2 3 5 14 6 12 7 13 15 -11 -12 -13 24 -15 19 -17 29 -19 -20 -21 25 -23 23 -25 -26 -27 27 -29 -30 -31
leaf_value=0 0 0 0 0 0 0 0.0029802036537002977 -0.075161192924676309 0 0.0029383329979281504 -0.018969384407531511 0.082414005741991564 0.065746978482196961 -0.037685166220821853 0 -0.018969384407531511 0 -4.0033358717566232e-05 0 0.028599999968765888 0 0 0.00094393802870028636 -0.039784562405373411 0.032972231132812502 0 0.040934015625 0 0 0
leaf_weight=63515 2232 33501 4767 3540 23010 3233 229 2036 5878 384 231 219 1120 1579 4989 1217 4354 365 7600 1071 813 1736 194 814 859 2426 557 762 6338 5207
leaf_count=63515 2232 33501 4767 3540 23010 3233 229 2036 5878 384 231 219 1120 1579 4989 1217 4354 365 7600 1071 813 1736 194 814 859 2426 557 762 6338 5207
internal_value=0.000990388 0.00392406 -0.00412798 0.00741908 -0.00625758 0.00177442 -0.00716735 -0.013669 -0.00646093 0.0268957 0.0113043 -0.000585304 0.00750192 -0.0231397 0.0140114 -0.00345456 -0.00266705 -0.00638315 0.00164663 0.0111139 0.00569116 0.00415827 -0.00859147 0.00208333 0.014477 0.0117166 -0.00106648 0.00116082 0.00240754 -0.000240561
internal_weight=184776 117455 67321 46340 49466 17855 45498 4459 41039 844 460 12643 5212 3615 9600 17021 15804 6243 71115 6060 36740 3968 24018 1008 1979 3239 12424 7657 6895 9561
internal_count=184776 117455 67321 46340 49466 17855 45498 4459 41039 844 460 12643 5212 3615 9600 17021 15804 6243 71115 6060 36740 3968 24018 1008 1979 3239 12424 7657 6895 9561
cat_boundaries=0 1 2 3 4 5
cat_threshold=1 1 1 130 1
is_linear=0
shrinkage=0.05


Tree=20
num_leaves=31
num_cat=5
split_feature=1 14 9 9 2 1 14 2 1 2 3 14 2 10 2 9 15 15 14 2 1 2 2 9 12 3 3 0 2 2
split_gain=1141.56 373.961 339.482 210.507 191.497 98.2047 87.1667 143.435 168.45 206.557 78.2169 60.4248 57.7064 67.1904 55.749 53.5631 53.4349 51.5589 50.2997 47.8438 345.517 44.5167 43.3585 42.5579 41.2416 56.2069 74.5987 38.4468 48.9848 38.1169
threshold=1.0000000180025095e-35 0.8000000000000026 0 1 0.99500000000000111 10.500000000000002 0.5999999999999962 3.0449999999999986 1.5000000000000002 6.0049999999999999 12.010000000000002 1.0499999999999974 1.2399999999999995 7.5000000000000009 1.9150000000000003 2 1.0000000180025095e-35 0.75000000000000011 0.8000000000000026 5.4200000000000017 1.5000000000000002 2.5600000000000001 1.5749999999999995 3 1.0000000180025095e-35 14.010000000000002 18.410000000000004 4 0.96499999999999997 8.5050000000000026
decision_type=2 2 9 9 2 2 2 2 2 2 2 2 2 2 2 9 2 2 2 2 2 2 2 9 2 2 2 1 2 2
left_child=1 15 4 17 18 23 19 12 9 -9 -10 -7 13 -8 -5 -1 -16 -3 -2 -6 -21 -13 -19 -4 -14 -26 -27 28 -25 -12
right_child=2 3 5 14 6 11 7 8 10 -11 29 21 24 -15 16 -17 -18 22 -20 20 -22 -23 -24 27 25 26 -28 -29 -30 -31
leaf_value=0 0 0 0 0 0 0 0 -0.018020915187154936 -0.0094733633224458724 0.0040045455196611405 -0.038894572454358151 0.062459629558087121 0 -3.8031690781687923e-05 0 0 0.027169999970327596 0 0 0.002791416348031739 -0.080855490149370837 0.031323619576171878 0 0.03888731484375 0 0.0023750000000000004 0.00082062840584484786 0 0 -0.12140313327844249
leaf_weight=63515 2232 33501 4811 3540 24346 3233 6029 464 524 254 2124 1120 4473 368 4989 7600 1071 813 1736 177 808 859 2426 599 2518 1148 1622 831 6402 643
leaf_count=63515 2232 33501 4811 3540 24346 3233 6029 464 524 254 2124 1120 4473 368 4989 7600 1071 813 1736 177 808 859 2426 599 2518 1148 1622 831 6402 643
internal_value=0.000948716 0.00392406 -0.00424236 0.00741908 -0.00637481 0.00166807 -0.00729483 -0.00484207 -0.0133076 0.0086351 -0.0180948 0.00744436 -0.00274168 -0.0064327 0.0140114 0.00164663 0.0111139 0.00569116 0.00415827 -0.00924756 -0.0200508 0.0143254 0.0117166 -0.000711856 -0.000322713 0.00266641 0.00758123 0.0015621 0.00277103 -0.0214492
internal_weight=184776 117455 67321 46340 49466 17855 45498 20167 4009 718 3291 5212 16158 6397 9600 71115 6060 36740 3968 25331 985 1979 3239 12643 9761 5288 2770 7832 7001 2767
internal_count=184776 117455 67321 46340 49466 17855 45498 20167 4009 718 3291 5212 16158 6397 9600 71115 6060 36740 3968 25331 985 1979 3239 12643 9761 5288 2770 7832 7001 2767
cat_boundaries=0 1 2 3 4 5
cat_threshold=1 1 1 130 1
is_linear=0
shrinkage=0.05


Tree=21
num_leaves=31
num_cat=5
split_feature=1 14 9 9 2 1 14 2 1 2 3 14 2 10 2 9 15 15 14 2 1 2 2 9 12 3 3 0 2 2
split_gain=1143.22 373.961 338.235 210.507 191.571 96.8235 86.9706 143.267 168.45 206.557 78.2169 58.7846 57.5131 67.1904 55.749 53.5631 53.4349 51.5589 50.2997 47.8438 345.517 43.3585 42.9628 42.5579 41.0028 55.8144 73.8204 38.4468 48.9848 38.1169
threshold=1.0000000180025095e-35 0.8000000000000026 0 1 0.99500000000000111 10.500000000000002 0.5999999999999962 3.0449999999999986 1.5000000000000002 6.0049999999999999 12.010000000000002 1.0499999999999974 1.2399999999999995 7.5000000000000009 1.9150000000000003 2 1.0000000180025095e-35 0.75000000000000011 0.8000000000000026 5.4200000000000017 1.5000000000000002 1.5749999999999995 2.6650000000000005 3 1.0000000180025095e-35 14.010000000000002 18.410000000000004 4 0.96499999999999997 8.5050000000000026
decision_type=2 2 9 9 2 2 2 2 2 2 2 2 2 2 2 9 2 2 2 2 2 2 2 9 2 2 2 1 2 2
left_child=1 15 4 17 18 23 19 12 9 -9 -10 -7 13 -8 -5 -1 -16 -3 -2 -6 -21 -19 -13 -4 -14 -26 -27 28 -25 -12
right_child=2 3 5 14 6 11 7 8 10 -11 29 22 24 -15 16 -17 -18 21 -20 20 -22 -23 -24 27 25 26 -28 -29 -30 -31
leaf_value=0 0 0 0 0 0 0 0 -0.017119869427797186 -0.0089996951563235793 0.0038043182436780843 -0.036949843831640246 0.059336648080182755 0 -3.6130106242603522e-05 0 0 0.025811499971811216 0 0 0.0026518455306301482 -0.076812715641902299 0 0.029757438597363284 0.036942949101562504 0 0.00225625 0.00077959698555260548 0 0 -0.11533297661452035
leaf_weight=63515 2232 33501 4811 3540 24346 3233 6029 464 524 254 2124 1139 4473 368 4989 7600 1071 813 1736 177 808 2426 840 599 2518 1148 1622 831 6402 643
leaf_count=63515 2232 33501 4811 3540 24346 3233 6029 464 524 254 2124 1139 4473 368 4989 7600 1071 813 1736 177 808 2426 840 599 2518 1148 1622 831 6402 643
internal_value=0.000946552 0.00392406 -0.0042483 0.00741908 -0.00637683 0.00165127 -0.00729702 -0.00484703 -0.0133076 0.0086351 -0.0180948 0.0073868 -0.00274786 -0.0064327 0.0140114 0.00164663 0.0111139 0.00569116 0.00415827 -0.00924756 -0.0200508 0.0117166 0.0141738 -0.000711856 -0.000332958 0.0026475 0.00754513 0.0015621 0.00277103 -0.0214492
internal_weight=184776 117455 67321 46340 49466 17855 45498 20167 4009 718 3291 5212 16158 6397 9600 71115 6060 36740 3968 25331 985 3239 1979 12643 9761 5288 2770 7832 7001 2767
internal_count=184776 117455 67321 46340 49466 17855 45498 20167 4009 718 3291 5212 16158 6397 9600 71115 6060 36740 3968 25331 985 3239 1979 12643 9761 5288 2770 7832 7001 2767
cat_boundaries=0 1 2 3 4 5
cat_threshold=1 1 1 130 1
is_linear=0
shrinkage=0.05


Tree=22
num_leaves=31
num_cat=5
split_feature=1 14 9 9 2 1 14 2 1 2 3 2 10 2 14 9 15 15 14 2 1 2 9 12 3 3 2 0 2 2
split_gain=1146.97 373.961 334.001 210.507 191.571 92.7386 86.9706 143.267 168.45 206.557 78.2169 57.5131 67.1904 55.749 53.9995 53.5631 53.4349 51.5589 50.2997 47.8438 345.517 43.3585 42.5579 41.0028 55.8144 73.8204 38.5284 38.4468 48.9848 38.1169
threshold=1.0000000180025095e-35 0.8000000000000026 0 1 0.99500000000000111 10.500000000000002 0.5999999999999962 3.0449999999999986 1.5000000000000002 6.0049999999999999 12.010000000000002 1.2399999999999995 7.5000000000000009 1.9150000000000003 1.0499999999999974 2 1.0000000180025095e-35 0.75000000000000011 0.8000000000000026 5.4200000000000017 1.5000000000000002 1.5749999999999995 3 1.0000000180025095e-35 14.010000000000002 18.410000000000004 2.6650000000000005 4 0.96499999999999997 8.5050000000000026
decision_type=2 2 9 9 2 2 2 2 2 2 2 2 2 2 2 9 2 2 2 2 2 2 9 2 2 2 2 1 2 2
left_child=1 15 4 17 18 22 19 11 9 -9 -10 12 -8 -5 -7 -1 -15 -3 -2 -6 -21 -19 -4 -13 -25 -26 -16 28 -24 -12
right_child=2 3 5 13 6 14 7 8 10 -11 29 23 -14 16 26 -17 -18 21 -20 20 -22 -23 27 24 25 -27 -28 -29 -30 -31
leaf_value=0 0 0 0 0 0 0 0 -0.016263875956407325 -0.0085497103985073993 0.0036141023314941846 -0.035102351640058232 0 -3.4323600930473348e-05 0 0.056369815676173621 0 0.024520924973220649 0 0 0.0025192532540986414 -0.072972079859807179 0 0.035095801646484376 0 0.0021434374999999999 0.00074061713627497519 0.028269566667495118 0 0 -0.10956632778379434
leaf_weight=63515 2232 33501 4811 3540 24346 3233 6029 464 524 254 2124 4473 368 4989 1139 7600 1071 813 1736 177 808 2426 599 2518 1148 1622 840 831 6402 643
leaf_count=63515 2232 33501 4811 3540 24346 3233 6029 464 524 254 2124 4473 368 4989 1139 7600 1071 813 1736 177 808 2426 599 2518 1148 1622 840 831 6402 643
internal_value=0.000941681 0.00392406 -0.00426167 0.00741908 -0.00637683 0.0016009 -0.00729702 -0.00484703 -0.0133076 0.0086351 -0.0180948 -0.00274786 -0.0064327 0.0140114 0.00721412 0.00164663 0.0111139 0.00569116 0.00415827 -0.00924756 -0.0200508 0.0117166 -0.000711856 -0.000332958 0.0026475 0.00754513 0.0137191 0.0015621 0.00277103 -0.0214492
internal_weight=184776 117455 67321 46340 49466 17855 45498 20167 4009 718 3291 16158 6397 9600 5212 71115 6060 36740 3968 25331 985 3239 12643 9761 5288 2770 1979 7832 7001 2767
internal_count=184776 117455 67321 46340 49466 17855 45498 20167 4009 718 3291 16158 6397 9600 5212 71115 6060 36740 3968 25331 985 3239 12643 9761 5288 2770 1979 7832 7001 2767
cat_boundaries=0 1 2 3 4 5
cat_threshold=1 1 1 130 1
is_linear=0
shrinkage=0.05


Tree=23
num_leaves=31
num_cat=4
split_feature=1 14 9 9 2 14 2 1 2 14 2 3 1 2 10 2 9 15 2 15 14 2 3 12 3 3 9 2 3 2
split_gain=1132.03 373.961 309.854 210.507 186.822 94.5898 111.423 149.845 206.557 82.3946 68.7051 65.3746 60.5214 57.5131 67.1904 55.749 53.5631 53.4349 52.1265 51.5589 50.2997 43.3585 41.5835 41.0028 55.8144 73.8204 39.419 38.9265 35.6969 35.2174
threshold=1.0000000180025095e-35 0.8000000000000026 0 1 0.99500000000000111 0.5999999999999962 3.0449999999999986 1.5000000000000002 6.0049999999999999 3.0999999999999965 4.9849999999999985 12.010000000000002 14.500000000000002 1.2399999999999995 7.5000000000000009 1.9150000000000003 2 1.0000000180025095e-35 8.5050000000000026 0.75000000000000011 0.8000000000000026 1.5749999999999995 5.4600000000000009 1.0000000180025095e-35 14.010000000000002 18.410000000000004 3 11.015000000000002 113.45500000000001 0.97499999999999887
decision_type=2 2 9 9 2 2 2 2 2 2 2 2 2 2 2 2 9 2 2 2 2 2 2 2 2 2 9 2 2 2
left_child=1 16 4 19 20 27 13 8 -8 12 -11 -9 26 14 -7 -5 -1 -17 28 -3 -2 -21 -14 -15 -25 -26 -4 -6 -13 -24
right_child=2 3 9 15 5 6 7 11 -10 10 -12 18 22 23 -16 17 -18 -19 -20 21 -22 -23 29 24 25 -27 -28 -29 -30 -31
leaf_value=0 0 0 0 0 0 0 -0.01545068215858696 -0.0081222248785820291 0.0034333972149194758 0.06849224754605289 -0.0023809375000000002 -0.049904032765803102 0 0 -3.2607420883949683e-05 0 0 0.023294878724559622 -0.10408801139460465 0 0 0 0.072396241037900974 0 0.0020362656249999999 0.00070358627946122648 0 -0.16334674925630921 0.073913051850777164 0.02655903963516193
leaf_weight=63515 2232 33501 4840 3540 25140 6029 464 524 254 1351 729 2012 615 4473 368 4989 7600 1071 643 813 1736 2426 193 2518 1148 1622 7509 191 112 2618
leaf_count=63515 2232 33501 4840 3540 25140 6029 464 524 254 1351 729 2012 615 4473 368 4989 7600 1071 643 813 1736 2426 193 2518 1148 1622 7509 191 112 2618
internal_value=0.000961164 0.00392406 -0.0042082 0.00741908 -0.00624545 -0.00715416 -0.0045991 -0.0120604 0.0086351 0.00143857 0.0107933 -0.0165755 0.000206022 -0.00274786 -0.0064327 0.0140114 0.00164663 0.0111139 -0.0196422 0.00569116 0.00415827 0.0117166 0.00608581 -0.000332958 0.0026475 0.00754513 -0.00142522 -0.00918835 -0.0158663 0.0086624
internal_weight=184776 117455 67321 46340 49466 45498 20167 4009 718 17855 2080 3291 15775 16158 6397 9600 71115 6060 2767 36740 3968 3239 3426 9761 5288 2770 12349 25331 2124 2811
internal_count=184776 117455 67321 46340 49466 45498 20167 4009 718 17855 2080 3291 15775 16158 6397 9600 71115 6060 2767 36740 3968 3239 3426 9761 5288 2770 12349 25331 2124 2811
cat_boundaries=0 1 2 3 4
cat_threshold=1 1 1 130
is_linear=0
shrinkage=0.05


Tree=24
num_leaves=31
num_cat=4
split_feature=1 14 9 9 2 14 2 14 1 2 3 1 2 10 2 2 9 15 15 3 14 2 12 3 3 3 9 2 2 3
split_gain=1126.04 373.961 301.705 210.507 185.095 100.437 98.0846 82.9093 72.4108 104.775 60.2232 56.362 56.261 66.5219 55.749 54.0759 53.5631 53.4349 51.5589 50.4002 49.3671 43.3585 41.0028 55.8144 73.8204 39.7491 39.419 38.9458 36.32 33.7544
threshold=1.0000000180025095e-35 0.8000000000000026 0 1 0.93499999999999972 0.5999999999999962 3.0449999999999986 3.0999999999999965 1.5000000000000002 6.0049999999999999 25.005000000000006 14.500000000000002 1.2399999999999995 7.5000000000000009 1.9150000000000003 4.9849999999999985 2 1.0000000180025095e-35 0.75000000000000011 12.010000000000002 0.8000000000000026 1.5749999999999995 1.0000000180025095e-35 14.010000000000002 18.410000000000004 5.4600000000000009 3 11.015000000000002 0.97499999999999887 113.45500000000001
decision_type=2 2 9 9 2 2 2 2 2 2 2 2 2 2 2 2 9 2 2 2 2 2 2 2 2 2 9 2 2 2
left_child=1 16 4 18 20 27 12 11 9 -8 -11 26 13 -7 -5 -9 -1 -16 -3 -10 -2 -20 -14 -24 -25 -13 -4 -6 -27 -21
right_child=2 3 7 14 5 6 8 15 19 10 -12 25 22 -15 17 -17 -18 -19 21 29 -22 -23 23 24 -26 28 -28 -29 -30 -31
leaf_value=0 0 0 0 0 0 0 -0.014678148050657614 0.065067635168750235 -0.0077161136346529276 -0.00016231973737252937 0.003261727354173505 0 0 -3.0977049839752197e-05 0 -0.002261890625 0 0.022130134788331635 0 -0.048336712695870768 0 0 0 0.0019344523437500002 0.00066840696548816519 0.06877642898600593 0 -0.15517941179349373 0.025231087653403834 0.0011163891751255985
leaf_weight=63515 2177 33501 4840 3540 25194 6078 464 1351 524 102 152 615 4473 369 4989 729 7600 1071 813 2538 1687 2426 2518 1148 1622 193 7509 191 2618 229
leaf_count=63515 2177 33501 4840 3540 25194 6078 464 1351 524 102 152 615 4473 369 4989 729 7600 1071 813 2538 1687 2426 2518 1148 1622 193 7509 191 2618 229
internal_value=0.000969011 0.00392406 -0.00418666 0.00741908 -0.00619694 -0.0070885 -0.00445912 0.00138539 -0.0114617 0.00292479 0.0287402 0.00014897 -0.00272705 -0.00635179 0.0140114 0.0107692 0.00164663 0.0111139 0.00569116 -0.0146004 0.00430901 0.0117166 -0.000332958 0.0026475 0.00754513 0.00582312 -0.00142522 -0.00918259 0.00834223 -0.0172931
internal_weight=184776 117455 67321 46340 49466 45602 20217 17855 4009 718 254 15775 16208 6447 9600 2080 71115 6060 36740 3291 3864 3239 9761 5288 2770 3426 12349 25385 2811 2767
internal_count=184776 117455 67321 46340 49466 45602 20217 17855 4009 718 254 15775 16208 6447 9600 2080 71115 6060 36740 3291 3864 3239 9761 5288 2770 3426 12349 25385 2811 2767
cat_boundaries=0 1 2 3 4
cat_threshold=1 1 1 130
is_linear=0
shrinkage=0.05


Tree=25
num_leaves=31
num_cat=4
split_feature=1 14 9 9 2 14 2 14 1 2 2 10 2 3 9 15 2 15 1 14 2 2 3 12 3 3 9 3 2 2
split_gain=1114.93 373.961 287.821 210.507 182.045 102.311 85.1004 82.7937 79.1021 148.876 56.261 66.5219 55.749 54.5501 53.5631 53.4349 53.1325 51.5589 50.2799 49.3671 43.7331 43.3585 41.3451 41.0028 55.8144 73.8204 39.4188 36.3867 38.9372 32.9562
threshold=1.0000000180025095e-35 0.8000000000000026 0 1 0.93499999999999972 0.5999999999999962 3.0449999999999986 3.0999999999999965 2.5000000000000004 8.0050000000000026 1.2399999999999995 7.5000000000000009 1.9150000000000003 12.010000000000002 2 1.0000000180025095e-35 4.9849999999999985 0.75000000000000011 13.500000000000002 0.8000000000000026 8.5050000000000026 1.5749999999999995 26.735000000000003 1.0000000180025095e-35 14.010000000000002 18.410000000000004 3 5.4600000000000009 0.97499999999999887 2.0400000000000031
decision_type=2 2 9 9 2 2 2 2 2 2 2 2 2 2 9 2 2 2 2 2 2 2 2 2 2 2 9 2 2 2
left_child=1 14 4 17 19 -6 10 18 9 -8 11 -7 -5 -10 -1 -14 -9 -3 26 -2 -15 -19 -11 -12 -25 -26 -4 -20 -29 -27
right_child=2 3 7 12 5 6 8 16 13 22 23 -13 15 20 -16 -17 -18 21 27 -21 -22 -23 -24 24 25 29 -28 28 -30 -31
leaf_value=0 0 0 0 0 0 0 -0.013944240648124735 0.061814253410312728 0.0051815415903738952 0.0001091777183731102 0 -2.9428197347764585e-05 0 -0.044991995492719407 0 0.021023628048915055 -0.0021487960937500001 0 0 0 -0.10581328024133577 0 0.0030986409864648293 0 0.0018377297265625002 0.00070152405552550154 0 0.06533760753670563 0.023969533270733642 -0.043054391788631095
leaf_weight=63515 2177 33501 4720 3540 25385 6078 1020 1351 431 116 4473 369 4989 1738 7600 1071 729 813 681 1687 539 2426 165 2518 1148 925 7350 202 2822 697
leaf_count=63515 2177 33501 4720 3540 25385 6078 1020 1351 431 116 4473 369 4989 1738 7600 1071 729 813 681 1687 539 2426 165 2518 1148 925 7350 202 2822 697
internal_value=0.000983623 0.00392406 -0.00414655 0.00741908 -0.00611003 -0.00699421 -0.00434041 0.00129583 -0.0108631 -0.000730208 -0.00272705 -0.00635179 0.0140114 -0.0157312 0.00164663 0.0111139 0.0106731 0.00569116 6.02219e-05 0.00430901 -0.0188186 0.0117166 0.0314947 -0.000332958 0.0026475 0.00754513 -0.00150373 0.0051552 0.00750661 0.000678175
internal_weight=184776 117455 67321 46340 49466 45602 20217 17855 4009 1301 16208 6447 9600 2708 71115 6060 2080 36740 15775 3864 2277 3239 281 9761 5288 2770 12070 3705 3024 1622
internal_count=184776 117455 67321 46340 49466 45602 20217 17855 4009 1301 16208 6447 9600 2708 71115 6060 2080 36740 15775 3864 2277 3239 281 9761 5288 2770 12070 3705 3024 1622
cat_boundaries=0 1 2 3 4
cat_threshold=1 1 1 130
is_linear=0
shrinkage=0.05


Tree=26
num_leaves=31
num_cat=6
split_feature=1 14 14 9 2 9 9 2 2 1 9 15 2 1 2 2 10 15 3 0 2 3 12 3 3 10 9 5 15 2
split_gain=1096.95 373.961 272.065 210.507 187.242 115.558 97.2001 55.749 55.4216 53.9529 53.5631 53.4349 53.4314 73.5127 141.498 57.2031 67.325 51.5589 48.406 44.3691 43.3585 42.0162 41.0028 55.8144 73.8204 38.5332 36.4351 33.2329 40.9071 32.9562
threshold=1.0000000180025095e-35 0.8000000000000026 0.5999999999999962 0 0.97499999999999887 1 2 1.9150000000000003 1.9650000000000001 12.500000000000002 3 1.0000000180025095e-35 3.0449999999999986 2.5000000000000004 7.9950000000000001 1.2399999999999995 7.5000000000000009 0.75000000000000011 18.445000000000004 4 1.5749999999999995 26.735000000000003 1.0000000180025095e-35 14.010000000000002 18.410000000000004 14.500000000000002 5 -0.20364175114017774 1.7500000000000002 2.0400000000000031
decision_type=2 2 2 9 2 9 9 2 2 2 9 2 2 2 2 2 2 2 2 1 2 2 2 2 2 2 9 2 2 2
left_child=1 10 5 17 19 -2 12 -5 -7 -8 -1 -9 15 14 -14 16 -6 -3 -15 26 -19 -16 -17 -24 -25 -10 -4 -20 -29 -26
right_child=2 3 4 7 6 8 9 11 25 -11 -12 -13 13 18 21 22 -18 20 27 -21 -22 -23 23 24 29 -27 -28 28 -30 -31
leaf_value=0 0 0 0 0 0 0 0 0 -0.0081689480066260405 0.022771056607196961 0 0.0199724466464693 -0.013247028615718498 -0.0025504509039013857 0.00054300828190233523 0 -2.7956787480376356e-05 0 -0.09117611117801408 0 0 0.0029437089371415872 0 0.0017458432402343753 0.0006664478527492264 -0.037547927126434233 0.054733308108793927 -0.051622569335543572 0.15133514632220774 -0.040901672199199539
leaf_weight=63515 3047 33501 1804 3540 6052 14545 7874 4989 16137 2570 7600 1071 958 894 156 4473 368 813 857 339 2426 187 2518 1148 925 210 605 863 94 697
leaf_count=63515 3047 33501 1804 3540 6052 14545 7874 4989 16137 2570 7600 1071 958 894 156 4473 368 813 857 339 2426 187 2518 1148 925 210 605 863 94 697
internal_value=0.00100744 0.00392406 -0.00408119 0.00741908 -0.000876221 -0.00723357 -0.00199778 0.0140114 -0.00814834 0.00191793 0.00164663 0.0111139 -0.00402228 -0.00919182 0.00057648 -0.00274396 -0.00640966 0.00569116 -0.0138848 0.0116266 0.0117166 0.0281341 -0.000332958 0.0026475 0.00754513 -0.0101487 0.01401 -0.0185777 -0.0121735 0.000678175
internal_weight=184776 117455 67321 46340 33382 33939 30634 9600 30892 10444 71115 6060 20190 4009 1301 16181 6420 36740 2708 2748 3239 343 9761 5288 2770 16347 2409 1814 957 1622
internal_count=184776 117455 67321 46340 33382 33939 30634 9600 30892 10444 71115 6060 20190 4009 1301 16181 6420 36740 2708 2748 3239 343 9761 5288 2770 16347 2409 1814 957 1622
cat_boundaries=0 1 2 3 4 5 6
cat_threshold=1 40 1 1 1 71
is_linear=0
shrinkage=0.05


Tree=27
num_leaves=31
num_cat=3
split_feature=1 14 9 9 2 2 2 1 2 14 2 3 1 14 3 17 14 3 14 3 2 7 2 14 9 15 15 14 1 2
split_gain=558.295 373.961 210.507 173.526 153.698 191.788 157.216 123.514 430.841 161.559 139.479 112.868 95.558 106.333 173.026 94.2403 90.1064 74.549 66.8646 58.2424 58.0822 57.4295 55.749 55.2126 53.5631 53.4349 51.5589 49.3671 49.2278 70.5967
threshold=1.0000000180025095e-35 0.8000000000000026 0 1 2.7450000000000014 1.6099999999999999 0.93499999999999972 1.5000000000000002 3.5350000000000006 0.95000000000000118 6.0049999999999999 13.010000000000002 2.5000000000000004 0.099999999999996994 14.965000000000002 0.70000000000002427 0.95000000000000118 9.0150000000000023 1.0999999999999981 10.985000000000001 6.450000000000002 1.0000000180025095e-35 1.9150000000000003 3.0999999999999965 2 1.0000000180025095e-35 0.75000000000000011 0.8000000000000026 2.5000000000000004 8.5050000000000026
decision_type=2 2 9 9 2 2 2 2 2 2 2 2 2 2 2 2 2 2 2 2 2 2 2 2 9 2 2 2 2 2
left_child=1 24 26 4 5 6 27 8 -6 19 -11 21 15 17 -15 -7 -13 -14 -17 -10 -18 -9 -4 -5 -1 -24 -3 -2 29 -22
right_child=3 2 22 23 7 12 -8 11 9 10 -12 16 13 14 -16 18 20 -19 -20 -21 28 -23 25 -25 -26 -27 -28 -29 -30 -31
leaf_value=0 0 0 0 0 -0.042460302599668702 0.00012500000000000003 0 -0.0072245299541231715 0.00279512103629066 -0.012584677184932575 0.0027965234902845083 -0.043388184168026526 0.00040844740033130206 0 0.0016141927860148265 -0.044716552599668696 -0.038856588589239564 0.00040844740033130206 0.00012500000000000003 0.00279512103629066 -0.017782000001450384 -0.045243749999999999 0 0.040090435897098431 0 0.018973824314145838 0 0 -0.089113471142301573 0.0032311073137388127
leaf_weight=63515 2177 33501 3540 15775 1297 4442 17302 3061 121 412 248 2495 3155 2303 2092 960 2728 2573 319 478 84 615 4989 2080 7600 1071 3239 1687 822 95
leaf_count=63515 2177 33501 3540 15775 1297 4442 17302 3061 121 412 248 2495 3155 2303 2092 960 2728 2573 319 478 84 615 4989 2080 7600 1071 3239 1687 822 95
internal_value=0.00184331 0.00392406 0.00741908 -0.00178696 -0.00331171 -0.00169549 -0.0048096 -0.00811657 0.00168232 0.0225179 0.00545455 -0.0106465 0.00246466 0.00538378 -0.000466439 -0.00270058 -0.0147494 0.00987256 -0.0146599 0.0413189 -0.00982837 -0.00369967 0.0140114 0.00243773 0.00164663 0.0111139 0.00569116 0.00430901 -0.0201299 0.00363128
internal_weight=184776 117455 46340 67321 49466 37010 21166 12456 2556 1259 660 9900 15844 10123 4395 5721 6224 5728 1279 599 3729 3676 9600 17855 71115 6060 36740 3864 1001 179
internal_count=184776 117455 46340 67321 49466 37010 21166 12456 2556 1259 660 9900 15844 10123 4395 5721 6224 5728 1279 599 3729 3676 9600 17855 71115 6060 36740 3864 1001 179
cat_boundaries=0 1 2 3
cat_threshold=1 1 1
is_linear=0
shrinkage=0.05


Tree=28
num_leaves=31
num_cat=4
split_feature=1 14 9 9 2 2 2 1 2 14 2 3 3 14 13 11 2 1 14 17 3 7 2 9 15 15 0 13 14 12
split_gain=586.374 373.961 210.507 168.198 141.256 186.918 154.861 121.499 430.841 161.559 139.479 109.609 95.5152 87.1926 72.4931 94.5273 68.425 61 79.3796 81.5234 58.2424 57.4295 55.749 53.5631 53.4349 51.5589 51.0053 63.9176 49.3671 46.2982
threshold=1.0000000180025095e-35 0.8000000000000026 0 1 2.7450000000000014 1.9950000000000012 0.93499999999999972 1.5000000000000002 3.5350000000000006 0.95000000000000118 6.0049999999999999 13.010000000000002 6.1750000000000007 0.95000000000000118 -1.0000000180025095e-35 1.0000000180025095e-35 6.450000000000002 1.5000000000000002 0.95000000000000118 0.95000000000000295 10.985000000000001 1.0000000180025095e-35 1.9150000000000003 2 1.0000000180025095e-35 0.75000000000000011 3 1.0000000180025095e-35 0.8000000000000026 1.0000000180025095e-35
decision_type=2 2 9 9 2 2 2 2 2 2 2 2 2 2 2 2 2 2 2 2 2 2 2 9 2 2 1 2 2 2
left_child=1 23 25 4 5 6 28 8 -6 20 -11 21 14 -13 -7 -16 -15 18 19 -14 -10 -9 -4 -1 -24 -3 27 -5 -2 -18
right_child=3 2 22 26 7 12 -8 11 9 10 -12 13 17 16 15 -17 29 -19 -20 -21 -22 -23 24 -25 -26 -27 -28 -29 -30 -31
leaf_value=0 0 0 0 0 -0.040337287469685262 -0.020520286477672935 0 -0.0068633034564170138 0.0026553649844761277 -0.011955443325685945 0.0026566973157702845 -0.041218774959625198 -0.044722802599668703 -0.036913759159777584 0.00038802503031473695 0 -0.082161632061998294 0 0.00011875000000000003 -0.042480724969685267 0.0026553649844761277 -0.042981562500000008 0 0 0.018025133098438551 0 0 0.061080918626121299 0 -0.032161632061998291
leaf_weight=63515 2177 33501 3540 16064 1297 161 18311 3061 121 412 248 2495 969 2728 1953 1520 360 8750 1141 341 478 615 4989 7600 1071 3239 1399 392 1687 641
leaf_count=63515 2177 33501 3540 16064 1297 161 18311 3061 121 412 248 2495 969 2728 1953 1520 360 8750 1141 341 478 615 4989 7600 1071 3239 1399 392 1687 641
internal_value=0.00179163 0.00392406 0.00741908 -0.00192882 -0.00342995 -0.00188057 -0.00478692 -0.00803629 0.00168232 0.0225179 0.00545455 -0.0105455 0.00246377 -0.0145887 0.00950743 0.0110279 -0.00974792 0.000178555 -0.00679315 -0.0151908 0.0413189 -0.00369967 0.0140114 0.00164663 0.0111139 0.00569116 0.00223062 0.00301106 0.00430901 -0.0209291
internal_weight=184776 117455 46340 67321 49466 37010 22175 12456 2556 1259 660 9900 14835 6224 3634 3473 3729 11201 2451 1310 599 3676 9600 71115 6060 36740 17855 16456 3864 1001
internal_count=184776 117455 46340 67321 49466 37010 22175 12456 2556 1259 660 9900 14835 6224 3634 3473 3729 11201 2451 1310 599 3676 9600 71115 6060 36740 17855 16456 3864 1001
cat_boundaries=0 1 2 3 4
cat_threshold=1 1 1 1
is_linear=0
shrinkage=0.05


Tree=29
num_leaves=31
num_cat=4
split_feature=1 14 9 9 2 2 2 1 2 14 2 3 14 1 17 14 3 3 2 14 1 3 7 2 9 15 1 2 15 0
split_gain=578.957 373.961 210.507 162.527 120.331 179.691 154.861 111.285 430.841 161.559 139.479 95.0501 107.631 89.2833 104.521 91.1889 111.078 103.652 68.9418 67.0091 63.0359 58.2424 57.8786 55.749 53.5631 53.4349 51.821 75.4 51.5589 50.632
threshold=1.0000000180025095e-35 0.8000000000000026 0 1 2.7450000000000014 1.9950000000000012 0.93499999999999972 1.5000000000000002 3.5350000000000006 0.95000000000000118 6.0049999999999999 13.010000000000002 0.95000000000000118 1.5000000000000002 0.70000000000002427 0.099999999999996994 9.4050000000000029 14.965000000000002 6.450000000000002 0.95000000000000118 2.5000000000000004 10.985000000000001 1.0000000180025095e-35 1.9150000000000003 2 1.0000000180025095e-35 2.5000000000000004 8.5050000000000026 0.75000000000000011 3
decision_type=2 2 9 9 2 2 2 2 2 2 2 2 2 2 2 2 2 2 2 2 2 2 2 2 9 2 2 2 2 1
left_child=1 24 28 4 5 6 -2 8 -6 21 -11 22 -13 14 -7 16 -15 20 -14 -16 -17 -10 -9 -4 -1 -25 27 -20 -3 -5
right_child=3 2 23 29 7 13 -8 11 9 10 -12 12 18 15 19 17 -18 -19 26 -21 -22 -23 -24 25 -26 -27 -28 -29 -30 -31
leaf_value=0 0 0 0 0 -0.038320423096201005 -0.020526223977672939 0 -0.0065201382835961613 0.0025225967352523249 -0.011357671159401644 0.0025238624499817732 -0.03915783621164394 -0.035068071201788703 0.00036862377879900011 -0.040356688721201003 0.00011875000000000003 0.00038802503031473695 0.0015334831467140853 -0.015166473707563122 -0.043941741438374399 0 0.0025225967352523249 -0.040832484375000005 0 0 0.017123876443516629 -0.082531227551021921 0.0046776335511517836 0 0
leaf_weight=63515 3864 33501 3540 16456 1297 2481 18311 3061 121 412 248 2495 2728 3671 431 501 2992 2279 84 325 2155 478 615 4989 7600 1071 822 95 3239 1399
leaf_count=63515 3864 33501 3540 16456 1297 2481 18311 3061 121 412 248 2495 2728 3671 431 501 2992 2279 84 325 2155 478 615 4989 7600 1071 822 95 3239 1399
internal_value=0.00180516 0.00392406 0.00741908 -0.00189168 -0.00336729 -0.00193731 -0.00478692 -0.00761882 0.00168232 0.0225179 0.00545455 -0.0100202 -0.0137853 0.00232221 -0.00502008 0.00437144 0.008187 -0.000780142 -0.00840708 -0.0212963 -0.00749247 0.0413189 -0.00364527 0.0140114 0.00164663 0.0111139 -0.0196304 0.0047486 0.00569116 0.00219703
internal_weight=184776 117455 46340 67321 49466 37010 22175 12456 2556 1259 660 9900 6224 14835 3237 11598 6663 4935 3729 756 2656 599 3676 9600 71115 6060 1001 179 36740 17855
internal_count=184776 117455 46340 67321 49466 37010 22175 12456 2556 1259 660 9900 6224 14835 3237 11598 6663 4935 3729 756 2656 599 3676 9600 71115 6060 1001 179 36740 17855
cat_boundaries=0 1 2 3 4
cat_threshold=1 1 1 1
is_linear=0
shrinkage=0.05


Tree=30
num_leaves=31
num_cat=4
split_feature=1 14 9 9 2 2 2 1 17 14 3 3 5 1 2 2 14 14 2 14 14 3 1 3 2 2 9 15 15 0
split_gain=594.438 373.961 210.507 168.724 133.828 176.299 154.861 86.1689 103.618 96.2015 111.078 96.2781 69.5476 71.0158 335.327 91.8549 77.6641 70.4824 110.235 68.3875 63.2592 65.8745 63.0359 56.1264 56.0029 55.749 53.5631 53.4349 51.5589 50.632
threshold=1.0000000180025095e-35 0.8000000000000026 0 1 2.7450000000000014 1.9950000000000012 0.93499999999999972 1.5000000000000002 0.70000000000002427 0.099999999999996994 9.4050000000000029 14.965000000000002 0.97859653660919488 1.5000000000000002 4.4050000000000011 4.4050000000000011 0.54999999999999727 0.95000000000000118 6.0049999999999999 0.95000000000000118 1.2000000000000102 26.735000000000003 2.5000000000000004 18.715000000000003 3.3299999999999996 1.9150000000000003 2 1.0000000180025095e-35 0.75000000000000011 3
decision_type=2 2 9 9 2 2 2 2 2 2 2 2 2 2 2 2 2 2 2 2 2 2 2 2 2 2 9 2 2 1
left_child=1 26 28 4 5 6 -2 8 -7 10 -9 22 13 14 24 20 -17 -16 -19 -10 -15 -22 -11 -14 -6 -4 -1 -27 -3 -5
right_child=3 2 25 29 12 7 -8 9 19 11 -12 -13 23 15 17 16 -18 18 -20 -21 21 -23 -24 -25 -26 27 -28 -29 -30 -31
leaf_value=0 0 0 0 0 -0.036404401941390954 -0.019499912778789291 0 0.0003501925898590501 -0.038338854285140951 0.00011281250000000002 0.00036862377879900011 0.0014568089893783811 0.0061950959850381199 -0.036272062832703914 0.0024428609769076015 -0.059249748500221799 -0.032641669211642431 -0.010789787601431561 0.0023976693274826879 -0.04174465436645567 0.0046894087241411628 -0.041521842829102554 0 -0.038647062832703916 0.00025278867819719111 0 0 0.016267682621340797 0 0
leaf_weight=63515 3864 33501 3540 16456 1217 2481 18311 3671 431 501 2992 2279 324 4448 357 1246 2175 212 243 325 1334 350 2155 91 459 4989 7600 1071 3239 1399
leaf_count=63515 3864 33501 3540 16456 1217 2481 18311 3671 431 501 2992 2279 324 4448 357 1246 2175 212 243 325 1334 350 2155 91 459 4989 7600 1071 3239 1399
internal_value=0.00177702 0.00392406 0.00741908 -0.00196893 -0.00347239 -0.00196433 -0.00478692 0.0022548 -0.00495829 0.00426798 0.008187 -0.0010233 -0.00795601 -0.00864961 -0.0011254 -0.0106092 -0.0171733 0.0252463 0.0121978 -0.021164 -0.00694716 0.00130641 -0.00749247 0.0121687 -0.0139021 0.0140114 0.00164663 0.0111139 0.00569116 0.00219703
internal_weight=184776 117455 46340 67321 49466 37010 22175 14835 3237 11598 6663 4935 12456 12041 2488 9553 3421 812 455 756 6132 1684 2656 415 1676 9600 71115 6060 36740 17855
internal_count=184776 117455 46340 67321 49466 37010 22175 14835 3237 11598 6663 4935 12456 12041 2488 9553 3421 812 455 756 6132 1684 2656 415 1676 9600 71115 6060 36740 17855
cat_boundaries=0 1 2 3 4
cat_threshold=1 1 1 1
is_linear=0
shrinkage=0.05


Tree=31
num_leaves=31
num_cat=4
split_feature=1 14 9 9 2 2 2 1 17 14 3 3 14 5 14 1 2 7 14 1 3 3 2 9 15 15 0 13 14 2
split_gain=587.565 373.961 210.507 165.969 125.242 175.962 154.861 86.008 103.618 96.6253 111.078 95.6759 68.3875 68.2222 73.5684 64.8812 346.717 107.468 71.3793 63.0359 60.5139 56.1264 55.749 53.5631 53.4349 51.5589 50.632 54.7011 49.3671 47.072
threshold=1.0000000180025095e-35 0.8000000000000026 0 1 2.7450000000000014 1.9950000000000012 0.93499999999999972 1.5000000000000002 0.70000000000002427 0.099999999999996994 9.4050000000000029 14.965000000000002 0.95000000000000118 0.97859653660919488 1.800000000000008 1.5000000000000002 3.5350000000000006 1.0000000180025095e-35 0.95000000000000118 2.5000000000000004 13.010000000000002 18.715000000000003 1.9150000000000003 2 1.0000000180025095e-35 0.75000000000000011 3 1.0000000180025095e-35 0.8000000000000026 4.285000000000001
decision_type=2 2 9 9 2 2 2 2 2 2 2 2 2 2 2 2 2 2 2 2 2 2 2 9 2 2 1 2 2 2
left_child=1 23 25 4 5 6 28 8 -7 10 -9 19 -10 14 15 16 -6 20 29 -11 -17 -15 -4 -1 -24 -3 27 -5 -2 -18
right_child=3 2 22 26 13 7 -8 9 12 11 -12 -13 -14 21 -16 17 18 -19 -20 -21 -22 -23 24 -25 -26 -27 -28 -29 -30 -31
leaf_value=0 0 0 0 0 -0.034584181844321403 -0.018524917139849828 0 0.00033268296036609757 -0.036421911570883904 0.00010717187500000002 0.0003501925898590501 0.0013839685399094619 -0.039657421648132886 0.0058853411857862142 -0.010250298221359984 -0.016986551074527994 0.00089389495588577679 -0.051345677791612566 -0.00070555067969363394 0 -0.035386341259426544 -0.036714709691068721 0 0 0.015454298490273756 0 0 0.05802687269481524 0 0.0023246552142526578
leaf_weight=63515 2177 33501 3540 16064 924 2481 18311 3671 431 501 2992 2279 325 324 3938 2386 236 1549 190 2155 2460 91 4989 7600 1071 3239 1399 392 1687 358
leaf_count=63515 2177 33501 3540 16064 924 2481 18311 3671 431 501 2992 2279 325 324 3938 2386 236 1549 190 2155 2460 91 4989 7600 1071 3239 1399 392 1687 358
internal_value=0.00178946 0.00392406 0.00741908 -0.00193476 -0.0034259 -0.00196704 -0.00478692 0.00224806 -0.00495829 0.00425936 0.008187 -0.00104357 -0.021164 -0.00776333 -0.00845029 -0.0111749 -0.00251756 -0.0134871 0.0219388 -0.00749247 -0.00982253 0.0121687 0.0140114 0.00164663 0.0111139 0.00569116 0.00219703 0.0029746 0.00430901 0.0304714
internal_weight=184776 117455 46340 67321 49466 37010 22175 14835 3237 11598 6663 4935 756 12456 12041 8103 1708 6395 784 2656 4846 415 9600 71115 6060 36740 17855 16456 3864 594
internal_count=184776 117455 46340 67321 49466 37010 22175 14835 3237 11598 6663 4935 756 12456 12041 8103 1708 6395 784 2656 4846 415 9600 71115 6060 36740 17855 16456 3864 594
cat_boundaries=0 1 2 3 4
cat_threshold=1 1 1 1
is_linear=0
shrinkage=0.05


Tree=32
num_leaves=31
num_cat=4
split_feature=1 14 9 9 2 2 2 3 13 11 14 5 1 2 7 14 3 1 14 17 2 9 14 15 15 0 13 14 3 2
split_gain=580.733 373.961 210.507 161.901 115.938 175.625 154.861 86.1189 69.9612 82.6968 67.8099 71.565 66.5044 356.568 107.979 61.1078 58.7927 57.742 80.9298 81.5234 55.749 53.5631 53.4668 53.4349 51.5589 50.4458 50.3618 49.3671 48.1451 47.072
threshold=1.0000000180025095e-35 0.8000000000000026 0 1 2.7450000000000014 1.9950000000000012 0.93499999999999972 6.1750000000000007 -1.0000000180025095e-35 1.0000000180025095e-35 1.800000000000008 0.97859653660919488 1.5000000000000002 3.5350000000000006 1.0000000180025095e-35 0.95000000000000118 13.010000000000002 1.5000000000000002 0.95000000000000118 0.95000000000000295 1.9150000000000003 2 0.70000000000001006 1.0000000180025095e-35 0.75000000000000011 3 1.0000000180025095e-35 0.8000000000000026 18.715000000000003 4.285000000000001
decision_type=2 2 9 9 2 2 2 2 2 2 2 2 2 2 2 2 2 2 2 2 2 9 2 2 2 1 2 2 2 2
left_child=1 21 24 4 5 6 27 8 -7 22 11 12 13 -6 16 29 -14 18 19 -9 -4 -1 -10 -22 -3 26 -5 -2 -12 -15
right_child=3 2 20 25 10 7 -8 17 9 -11 28 -13 14 15 -16 -17 -18 -19 -20 -21 23 -23 -24 -25 -26 -27 -28 -29 -30 -31
leaf_value=0 0 0 0 0 -0.032854972752105333 -0.013738399424927994 0 -0.039559109774869664 0.00031604881234779269 0 0.0049674531990021031 0.0030910741264969024 -0.016137223520801599 0.00084920020809148289 -0.048778393902031938 -0.00067027314570895509 -0.033617024196455222 0 0.0030403651948156031 -0.03460081599233971 0 0 -1.940125151573685e-05 0.014681583565760071 0 0 0.05512552906007448 0 -0.012050283310291982 0.0022084224535400265
leaf_weight=63515 2177 33501 3540 16064 924 161 18311 969 1717 1520 1437 293 2386 236 1549 190 2460 8750 1141 341 4989 7600 236 1071 3239 1399 392 1687 2623 358
leaf_count=63515 2177 33501 3540 16064 924 161 18311 969 1717 1520 1437 293 2386 236 1549 190 2460 8750 1141 341 4989 7600 236 1071 3239 1399 392 1687 2623 358
internal_value=0.00180191 0.00392406 0.00741908 -0.0019006 -0.00337335 -0.00196974 -0.00478692 0.00224132 0.00892955 0.0104233 -0.00754656 -0.010112 -0.0109898 -0.00222482 -0.0133307 0.0225765 -0.00965745 7.14222e-05 -0.00671155 -0.0151908 0.0140114 0.00164663 0.0172299 0.0111139 0.00569116 0.00218024 0.00295637 0.00430901 -0.00224138 0.0304714
internal_weight=184776 117455 46340 67321 49466 37010 22175 14835 3634 3473 12456 8396 8103 1708 6395 784 4846 11201 2451 1310 9600 71115 1953 6060 36740 17855 16456 3864 4060 594
internal_count=184776 117455 46340 67321 49466 37010 22175 14835 3634 3473 12456 8396 8103 1708 6395 784 4846 11201 2451 1310 9600 71115 1953 6060 36740 17855 16456 3864 4060 594
cat_boundaries=0 1 2 3 4
cat_threshold=1 1 1 1
is_linear=0
shrinkage=0.05


Tree=33
num_leaves=31
num_cat=4
split_feature=1 14 9 9 2 2 2 3 13 11 14 5 1 2 7 14 3 1 14 17 2 9 14 15 15 0 3 3 14 2
split_gain=571.587 373.961 210.507 156.954 104.866 175.625 154.861 86.1189 69.9612 82.6968 67.7582 67.9835 62.0857 356.568 88.1348 61.1078 58.3596 57.742 80.9298 81.5234 55.749 53.5631 53.4668 53.4349 51.5589 50.26 49.6028 58.2132 49.3671 47.072
threshold=1.0000000180025095e-35 0.8000000000000026 0 1 2.7450000000000014 1.9950000000000012 0.93499999999999972 6.1750000000000007 -1.0000000180025095e-35 1.0000000180025095e-35 1.800000000000008 0.97859653660919488 1.5000000000000002 3.5350000000000006 1.0000000180025095e-35 0.95000000000000118 13.010000000000002 1.5000000000000002 0.95000000000000118 0.95000000000000295 1.9150000000000003 2 0.70000000000001006 1.0000000180025095e-35 0.75000000000000011 3 26.735000000000003 113.45500000000001 0.8000000000000026 4.285000000000001
decision_type=2 2 9 9 2 2 2 2 2 2 2 2 2 2 2 2 2 2 2 2 2 9 2 2 2 1 2 2 2 2
left_child=1 21 24 4 5 6 28 8 -7 22 11 12 13 -6 16 29 -14 18 19 -9 -4 -1 -10 -22 -3 -5 -12 -28 -2 -15
right_child=3 2 20 25 10 7 -8 17 9 -11 26 -13 14 15 -16 -17 -18 -19 -20 -21 23 -23 -24 -25 -26 -27 27 -29 -30 -31
leaf_value=0 0 0 0 0 -0.031212224114500066 -0.013051479453681592 0 -0.037581154286126177 0.00030024637173040308 0 0.0018688285289943818 0.0029365204201720571 -0.015330362344761518 0.00080674019768690603 -0.046339474206930346 -0.00063675948842350507 -0.031936172986632462 0 0.0028883469350748231 -0.032870775192722725 0 0 -1.8431188939950006e-05 0.013947504387472066 0 0 -0.030123546423661548 0.0047182093172091211 0 0.0020980013308630197
leaf_weight=63515 2177 33501 3540 16456 924 161 18311 969 1717 1520 2481 293 2386 236 1549 190 2460 8750 1141 341 4989 7600 236 1071 3239 1399 1301 278 1687 358
leaf_count=63515 2177 33501 3540 16456 924 161 18311 969 1717 1520 2481 293 2386 236 1549 190 2460 8750 1141 341 4989 7600 236 1071 3239 1399 1301 278 1687 358
internal_value=0.00181869 0.00392406 0.00741908 -0.00185455 -0.00330463 -0.00196974 -0.00478692 0.00224132 0.00892955 0.0104233 -0.0072736 -0.00983802 -0.0106936 -0.00222482 -0.0129554 0.0225765 -0.00963681 7.14222e-05 -0.00671155 -0.0151908 0.0140114 0.00164663 0.0172299 0.0111139 0.00569116 0.00216345 -0.00197044 -0.00889804 0.00430901 0.0304714
internal_weight=184776 117455 46340 67321 49466 37010 22175 14835 3634 3473 12456 8396 8103 1708 6395 784 4846 11201 2451 1310 9600 71115 1953 6060 36740 17855 4060 1579 3864 594
internal_count=184776 117455 46340 67321 49466 37010 22175 14835 3634 3473 12456 8396 8103 1708 6395 784 4846 11201 2451 1310 9600 71115 1953 6060 36740 17855 4060 1579 3864 594
cat_boundaries=0 1 2 3 4
cat_threshold=1 1 1 1
is_linear=0
shrinkage=0.05


Tree=34
num_leaves=31
num_cat=4
split_feature=1 14 9 9 2 2 2 1 14 3 2 3 3 17 14 5 14 2 3 1 2 7 14 9 15 15 3 0 14 2
split_gain=559.602 373.961 210.507 152.234 95.0986 100.866 198.229 86.1038 79.8297 204.2 119.281 90.998 87.1883 79.5137 68.7979 61.16 67.2546 55.749 55.3495 55.0587 356.568 78.2246 61.1078 53.5631 53.4349 51.5589 50.4473 50.26 49.3671 47.072
threshold=1.0000000180025095e-35 0.8000000000000026 0 1 0.93499999999999972 1.2399999999999995 2.7450000000000014 2.5000000000000004 0.69999999999999585 14.410000000000002 1.9950000000000012 15.015000000000002 9.4050000000000029 0.65000000000001157 0.099999999999996994 0.97859653660919488 1.800000000000008 1.9150000000000003 18.715000000000003 1.5000000000000002 3.5350000000000006 1.0000000180025095e-35 0.95000000000000118 2 1.0000000180025095e-35 0.75000000000000011 13.010000000000002 3 0.8000000000000026 4.285000000000001
decision_type=2 2 9 9 2 2 2 2 2 2 2 2 2 2 2 2 2 2 2 2 2 2 2 9 2 2 2 1 2 2
left_child=1 23 25 4 28 -6 7 13 10 -10 11 -9 -12 -7 -15 16 19 -4 -17 20 -8 26 29 -1 -19 -3 -21 -5 -2 -22
right_child=3 2 17 27 5 6 15 8 9 -11 12 -13 -14 14 -16 18 -18 24 -20 21 22 -23 -24 -25 -26 -27 -28 -29 -30 -31
leaf_value=0 0 0 0 0 0 0 -0.029651612908775063 0 0 0.0013591284051218185 0.00028523405314388289 0.0023545776299834353 0.00033268296036609757 -0.029434927217265497 -0.036200902391443759 0.0052896943991634559 -0.0081812206375757434 0 -0.035180353933848732 -0.014563844227523444 0.00076640318780255576 -0.044022500496583829 -0.00060492151400233236 0 0.013250129168098458 0 -0.030339364337300834 0 0 0.001993101264319863
leaf_weight=63515 2177 33501 3540 16456 15914 4873 924 587 2472 2164 3077 239 2476 708 636 324 3938 4989 91 2386 236 1549 190 7600 1071 3239 2460 1399 1687 358
leaf_count=63515 2177 33501 3540 16456 15914 4873 924 587 2472 2164 3077 239 2476 708 636 324 3938 4989 91 2386 236 1549 190 7600 1071 3239 2460 1399 1687 358
internal_value=0.00184088 0.00392406 0.00741908 -0.00179365 -0.00322176 -0.00386058 -0.00213891 0.00133473 0.00399001 -0.00100302 0.00761875 -0.010109 0.0102557 -0.00336979 -0.0141369 -0.00694444 -0.00759488 0.0140114 0.0119277 -0.0101999 -0.00222482 -0.0123299 0.0225765 0.00164663 0.0111139 0.00569116 -0.00920347 0.00216345 0.00430901 0.0304714
internal_weight=184776 117455 46340 67321 49466 45602 29688 17232 11015 4636 6379 826 5553 6217 1344 12456 12041 9600 415 8103 1708 6395 784 71115 6060 36740 4846 17855 3864 594
internal_count=184776 117455 46340 67321 49466 45602 29688 17232 11015 4636 6379 826 5553 6217 1344 12456 12041 9600 415 8103 1708 6395 784 71115 6060 36740 4846 17855 3864 594
cat_boundaries=0 1 2 3 4
cat_threshold=1 1 1 1
is_linear=0
shrinkage=0.05


Tree=35
num_leaves=31
num_cat=4
split_feature=1 14 9 9 2 2 2 1 17 14 5 14 2 3 3 1 2 7 14 9 15 15 0 14 3 2 13 1 13 3
split_gain=553.368 373.961 210.507 149.787 94.0041 103.849 199.569 82.463 79.9017 64.9679 60.7962 65.8037 55.749 55.3495 54.2671 53.8723 356.568 75.8631 61.1078 53.5631 53.4349 51.5589 50.26 49.3671 49.2487 47.072 46.2018 44.5762 44.1453 43.7791
threshold=1.0000000180025095e-35 0.8000000000000026 0 1 0.93499999999999972 1.2399999999999995 2.7450000000000014 1.5000000000000002 0.70000000000002427 0.099999999999996994 0.97859653660919488 1.800000000000008 1.9150000000000003 18.715000000000003 2.0150000000000001 1.5000000000000002 3.5350000000000006 1.0000000180025095e-35 0.95000000000000118 2 1.0000000180025095e-35 0.75000000000000011 3 0.8000000000000026 13.010000000000002 4.285000000000001 1.0000000180025095e-35 10.500000000000002 -1.0000000180025095e-35 26.735000000000003
decision_type=2 2 9 9 2 2 2 2 2 2 2 2 2 2 2 2 2 2 2 9 2 2 1 2 2 2 2 2 2 2
left_child=1 19 21 4 23 -6 7 8 -7 -10 11 15 -4 -12 28 16 -8 24 25 -1 -14 -3 26 -2 -17 -18 27 -5 -9 -13
right_child=3 2 12 22 5 6 10 14 9 -11 13 29 20 -15 -16 17 18 -19 -20 -21 -22 -23 -24 -25 -26 -27 -28 -29 -30 -31
leaf_value=0 0 0 0 0 0 0 -0.028169032263336308 -0.016735606815446741 -0.029755490072223313 -0.035075809859357154 0.0050252096792052833 0.0016529795706758722 0 -0.033421336237156297 0 -0.013835652016147271 0.00072808302841242956 -0.041821375471754643 -0.0005746754383022135 0 0.012587622709693536 0 0 0 -0.02882239612043579 0.0018934462011038656 0.052369252607070753 0.016757503776837119 0.00027097235048668874 -0.022569374142683674
leaf_weight=63515 2177 33501 3540 11205 15914 2885 924 98 461 380 324 2375 4989 91 12633 2386 236 1549 190 7600 1071 3239 1399 1687 2460 358 392 4859 775 1563
leaf_count=63515 2177 33501 3540 11205 15914 2885 924 98 461 380 324 2375 4989 91 12633 2386 236 1549 190 7600 1071 3239 1399 1687 2460 358 392 4859 775 1563
internal_value=0.00185251 0.00392406 0.00741908 -0.00176171 -0.00317831 -0.00381343 -0.00206649 0.00141887 -0.0051664 -0.0187277 -0.00688825 -0.00753675 0.0140114 0.0119277 0.0032356 -0.0101135 -0.00222482 -0.0122205 0.0225765 0.00164663 0.0111139 0.00569116 0.00216345 0.00430901 -0.00914156 0.0304714 0.00293814 0.00252428 0.0152921 -0.00223464
internal_weight=184776 117455 46340 67321 49466 45602 29688 17232 3726 841 12456 12041 9600 415 13506 8103 1708 6395 784 71115 6060 36740 17855 3864 4846 594 16456 16064 873 3938
internal_count=184776 117455 46340 67321 49466 45602 29688 17232 3726 841 12456 12041 9600 415 13506 8103 1708 6395 784 71115 6060 36740 17855 3864 4846 594 16456 16064 873 3938
cat_boundaries=0 1 2 3 4
cat_threshold=1 1 1 1
is_linear=0
shrinkage=0.05


Tree=36
num_leaves=31
num_cat=4
split_feature=1 14 9 2 9 2 2 1 14 17 14 5 14 2 9 15 15 14 3 2 3 3 1 2 3 0 2 3 1 10
split_gain=614.076 373.961 210.507 125.996 83.8016 114.406 179.211 83.0933 81.8319 79.8493 61.7697 64.7888 61.328 55.749 53.5631 53.4349 51.5589 49.8232 156.285 128.163 95.0064 83.1125 48.7532 46.8787 43.8855 43.877 43.3585 41.3301 51.3357 37.5142
threshold=1.0000000180025095e-35 0.8000000000000026 0 0.93499999999999972 1 1.2600000000000009 2.3600000000000003 1.5000000000000002 0.8000000000000026 0.70000000000002427 1.800000000000008 0.97859653660919488 0.099999999999996994 1.9150000000000003 2 1.0000000180025095e-35 0.75000000000000011 0.69999999999999585 14.410000000000002 1.9650000000000001 15.015000000000002 9.9950000000000028 2.5000000000000004 1.6099999999999999 26.735000000000003 3 1.5749999999999995 113.45500000000001 2.5000000000000004 6.5000000000000009
decision_type=2 2 9 2 9 2 2 2 2 2 2 2 2 2 9 2 2 2 2 2 2 2 2 2 2 1 2 2 2 2
left_child=1 14 16 8 5 29 7 9 -2 -7 11 -8 -11 -4 -1 -15 -3 19 22 20 23 -21 -19 -9 -12 -10 -18 -26 -29 -5
right_child=3 2 13 4 -6 6 10 17 25 12 24 -13 -14 15 -16 -17 26 18 -20 21 -22 -23 -24 -25 27 -27 -28 28 -30 -31
leaf_value=0 0 0 0 0 0 0 -0.022191515762594951 0 0 -0.028267715568612142 0.00084683818256585668 0.0022739491952450171 -0.034407150559680723 0 0 0.011958241574208862 0 8.4303651757047511e-05 0.0012911719848657276 0.00027097235048668874 0.0022368487484842633 0.00031604881234779269 0 -2.0422370016565106e-05 -0.02685084961428166 0 0 0.0060198285903616316 -0.026828589456703369 0
leaf_weight=63515 2573 33501 3540 15238 11362 2985 9417 605 2335 455 3174 304 382 4989 7600 1071 813 608 2930 3949 303 3082 2651 227 1697 339 2426 106 205 2394
leaf_count=63515 2573 33501 3540 15238 11362 2985 9417 605 2335 455 3174 304 382 4989 7600 1071 813 608 2930 3949 303 3082 2651 227 1697 339 2426 106 205 2394
internal_value=0.00174184 0.00392406 0.00741908 -0.00206548 -0.00269436 -0.00356354 -0.00183041 0.0015019 0.0053745 -0.00504971 -0.00589479 -0.00824504 -0.0186977 0.0140114 0.00164663 0.0111139 0.00569116 0.00324626 -0.00013734 0.00581068 -0.00977974 0.00832741 -0.00767106 -0.0185096 -0.00148591 0.0114996 0.0117166 -0.00727092 0.00948553 -0.00681715
internal_weight=184776 117455 46340 67321 62074 50712 33080 18177 5247 3822 14903 9721 837 9600 71115 6060 36740 14355 6189 8166 1135 7031 3259 832 5182 2674 3239 2008 311 17632
internal_count=184776 117455 46340 67321 62074 50712 33080 18177 5247 3822 14903 9721 837 9600 71115 6060 36740 14355 6189 8166 1135 7031 3259 832 5182 2674 3239 2008 311 17632
cat_boundaries=0 1 2 3 4
cat_threshold=1 129 1 1
is_linear=0
shrinkage=0.05


Tree=37
num_leaves=31
num_cat=5
split_feature=1 14 9 2 2 2 9 14 1 17 14 14 3 14 1 2 3 2 3 9 15 2 3 3 9 15 9 14 5 1
split_gain=593.689 373.961 210.507 122.622 93.2956 157.271 117.803 81.8319 80.2851 89.6977 70.9632 61.4289 95.4049 60.2114 64.902 536.814 59.5828 55.749 54.3776 53.5631 53.4349 51.5807 104.666 52.6857 70.0142 51.5589 50.4497 49.151 47.1522 46.7147
threshold=1.0000000180025095e-35 0.8000000000000026 0 0.93499999999999972 1.6099999999999999 2.3600000000000003 1 0.8000000000000026 1.5000000000000002 0.70000000000002427 0.099999999999996994 0.69999999999999585 14.965000000000002 0.5999999999999962 1.5000000000000002 3.5350000000000006 13.315000000000003 1.9150000000000003 9.9250000000000025 2 1.0000000180025095e-35 1.9650000000000001 15.015000000000002 10.005000000000001 3 0.75000000000000011 4 10.600000000000007 0.96759678964602569 2.5000000000000004
decision_type=2 2 9 2 2 2 9 2 2 2 2 2 2 2 2 2 2 2 2 9 2 2 2 2 9 2 9 2 2 2
left_child=1 19 25 7 6 8 -5 -2 9 -6 -11 21 29 14 15 -7 28 -4 -17 -1 -19 22 -10 24 -23 -3 -18 -15 -16 -13
right_child=3 2 17 4 5 13 -8 -9 11 10 -12 12 -14 27 16 18 26 20 -20 -21 -22 23 -24 -25 -26 -27 -28 -29 -30 -31
leaf_value=0 0 0 0 0 0 -0.025651004862039747 0 0 -1.940125151573685e-05 -0.026854329790181538 -0.0023812500000000001 8.0088469169195135e-05 0.0011822550934146114 -0.0023812500000000001 -0.014684738528612891 -0.020607339035599956 -0.026271700526284261 0 0.0028580183145700991 0 0.011360329495498422 0 0.0021250063110600501 0.00030024637173040308 0.00025742373296235428 0 -0.0028619376888418565 0.17062956291578812 0.0021602517354827665 0
leaf_weight=63515 2573 33501 3540 3221 3112 875 19850 2674 249 473 478 677 3957 10791 2792 83 2574 4989 592 7600 1071 806 224 3208 4097 3239 762 149 92 3012
leaf_count=63515 2573 33501 3540 3221 3112 875 19850 2674 249 473 478 677 3957 10791 2792 83 2574 4989 592 7600 1071 806 224 3208 4097 3239 762 149 92 3012
internal_value=0.00177837 0.00392406 0.00741908 -0.00196521 -0.00258562 -0.00109479 -0.00510598 0.0053745 0.00195388 -0.00433177 -0.0177708 0.00352742 0.000268114 -0.00440139 -0.00776705 0.0013871 -0.0100482 0.0140114 0.0348889 0.00164663 0.0111139 0.00643057 -0.00961945 0.00736654 0.0106261 0.00569116 -0.0145983 -0.00201097 -0.00478502 -0.0055164
internal_weight=184776 117455 46340 67321 62074 39003 23071 5247 20293 4063 951 16230 7646 18710 7770 1550 6220 9600 675 71115 6060 8584 473 8111 4903 36740 3336 10940 2884 3689
internal_count=184776 117455 46340 67321 62074 39003 23071 5247 20293 4063 951 16230 7646 18710 7770 1550 6220 9600 675 71115 6060 8584 473 8111 4903 36740 3336 10940 2884 3689
cat_boundaries=0 1 2 3 4 5
cat_threshold=1 108 1 172 1
is_linear=0
shrinkage=0.05


Tree=38
num_leaves=31
num_cat=4
split_feature=1 14 9 9 2 2 2 1 17 14 3 14 14 1 2 14 2 14 3 3 3 2 1 2 3 9 15 15 5 0
split_gain=556.988 373.961 210.507 118.591 86.3424 139.026 156.85 81.516 87.4615 83.0895 129.274 70.9426 67.4561 63.4539 459.215 125.455 177.556 75.5874 84.5234 74.4594 63.4152 129.234 58.9 55.749 55.4837 53.5631 53.4349 51.5589 46.2048 44.079
threshold=1.0000000180025095e-35 0.8000000000000026 0 1 0.93499999999999972 1.6650000000000003 2.3600000000000003 1.5000000000000002 0.70000000000002427 0.69999999999999585 14.090000000000002 0.8000000000000026 0.099999999999996994 1.5000000000000002 3.5350000000000006 0.95000000000000118 6.0049999999999999 0.95000000000000118 18.410000000000004 13.315000000000003 9.0150000000000023 1.9950000000000012 2.5000000000000004 1.9150000000000003 10.985000000000001 2 1.0000000180025095e-35 0.75000000000000011 0.96759678964602569 3
decision_type=2 2 9 9 2 2 2 2 2 2 2 2 2 2 2 2 2 2 2 2 2 2 2 2 2 9 2 2 2 1
left_child=1 25 27 4 11 -6 7 8 -7 20 22 -2 -10 14 -8 24 -17 19 -19 28 21 -9 -11 -4 -16 -1 -25 -3 -15 -5
right_child=3 2 23 29 5 6 13 9 12 10 -12 -13 -14 17 15 16 -18 18 -20 -21 -22 -23 -24 26 -26 -27 -28 -29 -30 -31
leaf_value=0 0 0 0 0.00011906250000000001 0 -6.250000000000002e-06 -0.025235126716399537 -1.8431188939950006e-05 -0.025511613300672462 9.3593675203687879e-05 0.0011231423387438808 0 -0.030525079362295246 -0.020734625806277447 0.0027151173988415934 -0.0046299571038672495 0.0045125052813255739 0.0013536382881297476 -0.027106068538594819 -0.024958115499970041 0.00028523405314388289 0.00024455254631423656 0 0 0.0027151173988415934 0 0.010792313020723499 0 0.0020522391487086278 -1.6691891206077614e-05
leaf_weight=63515 2304 33501 3540 11377 19342 2704 1544 124 432 531 2713 1868 360 2458 125 471 286 2903 3647 2875 3332 3949 2322 4989 503 7600 1071 3239 91 1060
leaf_count=63515 2304 33501 3540 11377 19342 2704 1544 124 432 531 2713 1868 360 2458 125 471 286 2903 3647 2875 3332 3949 2322 4989 503 7600 1071 3239 91 1060
internal_value=0.00184575 0.00392406 0.00741908 -0.00178028 -0.00277899 -0.00334832 -0.00129264 0.00207081 -0.00470538 0.00389716 -0.000718649 0.00413471 -0.0193182 -0.00500906 0.00158757 0.022491 0.00878468 -0.00662268 -0.00300763 -0.0109882 0.00736664 0.0115517 -0.00814932 0.0140114 0.0390127 0.00164663 0.0111139 0.00569116 -0.00476658 0.00262714
internal_weight=184776 117455 46340 67321 54884 50712 31370 16467 3496 12971 5566 4172 792 14903 2929 1385 757 11974 6550 5424 7405 4073 2853 9600 628 71115 6060 36740 2549 12437
internal_count=184776 117455 46340 67321 54884 50712 31370 16467 3496 12971 5566 4172 792 14903 2929 1385 757 11974 6550 5424 7405 4073 2853 9600 628 71115 6060 36740 2549 12437
cat_boundaries=0 1 2 3 4
cat_threshold=1 129 1 1
is_linear=0
shrinkage=0.05


Tree=39
num_leaves=31
num_cat=5
split_feature=1 14 9 2 2 3 9 14 11 17 14 14 7 1 2 5 9 2 3 9 15 15 7 15 0 2 10 3 14 3
split_gain=659.035 373.961 210.507 133.396 132.332 108.488 114.277 81.8319 76.8907 92.5471 73.0876 67.7511 76.6754 91.4622 182.39 77.3589 65.1469 55.749 55.0493 53.5631 53.4349 51.5589 48.0322 47.683 43.877 43.3585 43.2588 75.4464 40.0343 39.1679
threshold=1.0000000180025095e-35 0.8000000000000026 0 0.93499999999999972 1.9650000000000001 6.0250000000000012 1 0.8000000000000026 1.0000000180025095e-35 0.35000000000000148 0.099999999999996994 1.3000000000000027 1.0000000180025095e-35 1.5000000000000002 3.9349999999999992 0.97859653660919488 2 1.9150000000000003 18.715000000000003 3 1.0000000180025095e-35 0.75000000000000011 1.0000000180025095e-35 0.75000000000000011 4 1.5749999999999995 7.5000000000000009 5.3950000000000014 10.900000000000015 26.050000000000004
decision_type=2 2 9 2 2 2 9 2 2 2 2 2 2 2 2 2 9 2 2 9 2 2 2 2 1 2 2 2 2 2
left_child=1 19 21 7 10 6 -6 -2 9 -8 22 12 15 14 -14 23 -12 -4 -17 -1 -19 -3 -5 -7 -9 -23 27 -10 29 -13
right_child=3 2 17 4 5 11 8 24 26 -11 16 28 13 -15 -16 18 -18 20 -20 -21 -22 25 -24 -25 -26 -27 -28 -29 -30 -31
leaf_value=0 0 0 0 0 -5.9531250000000007e-06 -5.9531250000000007e-06 0.00021877630147419032 0 -4.435829220782962e-05 -0.0054077016835497654 0 0.00011310937500000002 -0.023106698283117785 -0.031363195234004083 0.002585978484333873 0.0019496271912731967 0.023684051488823001 0 -0.02930247608374802 0 0.010252697369687326 0 0 -0.0084237310940930461 0 0 -0.03382095677762216 0.00028254092971817139 0.17678826910765719 -0.0049505880626553259
leaf_weight=63515 2573 33501 3540 10933 406 16837 2603 2335 778 186 8731 7169 334 2623 261 344 2476 4989 116 7600 1071 813 2133 1252 339 2426 739 652 164 3337
leaf_count=63515 2573 33501 3540 10933 406 16837 2603 2335 778 186 8731 7169 334 2623 261 344 2476 4989 116 7600 1071 813 2133 1252 339 2426 739 652 164 3337
internal_value=0.00166337 0.00392406 0.00741908 -0.00228086 -0.00292796 -0.00107801 0.00550895 0.0053745 0.00759863 0.0131051 -0.00580892 -0.00216728 -0.00376717 -0.0108919 0.00680672 -0.00253113 -0.00284644 0.0140114 0.0177174 0.00164663 0.0111139 0.00569116 -0.00834992 -0.00304605 0.0114996 0.0117166 0.00055325 0.00562937 0.00109653 0.000713878
internal_weight=184776 117455 46340 67321 62074 37801 5364 5247 4958 2789 24273 32437 21767 3218 595 18549 11207 9600 460 71115 6060 36740 13066 18089 2674 3239 2169 1430 10670 10506
internal_count=184776 117455 46340 67321 62074 37801 5364 5247 4958 2789 24273 32437 21767 3218 595 18549 11207 9600 460 71115 6060 36740 13066 18089 2674 3239 2169 1430 10670 10506
cat_boundaries=0 1 2 3 4 5
cat_threshold=1 40 129 1 1
is_linear=0
shrinkage=0.05


Tree=40
num_leaves=31
num_cat=6
split_feature=1 14 9 14 2 2 2 1 17 9 3 2 9 2 9 15 1 2 3 9 15 3 2 7 3 3 5 2 0 10
split_gain=538.863 373.961 210.507 144.626 133.984 115.601 177.92 174.838 111.026 88.6627 67.0055 60.5104 65.0002 55.749 53.5631 53.4349 51.6319 496.931 66.3119 61.7632 51.5589 51.4426 45.916 46.5649 44.8862 44.8086 43.4938 43.3585 42.2965 38.2479
threshold=1.0000000180025095e-35 0.8000000000000026 0 0.5999999999999962 0.97499999999999887 1.9950000000000012 2.0900000000000021 2.5000000000000004 0.95000000000000295 1 13.915000000000001 1.2399999999999995 2 1.9150000000000003 3 1.0000000180025095e-35 1.5000000000000002 3.5350000000000006 13.315000000000003 4 0.75000000000000011 9.9250000000000025 0.3799999999999995 1.0000000180025095e-35 3.9550000000000005 7.0250000000000012 0.96759678964602569 1.5749999999999995 5 7.5000000000000009
decision_type=2 2 9 2 2 2 2 2 2 9 2 2 9 2 9 2 2 2 2 9 2 2 2 2 2 2 2 2 1 2
left_child=1 14 20 5 28 22 7 8 -7 10 -9 12 29 -4 -1 -15 17 25 26 -20 -3 -19 -2 -24 -11 -8 -18 -22 -5 -6
right_child=3 2 13 4 11 6 16 9 -10 24 -12 -13 -14 15 -16 -17 18 21 19 -21 27 -23 23 -25 -26 -27 -28 -29 -30 -31
leaf_value=0 0 0 0 0 0 -5.6554687500000007e-06 0.0012768947743519875 0.00022138610392481522 -0.022907366547746666 -5.6554687500000007e-06 -0.0086431546007476965 2.9765625000000004e-07 0.022499848914381851 0 0 0.0097400625012029618 -0.011732677973372241 -0.019712430297512035 -0.023709912068721542 -0.0024348281237567865 0 0.0024566795601171812 0 0 -5.6554687500000007e-06 -0.024034282195225617 0.0019386883761994872 0 0 -2.6558948106357538e-05
leaf_weight=63515 2074 33501 3540 2409 6682 2756 141 4460 719 172 1121 21397 2083 4989 7600 1071 2987 83 2618 774 813 592 11673 2205 700 772 92 2426 339 472
leaf_count=63515 2074 33501 3540 2409 6682 2756 141 4460 719 172 1121 21397 2083 4989 7600 1071 2987 83 2618 774 813 592 11673 2205 700 772 92 2426 339 472
internal_value=0.00187984 0.00392406 0.00741908 -0.0016867 0.000650051 -0.00398509 -0.001237 0.00324335 -0.00579856 0.00811251 0.0104185 -0.000298688 -0.00368085 0.0140114 0.00164663 0.0111139 -0.00675642 0.00132242 -0.00873899 -0.0135613 0.00569116 0.0338519 -0.00708375 -0.00812077 -0.00668934 -0.0227273 -0.00342644 0.0117166 0.0112263 -0.00593942
internal_weight=184776 117455 46340 67321 33382 33939 17987 9928 3475 6453 5581 30634 9237 9600 71115 6060 8059 1588 6471 3392 36740 675 15952 13878 872 913 3079 3239 2748 7154
internal_count=184776 117455 46340 67321 33382 33939 17987 9928 3475 6453 5581 30634 9237 9600 71115 6060 8059 1588 6471 3392 36740 675 15952 13878 872 913 3079 3239 2748 7154
cat_boundaries=0 1 2 3 4 5 6
cat_threshold=1 129 129 1 1 1
is_linear=0
shrinkage=0.05


Tree=41
num_leaves=31
num_cat=5
split_feature=1 14 9 2 2 2 1 9 1 2 14 2 9 14 3 3 2 2 9 14 17 3 3 2 9 15 14 3 3 15
split_gain=554.091 373.961 210.507 128.545 235.841 140.008 127.154 94.6567 91.4937 419.027 120.103 184.114 89.7486 81.8319 76.1297 70.7093 159.883 100.014 113.196 67.2326 62.8044 83.9678 56.4966 55.749 53.5631 53.4349 51.805 150.557 60.1183 51.5589
threshold=1.0000000180025095e-35 0.8000000000000026 0 1.9650000000000001 0.93499999999999972 2.1650000000000005 2.5000000000000004 1 1.5000000000000002 3.3999999999999999 0.95000000000000118 6.0049999999999999 2 0.8000000000000026 13.915000000000001 15.015000000000002 1.4150000000000003 1.2600000000000009 3 0.5999999999999962 0.70000000000002427 13.915000000000001 10.985000000000001 1.9150000000000003 4 1.0000000180025095e-35 1.9000000000000006 14.965000000000002 13.915000000000001 0.75000000000000011
decision_type=2 2 9 2 2 2 2 9 2 2 2 2 9 2 2 2 2 2 9 2 2 2 2 2 9 2 2 2 2 2
left_child=1 24 29 4 13 6 20 8 9 -7 22 -12 26 -2 -10 16 -6 18 -17 -16 -5 -22 -11 -4 -1 -25 28 -28 -8 -3
right_child=3 2 23 5 15 7 12 -9 14 10 11 -13 -14 -15 19 17 -18 -19 -20 -21 21 -23 -24 25 -26 -27 27 -29 -30 -31
leaf_value=0 0 0 0 6.0450664064341451e-05 0 -0.022832568085464335 0.00019676818120424003 0.00010743902343750003 -0.0085398668061444586 0.0025527970219221155 -0.0041509447283536172 0.0045343945375795561 -5.3726953125000012e-06 0 -0.022524416465285465 0 -4.2300654003523753e-06 0.0019884297136432954 0.040553914354839765 -0.023890416435501407 -0.023090366652001506 0.0013891480625603334 0.0023338455821113268 0 0 0.0092530593761428141 -5.0028643770329623e-05 0.0010613148702441869 2.8277343750000007e-07 0
leaf_weight=63515 2573 33501 3540 5009 17768 1487 5591 5258 4232 126 435 262 3457 2674 2634 2392 1548 1172 1393 4178 905 552 499 4989 7600 1071 338 801 2037 3239
leaf_count=63515 2573 33501 3540 5009 17768 1487 5591 5258 4232 126 435 262 3457 2674 2634 2392 1548 1172 1393 4178 905 552 499 4989 7600 1071 338 801 2037 3239
internal_value=0.00185116 0.00392406 0.00741908 -0.00176542 -0.0042378 0.00016534 0.00324238 -0.00284391 -0.00500974 0.00304379 0.023525 0.00925395 0.00624182 0.0053745 -0.00706266 -0.00631566 -0.00768275 -0.000988501 -0.00494055 -0.0103347 -0.00242809 -0.0115649 0.03944 0.0140114 0.00164663 0.0111139 0.00892674 -0.00100966 0.0104221 0.00569116
internal_weight=184776 117455 46340 67321 29520 37801 18690 19111 13853 2809 1322 697 12224 5247 11044 24273 19316 4957 3785 6812 6466 1457 625 9600 71115 6060 8767 1139 7628 36740
internal_count=184776 117455 46340 67321 29520 37801 18690 19111 13853 2809 1322 697 12224 5247 11044 24273 19316 4957 3785 6812 6466 1457 625 9600 71115 6060 8767 1139 7628 36740
cat_boundaries=0 1 2 3 4 5
cat_threshold=1 5 1 1 1
is_linear=0
shrinkage=0.05


Tree=42
num_leaves=31
num_cat=4
split_feature=1 14 9 2 2 3 9 11 13 14 2 9 15 2 3 5 14 15 3 12 14 0 2 3 10 14 1 2 15 2
split_gain=633.879 373.961 210.507 129.261 138.039 105.373 128.959 84.9881 83.3561 81.8319 55.749 53.5631 53.4349 52.8369 62.9023 55.6981 55.3258 51.5589 47.4795 46.5807 47.7345 43.877 43.3585 42.0645 50.2063 48.9691 41.1501 152.609 95.2694 80.0758
threshold=1.0000000180025095e-35 0.8000000000000026 0 0.93499999999999972 1.3949999999999998 6.0250000000000012 1 1.0000000180025095e-35 -1.0000000180025095e-35 0.8000000000000026 1.9150000000000003 2 1.0000000180025095e-35 1.6299999999999997 7.5950000000000006 0.97859653660919488 1.3000000000000027 0.75000000000000011 18.020000000000003 1.0000000180025095e-35 0.25000000000000006 3 1.5749999999999995 4.9250000000000007 7.5000000000000009 0.10000000000000499 1.5000000000000002 3.3999999999999999 0.75000000000000011 2.8100000000000001
decision_type=2 2 9 2 2 2 9 2 2 2 2 9 2 2 2 2 2 2 2 2 2 1 2 2 2 2 2 2 2 2
left_child=1 11 17 9 -5 6 -6 8 -8 -2 -4 -1 -12 -7 -15 16 19 -3 -17 20 -16 -11 -19 -9 25 -25 27 28 -21 -28
right_child=3 2 10 4 5 13 7 23 -10 21 12 -13 -14 14 15 18 -18 22 -20 26 -22 -23 -24 24 -26 -27 29 -29 -30 -31
leaf_value=0 0 0 0 0 -5.7416217299823826e-06 2.1150327001761877e-07 -0.0028374299393848727 -0.040106629325737705 0.00018692977214402804 0 0 0 0.008790406407335671 -1.7298126222934888e-05 -0.0086539552711783121 0.0021822047532067852 0.00010206707226562503 0 -0.02546577071247479 -0.0087114164207517022 -9.5556356227120018e-06 0 0 0.00024750616897581005 -0.031116281699765214 -7.6353772623205203e-06 8.6174231677786417e-05 0.0022171533030057589 0.00069038770927587478 -0.019717254244779481
leaf_weight=63515 2573 33501 3540 21654 500 988 160 522 2984 2335 4989 7600 1071 916 7230 580 10608 813 188 1442 4338 339 2426 686 564 548 4192 464 145 3365
leaf_count=63515 2573 33501 3540 21654 500 988 160 522 2984 2335 4989 7600 1071 916 7230 580 10608 813 188 1442 4338 339 2426 686 564 548 4192 464 145 3365
internal_value=0.00170693 0.00392406 0.00741908 -0.00216129 -0.00279827 -0.00107249 0.00506372 0.007289 0.012659 0.0053745 0.0140114 0.00164663 0.0111139 -0.00213461 -0.00247102 -0.0021074 -0.0024289 0.00569116 0.0111979 -0.00390536 -0.00604253 0.0114996 0.0117166 4.31034e-05 0.00367075 0.00931929 -0.00133222 0.00494881 -0.00242596 -0.00303692
internal_weight=184776 117455 46340 67321 62074 40420 5964 5464 3144 5247 9600 71115 6060 34456 33468 32552 31784 36740 768 21176 11568 2674 3239 2320 1798 1234 9608 2051 1587 7557
internal_count=184776 117455 46340 67321 62074 40420 5964 5464 3144 5247 9600 71115 6060 34456 33468 32552 31784 36740 768 21176 11568 2674 3239 2320 1798 1234 9608 2051 1587 7557
cat_boundaries=0 1 2 3 4
cat_threshold=1 40 1 1
is_linear=0
shrinkage=0.05


Tree=43
num_leaves=31
num_cat=7
split_feature=1 14 9 2 2 14 10 2 9 2 9 15 3 2 9 11 17 9 2 5 3 15 1 3 0 0 11 2 1 2
split_gain=668.536 373.961 210.507 134.954 144.248 81.8319 59.7894 58.6053 57.764 55.749 53.5631 53.4349 53.1713 138.207 110.466 74.9557 89.6542 72.1059 84.5508 56.0284 53.1351 51.5589 49.911 45.9 45.5718 43.877 43.534 43.3585 42.9642 377.501
threshold=1.0000000180025095e-35 0.8000000000000026 0 0.93499999999999972 1.420000000000001 0.8000000000000026 6.5000000000000009 1.4099999999999986 1 1.9150000000000003 2 1.0000000180025095e-35 6.0250000000000012 1.7399999999999995 3 1.0000000180025095e-35 0.95000000000000295 4 1.8550000000000006 0.97859653660919488 7.5950000000000006 0.75000000000000011 2.5000000000000004 18.020000000000003 5 6 1.0000000180025095e-35 1.5749999999999995 1.5000000000000002 3.3999999999999999
decision_type=2 2 9 2 2 2 2 2 9 2 9 2 2 2 9 2 2 9 2 2 2 2 2 2 1 1 2 2 2 2
left_child=1 10 21 5 6 -2 8 24 22 -4 -1 -11 13 26 -15 16 -16 18 -14 20 -20 -3 -5 -21 -8 -7 -6 -23 29 -22
right_child=3 2 9 4 12 25 7 -9 -10 11 -12 -13 17 14 15 -17 -18 -19 19 23 28 27 -24 -25 -26 -27 -28 -29 -30 -31
leaf_value=0 0 0 0 -5.9531250000000007e-06 -9.1349853371837827e-06 0 0 -9.1349853371837827e-06 0 0 0 0.0083508860869688905 2.0092810651673782e-07 -8.1081474292179538e-06 0.00017758328353682662 5.7838932063364486e-07 -0.00269555844241563 0.00010849797904676062 -4.6662305270666399e-05 0.0020730945155464464 -0.021255368860153535 0 0.023662153866444324 -0.024252347317236529 0 0 5.7838932063364486e-07 0 -0.0052011029847721553 0.0021668024280405598
leaf_weight=63515 2573 33501 3540 924 262 2335 2899 151 15268 4989 7600 1071 1258 414 2635 2220 177 9235 738 510 3455 813 2233 170 432 339 99 2426 17740 1254
leaf_count=63515 2573 33501 3540 924 262 2335 2899 151 15268 4989 7600 1071 1258 414 2635 2220 177 9235 738 510 3455 813 2233 170 432 339 99 2426 17740 1254
internal_value=0.00164713 0.00392406 0.00741908 -0.00232543 -0.00297629 0.0053745 -0.00624001 -0.0122487 -0.00510448 0.0140114 0.00164663 0.0111139 -0.00119626 0.00322886 0.00521484 0.00725902 0.0126956 -0.00194412 -0.00333201 -0.00399925 -0.00441411 0.00569116 0.00105778 0.0101471 -0.0108676 0.0114996 -0.0267313 0.0117166 -0.00398013 0.000265449
internal_weight=184776 117455 46340 67321 62074 5247 21907 3482 18425 9600 71115 6060 40167 5807 5446 5032 2812 34360 25125 23867 23187 36740 3157 680 3331 2674 361 3239 22449 4709
internal_count=184776 117455 46340 67321 62074 5247 21907 3482 18425 9600 71115 6060 40167 5807 5446 5032 2812 34360 25125 23867 23187 36740 3157 680 3331 2674 361 3239 22449 4709
cat_boundaries=0 1 2 3 4 5 6 7
cat_threshold=1 172 1 40 5 1 1
is_linear=0
shrinkage=0.05


Tree=44
num_leaves=31
num_cat=6
split_feature=1 14 9 2 2 2 10 14 1 9 5 1 2 9 14 2 3 14 12 0 3 2 2 5 9 15 15 14 13 0
split_gain=463.52 373.961 210.507 145.233 228.127 164.06 85.487 81.8319 78.2532 82.7474 74.8727 74.2173 320.45 112.57 109.561 157.037 72.8547 64.535 61.2499 75.7492 58.4476 56.4859 55.749 55.0956 53.5631 53.4349 51.5589 49.2063 46.4331 43.877
threshold=1.0000000180025095e-35 0.8000000000000026 0 1.5850000000000002 0.93499999999999972 2.1650000000000005 6.5000000000000009 0.8000000000000026 2.5000000000000004 1 0.68518299032635899 1.5000000000000002 3.3999999999999999 2 0.95000000000000118 6.0049999999999999 14.010000000000002 1.2000000000000102 1.0000000180025095e-35 3 9.8000000000000025 12.750000000000004 1.9150000000000003 0.98592083029765476 4 1.0000000180025095e-35 0.75000000000000011 0.5999999999999962 -0.74999999999999989 5
decision_type=2 2 9 2 2 2 2 2 2 9 2 2 2 9 2 2 2 2 2 1 2 2 2 2 9 2 2 2 2 1
left_child=1 24 26 4 7 8 -6 -2 28 10 -10 12 -7 16 20 -16 17 23 19 -8 -14 -15 -4 -13 -1 -24 -3 -18 -5 -9
right_child=3 2 22 5 6 11 18 29 9 -11 -12 13 14 21 15 -17 27 -19 -20 -21 -22 -23 25 -25 -26 -27 -28 -29 -30 -31
leaf_value=0 0 0 0 -0.0025607805202948475 0 -0.020192600417145858 -8.6782360703245948e-06 0 0.00023510194106098788 -4.3957089680774311e-06 -8.6931188828245945e-06 -0.016423354602490003 -0.018530090991575654 0.00034472369158277207 -0.0040568409669512473 0.0041942313356852726 -0.020705442729223669 0.005390639063914693 0 0 0.0020828844699998686 -0.14352956330252087 0 0.0019694397897691241 0 0.0079333417826204407 0 -0.022922993826065521 1.9088170119090095e-07 0
leaf_weight=63515 2573 33501 3540 136 19056 1876 879 2335 7924 3682 1639 3514 81 4528 648 357 2425 885 2663 221 632 221 4989 85 7600 1071 3239 3859 6763 339
leaf_count=63515 2573 33501 3540 136 19056 1876 879 2335 7924 3682 1639 3514 81 4528 648 357 2425 885 2663 221 632 221 4989 85 7600 1071 3239 3859 6763 339
internal_value=0.00202813 0.00392406 0.00741908 -0.00127969 -0.00402622 0.000683989 -0.00618783 0.0053745 0.00383241 0.00608154 0.0085292 -0.00263461 0.00383973 -0.00413418 0.0194412 0.00880597 -0.00695862 -0.00209634 -0.0130747 -0.023 0.034432 0.00227989 0.0140114 -0.00507085 0.00164663 0.0111139 0.00569116 -0.0104392 -0.000485578 0.0114996
internal_weight=184776 117455 46340 67321 28066 39255 22819 5247 20144 13245 9563 19111 3594 15517 1718 1005 10768 4484 3763 1100 713 4749 9600 3599 71115 6060 36740 6284 6899 2674
internal_count=184776 117455 46340 67321 28066 39255 22819 5247 20144 13245 9563 19111 3594 15517 1718 1005 10768 4484 3763 1100 713 4749 9600 3599 71115 6060 36740 6284 6899 2674
cat_boundaries=0 1 2 3 4 5 6
cat_threshold=1 1 1 1 1 1
is_linear=0
shrinkage=0.05


Tree=45
num_leaves=31
num_cat=5
split_feature=1 14 9 2 2 2 14 9 1 2 14 2 3 14 5 1 9 5 2 3 9 15 15 15 14 7 14 9 13 2
split_gain=460.218 373.961 210.507 119.42 212.675 151.114 81.8319 73.0279 94.275 325.884 154.19 128.198 72.7066 80.8611 102.847 70.3984 71.3989 63.0795 55.749 55.2414 53.5631 53.4349 51.5589 51.5352 86.94 50.2138 47.3971 64.6591 46.3751 44.7395
threshold=1.0000000180025095e-35 0.8000000000000026 0 1.6800000000000035 0.93499999999999972 2.1650000000000005 0.8000000000000026 1 1.5000000000000002 3.4350000000000027 0.95000000000000118 6.0049999999999999 18.020000000000003 1.2000000000000102 0.97859653660919488 2.5000000000000004 2 0.68518299032635899 1.9150000000000003 10.985000000000001 3 1.0000000180025095e-35 0.75000000000000011 1.0000000180025095e-35 0.95000000000000118 1.0000000180025095e-35 0.099999999999996994 4 -0.74999999999999989 1.4099999999999986
decision_type=2 2 9 2 2 2 2 9 2 2 2 2 2 2 2 2 9 2 2 2 9 2 2 2 2 2 2 9 2 2
left_child=1 20 22 4 6 15 -2 8 9 23 19 -12 13 14 25 28 17 -17 -4 -11 -1 -20 -3 -7 -25 -10 29 -28 -5 -6
right_child=3 2 18 5 26 7 -8 -9 12 10 11 -13 -14 -15 -16 16 -18 -19 21 -21 -22 -23 -24 24 -26 -27 27 -29 -30 -31
leaf_value=0 0 0 0 -0.0024327414942801051 0 -0.019182970396288565 0 9.2266810794204319e-05 -0.014141349498600065 0.0021018151607737011 -0.0038539989186036853 0.0039845197689010068 -0.021773849979300465 0.0051654654029267884 0.0053510599293343673 0.00022334684400793852 -4.1759235196735593e-06 -1.0256660312604272e-05 0 0.0020234078734201466 0 0.0075366746934894206 0 0.0037104170068336332 -0.020917957104739607 -0.018749090667106706 0 0.021217304852564969 3.919293399202211e-05 -8.2443242668083656e-06
leaf_weight=63515 2573 33501 3540 136 11809 1314 2674 5258 3539 122 430 262 4957 1307 193 7708 3614 1598 4989 497 7600 1071 3239 84 100 1048 8250 2357 6647 844
leaf_count=63515 2573 33501 3540 136 11809 1314 2674 5258 3539 122 430 262 4957 1307 193 7708 3614 1598 4989 497 7600 1071 3239 84 100 1048 8250 2357 6647 844
internal_value=0.0020349 0.00392406 0.00741908 -0.00126112 -0.00371838 0.000543618 0.0053745 -0.00262414 -0.00452644 0.00364899 0.0218535 0.00563584 -0.00660992 -0.00294891 -0.00596234 0.0036162 0.00578173 0.0080936 0.0140114 0.0399838 0.00164663 0.0111139 0.00569116 -0.012283 0.0125 -0.00746675 -0.00576956 -0.00330442 -0.000508625 -0.00783609
internal_weight=184776 117455 46340 67321 28507 38814 5247 19111 13853 2809 1311 692 11044 6087 4780 19703 12920 9306 9600 619 71115 6060 36740 1498 184 4587 23260 10607 6783 12653
internal_count=184776 117455 46340 67321 28507 38814 5247 19111 13853 2809 1311 692 11044 6087 4780 19703 12920 9306 9600 619 71115 6060 36740 1498 184 4587 23260 10607 6783 12653
cat_boundaries=0 1 2 3 4 5
cat_threshold=1 5 1 1 129
is_linear=0
shrinkage=0.05


Tree=46
num_leaves=31
num_cat=6
split_feature=1 14 9 2 2 2 14 9 1 2 14 2 3 1 9 14 5 2 9 15 15 15 14 3 14 9 13 14 5 0
split_gain=464.182 373.961 210.507 116.926 212.511 154.186 81.8319 74.6135 71.7158 281.237 109.424 123.845 76.5544 71.0599 71.3989 69.3096 63.0795 55.749 53.5631 53.4349 51.5589 50.9366 88.2981 48.4286 47.2319 64.6591 46.2806 45.2842 55.779 43.877
threshold=1.0000000180025095e-35 0.8000000000000026 0 1.6800000000000035 0.93499999999999972 2.1650000000000005 0.8000000000000026 1 1.5000000000000002 3.3999999999999999 0.95000000000000118 6.0049999999999999 13.415000000000001 2.5000000000000004 2 0.5999999999999962 0.68518299032635899 1.9150000000000003 3 1.0000000180025095e-35 0.75000000000000011 1.0000000180025095e-35 0.95000000000000118 18.410000000000004 0.099999999999996994 4 -0.74999999999999989 1.2000000000000102 0.97859653660919488 5
decision_type=2 2 9 2 2 2 2 9 2 2 2 2 2 2 9 2 2 2 9 2 2 2 2 2 2 9 2 2 2 1
left_child=1 18 20 4 6 13 -2 8 9 21 -11 -12 27 26 16 -14 -15 -4 -1 -19 -3 -7 -23 -17 -6 -26 -5 28 -10 -8
right_child=3 2 17 5 24 7 29 -9 12 10 11 -13 15 14 -16 23 -18 19 -20 -21 -22 22 -24 -25 25 -27 -28 -29 -30 -31
leaf_value=0 0 0 0 -0.0023111044195661015 0 -0.018223821876474134 0 8.7653470254494113e-05 -0.01479142844554341 0.0019222374797491339 -0.0036612989726734994 0.0037852937804559563 -0.018581478093797461 0.00021217950180754159 -3.9671273436898815e-06 0.0040565263554587149 -9.7438272969740579e-06 0 0 0.0071598409588149448 0 0.0035248961564919527 -0.019872059249502624 -0.02250517193633244 0 0.020156439609936717 3.7233287292421001e-05 0.0048628338405726189 0.0016788920692832048 0
leaf_weight=63515 2573 33501 3540 136 12653 1304 2335 5258 3288 625 435 262 2644 7708 3614 979 1598 4989 7600 1071 3239 84 99 3234 8250 2357 6647 793 106 339
leaf_count=63515 2573 33501 3540 136 12653 1304 2335 5258 3288 625 435 262 2644 7708 3614 979 1598 4989 7600 1071 3239 84 99 3234 8250 2357 6647 793 106 339
internal_value=0.00202678 0.00392406 0.00741908 -0.0012834 -0.00371488 0.000502396 0.0053745 -0.0026974 -0.00462021 0.00250979 0.019289 0.00566714 -0.00643788 0.00360605 0.00578173 -0.00969083 0.0080936 0.0140114 0.00164663 0.0111139 0.00569116 -0.0124075 0.0122951 -0.00570852 -0.00576526 -0.00330442 -0.00053811 -0.00111058 -0.00362404 0.0114996
internal_weight=184776 117455 46340 67321 28507 38814 5247 19111 13853 2809 1322 697 11044 19703 12920 6857 9306 9600 71115 6060 36740 1487 183 4213 23260 10607 6783 4187 3394 2674
internal_count=184776 117455 46340 67321 28507 38814 5247 19111 13853 2809 1322 697 11044 19703 12920 6857 9306 9600 71115 6060 36740 1487 183 4213 23260 10607 6783 4187 3394 2674
cat_boundaries=0 1 2 3 4 5 6
cat_threshold=1 5 1 1 129 1
is_linear=0
shrinkage=0.05


Tree=47
num_leaves=31
num_cat=5
split_feature=1 14 9 2 2 2 14 1 9 9 1 2 14 2 3 5 14 5 2 9 15 15 15 14 14 9 13 1 2 2
split_gain=454.436 373.961 210.507 122.272 212.511 144.86 81.8319 71.0599 71.3989 69.0305 66.4459 281.237 109.424 123.845 80.1541 76.1713 80.0246 63.0795 55.749 53.5631 53.4349 51.5589 50.9366 88.2981 47.2319 64.6591 46.2806 45.9026 145.776 95.3085
threshold=1.0000000180025095e-35 0.8000000000000026 0 1.6800000000000035 0.93499999999999972 2.1650000000000005 0.8000000000000026 2.5000000000000004 1 2 1.5000000000000002 3.3999999999999999 0.95000000000000118 6.0049999999999999 18.020000000000003 0.97859653660919488 1.2000000000000102 0.68518299032635899 1.9150000000000003 3 1.0000000180025095e-35 0.75000000000000011 1.0000000180025095e-35 0.95000000000000118 0.099999999999996994 4 -0.74999999999999989 2.5000000000000004 6.1200000000000001 9.2950000000000035
decision_type=2 2 9 2 2 2 2 2 9 9 2 2 2 2 2 2 2 2 2 9 2 2 2 2 2 9 2 2 2 2
left_child=1 19 21 4 6 7 -2 26 17 10 11 22 -13 -14 15 16 -12 -9 -4 -1 -20 -3 -7 -24 -6 -26 -5 28 -16 -29
right_child=3 2 18 5 24 9 -8 8 -10 -11 14 12 13 -15 27 -17 -18 -19 20 -21 -22 -23 23 -25 25 -27 -28 29 -30 -31
leaf_value=0 0 0 0 -0.0021955491985877983 0 -0.01731263078265043 0 0.00020157052671716452 -3.7687709765053873e-06 8.327079674176941e-05 -0.014988978981865176 0.0018261256057616748 -0.0034782340240398224 0.003596029091433162 -0.017099239240427527 0.0027853503214280394 0.0046640504407518182 -9.2566359321253532e-06 0 0 0.0068018489108741982 0 0.003348651348667353 -0.01887845628702749 0 0.019148617629439882 3.537162292779995e-05 -0.020662308203369496 0.01468610984369554 -0.11949134751570618
leaf_weight=63515 2573 33501 3540 136 12653 1304 2674 7708 3614 5258 4587 625 435 262 622 275 1225 1598 4989 7600 1071 3239 84 99 8250 2357 6647 3470 249 616
leaf_count=63515 2573 33501 3540 136 12653 1304 2674 7708 3614 5258 4587 625 435 262 622 275 1225 1598 4989 7600 1071 3239 84 99 8250 2357 6647 3470 249 616
internal_value=0.0020468 0.00392406 0.00741908 -0.00122844 -0.00371488 0.000597722 0.0053745 0.00360605 0.00578173 -0.00250379 -0.00435331 0.00250979 0.019289 0.00566714 -0.00610286 -0.00225891 -0.00347557 0.0080936 0.0140114 0.00164663 0.0111139 0.00569116 -0.0124075 0.0122951 -0.00576526 -0.00330442 -0.00053811 -0.0108231 -0.000401837 -0.0130445
internal_weight=184776 117455 46340 67321 28507 38814 5247 19703 12920 19111 13853 2809 1322 697 11044 6087 5812 9306 9600 71115 6060 36740 1487 183 23260 10607 6783 4957 871 4086
internal_count=184776 117455 46340 67321 28507 38814 5247 19703 12920 19111 13853 2809 1322 697 11044 6087 5812 9306 9600 71115 6060 36740 1487 183 23260 10607 6783 4957 871 4086
cat_boundaries=0 1 2 3 4 5
cat_threshold=1 1 5 1 129
is_linear=0
shrinkage=0.05


Tree=48
num_leaves=31
num_cat=6
split_feature=1 14 9 2 2 2 14 1 9 9 1 2 14 2 3 5 14 5 2 9 15 15 14 15 14 9 13 0 2 3
split_gain=454.436 373.961 210.507 122.617 212.675 144.612 81.8319 71.0599 71.3989 68.8826 64.2574 274.713 113.827 115.307 80.7 75.8796 79.2985 63.0795 55.749 53.5631 53.4349 52.932 85.7572 51.5589 47.0353 64.0767 46.2806 43.877 43.8542 141.418
threshold=1.0000000180025095e-35 0.8000000000000026 0 1.6800000000000035 0.93499999999999972 2.1650000000000005 0.8000000000000026 2.5000000000000004 1 2 1.5000000000000002 3.3999999999999999 0.95000000000000118 6.0049999999999999 18.020000000000003 0.97859653660919488 1.2000000000000102 0.68518299032635899 1.9150000000000003 3 1.0000000180025095e-35 1.0000000180025095e-35 0.95000000000000118 0.75000000000000011 0.099999999999996994 4 -0.74999999999999989 5 1.4099999999999986 6.1750000000000007
decision_type=2 2 9 2 2 2 2 2 9 9 2 2 2 2 2 2 2 2 2 9 2 2 2 2 2 9 2 1 2 2
left_child=1 19 23 4 6 7 -2 26 17 10 11 21 -13 -14 15 16 -12 -9 -4 -1 -20 -7 -23 -3 28 -26 -5 -8 -6 -30
right_child=3 2 18 5 24 9 27 8 -10 -11 14 12 13 -15 -16 -17 -18 -19 20 -21 -22 22 -24 -25 25 -27 -28 -29 29 -31
leaf_value=0 0 0 0 -0.0020857717386584098 0 -0.016446999243517908 0 0.00019149200038130629 -3.5803324276801182e-06 7.9107256904680933e-05 -0.014239530032771919 0.0017348193254735911 -0.003304322322837833 0.0034162276368615019 -0.018598615277876551 0.0026460828053566374 0.004430847918714227 -8.7938041355190862e-06 0 0 0.0064617564653304928 0.0031812187812339855 -0.017934533472676119 0 0 0.018191186747967887 3.3603041781409953e-05 0 -8.2660198569841771e-06 4.9759743965565574e-07
leaf_weight=63515 2573 33501 3540 136 11809 1304 2335 7708 3614 5258 4587 625 435 262 4957 275 1225 1598 4989 7600 1071 84 99 3239 8250 2357 6647 339 392 452
leaf_count=63515 2573 33501 3540 136 11809 1304 2335 7708 3614 5258 4587 625 435 262 4957 275 1225 1598 4989 7600 1071 84 99 3239 8250 2357 6647 339 392 452
internal_value=0.0020468 0.00392406 0.00741908 -0.00122844 -0.00371838 0.000600299 0.0053745 0.00360605 0.00578173 -0.00249856 -0.0043461 0.00240299 0.0189864 0.00509326 -0.00606664 -0.00220963 -0.00342395 0.0080936 0.0140114 0.00164663 0.0111139 -0.0123403 0.0128415 0.00569116 -0.00576956 -0.00331385 -0.00053811 0.0114996 -0.00782818 -0.0188389
internal_weight=184776 117455 46340 67321 28507 38814 5247 19703 12920 19111 13853 2809 1322 697 11044 6087 5812 9306 9600 71115 6060 1487 183 36740 23260 10607 6783 2674 12653 844
internal_count=184776 117455 46340 67321 28507 38814 5247 19703 12920 19111 13853 2809 1322 697 11044 6087 5812 9306 9600 71115 6060 1487 183 36740 23260 10607 6783 2674 12653 844
cat_boundaries=0 1 2 3 4 5 6
cat_threshold=1 1 5 1 129 1
is_linear=0
shrinkage=0.05


Tree=49
num_leaves=31
num_cat=6
split_feature=1 14 9 2 2 2 14 1 9 9 5 5 1 2 14 2 3 3 14 2 9 15 15 14 15 14 9 13 0 2
split_gain=452.865 373.961 210.507 123.844 212.839 142.882 81.8319 71.0599 71.3989 67.8519 63.0795 55.7869 58.0798 247.327 132.745 96.5489 63.9702 61.6143 57.1673 55.749 53.5631 53.4349 53.0714 87.1083 51.5589 46.839 63.4969 46.2806 43.877 43.8542
threshold=1.0000000180025095e-35 0.8000000000000026 0 1.6800000000000035 0.93499999999999972 2.1650000000000005 0.8000000000000026 2.5000000000000004 1 2 0.68518299032635899 0.97859653660919488 1.5000000000000002 3.3999999999999999 0.95000000000000118 6.0049999999999999 26.735000000000003 14.010000000000002 1.2000000000000102 1.9150000000000003 3 1.0000000180025095e-35 1.0000000180025095e-35 0.95000000000000118 0.75000000000000011 0.099999999999996994 4 -0.74999999999999989 5 1.4099999999999986
decision_type=2 2 9 2 2 2 2 2 9 9 2 2 2 2 2 2 2 2 2 2 9 2 2 2 2 2 9 2 1 2
left_child=1 20 24 4 6 7 -2 27 10 11 -9 12 13 22 -15 -16 -17 18 -14 -4 -1 -21 -7 -24 -3 29 -27 -5 -8 -6
right_child=3 2 19 5 25 9 28 8 -10 -11 -12 -13 17 14 15 16 -18 -19 -20 21 -22 -23 23 -25 -26 26 -28 -29 -30 -31
leaf_value=0 0 0 0 -0.0019814831517254885 0 -0.015624649281342013 0 0.00018191740036224097 -3.4013158062961124e-06 7.5151894059446891e-05 -8.3541139287431332e-06 0.0015253350686036463 -0.012463735466001147 0.0016257445457397825 -0.0036912350206773806 -4.442506975342875e-05 0.0057965533884783982 -0.016572603762410754 0.0041649472305706854 0 0 0.0061386686420639713 0.0030221578421722908 -0.017037806799042311 0 0 0.017281627410569489 3.1922889692339458e-05 0 -7.4188070606187379e-06
leaf_weight=63515 2573 33501 3540 136 11809 1262 2335 7708 3614 5258 1598 436 3529 620 418 107 150 6278 871 4989 7600 1071 84 98 3239 8250 2357 6647 339 844
leaf_count=63515 2573 33501 3540 136 11809 1262 2335 7708 3614 5258 1598 436 3529 620 418 107 150 6278 871 4989 7600 1071 84 98 3239 8250 2357 6647 339 844
internal_value=0.00205005 0.00392406 0.00741908 -0.00121953 -0.00372189 0.000618334 0.0053745 0.00360605 0.00578173 -0.00246193 0.0080936 -0.00429561 -0.00487069 0.00162468 0.0174903 0.00214815 0.0262646 -0.0065368 -0.002 0.0140114 0.00164663 0.0111139 -0.0126039 0.0126374 0.00569116 -0.00577386 -0.00332328 -0.00053811 0.0114996 -0.00782818
internal_weight=184776 117455 46340 67321 28507 38814 5247 19703 12920 19111 9306 13853 13417 2739 1295 675 257 10678 4400 9600 71115 6060 1444 182 36740 23260 10607 6783 2674 12653
internal_count=184776 117455 46340 67321 28507 38814 5247 19703 12920 19111 9306 13853 13417 2739 1295 675 257 10678 4400 9600 71115 6060 1444 182 36740 23260 10607 6783 2674 12653
cat_boundaries=0 1 2 3 4 5 6
cat_threshold=1 1 5 1 129 1
is_linear=0
shrinkage=0.05


Tree=50
num_leaves=31
num_cat=6
split_feature=1 14 9 2 2 2 14 1 9 9 5 2 5 9 15 1 2 14 2 3 3 15 14 15 14 14 9 13 0 2
split_gain=449.992 373.961 210.507 125.466 212.839 140.184 81.8319 71.0599 71.3989 66.2478 63.0795 55.749 55.2847 53.5631 53.4349 51.5829 237.277 124.743 94.6292 62.2958 60.6334 53.0714 87.1083 51.5589 48.3476 46.839 63.4969 46.2806 43.877 43.8542
threshold=1.0000000180025095e-35 0.8000000000000026 0 1.6800000000000035 0.93499999999999972 2.1650000000000005 0.8000000000000026 2.5000000000000004 1 2 0.68518299032635899 1.9150000000000003 0.97859653660919488 3 1.0000000180025095e-35 1.5000000000000002 3.3999999999999999 0.95000000000000118 6.0049999999999999 26.735000000000003 13.635000000000003 1.0000000180025095e-35 0.95000000000000118 0.75000000000000011 0.5999999999999962 0.099999999999996994 4 -0.74999999999999989 5 1.4099999999999986
decision_type=2 2 9 2 2 2 2 2 9 9 2 2 2 9 2 2 2 2 2 2 2 2 2 2 2 2 9 2 1 2
left_child=1 13 23 4 6 7 -2 27 10 12 -9 -4 15 -1 -13 16 21 -18 -19 -20 -17 -7 -23 -3 -22 29 -27 -5 -8 -6
right_child=3 2 11 5 25 9 28 8 -10 -11 -12 14 -14 -15 -16 20 17 18 19 -21 24 22 -24 -25 -26 26 -28 -29 -30 -31
leaf_value=0 0 0 0 -0.0018824089941392121 0 -0.014843416817274913 0 0.00017282153034412894 -3.2312500159813067e-06 7.1394299356474547e-05 -7.9364082323059764e-06 0 0.0014490683151734639 0 0.0058317352099607755 -0.0055327930536106518 0.0015444573184527966 -0.0035066732696435125 -4.2203816265756758e-05 0.005506725719054484 -0.014860727826924748 0.0028710499500636758 -0.016185916459090195 0 -0.016896216676797766 0 0.016417546040041014 3.0326745207722486e-05 0 -7.0478667075878006e-06
leaf_weight=63515 2573 33501 3540 136 11809 1262 2335 7708 3614 5258 1598 4989 436 7600 1071 4044 620 418 107 150 2580 84 98 3239 4054 8250 2357 6647 339 844
leaf_count=63515 2573 33501 3540 136 11809 1262 2335 7708 3614 5258 1598 4989 436 7600 1071 4044 620 418 107 150 2580 84 98 3239 4054 8250 2357 6647 339 844
internal_value=0.002056 0.00392406 0.00741908 -0.00120319 -0.00372189 0.000646674 0.0053745 0.00360605 0.00578173 -0.00240437 0.0080936 0.0140114 -0.00421626 0.00164663 0.0111139 -0.0047887 0.0013326 0.0168726 0.002 0.0258755 -0.00635887 -0.0126039 0.0126374 0.00569116 -0.00930057 -0.00577386 -0.00332328 -0.00053811 0.0114996 -0.00782818
internal_weight=184776 117455 46340 67321 28507 38814 5247 19703 12920 19111 9306 9600 13853 71115 6060 13417 2739 1295 675 257 10678 1444 182 36740 6634 23260 10607 6783 2674 12653
internal_count=184776 117455 46340 67321 28507 38814 5247 19703 12920 19111 9306 9600 13853 71115 6060 13417 2739 1295 675 257 10678 1444 182 36740 6634 23260 10607 6783 2674 12653
cat_boundaries=0 1 2 3 4 5 6
cat_threshold=1 1 5 1 129 1
is_linear=0
shrinkage=0.05


Tree=51
num_leaves=31
num_cat=6
split_feature=1 14 9 2 2 2 14 1 9 5 9 2 5 1 2 2 14 2 9 15 3 15 14 14 9 13 3 2 0 2
split_gain=441.946 373.961 210.507 130.096 212.839 132.719 81.8319 71.0599 71.3989 63.0795 61.3223 55.749 53.8367 53.6253 353.752 116.348 105.199 120.717 53.5631 53.4349 52.1285 51.5589 49.6511 46.839 63.4969 46.2806 45.1139 44.1344 43.877 43.8542
threshold=1.0000000180025095e-35 0.8000000000000026 0 1.6800000000000035 0.93499999999999972 2.1650000000000005 0.8000000000000026 2.5000000000000004 1 0.68518299032635899 2 1.9150000000000003 0.97859653660919488 2.5000000000000004 4.4050000000000011 11.015000000000002 0.95000000000000118 6.450000000000002 3 1.0000000180025095e-35 13.915000000000001 0.75000000000000011 0.95000000000000118 0.099999999999996994 4 -0.74999999999999989 26.735000000000003 3.3999999999999999 5 1.4099999999999986
decision_type=2 2 9 2 2 2 2 2 9 2 9 2 2 2 2 2 2 2 9 2 2 2 2 2 9 2 2 2 1 2
left_child=1 18 21 4 6 7 -2 25 9 -9 12 -4 13 14 27 20 -16 -18 -1 -13 -15 -3 -22 29 -25 -5 -19 -7 -8 -6
right_child=3 2 11 5 23 10 28 8 -10 -11 -12 19 -14 15 16 -17 17 26 -20 -21 22 -23 -24 24 -26 -27 -28 -29 -30 -31
leaf_value=0 0 0 0 -0.0017882885444322539 0 -0.014104119033889841 0 0.00016418045382692248 -3.0696875151822418e-06 -7.5395878206906767e-06 6.7824584388650813e-05 0 0.0013766148994147907 -0.0032344085944519489 0.0020331236946994902 -0.10940039270680307 -0.0027792107921798983 0.0010061058935422697 0 0.0055401484494627343 -0.01500093718294398 0 -0.01647229474141253 0 0.015596668738038966 2.8810407947336363e-05 0.0060658739969175037 4.1830101600681682e-05 0 -6.6954733722084108e-06
leaf_weight=63515 2573 33501 3540 136 11809 2425 2335 7708 3614 1598 5258 4989 436 3315 574 526 411 196 7600 1071 1987 3239 2918 8250 2357 6647 267 798 339 844
leaf_count=63515 2573 33501 3540 136 11809 2425 2335 7708 3614 1598 5258 4989 436 3315 574 526 411 196 7600 1071 1987 3239 2918 8250 2357 6647 267 798 339 844
internal_value=0.00207278 0.00392406 0.00741908 -0.00115714 -0.00372189 0.000726542 0.0053745 0.00360605 0.00578173 0.0080936 -0.00224216 0.0140114 -0.00398543 -0.0045502 -0.000224791 -0.00686028 0.0203039 0.00938215 0.00164663 0.0111139 -0.00540146 0.00569116 -0.00867482 -0.00577386 -0.00332328 -0.00053811 0.0268898 -0.00944772 0.0114996 -0.00782818
internal_weight=184776 117455 46340 67321 28507 38814 5247 19703 12920 9306 19111 9600 13853 13417 4671 8746 1448 874 71115 6060 8220 36740 4905 23260 10607 6783 463 3223 2674 12653
internal_count=184776 117455 46340 67321 28507 38814 5247 19703 12920 9306 19111 9600 13853 13417 4671 8746 1448 874 71115 6060 8220 36740 4905 23260 10607 6783 463 3223 2674 12653
cat_boundaries=0 1 2 3 4 5 6
cat_threshold=1 1 5 1 129 1
is_linear=0
shrinkage=0.05


Tree=52
num_leaves=31
num_cat=6
split_feature=1 14 9 2 2 2 14 1 9 5 2 9 9 15 15 14 9 13 5 1 2 2 2 14 1 2 3 14 0 2
split_gain=428.357 373.961 210.507 138.205 212.839 120.43 81.8319 71.0599 71.3989 63.0795 55.749 54.3106 53.5631 53.4349 51.5589 46.839 63.4969 46.2806 46.0497 45.4825 324.953 99.6255 91.3148 77.6542 69.7324 45.7779 45.2472 61.0255 43.877 43.8542
threshold=1.0000000180025095e-35 0.8000000000000026 0 1.6800000000000035 0.93499999999999972 2.1650000000000005 0.8000000000000026 2.5000000000000004 1 0.68518299032635899 1.9150000000000003 2 3 1.0000000180025095e-35 0.75000000000000011 0.099999999999996994 4 -0.74999999999999989 0.97859653660919488 2.5000000000000004 6.0049999999999999 3.3999999999999999 12.290000000000003 0.95000000000000118 1.5000000000000002 4.0600000000000032 13.915000000000001 0.5999999999999962 5 1.4099999999999986
decision_type=2 2 9 2 2 2 2 2 9 2 2 9 9 2 2 2 9 2 2 2 2 2 2 2 2 2 2 2 1 2
left_child=1 12 14 4 6 7 -2 17 9 -9 -4 18 -1 -12 -3 29 -17 -5 19 20 21 -7 26 24 -23 -26 -21 -28 -8 -6
right_child=3 2 10 5 15 11 28 8 -10 -11 13 -13 -14 -15 -16 16 -18 -19 -20 22 -22 23 -24 -25 25 -27 27 -29 -30 -31
leaf_value=0 0 0 0 -0.0016988741172106415 0 -0.013398913082195346 0 0.00015597143113557635 -2.9162031394231296e-06 -7.1626084296561412e-06 0 0.00016425343989029791 0 0.0052631410269895935 0 0 0.014816835301137017 2.7369887549969543e-05 0.0013114294849945292 -5.7601519038899154e-05 0.0057625802970716292 0.0012516985453542519 -0.13470694194127236 -0.0026402502525709028 -0.0078570640699136673 0.0031919281356464382 -0.014250890323796783 -0.0145167513487389 0 -6.3606997035979902e-06
leaf_weight=63515 2573 33501 3540 136 11809 2626 2335 7708 3614 1598 4989 3535 7600 1071 3239 8250 2357 6647 453 3726 811 506 481 872 179 125 2198 3599 339 844
leaf_count=63515 2573 33501 3540 136 11809 2626 2335 7708 3614 1598 4989 3535 7600 1071 3239 8250 2357 6647 453 3726 811 506 481 872 179 125 2198 3599 339 844
internal_value=0.00210146 0.00392406 0.00741908 -0.00107842 -0.00372189 0.000863091 0.0053745 0.00360605 0.00578173 0.0080936 0.0140114 -0.00196484 0.00164663 0.0111139 0.00569116 -0.00577386 -0.00332328 -0.00053811 -0.00323367 -0.00370628 0.000126978 -0.0053389 -0.00566773 0.00416171 0.0153086 -0.00361842 -0.00459414 -0.00735725 0.0114996 -0.00782818
internal_weight=184776 117455 46340 67321 28507 38814 5247 19703 12920 9306 9600 19111 71115 6060 36740 23260 10607 6783 15576 15123 5119 4308 10004 1682 810 304 9523 5797 2674 12653
internal_count=184776 117455 46340 67321 28507 38814 5247 19703 12920 9306 9600 19111 71115 6060 36740 23260 10607 6783 15576 15123 5119 4308 10004 1682 810 304 9523 5797 2674 12653
cat_boundaries=0 1 2 3 4 5 6
cat_threshold=1 1 133 1 129 1
is_linear=0
shrinkage=0.05


Tree=53
num_leaves=31
num_cat=6
split_feature=1 14 9 2 2 2 14 1 9 5 9 2 9 15 15 5 14 9 13 0 2 3 2 3 3 3 1 2 3 1
split_gain=429.12 373.961 210.507 137.74 212.839 120.664 81.8319 71.3918 71.3989 63.0795 59.1169 55.749 53.5631 53.4349 51.5589 50.4607 46.839 63.4969 46.2333 43.877 43.8542 141.418 43.3585 39.7585 39.3404 35.8984 43.0326 33.9995 33.072 32.9506
threshold=1.0000000180025095e-35 0.8000000000000026 0 1.6800000000000035 0.93499999999999972 2.1650000000000005 0.8000000000000026 2.5000000000000004 1 0.68518299032635899 2 1.9150000000000003 3 1.0000000180025095e-35 0.75000000000000011 0.97859653660919488 0.099999999999996994 4 -0.74999999999999989 5 1.4099999999999986 6.1750000000000007 1.5749999999999995 18.715000000000003 113.45500000000001 3.6500000000000008 10.500000000000002 5.6850000000000032 2.9150000000000005 2.5000000000000004
decision_type=2 2 9 2 2 2 2 2 9 2 9 2 9 2 2 2 2 9 2 1 2 2 2 2 2 2 2 2 2 2
left_child=1 12 14 4 6 7 -2 18 9 -9 15 -4 -1 -13 -3 24 20 -18 -5 -8 -6 -22 -16 -17 -7 26 -10 -12 -11 -26
right_child=3 2 11 5 16 10 19 8 25 28 27 13 -14 -15 22 23 17 -19 -20 -21 21 -23 -24 -25 29 -27 -28 -29 -30 -31
leaf_value=0 0 0 0 -0.0016139304113501119 0 -0.0076304835868403094 0 0.00014817285957879754 0.00017077253854261187 0.00017259095760855747 0.00073405142311599525 0 0 0.0049999839756401099 0 0.0046176830075063471 0 0.014075993536080168 2.6001393172471066e-05 0 -6.4765765219343195e-06 1.8488599098735204e-06 0 -0.018306767625605635 0.013527934591548907 0.00038022272664730509 -0.00049354385565334271 -0.030739929305212632 -3.8819788679400083e-05 0.0038052768540339788
leaf_weight=63515 2573 33501 3540 136 11809 12801 2335 7708 170 128 4176 4989 7600 1071 813 330 8250 2357 6647 339 392 452 2426 105 94 3311 133 1415 1470 190
leaf_count=63515 2573 33501 3540 136 11809 12801 2335 7708 170 128 4176 4989 7600 1071 813 330 8250 2357 6647 339 392 452 2426 105 94 3311 133 1415 1470 190
internal_value=0.00209984 0.00392406 0.00741908 -0.00108287 -0.00372189 0.000855361 0.0053745 0.00360097 0.00578173 0.0080936 -0.0019753 0.0140114 0.00164663 0.0111139 0.00569116 -0.00376201 -0.00577386 -0.00332328 -0.000552853 0.0114996 -0.00782818 -0.0188389 0.0117166 0.0129885 -0.00432174 -0.000193157 -0.0166667 0.0023478 -0.000938673 0.0140845
internal_weight=184776 117455 46340 67321 28507 38814 5247 19703 12920 9306 19111 9600 71115 6060 36740 13520 23260 10607 6783 2674 12653 844 3239 435 13085 3614 303 5591 1598 284
internal_count=184776 117455 46340 67321 28507 38814 5247 19703 12920 9306 19111 9600 71115 6060 36740 13520 23260 10607 6783 2674 12653 844 3239 435 13085 3614 303 5591 1598 284
cat_boundaries=0 1 2 3 4 5 6
cat_threshold=1 1 1 1 129 1
is_linear=0
shrinkage=0.05


Tree=54
num_leaves=31
num_cat=5
split_feature=1 14 9 2 2 2 14 1 9 5 9 1 2 14 2 2 3 5 14 1 2 9 15 15 3 14 9 13 15 14
split_gain=404.778 373.961 210.507 153.577 213.003 99.4915 81.8319 71.3918 71.3989 63.0795 56.8517 55.8374 227.143 125.213 95.2961 55.749 53.583 66.1668 68.8628 57.3308 147.314 53.5631 53.4349 51.5589 50.455 46.6432 62.9197 46.2333 44.5306 85.7572
threshold=1.0000000180025095e-35 0.8000000000000026 0 1.6800000000000035 0.93499999999999972 2.1650000000000005 0.8000000000000026 2.5000000000000004 1 0.68518299032635899 2 1.5000000000000002 3.3999999999999999 0.95000000000000118 6.0049999999999999 1.9150000000000003 18.020000000000003 0.97859653660919488 1.2000000000000102 2.5000000000000004 6.1200000000000001 3 1.0000000180025095e-35 0.75000000000000011 25.005000000000006 0.099999999999996994 4 -0.74999999999999989 1.0000000180025095e-35 0.95000000000000118
decision_type=2 2 9 2 2 2 2 2 9 2 9 2 2 2 2 2 2 2 2 2 2 9 2 2 2 2 9 2 2 2
left_child=1 21 23 4 6 7 -2 27 9 -9 11 12 28 -14 -15 -4 17 18 -13 20 -18 -1 -17 -3 -16 -6 -27 -5 -7 -30
right_child=3 2 15 5 25 10 -8 8 -10 -11 -12 16 13 14 24 22 19 -19 -20 -21 -22 -23 -24 -25 -26 26 -28 -29 29 -31
leaf_value=0 0 0 0 -0.0015332338907826039 0 -0.012344570191264899 0 0.00014076421659985763 -1.132488303042012e-05 -4.8634885742033323e-06 0.00022163216927226738 -0.01187795063871795 0.0017604280733025557 -0.0021267135606003462 -1.5674382573097059e-05 0 -0.011986004149899277 0.0019997721263041667 0.0048238224989470722 -0.021309524653792291 0.016345277602007571 0 0.0047499847768581079 0 0.0050214908977443302 0 0.013372193859276162 2.4701323513847513e-05 0.0044841732377067676 -0.013619944850989413
leaf_weight=63515 2573 33501 3540 136 12653 1304 2674 7708 3614 1598 5258 4587 625 435 102 4989 622 275 1225 4086 249 7600 1071 3239 160 8250 2357 6647 84 99
leaf_count=63515 2573 33501 3540 136 12653 1304 2674 7708 3614 1598 5258 4587 625 435 102 4989 622 275 1225 4086 249 7600 1071 3239 160 8250 2357 6647 84 99
internal_value=0.00215234 0.00392406 0.00741908 -0.000938786 -0.0037254 0.00110785 0.0053745 0.00360097 0.00578173 0.0080936 -0.00146251 -0.00314146 0.00315059 0.01823 0.00365854 0.0140114 -0.00474466 -0.00160177 -0.00273572 -0.00860399 0.00304248 0.00164663 0.0111139 0.00569116 0.0274809 -0.00577816 -0.0033327 -0.000552853 -0.0102555 0.0128415
internal_weight=184776 117455 46340 67321 28507 38814 5247 19703 12920 9306 19111 13853 2809 1322 697 9600 11044 6087 5812 4957 871 71115 6060 36740 262 23260 10607 6783 1487 183
internal_count=184776 117455 46340 67321 28507 38814 5247 19703 12920 9306 19111 13853 2809 1322 697 9600 11044 6087 5812 4957 871 71115 6060 36740 262 23260 10607 6783 1487 183
cat_boundaries=0 1 2 3 4 5
cat_threshold=1 1 5 1 129
is_linear=0
shrinkage=0.05


Tree=55
num_leaves=31
num_cat=5
split_feature=1 14 9 2 2 2 14 1 9 5 2 9 15 15 14 9 13 0 2 3 2 1 2 14 2 3 3 7 14 3
split_gain=426.324 373.961 210.507 140.558 213.332 117.514 81.8319 71.3918 71.3989 63.0795 55.749 53.5631 53.4349 51.5589 46.2527 61.7732 46.2333 43.877 43.8542 141.418 43.3585 42.6339 212.708 96.7579 80.5292 49.9164 45.7006 43.5758 55.5659 54.8692
threshold=1.0000000180025095e-35 0.8000000000000026 0 1.6800000000000035 0.93499999999999972 2.1650000000000005 0.8000000000000026 2.5000000000000004 1 0.68518299032635899 1.9150000000000003 2 1.0000000180025095e-35 0.75000000000000011 0.099999999999996994 3 -0.74999999999999989 4 1.4099999999999986 6.1750000000000007 1.5749999999999995 1.5000000000000002 3.3999999999999999 0.95000000000000118 6.0049999999999999 27.985000000000003 9.8000000000000025 1.0000000180025095e-35 1.4000000000000041 11.075000000000001
decision_type=2 2 9 2 2 2 2 2 9 2 2 9 2 2 2 9 2 1 2 2 2 2 2 2 2 2 2 2 2 2
left_child=1 11 13 4 6 7 -2 16 9 -9 -4 -1 -12 -3 18 -16 -5 -8 -6 -20 -15 22 -7 26 -25 -26 -24 29 -29 -23
right_child=3 2 10 5 14 21 17 8 -10 -11 12 -13 -14 20 15 -17 -18 -19 19 -21 -22 27 23 24 25 -27 -28 28 -30 -31
leaf_value=0 0 0 0 -0.0014565721962434719 0 -0.011727341681701654 0 0.00013372600576986476 -1.0758638878899114e-05 -4.620314145493165e-06 0 0 0.0045124855380151985 0 0 0.012703584166312355 2.3466257338155138e-05 0 -6.1527476958376032e-06 1.7564169143798445e-06 0 0.0021800886657991425 -0.018012084750120207 -0.0020203778825703292 0.00063927351291290799 0.0047704163528571103 0.0015497401393828826 -0.025278600239617113 -0.0025143512962289786 -0.0061834831748086797
leaf_weight=63515 2573 33501 3540 136 11809 1876 2335 7708 3614 1598 4989 7600 1071 813 8250 2357 6647 339 392 452 2426 2888 81 648 181 176 632 2095 2178 8356
leaf_count=63515 2573 33501 3540 136 11809 1876 2335 7708 3614 1598 4989 7600 1071 813 8250 2357 6647 339 392 452 2426 2888 81 648 181 176 632 2095 2178 8356
internal_value=0.00210579 0.00392406 0.00741908 -0.00106653 -0.00373242 0.000891431 0.0053745 0.00360097 0.00578173 0.0080936 0.0140114 0.00164663 0.0111139 0.00569116 -0.00578676 -0.00335156 -0.000552853 0.0114996 -0.00782818 -0.0188389 0.0117166 -0.00190205 0.00300501 0.0157159 0.00572139 0.0247899 0.0298036 -0.0030386 -0.00733677 -0.00140519
internal_weight=184776 117455 46340 67321 28507 38814 5247 19703 12920 9306 9600 71115 6060 36740 23260 10607 6783 2674 12653 844 3239 19111 3594 1718 1005 357 713 15517 4273 11244
internal_count=184776 117455 46340 67321 28507 38814 5247 19703 12920 9306 9600 71115 6060 36740 23260 10607 6783 2674 12653 844 3239 19111 3594 1718 1005 357 713 15517 4273 11244
cat_boundaries=0 1 2 3 4 5
cat_threshold=1 1 1 129 1
is_linear=0
shrinkage=0.05


Tree=56
num_leaves=31
num_cat=6
split_feature=1 14 9 2 2 2 14 1 9 5 9 2 1 2 14 2 12 12 2 2 1 9 15 15 3 14 9 13 0 2
split_gain=391.778 373.961 210.507 163.174 213.332 88.9909 81.8319 72.7199 70.4363 65.4528 55.8123 60.3678 268.021 104.617 113.047 68.638 72.0921 60.9258 55.749 54.1686 60.8156 53.5631 53.4349 51.5589 47.8349 46.2527 61.7732 46.1174 43.877 43.8542
threshold=1.0000000180025095e-35 0.8000000000000026 0 1.6800000000000035 0.93499999999999972 2.1850000000000001 0.8000000000000026 2.5000000000000004 1 0.68518299032635899 2 3.845000000000002 2.5000000000000004 6.0049999999999999 0.95000000000000118 5.2300000000000031 1.0000000180025095e-35 1.0000000180025095e-35 1.9150000000000003 4.2300000000000031 1.5000000000000002 3 1.0000000180025095e-35 0.75000000000000011 18.410000000000004 0.099999999999996994 4 -0.74999999999999989 5 1.4099999999999986
decision_type=2 2 9 2 2 2 2 2 9 2 9 2 2 2 2 2 2 2 2 2 2 9 2 2 2 2 9 2 1 2
left_child=1 21 23 4 6 7 -2 27 9 -9 11 24 13 14 19 16 -14 -17 -4 20 -13 -1 -20 -3 -7 29 -27 -5 -8 -6
right_child=3 2 18 5 25 10 28 8 -10 -11 -12 12 15 -15 -16 17 -18 -19 22 -21 -22 -23 -24 -25 -26 26 -28 -29 -30 -31
leaf_value=0 0 0 0 -0.0013837435864312965 0 -0.010658337361987369 0 0.00012703970548137152 -1.0220706934954159e-05 -7.7980868297278295e-06 0.00045218492709421114 0.00044793041700068596 0.0089872364951058999 0.0053663800990299999 -0.0019193589884418105 -0.075664200088066028 -0.016402786483537452 -0.026149096618154455 0 0.0020335144531156701 -0.0039091791449450079 0 0.0042868612611144385 0 -0.011140974597616572 0 0.012068404957996737 8.676444757081483e-06 0 -5.4111985075294953e-06
leaf_weight=63515 2573 33501 3540 136 11809 5097 2335 7740 3618 1607 4983 206 1089 743 765 855 1252 1344 4989 342 141 7600 1071 3239 2234 8250 2357 6662 339 844
leaf_count=63515 2573 33501 3540 136 11809 5097 2335 7740 3618 1607 4983 206 1089 743 765 855 1252 1344 4989 342 141 7600 1071 3239 2234 8250 2357 6662 339 844
internal_value=0.00218102 0.00392406 0.00741908 -0.000860059 -0.00373242 0.00124955 0.0053745 0.00360016 0.00579637 0.00808486 -0.00118891 -0.00279869 0.000616001 0.0149522 0.00715268 -0.00632159 -0.000363093 -0.0126648 0.0140114 0.0218433 0.00792507 0.00164663 0.0111139 0.00569116 -0.00594053 -0.00578676 -0.00335156 -0.000588408 0.0114996 -0.00782818
internal_weight=184776 117455 46340 67321 28507 38814 5247 19763 12965 9347 19051 14068 6737 2197 1454 4540 2341 2199 9600 689 347 71115 6060 36740 7331 23260 10607 6798 2674 12653
internal_count=184776 117455 46340 67321 28507 38814 5247 19763 12965 9347 19051 14068 6737 2197 1454 4540 2341 2199 9600 689 347 71115 6060 36740 7331 23260 10607 6798 2674 12653
cat_boundaries=0 1 2 3 4 5 6
cat_threshold=1 1 69 1 129 1
is_linear=0
shrinkage=0.05


Tree=57
num_leaves=31
num_cat=6
split_feature=1 14 9 2 2 2 14 1 9 5 9 2 1 14 2 2 1 2 12 2 9 15 15 12 3 14 9 13 0 2
split_gain=389.591 373.961 210.507 164.696 213.332 90.305 81.8319 74.1322 71.9085 60.846 56.117 58.1047 261.92 99.2767 102.361 78.6333 62.2224 58.1076 61.939 55.749 53.5631 53.4349 51.5589 49.5298 48.2956 46.2527 61.7732 46.1174 43.877 43.8542
threshold=1.0000000180025095e-35 0.8000000000000026 0 1.6800000000000035 0.93499999999999972 2.1850000000000001 0.8000000000000026 2.5000000000000004 1 0.71782087188165289 2 3.845000000000002 2.5000000000000004 0.95000000000000118 6.450000000000002 4.2300000000000031 1.5000000000000002 5.2300000000000031 1.0000000180025095e-35 1.9150000000000003 3 1.0000000180025095e-35 0.75000000000000011 1.0000000180025095e-35 18.265000000000004 0.099999999999996994 4 -0.74999999999999989 5 1.4099999999999986
decision_type=2 2 9 2 2 2 2 2 9 2 9 2 2 2 2 2 2 2 2 2 9 2 2 2 2 2 9 2 1 2
left_child=1 20 22 4 6 7 -2 27 9 -9 11 24 13 15 -15 16 -13 18 -14 -4 -1 -21 -3 -19 -7 29 -27 -5 -8 -6
right_child=3 2 19 5 25 10 28 8 -10 -11 -12 12 17 14 -16 -17 -18 23 -20 21 -22 -23 -24 -25 -26 26 -28 -29 -30 -31
leaf_value=0 0 0 0 -0.0013145564071097293 0 -0.010436851468502269 0 0.00012068772020730294 -9.7096715882064518e-06 -1.6935566801522847e-05 0.00042957568073950054 0.00042553389615065387 0.008727265304866982 -0.0018233910390197173 0.0045184245999868033 0.0022915289279036412 -0.0037137201876977556 -0.070419299427408655 -0.01558264715936058 0 0 0.0040725181980587168 0 -0.028390626835828228 -0.010583925867735745 0 0.011464984710096899 8.2426225192274086e-06 0 -5.1406385821530198e-06
leaf_weight=63515 2573 33501 3540 136 11809 5008 2335 7899 3618 1448 5250 203 1065 761 470 587 141 835 1230 4989 7600 1071 3239 1308 2193 8250 2357 6662 339 844
leaf_count=63515 2573 33501 3540 136 11809 5008 2335 7899 3618 1448 5250 203 1065 761 470 587 141 835 1230 4989 7600 1071 3239 1308 2193 8250 2357 6662 339 844
internal_value=0.00218589 0.00392406 0.00741908 -0.00084669 -0.00373242 0.00127274 0.0053745 0.00364064 0.00585808 0.00817035 -0.00118366 -0.00285642 0.000530303 0.0148011 0.00548335 0.0271214 0.00813953 -0.00642181 -0.000893246 0.0140114 0.00164663 0.0111139 0.00569116 -0.0123425 -0.00596445 -0.00578676 -0.00335156 -0.000588408 0.0114996 -0.00782818
internal_weight=184776 117455 46340 67321 28507 38814 5247 19763 12965 9347 19051 13801 6600 2162 1231 931 344 4438 2295 9600 71115 6060 36740 2143 7201 23260 10607 6798 2674 12653
internal_count=184776 117455 46340 67321 28507 38814 5247 19763 12965 9347 19051 13801 6600 2162 1231 931 344 4438 2295 9600 71115 6060 36740 2143 7201 23260 10607 6798 2674 12653
cat_boundaries=0 1 2 3 4 5 6
cat_threshold=1 1 5 1 129 1
is_linear=0
shrinkage=0.05


Tree=58
num_leaves=31
num_cat=6
split_feature=1 14 9 2 2 2 14 1 9 5 2 9 15 9 2 1 14 2 2 1 2 12 15 3 3 14 9 13 0 2
split_gain=391.048 373.961 210.507 163.681 213.332 90.3263 81.8319 73.601 71.3547 61.8313 55.749 53.5631 53.4349 51.7514 59.491 245.274 103.554 104.68 75.3695 60.1979 53.4074 60.7221 51.5589 48.6881 48.5126 46.2527 61.7732 46.1174 43.877 43.8542
threshold=1.0000000180025095e-35 0.8000000000000026 0 1.6800000000000035 0.93499999999999972 2.1850000000000001 0.8000000000000026 2.5000000000000004 1 0.68518299032635899 1.9150000000000003 2 1.0000000180025095e-35 3 3.845000000000002 2.5000000000000004 0.95000000000000118 8.2500000000000018 4.2300000000000031 1.5000000000000002 5.2300000000000031 1.0000000180025095e-35 0.75000000000000011 26.735000000000003 18.265000000000004 0.099999999999996994 4 -0.74999999999999989 5 1.4099999999999986
decision_type=2 2 9 2 2 2 2 2 9 2 2 9 2 9 2 2 2 2 2 2 2 2 2 2 2 2 9 2 1 2
left_child=1 11 22 4 6 7 -2 27 9 -9 -4 -1 -12 14 24 16 18 -18 19 -16 21 -17 -3 -19 -7 29 -27 -5 -8 -6
right_child=3 2 10 5 25 13 28 8 -10 -11 12 -13 -14 -15 15 20 17 23 -20 -21 -22 -23 -24 -25 -26 26 -28 -29 -30 -31
leaf_value=0 0 0 0 -0.0012488285867542416 0 -0.0099150088950771542 0 0.0001146533341969378 -9.2241880087961282e-06 -6.6249917155879398e-06 0 0 0.0038688922881557788 0.00040809689670252554 0.00040425720134311676 0.0082909020396236387 -0.00084232093782034008 0.0079925914604601408 0.002176952481508454 -0.0035280341783128668 -0.036833556630074142 -0.014803514801392553 0 0.01166575131173171 -0.010054729574348959 0 0.010891735474592053 7.8304913932660398e-06 0 -4.8836066530453684e-06
leaf_weight=63515 2573 33501 3540 136 11809 5008 2335 7740 3618 1607 4989 7600 1071 5250 203 1065 951 112 587 141 2143 1230 3239 168 2193 8250 2357 6662 339 844
leaf_count=63515 2573 33501 3540 136 11809 5008 2335 7740 3618 1607 4989 7600 1071 5250 203 1065 951 112 587 141 2143 1230 3239 168 2193 8250 2357 6662 339 844
internal_value=0.00218264 0.00392406 0.00741908 -0.000855602 -0.00373242 0.00125728 0.0053745 0.00362546 0.00583494 0.00813829 0.0140114 0.00164663 0.0111139 -0.00119941 -0.00280573 0.000621212 0.0144311 0.0049147 0.027014 0.00843023 -0.00610635 -0.0008061 0.00569116 0.0317857 -0.00595056 -0.00578676 -0.00335156 -0.000588408 0.0114996 -0.00782818
internal_weight=184776 117455 46340 67321 28507 38814 5247 19763 12965 9347 9600 71115 6060 19051 13801 6600 2162 1231 931 344 4438 2295 36740 280 7201 23260 10607 6798 2674 12653
internal_count=184776 117455 46340 67321 28507 38814 5247 19763 12965 9347 9600 71115 6060 19051 13801 6600 2162 1231 931 344 4438 2295 36740 280 7201 23260 10607 6798 2674 12653
cat_boundaries=0 1 2 3 4 5 6
cat_threshold=1 1 1 5 129 1
is_linear=0
shrinkage=0.05


Tree=59
num_leaves=31
num_cat=6
split_feature=1 14 9 2 2 2 14 1 9 5 2 9 9 15 2 1 14 5 3 2 15 2 3 13 1 14 9 0 2 3
split_gain=398.619 373.961 210.507 162.435 214.978 94.5007 81.8319 73.601 71.3547 61.8313 55.749 54.4851 53.5631 53.4349 52.8739 215.873 142.338 56.5029 54.5847 58.9136 51.5589 49.9979 48.9481 46.1174 45.7208 44.3251 56.4244 43.877 43.8542 141.418
threshold=1.0000000180025095e-35 0.8000000000000026 0 1.6800000000000035 0.93499999999999972 2.1850000000000001 0.8000000000000026 2.5000000000000004 1 0.68518299032635899 1.9150000000000003 2 3 1.0000000180025095e-35 3.845000000000002 2.5000000000000004 0.95000000000000118 -0.13268856124688713 9.0150000000000023 4.0600000000000032 0.75000000000000011 6.450000000000002 18.265000000000004 -0.74999999999999989 1.5000000000000002 0.099999999999996994 4 5 1.4099999999999986 6.1750000000000007
decision_type=2 2 9 2 2 2 2 2 9 2 2 9 9 2 2 2 2 2 2 2 2 2 2 2 2 2 9 1 2 2
left_child=1 12 20 4 6 7 -2 23 9 -9 -4 14 -1 -12 22 16 18 -17 -16 24 -3 -18 -7 -5 -20 28 -27 -8 -6 -30
right_child=3 2 10 5 25 11 27 8 -10 -11 13 -13 -14 -15 15 17 21 -19 19 -21 -22 -23 -24 -25 -26 26 -28 -29 29 -31
leaf_value=0 0 0 0 -0.0011863871574165298 0 -0.0094192584503232993 0 0.00010892066748709092 -8.7629786083563223e-06 -6.2937421298085432e-06 0 0.00038769205186739924 0 0.0036754476737479893 -0.017436580305740579 -0.025993396401628704 -0.0016901054401777138 -0.00012822234842365112 0.00038404434127595758 0.0021293035584439403 0 0.0042875903938221103 -0.0095519930956315113 7.4389668236027367e-06 -0.0033516324693972257 0 0.0066027524561350914 0 -5.0733381239093277e-06 2.4403682557972462e-06
leaf_weight=63515 2573 33501 3540 136 11809 5008 2335 7740 3618 1607 4989 5250 7600 1071 82 2266 761 2172 179 550 3239 470 2193 6662 120 7406 3201 339 392 452
leaf_count=63515 2573 33501 3540 136 11809 5008 2335 7740 3618 1607 4989 5250 7600 1071 82 2266 761 2172 179 550 3239 470 2193 6662 120 7406 3201 339 392 452
internal_value=0.00216587 0.00392406 0.00741908 -0.00090165 -0.0037675 0.00120317 0.0053745 0.00362546 0.00583494 0.00813829 0.0140114 -0.00130964 0.00164663 0.0111139 -0.00295779 0.000272727 0.0132285 -0.00603876 0.0279807 0.0317432 0.00569116 0.00207149 -0.00592279 -0.000588408 0.0138796 -0.00582975 -0.00344584 0.0114996 -0.00782818 -0.0188389
internal_weight=184776 117455 46340 67321 28507 38814 5247 19763 12965 9347 9600 19051 71115 6060 13801 6600 2162 4438 931 849 36740 1231 7201 6798 299 23260 10607 2674 12653 844
internal_count=184776 117455 46340 67321 28507 38814 5247 19763 12965 9347 9600 19051 71115 6060 13801 6600 2162 4438 931 849 36740 1231 7201 6798 299 23260 10607 2674 12653 844
cat_boundaries=0 1 2 3 4 5 6
cat_threshold=1 1 5 1 1 1
is_linear=0
shrinkage=0.05


Tree=60
num_leaves=31
num_cat=6
split_feature=1 14 9 2 2 2 14 1 9 5 2 9 15 9 2 1 14 2 15 2 12 14 3 13 3 14 9 0 2 3
split_gain=397.638 373.961 210.507 163.907 215.309 93.2984 81.8319 73.601 71.3547 61.8313 55.749 53.5631 53.4349 53.2229 51.7167 178.599 141.852 60.3169 51.5589 50.8084 50.0575 49.8669 50.3316 46.1174 46.0036 43.9445 56.5094 43.877 43.8542 141.418
threshold=1.0000000180025095e-35 0.8000000000000026 0 1.6800000000000035 0.93499999999999972 2.1850000000000001 0.8000000000000026 2.5000000000000004 1 0.68518299032635899 1.9150000000000003 2 1.0000000180025095e-35 3 3.845000000000002 2.5000000000000004 0.95000000000000118 4.2300000000000031 0.75000000000000011 5.2300000000000031 1.0000000180025095e-35 0.19999999999999976 12.010000000000002 -0.74999999999999989 18.265000000000004 0.099999999999996994 4 5 1.4099999999999986 6.1750000000000007
decision_type=2 2 9 2 2 2 2 2 9 2 2 9 2 9 2 2 2 2 2 2 2 2 2 2 2 2 9 1 2 2
left_child=1 11 18 4 6 7 -2 23 9 -9 -4 -1 -12 14 24 16 17 -16 -3 20 -17 -21 -23 -5 -7 28 -27 -8 -6 -30
right_child=3 2 10 5 25 13 27 8 -10 -11 12 -13 -14 -15 15 19 -18 -19 -20 21 -22 22 -24 -25 -26 26 -28 -29 29 -31
leaf_value=0 0 0 0 -0.0011270677995457057 0 -0.0089482955278071315 0 0.00010347463411273637 -8.324829677938506e-06 -5.979055023318116e-06 0 0 0.0034916752900605919 0.00036830744927402923 0.00019546580816780514 0.0089819095015168313 0.00036732052054042622 0.0019616396795108294 0 -0.067639094663125052 -0.013436554528276967 0.041838272166790515 -0.036094379077392803 7.0670184824225993e-06 -0.0090743934408499382 0 0.010017011078055693 0 -4.8196712177138623e-06 2.318349843007384e-06
leaf_weight=63515 2573 33501 3540 136 11809 5008 2335 7740 3618 1607 4989 7600 1071 5250 344 1065 1231 587 3239 685 1230 158 1300 6662 2193 8250 2357 339 392 452
leaf_count=63515 2573 33501 3540 136 11809 5008 2335 7740 3618 1607 4989 7600 1071 5250 344 1065 1231 587 3239 685 1230 158 1300 6662 2193 8250 2357 339 392 452
internal_value=0.00216803 0.00392406 0.00741908 -0.000895709 -0.00377451 0.00121863 0.0053745 0.00362546 0.00583494 0.00813829 0.0140114 0.00164663 0.0111139 -0.00127815 -0.0029071 0.000287879 0.0120722 0.0267991 0.00569116 -0.00545291 -0.000283224 -0.0109893 -0.00576132 -0.000588408 -0.00583947 -0.00583835 -0.00346469 0.0114996 -0.00782818 -0.0188389
internal_weight=184776 117455 46340 67321 28507 38814 5247 19763 12965 9347 9600 71115 6060 19051 13801 6600 2162 931 36740 4438 2295 2143 1458 6798 7201 23260 10607 2674 12653 844
internal_count=184776 117455 46340 67321 28507 38814 5247 19763 12965 9347 9600 71115 6060 19051 13801 6600 2162 931 36740 4438 2295 2143 1458 6798 7201 23260 10607 2674 12653 844
cat_boundaries=0 1 2 3 4 5 6
cat_threshold=1 1 1 5 129 1
is_linear=0
shrinkage=0.05


Tree=61
num_leaves=31
num_cat=6
split_feature=1 14 9 2 2 2 14 1 9 5 2 9 15 9 15 2 1 14 2 3 7 13 2 1 12 0 14 9 2 3
split_gain=397.148 373.961 210.507 165.046 215.639 92.5011 81.8319 73.601 71.3547 61.8313 55.749 53.5631 53.4349 52.7029 51.5589 46.9717 179.47 142.387 62.9762 49.6629 60.4711 46.1174 44.7039 66.9341 57.2402 43.877 43.5655 55.4229 43.8542 141.418
threshold=1.0000000180025095e-35 0.8000000000000026 0 1.6800000000000035 0.93499999999999972 2.1850000000000001 0.8000000000000026 2.5000000000000004 1 0.68518299032635899 1.9150000000000003 2 1.0000000180025095e-35 3 0.75000000000000011 3.845000000000002 2.5000000000000004 0.25000000000000006 4.2300000000000031 11.185 1.0000000180025095e-35 -0.74999999999999989 6.450000000000002 3.5000000000000004 1.0000000180025095e-35 4 0.099999999999996994 5 1.4099999999999986 6.1750000000000007
decision_type=2 2 9 2 2 2 2 2 9 2 2 9 2 9 2 2 2 2 2 2 2 2 2 2 2 1 2 9 2 2
left_child=1 11 14 4 6 7 -2 21 9 -9 -4 -1 -12 15 -3 -7 17 18 -17 20 -18 -5 -21 -24 -25 -8 28 -28 -6 -30
right_child=3 2 10 5 26 13 25 8 -10 -11 12 -13 -14 -15 -16 16 19 -19 -20 22 -22 -23 23 24 -26 -27 27 -29 29 -31
leaf_value=0 0 0 0 -0.0010707144095684184 0 -0.0086206737688074419 0 9.8300902407099543e-05 -7.9085881940415801e-06 -5.6801022721522099e-06 0 0 0.0033170915255575587 0.00034989207681032777 0 0.0001856925177594171 0.016969331108534581 0.00053241108844237495 0.0018635576955352896 -0.0059324276364843389 -0.043515402765351353 6.7136675583014692e-06 0.006745258834597867 -0.13618070112077421 -0.064686526738087793 0 0 0.009516160524152906 -4.5786876568281687e-06 2.2024323508570149e-06
leaf_weight=63515 2573 33501 3540 136 11809 7201 2335 7740 3618 1607 4989 7600 1071 5250 3239 336 579 1266 560 2343 177 6662 207 441 691 339 8250 2357 392 452
leaf_count=63515 2573 33501 3540 136 11809 7201 2335 7740 3618 1607 4989 7600 1071 5250 3239 336 579 1266 560 2343 177 6662 207 441 691 339 8250 2357 392 452
internal_value=0.00216911 0.00392406 0.00741908 -0.000892738 -0.00378153 0.00122894 0.0053745 0.00362546 0.00583494 0.00813829 0.0140114 0.00164663 0.0111139 -0.00125715 0.00569116 -0.00287814 0.000166667 0.0119796 0.0272321 -0.0055881 0.00608466 -0.000588408 -0.00798479 -0.0152726 -0.020053 0.0114996 -0.00584695 -0.00348355 -0.00782818 -0.0188389
internal_weight=184776 117455 46340 67321 28507 38814 5247 19763 12965 9347 9600 71115 6060 19051 36740 13801 6600 2162 896 4438 756 6798 3682 1339 1132 2674 23260 10607 12653 844
internal_count=184776 117455 46340 67321 28507 38814 5247 19763 12965 9347 9600 71115 6060 19051 36740 13801 6600 2162 896 4438 756 6798 3682 1339 1132 2674 23260 10607 12653 844
cat_boundaries=0 1 2 3 4 5 6
cat_threshold=1 1 1 5 1 129
is_linear=0
shrinkage=0.05


Tree=62
num_leaves=31
num_cat=6
split_feature=1 14 9 2 2 2 14 1 9 5 2 9 15 15 9 2 1 14 2 3 7 2 1 12 13 0 14 9 2 3
split_gain=395.191 373.961 210.507 166.407 215.639 90.9169 81.8319 73.601 71.3547 61.8313 55.749 53.5631 53.4349 51.5589 48.0105 47.1346 170.286 143.761 62.1574 47.3888 57.829 47.8391 66.5522 56.1198 46.1174 43.877 43.5655 55.4229 43.8542 141.418
threshold=1.0000000180025095e-35 0.8000000000000026 0 1.6800000000000035 0.93499999999999972 2.1850000000000001 0.8000000000000026 2.5000000000000004 1 0.68518299032635899 1.9150000000000003 2 1.0000000180025095e-35 0.75000000000000011 3 3.845000000000002 2.5000000000000004 0.25000000000000006 4.2300000000000031 11.185 1.0000000180025095e-35 6.450000000000002 3.5000000000000004 1.0000000180025095e-35 -0.74999999999999989 4 0.099999999999996994 5 1.4099999999999986 6.1750000000000007
decision_type=2 2 9 2 2 2 2 2 9 2 2 9 2 2 9 2 2 2 2 2 2 2 2 2 2 1 2 9 2 2
left_child=1 11 13 4 6 7 -2 24 9 -9 -4 -1 -12 -3 15 -7 17 18 -17 20 -18 -21 -23 -24 -5 -8 28 -28 -6 -30
right_child=3 2 10 5 26 14 25 8 -10 -11 12 -13 -14 -15 -16 16 19 -19 -20 21 -22 22 23 -25 -26 -27 27 -29 29 -31
leaf_value=0 0 0 0 -0.001017178689089998 0 -0.0081896400803670669 0 9.3385857286744565e-05 -7.5131587843395017e-06 -5.3960971585445998e-06 0 0 0.0031512369492796791 0 0.00033239747296981138 0.00017640789187145511 0.01612086455310785 0.00050579053402026735 0.0017703798107585268 -0.0056358062546601256 -0.041339632627083782 0.0064079958928679797 -0.12937166606473549 -0.061452200401183404 6.3779841803863948e-06 0 0 0.0090403524979452594 -4.34975327398676e-06 2.0923107333141638e-06
leaf_weight=63515 2573 33501 3540 136 11809 7201 2335 7740 3618 1607 4989 7600 1071 3239 5250 336 579 1266 560 2343 177 207 441 691 6662 339 8250 2357 392 452
leaf_count=63515 2573 33501 3540 136 11809 7201 2335 7740 3618 1607 4989 7600 1071 3239 5250 336 579 1266 560 2343 177 207 441 691 6662 339 8250 2357 392 452
internal_value=0.00217344 0.00392406 0.00741908 -0.000880854 -0.00378153 0.00124955 0.0053745 0.00362546 0.00583494 0.00813829 0.0140114 0.00164663 0.0111139 0.00569116 -0.00121516 -0.00276229 0.000287879 0.0117946 0.0271205 -0.00531771 0.00608466 -0.00765888 -0.0151979 -0.0199647 -0.000588408 0.0114996 -0.00584695 -0.00348355 -0.00782818 -0.0188389
internal_weight=184776 117455 46340 67321 28507 38814 5247 19763 12965 9347 9600 71115 6060 36740 19051 13801 6600 2162 896 4438 756 3682 1339 1132 6798 2674 23260 10607 12653 844
internal_count=184776 117455 46340 67321 28507 38814 5247 19763 12965 9347 9600 71115 6060 36740 19051 13801 6600 2162 896 4438 756 3682 1339 1132 6798 2674 23260 10607 12653 844
cat_boundaries=0 1 2 3 4 5 6
cat_threshold=1 1 1 5 1 129
is_linear=0
shrinkage=0.05


Tree=63
num_leaves=31
num_cat=6
split_feature=1 14 9 2 2 2 14 1 9 5 2 9 15 15 9 5 13 2 1 14 2 1 1 0 2 2 14 2 3 9
split_gain=398.865 373.961 210.507 175.234 220.29 88.3716 81.8319 73.601 71.3547 61.8313 55.749 53.5631 53.4349 51.5589 46.4149 48.6235 46.1174 43.8913 171.453 139.016 78.5854 45.1571 44.8286 43.877 43.3585 39.4282 38.4323 43.8542 141.418 43.111
threshold=1.0000000180025095e-35 0.8000000000000026 0 1.6800000000000035 0.93499999999999972 2.1850000000000001 0.8000000000000026 2.5000000000000004 1 0.68518299032635899 1.9150000000000003 2 1.0000000180025095e-35 0.75000000000000011 3 0.97859653660919488 -0.74999999999999989 3.2550000000000003 2.5000000000000004 0.95000000000000118 4.2300000000000031 4.5000000000000009 1.5000000000000002 4 1.5749999999999995 4.5150000000000006 0.099999999999996994 1.4099999999999986 6.1750000000000007 5
decision_type=2 2 9 2 2 2 2 2 9 2 2 9 2 2 9 2 2 2 2 2 2 2 2 1 2 2 2 2 2 9
left_child=1 11 13 4 6 7 -2 16 9 -9 -4 -1 -12 -3 15 17 -5 21 19 20 22 -7 -19 -8 -15 -20 27 -6 -29 -28
right_child=3 2 10 5 26 14 23 8 -10 -11 12 -13 -14 24 -16 -17 -18 18 25 -21 -22 -23 -24 -25 -26 -27 29 28 -30 -31
leaf_value=0 0 0 0 -0.00096631975463549742 0 -0.0078344443774516492 0 8.871656442240734e-05 -7.1375008451225261e-06 -5.1262923006173701e-06 0 0 0.002993675101815696 0 0.00031577759932132081 0.0040047278571938554 6.0590849713670752e-06 0.00088051924203143013 0.0001377279966792988 -5.0567046089769478e-05 0.0016818608202206044 -0.0057361865720045929 -0.003977331984156729 0 0 -0.02624270355160423 0 -4.1322656102874226e-06 1.9876951966484554e-06 0.0048439386283206437
leaf_weight=63515 2573 33501 3540 136 11809 3512 2335 7740 3618 1607 4989 7600 1071 813 5250 436 6662 263 1672 1270 578 2994 171 339 2426 2905 7406 392 452 3201
leaf_count=63515 2573 33501 3540 136 11809 3512 2335 7740 3618 1607 4989 7600 1071 813 5250 436 6662 263 1672 1270 578 2994 171 339 2426 2905 7406 392 452 3201
internal_value=0.00216532 0.00392406 0.00741908 -0.000903136 -0.00387975 0.00128304 0.0053745 0.00362546 0.00583494 0.00813829 0.0140114 0.00164663 0.0111139 0.00569116 -0.00114692 -0.00266816 -0.000588408 -0.00320614 -0.000415512 0.01078 0.0246047 -0.00614817 0.00852535 0.0114996 0.0117166 -0.00599738 -0.00596733 -0.00782818 -0.0188389 -0.00374753
internal_weight=184776 117455 46340 67321 28507 38814 5247 19763 12965 9347 9600 71115 6060 36740 19051 13801 6798 13365 6859 2282 1012 6506 434 2674 3239 4577 23260 12653 844 10607
internal_count=184776 117455 46340 67321 28507 38814 5247 19763 12965 9347 9600 71115 6060 36740 19051 13801 6798 13365 6859 2282 1012 6506 434 2674 3239 4577 23260 12653 844 10607
cat_boundaries=0 1 2 3 4 5 6
cat_threshold=1 1 1 5 1 1
is_linear=0
shrinkage=0.05


Tree=64
num_leaves=31
num_cat=5
split_feature=1 14 9 2 2 2 14 1 9 5 2 9 15 15 9 13 0 2 2 1 14 7 3 5 3 2 3 1 2 1
split_gain=398.374 373.961 210.507 165.4 216.135 92.8993 81.8319 73.601 71.3547 61.8313 55.749 53.5631 53.4349 51.5589 49.2561 46.1174 43.877 43.3585 42.0312 153.267 124.489 56.9711 54.174 45.6669 37.3643 37.18 36.1371 43.0326 35.6202 65.3726
threshold=1.0000000180025095e-35 0.8000000000000026 0 1.6800000000000035 0.93499999999999972 2.1850000000000001 0.8000000000000026 2.5000000000000004 1 0.68518299032635899 1.9150000000000003 2 1.0000000180025095e-35 0.75000000000000011 3 -0.74999999999999989 4 1.5749999999999995 3.845000000000002 2.5000000000000004 0.95000000000000118 1.0000000180025095e-35 22.360000000000003 -0.13268856124688713 18.265000000000004 4.5150000000000006 3.6500000000000008 10.500000000000002 8.5050000000000026 1.5000000000000002
decision_type=2 2 9 2 2 2 2 2 9 2 2 9 2 2 9 2 1 2 2 2 2 2 2 2 2 2 2 2 2 2
left_child=1 11 13 4 6 7 -2 15 9 -9 -4 -1 -12 -3 18 -5 -8 -15 24 20 21 22 -20 25 -7 -21 27 -10 -22 -30
right_child=3 2 10 5 -6 14 16 8 26 -11 12 -13 -14 17 -16 -17 -18 -19 19 23 28 -23 -24 -25 -26 -27 -28 -29 29 -31
leaf_value=0 0 0 0 -0.00091800376690372447 0 -0.0072686428400854652 0 8.4280736201286971e-05 0.00016677816884303498 -4.8699776855865019e-06 0 0 0.0028439913467249059 0 0.00029998871935525478 5.7561307227987225e-06 0 0 0.00025592736260922068 -0.00027352972553722487 -0.0010823321654660934 0.0010542123505003608 0.0017273643596762646 -8.5773562278937407e-05 -0.007388435857476134 -0.039791725618728152 0.00036789697948089601 -0.00046432240564312199 -0.0002253687921006664 0.017899990765282304
leaf_weight=63515 2573 33501 3540 136 23260 5008 2335 7740 170 1607 4989 7600 1071 813 5250 6662 339 2426 424 775 957 329 178 2172 2193 1491 3315 133 161 113
leaf_count=63515 2573 33501 3540 136 23260 5008 2335 7740 170 1607 4989 7600 1071 813 5250 6662 339 2426 424 775 957 329 178 2172 2193 1491 3315 133 161 113
internal_value=0.00216641 0.00392406 0.00741908 -0.000900165 -0.00379205 0.00122379 0.0053745 0.00362546 0.00583494 0.00813829 0.0140114 0.00164663 0.0111139 0.00569116 -0.00126765 -0.000588408 0.0114996 0.0117166 -0.0028347 4.54545e-05 0.0109621 0.0247583 0.0156146 -0.00527265 -0.00547841 -0.0102383 -0.000137817 -0.0166667 0.000528026 0.0164234
internal_weight=184776 117455 46340 67321 28507 38814 5247 19763 12965 9347 9600 71115 6060 36740 19051 6798 2674 3239 13801 6600 2162 931 602 4438 7201 2266 3618 303 1231 274
internal_count=184776 117455 46340 67321 28507 38814 5247 19763 12965 9347 9600 71115 6060 36740 19051 6798 2674 3239 13801 6600 2162 931 602 4438 7201 2266 3618 303 1231 274
cat_boundaries=0 1 2 3 4 5
cat_threshold=1 1 1 5 1
is_linear=0
shrinkage=0.05


Tree=65
num_leaves=31
num_cat=5
split_feature=1 14 9 2 2 2 14 1 9 5 2 9 15 15 9 13 0 2 5 2 1 14 7 2 1 3 2 2 14 3
split_gain=395.191 373.961 210.507 167.617 216.135 90.3263 81.8319 73.601 71.3547 61.8313 55.749 53.5631 53.4349 51.5589 47.8661 46.1174 43.877 43.3585 38.6074 37.1267 144.934 109.675 81.0734 55.6712 49.094 43.9195 40.8149 39.1555 37.0479 36.1371
threshold=1.0000000180025095e-35 0.8000000000000026 0 1.6800000000000035 0.93499999999999972 2.1850000000000001 0.8000000000000026 2.5000000000000004 1 0.68518299032635899 1.9150000000000003 2 1.0000000180025095e-35 0.75000000000000011 3 -0.74999999999999989 4 1.5749999999999995 0.97859653660919488 3.2550000000000003 2.5000000000000004 0.95000000000000118 1.0000000180025095e-35 4.2300000000000031 4.5000000000000009 13.915000000000001 4.5150000000000006 6.0049999999999999 0.25000000000000006 3.6500000000000008
decision_type=2 2 9 2 2 2 2 2 9 2 2 9 2 2 9 2 1 2 2 2 2 2 2 2 2 2 2 2 2 2
left_child=1 11 13 4 6 7 -2 15 9 -9 -4 -1 -12 -3 18 -5 -8 -15 19 24 21 22 23 -21 -7 -25 -22 -23 -28 -10
right_child=3 2 10 5 -6 14 16 8 29 -11 12 -13 -14 17 -16 -17 -18 -19 -20 20 26 27 -24 25 -26 -27 28 -29 -30 -31
leaf_value=0 0 0 0 -0.00087210357855853631 0 -0.0070792900165747965 0 8.0066699391222618e-05 -1.5119534245018149e-05 -4.6264788013071767e-06 0 0 0.0027017917793886628 0 0.00028498928338749205 5.4683241866587859e-06 0 0 0.0041679236063384357 -4.8159925945090443e-05 7.9822813855368049e-05 -0.0023124121734116655 0.0010015017329753407 -4.3403826315185917e-05 -0.0050799554505305544 0.0016461701120900176 -0.037802139337791731 0.0040179934635608426 -0.015205809039990293 0.00034950213050685122
leaf_weight=63515 2573 33501 3540 136 23260 3442 2335 7740 303 1607 4989 7600 1071 813 5583 6662 339 2426 435 311 1648 762 329 108 2920 245 1007 455 1806 3315
leaf_count=63515 2573 33501 3540 136 23260 3442 2335 7740 303 1607 4989 7600 1071 813 5583 6662 339 2426 435 311 1648 762 329 108 2920 245 1007 455 1806 3315
internal_value=0.00217344 0.00392406 0.00741908 -0.000880854 -0.00379205 0.00125728 0.0053745 0.00362546 0.00583494 0.00813829 0.0140114 0.00164663 0.0111139 0.00569116 -0.00119941 -0.000588408 0.0114996 0.0117166 -0.00281199 -0.00330315 -0.000697047 0.00977376 0.0221047 0.0120482 -0.00603584 0.0256374 -0.00588433 -0.000287592 -0.00954497 -0.000137817
internal_weight=184776 117455 46340 67321 28507 38814 5247 19763 12965 9347 9600 71115 6060 36740 19051 6798 2674 3239 13468 13033 6671 2210 993 664 6362 353 4461 1217 2813 3618
internal_count=184776 117455 46340 67321 28507 38814 5247 19763 12965 9347 9600 71115 6060 36740 19051 6798 2674 3239 13468 13033 6671 2210 993 664 6362 353 4461 1217 2813 3618
cat_boundaries=0 1 2 3 4 5
cat_threshold=1 1 1 1 1
is_linear=0
shrinkage=0.05


Tree=66
num_leaves=31
num_cat=5
split_feature=1 14 9 2 2 2 14 1 9 5 2 9 15 15 9 13 0 2 2 1 14 7 2 1 5 3 4 3 1 2
split_gain=394.214 373.961 210.507 168.301 216.135 88.7749 81.8319 73.2479 70.9866 61.5352 55.749 53.5631 53.4349 51.5589 46.903 46.1174 43.877 43.3585 39.3672 126.479 98.4137 81.9282 52.5422 48.8057 42.6478 38.4095 36.321 36.1371 43.0326 34.2657
threshold=1.0000000180025095e-35 0.8000000000000026 0 1.6800000000000035 0.93499999999999972 2.1850000000000001 0.8000000000000026 2.5000000000000004 1 0.68518299032635899 1.9150000000000003 2 1.0000000180025095e-35 0.75000000000000011 3 -0.74999999999999989 4 1.5749999999999995 3.2550000000000003 2.5000000000000004 0.95000000000000118 1.0000000180025095e-35 4.2300000000000031 4.5000000000000009 -0.13268856124688713 13.915000000000001 -0.12403415627048829 3.6500000000000008 10.500000000000002 8.5050000000000026
decision_type=2 2 9 2 2 2 2 2 9 2 2 9 2 2 9 2 1 2 2 2 2 2 2 2 2 2 2 2 2 2
left_child=1 11 13 4 6 7 -2 15 9 -9 -4 -1 -12 -3 18 -5 -8 -15 23 20 21 22 -20 -7 -21 -24 -26 28 -10 -22
right_child=3 2 10 5 -6 14 16 8 27 -11 12 -13 -14 17 -16 -17 -18 -19 19 24 29 -23 25 -25 26 -27 -28 -29 -30 -31
leaf_value=0 0 0 0 -0.00082849839963061169 0 -0.006725325515746056 0 7.6063364421661487e-05 0.00015919523711313414 -4.3951548612418181e-06 0 0 0.0025667021904192348 0 0.00027073981921811743 5.1949079773258481e-06 0 0 -4.5751929647835922e-05 -0.017889127909771024 -0.0011246115156987758 0.00095142664632656975 -4.1233634999426898e-05 -0.0038980761096462039 -0.0065428577499986214 0.0015612746212867346 0.013071115770579834 0.00033202702398150866 -0.00044035030864871498 0.0065871478886726509
leaf_weight=63515 2573 33501 3540 136 23260 3608 2335 7740 170 1607 4989 7600 1071 813 5250 6662 339 2426 321 2442 1029 335 111 3145 1773 256 507 3315 133 274
leaf_count=63515 2573 33501 3540 136 23260 3608 2335 7740 170 1607 4989 7600 1071 813 5250 6662 339 2426 321 2442 1029 335 111 3145 1773 256 507 3315 133 274
internal_value=0.00217561 0.00392406 0.00741908 -0.000874913 -0.00379205 0.00126758 0.0053745 0.00361534 0.00581951 0.00811692 0.0140114 0.00164663 0.0111139 0.00569116 -0.00116792 -0.000588408 0.0114996 0.0117166 -0.00269713 -8.51305e-05 0.0094583 0.0210655 0.0111919 -0.00542722 -0.00478611 0.0241144 0.000131579 -0.000137817 -0.0166667 0.000345357
internal_weight=184776 117455 46340 67321 28507 38814 5247 19763 12965 9347 9600 71115 6060 36740 19051 6798 2674 3239 13801 7048 2326 1023 688 6753 4722 367 2280 3618 303 1303
internal_count=184776 117455 46340 67321 28507 38814 5247 19763 12965 9347 9600 71115 6060 36740 19051 6798 2674 3239 13801 7048 2326 1023 688 6753 4722 367 2280 3618 303 1303
cat_boundaries=0 1 2 3 4 5
cat_threshold=1 1 1 5 1
is_linear=0
shrinkage=0.05


Tree=67
num_leaves=31
num_cat=5
split_feature=1 14 9 2 2 2 14 1 9 5 2 9 15 15 13 0 2 9 2 1 14 2 2 14 1 12 3 1 2 7
split_gain=386.685 373.961 210.507 173.657 216.135 82.8376 81.8319 73.2479 70.9866 61.5352 55.749 53.5631 53.4349 51.5589 46.1174 43.877 43.3585 43.2118 42.2805 121.592 93.1556 84.4225 50.0416 52.6936 49.9884 46.2385 41.8363 46.0359 46.9891 41.3166
threshold=1.0000000180025095e-35 0.8000000000000026 0 1.6800000000000035 0.93499999999999972 2.1850000000000001 0.8000000000000026 2.5000000000000004 1 0.68518299032635899 1.9150000000000003 2 1.0000000180025095e-35 0.75000000000000011 -0.74999999999999989 3 1.5749999999999995 4 3.0250000000000017 2.5000000000000004 0.25000000000000006 4.2300000000000031 5.2300000000000031 0.19999999999999976 4.5000000000000009 1.0000000180025095e-35 12.010000000000002 3.5000000000000004 8.9950000000000028 1.0000000180025095e-35
decision_type=2 2 9 2 2 2 2 2 9 2 2 9 2 2 2 1 2 9 2 2 2 2 2 2 2 2 2 2 2 2
left_child=1 11 13 4 6 7 -2 14 9 -9 -4 -1 -12 -3 -5 -8 -15 18 24 20 21 29 25 -24 -7 -21 -25 28 -28 -20
right_child=3 2 10 5 -6 17 15 8 -10 -11 12 -13 -14 16 -16 -17 -18 -19 19 22 -22 -23 23 26 -26 -27 27 -29 -30 -31
leaf_value=0 0 0 0 -0.00078707347964908087 0 -0.0063890592399587559 0 7.226019620057841e-05 -2.2323319388423948e-05 -4.1753971181797266e-06 0 0 0.0024383670808982741 0 4.9351625784595554e-06 0 0 0.00025720282825721156 -4.3464333165443851e-05 0.0058204045597672087 0.00039247687050394389 0.0014474107427194462 -0.054918167329919623 0.040495705970562464 -0.0037031723041638931 -0.01151756627616999 -0.010891598357757482 -0.049010263025743052 0.020953501677566311 0.00026635753936128382
leaf_weight=63515 2573 33501 3540 136 23260 3448 2335 7740 3618 1607 4989 7600 1071 813 6662 339 2426 5583 326 1253 1322 550 676 153 2973 1409 130 1028 83 117
leaf_count=63515 2573 33501 3540 136 23260 3448 2335 7740 3618 1607 4989 7600 1071 813 6662 339 2426 5583 326 1253 1322 550 676 153 2973 1409 130 1028 83 117
internal_value=0.00219238 0.00392406 0.00741908 -0.000828865 -0.00379205 0.00134745 0.0053745 0.00361534 0.00581951 0.00811692 0.0140114 0.00164663 0.0111139 0.00569116 -0.000588408 0.0114996 0.0117166 -0.0010052 -0.00253747 0.000134809 0.00952484 0.0210977 -0.004459 -0.0102899 -0.00547423 7.51315e-05 -0.00473458 -0.00777599 0.0133803 0.00485327
internal_weight=184776 117455 46340 67321 28507 38814 5247 19763 12965 9347 9600 71115 6060 36740 6798 2674 3239 19051 13468 7047 2315 993 4732 2070 6421 2662 1394 1241 213 443
internal_count=184776 117455 46340 67321 28507 38814 5247 19763 12965 9347 9600 71115 6060 36740 6798 2674 3239 19051 13468 7047 2315 993 4732 2070 6421 2662 1394 1241 213 443
cat_boundaries=0 1 2 3 4 5
cat_threshold=1 1 1 1 1
is_linear=0
shrinkage=0.05


Tree=68
num_leaves=31
num_cat=5
split_feature=1 14 9 2 2 2 14 1 9 5 2 9 15 15 13 0 2 14 3 1 15 3 9 2 1 2 2 1 14 1
split_gain=385.719 373.961 210.507 174.354 216.135 82.0864 81.8319 73.2479 70.9866 61.5352 55.749 53.5631 53.4349 51.5589 46.1174 43.877 43.3585 40.5844 36.1371 43.0326 34.0379 32.6211 31.1954 39.9754 119.626 85.9598 76.7459 61.6545 59.3067 75.1606
threshold=1.0000000180025095e-35 0.8000000000000026 0 1.6800000000000035 0.93499999999999972 2.1850000000000001 0.8000000000000026 2.5000000000000004 1 0.68518299032635899 1.9150000000000003 2 1.0000000180025095e-35 0.75000000000000011 -0.74999999999999989 3 1.5749999999999995 10.600000000000007 3.6500000000000008 10.500000000000002 0.75000000000000011 2.9150000000000005 4 3.0250000000000017 3.5000000000000004 5.2300000000000031 8.5050000000000026 1.5000000000000002 0.2999999999999981 1.5000000000000002
decision_type=2 2 9 2 2 2 2 2 9 2 2 9 2 2 2 1 2 2 2 2 2 2 9 2 2 2 2 2 2 2
left_child=1 11 13 4 6 7 -2 14 9 -9 -4 -1 -12 -3 -5 -8 -15 22 19 -10 -6 -11 23 -7 26 -26 28 -28 29 -25
right_child=3 2 10 5 20 17 15 8 18 21 12 -13 -14 16 -16 -17 -18 -19 -20 -21 -22 -23 -24 24 25 -27 27 -29 -30 -31
leaf_value=0 0 0 0 -0.00074771980566662455 0 -0.0060667332204821459 0 6.8647186390549488e-05 0.00015235164122689862 0.00016833064699899416 0 0 0.0023164487268533596 0 4.6884044495365778e-06 0 0 0.16843724898794399 0.00031654183875185442 -0.00041721662724685806 0.00065519383459372354 -3.8416042586196091e-05 0.00010372721468731043 0.0006728183664716725 0.00049349634722335451 -0.051834329757545594 0.0023829050009810896 0.020518033983256356 -0.00095155853537424182 8.4564550114552001e-05
leaf_weight=63515 2573 33501 3540 136 22355 6405 2335 7740 170 128 4989 7600 1071 813 6662 339 2426 151 3315 133 905 1479 5510 546 2210 1714 218 294 1389 614
leaf_count=63515 2573 33501 3540 136 22355 6405 2335 7740 170 128 4989 7600 1071 813 6662 339 2426 151 3315 133 905 1479 5510 546 2210 1714 218 294 1389 614
internal_value=0.00219455 0.00392406 0.00741908 -0.000822923 -0.00379205 0.00135776 0.0053745 0.00361534 0.00581951 0.00811692 0.0140114 0.00164663 0.0111139 0.00569116 -0.000588408 0.0114996 0.0117166 -0.0009842 -0.000137817 -0.0166667 -0.00585985 -0.000777847 -0.00119048 -0.00249254 0.000121689 -0.00565749 0.00753022 0.0251953 0.00398195 0.0123276
internal_weight=184776 117455 46340 67321 28507 38814 5247 19763 12965 9347 9600 71115 6060 36740 6798 2674 3239 19051 3618 303 23260 1607 18900 13390 6985 3924 3061 512 2549 1160
internal_count=184776 117455 46340 67321 28507 38814 5247 19763 12965 9347 9600 71115 6060 36740 6798 2674 3239 19051 3618 303 23260 1607 18900 13390 6985 3924 3061 512 2549 1160
cat_boundaries=0 1 2 3 4 5
cat_threshold=1 1 1 1 1
is_linear=0
shrinkage=0.05


Tree=69
num_leaves=31
num_cat=7
split_feature=1 14 9 3 2 2 2 14 1 5 2 9 15 15 14 0 2 9 3 9 2 5 1 3 9 1 17 3 2 9
split_gain=490.088 373.961 210.507 171.646 108.023 207.623 86.8191 59.5455 57.9166 69.4735 55.749 53.5631 53.4349 51.5589 46.6079 43.9636 43.3585 41.9006 41.9524 40.1996 35.1393 101.274 67.6792 53.946 56.1406 58.6355 36.8746 60.3162 34.4539 33.8461
threshold=1.0000000180025095e-35 0.8000000000000026 0 4.615000000000002 1.6800000000000035 0.93499999999999972 2.1850000000000001 0.10000000000000499 3.5000000000000004 0.6993498620707651 1.9150000000000003 1 1.0000000180025095e-35 0.75000000000000011 0.8000000000000026 2 1.5749999999999995 3 18.265000000000004 4 1.4150000000000003 0.64778601398657376 2.5000000000000004 2.9150000000000005 5 10.500000000000002 0.35000000000000148 2.0150000000000001 1.9950000000000012 6
decision_type=2 2 9 2 2 2 2 2 2 2 2 9 2 2 2 1 2 9 2 9 2 2 2 2 9 2 2 2 2 9
left_child=1 11 13 7 5 14 8 20 -6 19 -4 -1 -12 -3 -5 -16 -15 18 -7 -10 -2 22 26 24 -24 -26 27 -22 -25 -8
right_child=3 2 10 4 6 17 29 -9 9 -11 12 -13 -14 16 15 -17 -18 -19 -20 -21 21 -23 23 28 25 -27 -28 -29 -30 -31
leaf_value=0 0 0 0 0 1.2365622894353841e-05 -5.5192131964837715e-06 -0.001419426047042155 0 8.1090181407065501e-05 -4.5922687749966533e-05 0 0 0.0022006262905106878 0 0 0 0 0 0.029227881532842559 0.00070633755320116003 0.00035572367857197672 0.00015991411464904445 -1.1829946299805834e-06 -3.9256523297730511e-06 0.0003182928538114551 -0.00039635579588451512 -0.00071033381538329057 -2.8834734193613066e-05 1.2365622894353841e-05 0.00020440214603257819
leaf_weight=63515 3929 33501 3540 1702 7870 2817 13311 949 6123 1498 4989 7600 1071 813 2100 339 2426 15721 710 2194 431 310 819 111 127 95 120 317 231 5497
leaf_count=63515 3929 33501 3540 1702 7870 2817 13311 949 6123 1498 4989 7600 1071 813 2100 339 2426 15721 710 2194 431 310 819 111 127 95 120 317 231 5497
internal_value=0.00197455 0.00392406 0.00741908 -0.00142675 -0.000536889 -0.00318953 0.00116324 -0.00858986 0.00367826 0.00624045 0.0140114 0.00164663 0.0111139 0.00569116 0.00696692 0.0113981 0.0117166 -0.00537458 -0.000438224 0.00802573 -0.0103005 -0.0148575 -0.0185473 -0.0254158 -0.0310759 -0.00732759 -0.00760369 -0.00347594 -0.00818713 -0.00120162
internal_weight=184776 117455 46340 67321 59882 23389 36493 7439 17685 9815 9600 71115 6060 36740 4141 2439 3239 19248 3527 8317 6490 2561 2251 1383 1041 222 868 748 342 18808
internal_count=184776 117455 46340 67321 59882 23389 36493 7439 17685 9815 9600 71115 6060 36740 4141 2439 3239 19248 3527 8317 6490 2561 2251 1383 1041 222 868 748 342 18808
cat_boundaries=0 1 2 3 4 5 6 7
cat_threshold=1 1 1 164 9 41 1
is_linear=0
shrinkage=0.05


Tree=70
num_leaves=31
num_cat=6
split_feature=1 14 9 3 2 2 2 9 1 5 14 2 9 15 15 14 0 2 9 2 5 1 3 9 1 17 3 2 7 14
split_gain=460.086 373.961 210.507 180.371 103.59 197.779 80.6332 67.4096 60.1933 61.741 59.6824 55.749 53.5631 53.4349 51.5589 46.6079 43.9636 43.3585 41.9174 35.5048 99.1417 67.6792 53.946 56.1406 58.6355 36.8746 60.3162 34.4539 33.5588 32.6255
threshold=1.0000000180025095e-35 0.8000000000000026 0 4.615000000000002 1.6800000000000035 0.93499999999999972 2.1850000000000001 1 3.5000000000000004 0.75039776413399006 0.10000000000000499 1.9150000000000003 2 1.0000000180025095e-35 0.75000000000000011 0.8000000000000026 3 1.5749999999999995 4 1.4150000000000003 0.64778601398657376 2.5000000000000004 2.9150000000000005 5 10.500000000000002 0.35000000000000148 2.0150000000000001 1.9950000000000012 1.0000000180025095e-35 10.600000000000007
decision_type=2 2 9 2 2 2 2 9 2 2 2 2 9 2 2 2 1 2 9 2 2 2 2 9 2 2 2 2 2 2
left_child=1 12 14 10 5 15 8 -7 -6 18 19 -4 -1 -13 -3 -5 -17 -16 28 -2 21 25 23 -23 -25 26 -21 -24 -10 -8
right_child=3 2 11 4 6 7 29 -9 9 -11 -12 13 -14 -15 17 16 -18 -19 -20 20 -22 22 27 24 -26 -27 -28 -29 -30 -31
leaf_value=0 0 0 0 0 1.1747341749636148e-05 2.7596065982418857e-07 -0.00052158545494149775 0 7.7035672336712221e-05 -4.5767685300870627e-05 0 0 0 0.0020905949759851493 0 0 0 0 0.001015658421088933 0.00033793749464337787 0.00015191840891659223 -1.1238448984815543e-06 -3.7293697132843989e-06 0.00030237821112088234 -0.00037653800609028934 -0.00067481712461412444 -2.7392997483932415e-05 1.1747341749636148e-05 -0.00021827081306745224 0.16008635784089892
leaf_weight=63515 3929 33501 3540 1702 7870 3527 18657 15721 5496 1293 949 4989 7600 1071 813 2100 339 2426 2600 431 310 819 111 127 95 120 317 231 426 151
leaf_count=63515 3929 33501 3540 1702 7870 3527 18657 15721 5496 1293 949 4989 7600 1071 813 2100 339 2426 2600 431 310 819 111 127 95 120 317 231 426 151
internal_value=0.00203517 0.00392406 0.00741908 -0.00126038 -0.000348185 -0.00294583 0.00131669 -0.00507845 0.00374046 0.00635252 -0.00860331 0.0140114 0.00164663 0.0111139 0.00569116 0.00696692 0.0113981 0.0117166 0.00789721 -0.0103159 -0.0148965 -0.0185473 -0.0254158 -0.0310759 -0.00732759 -0.00760369 -0.00347594 -0.00818713 0.0102158 -0.000962356
internal_weight=184776 117455 46340 67321 59882 23389 36493 19248 17685 9815 7439 9600 71115 6060 36740 4141 2439 3239 8522 6490 2561 2251 1383 1041 222 868 748 342 5922 18808
internal_count=184776 117455 46340 67321 59882 23389 36493 19248 17685 9815 7439 9600 71115 6060 36740 4141 2439 3239 8522 6490 2561 2251 1383 1041 222 868 748 342 5922 18808
cat_boundaries=0 1 2 3 4 5 6
cat_threshold=1 164 1 1 1 41
is_linear=0
shrinkage=0.05


Tree=71
num_leaves=31
num_cat=7
split_feature=1 14 9 3 2 2 2 9 14 1 5 2 9 15 15 14 0 2 9 2 5 1 3 9 1 17 3 2 9 2
split_gain=450.905 373.961 210.507 182.934 108.304 197.779 72.2259 67.4096 59.6824 58.946 64.892 55.749 53.5631 53.4349 51.5589 46.6079 43.9636 43.3585 39.6795 35.5048 99.1417 67.6792 53.946 56.1406 58.6355 36.8746 60.3162 34.4539 32.9843 48.8399
threshold=1.0000000180025095e-35 0.8000000000000026 0 4.615000000000002 1.6800000000000035 0.93499999999999972 2.1850000000000001 1 0.10000000000000499 3.5000000000000004 0.68518299032635899 1.9150000000000003 2 1.0000000180025095e-35 0.75000000000000011 0.8000000000000026 3 1.5749999999999995 4 1.4150000000000003 0.64778601398657376 2.5000000000000004 2.9150000000000005 5 10.500000000000002 0.35000000000000148 2.0150000000000001 1.9950000000000012 6 3.0250000000000017
decision_type=2 2 9 2 2 2 2 9 2 2 2 2 9 2 2 2 1 2 9 2 2 2 2 9 2 2 2 2 9 2
left_child=1 12 14 8 5 15 9 -7 19 -6 18 -4 -1 -13 -3 -5 -17 -16 -11 -2 21 25 23 -23 -25 26 -21 -24 29 -8
right_child=3 2 11 4 6 7 28 -9 -10 10 -12 13 -14 -15 17 16 -18 -19 -20 20 -22 22 27 24 -26 -27 -28 -29 -30 -31
leaf_value=0 0 0 0 0 1.1159974662154341e-05 2.6216262683297914e-07 -0.0056663459843588563 0 0 7.3183888719876601e-05 -4.1338169097424671e-05 0 0 0.0019860652271858959 0 0 0 0 0.00096487550003448443 0.00032104061991120898 0.00014432248847076262 -1.0676526535574765e-06 -3.5429012276201788e-06 0.00028725930056483826 -0.00035771110578577492 -0.00064107626838341703 -2.6023347609735797e-05 1.1159974662154341e-05 0.00022026131147802417 9.8017346450873788e-05
leaf_weight=63515 3929 33501 3540 1702 7870 3527 6531 15721 949 5694 1609 4989 7600 1071 813 2100 339 2426 2512 431 310 819 111 127 95 120 317 231 4899 7378
leaf_count=63515 3929 33501 3540 1702 7870 3527 6531 15721 949 5694 1609 4989 7600 1071 813 2100 339 2426 2512 431 310 819 111 127 95 120 317 231 4899 7378
internal_value=0.00205411 0.00392406 0.00741908 -0.00120839 -0.000289736 -0.00294583 0.0014126 -0.00507845 -0.00860331 0.00370653 0.00629139 0.0140114 0.00164663 0.0111139 0.00569116 0.00696692 0.0113981 0.0117166 0.00809164 -0.0103159 -0.0148965 -0.0185473 -0.0254158 -0.0310759 -0.00732759 -0.00760369 -0.00347594 -0.00818713 -0.000744364 -0.00198649
internal_weight=184776 117455 46340 67321 59882 23389 36493 19248 7439 17685 9815 9600 71115 6060 36740 4141 2439 3239 8206 6490 2561 2251 1383 1041 222 868 748 342 18808 13909
internal_count=184776 117455 46340 67321 59882 23389 36493 19248 7439 17685 9815 9600 71115 6060 36740 4141 2439 3239 8206 6490 2561 2251 1383 1041 222 868 748 342 18808 13909
cat_boundaries=0 1 2 3 4 5 6 7
cat_threshold=1 164 1 1 1 41 69
is_linear=0
shrinkage=0.05


Tree=72
num_leaves=31
num_cat=6
split_feature=1 14 9 3 2 2 2 9 1 5 2 9 15 14 15 14 0 2 9 1 2 5 3 9 1 11 17 2 2 7
split_gain=441.042 373.961 210.507 148.902 105.597 197.779 75.7182 67.4096 58.946 64.892 55.749 53.5631 53.4349 52.0006 51.5589 46.6079 43.9636 43.3585 39.6795 36.4281 64.4979 113.293 53.946 56.1406 58.6355 52.684 63.4087 41.4018 34.4539 32.0819
threshold=1.0000000180025095e-35 0.8000000000000026 0 4.615000000000002 1.6800000000000035 0.93499999999999972 2.1850000000000001 1 3.5000000000000004 0.68518299032635899 1.9150000000000003 2 1.0000000180025095e-35 0.10000000000000499 0.75000000000000011 0.8000000000000026 3 1.5749999999999995 4 2.5000000000000004 1.4150000000000003 0.64778601398657376 2.9150000000000005 5 10.500000000000002 1.0000000180025095e-35 0.35000000000000148 1.4150000000000003 1.9950000000000012 1.0000000180025095e-35
decision_type=2 2 9 2 2 2 2 9 2 2 2 9 2 2 2 2 1 2 9 2 2 2 2 9 2 2 2 2 2 2
left_child=1 11 14 13 5 15 8 -7 -6 18 -4 -1 -12 19 -3 -5 -17 -16 29 25 -21 22 23 -22 -25 26 27 -2 -24 -10
right_child=3 2 10 4 6 7 -8 -9 9 -11 12 -13 -14 -15 17 16 -18 -19 -20 20 21 -23 28 24 -26 -27 -28 -29 -30 -31
leaf_value=0 0 0 0 0 1.0601975929046624e-05 2.4905449549133017e-07 -0.00045276590590995203 0 6.9524694283882766e-05 -3.9271260642553436e-05 0 0 0.0018867619658265999 0 0 0 0 0 0.00091663172503276278 0 -1.0142700208796027e-06 0.00013710636404722448 -3.36575616623917e-06 0.00027289633553659635 -0.00033982555049648616 0 -0.00060902245496424756 0.00027889984407560221 1.0601975929046624e-05 -0.00021101646685007342
leaf_weight=63515 744 33501 3540 1702 7870 3527 18808 15721 5283 1609 4989 7600 1071 949 813 2100 339 2426 2512 2518 819 222 111 127 95 861 117 645 231 411
leaf_count=63515 744 33501 3540 1702 7870 3527 18808 15721 5283 1609 4989 7600 1071 949 813 2100 339 2426 2512 2518 819 222 111 127 95 861 117 645 231 411
internal_value=0.00207467 0.00392406 0.00741908 -0.00115194 -0.000323135 -0.00294583 0.00135779 -0.00507845 0.00370653 0.00629139 0.0140114 0.00164663 0.0111139 -0.00782363 0.00569116 0.00696692 0.0113981 0.0117166 0.00809164 -0.00942219 -0.0122605 -0.0200935 -0.0254158 -0.0310759 -0.00732759 -0.00447824 0.00116202 0.00413967 -0.00818713 0.0103962
internal_weight=184776 117455 46340 67321 59882 23389 36493 19248 17685 9815 9600 71115 6060 7439 36740 4141 2439 3239 8206 6490 4123 1605 1383 1041 222 2367 1506 1389 342 5694
internal_count=184776 117455 46340 67321 59882 23389 36493 19248 17685 9815 9600 71115 6060 7439 36740 4141 2439 3239 8206 6490 4123 1605 1383 1041 222 2367 1506 1389 342 5694
cat_boundaries=0 1 2 3 4 5 6
cat_threshold=1 164 1 1 1 41
is_linear=0
shrinkage=0.05


Tree=73
num_leaves=31
num_cat=6
split_feature=1 14 9 3 2 2 9 14 2 9 15 15 3 2 1 5 9 14 3 0 2 12 7 5 2 1 3 9 1 2
split_gain=518.656 373.961 210.507 175.574 104.068 178.34 75.3992 61.9644 55.749 53.5631 53.4349 51.5589 49.1064 72.8102 69.8786 70.0679 57.2558 46.6079 45.1737 43.9636 43.3585 40.1961 40.1149 34.5153 62.0844 64.7528 77.1481 54.9664 58.2393 43.7292
threshold=1.0000000180025095e-35 0.8000000000000026 0 4.615000000000002 0.93499999999999972 1.4150000000000003 1 0.10000000000000499 1.9150000000000003 2 1.0000000180025095e-35 0.75000000000000011 7.5950000000000006 2.1650000000000005 2.5000000000000004 0.6993498620707651 3 0.8000000000000026 4.1250000000000009 4 1.5749999999999995 1.0000000180025095e-35 1.0000000180025095e-35 0.59657369366100033 1.4150000000000003 2.5000000000000004 2.9150000000000005 5 10.500000000000002 1.9950000000000012
decision_type=2 2 9 2 2 2 9 2 2 9 2 2 2 2 2 2 9 2 2 1 2 2 2 2 2 2 2 9 2 2
left_child=1 9 11 7 17 6 -6 18 -4 -1 -10 -3 -7 14 21 16 22 -5 23 -19 -13 -14 -16 24 -2 -26 27 -27 -29 -25
right_child=3 2 8 4 5 12 -8 -9 10 -11 -12 20 13 -15 15 -17 -18 19 -20 -21 -22 -23 -24 29 25 26 -28 28 -30 -31
leaf_value=0 0 0 0 0 2.3660177071676368e-07 -2.6760989430230145e-06 0 0 0 0 0.0017924238675352646 0 -0.014225858318199648 -0.00043012761061445585 7.5872729958025646e-05 -0.00012197254114451855 0.00051994183314247276 0 -1.332417876567287e-05 0 0 0.00031849492943488935 -0.044817107837150517 0 -9.3514816053721355e-05 -9.6355651983562268e-07 1.0071877132594292e-05 0.00025925151875976648 -0.00032283427297166185 0.00013025104584486326
leaf_weight=63515 3309 33501 3540 1702 3336 4291 14755 949 4989 7600 1071 813 2642 17751 5532 1408 2867 2100 189 339 2426 2647 512 640 793 815 235 123 94 292
leaf_count=63515 3309 33501 3540 1702 3336 4291 14755 949 4989 7600 1071 813 2642 17751 5532 1408 2867 2100 189 339 2426 2647 512 640 793 815 235 123 94 292
internal_value=0.00191854 0.00392406 0.00741908 -0.00158049 -0.000680505 -0.00124863 -0.00532862 -0.00882511 0.0140114 0.00164663 0.0111139 0.00569116 0.000711819 0.00135945 0.00385059 0.00624576 0.00788351 0.00696692 -0.0105701 0.0113981 0.0117166 -0.000822462 0.0106376 -0.00984764 -0.0113895 -0.0182039 -0.025217 -0.0311047 -0.00726872 -0.000965665
internal_weight=184776 117455 46340 67321 59882 55741 18091 7439 9600 71115 6060 36740 37650 33359 15608 10319 8911 4141 6490 2439 3239 5289 6044 6301 5369 2060 1267 1032 217 932
internal_count=184776 117455 46340 67321 59882 55741 18091 7439 9600 71115 6060 36740 37650 33359 15608 10319 8911 4141 6490 2439 3239 5289 6044 6301 5369 2060 1267 1032 217 932
cat_boundaries=0 1 2 3 4 5 6
cat_threshold=1 164 1 1 1 41
is_linear=0
shrinkage=0.05


Tree=74
num_leaves=31
num_cat=6
split_feature=1 14 9 3 2 2 9 14 2 9 15 15 3 2 1 5 9 14 0 2 2 5 1 2 3 9 1 17 11 14
split_gain=514.465 373.961 210.507 175.351 103.478 202.561 76.277 61.6855 55.749 53.5631 53.4349 51.5589 48.082 88.8979 53.2836 80.1027 63.0087 46.6079 43.9636 43.3585 43.3259 104.469 52.8378 69.586 53.946 56.1406 58.6355 48.6295 64.9695 40.8647
threshold=1.0000000180025095e-35 0.8000000000000026 0 4.615000000000002 0.93499999999999972 1.6650000000000003 1 0.10000000000000499 1.9150000000000003 2 1.0000000180025095e-35 0.75000000000000011 7.5950000000000006 2.0400000000000031 2.5000000000000004 0.68518299032635899 3 0.8000000000000026 4 1.5749999999999995 1.4150000000000003 0.64778601398657376 2.5000000000000004 1.9950000000000012 2.9150000000000005 5 10.500000000000002 0.35000000000000148 1.0000000180025095e-35 0.60000000000000508
decision_type=2 2 9 2 2 2 9 2 2 9 2 2 2 2 2 2 9 2 1 2 2 2 2 2 2 9 2 2 2 2
left_child=1 9 11 7 17 6 -6 20 -4 -1 -10 -3 -7 14 29 16 -16 -5 -19 -13 -2 22 23 -22 25 -24 -27 28 -25 -14
right_child=3 2 8 4 5 12 -8 -9 10 -11 -12 19 13 -15 15 -17 -18 18 -20 -21 21 -23 24 27 -26 26 -28 -29 -30 -31
leaf_value=0 0 0 0 0 2.247716821809255e-07 -2.5422939958718638e-06 0 0 0 0 0.001702802674158499 0 -0.020476859541725546 -0.00040862123008373333 7.5002799147404675e-05 -0.00013955826059288662 0.00050016530157616932 0 0 0 -1.2657969827389225e-05 0.00012373849355262011 -9.1537869384384149e-07 0.002582053119302239 -2.0973476161273401e-06 0.00024628894282177817 -0.00030669255932307875 -0.00057389559141335367 -0.04113275807104063 0.00067022275061698767
leaf_weight=63515 3929 33501 3540 1702 3522 4040 15695 949 4989 7600 1071 813 2299 17904 5508 1437 2657 2100 339 2426 124 310 819 462 342 127 95 119 163 2679
leaf_count=63515 3929 33501 3540 1702 3522 4040 15695 949 4989 7600 1071 813 2299 17904 5508 1437 2657 2100 339 2426 124 310 819 462 342 127 95 119 163 2679
internal_value=0.00192666 0.00392406 0.00741908 -0.00155821 -0.000658796 -0.00122531 -0.00538065 -0.00879823 0.0140114 0.00164663 0.0111139 0.00569116 0.000961012 0.00160079 0.00449931 0.00667569 0.00859155 0.00696692 0.0113981 0.0117166 -0.0105393 -0.0155994 -0.019347 -0.00967742 -0.0254158 -0.0310759 -0.00732759 -0.00389785 0.00168 0.000301326
internal_weight=184776 117455 46340 67321 59882 55741 19217 7439 9600 71115 6060 36740 36524 32484 14580 9602 8165 4141 2439 3239 6490 2561 2251 868 1383 1041 222 744 625 4978
internal_count=184776 117455 46340 67321 59882 55741 19217 7439 9600 71115 6060 36740 36524 32484 14580 9602 8165 4141 2439 3239 6490 2561 2251 868 1383 1041 222 744 625 4978
cat_boundaries=0 1 2 3 4 5 6
cat_threshold=1 164 1 1 1 41
is_linear=0
shrinkage=0.05


Tree=75
num_leaves=31
num_cat=6
split_feature=1 14 9 3 2 2 9 14 2 9 15 15 3 2 1 5 9 14 0 2 2 5 1 2 3 9 1 17 11 14
split_gain=509.459 373.961 210.507 175.344 102.754 205.369 76.277 61.4073 55.749 53.5631 53.4349 51.5589 48.9044 90.9367 49.3297 80.1027 63.0087 46.6079 43.9636 43.3585 42.5201 103.87 54.3962 70.5138 53.946 56.1406 58.6355 49.526 57.8937 34.9474
threshold=1.0000000180025095e-35 0.8000000000000026 0 4.615000000000002 0.93499999999999972 1.6650000000000003 1 0.10000000000000499 1.9150000000000003 2 1.0000000180025095e-35 0.75000000000000011 7.5950000000000006 2.0400000000000031 2.5000000000000004 0.68518299032635899 3 0.8000000000000026 4 1.5749999999999995 1.4150000000000003 0.64778601398657376 2.5000000000000004 1.9950000000000012 2.9150000000000005 5 10.500000000000002 0.35000000000000148 1.0000000180025095e-35 0.60000000000000508
decision_type=2 2 9 2 2 2 9 2 2 9 2 2 2 2 2 2 9 2 1 2 2 2 2 2 2 9 2 2 2 2
left_child=1 9 11 7 17 6 -6 20 -4 -1 -10 -3 -7 14 29 16 -16 -5 -19 -13 -2 22 23 -22 25 -24 -27 28 -25 -14
right_child=3 2 8 4 5 12 -8 -9 10 -11 -12 19 13 -15 15 -17 -18 18 -20 -21 21 -23 24 27 -26 26 -28 -29 -30 -31
leaf_value=0 0 0 0 0 2.1353309807187921e-07 -2.4151792960782705e-06 0 0 0 0 0.0016176625404505708 0 -0.019453016564639269 -0.00038819016857954416 7.1252659190034428e-05 -0.00013258034756324227 0.00047515703649736088 0 0 0 -1.2025071336019764e-05 0.00011755156887498909 -8.6960975915164943e-07 0.0024529504633371271 -1.9924802353209729e-06 0.00023397449568068928 -0.00029135793135692481 -0.00054520081184268327 -0.039076120167488598 0.00063671161308613815
leaf_weight=63515 3929 33501 3540 1702 3522 4040 15695 949 4989 7600 1071 813 2299 17904 5508 1437 2657 2100 339 2426 124 310 819 462 342 127 95 119 163 2679
leaf_count=63515 3929 33501 3540 1702 3522 4040 15695 949 4989 7600 1071 813 2299 17904 5508 1437 2657 2100 339 2426 124 310 819 462 342 127 95 119 163 2679
internal_value=0.0019364 0.00392406 0.00741908 -0.00153147 -0.000632076 -0.00119661 -0.00538065 -0.00877134 0.0140114 0.00164663 0.0111139 0.00569116 0.00100482 0.00165004 0.00458162 0.00667569 0.00859155 0.00696692 0.0113981 0.0117166 -0.0105085 -0.0155213 -0.0192581 -0.009447 -0.0254158 -0.0310759 -0.00732759 -0.00362903 0.002 0.000542387
internal_weight=184776 117455 46340 67321 59882 55741 19217 7439 9600 71115 6060 36740 36524 32484 14580 9602 8165 4141 2439 3239 6490 2561 2251 868 1383 1041 222 744 625 4978
internal_count=184776 117455 46340 67321 59882 55741 19217 7439 9600 71115 6060 36740 36524 32484 14580 9602 8165 4141 2439 3239 6490 2561 2251 868 1383 1041 222 744 625 4978
cat_boundaries=0 1 2 3 4 5 6
cat_threshold=1 164 1 1 1 41
is_linear=0
shrinkage=0.05


Tree=76
num_leaves=31
num_cat=7
split_feature=1 14 9 3 2 2 9 14 2 9 15 15 3 2 1 5 9 14 0 2 2 5 1 2 3 9 1 17 11 9
split_gain=510.292 373.961 210.507 173.829 102.98 204.489 76.277 61.1297 55.749 53.5631 53.4349 51.5589 48.6467 88.9243 50.1228 79.6436 62.2804 46.6079 43.9636 43.3585 41.7218 103.273 55.9773 71.4478 53.946 56.1406 58.6355 50.4308 53.8671 34.7023
threshold=1.0000000180025095e-35 0.8000000000000026 0 4.615000000000002 0.93499999999999972 1.6650000000000003 1 0.10000000000000499 1.9150000000000003 2 1.0000000180025095e-35 0.75000000000000011 7.5950000000000006 2.0400000000000031 2.5000000000000004 0.68518299032635899 3 0.8000000000000026 4 1.5749999999999995 1.4150000000000003 0.64778601398657376 2.5000000000000004 1.9950000000000012 2.9150000000000005 5 10.500000000000002 0.35000000000000148 1.0000000180025095e-35 6
decision_type=2 2 9 2 2 2 9 2 2 9 2 2 2 2 2 2 9 2 1 2 2 2 2 2 2 9 2 2 2 9
left_child=1 9 11 7 17 6 -6 20 -4 -1 -10 -3 -7 14 29 16 -16 -5 -19 -13 -2 22 23 -22 25 -24 -27 28 -25 -14
right_child=3 2 8 4 5 12 -8 -9 10 -11 -12 19 13 -15 15 -17 -18 18 -20 -21 21 -23 24 27 -26 26 -28 -29 -30 -31
leaf_value=0 0 0 0 0 2.0285644316828524e-07 -2.2944203312743571e-06 0 0 0 0 0.0015367794134280466 0 -0.0025118176316923503 -0.00036878066015056944 6.7690026230532704e-05 -0.00012595133018508017 0.00045139918467249285 0 0 0 -1.1423817769218777e-05 0.00011167399043123964 -8.261292711940669e-07 0.0023303029401702704 -1.8928562235549241e-06 0.00022227577089665486 -0.00027679003478907853 -0.00051794077125054687 -0.03712231415911417 0.0013191907809982136
leaf_weight=63515 3929 33501 3540 1702 3522 4040 15695 949 4989 7600 1071 813 4245 17904 5508 1437 2657 2100 339 2426 124 310 819 462 342 127 95 119 163 733
leaf_count=63515 3929 33501 3540 1702 3522 4040 15695 949 4989 7600 1071 813 4245 17904 5508 1437 2657 2100 339 2426 124 310 819 462 342 127 95 119 163 733
internal_value=0.00193478 0.00392406 0.00741908 -0.00153592 -0.000640426 -0.00120558 -0.00538065 -0.00874445 0.0140114 0.00164663 0.0111139 0.00569116 0.000991129 0.00163465 0.00453361 0.00664445 0.00855481 0.00696692 0.0113981 0.0117166 -0.0104777 -0.0154432 -0.0191693 -0.00921659 -0.0254158 -0.0310759 -0.00732759 -0.00336022 0.00232 0.000462033
internal_weight=184776 117455 46340 67321 59882 55741 19217 7439 9600 71115 6060 36740 36524 32484 14580 9602 8165 4141 2439 3239 6490 2561 2251 868 1383 1041 222 744 625 4978
internal_count=184776 117455 46340 67321 59882 55741 19217 7439 9600 71115 6060 36740 36524 32484 14580 9602 8165 4141 2439 3239 6490 2561 2251 868 1383 1041 222 744 625 4978
cat_boundaries=0 1 2 3 4 5 6 7
cat_threshold=1 164 1 1 1 41 197
is_linear=0
shrinkage=0.05


Tree=77
num_leaves=31
num_cat=8
split_feature=1 14 9 3 2 2 9 2 5 2 2 9 15 15 3 2 1 5 9 14 0 2 3 1 9 17 9 1 3 9
split_gain=513.629 373.961 210.507 194.97 102.462 207.768 76.277 71.0562 109.287 66.6661 55.749 53.5631 53.4349 51.5589 49.7338 88.3255 48.5192 76.9095 62.7873 46.6079 43.9636 43.3585 40.1623 64.1047 59.9031 53.2065 51.1855 61.1791 50.0774 36.2607
threshold=1.0000000180025095e-35 0.8000000000000026 0 4.615000000000002 1.6650000000000003 0.93499999999999972 1 1.4150000000000003 0.64778601398657376 2.4250000000000012 1.9150000000000003 2 1.0000000180025095e-35 0.75000000000000011 7.5950000000000006 2.0400000000000031 2.5000000000000004 0.68518299032635899 3 0.8000000000000026 4 1.5749999999999995 2.9150000000000005 2.5000000000000004 5 0.95000000000000295 6 10.500000000000002 4.1250000000000009 7
decision_type=2 2 9 2 2 2 9 2 2 2 2 9 2 2 2 2 2 2 9 2 1 2 2 2 9 2 9 2 2 9
left_child=1 11 13 7 5 19 -7 -2 9 22 -4 -1 -12 -3 -6 16 -16 18 -18 -5 -21 -15 23 24 25 -9 -25 -28 -24 -17
right_child=3 2 10 4 14 6 -8 8 -10 -11 12 -13 -14 21 15 29 17 -19 -20 20 -22 -23 28 26 -26 -27 27 -29 -30 -31
leaf_value=0 0 0 0 0 -2.179699314710639e-06 1.9271362100987099e-07 0 0.0022659044851907196 0.00010609029090967765 0.0020860268220021095 0 0 0.0014599404427566465 0 0.00031845605415477648 -0.0014634720295546807 6.4305524919006064e-05 -0.00011965376367582615 0.00042882922543886824 0 0 0 -0.00029636727358822989 -7.8482280763436365e-07 -0.00045031668183121321 -0.00049204373268801893 0.00021116198235182211 -0.00026295053304962464 -1.0852626880757838e-05 0.00031167252467103571
leaf_weight=63515 4752 33501 3540 1702 4040 3522 15695 321 334 181 4989 7600 1071 813 4978 13146 5508 1437 2657 2100 339 2426 473 772 143 96 109 88 170 4758
leaf_count=63515 4752 33501 3540 1702 4040 3522 15695 321 334 181 4989 7600 1071 813 4978 13146 5508 1437 2657 2100 339 2426 473 772 143 96 109 88 170 4758
internal_value=0.00192828 0.00392406 0.00741908 -0.00155375 -0.000605357 -0.00319163 -0.00538065 -0.00918806 -0.0156866 -0.0194858 0.0140114 0.00164663 0.0111139 0.00569116 0.00104863 0.0016993 0.00458848 0.00666528 0.00854256 0.00696692 0.0113981 0.0117166 -0.0219153 -0.0263244 -0.0128571 -0.00269321 -0.0341073 -0.00942029 -0.0114308 -0.000653485
internal_weight=184776 117455 46340 67321 59882 23358 19217 7439 2687 2353 9600 71115 6060 36740 36524 32484 14580 9602 8165 4141 2439 3239 2172 1529 560 417 969 197 643 17904
internal_count=184776 117455 46340 67321 59882 23358 19217 7439 2687 2353 9600 71115 6060 36740 36524 32484 14580 9602 8165 4141 2439 3239 2172 1529 560 417 969 197 643 17904
cat_boundaries=0 1 2 3 4 5 6 7 8
cat_threshold=1 164 1 1 1 1 41 69
is_linear=0
shrinkage=0.05


Tree=78
num_leaves=31
num_cat=6
split_feature=1 14 9 3 2 2 9 14 2 9 15 15 3 2 1 5 9 2 5 2 14 0 2 1 3 8 2 14 9 5
split_gain=507.796 373.961 210.507 185.021 102.992 207.768 76.277 63.3683 55.749 53.5631 53.4349 51.5589 49.9422 87.1571 48.3532 60.6623 62.9183 48.3198 108.097 52.3304 46.6079 43.9636 43.3585 39.0584 70.6719 42.9863 37.3951 34.8961 35.8044 33.6481
threshold=1.0000000180025095e-35 0.8000000000000026 0 4.615000000000002 1.6650000000000003 0.93499999999999972 1 0.10000000000000499 1.9150000000000003 2 1.0000000180025095e-35 0.75000000000000011 7.5950000000000006 2.0400000000000031 2.5000000000000004 0.68518299032635899 3 1.4150000000000003 0.64778601398657376 2.79 0.8000000000000026 4 1.5749999999999995 2.5000000000000004 2.9150000000000005 1.0000000180025095e-35 1.9950000000000012 0.60000000000000508 5 0.93743176258544081
decision_type=2 2 9 2 2 2 9 2 2 9 2 2 2 2 2 2 9 2 2 2 2 1 2 2 2 2 2 2 9 2
left_child=1 9 11 7 5 20 -7 17 -4 -1 -10 -3 -6 14 27 16 -16 -2 19 23 -5 -22 -13 25 -25 -19 -26 28 -14 -15
right_child=3 2 8 4 12 6 -8 -9 10 -11 -12 22 13 29 15 -17 -18 18 -20 -21 21 -23 -24 24 26 -27 -28 -29 -30 -31
leaf_value=0 0 0 0 0 -2.0707143489751072e-06 1.8307793995937745e-07 0 0 0 0 0.0013869434206188137 0 -0.020021353052627363 -0.00082682771579898348 6.1090248673055766e-05 -0.00011367107549203485 0.00040738776416692483 -8.469773189869685e-06 0.00010078577636419378 0.00093980463101889233 0 0 0 -7.4558166725264547e-07 -1.6894938718555143e-06 -0.00043458856729995643 2.4685781159126237e-05 0.00052299369067418172 0.002297011670760761 0.0052267464966151353
leaf_weight=63515 3929 33501 3540 1702 4040 3522 15695 949 4989 7600 1071 813 2046 17132 5508 1437 2657 378 310 157 2100 339 2426 968 111 433 204 2679 253 772
leaf_count=63515 3929 33501 3540 1702 4040 3522 15695 949 4989 7600 1071 813 2046 17132 5508 1437 2657 378 310 157 2100 339 2426 968 111 433 204 2679 253 772
internal_value=0.00193965 0.00392406 0.00741908 -0.00152256 -0.000598677 -0.00319163 -0.00538065 -0.00895954 0.0140114 0.00164663 0.0111139 0.00569116 0.00105958 0.00171161 0.00458162 0.00665486 0.00832211 -0.0107242 -0.0160679 -0.0198801 0.00696692 0.0113981 0.0117166 -0.0219675 -0.0273967 -0.0133785 -0.0068254 0.000582563 -0.00393649 -0.000625559
internal_weight=184776 117455 46340 67321 59882 23358 19217 7439 9600 71115 6060 36740 36524 32484 14580 9602 8165 6490 2561 2251 4141 2439 3239 2094 1283 811 315 4978 2299 17904
internal_count=184776 117455 46340 67321 59882 23358 19217 7439 9600 71115 6060 36740 36524 32484 14580 9602 8165 6490 2561 2251 4141 2439 3239 2094 1283 811 315 4978 2299 17904
cat_boundaries=0 1 2 3 4 5 6
cat_threshold=1 164 1 1 1 129
is_linear=0
shrinkage=0.05


Tree=79
num_leaves=31
num_cat=8
split_feature=1 14 9 3 2 2 14 5 2 1 2 9 1 9 15 3 2 15 9 1 9 5 2 0 17 9 3 2 14 9
split_gain=494.315 373.961 210.507 175.994 132.345 201.973 75.6479 69.812 70.2838 78.529 55.749 55.0406 58.2393 53.5631 53.4349 53.3316 84.9279 51.5589 50.9739 48.8402 58.1898 55.2219 43.3585 43.2537 37.6585 44.9228 37.4797 35.3513 34.5865 35.8044
threshold=1.0000000180025095e-35 0.8000000000000026 0 2.6150000000000007 1.6650000000000003 0.93499999999999972 0.8000000000000026 0.59657369366100033 1.4150000000000003 2.5000000000000004 1.9150000000000003 1 10.500000000000002 2 1.0000000180025095e-35 7.5950000000000006 2.0400000000000031 0.75000000000000011 3 2.5000000000000004 4 0.71782087188165289 1.5749999999999995 5 0.95000000000000295 6 18.265000000000004 1.9950000000000012 0.60000000000000508 7
decision_type=2 2 9 2 2 2 2 2 2 2 2 9 2 9 2 2 2 2 9 2 9 2 2 1 2 9 2 2 2 9
left_child=1 13 17 7 5 6 -5 8 -2 24 -4 -11 -13 -1 -12 -6 19 -3 26 28 21 -21 -19 -8 25 -10 -7 -9 29 -17
right_child=3 2 10 4 15 18 23 27 9 11 14 12 -14 -15 -16 16 -18 22 -20 20 -22 -23 -24 -25 -26 -27 -28 -29 -30 -31
leaf_value=0 0 0 0 0 -1.9671786315263519e-06 -5.3452891535223629e-06 0 0 0.0021530327495906769 -7.0830258389001321e-07 0 0.00020064116231759363 -0.00024976572731378075 0 0.0013175962495878713 -0.019020285399995996 -0.00028346778348236067 0 0 5.8035736239402976e-05 0.00013882902273484952 -6.2777079221289751e-05 0 0 -0.00044571211768861809 -5.4389471009415183e-05 0.027766385419583567 9.5746487545984082e-05 0.00049684400614047265 0.0021821610872227231
leaf_weight=63515 823 33501 3540 2432 4656 3300 2285 205 341 816 4989 123 94 7600 1071 2046 17904 813 18264 5627 2976 999 2426 339 101 153 709 196 2679 253
leaf_count=63515 823 33501 3540 2432 4656 3300 2285 205 341 816 4989 123 94 7600 1071 2046 17904 813 18264 5627 2976 999 2426 339 101 153 709 196 2679 253
internal_value=0.00196616 0.00392406 0.00741908 -0.00144977 -0.000912066 -0.003553 0.00546875 -0.0136045 -0.0167687 -0.0227887 0.0140114 -0.0311229 -0.00726872 0.00164663 0.0111139 0.00103123 0.00174855 0.00569116 -0.00560095 0.00458162 0.00666528 0.00926763 0.0117166 0.0113567 -0.00831933 -0.00263158 -0.000485195 0.00573566 0.000562475 -0.00393649
internal_weight=184776 117455 46340 67321 64469 27329 5056 2852 2451 1628 9600 1033 217 71115 6060 37140 32484 36740 22273 14580 9602 6626 3239 2624 595 494 4009 401 4978 2299
internal_count=184776 117455 46340 67321 64469 27329 5056 2852 2451 1628 9600 1033 217 71115 6060 37140 32484 36740 22273 14580 9602 6626 3239 2624 595 494 4009 401 4978 2299
cat_boundaries=0 1 2 3 4 5 6 7 8
cat_threshold=1 41 1 164 1 1 1 129
is_linear=0
shrinkage=0.05


Tree=80
num_leaves=31
num_cat=8
split_feature=1 14 9 3 2 2 14 9 5 2 1 2 9 1 9 15 3 2 15 1 9 2 0 5 17 9 2 14 9 3
split_gain=484.797 373.961 210.507 177.503 122.218 194.99 75.6479 70.0803 69.812 70.2838 78.529 55.749 55.0406 58.2393 53.5631 53.4349 52.8735 80.7014 51.5589 46.5344 55.3117 43.3585 43.2537 42.6525 37.6585 44.9228 35.3513 34.5865 35.8044 33.1052
threshold=1.0000000180025095e-35 0.8000000000000026 0 2.6150000000000007 1.6650000000000003 0.93499999999999972 0.8000000000000026 1 0.59657369366100033 1.4150000000000003 2.5000000000000004 1.9150000000000003 2 10.500000000000002 3 1.0000000180025095e-35 7.5950000000000006 2.0400000000000031 0.75000000000000011 2.5000000000000004 4 1.5749999999999995 5 0.71782087188165289 0.95000000000000295 6 1.9950000000000012 0.60000000000000508 7 6.0250000000000012
decision_type=2 2 9 2 2 2 2 9 2 2 2 2 9 2 9 2 2 2 2 2 9 2 1 2 2 9 2 2 9 2
left_child=1 14 18 8 5 6 -5 -7 9 -2 24 -4 -12 -14 -1 -13 29 19 -3 27 23 -20 -8 -21 25 -11 -10 28 -18 -6
right_child=3 2 11 4 16 7 22 -9 26 10 12 15 13 -15 -16 -17 17 -19 21 20 -22 -23 -24 -25 -26 -27 -28 -29 -30 -31
leaf_value=0 0 0 0 0 -1.8688196999500343e-06 2.6726445767611816e-07 0 0 0 0.002045381112111143 -6.7288745469551258e-07 0 0.00019060910420171397 -0.00023727744094809169 0 0.0012517164371084744 -0.018069271129996196 -0.00026929439430823933 0 5.5133949427432827e-05 0.00013188757159810706 0 0 -5.9638225260225262e-05 -0.00042342651180418689 -5.1669997458944423e-05 9.0959163168684884e-05 0.00047200180583344896 0.0020730530328615868 -0.0001982216612325246
leaf_weight=63515 823 33501 3540 2432 3746 4009 2285 18264 205 341 816 4989 123 94 7600 1071 2046 17904 813 5627 2976 2426 339 999 101 153 196 2679 253 910
leaf_count=63515 823 33501 3540 2432 3746 4009 2285 18264 205 341 816 4989 123 94 7600 1071 2046 17904 813 5627 2976 2426 339 999 101 153 196 2679 253 910
internal_value=0.00198511 0.00392406 0.00741908 -0.00139778 -0.000857777 -0.00339566 0.00546875 -0.00540789 -0.0136045 -0.0167687 -0.0227887 0.0140114 -0.0311229 -0.00726872 0.00164663 0.0111139 0.00100969 0.00172393 0.00569116 0.0044856 0.00651948 0.0117166 0.0113567 0.00905666 -0.00831933 -0.00263158 0.00573566 0.000562475 -0.00393649 -0.00397337
internal_weight=184776 117455 46340 67321 64469 27329 5056 22273 2852 2451 1628 9600 1033 217 71115 6060 37140 32484 36740 14580 9602 3239 2624 6626 595 494 401 4978 2299 4656
internal_count=184776 117455 46340 67321 64469 27329 5056 22273 2852 2451 1628 9600 1033 217 71115 6060 37140 32484 36740 14580 9602 3239 2624 6626 595 494 401 4978 2299 4656
cat_boundaries=0 1 2 3 4 5 6 7 8
cat_threshold=1 164 41 1 1 1 1 129
is_linear=0
shrinkage=0.05


Tree=81
num_leaves=31
num_cat=8
split_feature=1 14 9 3 2 2 14 9 5 2 1 2 9 1 9 15 3 2 15 1 9 2 0 5 17 9 2 14 9 3
split_gain=484.797 373.961 210.507 177.503 122.218 194.99 75.6479 70.0803 69.812 70.2838 78.529 55.749 55.0406 58.2393 53.5631 53.4349 52.4187 79.682 51.5589 46.0476 56.6838 43.3585 43.2537 42.6525 37.6585 44.9228 35.3513 34.5865 35.8044 32.4244
threshold=1.0000000180025095e-35 0.8000000000000026 0 2.6150000000000007 1.6650000000000003 0.93499999999999972 0.8000000000000026 1 0.59657369366100033 1.4150000000000003 2.5000000000000004 1.9150000000000003 2 10.500000000000002 3 1.0000000180025095e-35 7.5950000000000006 2.0400000000000031 0.75000000000000011 2.5000000000000004 4 1.5749999999999995 5 0.71782087188165289 0.95000000000000295 6 1.9950000000000012 0.60000000000000508 7 6.0250000000000012
decision_type=2 2 9 2 2 2 2 9 2 2 2 2 9 2 9 2 2 2 2 2 9 2 1 2 2 9 2 2 9 2
left_child=1 14 18 8 5 6 -5 -7 9 -2 24 -4 -12 -14 -1 -13 29 19 -3 27 23 -20 -8 -21 25 -11 -10 28 -18 -6
right_child=3 2 11 4 16 7 22 -9 26 10 12 15 13 -15 -16 -17 17 -19 21 20 -22 -23 -24 -25 -26 -27 -28 -29 -30 -31
leaf_value=0 0 0 0 0 -1.7753787149525324e-06 2.5390123479231228e-07 0 0 0 0.0019431120565055857 -6.3924308196073701e-07 0 0.00018107864899162825 -0.00022541356890068713 0 0.0011891306152530534 -0.017165807573496384 -0.00025582967459282236 0 5.2377251956061182e-05 0.00012529319301820169 0 0 -5.6656313997214e-05 -0.00040225518621397893 -4.9086497585997197e-05 8.6411205010250634e-05 0.00044840171554177657 0.0019694003812185073 -0.00018831057817089836
leaf_weight=63515 823 33501 3540 2432 3746 4009 2285 18264 205 341 816 4989 123 94 7600 1071 2046 17904 813 5627 2976 2426 339 999 101 153 196 2679 253 910
leaf_count=63515 823 33501 3540 2432 3746 4009 2285 18264 205 341 816 4989 123 94 7600 1071 2046 17904 813 5627 2976 2426 339 999 101 153 196 2679 253 910
internal_value=0.00198511 0.00392406 0.00741908 -0.00139778 -0.000857777 -0.00339566 0.00546875 -0.00540789 -0.0136045 -0.0167687 -0.0227887 0.0140114 -0.0311229 -0.00726872 0.00164663 0.0111139 0.00100969 0.00172085 0.00569116 0.00446502 0.00648823 0.0117166 0.0113567 0.00905666 -0.00831933 -0.00263158 0.00573566 0.000562475 -0.00393649 -0.00395189
internal_weight=184776 117455 46340 67321 64469 27329 5056 22273 2852 2451 1628 9600 1033 217 71115 6060 37140 32484 36740 14580 9602 3239 2624 6626 595 494 401 4978 2299 4656
internal_count=184776 117455 46340 67321 64469 27329 5056 22273 2852 2451 1628 9600 1033 217 71115 6060 37140 32484 36740 14580 9602 3239 2624 6626 595 494 401 4978 2299 4656
cat_boundaries=0 1 2 3 4 5 6 7 8
cat_threshold=1 164 41 1 1 1 1 129
is_linear=0
shrinkage=0.05


Tree=82
num_leaves=31
num_cat=8
split_feature=1 14 9 3 2 2 14 9 5 2 1 2 9 1 9 15 3 2 15 1 9 2 0 5 17 9 2 14 9 3
split_gain=484.797 373.961 210.507 177.503 122.218 194.99 75.6479 70.0803 69.812 70.2838 78.529 55.749 55.0406 58.2393 53.5631 53.4349 52.4187 78.8873 51.5589 45.7244 56.2735 43.3585 43.2537 42.3825 37.6585 44.9228 35.3513 34.5865 35.8044 32.4244
threshold=1.0000000180025095e-35 0.8000000000000026 0 2.6150000000000007 1.6650000000000003 0.93499999999999972 0.8000000000000026 1 0.59657369366100033 1.4150000000000003 2.5000000000000004 1.9150000000000003 2 10.500000000000002 3 1.0000000180025095e-35 7.5950000000000006 2.0400000000000031 0.75000000000000011 2.5000000000000004 4 1.5749999999999995 5 0.71782087188165289 0.95000000000000295 6 1.9950000000000012 0.60000000000000508 7 6.0250000000000012
decision_type=2 2 9 2 2 2 2 9 2 2 2 2 9 2 9 2 2 2 2 2 9 2 1 2 2 9 2 2 9 2
left_child=1 14 18 8 5 6 -5 -7 9 -2 24 -4 -12 -14 -1 -13 29 19 -3 27 23 -20 -8 -21 25 -11 -10 28 -18 -6
right_child=3 2 11 4 16 7 22 -9 26 10 12 15 13 -15 -16 -17 17 -19 21 20 -22 -23 -24 -25 -26 -27 -28 -29 -30 -31
leaf_value=0 0 0 0 0 -1.6866097792049058e-06 2.4120617305269663e-07 0 0 0 0.0018459564536803062 -6.0728092786270014e-07 0 0.00017202471654204684 -0.00021414289045565277 0 0.0011296740844904064 -0.016307517194821566 -0.00024303819086317626 0 4.9758389358258126e-05 0.0001190285333672916 0 0 -5.3823498297353293e-05 -0.00038214242690328142 -4.6632172706697342e-05 8.2090644759738108e-05 0.00042598162976468775 0.0018709303621575824 -0.00017889504926235343
leaf_weight=63515 823 33501 3540 2432 3746 4009 2285 18264 205 341 816 4989 123 94 7600 1071 2046 17904 813 5627 2976 2426 339 999 101 153 196 2679 253 910
leaf_count=63515 823 33501 3540 2432 3746 4009 2285 18264 205 341 816 4989 123 94 7600 1071 2046 17904 813 5627 2976 2426 339 999 101 153 196 2679 253 910
internal_value=0.00198511 0.00392406 0.00741908 -0.00139778 -0.000857777 -0.00339566 0.00546875 -0.00540789 -0.0136045 -0.0167687 -0.0227887 0.0140114 -0.0311229 -0.00726872 0.00164663 0.0111139 0.00100969 0.00172085 0.00569116 0.0044513 0.0064674 0.0117166 0.0113567 0.00902652 -0.00831933 -0.00263158 0.00573566 0.000562475 -0.00393649 -0.00395189
internal_weight=184776 117455 46340 67321 64469 27329 5056 22273 2852 2451 1628 9600 1033 217 71115 6060 37140 32484 36740 14580 9602 3239 2624 6626 595 494 401 4978 2299 4656
internal_count=184776 117455 46340 67321 64469 27329 5056 22273 2852 2451 1628 9600 1033 217 71115 6060 37140 32484 36740 14580 9602 3239 2624 6626 595 494 401 4978 2299 4656
cat_boundaries=0 1 2 3 4 5 6 7 8
cat_threshold=1 164 41 1 1 1 1 129
is_linear=0
shrinkage=0.05


Tree=83
num_leaves=31
num_cat=9
split_feature=1 14 9 3 2 2 14 9 5 2 1 2 9 1 9 15 15 3 2 1 9 2 0 5 17 9 2 9 14 9
split_gain=485.88 373.961 210.507 177.33 121.621 194.99 75.6479 70.0803 69.812 70.2838 78.529 55.749 55.0406 58.2393 53.5631 53.4349 51.5589 49.0696 74.1791 45.8169 60.7375 43.3585 43.2537 41.3599 37.6585 44.9228 35.3513 33.9094 35.4198 32.0064
threshold=1.0000000180025095e-35 0.8000000000000026 0 2.6150000000000007 1.6650000000000003 0.93499999999999972 0.8000000000000026 1 0.59657369366100033 1.4150000000000003 2.5000000000000004 1.9150000000000003 2 10.500000000000002 3 1.0000000180025095e-35 0.75000000000000011 7.5950000000000006 2.0400000000000031 2.5000000000000004 4 1.5749999999999995 5 0.71782087188165289 0.95000000000000295 6 1.9950000000000012 7 0.60000000000000508 8
decision_type=2 2 9 2 2 2 2 9 2 2 2 2 9 2 9 2 2 2 2 2 9 2 1 2 2 9 2 9 2 9
left_child=1 14 16 8 5 6 -5 -7 9 -2 24 -4 -12 -14 -1 -13 -3 -6 19 27 23 -18 -8 -21 25 -11 -10 28 -19 -20
right_child=3 2 11 4 17 7 22 -9 26 10 12 15 13 -15 -16 -17 21 18 29 20 -22 -23 -24 -25 -26 -27 -28 -29 -30 -31
leaf_value=0 0 0 0 0 -1.6022792902446605e-06 2.291458644000618e-07 0 0 0 0.001753658630996291 -5.7691688146956507e-07 0 0.00016342348071494452 -0.00020343574593287015 0 0.001073190380265887 0 -0.015492141335080485 -0.0013228882485554214 4.7270469890345221e-05 0.00011307710669892704 0 0 -5.1132323382485637e-05 -0.00036303530555811814 -4.4300564071362474e-05 7.7986112521751189e-05 0.0011189972968428357 0.00033886611262955575 0.00039001178638976304
leaf_weight=63515 823 33501 3540 2432 4656 4009 2285 18264 205 341 816 4989 123 94 7600 1071 813 2071 13146 5627 2976 2426 339 999 101 153 196 733 2174 4758
leaf_count=63515 823 33501 3540 2432 4656 4009 2285 18264 205 341 816 4989 123 94 7600 1071 813 2071 13146 5627 2976 2426 339 999 101 153 196 733 2174 4758
internal_value=0.00198294 0.00392406 0.00741908 -0.00140372 -0.000863981 -0.00339566 0.00546875 -0.00540789 -0.0136045 -0.0167687 -0.0227887 0.0140114 -0.0311229 -0.00726872 0.00164663 0.0111139 0.00569116 0.000998923 0.00168698 0.00433471 0.00635284 0.0117166 0.0113567 0.00901145 -0.00831933 -0.00263158 0.00573566 0.000441945 -0.00128085 -0.000469169
internal_weight=184776 117455 46340 67321 64469 27329 5056 22273 2852 2451 1628 9600 1033 217 71115 6060 36740 37140 32484 14580 9602 3239 2624 6626 595 494 401 4978 4245 17904
internal_count=184776 117455 46340 67321 64469 27329 5056 22273 2852 2451 1628 9600 1033 217 71115 6060 36740 37140 32484 14580 9602 3239 2624 6626 595 494 401 4978 4245 17904
cat_boundaries=0 1 2 3 4 5 6 7 8 9
cat_threshold=1 164 41 1 1 1 1 197 69
is_linear=0
shrinkage=0.05


Tree=84
num_leaves=31
num_cat=8
split_feature=1 14 9 3 2 2 14 9 5 2 1 2 9 1 9 15 15 3 2 1 9 2 0 5 17 9 2 9 14 3
split_gain=485.338 373.961 210.507 177.417 121.92 194.99 75.6479 70.0803 69.812 70.2838 78.529 55.749 55.0406 58.2393 53.5631 53.4349 51.5589 48.7412 74.391 45.9785 60.9504 43.3585 43.2537 40.6133 37.6585 44.9228 35.3513 33.9094 35.4198 31.071
threshold=1.0000000180025095e-35 0.8000000000000026 0 2.6150000000000007 1.6650000000000003 0.93499999999999972 0.8000000000000026 1 0.59657369366100033 1.4150000000000003 2.5000000000000004 1.9150000000000003 2 10.500000000000002 3 1.0000000180025095e-35 0.75000000000000011 7.5950000000000006 2.0400000000000031 2.5000000000000004 4 1.5749999999999995 5 0.71782087188165289 0.95000000000000295 6 1.9950000000000012 7 0.60000000000000508 8.7000000000000028
decision_type=2 2 9 2 2 2 2 9 2 2 2 2 9 2 9 2 2 2 2 2 9 2 1 2 2 9 2 9 2 2
left_child=1 14 16 8 5 6 -5 -7 9 -2 24 -4 -12 -14 -1 -13 -3 -6 19 27 23 -18 -8 -21 25 -11 -10 28 -19 -16
right_child=3 2 11 4 17 7 22 -9 26 10 12 15 13 -15 29 -17 21 18 -20 20 -22 -23 -24 -25 -26 -27 -28 -29 -30 -31
leaf_value=0 0 0 0 0 -1.5221653257324276e-06 2.1768857118005871e-07 0 0 0 0.0016659756994464765 -5.4807103739608686e-07 0 0.00015525230667919727 -0.00019326395863622666 0 0.0010195308612525934 0 -0.014717534268326461 -0.00018232186160494634 4.4906946395827957e-05 0.00010742325136398067 0 0 -4.8575707213361354e-05 -0.00034488354028021085 -4.2085535867794346e-05 7.4086806895663629e-05 0.001063047432000694 0.00032192280699807794 0
leaf_weight=63515 823 33501 3540 2432 4656 4009 2285 18264 205 341 816 4989 123 94 4605 1071 813 2071 17904 5627 2976 2426 339 999 101 153 196 733 2174 2995
leaf_count=63515 823 33501 3540 2432 4656 4009 2285 18264 205 341 816 4989 123 94 4605 1071 813 2071 17904 5627 2976 2426 339 999 101 153 196 733 2174 2995
internal_value=0.00198402 0.00392406 0.00741908 -0.00140075 -0.000860879 -0.00339566 0.00546875 -0.00540789 -0.0136045 -0.0167687 -0.0227887 0.0140114 -0.0311229 -0.00726872 0.00164663 0.0111139 0.00569116 0.00100431 0.00169006 0.00434156 0.00636326 0.0117166 0.0113567 0.00902652 -0.00831933 -0.00263158 0.00573566 0.000441945 -0.00128085 0.00561104
internal_weight=184776 117455 46340 67321 64469 27329 5056 22273 2852 2451 1628 9600 1033 217 71115 6060 36740 37140 32484 14580 9602 3239 2624 6626 595 494 401 4978 4245 7600
internal_count=184776 117455 46340 67321 64469 27329 5056 22273 2852 2451 1628 9600 1033 217 71115 6060 36740 37140 32484 14580 9602 3239 2624 6626 595 494 401 4978 4245 7600
cat_boundaries=0 1 2 3 4 5 6 7 8
cat_threshold=1 164 41 1 1 1 1 197
is_linear=0
shrinkage=0.05


Tree=85
num_leaves=31
num_cat=8
split_feature=1 14 9 3 2 2 14 9 5 2 1 2 9 1 9 15 15 3 2 1 9 2 0 5 17 9 2 9 14 3
split_gain=485.067 373.961 210.507 177.46 122.069 194.99 75.6479 70.0803 69.812 70.2838 78.529 55.749 55.0406 58.2393 53.5631 53.4349 51.5589 48.7961 74.2184 45.9785 60.9504 43.3585 43.2537 40.6133 37.6585 44.9228 35.3513 33.9094 35.4198 31.071
threshold=1.0000000180025095e-35 0.8000000000000026 0 2.6150000000000007 1.6650000000000003 0.93499999999999972 0.8000000000000026 1 0.59657369366100033 1.4150000000000003 2.5000000000000004 1.9150000000000003 2 10.500000000000002 3 1.0000000180025095e-35 0.75000000000000011 7.5950000000000006 2.0400000000000031 2.5000000000000004 4 1.5749999999999995 5 0.71782087188165289 0.95000000000000295 6 1.9950000000000012 7 0.60000000000000508 8.7000000000000028
decision_type=2 2 9 2 2 2 2 9 2 2 2 2 9 2 9 2 2 2 2 2 9 2 1 2 2 9 2 9 2 2
left_child=1 14 16 8 5 6 -5 -7 9 -2 24 -4 -12 -14 -1 -13 -3 -6 19 27 23 -18 -8 -21 25 -11 -10 28 -19 -16
right_child=3 2 11 4 17 7 22 -9 26 10 12 15 13 -15 29 -17 21 18 -20 20 -22 -23 -24 -25 -26 -27 -28 -29 -30 -31
leaf_value=0 0 0 0 0 -1.4460570594458061e-06 2.0680414262105577e-07 0 0 0 0.001582676914474153 -5.2066748552628248e-07 0 0.0001474896913452374 -0.0001836007607044153 0 0.0009685543181899626 0 -0.013981657554910138 -0.00017320576852469902 4.2661599076036558e-05 0.00010205208879578165 0 0 -4.6146921852693283e-05 -0.00032763936326620229 -3.9981259074404632e-05 7.0382466550880453e-05 0.0010098950604006593 0.00030582666664817404 0
leaf_weight=63515 823 33501 3540 2432 4656 4009 2285 18264 205 341 816 4989 123 94 4605 1071 813 2071 17904 5627 2976 2426 339 999 101 153 196 733 2174 2995
leaf_count=63515 823 33501 3540 2432 4656 4009 2285 18264 205 341 816 4989 123 94 4605 1071 813 2071 17904 5627 2976 2426 339 999 101 153 196 733 2174 2995
internal_value=0.00198457 0.00392406 0.00741908 -0.00139927 -0.000859328 -0.00339566 0.00546875 -0.00540789 -0.0136045 -0.0167687 -0.0227887 0.0140114 -0.0311229 -0.00726872 0.00164663 0.0111139 0.00569116 0.001007 0.00169314 0.00434156 0.00636326 0.0117166 0.0113567 0.00902652 -0.00831933 -0.00263158 0.00573566 0.000441945 -0.00128085 0.00561104
internal_weight=184776 117455 46340 67321 64469 27329 5056 22273 2852 2451 1628 9600 1033 217 71115 6060 36740 37140 32484 14580 9602 3239 2624 6626 595 494 401 4978 4245 7600
internal_count=184776 117455 46340 67321 64469 27329 5056 22273 2852 2451 1628 9600 1033 217 71115 6060 36740 37140 32484 14580 9602 3239 2624 6626 595 494 401 4978 4245 7600
cat_boundaries=0 1 2 3 4 5 6 7 8
cat_threshold=1 164 41 1 1 1 1 197
is_linear=0
shrinkage=0.05


Tree=86
num_leaves=31
num_cat=8
split_feature=1 14 9 3 2 2 14 9 5 2 1 2 9 1 9 15 15 3 2 1 9 2 0 5 17 9 2 9 2 1
split_gain=489.408 373.961 210.507 176.77 119.692 194.99 75.6479 70.0803 69.812 70.2838 78.529 55.749 55.0406 58.2393 53.5631 53.4349 51.5589 47.9218 69.3726 50.4257 62.8728 43.3585 43.2537 40.6133 37.6585 44.9228 35.3513 31.4998 69.8307 154.381
threshold=1.0000000180025095e-35 0.8000000000000026 0 2.6150000000000007 1.6650000000000003 0.93499999999999972 0.8000000000000026 1 0.59657369366100033 1.4150000000000003 2.5000000000000004 1.9150000000000003 2 10.500000000000002 3 1.0000000180025095e-35 0.75000000000000011 7.5950000000000006 2.0400000000000031 2.5000000000000004 4 1.5749999999999995 5 0.71782087188165289 0.95000000000000295 6 1.9950000000000012 7 3.0250000000000017 2.5000000000000004
decision_type=2 2 9 2 2 2 2 9 2 2 2 2 9 2 9 2 2 2 2 2 9 2 1 2 2 9 2 9 2 2
left_child=1 14 16 8 5 6 -5 -7 9 -2 24 -4 -12 -14 -1 -13 -3 -6 19 -19 23 -18 -8 -21 25 -11 -10 28 -20 -30
right_child=3 2 11 4 17 7 22 -9 26 10 12 15 13 -15 -16 -17 21 18 27 20 -22 -23 -24 -25 -26 -27 -28 -29 29 -31
leaf_value=0 0 0 0 0 -1.3737542064735158e-06 1.9646393549000298e-07 0 0 0 0.0015035430687504452 -4.9463411124996828e-07 0 0.00014011520677797553 -0.00017442072266919456 0 0.00092012660228046883 0 8.1965359147426133e-05 -0.005032460180488408 4.052851912223473e-05 9.6949484355992579e-05 0 0 -4.3839575760058619e-05 -0.00031125739510289301 -3.79821961206844e-05 6.6863343223336417e-05 0.00038828757857675716 0.0010847687180559286 -0.0062761128510818972
leaf_weight=63515 823 33501 3540 2432 4656 4009 2285 18264 205 341 816 4989 123 94 7600 1071 813 4978 5958 5627 2976 2426 339 999 101 153 196 4758 2350 4838
leaf_count=63515 823 33501 3540 2432 4656 4009 2285 18264 205 341 816 4989 123 94 7600 1071 813 4978 5958 5627 2976 2426 339 999 101 153 196 4758 2350 4838
internal_value=0.00197591 0.00392406 0.00741908 -0.00142303 -0.000884146 -0.00339566 0.00546875 -0.00540789 -0.0136045 -0.0167687 -0.0227887 0.0140114 -0.0311229 -0.00726872 0.00164663 0.0111139 0.00569116 0.00096392 0.00164389 0.00420439 0.0063216 0.0117166 0.0113567 0.00902652 -0.00831933 -0.00263158 0.00573566 -0.000441242 -0.00170265 0.0016138
internal_weight=184776 117455 46340 67321 64469 27329 5056 22273 2852 2451 1628 9600 1033 217 71115 6060 36740 37140 32484 14580 9602 3239 2624 6626 595 494 401 17904 13146 7188
internal_count=184776 117455 46340 67321 64469 27329 5056 22273 2852 2451 1628 9600 1033 217 71115 6060 36740 37140 32484 14580 9602 3239 2624 6626 595 494 401 17904 13146 7188
cat_boundaries=0 1 2 3 4 5 6 7 8
cat_threshold=1 164 41 1 1 1 1 69
is_linear=0
shrinkage=0.05


Tree=87
num_leaves=31
num_cat=8
split_feature=1 14 9 3 2 2 14 9 5 2 1 2 9 1 9 15 15 3 2 1 9 2 0 5 17 9 2 5 9 2
split_gain=484.256 373.961 210.507 177.59 122.517 194.99 75.6479 70.0803 69.812 70.2838 78.529 55.749 55.0406 58.2393 53.5631 53.4349 51.5589 48.9609 65.8767 50.2565 62.6566 43.3585 43.2537 40.4815 37.6585 44.9228 35.3513 32.5598 35.1885 73.5225
threshold=1.0000000180025095e-35 0.8000000000000026 0 2.6150000000000007 1.6650000000000003 0.93499999999999972 0.8000000000000026 1 0.59657369366100033 1.4150000000000003 2.5000000000000004 1.9150000000000003 2 10.500000000000002 3 1.0000000180025095e-35 0.75000000000000011 7.5950000000000006 2.0400000000000031 2.5000000000000004 4 1.5749999999999995 5 0.71782087188165289 0.95000000000000295 6 1.9950000000000012 0.93743176258544081 7 3.0250000000000017
decision_type=2 2 9 2 2 2 2 9 2 2 2 2 9 2 9 2 2 2 2 2 9 2 1 2 2 9 2 2 9 2
left_child=1 14 16 8 5 6 -5 -7 9 -2 24 -4 -12 -14 -1 -13 -3 -6 19 -19 23 -18 -8 -21 25 -11 -10 28 29 -20
right_child=3 2 11 4 17 7 22 -9 26 10 12 15 13 -15 -16 -17 21 18 27 20 -22 -23 -24 -25 -26 -27 -28 -29 -30 -31
leaf_value=0 0 0 0 0 -1.3050664961498401e-06 1.8664073871550283e-07 0 0 0 0.0014283659153129229 -4.6990240568746992e-07 0 0.00013310944643907675 -0.00016569968653573481 0 0.00087412027216644545 0 7.7867091190054821e-05 -0.0047808371714639867 3.8502093166122994e-05 9.2102010138192945e-05 0 0 -4.1647596972055688e-05 -0.00029569452534775054 -3.6083086314650177e-05 6.3520176062169606e-05 0.0053535344769053816 0.00034484520842760155 0.00031725808953579908
leaf_weight=63515 823 33501 3540 2432 4656 4009 2285 18264 205 341 816 4989 123 94 7600 1071 813 4978 5390 5627 2976 2426 339 999 101 153 196 772 5230 6512
leaf_count=63515 823 33501 3540 2432 4656 4009 2285 18264 205 341 816 4989 123 94 7600 1071 813 4978 5390 5627 2976 2426 339 999 101 153 196 772 5230 6512
internal_value=0.00198619 0.00392406 0.00741908 -0.00139481 -0.000854674 -0.00339566 0.00546875 -0.00540789 -0.0136045 -0.0167687 -0.0227887 0.0140114 -0.0311229 -0.00726872 0.00164663 0.0111139 0.00569116 0.00101508 0.00170238 0.00419753 0.00631119 0.0117166 0.0113567 0.00901145 -0.00831933 -0.00263158 0.00573566 -0.000329535 -0.000782162 -0.00228341
internal_weight=184776 117455 46340 67321 64469 27329 5056 22273 2852 2451 1628 9600 1033 217 71115 6060 36740 37140 32484 14580 9602 3239 2624 6626 595 494 401 17904 17132 11902
internal_count=184776 117455 46340 67321 64469 27329 5056 22273 2852 2451 1628 9600 1033 217 71115 6060 36740 37140 32484 14580 9602 3239 2624 6626 595 494 401 17904 17132 11902
cat_boundaries=0 1 2 3 4 5 6 7 8
cat_threshold=1 164 41 1 1 1 1 1
is_linear=0
shrinkage=0.05


Tree=88
num_leaves=31
num_cat=8
split_feature=1 14 9 3 2 2 14 9 5 2 1 2 9 1 9 15 15 3 2 1 9 2 0 5 17 9 2 1 3 0
split_gain=487.778 373.961 210.507 177.028 120.58 194.99 75.6479 70.0803 69.812 70.2838 78.529 55.749 55.0406 58.2393 53.5631 53.4349 51.5589 48.2487 68.0068 50.2565 62.6566 43.3585 43.2537 40.4815 37.6585 44.9228 35.3513 31.3766 31.071 30.1671
threshold=1.0000000180025095e-35 0.8000000000000026 0 2.6150000000000007 1.6650000000000003 0.93499999999999972 0.8000000000000026 1 0.59657369366100033 1.4150000000000003 2.5000000000000004 1.9150000000000003 2 10.500000000000002 3 1.0000000180025095e-35 0.75000000000000011 7.5950000000000006 2.0400000000000031 2.5000000000000004 4 1.5749999999999995 5 0.71782087188165289 0.95000000000000295 6 1.9950000000000012 11.500000000000002 8.7000000000000028 7
decision_type=2 2 9 2 2 2 2 9 2 2 2 2 9 2 9 2 2 2 2 2 9 2 1 2 2 9 2 2 2 1
left_child=1 14 16 8 5 6 -5 29 9 -2 24 -4 -12 -14 -1 -13 -3 -6 19 -19 23 -18 -8 -21 25 -11 -10 -22 -16 -7
right_child=3 2 11 4 17 7 22 -9 26 10 12 15 13 -15 28 -17 21 18 -20 20 27 -23 -24 -25 -26 -27 -28 -29 -30 -31
leaf_value=0 0 0 0 0 -1.2398131713423481e-06 -5.1679804517426351e-06 0 0 0 0.0013569476195472768 -4.4640728540309645e-07 0 0.00012645397411712291 -0.00015741470220894806 0 0.0008304142585581209 0 7.397373663055208e-05 -0.00019634958643740543 3.6576988507816844e-05 -0.0002853869244514505 0 0 -3.9565217123452902e-05 -0.00028090979908036441 -3.427893199891767e-05 6.0344167259061117e-05 0.023584710831443385 0 3.512327447411362e-07
leaf_weight=63515 823 33501 3540 2432 4656 3741 2285 18264 205 341 816 4989 123 94 4605 1071 813 4978 17904 5627 1858 2426 339 999 101 153 196 1118 2995 268
leaf_count=63515 823 33501 3540 2432 4656 3741 2285 18264 205 341 816 4989 123 94 4605 1071 813 4978 17904 5627 1858 2426 339 999 101 153 196 1118 2995 268
internal_value=0.00197915 0.00392406 0.00741908 -0.00141412 -0.000874839 -0.00339566 0.00546875 -0.00540789 -0.0136045 -0.0167687 -0.0227887 0.0140114 -0.0311229 -0.00726872 0.00164663 0.0111139 0.00569116 0.000980075 0.00166236 0.00419753 0.00631119 0.0117166 0.0113567 0.00901145 -0.00831933 -0.00263158 0.00573566 0.000267917 0.00561104 0.000584723
internal_weight=184776 117455 46340 67321 64469 27329 5056 22273 2852 2451 1628 9600 1033 217 71115 6060 36740 37140 32484 14580 9602 3239 2624 6626 595 494 401 2976 7600 4009
internal_count=184776 117455 46340 67321 64469 27329 5056 22273 2852 2451 1628 9600 1033 217 71115 6060 36740 37140 32484 14580 9602 3239 2624 6626 595 494 401 2976 7600 4009
cat_boundaries=0 1 2 3 4 5 6 7 8
cat_threshold=1 164 41 1 1 1 1 1
is_linear=0
shrinkage=0.05


Tree=89
num_leaves=31
num_cat=8
split_feature=1 14 9 3 2 2 14 9 5 2 1 2 9 1 9 15 15 3 2 1 9 2 0 5 17 9 2 3 0 7
split_gain=489.68 373.961 210.507 176.726 119.544 194.99 75.6479 70.0803 69.812 70.2838 78.529 55.749 55.0406 58.2393 53.5631 53.4349 51.5589 47.8674 66.5945 49.5705 65.5906 43.3585 43.2537 40.4815 37.6585 44.9228 35.3513 31.071 30.1671 29.4672
threshold=1.0000000180025095e-35 0.8000000000000026 0 2.6150000000000007 1.6650000000000003 0.93499999999999972 0.8000000000000026 1 0.59657369366100033 1.4150000000000003 2.5000000000000004 1.9150000000000003 2 10.500000000000002 3 1.0000000180025095e-35 0.75000000000000011 7.5950000000000006 2.0400000000000031 2.5000000000000004 4 1.5749999999999995 5 0.71782087188165289 0.95000000000000295 6 1.9950000000000012 8.7000000000000028 7 1.0000000180025095e-35
decision_type=2 2 9 2 2 2 2 9 2 2 2 2 9 2 9 2 2 2 2 2 9 2 1 2 2 9 2 2 1 2
left_child=1 14 16 8 5 6 -5 28 9 -2 24 -4 -12 -14 -1 -13 -3 -6 19 -19 23 -18 -8 29 25 -11 -10 -16 -7 -21
right_child=3 2 11 4 17 7 22 -9 26 10 12 15 13 -15 27 -17 21 18 -20 20 -22 -23 -24 -25 -26 -27 -28 -29 -30 -31
leaf_value=0 0 0 0 0 -1.1778225127752307e-06 -4.9095814291555032e-06 0 0 0 0.001289100238569913 -4.2408692113294159e-07 0 0.00012013127541126677 -0.00014954396709850068 0 0.00078889354563020935 0 7.027504979902447e-05 -0.00018653210711553348 3.4748139082426003e-05 2.0131141534915652e-06 0 0 -3.7586956267280261e-05 -0.00026686430912634677 -3.2564985398971786e-05 5.7326958896108065e-05 0 3.3367110750407941e-07 -0.04261650710535797
leaf_weight=63515 823 33501 3540 2432 4656 3741 2285 18264 205 341 816 4989 123 94 4605 1071 813 4978 17904 5173 2976 2426 339 999 101 153 196 2995 268 454
leaf_count=63515 823 33501 3540 2432 4656 3741 2285 18264 205 341 816 4989 123 94 4605 1071 813 4978 17904 5173 2976 2426 339 999 101 153 196 2995 268 454
internal_value=0.00197536 0.00392406 0.00741908 -0.00142452 -0.000885697 -0.00339566 0.00546875 -0.00540789 -0.0136045 -0.0167687 -0.0227887 0.0140114 -0.0311229 -0.00726872 0.00164663 0.0111139 0.00569116 0.000961228 0.00164081 0.00414952 0.0062487 0.0117166 0.0113567 0.00901145 -0.00831933 -0.00263158 0.00573566 0.00561104 0.000584723 0.0106718
internal_weight=184776 117455 46340 67321 64469 27329 5056 22273 2852 2451 1628 9600 1033 217 71115 6060 36740 37140 32484 14580 9602 3239 2624 6626 595 494 401 7600 4009 5627
internal_count=184776 117455 46340 67321 64469 27329 5056 22273 2852 2451 1628 9600 1033 217 71115 6060 36740 37140 32484 14580 9602 3239 2624 6626 595 494 401 7600 4009 5627
cat_boundaries=0 1 2 3 4 5 6 7 8
cat_threshold=1 164 41 1 1 1 1 1
is_linear=0
shrinkage=0.05


Tree=90
num_leaves=31
num_cat=8
split_feature=1 14 9 3 2 2 14 9 5 2 1 2 9 1 9 15 15 3 2 1 9 2 0 5 17 9 2 3 0 2
split_gain=488.593 373.961 210.507 176.899 119.787 194.829 75.6479 70.5605 69.812 70.2838 78.529 55.749 55.0406 58.2393 53.5631 53.4349 51.5589 48.0306 66.1051 49.5705 65.5906 43.3585 43.2537 40.4815 37.6585 44.9228 35.3513 31.071 30.0743 29.5272
threshold=1.0000000180025095e-35 0.8000000000000026 0 2.6150000000000007 1.6650000000000003 0.93499999999999972 0.8000000000000026 1 0.59657369366100033 1.4150000000000003 2.5000000000000004 1.9150000000000003 2 10.500000000000002 3 1.0000000180025095e-35 0.75000000000000011 7.5950000000000006 2.0400000000000031 2.5000000000000004 4 1.5749999999999995 5 0.71782087188165289 0.95000000000000295 6 1.9950000000000012 8.7000000000000028 7 3.0250000000000017
decision_type=2 2 9 2 2 2 2 9 2 2 2 2 9 2 9 2 2 2 2 2 9 2 1 2 2 9 2 2 1 2
left_child=1 14 16 8 5 6 -5 28 9 -2 24 -4 -12 -14 -1 -13 -3 -6 19 -19 23 -18 -8 -21 25 -11 -10 -16 -7 -20
right_child=3 2 11 4 17 7 22 -9 26 10 12 15 13 -15 27 -17 21 18 29 20 -22 -23 -24 -25 -26 -27 -28 -29 -30 -31
leaf_value=0 0 0 0 0 -1.1189313871364691e-06 -4.6641023576977281e-06 0 0 0 0.0012246452266414173 -4.0288257507629458e-07 0 0.00011412471164070344 -0.00014206676874357565 0 0.0007494488683487011 0 6.6761297309073241e-05 -0.0028989402075658534 3.3010732128304702e-05 1.9124584458169868e-06 0 0 -3.5707608453916248e-05 -0.00025352109367002832 -3.0936736129023199e-05 5.4460610951302661e-05 0 3.1698755212887542e-07 0.00033511936417938266
leaf_weight=63515 823 33501 3540 2432 4656 3741 2285 18264 205 341 816 4989 123 94 4605 1071 813 4978 8072 5627 2976 2426 339 999 101 153 196 2995 268 9832
leaf_count=63515 823 33501 3540 2432 4656 3741 2285 18264 205 341 816 4989 123 94 4605 1071 813 4978 8072 5627 2976 2426 339 999 101 153 196 2995 268 9832
internal_value=0.00197753 0.00392406 0.00741908 -0.00141858 -0.000879492 -0.003392 0.00546875 -0.0054034 -0.0136045 -0.0167687 -0.0227887 0.0140114 -0.0311229 -0.00726872 0.00164663 0.0111139 0.00569116 0.000969305 0.00165004 0.00414952 0.0062487 0.0117166 0.0113567 0.00901145 -0.00831933 -0.00263158 0.00573566 0.00561104 0.000609604 -0.000385389
internal_weight=184776 117455 46340 67321 64469 27329 5056 22273 2852 2451 1628 9600 1033 217 71115 6060 36740 37140 32484 14580 9602 3239 2624 6626 595 494 401 7600 4009 17904
internal_count=184776 117455 46340 67321 64469 27329 5056 22273 2852 2451 1628 9600 1033 217 71115 6060 36740 37140 32484 14580 9602 3239 2624 6626 595 494 401 7600 4009 17904
cat_boundaries=0 1 2 3 4 5 6 7 8
cat_threshold=1 164 41 1 1 1 1 1
is_linear=0
shrinkage=0.05


Tree=91
num_leaves=31
num_cat=8
split_feature=1 14 9 3 2 2 14 9 5 2 1 2 9 1 9 15 15 3 2 1 9 2 0 5 17 9 2 3 9 2
split_gain=488.321 373.961 210.507 176.942 119.934 194.829 75.6479 70.5605 69.812 70.2838 78.529 55.749 55.0406 58.2393 53.5631 53.4349 51.5589 48.0851 65.9424 49.5705 65.5906 43.3585 43.2537 40.4815 37.6585 44.9228 35.3513 31.071 30.491 74.2593
threshold=1.0000000180025095e-35 0.8000000000000026 0 2.6150000000000007 1.6650000000000003 0.93499999999999972 0.8000000000000026 1 0.59657369366100033 1.4150000000000003 2.5000000000000004 1.9150000000000003 2 10.500000000000002 3 1.0000000180025095e-35 0.75000000000000011 7.5950000000000006 2.0400000000000031 2.5000000000000004 4 1.5749999999999995 5 0.71782087188165289 0.95000000000000295 6 1.9950000000000012 8.7000000000000028 7 3.0250000000000017
decision_type=2 2 9 2 2 2 2 9 2 2 2 2 9 2 9 2 2 2 2 2 9 2 1 2 2 9 2 2 9 2
left_child=1 14 16 8 5 6 -5 -7 9 -2 24 -4 -12 -14 -1 -13 -3 -6 19 -19 23 -18 -8 -21 25 -11 -10 -16 29 -20
right_child=3 2 11 4 17 7 22 -9 26 10 12 15 13 -15 27 -17 21 18 28 20 -22 -23 -24 -25 -26 -27 -28 -29 -30 -31
leaf_value=0 0 0 0 0 -1.0629848177796457e-06 3.0113817452243166e-07 0 0 0 0.0011634129653093465 -3.8273844632247987e-07 0 0.00010841847605866827 -0.00013496343030639687 0 0.00071197642493127107 0 6.3423232443619575e-05 -0.0043777042178348496 3.1360195521889469e-05 1.8168355235261376e-06 0 0 -3.3922228031220437e-05 -0.00024084503898652576 -2.9389899322572039e-05 5.1737580403737525e-05 0 0.0004094720342824789 0.00042527136362296438
leaf_weight=63515 823 33501 3540 2432 4656 4009 2285 18264 205 341 816 4989 123 94 4605 1071 813 4978 5844 5627 2976 2426 339 999 101 153 196 2995 5020 7040
leaf_count=63515 823 33501 3540 2432 4656 4009 2285 18264 205 341 816 4989 123 94 4605 1071 813 4978 5844 5627 2976 2426 339 999 101 153 196 2995 5020 7040
internal_value=0.00197807 0.00392406 0.00741908 -0.00141709 -0.000877941 -0.003392 0.00546875 -0.0054034 -0.0136045 -0.0167687 -0.0227887 0.0140114 -0.0311229 -0.00726872 0.00164663 0.0111139 0.00569116 0.000971998 0.00165312 0.00414952 0.0062487 0.0117166 0.0113567 0.00901145 -0.00831933 -0.00263158 0.00573566 0.00561104 -0.000379803 -0.00166744
internal_weight=184776 117455 46340 67321 64469 27329 5056 22273 2852 2451 1628 9600 1033 217 71115 6060 36740 37140 32484 14580 9602 3239 2624 6626 595 494 401 7600 17904 12884
internal_count=184776 117455 46340 67321 64469 27329 5056 22273 2852 2451 1628 9600 1033 217 71115 6060 36740 37140 32484 14580 9602 3239 2624 6626 595 494 401 7600 17904 12884
cat_boundaries=0 1 2 3 4 5 6 7 8
cat_threshold=1 164 41 1 1 1 1 5
is_linear=0
shrinkage=0.05


Tree=92
num_leaves=31
num_cat=8
split_feature=1 14 9 3 2 2 14 9 5 2 1 2 9 1 9 15 15 3 2 1 9 2 0 5 17 9 2 3 9 2
split_gain=488.321 373.961 210.507 176.942 119.934 194.829 75.6479 70.5605 69.812 70.2838 78.529 55.749 55.0406 58.2393 53.5631 53.4349 51.5589 48.0851 65.9424 49.5705 65.5906 43.3585 43.2537 40.4815 37.6585 44.9228 35.3513 31.071 30.491 73.6506
threshold=1.0000000180025095e-35 0.8000000000000026 0 2.6150000000000007 1.6650000000000003 0.93499999999999972 0.8000000000000026 1 0.59657369366100033 1.4150000000000003 2.5000000000000004 1.9150000000000003 2 10.500000000000002 3 1.0000000180025095e-35 0.75000000000000011 7.5950000000000006 2.0400000000000031 2.5000000000000004 4 1.5749999999999995 5 0.71782087188165289 0.95000000000000295 6 1.9950000000000012 8.7000000000000028 7 3.0250000000000017
decision_type=2 2 9 2 2 2 2 9 2 2 2 2 9 2 9 2 2 2 2 2 9 2 1 2 2 9 2 2 9 2
left_child=1 14 16 8 5 6 -5 -7 9 -2 24 -4 -12 -14 -1 -13 -3 -6 19 -19 23 -18 -8 -21 25 -11 -10 -16 29 -20
right_child=3 2 11 4 17 7 22 -9 26 10 12 15 13 -15 27 -17 21 18 28 20 -22 -23 -24 -25 -26 -27 -28 -29 -30 -31
leaf_value=0 0 0 0 0 -1.0098355768906635e-06 2.8608126579631003e-07 0 0 0 0.0011052423170438792 -3.6360152400635589e-07 0 0.00010299755225573487 -0.00012821525879107702 0 0.00067637760368470805 0 6.0252070821438596e-05 -0.0041588190069431043 2.9792185745794991e-05 1.7259937473498309e-06 0 0 -3.2226116629659414e-05 -0.00022880278703719671 -2.7920404356443437e-05 4.9150701383550653e-05 0 0.00038899843256835499 0.00040400779544181312
leaf_weight=63515 823 33501 3540 2432 4656 4009 2285 18264 205 341 816 4989 123 94 4605 1071 813 4978 5844 5627 2976 2426 339 999 101 153 196 2995 5020 7040
leaf_count=63515 823 33501 3540 2432 4656 4009 2285 18264 205 341 816 4989 123 94 4605 1071 813 4978 5844 5627 2976 2426 339 999 101 153 196 2995 5020 7040
internal_value=0.00197807 0.00392406 0.00741908 -0.00141709 -0.000877941 -0.003392 0.00546875 -0.0054034 -0.0136045 -0.0167687 -0.0227887 0.0140114 -0.0311229 -0.00726872 0.00164663 0.0111139 0.00569116 0.000971998 0.00165312 0.00414952 0.0062487 0.0117166 0.0113567 0.00901145 -0.00831933 -0.00263158 0.00573566 0.00561104 -0.000379803 -0.00166744
internal_weight=184776 117455 46340 67321 64469 27329 5056 22273 2852 2451 1628 9600 1033 217 71115 6060 36740 37140 32484 14580 9602 3239 2624 6626 595 494 401 7600 17904 12884
internal_count=184776 117455 46340 67321 64469 27329 5056 22273 2852 2451 1628 9600 1033 217 71115 6060 36740 37140 32484 14580 9602 3239 2624 6626 595 494 401 7600 17904 12884
cat_boundaries=0 1 2 3 4 5 6 7 8
cat_threshold=1 164 41 1 1 1 1 5
is_linear=0
shrinkage=0.05


Tree=93
num_leaves=31
num_cat=8
split_feature=1 14 9 3 2 2 14 9 5 2 1 2 9 1 9 15 15 3 2 1 9 2 0 5 17 9 2 3 9 2
split_gain=488.321 373.961 210.507 176.942 119.934 194.829 75.6479 70.5605 69.812 70.2838 78.529 55.749 55.0406 58.2393 53.5631 53.4349 51.5589 48.0851 65.9424 49.5705 65.5906 43.3585 43.2537 40.4815 37.6585 44.9228 35.3513 31.071 30.491 73.0444
threshold=1.0000000180025095e-35 0.8000000000000026 0 2.6150000000000007 1.6650000000000003 0.93499999999999972 0.8000000000000026 1 0.59657369366100033 1.4150000000000003 2.5000000000000004 1.9150000000000003 2 10.500000000000002 3 1.0000000180025095e-35 0.75000000000000011 7.5950000000000006 2.0400000000000031 2.5000000000000004 4 1.5749999999999995 5 0.71782087188165289 0.95000000000000295 6 1.9950000000000012 8.7000000000000028 7 3.0250000000000017
decision_type=2 2 9 2 2 2 2 9 2 2 2 2 9 2 9 2 2 2 2 2 9 2 1 2 2 9 2 2 9 2
left_child=1 14 16 8 5 6 -5 -7 9 -2 24 -4 -12 -14 -1 -13 -3 -6 19 -19 23 -18 -8 -21 25 -11 -10 -16 29 -20
right_child=3 2 11 4 17 7 22 -9 26 10 12 15 13 -15 27 -17 21 18 28 20 -22 -23 -24 -25 -26 -27 -28 -29 -30 -31
leaf_value=0 0 0 0 0 -9.5934379804613018e-07 2.7177720250649455e-07 0 0 0 0.0010499802011916853 -3.4542144780603813e-07 0 9.7847674642948128e-05 -0.00012180449585152316 0 0.00064255872350047491 0 5.7239467280366668e-05 -0.0039508780565959472 2.830257645850524e-05 1.6396940599823391e-06 0 0 -3.0614810798176444e-05 -0.00021736264768533743 -2.6524384138621264e-05 4.6693166314373123e-05 0 0.0003695485109399372 0.00038380740566972276
leaf_weight=63515 823 33501 3540 2432 4656 4009 2285 18264 205 341 816 4989 123 94 4605 1071 813 4978 5844 5627 2976 2426 339 999 101 153 196 2995 5020 7040
leaf_count=63515 823 33501 3540 2432 4656 4009 2285 18264 205 341 816 4989 123 94 4605 1071 813 4978 5844 5627 2976 2426 339 999 101 153 196 2995 5020 7040
internal_value=0.00197807 0.00392406 0.00741908 -0.00141709 -0.000877941 -0.003392 0.00546875 -0.0054034 -0.0136045 -0.0167687 -0.0227887 0.0140114 -0.0311229 -0.00726872 0.00164663 0.0111139 0.00569116 0.000971998 0.00165312 0.00414952 0.0062487 0.0117166 0.0113567 0.00901145 -0.00831933 -0.00263158 0.00573566 0.00561104 -0.000379803 -0.00166744
internal_weight=184776 117455 46340 67321 64469 27329 5056 22273 2852 2451 1628 9600 1033 217 71115 6060 36740 37140 32484 14580 9602 3239 2624 6626 595 494 401 7600 17904 12884
internal_count=184776 117455 46340 67321 64469 27329 5056 22273 2852 2451 1628 9600 1033 217 71115 6060 36740 37140 32484 14580 9602 3239 2624 6626 595 494 401 7600 17904 12884
cat_boundaries=0 1 2 3 4 5 6 7 8
cat_threshold=1 164 41 1 1 1 1 5
is_linear=0
shrinkage=0.05


Tree=94
num_leaves=31
num_cat=8
split_feature=1 14 9 3 2 2 14 9 5 1 2 2 9 1 9 15 15 3 2 1 9 2 0 13 5 2 3 0 9 2
split_gain=487.235 373.961 210.507 164.12 118.606 194.829 75.6479 70.5605 66.5601 71.5015 86.7441 55.749 55.0406 58.2393 53.5631 53.4349 51.5589 47.5959 66.6835 50.2204 65.5906 43.3585 43.2537 40.7926 40.4815 35.3513 31.071 30.0743 29.7479 72.2235
threshold=1.0000000180025095e-35 0.8000000000000026 0 2.6150000000000007 1.6650000000000003 0.93499999999999972 0.8000000000000026 1 0.59657369366100033 2.5000000000000004 1.4150000000000003 1.9150000000000003 2 10.500000000000002 3 1.0000000180025095e-35 0.75000000000000011 7.5950000000000006 2.0400000000000031 2.5000000000000004 4 1.5749999999999995 5 -1.0000000180025095e-35 0.71782087188165289 1.9950000000000012 8.7000000000000028 6 7 3.0250000000000017
decision_type=2 2 9 2 2 2 2 9 2 2 2 2 9 2 9 2 2 2 2 2 9 2 1 2 2 2 2 1 9 2
left_child=1 14 16 8 5 6 -5 27 9 23 -11 -4 -12 -14 -1 -13 -3 -6 19 -19 24 -18 -8 -2 -21 -10 -16 -7 29 -20
right_child=3 2 11 4 17 7 22 -9 25 10 12 15 13 -15 26 -17 21 18 28 20 -22 -23 -24 -25 -26 -27 -28 -29 -30 -31
leaf_value=0 -0.00020649451530107001 0 0 0 -9.1137660814382379e-07 -4.4738470719541043e-06 0 0 0 0 -3.2815037541573623e-07 0 9.2955290910800718e-05 -0.000115714271058947 0 0.00061043078732545561 0 5.4377493916348337e-05 -0.003753334153766147 2.6887447635579976e-05 1.5577093569832223e-06 0 0 0 -2.9084070258267623e-05 4.4358507998654465e-05 0 2.5818834238116983e-07 0.00035107108539294039 0.00036461703538623883
leaf_weight=63515 99 33501 3540 2432 4656 3741 2285 18264 205 470 816 4989 123 94 4605 1071 813 4978 5844 5627 2976 2426 339 849 999 196 2995 268 5020 7040
leaf_count=63515 99 33501 3540 2432 4656 3741 2285 18264 205 470 816 4989 123 94 4605 1071 813 4978 5844 5627 2976 2426 339 849 999 196 2995 268 5020 7040
internal_value=0.00198024 0.00392406 0.00741908 -0.00141115 -0.000891902 -0.003392 0.00546875 -0.0054034 -0.0131487 -0.0162383 -0.0230206 0.0140114 -0.0311229 -0.00726872 0.00164663 0.0111139 0.00569116 0.000947765 0.00162542 0.0041358 0.0062487 0.0117166 0.0113567 -0.00548523 0.00901145 0.00573566 0.00561104 0.000609604 -0.000418901 -0.00169071
internal_weight=184776 117455 46340 67321 64469 27329 5056 22273 2852 2451 1503 9600 1033 217 71115 6060 36740 37140 32484 14580 9602 3239 2624 948 6626 401 7600 4009 17904 12884
internal_count=184776 117455 46340 67321 64469 27329 5056 22273 2852 2451 1503 9600 1033 217 71115 6060 36740 37140 32484 14580 9602 3239 2624 948 6626 401 7600 4009 17904 12884
cat_boundaries=0 1 2 3 4 5 6 7 8
cat_threshold=1 164 41 1 1 1 1 5
is_linear=0
shrinkage=0.05


Tree=95
num_leaves=31
num_cat=8
split_feature=1 14 9 3 2 2 14 9 5 1 2 2 9 1 9 15 15 3 2 1 9 2 0 13 5 2 3 3 0 9
split_gain=487.235 373.961 210.507 164.12 118.606 194.829 75.6479 70.5605 66.5601 71.5015 86.7441 55.749 55.0406 58.2393 53.5631 53.4349 51.5589 47.5959 65.5948 49.7146 64.9292 43.3585 43.2537 40.7926 40.0872 35.3513 31.071 31.0109 30.0743 29.4435
threshold=1.0000000180025095e-35 0.8000000000000026 0 2.6150000000000007 1.6650000000000003 0.93499999999999972 0.8000000000000026 1 0.59657369366100033 2.5000000000000004 1.4150000000000003 1.9150000000000003 2 10.500000000000002 3 1.0000000180025095e-35 0.75000000000000011 7.5950000000000006 2.0400000000000031 2.5000000000000004 4 1.5749999999999995 5 -1.0000000180025095e-35 0.71782087188165289 1.9950000000000012 8.7000000000000028 23.760000000000002 6 7
decision_type=2 2 9 2 2 2 2 9 2 2 2 2 9 2 9 2 2 2 2 2 9 2 1 2 2 2 2 2 1 9
left_child=1 14 16 8 5 6 -5 28 9 23 -11 -4 -12 -14 -1 -13 -3 -6 19 -19 24 -18 -8 -2 27 -10 -16 -21 -7 -20
right_child=3 2 11 4 17 7 22 -9 25 10 12 15 13 -15 26 -17 21 18 29 20 -22 -23 -24 -25 -26 -27 -28 -29 -30 -31
leaf_value=0 -0.00019616978953601594 0 0 0 -8.6580777773663256e-07 -4.2501547183563991e-06 0 0 0 0 -3.1174285664494941e-07 0 8.8307526365260684e-05 -0.00010992855750599967 0 0.00057990924795918723 0 5.1658619220530915e-05 -0.0011204331810512837 2.5543075253800979e-05 1.4798238891340611e-06 0 0 0 -2.7629866745354243e-05 4.2140582598721747e-05 0 4.3951400235394902e-05 2.4527892526211138e-07 0.00033351753112329332
leaf_weight=63515 99 33501 3540 2432 4656 3741 2285 18264 205 470 816 4989 123 94 4605 1071 813 4978 12884 4965 2976 2426 339 849 999 196 2995 662 268 5020
leaf_count=63515 99 33501 3540 2432 4656 3741 2285 18264 205 470 816 4989 123 94 4605 1071 813 4978 12884 4965 2976 2426 339 849 999 196 2995 662 268 5020
internal_value=0.00198024 0.00392406 0.00741908 -0.00141115 -0.000891902 -0.003392 0.00546875 -0.0054034 -0.0131487 -0.0162383 -0.0230206 0.0140114 -0.0311229 -0.00726872 0.00164663 0.0111139 0.00569116 0.000947765 0.00162542 0.00411523 0.00621745 0.0117166 0.0113567 -0.00548523 0.00896624 0.00573566 0.00561104 0.0106184 0.000609604 -0.000402145
internal_weight=184776 117455 46340 67321 64469 27329 5056 22273 2852 2451 1503 9600 1033 217 71115 6060 36740 37140 32484 14580 9602 3239 2624 948 6626 401 7600 5627 4009 17904
internal_count=184776 117455 46340 67321 64469 27329 5056 22273 2852 2451 1503 9600 1033 217 71115 6060 36740 37140 32484 14580 9602 3239 2624 948 6626 401 7600 5627 4009 17904
cat_boundaries=0 1 2 3 4 5 6 7 8
cat_threshold=1 164 41 1 1 1 1 5
is_linear=0
shrinkage=0.05


Tree=96
num_leaves=31
num_cat=7
split_feature=1 14 9 3 2 2 9 14 5 1 2 2 9 1 9 15 15 3 2 1 9 2 0 13 5 2 3 3 13 9
split_gain=480.476 373.961 210.507 165.16 116.738 192.263 78.466 75.6479 66.5601 71.5015 86.7441 55.749 55.0406 58.2393 53.5631 53.4349 51.5589 48.0851 64.1431 49.7146 64.9292 43.3585 43.2537 40.7926 40.0872 35.3513 31.071 31.0109 29.3538 28.8681
threshold=1.0000000180025095e-35 0.8000000000000026 0 2.6150000000000007 1.6650000000000003 0.93499999999999972 1 0.8000000000000026 0.59657369366100033 2.5000000000000004 1.4150000000000003 1.9150000000000003 2 10.500000000000002 3 1.0000000180025095e-35 0.75000000000000011 7.5950000000000006 2.0400000000000031 2.5000000000000004 4 1.5749999999999995 5 -1.0000000180025095e-35 0.71782087188165289 1.9950000000000012 8.7000000000000028 23.760000000000002 0.75000000000000011 6
decision_type=2 2 9 2 2 2 9 2 2 2 2 2 9 2 9 2 2 2 2 2 9 2 1 2 2 2 2 2 2 9
left_child=1 14 16 8 5 7 -7 -5 9 23 -11 -4 -12 -14 -1 -13 -3 -6 19 -19 24 -18 29 -2 27 -10 -16 -21 -17 -9
right_child=3 2 11 4 17 6 -8 22 25 10 12 15 13 -15 26 28 21 18 -20 20 -22 -23 -24 -25 -26 -27 -28 -29 -30 -31
leaf_value=0 -0.00018636130005921238 0 0 0 -8.2251738884980088e-07 2.330149789990058e-07 0 0 0 0 -2.9615571381270195e-07 0 8.3892150046997643e-05 -0.00010443212963069968 0 -0.048962150907798152 0 4.9075688259504368e-05 -0.00018990108864315737 2.4265921491110931e-05 1.405832694677358e-06 0 0 0 -2.6248373408086532e-05 4.0033553468785662e-05 0 4.1753830223625157e-05 0.05055091378556123 0.042646271765098387
leaf_weight=63515 99 33501 3540 2432 4656 4009 18264 1685 205 470 816 4989 123 94 4605 812 813 4978 17904 4965 2976 2426 339 849 999 196 2995 662 259 600
leaf_count=63515 99 33501 3540 2432 4656 4009 18264 1685 205 470 816 4989 123 94 4605 812 813 4978 17904 4965 2976 2426 339 849 999 196 2995 662 259 600
internal_value=0.00199377 0.00392406 0.00741908 -0.00137401 -0.000853123 -0.00333346 -0.00533157 0.00546875 -0.0131487 -0.0162383 -0.0230206 0.0140114 -0.0311229 -0.00726872 0.00164663 0.0111139 0.00569116 0.000971998 0.00165312 0.00411523 0.00621745 0.0117166 0.0113567 -0.00548523 0.00896624 0.00573566 0.00561104 0.0106184 0.000980392 0.0138293
internal_weight=184776 117455 46340 67321 64469 27329 22273 5056 2852 2451 1503 9600 1033 217 71115 6060 36740 37140 32484 14580 9602 3239 2624 948 6626 401 7600 5627 1071 2285
internal_count=184776 117455 46340 67321 64469 27329 22273 5056 2852 2451 1503 9600 1033 217 71115 6060 36740 37140 32484 14580 9602 3239 2624 948 6626 401 7600 5627 1071 2285
cat_boundaries=0 1 2 3 4 5 6 7
cat_threshold=1 164 41 1 1 1 71
is_linear=0
shrinkage=0.05


Tree=97
num_leaves=31
num_cat=6
split_feature=1 14 9 3 2 2 9 14 15 5 1 2 2 9 1 9 15 3 2 1 9 2 13 0 5 13 5 2 3 3
split_gain=477.884 363.963 191.949 164.702 120.326 181.845 78.466 68.7473 67.2408 66.5601 71.5015 86.7441 58.84 55.0406 58.2393 53.5631 51.5589 48.3033 63.5031 49.7146 64.9292 43.3585 40.7926 40.3374 40.0872 39.0274 35.8217 35.3513 31.071 31.0109
threshold=1.0000000180025095e-35 0.8000000000000026 0 2.6150000000000007 1.6650000000000003 0.93499999999999972 1 0.8000000000000026 1.0000000180025095e-35 0.59657369366100033 2.5000000000000004 1.4150000000000003 1.6099999999999999 2 10.500000000000002 3 0.75000000000000011 7.5950000000000006 2.0400000000000031 2.5000000000000004 4 1.5749999999999995 -1.0000000180025095e-35 5 0.71782087188165289 1.7500000000000002 -0.78260815685241403 1.9950000000000012 8.7000000000000028 23.760000000000002
decision_type=2 2 9 2 2 2 9 2 2 2 2 2 2 9 2 9 2 2 2 2 9 2 2 1 2 2 2 2 2 2
left_child=1 15 16 9 5 7 -7 -5 -4 10 22 -12 25 -13 -15 -1 -3 -6 19 -19 24 -18 -2 -9 29 26 -10 -11 -17 -21
right_child=3 2 8 4 17 6 -8 23 12 27 11 13 -14 14 -16 28 21 18 -20 20 -22 -23 -24 -25 -26 -27 -28 -29 -30 -31
leaf_value=0 -0.0001770432350562512 0 0 0 -7.8139151940731082e-07 2.213642300490555e-07 0 0 -0.0017458432402343753 0 0 -2.8134792812206683e-07 -0.0019766319037168413 7.9697542544647764e-05 -9.9210523149164689e-05 0 0 4.6621903846529149e-05 -0.00018040603421100033 2.3052625416555386e-05 1.33554105994349e-06 0 0 0 -2.4935954737682204e-05 0.14776722145312501 0.048254156759765632 3.8031875795346376e-05 0 3.9666138712443898e-05
leaf_weight=63515 99 33501 7848 2432 4656 4009 18264 2285 150 205 470 816 1084 123 94 4605 813 4978 17904 4965 2976 2426 849 339 999 224 294 196 2995 662
leaf_count=63515 99 33501 7848 2432 4656 4009 18264 2285 150 205 470 816 1084 123 94 4605 813 4978 17904 4965 2976 2426 849 339 999 224 294 196 2995 662
internal_value=0.00196833 0.00389341 0.00734139 -0.00139035 -0.000870186 -0.00338834 -0.00533157 0.00517207 0.0136368 -0.0131487 -0.0162383 -0.0230206 0.00479452 -0.0311229 -0.00726872 0.00164663 0.00569116 0.000982768 0.00166544 0.00411523 0.00621745 0.0117166 -0.00548523 0.0107851 0.00896624 0.0164671 0.00788288 0.00573566 0.00561104 0.0106184
internal_weight=184776 117455 46340 67321 64469 27329 22273 5056 9600 2852 2451 1503 1752 1033 217 71115 36740 37140 32484 14580 9602 3239 948 2624 6626 668 444 401 7600 5627
internal_count=184776 117455 46340 67321 64469 27329 22273 5056 9600 2852 2451 1503 1752 1033 217 71115 36740 37140 32484 14580 9602 3239 948 2624 6626 668 444 401 7600 5627
cat_boundaries=0 1 2 3 4 5 6
cat_threshold=1 164 41 1 1 1
is_linear=0
shrinkage=0.05


Tree=98
num_leaves=31
num_cat=6
split_feature=1 14 9 3 2 2 9 14 15 5 1 2 2 9 1 9 15 3 2 1 9 2 13 0 5 13 5 2 3 3
split_gain=477.884 363.963 191.949 164.702 120.326 181.845 78.466 68.7473 67.2408 66.5601 71.5015 86.7441 58.84 55.0406 58.2393 53.5631 51.5589 48.3033 63.5031 49.7146 64.9292 43.3585 40.7926 40.3374 40.0872 39.0274 35.8217 35.3513 31.071 31.0109
threshold=1.0000000180025095e-35 0.8000000000000026 0 2.6150000000000007 1.6650000000000003 0.93499999999999972 1 0.8000000000000026 1.0000000180025095e-35 0.59657369366100033 2.5000000000000004 1.4150000000000003 1.6099999999999999 2 10.500000000000002 3 0.75000000000000011 7.5950000000000006 2.0400000000000031 2.5000000000000004 4 1.5749999999999995 -1.0000000180025095e-35 5 0.71782087188165289 1.7500000000000002 -0.78260815685241403 1.9950000000000012 8.7000000000000028 23.760000000000002
decision_type=2 2 9 2 2 2 9 2 2 2 2 2 2 9 2 9 2 2 2 2 9 2 2 1 2 2 2 2 2 2
left_child=1 15 16 9 5 7 -7 -5 -4 10 22 -12 25 -13 -15 -1 -3 -6 19 -19 24 -18 -2 -9 29 26 -10 -11 -17 -21
right_child=3 2 8 4 17 6 -8 23 12 27 11 13 -14 14 -16 28 21 18 -20 20 -22 -23 -24 -25 -26 -27 -28 -29 -30 -31
leaf_value=0 -0.00016819107330343642 0 0 0 -7.4232194343694528e-07 2.1029601854660273e-07 0 0 -0.0016585510782226563 0 0 -2.6728053171596346e-07 -0.001877800308530997 7.5712665417415365e-05 -9.4249996991706449e-05 0 0 4.4290808654202693e-05 -0.00017138573250045087 2.1899994145727615e-05 1.2687640069463155e-06 0 0 0 -2.3689157000798094e-05 0.14037886038046876 0.045841448921777349 3.613028200557906e-05 0 3.7682831776821704e-05
leaf_weight=63515 99 33501 7848 2432 4656 4009 18264 2285 150 205 470 816 1084 123 94 4605 813 4978 17904 4965 2976 2426 849 339 999 224 294 196 2995 662
leaf_count=63515 99 33501 7848 2432 4656 4009 18264 2285 150 205 470 816 1084 123 94 4605 813 4978 17904 4965 2976 2426 849 339 999 224 294 196 2995 662
internal_value=0.00196833 0.00389341 0.00734139 -0.00139035 -0.000870186 -0.00338834 -0.00533157 0.00517207 0.0136368 -0.0131487 -0.0162383 -0.0230206 0.00479452 -0.0311229 -0.00726872 0.00164663 0.00569116 0.000982768 0.00166544 0.00411523 0.00621745 0.0117166 -0.00548523 0.0107851 0.00896624 0.0164671 0.00788288 0.00573566 0.00561104 0.0106184
internal_weight=184776 117455 46340 67321 64469 27329 22273 5056 9600 2852 2451 1503 1752 1033 217 71115 36740 37140 32484 14580 9602 3239 948 2624 6626 668 444 401 7600 5627
internal_count=184776 117455 46340 67321 64469 27329 22273 5056 9600 2852 2451 1503 1752 1033 217 71115 36740 37140 32484 14580 9602 3239 948 2624 6626 668 444 401 7600 5627
cat_boundaries=0 1 2 3 4 5 6
cat_threshold=1 164 41 1 1 1
is_linear=0
shrinkage=0.05


Tree=99
num_leaves=31
num_cat=6
split_feature=1 14 9 3 2 2 9 14 15 5 1 2 2 9 1 9 15 3 2 1 9 2 13 0 5 13 5 2 3 3
split_gain=477.615 363.963 191.949 164.744 120.474 181.845 78.466 68.7473 67.2408 66.5601 71.5015 86.7441 58.84 55.0406 58.2393 53.5631 51.5589 48.3579 63.3436 49.7146 64.9292 43.3585 40.7926 40.3374 40.0872 39.0274 35.8217 35.3513 31.071 31.0109
threshold=1.0000000180025095e-35 0.8000000000000026 0 2.6150000000000007 1.6650000000000003 0.93499999999999972 1 0.8000000000000026 1.0000000180025095e-35 0.59657369366100033 2.5000000000000004 1.4150000000000003 1.6099999999999999 2 10.500000000000002 3 0.75000000000000011 7.5950000000000006 2.0400000000000031 2.5000000000000004 4 1.5749999999999995 -1.0000000180025095e-35 5 0.71782087188165289 1.7500000000000002 -0.78260815685241403 1.9950000000000012 8.7000000000000028 23.760000000000002
decision_type=2 2 9 2 2 2 9 2 2 2 2 2 2 9 2 9 2 2 2 2 9 2 2 1 2 2 2 2 2 2
left_child=1 15 16 9 5 7 -7 -5 -4 10 22 -12 25 -13 -15 -1 -3 -6 19 -19 24 -18 -2 -9 29 26 -10 -11 -17 -21
right_child=3 2 8 4 17 6 -8 23 12 27 11 13 -14 14 -16 28 21 18 -20 20 -22 -23 -24 -25 -26 -27 -28 -29 -30 -31
leaf_value=0 -0.0001597815196382635 0 0 0 -7.0520584626509799e-07 1.9978121761927262e-07 0 0 -0.0015756235243115234 0 0 -2.5391650513016526e-07 -0.0017839102931044516 7.1927032146544599e-05 -8.9537497142121137e-05 0 0 4.2076268221492558e-05 -0.00016281644587542998 2.0804994438441233e-05 1.2053258065989996e-06 0 0 0 -2.2504699150758189e-05 0.13335991736144531 0.043549376475688475 3.4323767905300108e-05 0 3.5798690187980619e-05
leaf_weight=63515 99 33501 7848 2432 4656 4009 18264 2285 150 205 470 816 1084 123 94 4605 813 4978 17904 4965 2976 2426 849 339 999 224 294 196 2995 662
leaf_count=63515 99 33501 7848 2432 4656 4009 18264 2285 150 205 470 816 1084 123 94 4605 813 4978 17904 4965 2976 2426 849 339 999 224 294 196 2995 662
internal_value=0.00196887 0.00389341 0.00734139 -0.00138887 -0.000868635 -0.00338834 -0.00533157 0.00517207 0.0136368 -0.0131487 -0.0162383 -0.0230206 0.00479452 -0.0311229 -0.00726872 0.00164663 0.00569116 0.00098546 0.00166851 0.00411523 0.00621745 0.0117166 -0.00548523 0.0107851 0.00896624 0.0164671 0.00788288 0.00573566 0.00561104 0.0106184
internal_weight=184776 117455 46340 67321 64469 27329 22273 5056 9600 2852 2451 1503 1752 1033 217 71115 36740 37140 32484 14580 9602 3239 948 2624 6626 668 444 401 7600 5627
internal_count=184776 117455 46340 67321 64469 27329 22273 5056 9600 2852 2451 1503 1752 1033 217 71115 36740 37140 32484 14580 9602 3239 948 2624 6626 668 444 401 7600 5627
cat_boundaries=0 1 2 3 4 5 6
cat_threshold=1 164 41 1 1 1
is_linear=0
shrinkage=0.05


Tree=100
num_leaves=31
num_cat=6
split_feature=1 14 9 3 2 2 9 14 15 5 1 2 2 9 1 9 15 3 2 1 9 2 13 0 5 13 5 2 3 3
split_gain=476.81 363.963 191.949 164.869 120.919 181.845 78.466 68.7473 67.2408 66.5601 71.5015 86.7441 58.84 55.0406 58.2393 53.5631 51.5589 48.522 62.8663 49.7146 64.9292 43.3585 40.7926 40.3374 40.0872 39.0274 35.8217 35.3513 31.071 31.0109
threshold=1.0000000180025095e-35 0.8000000000000026 0 2.6150000000000007 1.6650000000000003 0.93499999999999972 1 0.8000000000000026 1.0000000180025095e-35 0.59657369366100033 2.5000000000000004 1.4150000000000003 1.6099999999999999 2 10.500000000000002 3 0.75000000000000011 7.5950000000000006 2.0400000000000031 2.5000000000000004 4 1.5749999999999995 -1.0000000180025095e-35 5 0.71782087188165289 1.7500000000000002 -0.78260815685241403 1.9950000000000012 8.7000000000000028 23.760000000000002
decision_type=2 2 9 2 2 2 9 2 2 2 2 2 2 9 2 9 2 2 2 2 9 2 2 1 2 2 2 2 2 2
left_child=1 15 16 9 5 7 -7 -5 -4 10 22 -12 25 -13 -15 -1 -3 -6 19 -19 24 -18 -2 -9 29 26 -10 -11 -17 -21
right_child=3 2 8 4 17 6 -8 23 12 27 11 13 -14 14 -16 28 21 18 -20 20 -22 -23 -24 -25 -26 -27 -28 -29 -30 -31
leaf_value=0 -0.00015179244365635114 0 0 0 -6.6994555395184311e-07 1.8979215673830898e-07 0 0 -0.0014968423480959472 0 0 -2.4122067987365701e-07 -0.0016947147784492245 6.8330680539217378e-05 -8.5060622285015078e-05 0 0 3.9972454810417927e-05 -0.0001546756235816571 1.9764744716519174e-05 1.1450595162690498e-06 0 0 0 -2.1379464193220279e-05 0.12669192149337305 0.041371907651904051 3.2607579510035101e-05 0 3.4008755678581583e-05
leaf_weight=63515 99 33501 7848 2432 4656 4009 18264 2285 150 205 470 816 1084 123 94 4605 813 4978 17904 4965 2976 2426 849 339 999 224 294 196 2995 662
leaf_count=63515 99 33501 7848 2432 4656 4009 18264 2285 150 205 470 816 1084 123 94 4605 813 4978 17904 4965 2976 2426 849 339 999 224 294 196 2995 662
internal_value=0.00197049 0.00389341 0.00734139 -0.00138441 -0.000863981 -0.00338834 -0.00533157 0.00517207 0.0136368 -0.0131487 -0.0162383 -0.0230206 0.00479452 -0.0311229 -0.00726872 0.00164663 0.00569116 0.000993538 0.00167775 0.00411523 0.00621745 0.0117166 -0.00548523 0.0107851 0.00896624 0.0164671 0.00788288 0.00573566 0.00561104 0.0106184
internal_weight=184776 117455 46340 67321 64469 27329 22273 5056 9600 2852 2451 1503 1752 1033 217 71115 36740 37140 32484 14580 9602 3239 948 2624 6626 668 444 401 7600 5627
internal_count=184776 117455 46340 67321 64469 27329 22273 5056 9600 2852 2451 1503 1752 1033 217 71115 36740 37140 32484 14580 9602 3239 948 2624 6626 668 444 401 7600 5627
cat_boundaries=0 1 2 3 4 5 6
cat_threshold=1 164 41 1 1 1
is_linear=0
shrinkage=0.05


Tree=101
num_leaves=31
num_cat=6
split_feature=1 14 9 3 2 2 9 14 15 5 1 2 2 9 1 9 15 3 2 1 9 2 13 0 5 13 5 2 3 3
split_gain=475.737 363.963 191.949 165.035 121.514 181.845 78.466 68.7473 67.2408 66.5601 71.5015 86.7441 58.84 55.0406 58.2393 53.5631 51.5589 48.7412 62.2328 49.7146 64.9292 43.3585 40.7926 40.3374 40.0872 39.0274 35.8217 35.3513 31.071 31.0109
threshold=1.0000000180025095e-35 0.8000000000000026 0 2.6150000000000007 1.6650000000000003 0.93499999999999972 1 0.8000000000000026 1.0000000180025095e-35 0.59657369366100033 2.5000000000000004 1.4150000000000003 1.6099999999999999 2 10.500000000000002 3 0.75000000000000011 7.5950000000000006 2.0400000000000031 2.5000000000000004 4 1.5749999999999995 -1.0000000180025095e-35 5 0.71782087188165289 1.7500000000000002 -0.78260815685241403 1.9950000000000012 8.7000000000000028 23.760000000000002
decision_type=2 2 9 2 2 2 9 2 2 2 2 2 2 9 2 9 2 2 2 2 9 2 2 1 2 2 2 2 2 2
left_child=1 15 16 9 5 7 -7 -5 -4 10 22 -12 25 -13 -15 -1 -3 -6 19 -19 24 -18 -2 -9 29 26 -10 -11 -17 -21
right_child=3 2 8 4 17 6 -8 23 12 27 11 13 -14 14 -16 28 21 18 -20 20 -22 -23 -24 -25 -26 -27 -28 -29 -30 -31
leaf_value=0 -0.00014420282147353247 0 0 0 -6.3644827625425097e-07 1.8030254890139353e-07 0 0 -0.0014220002306911499 0 0 -2.2915964587997414e-07 -0.0016099790395267544 6.4914146512256505e-05 -8.080759117076432e-05 0 0 3.797383206989703e-05 -0.00014694184240257591 1.8776507480693215e-05 1.0878065404555972e-06 0 0 0 -2.0310490983559267e-05 0.12035732541870439 0.039303312269308853 3.0977200534533347e-05 0 3.2308317894652506e-05
leaf_weight=63515 99 33501 7848 2432 4656 4009 18264 2285 150 205 470 816 1084 123 94 4605 813 4978 17904 4965 2976 2426 849 339 999 224 294 196 2995 662
leaf_count=63515 99 33501 7848 2432 4656 4009 18264 2285 150 205 470 816 1084 123 94 4605 813 4978 17904 4965 2976 2426 849 339 999 224 294 196 2995 662
internal_value=0.00197266 0.00389341 0.00734139 -0.00137847 -0.000857777 -0.00338834 -0.00533157 0.00517207 0.0136368 -0.0131487 -0.0162383 -0.0230206 0.00479452 -0.0311229 -0.00726872 0.00164663 0.00569116 0.00100431 0.00169006 0.00411523 0.00621745 0.0117166 -0.00548523 0.0107851 0.00896624 0.0164671 0.00788288 0.00573566 0.00561104 0.0106184
internal_weight=184776 117455 46340 67321 64469 27329 22273 5056 9600 2852 2451 1503 1752 1033 217 71115 36740 37140 32484 14580 9602 3239 948 2624 6626 668 444 401 7600 5627
internal_count=184776 117455 46340 67321 64469 27329 22273 5056 9600 2852 2451 1503 1752 1033 217 71115 36740 37140 32484 14580 9602 3239 948 2624 6626 668 444 401 7600 5627
cat_boundaries=0 1 2 3 4 5 6
cat_threshold=1 164 41 1 1 1
is_linear=0
shrinkage=0.05


Tree=102
num_leaves=31
num_cat=6
split_feature=1 14 9 3 2 2 14 9 15 5 1 2 2 9 1 9 15 3 2 1 9 2 13 0 5 13 5 2 3 3
split_gain=481.653 363.963 191.949 164.12 125.294 184.968 68.7473 68.6494 67.2408 66.5601 71.5015 86.7441 58.84 55.0406 58.2393 53.5631 51.5589 48.6315 61.8453 49.3788 64.4901 43.3585 40.7926 40.3374 39.8255 39.0274 35.8217 35.3513 32.6586 31.071
threshold=1.0000000180025095e-35 0.8000000000000026 0 2.6150000000000007 1.6650000000000003 0.93499999999999972 0.8000000000000026 1 1.0000000180025095e-35 0.59657369366100033 2.5000000000000004 1.4150000000000003 1.6099999999999999 2 10.500000000000002 3 0.75000000000000011 7.5950000000000006 2.0400000000000031 2.5000000000000004 4 1.5749999999999995 -1.0000000180025095e-35 5 0.71782087188165289 1.7500000000000002 -0.78260815685241403 1.9950000000000012 23.760000000000002 8.7000000000000028
decision_type=2 2 9 2 2 2 2 9 2 2 2 2 2 9 2 9 2 2 2 2 9 2 2 1 2 2 2 2 2 2
left_child=1 15 16 9 5 6 -5 -7 -4 10 22 -12 25 -13 -15 -1 -3 -6 19 -19 24 -18 -2 -8 28 26 -10 -11 -21 -17
right_child=3 2 8 4 17 7 23 -9 12 27 11 13 -14 14 -16 29 21 18 -20 20 -22 -23 -24 -25 -26 -27 -28 -29 -30 -31
leaf_value=0 -0.00013699268039985558 0 0 0 -6.0462586244153848e-07 1.7128742145632387e-07 0 0 -0.0013509002191565925 0 0 -2.1770166358597543e-07 -0.0015294800875504057 6.1668439186643683e-05 -7.6767211612226106e-05 0 0 3.6075140466402178e-05 -0.00013959475028244573 1.7837682106658552e-05 1.0334162134328175e-06 0 0 0 -1.9294966434381302e-05 0.11433945914776918 0.03733814665584341 2.9428340507806681e-05 3.0692901999919882e-05 0
leaf_weight=63515 99 33501 7848 2432 4656 4009 2285 18264 150 205 470 816 1084 123 94 4605 813 4978 17904 4965 2976 2426 849 339 999 224 294 196 662 2995
leaf_count=63515 99 33501 7848 2432 4656 4009 2285 18264 150 205 470 816 1084 123 94 4605 813 4978 17904 4965 2976 2426 849 339 999 224 294 196 662 2995
internal_value=0.00196075 0.00389341 0.00734139 -0.00141115 -0.000891902 -0.00346152 0.00517207 -0.00542136 0.0136368 -0.0131487 -0.0162383 -0.0230206 0.00479452 -0.0311229 -0.00726872 0.00164663 0.00569116 0.000998923 0.00168391 0.00410151 0.00619663 0.0117166 -0.00548523 0.0107851 0.00893611 0.0164671 0.00788288 0.00573566 0.0105829 0.00561104
internal_weight=184776 117455 46340 67321 64469 27329 5056 22273 9600 2852 2451 1503 1752 1033 217 71115 36740 37140 32484 14580 9602 3239 948 2624 6626 668 444 401 5627 7600
internal_count=184776 117455 46340 67321 64469 27329 5056 22273 9600 2852 2451 1503 1752 1033 217 71115 36740 37140 32484 14580 9602 3239 948 2624 6626 668 444 401 5627 7600
cat_boundaries=0 1 2 3 4 5 6
cat_threshold=1 164 41 1 1 1
is_linear=0
shrinkage=0.05


Tree=103
num_leaves=31
num_cat=6
split_feature=1 14 9 3 2 2 14 9 15 5 1 2 2 9 1 9 15 3 2 2 13 0 13 1 9 5 2 3 2 4
split_gain=508.452 363.963 191.949 160.074 110.909 184.968 68.7473 68.6494 67.2408 66.5601 71.5015 86.7441 58.84 55.0406 58.2393 53.5631 51.5589 43.4095 44.3756 43.3585 40.7926 40.3374 39.0274 36.3506 44.061 35.8217 35.3513 31.071 29.9681 29.4341
threshold=1.0000000180025095e-35 0.8000000000000026 0 2.6150000000000007 1.6650000000000003 0.93499999999999972 0.8000000000000026 1 1.0000000180025095e-35 0.59657369366100033 2.5000000000000004 1.4150000000000003 1.6099999999999999 2 10.500000000000002 3 0.75000000000000011 7.5950000000000006 2.1650000000000005 1.5749999999999995 -1.0000000180025095e-35 4 1.7500000000000002 2.5000000000000004 5 -0.78260815685241403 1.9950000000000012 8.7000000000000028 1.9150000000000003 -0.7238691665360214
decision_type=2 2 9 2 2 2 2 9 2 2 2 2 2 9 2 9 2 2 2 2 2 1 2 2 9 2 2 2 2 2
left_child=1 15 16 9 5 6 -5 -7 28 10 20 -12 22 -13 -15 -1 -3 -6 23 -18 -2 -8 25 -19 29 -10 -11 -17 -4 -25
right_child=3 2 8 4 17 7 21 -9 12 26 11 13 -14 14 -16 27 19 18 -20 -21 -22 -23 -24 24 -26 -27 -28 -29 -30 -31
leaf_value=0 -0.00013014304637986031 0 0 0 -5.7439456931946149e-07 1.6272305038350768e-07 0 0 -0.0012833552081987628 0 0 -2.0681658040667667e-07 -0.0014530060831728919 5.8585017227311505e-05 -7.2928851031614798e-05 0 0 -2.9762605678473583e-05 -0.00013261501276832233 0 0 0 0.10862248619038072 0.00025932925666363125 -3.0280623186943515e-05 0.03547123932305124 2.7956923482416346e-05 0 0 1.2159304636300706e-05
leaf_weight=63515 99 33501 2859 2432 4656 4009 2285 18264 150 205 470 816 1084 123 94 4605 813 5028 17751 2426 849 339 224 2646 2585 294 196 2995 4989 4474
leaf_count=63515 99 33501 2859 2432 4656 4009 2285 18264 150 205 470 816 1084 123 94 4605 813 5028 17751 2426 849 339 224 2646 2585 294 196 2995 4989 4474
internal_value=0.00190772 0.00389341 0.00734139 -0.00155672 -0.00104391 -0.00346152 0.00517207 -0.00542136 0.0136368 -0.0131487 -0.0162383 -0.0230206 0.00479452 -0.0311229 -0.00726872 0.00164663 0.00569116 0.000735057 0.00138222 0.0117166 -0.00548523 0.0107851 0.0164671 0.00341071 0.00519835 0.00788288 0.00573566 0.00561104 0.0156282 0.007223
internal_weight=184776 117455 46340 67321 64469 27329 5056 22273 9600 2852 2451 1503 1752 1033 217 71115 36740 37140 32484 3239 948 2624 668 14733 9705 444 401 7600 7848 7120
internal_count=184776 117455 46340 67321 64469 27329 5056 22273 9600 2852 2451 1503 1752 1033 217 71115 36740 37140 32484 3239 948 2624 668 14733 9705 444 401 7600 7848 7120
cat_boundaries=0 1 2 3 4 5 6
cat_threshold=1 164 41 1 1 9
is_linear=0
shrinkage=0.05


Tree=104
num_leaves=31
num_cat=6
split_feature=1 14 9 3 2 2 14 9 15 5 1 2 2 9 1 9 15 4 5 2 13 0 13 5 2 13 3 10 2 9
split_gain=565.978 363.963 191.949 151.895 93.556 175.435 68.7473 68.6494 67.2408 66.5601 71.5015 86.7441 58.84 55.0406 58.2393 53.5631 51.5589 46.0191 74.8449 43.3585 40.7926 40.3374 39.0274 35.8217 35.3513 31.7582 31.071 30.0412 29.9681 28.8184
threshold=1.0000000180025095e-35 0.8000000000000026 0 2.6150000000000007 0.93499999999999972 1.6650000000000003 0.8000000000000026 1 1.0000000180025095e-35 0.59657369366100033 2.5000000000000004 1.4150000000000003 1.6099999999999999 2 10.500000000000002 3 0.75000000000000011 -0.082808207512204343 0.62080429297372675 1.5749999999999995 -1.0000000180025095e-35 4 1.7500000000000002 -0.78260815685241403 1.9950000000000012 2.5000000000000004 8.7000000000000028 7.5000000000000009 1.9150000000000003 5
decision_type=2 2 9 2 2 2 2 9 2 2 2 2 2 9 2 9 2 2 2 2 2 1 2 2 2 2 2 2 2 9
left_child=1 15 16 9 6 7 -5 -6 28 10 20 -12 22 -13 -15 -1 -3 25 29 -18 -2 -8 23 -10 -11 -7 -17 -20 -4 -19
right_child=3 2 8 4 5 17 21 -9 12 24 11 13 -14 14 -16 26 19 18 27 -21 -22 -23 -24 -25 -26 -27 -28 -29 -30 -31
leaf_value=0 -0.00012363589406086951 0 0 0 1.545868978643323e-07 -8.7686409074732446e-06 0 0 -0.0012191874477888245 0 0 -1.9647575138634283e-07 -0.0013803557790142531 5.5655766365945932e-05 -6.9282408480034064e-05 0 0 3.5898566938932827e-06 0.0051587193426649702 0 0 0 0.1031913618808617 0.03369767735689868 2.6559077308295525e-05 0.22740123280693367 0 -0.0057441705606545192 0 0.0015715810091670732
leaf_weight=63515 99 33501 2859 2432 4009 23289 2285 18264 150 205 470 816 1084 123 94 4605 813 10408 891 2426 849 339 224 294 196 89 2995 228 4989 2235
leaf_count=63515 99 33501 2859 2432 4009 23289 2285 18264 150 205 470 816 1084 123 94 4605 813 10408 891 2426 849 339 224 294 196 89 2995 228 4989 2235
internal_value=0.00179839 0.00389341 0.00734139 -0.00185678 -0.00135724 -0.00191288 0.00517207 -0.00542136 0.0136368 -0.0131487 -0.0162383 -0.0230206 0.00479452 -0.0311229 -0.00726872 0.00164663 0.00569116 0.000191169 0.0024851 0.0117166 -0.00548523 0.0107851 0.0164671 0.00788288 0.00573566 -0.00115921 0.00561104 0.0148794 0.0156282 0.00138812
internal_weight=184776 117455 46340 67321 64469 59413 5056 22273 9600 2852 2451 1503 1752 1033 217 71115 36740 37140 13762 3239 948 2624 668 444 401 23378 7600 1119 7848 12643
internal_count=184776 117455 46340 67321 64469 59413 5056 22273 9600 2852 2451 1503 1752 1033 217 71115 36740 37140 13762 3239 948 2624 668 444 401 23378 7600 1119 7848 12643
cat_boundaries=0 1 2 3 4 5 6
cat_threshold=1 164 41 1 1 129
is_linear=0
shrinkage=0.05


Tree=105
num_leaves=31
num_cat=6
split_feature=1 14 9 3 2 2 15 14 9 5 1 2 9 1 9 15 2 13 0 4 5 2 3 2 2 5 2 1 2 9
split_gain=574.177 354.372 174.726 149.983 95.7018 167.449 94.3254 68.7473 68.6494 66.5601 71.5015 86.7441 55.0406 58.2393 53.5631 51.5589 43.3585 40.7926 40.3374 40.0308 43.2901 35.3513 31.071 30.8108 29.9681 29.0793 28.4439 172.024 26.7207 26.2417
threshold=1.0000000180025095e-35 0.8000000000000026 0 2.6150000000000007 0.93499999999999972 1.6650000000000003 1.0000000180025095e-35 0.8000000000000026 1 0.59657369366100033 2.5000000000000004 1.4150000000000003 2 10.500000000000002 3 0.75000000000000011 1.5749999999999995 -1.0000000180025095e-35 4 0.4007478793919918 0.64778601398657376 1.9950000000000012 8.7000000000000028 1.6650000000000003 1.9150000000000003 -0.78260815685241403 12.750000000000004 3.5000000000000004 0.99500000000000111 5
decision_type=2 2 9 2 2 2 2 2 9 2 2 2 9 2 9 2 2 2 1 2 2 2 2 2 2 2 2 2 2 9
left_child=1 14 15 9 7 8 24 -5 -6 10 17 -12 -13 -14 -1 28 -17 -2 -9 26 29 -11 -16 25 -4 -8 -7 -28 -3 -21
right_child=3 2 6 4 5 19 23 18 -10 21 11 12 13 -15 22 16 -18 -19 -20 20 -22 -23 -24 -25 -26 -27 27 -29 -30 -31
leaf_value=0 -0.0001174540993578277 0 0 0 1.4685755297111567e-07 -3.2577559173574382e-07 -0.0011582280753993834 0 0 0 0 -1.8665196381702571e-07 5.2872978047648632e-05 -6.5818288056032355e-05 0 0 0 0 0 3.4103638591986185e-06 0.018413685982257132 2.5231123442880751e-05 0 -0.0013113379900635326 0 0.048031793786818613 0.012132712615961839 -0.18017359932037375 0 0.0053514023080605995
leaf_weight=63515 99 3775 2859 2432 4009 27285 231 2285 18264 205 470 816 123 94 4605 813 2426 849 339 7366 395 196 2995 1075 4989 446 237 406 29726 1451
leaf_count=63515 99 3775 2859 2432 4009 27285 231 2285 18264 205 470 816 123 94 4605 813 2426 849 339 7366 395 196 2995 1075 4989 446 237 406 29726 1451
internal_value=0.00175347 0.00386361 0.00726586 -0.00192808 -0.0014317 -0.00199367 0.0132726 0.00517207 -0.00542136 -0.0131487 -0.0162383 -0.0230206 -0.0311229 -0.00726872 0.00164663 0.00569116 0.0117166 -0.00548523 0.0107851 6.19278e-05 0.0029201 0.00573566 0.00561104 0.0027968 0.0156282 0.0111521 -0.000880836 -0.0112753 0.0051103 0.00219462
internal_weight=184776 117455 46340 67321 64469 59413 9600 5056 22273 2852 2451 1503 1033 217 71115 36740 3239 948 2624 37140 9212 401 7600 1752 7848 677 27928 643 33501 8817
internal_count=184776 117455 46340 67321 64469 59413 9600 5056 22273 2852 2451 1503 1033 217 71115 36740 3239 948 2624 37140 9212 401 7600 1752 7848 677 27928 643 33501 8817
cat_boundaries=0 1 2 3 4 5 6
cat_threshold=1 164 41 1 1 129
is_linear=0
shrinkage=0.05


Tree=106
num_leaves=31
num_cat=5
split_feature=1 14 9 3 2 2 15 14 9 5 1 2 9 1 9 15 2 13 0 3 2 4 3 2 2 5 2 2 1 14
split_gain=592.284 354.372 174.726 147.57 98.4639 157.568 94.3254 68.7473 68.6494 66.5601 71.5015 86.7441 55.0406 58.2393 53.5631 51.5589 43.3585 40.7926 40.3374 38.9902 35.3513 34.6903 31.071 30.8108 29.9681 29.0793 26.7207 25.2435 40.4643 83.2475
threshold=1.0000000180025095e-35 0.8000000000000026 0 2.6150000000000007 0.93499999999999972 1.6650000000000003 1.0000000180025095e-35 0.8000000000000026 1 0.59657369366100033 2.5000000000000004 1.4150000000000003 2 10.500000000000002 3 0.75000000000000011 1.5749999999999995 -1.0000000180025095e-35 4 7.5950000000000006 1.9950000000000012 -0.12403415627048829 8.7000000000000028 1.6650000000000003 1.9150000000000003 -0.78260815685241403 0.99500000000000111 2.0749999999999997 2.5000000000000004 0.45000000000001711
decision_type=2 2 9 2 2 2 2 2 9 2 2 2 9 2 9 2 2 2 1 2 2 2 2 2 2 2 2 2 2 2
left_child=1 14 15 9 7 8 24 -5 -6 10 17 -12 -13 -14 -1 26 -17 -2 -9 27 -11 -21 -16 25 -4 -8 -3 28 -7 -30
right_child=3 2 6 4 5 19 23 18 -10 20 11 12 13 -15 22 16 -18 -19 -20 21 -22 -23 -24 -25 -26 -27 -28 -29 29 -31
leaf_value=0 -0.00011158139438993686 0 0 0 1.3951467532255989e-07 1.7557151253981038e-05 -0.0011003166716294142 0 0 0 0 -1.7731936562617443e-07 5.0229329145266208e-05 -6.2527373653230731e-05 0 0 0 0 0 -8.3139200825127962e-06 2.3969567270736712e-05 0.00016521685517128793 0 -0.001245771090560366 0 0.045630204097477693 0 0.00069859247663777129 -9.0954015893039022e-08 -0.00019033754713179059
leaf_weight=63515 99 3775 2859 2432 4009 1193 231 2285 18264 205 470 816 123 94 4605 813 2426 849 339 20163 196 12321 2995 1075 4989 446 29726 1258 1625 580
leaf_count=63515 99 3775 2859 2432 4009 1193 231 2285 18264 205 470 816 123 94 4605 813 2426 849 339 20163 196 12321 2995 1075 4989 446 29726 1258 1625 580
internal_value=0.00172046 0.00386361 0.00726586 -0.00201869 -0.00152631 -0.00209634 0.0132726 0.00517207 -0.00542136 -0.0131487 -0.0162383 -0.0230206 -0.0311229 -0.00726872 0.00164663 0.00569116 0.0117166 -0.00548523 0.0107851 -0.000102316 0.00573566 0.000511021 0.00561104 0.0027968 0.0156282 0.0111521 0.0051103 -0.00438144 -0.00662154 -0.0106349
internal_weight=184776 117455 46340 67321 64469 59413 9600 5056 22273 2852 2451 1503 1033 217 71115 36740 3239 948 2624 37140 401 32484 7600 1752 7848 677 33501 4656 3398 2205
internal_count=184776 117455 46340 67321 64469 59413 9600 5056 22273 2852 2451 1503 1033 217 71115 36740 3239 948 2624 37140 401 32484 7600 1752 7848 677 33501 4656 3398 2205
cat_boundaries=0 1 2 3 4 5
cat_threshold=1 164 41 1 1
is_linear=0
shrinkage=0.05


Tree=107
num_leaves=31
num_cat=6
split_feature=1 14 9 3 2 2 15 14 9 5 1 2 9 1 9 15 2 13 0 2 13 3 2 12 14 4 2 1 2 9
split_gain=628.107 354.372 174.726 142.959 103.918 139.306 94.3254 68.7473 68.6494 66.5601 71.5015 86.7441 55.0406 58.2393 53.5631 51.5589 43.3585 40.7926 40.3374 35.3513 32.6908 31.071 30.8108 30.1822 43.1 35.6798 32.0911 170.737 56.3033 46.5778
threshold=1.0000000180025095e-35 0.8000000000000026 0 2.6150000000000007 0.93499999999999972 1.6650000000000003 1.0000000180025095e-35 0.8000000000000026 1 0.59657369366100033 2.5000000000000004 1.4150000000000003 2 10.500000000000002 3 0.75000000000000011 1.5749999999999995 -1.0000000180025095e-35 4 1.9950000000000012 0.75000000000000011 8.7000000000000028 1.6650000000000003 1.0000000180025095e-35 2.6000000000000161 -0.99930993162990922 7.1850000000000014 3.5000000000000004 3.4850000000000017 5
decision_type=2 2 9 2 2 2 2 2 9 2 2 2 9 2 9 2 2 2 1 2 2 2 2 2 2 2 2 2 2 9
left_child=1 14 15 9 7 8 -4 -5 -6 10 17 -12 -13 -14 -1 -3 -17 -2 -9 -11 23 -16 -8 24 25 -7 28 -28 29 -27
right_child=3 2 6 4 5 20 22 18 -10 19 11 12 13 -15 21 16 -18 -19 -20 -21 -22 -23 -24 -25 -26 26 27 -29 -30 -31
leaf_value=0 -0.00010600232467044002 0 0 0 1.325389415564319e-07 0.00069580826503382368 0.043348693892603811 0 0 0 0 -1.684533973448657e-07 4.7717862688002893e-05 -5.94010049705692e-05 0 0 0 0 0 2.2771088907199876e-05 0.052011196639986969 0 -0.0011834825360323544 5.195806600895471e-05 0.0020149988496528915 -0.00013964204149718342 0.0073151139564864966 -0.14479935183977041 0.00092468191724527919 0.00038162889790946668
leaf_weight=63515 99 33501 7848 2432 4009 290 677 2285 18264 205 470 816 123 94 4605 813 2426 849 339 196 319 2995 1075 19540 1651 10847 269 471 2340 1413
leaf_count=63515 99 33501 7848 2432 4009 290 677 2285 18264 205 470 816 123 94 4605 813 2426 849 339 196 319 2995 1075 19540 1651 10847 269 471 2340 1413
internal_value=0.0016566 0.00386361 0.00726586 -0.00219397 -0.00170935 -0.00229495 0.0132726 0.00517207 -0.00542136 -0.0131487 -0.0162383 -0.0230206 -0.0311229 -0.00726872 0.00164663 0.00569116 0.0117166 -0.00548523 0.0107851 0.00573566 -0.000420032 0.00561104 0.0027968 -0.000558105 -0.00208032 -0.00289187 -0.00322034 -0.0133784 -0.00270548 -0.00406199
internal_weight=184776 117455 46340 67321 64469 59413 9600 5056 22273 2852 2451 1503 1033 217 71115 36740 3239 948 2624 401 37140 7600 1752 36821 17281 15630 15340 740 14600 12260
internal_count=184776 117455 46340 67321 64469 59413 9600 5056 22273 2852 2451 1503 1033 217 71115 36740 3239 948 2624 401 37140 7600 1752 36821 17281 15630 15340 740 14600 12260
cat_boundaries=0 1 2 3 4 5 6
cat_threshold=1 164 41 1 1 135
is_linear=0
shrinkage=0.05


Tree=108
num_leaves=31
num_cat=5
split_feature=1 14 9 3 2 2 15 14 9 5 1 2 9 1 9 15 2 13 0 2 3 2 2 5 2 4 3 10 14 8
split_gain=531.982 354.372 174.726 155.836 96.6016 184.968 94.3254 68.7473 68.6494 66.5601 71.5015 86.7441 55.0406 58.2393 53.5631 51.5589 43.3585 40.7926 40.3374 35.3513 31.071 30.8108 29.9681 29.0793 26.7207 24.9951 29.5569 32.2174 42.5605 56.9486
threshold=1.0000000180025095e-35 0.8000000000000026 0 2.6150000000000007 1.6650000000000003 0.93499999999999972 1.0000000180025095e-35 0.8000000000000026 1 0.59657369366100033 2.5000000000000004 1.4150000000000003 2 10.500000000000002 3 0.75000000000000011 1.5749999999999995 -1.0000000180025095e-35 4 1.9950000000000012 8.7000000000000028 1.6650000000000003 1.9150000000000003 -0.78260815685241403 0.99500000000000111 -0.12403415627048829 6.0250000000000012 7.5000000000000009 0.45000000000001711 1.0000000180025095e-35
decision_type=2 2 9 2 2 2 2 2 9 2 2 2 9 2 9 2 2 2 1 2 2 2 2 2 2 2 2 2 2 2
left_child=1 14 15 9 5 7 22 -5 -7 10 17 -12 -13 -14 -1 24 -17 -2 -9 -11 -16 23 -4 -8 -3 26 27 28 29 -6
right_child=3 2 6 4 25 8 21 18 -10 19 11 12 13 -15 20 16 -18 -19 -20 -21 -22 -23 -24 -25 -26 -27 -28 -29 -30 -31
leaf_value=0 -0.00010070220843692024 0 0 0 5.0164894561122026e-05 1.259119944786103e-07 -0.0032127355326781342 0 0 0 0 -1.6003072747762242e-07 4.5331969553602751e-05 -5.6430954722040737e-05 0 0 0 0 0 2.1632534461839883e-05 0 -0.0011243084092307455 0 0.041181259197973621 0 1.4709081058150769e-05 -1.5282620743859814e-05 -0.018635314856639714 -0.00017025982347870119 -0.036275992526877299
leaf_weight=63515 99 3775 2859 2432 1008 4009 231 2285 18264 205 470 816 123 94 4605 813 2426 849 339 196 2995 1075 4989 446 29726 14171 20707 450 533 271
leaf_count=63515 99 3775 2859 2432 1008 4009 231 2285 18264 205 470 816 123 94 4605 813 2426 849 339 196 2995 1075 4989 446 29726 14171 20707 450 533 271
internal_value=0.00183249 0.00386361 0.00726586 -0.0017112 -0.00120523 -0.00346152 0.0132726 0.00517207 -0.00542136 -0.0131487 -0.0162383 -0.0230206 -0.0311229 -0.00726872 0.00164663 0.00569116 0.0117166 -0.00548523 0.0107851 0.00573566 0.00561104 0.0027968 0.0156282 0.0111521 0.0051103 0.000455035 -0.000563803 0.00486295 0.00783664 0.0127834
internal_weight=184776 117455 46340 67321 64469 27329 9600 5056 22273 2852 2451 1503 1033 217 71115 36740 3239 948 2624 401 7600 1752 7848 677 33501 37140 22969 2262 1812 1279
internal_count=184776 117455 46340 67321 64469 27329 9600 5056 22273 2852 2451 1503 1033 217 71115 36740 3239 948 2624 401 7600 1752 7848 677 33501 37140 22969 2262 1812 1279
cat_boundaries=0 1 2 3 4 5
cat_threshold=1 164 41 1 1
is_linear=0
shrinkage=0.05


Tree=109
num_leaves=31
num_cat=5
split_feature=1 14 9 3 2 2 15 14 9 5 1 2 9 1 9 15 2 13 0 2 3 2 2 5 2 3 3 10 14 8
split_gain=533.117 354.372 174.726 155.674 96.071 184.968 94.3254 68.7473 68.6494 66.5601 71.5015 86.7441 55.0406 58.2393 53.5631 51.5589 43.3585 40.7926 40.3374 35.3513 31.071 30.8108 29.9681 29.0793 26.7207 24.7484 51.8405 50.1654 77.9225 63.552
threshold=1.0000000180025095e-35 0.8000000000000026 0 2.6150000000000007 1.6650000000000003 0.93499999999999972 1.0000000180025095e-35 0.8000000000000026 1 0.59657369366100033 2.5000000000000004 1.4150000000000003 2 10.500000000000002 3 0.75000000000000011 1.5749999999999995 -1.0000000180025095e-35 4 1.9950000000000012 8.7000000000000028 1.6650000000000003 1.9150000000000003 -0.78260815685241403 0.99500000000000111 6.0250000000000012 7.5950000000000006 7.5000000000000009 0.10000000000000499 1.0000000180025095e-35
decision_type=2 2 9 2 2 2 2 2 9 2 2 2 9 2 9 2 2 2 1 2 2 2 2 2 2 2 2 2 2 2
left_child=1 14 15 9 5 7 22 -5 -7 10 17 -12 -13 -14 -1 24 -17 -2 -9 -11 -16 23 -4 -8 -3 27 -27 28 29 -6
right_child=3 2 6 4 25 8 21 18 -10 19 11 12 13 -15 20 16 -18 -19 -20 -21 -22 -23 -24 -25 -26 26 -28 -29 -30 -31
leaf_value=0 -9.5667098015073126e-05 0 0 0 2.9806121764400963e-05 1.1961639475467978e-07 -0.0030520987560442277 0 0 0 0 -1.5202919110374131e-07 4.3065371075922609e-05 -5.3609406985938705e-05 0 0 0 0 0 2.0550907738747885e-05 0 -0.0010680929887691981 0 0.03912219623807494 0 -0.00016068819071203734 1.4124579021726412e-06 -0.017703549113807726 -0.00017419425353537208 -0.034462192900533435
leaf_weight=63515 99 3775 2859 2432 1719 4009 231 2285 18264 205 470 816 123 94 4605 813 2426 849 339 196 2995 1075 4989 446 29726 910 32484 751 913 363
leaf_count=63515 99 3775 2859 2432 1719 4009 231 2285 18264 205 470 816 123 94 4605 813 2426 849 339 196 2995 1075 4989 446 29726 910 32484 751 913 363
internal_value=0.00183032 0.00386361 0.00726586 -0.00171715 -0.00121143 -0.00346152 0.0132726 0.00517207 -0.00542136 -0.0131487 -0.0162383 -0.0230206 -0.0311229 -0.00726872 0.00164663 0.00569116 0.0117166 -0.00548523 0.0107851 0.00573566 0.00561104 0.0027968 0.0156282 0.0111521 0.0051103 0.000444265 1.19782e-05 0.00429792 0.00719533 0.012536
internal_weight=184776 117455 46340 67321 64469 27329 9600 5056 22273 2852 2451 1503 1033 217 71115 36740 3239 948 2624 401 7600 1752 7848 677 33501 37140 33394 3746 2995 2082
internal_count=184776 117455 46340 67321 64469 27329 9600 5056 22273 2852 2451 1503 1033 217 71115 36740 3239 948 2624 401 7600 1752 7848 677 33501 37140 33394 3746 2995 2082
cat_boundaries=0 1 2 3 4 5
cat_threshold=1 164 41 1 1
is_linear=0
shrinkage=0.05


Tree=110
num_leaves=31
num_cat=6
split_feature=1 14 9 3 2 2 15 14 9 5 1 2 9 1 9 15 2 13 0 2 3 2 2 5 3 3 10 14 8 9
split_gain=531.132 354.372 174.726 155.958 97.0004 184.968 94.3254 68.7473 68.6494 66.5601 71.5015 86.7441 55.0406 58.2393 53.5631 51.5589 43.3585 40.7926 40.3374 35.3513 31.071 30.8108 29.9681 29.0793 26.9534 51.8405 48.3363 79.6409 57.6144 38.5108
threshold=1.0000000180025095e-35 0.8000000000000026 0 2.6150000000000007 1.6650000000000003 0.93499999999999972 1.0000000180025095e-35 0.8000000000000026 1 0.59657369366100033 2.5000000000000004 1.4150000000000003 2 10.500000000000002 3 0.75000000000000011 1.5749999999999995 -1.0000000180025095e-35 4 1.9950000000000012 8.7000000000000028 1.6650000000000003 1.9150000000000003 -0.78260815685241403 6.0250000000000012 7.5950000000000006 7.5000000000000009 0.10000000000000499 1.0000000180025095e-35 5
decision_type=2 2 9 2 2 2 2 2 9 2 2 2 9 2 9 2 2 2 1 2 2 2 2 2 2 2 2 2 2 9
left_child=1 14 15 9 5 7 22 -5 -7 10 17 -12 -13 -14 -1 -3 -17 -2 -9 -11 -16 23 -4 -8 26 -26 27 28 29 -6
right_child=3 2 6 4 24 8 21 18 -10 19 11 12 13 -15 20 16 -18 -19 -20 -21 -22 -23 -24 -25 25 -27 -28 -29 -30 -31
leaf_value=0 -9.088374311431725e-05 0 0 0 -0.00023844677884981812 1.1363557501694579e-07 -0.0028994938182420162 0 0 0 0 -1.4442773154855424e-07 4.091210252212648e-05 -5.0928936636641772e-05 0 0 0 0 0 1.9523362351810492e-05 0 -0.0010146883393307383 0 0.03716608642617119 -0.00015265378117643549 1.3418350070640093e-06 -0.016818371658117337 -0.00016548454085860349 -0.032739083255506764 2.9283874498714434e-05
leaf_weight=63515 99 33501 2859 2432 163 4009 231 2285 18264 205 470 816 123 94 4605 813 2426 849 339 196 2995 1075 4989 446 910 32484 751 913 363 1556
leaf_count=63515 99 33501 2859 2432 163 4009 231 2285 18264 205 470 816 123 94 4605 813 2426 849 339 196 2995 1075 4989 446 910 32484 751 913 363 1556
internal_value=0.00183411 0.00386361 0.00726586 -0.00170675 -0.00120058 -0.00346152 0.0132726 0.00517207 -0.00542136 -0.0131487 -0.0162383 -0.0230206 -0.0311229 -0.00726872 0.00164663 0.00569116 0.0117166 -0.00548523 0.0107851 0.00573566 0.00561104 0.0027968 0.0156282 0.0111521 0.000463113 1.19782e-05 0.00448478 0.00732888 0.0127281 0.0165503
internal_weight=184776 117455 46340 67321 64469 27329 9600 5056 22273 2852 2451 1503 1033 217 71115 36740 3239 948 2624 401 7600 1752 7848 677 37140 33394 3746 2995 2082 1719
internal_count=184776 117455 46340 67321 64469 27329 9600 5056 22273 2852 2451 1503 1033 217 71115 36740 3239 948 2624 401 7600 1752 7848 677 37140 33394 3746 2995 2082 1719
cat_boundaries=0 1 2 3 4 5 6
cat_threshold=1 164 41 1 1 34
is_linear=0
shrinkage=0.05


Tree=111
num_leaves=31
num_cat=5
split_feature=1 14 9 3 2 2 15 14 9 5 1 2 9 1 9 15 2 13 0 2 3 2 2 3 3 10 14 8 4 2
split_gain=528.02 354.372 174.726 156.403 98.47 184.968 94.3254 68.7473 68.6494 66.5601 71.5015 86.7441 55.0406 58.2393 53.5631 51.5589 43.3585 40.7926 40.3374 35.3513 31.071 30.8108 29.9681 29.4754 49.0542 49.0241 82.6932 52.8428 30.7318 29.5425
threshold=1.0000000180025095e-35 0.8000000000000026 0 2.6150000000000007 1.6650000000000003 0.93499999999999972 1.0000000180025095e-35 0.8000000000000026 1 0.59657369366100033 2.5000000000000004 1.4150000000000003 2 10.500000000000002 3 0.75000000000000011 1.5749999999999995 -1.0000000180025095e-35 4 1.9950000000000012 8.7000000000000028 1.6650000000000003 1.9150000000000003 6.0250000000000012 7.5950000000000006 7.5000000000000009 0.10000000000000499 1.0000000180025095e-35 -0.12403415627048829 2.395
decision_type=2 2 9 2 2 2 2 2 9 2 2 2 9 2 9 2 2 2 1 2 2 2 2 2 2 2 2 2 2 2
left_child=1 14 15 9 5 7 22 -5 -7 10 17 -12 -13 -14 -1 -3 -17 -2 -9 -11 -16 -8 -4 25 -25 26 27 -6 -26 -28
right_child=3 2 6 4 23 8 21 18 -10 19 11 12 13 -15 20 16 -18 -19 -20 -21 -22 -23 -24 24 28 -27 29 -29 -30 -31
leaf_value=0 -8.633955595860332e-05 0 0 0 2.6851621951245196e-05 1.079537962660985e-07 0.035307782104862628 0 0 0 0 -1.372063449711265e-07 3.8866497396020154e-05 -4.8382489804809686e-05 0 0 0 0 0 1.8547194234219969e-05 0 -0.00096395392236419135 0 -0.0001450210921176137 -4.8319339637916691e-06 -0.015977453075211468 -0.00016772400459325531 -0.031102129092731426 0.00013419428462086905 0.009719870969292211
leaf_weight=63515 99 33501 2859 2432 1719 4009 677 2285 18264 205 470 816 123 94 4605 813 2426 849 339 196 2995 1075 4989 910 20163 751 641 363 12321 272
leaf_count=63515 99 33501 2859 2432 1719 4009 677 2285 18264 205 470 816 123 94 4605 813 2426 849 339 196 2995 1075 4989 910 20163 751 641 363 12321 272
internal_value=0.00184007 0.00386361 0.00726586 -0.00169041 -0.00118351 -0.00346152 0.0132726 0.00517207 -0.00542136 -0.0131487 -0.0162383 -0.0230206 -0.0311229 -0.00726872 0.00164663 0.00569116 0.0117166 -0.00548523 0.0107851 0.00573566 0.00561104 0.0027968 0.0156282 0.00049273 2.09618e-05 0.00469834 0.0075626 0.0130644 0.000341707 -0.00498357
internal_weight=184776 117455 46340 67321 64469 27329 9600 5056 22273 2852 2451 1503 1033 217 71115 36740 3239 948 2624 401 7600 1752 7848 37140 33394 3746 2995 2082 32484 913
internal_count=184776 117455 46340 67321 64469 27329 9600 5056 22273 2852 2451 1503 1033 217 71115 36740 3239 948 2624 401 7600 1752 7848 37140 33394 3746 2995 2082 32484 913
cat_boundaries=0 1 2 3 4 5
cat_threshold=1 164 41 1 1
is_linear=0
shrinkage=0.05


Tree=112
num_leaves=31
num_cat=5
split_feature=1 14 9 3 2 2 15 14 9 5 1 2 9 1 9 15 2 13 0 3 10 14 8 3 2 3 2 2 12 14
split_gain=566.545 354.372 174.726 151.017 94.5365 171.752 94.3254 68.7473 68.6494 66.5601 71.5015 86.7441 55.0406 58.2393 53.5631 51.5589 43.3585 40.7926 40.3374 37.2302 50.4086 81.0111 48.7644 45.5276 35.3513 31.071 30.8108 29.9681 29.4791 43.7452
threshold=1.0000000180025095e-35 0.8000000000000026 0 2.6150000000000007 0.93499999999999972 1.6650000000000003 1.0000000180025095e-35 0.8000000000000026 1 0.59657369366100033 2.5000000000000004 1.4150000000000003 2 10.500000000000002 3 0.75000000000000011 1.5749999999999995 -1.0000000180025095e-35 4 6.0250000000000012 7.5000000000000009 0.10000000000000499 1.0000000180025095e-35 7.5950000000000006 1.9950000000000012 8.7000000000000028 1.6650000000000003 1.9150000000000003 1.0000000180025095e-35 2.5999999999999979
decision_type=2 2 9 2 2 2 2 2 9 2 2 2 9 2 9 2 2 2 1 2 2 2 2 2 2 2 2 2 2 2
left_child=1 14 15 9 7 8 27 -5 -6 10 17 -12 -13 -14 -1 -3 -17 -2 -9 20 21 22 -7 -21 -11 -16 -8 -4 29 -25
right_child=3 2 6 4 5 19 26 18 -10 24 11 12 13 -15 25 16 -18 -19 -20 23 -22 -23 -24 28 -26 -27 -28 -29 -30 -31
leaf_value=0 -8.2022578160673154e-05 0 0 0 1.0255610645279358e-07 2.5509040853682934e-05 0.033542392999619496 0 0 0 0 -1.3034602772257018e-07 3.6923172526219153e-05 -4.5963365314569197e-05 0 0 0 0 0 -0.00013777003751173301 -0.015178580421450894 -0.00014882411358601053 -0.029547022638094857 -0.00017577365678309587 1.761983452250897e-05 0 -0.00091575622624597843 0 0.00023992965141573665 0.0020906114951602622
leaf_weight=63515 99 33501 2859 2432 4009 1719 677 2285 18264 205 470 816 123 94 4605 813 2426 849 339 910 751 913 363 13322 196 2995 1075 4989 17393 1769
leaf_count=63515 99 33501 2859 2432 4009 1719 677 2285 18264 205 470 816 123 94 4605 813 2426 849 339 910 751 913 363 13322 196 2995 1075 4989 17393 1769
internal_value=0.00176755 0.00386361 0.00726586 -0.00188945 -0.00139137 -0.00194991 0.0132726 0.00517207 -0.00542136 -0.0131487 -0.0162383 -0.0230206 -0.0311229 -0.00726872 0.00164663 0.00569116 0.0117166 -0.00548523 0.0107851 0.000131933 0.00485852 0.00776294 0.0132085 -0.000398275 0.00573566 0.00561104 0.0027968 0.0156282 -8.92747e-05 -0.00170632
internal_weight=184776 117455 46340 67321 64469 59413 9600 5056 22273 2852 2451 1503 1033 217 71115 36740 3239 948 2624 37140 3746 2995 2082 33394 401 7600 1752 7848 32484 15091
internal_count=184776 117455 46340 67321 64469 59413 9600 5056 22273 2852 2451 1503 1033 217 71115 36740 3239 948 2624 37140 3746 2995 2082 33394 401 7600 1752 7848 32484 15091
cat_boundaries=0 1 2 3 4 5
cat_threshold=1 164 41 1 1
is_linear=0
shrinkage=0.05


Tree=113
num_leaves=31
num_cat=6
split_feature=1 14 9 3 15 2 2 14 9 5 1 2 9 1 9 15 2 13 0 2 3 2 2 5 2 9 3 2 1 1
split_gain=556.062 354.372 174.726 152.455 94.3254 92.9347 177.8 68.7473 68.6494 66.5601 71.5015 86.7441 55.0406 58.2393 53.5631 51.5589 43.3585 40.7926 40.3374 35.3513 31.071 30.8108 29.9681 29.0793 26.7207 23.5951 22.9568 22.7211 169.647 26.2748
threshold=1.0000000180025095e-35 0.8000000000000026 0 2.6150000000000007 1.0000000180025095e-35 0.93499999999999972 1.6650000000000003 0.8000000000000026 1 0.59657369366100033 2.5000000000000004 1.4150000000000003 2 10.500000000000002 3 0.75000000000000011 1.5749999999999995 -1.0000000180025095e-35 4 1.9950000000000012 8.7000000000000028 1.6650000000000003 1.9150000000000003 -0.78260815685241403 0.99500000000000111 5 18.265000000000004 12.750000000000004 4.5000000000000009 13.500000000000002
decision_type=2 2 9 2 2 2 2 2 9 2 2 2 9 2 9 2 2 2 1 2 2 2 2 2 2 9 2 2 2 2
left_child=1 14 15 9 22 7 8 25 26 10 17 -12 -13 -14 -1 24 -17 -2 -9 -11 -16 23 -4 -6 -3 -5 -7 29 -29 -8
right_child=3 2 4 5 21 6 27 18 -10 19 11 12 13 -15 20 16 -18 -19 -20 -21 -22 -23 -24 -25 -26 -27 -28 28 -30 -31
leaf_value=0 -7.7921449252638117e-05 0 0 0 -0.0061970278825540211 -4.1732336603074321e-06 -1.1850819216974938e-06 0 0 0 0 -1.2382872633644167e-07 3.5077013899908192e-05 -4.3665197048840741e-05 0 0 0 0 0 1.6738842796383523e-05 0 -0.00086996841493367514 0 0.031865273349638512 0 -0.0021437499999999998 0.026378970939639937 0.008717697552014415 -0.17308659952791877 5.1664122254970652e-05
leaf_weight=63515 99 3775 2859 2267 231 3300 28663 2285 18264 205 470 816 123 94 4605 813 2426 849 339 196 2995 1075 4989 446 29726 165 709 361 456 7660
leaf_count=63515 99 3775 2859 2267 231 3300 28663 2285 18264 205 470 816 123 94 4605 813 2426 849 339 196 2995 1075 4989 446 29726 165 709 361 456 7660
internal_value=0.00178703 0.00386361 0.00726586 -0.00183598 0.0132726 -0.00133553 -0.00188932 0.00517207 -0.00542136 -0.0131487 -0.0162383 -0.0230206 -0.0311229 -0.00726872 0.00164663 0.00569116 0.0117166 -0.00548523 0.0107851 0.00573566 0.00561104 0.0027968 0.0156282 0.0111521 0.0051103 -0.000884046 0.000510077 0.000228864 -0.00801714 0.000414338
internal_weight=184776 117455 46340 67321 9600 64469 59413 5056 22273 2852 2451 1503 1033 217 71115 36740 3239 948 2624 401 7600 1752 7848 677 33501 2432 4009 37140 817 36323
internal_count=184776 117455 46340 67321 9600 64469 59413 5056 22273 2852 2451 1503 1033 217 71115 36740 3239 948 2624 401 7600 1752 7848 677 33501 2432 4009 37140 817 36323
cat_boundaries=0 1 2 3 4 5 6
cat_threshold=1 164 41 1 1 45
is_linear=0
shrinkage=0.05


Tree=114
num_leaves=31
num_cat=7
split_feature=1 14 9 3 15 2 2 9 14 5 1 2 9 1 9 15 2 13 0 2 3 2 2 5 0 2 3 9 14 2
split_gain=551.434 354.372 174.726 153.096 94.3254 92.2272 171.527 78.466 68.7473 66.5601 71.5015 86.7441 55.0406 58.2393 53.5631 51.5589 43.3585 40.7926 40.3374 35.3513 31.071 30.8108 29.9681 29.0793 28.609 26.7207 24.3163 23.5951 21.6657 20.6883
threshold=1.0000000180025095e-35 0.8000000000000026 0 2.6150000000000007 1.0000000180025095e-35 0.93499999999999972 1.6650000000000003 1 0.8000000000000026 0.59657369366100033 2.5000000000000004 1.4150000000000003 2 10.500000000000002 3 0.75000000000000011 1.5749999999999995 -1.0000000180025095e-35 4 1.9950000000000012 8.7000000000000028 1.6650000000000003 1.9150000000000003 -0.78260815685241403 5 0.99500000000000111 18.265000000000004 6 13.100000000000001 12.750000000000004
decision_type=2 2 9 2 2 2 2 9 2 2 2 2 9 2 9 2 2 2 1 2 2 2 2 2 1 2 2 9 2 2
left_child=1 14 15 9 22 8 7 24 27 10 17 -12 -13 -14 -1 25 -17 -2 -10 -11 -16 23 -4 -6 26 -3 -7 -5 29 -8
right_child=3 2 4 5 21 6 28 -9 18 19 11 12 13 -15 20 16 -18 -19 -20 -21 -22 -23 -24 -25 -26 -27 -28 -29 -30 -31
leaf_value=0 -7.4025376790004549e-05 0 0 0 -0.0058871764884263203 -4.10082753080829e-06 3.2261589883603067e-06 0 0 0 0 -1.1763729001961958e-07 3.3323163204912779e-05 -4.1481937196398705e-05 0 0 0 0 0 1.5901900656564346e-05 0 -0.00082646999418698472 0 0.030272009682156577 3.0608998414552556e-07 0 0.023743427742230157 -0.0020365624999999997 0.23418448741684253 -0.0094113132622773085
leaf_weight=63515 99 3775 2859 2267 231 3056 36215 18264 2285 205 470 816 123 94 4605 813 2426 849 339 196 2995 1075 4989 446 268 29726 685 165 109 816
leaf_count=63515 99 3775 2859 2267 231 3056 36215 18264 2285 205 470 816 123 94 4605 813 2426 849 339 196 2995 1075 4989 446 268 29726 685 165 109 816
internal_value=0.00179569 0.00386361 0.00726586 -0.00181221 0.0132726 -0.00131071 -0.00186239 -0.00533157 0.00517207 -0.0131487 -0.0162383 -0.0230206 -0.0311229 -0.00726872 0.00164663 0.00569116 0.0117166 -0.00548523 0.0107851 0.00573566 0.00561104 0.0027968 0.0156282 0.0111521 0.00100771 0.0051103 -0.000120289 -0.000884046 0.000218094 0.000152575
internal_weight=184776 117455 46340 67321 9600 64469 59413 22273 5056 2852 2451 1503 1033 217 71115 36740 3239 948 2624 401 7600 1752 7848 677 4009 33501 3741 2432 37140 37031
internal_count=184776 117455 46340 67321 9600 64469 59413 22273 5056 2852 2451 1503 1033 217 71115 36740 3239 948 2624 401 7600 1752 7848 677 4009 33501 3741 2432 37140 37031
cat_boundaries=0 1 2 3 4 5 6 7
cat_threshold=1 164 41 1 1 1 45
is_linear=0
shrinkage=0.05


Tree=115
num_leaves=31
num_cat=7
split_feature=1 14 9 3 15 2 2 9 14 5 1 2 9 1 9 15 2 13 0 2 3 2 2 5 0 2 3 9 3 3
split_gain=554.324 354.372 174.726 152.695 94.3254 92.6691 170.309 77.9597 68.7473 66.5601 71.5015 86.7441 55.0406 58.2393 53.5631 51.5589 43.3585 40.7926 40.3374 35.3513 31.071 30.8108 29.9681 29.0793 28.6995 26.7207 23.6399 23.5951 22.1082 31.9248
threshold=1.0000000180025095e-35 0.8000000000000026 0 2.6150000000000007 1.0000000180025095e-35 0.93499999999999972 1.6650000000000003 1 0.8000000000000026 0.59657369366100033 2.5000000000000004 1.4150000000000003 2 10.500000000000002 3 0.75000000000000011 1.5749999999999995 -1.0000000180025095e-35 4 1.9950000000000012 8.7000000000000028 1.6650000000000003 1.9150000000000003 -0.78260815685241403 5 0.99500000000000111 18.265000000000004 6 7.5950000000000006 6.0250000000000012
decision_type=2 2 9 2 2 2 2 9 2 2 2 2 9 2 9 2 2 2 1 2 2 2 2 2 1 2 2 9 2 2
left_child=1 14 15 9 22 8 7 24 27 10 17 -12 -13 -14 -1 25 -17 -2 -10 -11 -16 23 -4 -6 26 -3 -7 -5 29 -8
right_child=3 2 4 5 21 6 28 -9 18 19 11 12 13 -15 20 16 -18 -19 -20 -21 -22 -23 -24 -25 -26 -27 -28 -29 -30 -31
leaf_value=0 -7.0324107950503476e-05 0 0 0 -0.0055928176640050037 -3.8957861542678763e-06 -3.1907695249711541e-07 0 0 0 0 -1.1175542551863859e-07 3.1657005044667143e-05 -3.9407840336578769e-05 0 0 0 0 0 1.5106805623736129e-05 0 -0.00078514649447762879 0 0.028758409198048753 2.9078548493824924e-07 0 0.02255625635511865 -0.001934734375 8.638520072214409e-06 -0.0001331945029459217
leaf_weight=63515 99 3775 2859 2267 231 3056 3746 18264 2285 205 470 816 123 94 4605 813 2426 849 339 196 2995 1075 4989 446 268 29726 685 165 32484 910
leaf_count=63515 99 3775 2859 2267 231 3056 3746 18264 2285 205 470 816 123 94 4605 813 2426 849 339 196 2995 1075 4989 446 268 29726 685 165 32484 910
internal_value=0.00179028 0.00386361 0.00726586 -0.00182707 0.0132726 -0.00132622 -0.00187922 -0.00533606 0.00517207 -0.0131487 -0.0162383 -0.0230206 -0.0311229 -0.00726872 0.00164663 0.00569116 0.0117166 -0.00548523 0.0107851 0.00573566 0.00561104 0.0027968 0.0156282 0.0111521 0.000982832 0.0051103 -0.00014702 -0.000884046 0.000193861 -0.00302835
internal_weight=184776 117455 46340 67321 9600 64469 59413 22273 5056 2852 2451 1503 1033 217 71115 36740 3239 948 2624 401 7600 1752 7848 677 4009 33501 3741 2432 37140 4656
internal_count=184776 117455 46340 67321 9600 64469 59413 22273 5056 2852 2451 1503 1033 217 71115 36740 3239 948 2624 401 7600 1752 7848 677 4009 33501 3741 2432 37140 4656
cat_boundaries=0 1 2 3 4 5 6 7
cat_threshold=1 164 41 1 1 1 45
is_linear=0
shrinkage=0.05


Tree=116
num_leaves=31
num_cat=7
split_feature=1 14 9 3 15 2 2 9 14 5 1 2 9 1 9 15 2 13 0 2 3 2 2 5 0 2 9 3 14 3
split_gain=563.623 354.372 174.726 151.415 94.3254 94.0902 165.915 76.9519 68.7473 66.5601 71.5015 86.7441 55.0406 58.2393 53.5631 51.5589 43.3585 40.7926 40.3374 35.3513 31.071 30.8108 29.9681 29.0793 28.8809 26.7207 23.5951 22.3158 21.8706 20.1507
threshold=1.0000000180025095e-35 0.8000000000000026 0 2.6150000000000007 1.0000000180025095e-35 0.93499999999999972 1.6650000000000003 1 0.8000000000000026 0.59657369366100033 2.5000000000000004 1.4150000000000003 2 10.500000000000002 3 0.75000000000000011 1.5749999999999995 -1.0000000180025095e-35 4 1.9950000000000012 8.7000000000000028 1.6650000000000003 1.9150000000000003 -0.78260815685241403 5 0.99500000000000111 6 18.265000000000004 13.100000000000001 7.5950000000000006
decision_type=2 2 9 2 2 2 2 9 2 2 2 2 9 2 9 2 2 2 1 2 2 2 2 2 1 2 9 2 2 2
left_child=1 14 15 9 22 8 7 24 26 10 17 -12 -13 -14 -1 25 -17 -2 -10 -11 -16 23 -4 -6 27 -3 -5 -7 29 -8
right_child=3 2 4 5 21 6 28 -9 18 19 11 12 13 -15 20 16 -18 -19 -20 -21 -22 -23 -24 -25 -26 -27 -28 -29 -30 -31
leaf_value=0 -6.6807902552978859e-05 0 0 0 -0.0053131767808047535 -3.7009968465544818e-06 -2.1408514610906225e-06 0 0 0 0 -1.0616765424270667e-07 3.0074154792433785e-05 -3.7437448319749835e-05 0 0 0 0 0 1.4351465342549322e-05 0 -0.00074588916975375512 0 0.027320488738146322 2.7624621069133677e-07 0 -0.0018379976562500002 0.021428443537362719 0.2224748311199968 5.5641338597702824e-06
leaf_weight=63515 99 3775 2859 2267 231 3056 4656 18264 2285 205 470 816 123 94 4605 813 2426 849 339 196 2995 1075 4989 446 268 29726 165 685 109 32375
leaf_count=63515 99 3775 2859 2267 231 3056 4656 18264 2285 205 470 816 123 94 4605 813 2426 849 339 196 2995 1075 4989 446 268 29726 165 685 109 32375
internal_value=0.00177296 0.00386361 0.00726586 -0.0018746 0.0132726 -0.00137586 -0.00193308 -0.00534504 0.00517207 -0.0131487 -0.0162383 -0.0230206 -0.0311229 -0.00726872 0.00164663 0.00569116 0.0117166 -0.00548523 0.0107851 0.00573566 0.00561104 0.0027968 0.0156282 0.0111521 0.000933068 0.0051103 -0.000884046 -0.000200481 0.000113086 4.72577e-05
internal_weight=184776 117455 46340 67321 9600 64469 59413 22273 5056 2852 2451 1503 1033 217 71115 36740 3239 948 2624 401 7600 1752 7848 677 4009 33501 2432 3741 37140 37031
internal_count=184776 117455 46340 67321 9600 64469 59413 22273 5056 2852 2451 1503 1033 217 71115 36740 3239 948 2624 401 7600 1752 7848 677 4009 33501 2432 3741 37140 37031
cat_boundaries=0 1 2 3 4 5 6 7
cat_threshold=1 164 41 1 1 1 45
is_linear=0
shrinkage=0.05


Tree=117
num_leaves=31
num_cat=7
split_feature=1 14 9 3 2 2 15 9 14 5 1 2 9 1 9 15 2 13 0 2 3 2 2 5 0 2 9 3 3 3
split_gain=569.768 354.372 174.726 150.579 95.0286 162.928 94.3254 76.4505 68.7473 66.5601 71.5015 86.7441 55.0406 58.2393 53.5631 51.5589 43.3585 40.7926 40.3374 35.3513 31.071 30.8108 29.9681 29.0793 28.9719 26.7207 23.5951 21.668 20.2994 31.9248
threshold=1.0000000180025095e-35 0.8000000000000026 0 2.6150000000000007 0.93499999999999972 1.6650000000000003 1.0000000180025095e-35 1 0.8000000000000026 0.59657369366100033 2.5000000000000004 1.4150000000000003 2 10.500000000000002 3 0.75000000000000011 1.5749999999999995 -1.0000000180025095e-35 4 1.9950000000000012 8.7000000000000028 1.6650000000000003 1.9150000000000003 -0.78260815685241403 5 0.99500000000000111 6 18.265000000000004 7.5950000000000006 6.0250000000000012
decision_type=2 2 9 2 2 2 2 9 2 2 2 2 9 2 9 2 2 2 1 2 2 2 2 2 1 2 9 2 2 2
left_child=1 14 15 9 8 7 22 24 26 10 17 -12 -13 -14 -1 25 -17 -2 -10 -11 -16 23 -4 -8 27 -3 -5 -6 29 -7
right_child=3 2 6 4 5 28 21 -9 18 19 11 12 13 -15 20 16 -18 -19 -20 -21 -22 -23 -24 -25 -26 -27 -28 -29 -30 -31
leaf_value=0 -6.3467507425329925e-05 0 0 0 -3.5159470042267583e-06 -1.9608053181772848e-07 -0.0050475179417645158 0 0 0 0 -1.0085927153057132e-07 2.8570447052812093e-05 -3.5565575903762344e-05 0 0 0 0 0 1.3633892075421855e-05 0 -0.00070859471126607512 0 0.025954464301239002 2.6243390015676993e-07 0 -0.0017460977734375001 0.020357021360494582 7.9283873756151744e-06 -0.00012642773522557107
leaf_weight=63515 99 3775 2859 2267 3056 3746 231 18264 2285 205 470 816 123 94 4605 813 2426 849 339 196 2995 1075 4989 446 268 29726 165 685 32484 910
leaf_count=63515 99 3775 2859 2267 3056 3746 231 18264 2285 205 470 816 123 94 4605 813 2426 849 339 196 2995 1075 4989 446 268 29726 165 685 32484 910
internal_value=0.00176159 0.00386361 0.00726586 -0.00190579 -0.00140843 -0.00196842 0.0132726 -0.00534953 0.00517207 -0.0131487 -0.0162383 -0.0230206 -0.0311229 -0.00726872 0.00164663 0.00569116 0.0117166 -0.00548523 0.0107851 0.00573566 0.00561104 0.0027968 0.0156282 0.0111521 0.000908186 0.0051103 -0.000884046 -0.000227212 5.92353e-05 -0.00302835
internal_weight=184776 117455 46340 67321 64469 59413 9600 22273 5056 2852 2451 1503 1033 217 71115 36740 3239 948 2624 401 7600 1752 7848 677 4009 33501 2432 3741 37140 4656
internal_count=184776 117455 46340 67321 64469 59413 9600 22273 5056 2852 2451 1503 1033 217 71115 36740 3239 948 2624 401 7600 1752 7848 677 4009 33501 2432 3741 37140 4656
cat_boundaries=0 1 2 3 4 5 6 7
cat_threshold=1 164 41 1 1 1 45
is_linear=0
shrinkage=0.05


Tree=118
num_leaves=31
num_cat=7
split_feature=1 14 9 3 2 2 15 9 14 5 1 2 9 1 9 15 2 13 0 2 3 2 2 5 0 2 9 3 14 14
split_gain=567.423 354.372 174.726 150.897 94.6706 164.663 94.3254 75.9507 68.7473 66.5601 71.5015 86.7441 55.0406 58.2393 53.5631 51.5589 43.3585 40.7926 40.3374 35.3513 31.071 30.8108 29.9681 29.0793 29.063 26.7207 23.5951 21.0298 20.1686 20.0649
threshold=1.0000000180025095e-35 0.8000000000000026 0 2.6150000000000007 0.93499999999999972 1.6650000000000003 1.0000000180025095e-35 1 0.8000000000000026 0.59657369366100033 2.5000000000000004 1.4150000000000003 2 10.500000000000002 3 0.75000000000000011 1.5749999999999995 -1.0000000180025095e-35 4 1.9950000000000012 8.7000000000000028 1.6650000000000003 1.9150000000000003 -0.78260815685241403 5 0.99500000000000111 6 18.265000000000004 13.100000000000001 4.2500000000000009
decision_type=2 2 9 2 2 2 2 9 2 2 2 2 9 2 9 2 2 2 1 2 2 2 2 2 1 2 9 2 2 2
left_child=1 14 15 9 8 7 22 24 26 10 17 -12 -13 -14 -1 25 -17 -2 -10 -11 -16 23 -4 29 27 -3 -5 -6 -7 -8
right_child=3 2 6 4 5 28 21 -9 18 19 11 12 13 -15 20 16 -18 -19 -20 -21 -22 -23 -24 -25 -26 -27 -28 -29 -30 -31
leaf_value=0 -6.0294132054061759e-05 0 0 0 -3.3401496540154206e-06 5.3046731987631487e-10 -0.0047951420446762901 0 0 0 0 -9.5816307954042766e-08 2.7141924700171489e-05 -3.3787297108574221e-05 0 0 0 0 0 1.295219747165076e-05 0 -0.00067316497570277809 0 0.024656741086177061 2.4931220514893143e-07 0 -0.0016587928847656254 0.019339170292469857 0.21135069314462818 0.044717922648683101
leaf_weight=63515 99 3775 2859 2267 3056 37031 124 18264 2285 205 470 816 123 94 4605 813 2426 849 339 196 2995 1075 4989 446 268 29726 165 685 109 107
leaf_count=63515 99 3775 2859 2267 3056 37031 124 18264 2285 205 470 816 123 94 4605 813 2426 849 339 196 2995 1075 4989 446 268 29726 165 685 109 107
internal_value=0.00176592 0.00386361 0.00726586 -0.00189391 -0.00139602 -0.00195496 0.0132726 -0.00535402 0.00517207 -0.0131487 -0.0162383 -0.0230206 -0.0311229 -0.00726872 0.00164663 0.00569116 0.0117166 -0.00548523 0.0107851 0.00573566 0.00561104 0.0027968 0.0156282 0.0111521 0.000883304 0.0051103 -0.000884046 -0.000253943 8.3468e-05 -0.00324675
internal_weight=184776 117455 46340 67321 64469 59413 9600 22273 5056 2852 2451 1503 1033 217 71115 36740 3239 948 2624 401 7600 1752 7848 677 4009 33501 2432 3741 37140 231
internal_count=184776 117455 46340 67321 64469 59413 9600 22273 5056 2852 2451 1503 1033 217 71115 36740 3239 948 2624 401 7600 1752 7848 677 4009 33501 2432 3741 37140 231
cat_boundaries=0 1 2 3 4 5 6 7
cat_threshold=1 164 41 1 1 1 45
is_linear=0
shrinkage=0.05


Tree=119
num_leaves=31
num_cat=7
split_feature=1 14 9 3 2 2 15 9 14 5 1 2 9 1 9 15 2 13 0 2 3 2 2 0 5 2 9 3 14 14
split_gain=567.716 354.372 174.726 150.857 94.7153 164.935 94.3254 75.4525 68.7473 66.5601 71.5015 86.7441 55.0406 58.2393 53.5631 51.5589 43.3585 40.7926 40.3374 35.3513 31.071 30.8108 29.9681 29.1542 29.0793 26.7207 23.5951 20.4011 20.1686 20.0649
threshold=1.0000000180025095e-35 0.8000000000000026 0 2.6150000000000007 0.93499999999999972 1.6650000000000003 1.0000000180025095e-35 1 0.8000000000000026 0.59657369366100033 2.5000000000000004 1.4150000000000003 2 10.500000000000002 3 0.75000000000000011 1.5749999999999995 -1.0000000180025095e-35 4 1.9950000000000012 8.7000000000000028 1.6650000000000003 1.9150000000000003 5 -0.78260815685241403 0.99500000000000111 6 18.265000000000004 13.100000000000001 4.2500000000000009
decision_type=2 2 9 2 2 2 2 9 2 2 2 2 9 2 9 2 2 2 1 2 2 2 2 1 2 2 9 2 2 2
left_child=1 14 15 9 8 7 22 23 26 10 17 -12 -13 -14 -1 25 -17 -2 -10 -11 -16 24 -4 27 29 -3 -5 -6 -7 -8
right_child=3 2 6 4 5 28 21 -9 18 19 11 12 13 -15 20 16 -18 -19 -20 -21 -22 -23 -24 -25 -26 -27 -28 -29 -30 -31
leaf_value=0 -5.7279425451356448e-05 0 0 0 -3.1731421713146494e-06 5.0394395388249911e-10 -0.0045553849424424756 0 0 0 0 -9.1025492556340617e-08 2.5784828465162913e-05 -3.2097932253145511e-05 0 0 0 0 0 1.2304587598068221e-05 0 -0.00063950672691763803 0 2.3684659489148485e-07 0.023423904031868205 0 -0.001575853240527344 0.01837221177784636 0.20078315848739675 0.042482026516248939
leaf_weight=63515 99 3775 2859 2267 3056 37031 124 18264 2285 205 470 816 123 94 4605 813 2426 849 339 196 2995 1075 4989 268 446 29726 165 685 109 107
leaf_count=63515 99 3775 2859 2267 3056 37031 124 18264 2285 205 470 816 123 94 4605 813 2426 849 339 196 2995 1075 4989 268 446 29726 165 685 109 107
internal_value=0.00176538 0.00386361 0.00726586 -0.0018954 -0.00139757 -0.00195664 0.0132726 -0.00535851 0.00517207 -0.0131487 -0.0162383 -0.0230206 -0.0311229 -0.00726872 0.00164663 0.00569116 0.0117166 -0.00548523 0.0107851 0.00573566 0.00561104 0.0027968 0.0156282 0.000858422 0.0111521 0.0051103 -0.000884046 -0.000280674 8.3468e-05 -0.00324675
internal_weight=184776 117455 46340 67321 64469 59413 9600 22273 5056 2852 2451 1503 1033 217 71115 36740 3239 948 2624 401 7600 1752 7848 4009 677 33501 2432 3741 37140 231
internal_count=184776 117455 46340 67321 64469 59413 9600 22273 5056 2852 2451 1503 1033 217 71115 36740 3239 948 2624 401 7600 1752 7848 4009 677 33501 2432 3741 37140 231
cat_boundaries=0 1 2 3 4 5 6 7
cat_threshold=1 164 41 1 1 1 45
is_linear=0
shrinkage=0.05


Tree=120
num_leaves=31
num_cat=7
split_feature=1 14 9 3 2 2 15 9 14 5 1 2 9 1 9 15 2 13 0 2 3 2 2 0 5 2 9 14 14 2
split_gain=568.888 354.372 174.726 150.698 94.8943 164.717 94.3254 74.956 68.7473 66.5601 71.5015 86.7441 55.0406 58.2393 53.5631 51.5589 43.3585 40.7926 40.3374 35.3513 31.071 30.8108 29.9681 29.2456 29.0793 26.7207 23.5951 20.0649 19.9713 19.9423
threshold=1.0000000180025095e-35 0.8000000000000026 0 2.6150000000000007 0.93499999999999972 1.6650000000000003 1.0000000180025095e-35 1 0.8000000000000026 0.59657369366100033 2.5000000000000004 1.4150000000000003 2 10.500000000000002 3 0.75000000000000011 1.5749999999999995 -1.0000000180025095e-35 4 1.9950000000000012 8.7000000000000028 1.6650000000000003 1.9150000000000003 5 -0.78260815685241403 0.99500000000000111 6 4.2500000000000009 6.0500000000000016 12.750000000000004
decision_type=2 2 9 2 2 2 2 9 2 2 2 2 9 2 9 2 2 2 1 2 2 2 2 1 2 2 9 2 2 2
left_child=1 14 15 9 8 7 22 23 26 10 17 -12 -13 -14 -1 25 -17 -2 28 -11 -16 24 -4 -6 27 -3 -5 -8 -10 -7
right_child=3 2 6 4 5 29 21 -9 18 19 11 12 13 -15 20 16 -18 -19 -20 -21 -22 -23 -24 -25 -26 -27 -28 -29 -30 -31
leaf_value=0 -5.4415454178791127e-05 0 0 0 -2.8782295092326872e-06 2.1450542255453277e-06 -0.0043276156953203516 0 0 0 0 -8.6474217928523595e-08 2.4495587041904767e-05 -3.0493035640488236e-05 0 0 0 0 0 1.168935821816481e-05 0 -0.00060753139057174727 0 2.2500426514691064e-07 0.022252708830274793 0 -0.0014970605785009769 0.040357925190436496 0.15670702902817357 -0.0088002701211843341
leaf_weight=63515 99 3775 2859 2267 3741 36323 124 18264 2170 205 470 816 123 94 4605 813 2426 849 339 196 2995 1075 4989 268 446 29726 165 107 115 817
leaf_count=63515 99 3775 2859 2267 3741 36323 124 18264 2170 205 470 816 123 94 4605 813 2426 849 339 196 2995 1075 4989 268 446 29726 165 107 115 817
internal_value=0.00176322 0.00386361 0.00726586 -0.00190134 -0.00140378 -0.00196338 0.0132726 -0.005363 0.00517207 -0.0131487 -0.0162383 -0.0230206 -0.0311229 -0.00726872 0.00164663 0.00569116 0.0117166 -0.00548523 0.0107851 0.00573566 0.00561104 0.0027968 0.0156282 0.000833541 0.0111521 0.0051103 -0.000884046 -0.00324675 0.0131729 7.53904e-05
internal_weight=184776 117455 46340 67321 64469 59413 9600 22273 5056 2852 2451 1503 1033 217 71115 36740 3239 948 2624 401 7600 1752 7848 4009 677 33501 2432 231 2285 37140
internal_count=184776 117455 46340 67321 64469 59413 9600 22273 5056 2852 2451 1503 1033 217 71115 36740 3239 948 2624 401 7600 1752 7848 4009 677 33501 2432 231 2285 37140
cat_boundaries=0 1 2 3 4 5 6 7
cat_threshold=1 164 41 1 1 1 45
is_linear=0
shrinkage=0.05


Tree=121
num_leaves=31
num_cat=7
split_feature=1 14 9 3 15 2 2 9 5 1 2 14 9 1 9 15 2 13 0 2 3 2 2 0 5 2 9 3 3 2
split_gain=573.294 354.372 174.726 150.102 94.3254 92.1608 163.253 74.956 66.5601 71.5015 86.7441 66.0795 55.0406 58.2393 53.5631 51.5589 43.3585 40.7926 39.1994 35.3513 31.071 30.8108 29.9681 29.2456 29.0793 26.7207 23.5951 20.1933 31.9248 26.0912
threshold=1.0000000180025095e-35 0.8000000000000026 0 2.6150000000000007 1.0000000180025095e-35 0.93499999999999972 1.6650000000000003 1 0.59657369366100033 2.5000000000000004 1.4150000000000003 0.8000000000000026 2 10.500000000000002 3 0.75000000000000011 1.5749999999999995 -1.0000000180025095e-35 4 1.9950000000000012 8.7000000000000028 1.6650000000000003 1.9150000000000003 5 -0.78260815685241403 0.99500000000000111 6 7.5950000000000006 6.0250000000000012 2.0900000000000021
decision_type=2 2 9 2 2 2 2 9 2 2 2 2 9 2 9 2 2 2 1 2 2 2 2 1 2 2 9 2 2 2
left_child=1 14 15 8 22 11 7 23 9 17 -11 26 -12 -14 -1 25 -17 -2 -13 -10 -16 24 -4 -7 -6 -3 -5 28 29 -8
right_child=3 2 4 5 21 6 27 -9 19 10 12 18 13 -15 20 16 -18 -19 -20 -21 -22 -23 -24 -25 -26 -27 -28 -29 -30 -31
leaf_value=0 -5.1694681469849352e-05 0 0 0 -0.0041112349105543343 -2.7343180337710527e-06 -1.2616397596013157e-06 0 0 0 -8.2150507032097417e-08 0 2.3270807689809527e-05 -2.8968383858463825e-05 0 0 0 0 0 1.1104890307256569e-05 0 -0.00057715482104316875 0 2.1375405188956511e-07 0.02114007338876105 0 -0.0014222075495759279 7.4246635749934617e-06 -0.00012021365289613347 0.0035004959606023903
leaf_weight=63515 99 3775 2859 2267 231 3741 2805 18264 205 470 816 2285 123 94 4605 813 2426 849 339 196 2995 1075 4989 268 446 29726 165 32484 910 941
leaf_count=63515 99 3775 2859 2267 231 3741 2805 18264 205 470 816 2285 123 94 4605 813 2426 849 339 196 2995 1075 4989 268 446 29726 165 32484 910 941
internal_value=0.0017551 0.00386361 0.00726586 -0.00192362 0.0132726 -0.00142704 -0.00197852 -0.005363 -0.0131487 -0.0162383 -0.0230206 0.0050534 -0.0311229 -0.00726872 0.00164663 0.00569116 0.0117166 -0.00548523 0.0105564 0.00573566 0.00561104 0.0027968 0.0156282 0.000833541 0.0111521 0.0051103 -0.000884046 5.11578e-05 -0.00302835 -0.00098772
internal_weight=184776 117455 46340 67321 9600 64469 59413 22273 2852 2451 1503 5056 1033 217 71115 36740 3239 948 2624 401 7600 1752 7848 4009 677 33501 2432 37140 4656 3746
internal_count=184776 117455 46340 67321 9600 64469 59413 22273 2852 2451 1503 5056 1033 217 71115 36740 3239 948 2624 401 7600 1752 7848 4009 677 33501 2432 37140 4656 3746
cat_boundaries=0 1 2 3 4 5 6 7
cat_threshold=1 164 41 1 1 1 45
is_linear=0
shrinkage=0.05


Tree=122
num_leaves=31
num_cat=7
split_feature=1 14 9 3 15 2 2 9 5 1 2 14 9 1 9 15 2 13 0 2 3 2 2 0 5 2 9 3 3 2
split_gain=573.589 354.372 174.726 150.062 94.3254 92.2049 163.09 74.956 66.5601 71.5015 86.7441 66.0795 55.0406 58.2393 53.5631 51.5589 43.3585 40.7926 39.1994 35.3513 31.071 30.8108 29.9681 29.2456 29.0793 26.7207 23.5951 20.4405 30.9341 25.4959
threshold=1.0000000180025095e-35 0.8000000000000026 0 2.6150000000000007 1.0000000180025095e-35 0.93499999999999972 1.6650000000000003 1 0.59657369366100033 2.5000000000000004 1.4150000000000003 0.8000000000000026 2 10.500000000000002 3 0.75000000000000011 1.5749999999999995 -1.0000000180025095e-35 4 1.9950000000000012 8.7000000000000028 1.6650000000000003 1.9150000000000003 5 -0.78260815685241403 0.99500000000000111 6 7.5950000000000006 6.0250000000000012 2.395
decision_type=2 2 9 2 2 2 2 9 2 2 2 2 9 2 9 2 2 2 1 2 2 2 2 1 2 2 9 2 2 2
left_child=1 14 15 8 22 11 7 23 9 17 -11 26 -12 -14 -1 25 -17 -2 -13 -10 -16 24 -4 -7 -6 -3 -5 28 29 -8
right_child=3 2 4 5 21 6 27 -9 19 10 12 18 13 -15 20 16 -18 -19 -20 -21 -22 -23 -24 -25 -26 -27 -28 -29 -30 -31
leaf_value=0 -4.9109947396358548e-05 0 0 0 -0.0039056731650266175 -2.5976021320825002e-06 -1.1985577716212498e-06 0 0 0 -7.8042981680492549e-08 0 2.2107267305319051e-05 -2.7519964665540637e-05 0 0 0 0 0 1.054964579189374e-05 0 -0.00054829707999100037 0 2.0306634929508687e-07 0.020083069719322989 0 -0.0013510971720971316 7.0534303962437878e-06 -0.00011420297025132681 0.0051516277382501717
leaf_weight=63515 99 3775 2859 2267 231 3741 2888 18264 205 470 816 2285 123 94 4605 813 2426 849 339 196 2995 1075 4989 268 446 29726 165 32484 910 858
leaf_count=63515 99 3775 2859 2267 231 3741 2888 18264 205 470 816 2285 123 94 4605 813 2426 849 339 196 2995 1075 4989 268 446 29726 165 32484 910 858
internal_value=0.00175456 0.00386361 0.00726586 -0.00192511 0.0132726 -0.00142859 -0.00198021 -0.005363 -0.0131487 -0.0162383 -0.0230206 0.0050534 -0.0311229 -0.00726872 0.00164663 0.00569116 0.0117166 -0.00548523 0.0105564 0.00573566 0.00561104 0.0027968 0.0156282 0.000833541 0.0111521 0.0051103 -0.000884046 4.84653e-05 -0.00304983 -0.00104111
internal_weight=184776 117455 46340 67321 9600 64469 59413 22273 2852 2451 1503 5056 1033 217 71115 36740 3239 948 2624 401 7600 1752 7848 4009 677 33501 2432 37140 4656 3746
internal_count=184776 117455 46340 67321 9600 64469 59413 22273 2852 2451 1503 5056 1033 217 71115 36740 3239 948 2624 401 7600 1752 7848 4009 677 33501 2432 37140 4656 3746
cat_boundaries=0 1 2 3 4 5 6 7
cat_threshold=1 164 41 1 1 1 45
is_linear=0
shrinkage=0.05


Tree=123
num_leaves=31
num_cat=8
split_feature=1 14 9 3 15 2 2 9 5 1 2 14 9 1 9 15 2 13 0 2 3 2 2 0 5 2 9 14 9 2
split_gain=570.649 354.372 174.726 150.459 94.3254 91.7641 164.717 74.956 66.5601 71.5015 86.7441 66.0795 55.0406 58.2393 53.5631 51.5589 43.3585 40.7926 39.1994 35.3513 31.071 30.8108 29.9681 29.2456 29.0793 26.7207 23.5951 20.0649 20.0279 19.9423
threshold=1.0000000180025095e-35 0.8000000000000026 0 2.6150000000000007 1.0000000180025095e-35 0.93499999999999972 1.6650000000000003 1 0.59657369366100033 2.5000000000000004 1.4150000000000003 0.8000000000000026 2 10.500000000000002 3 0.75000000000000011 1.5749999999999995 -1.0000000180025095e-35 4 1.9950000000000012 8.7000000000000028 1.6650000000000003 1.9150000000000003 5 -0.78260815685241403 0.99500000000000111 6 4.2500000000000009 7 12.750000000000004
decision_type=2 2 9 2 2 2 2 9 2 2 2 2 9 2 9 2 2 2 1 2 2 2 2 1 2 2 9 2 9 2
left_child=1 14 15 8 22 11 7 23 9 17 -11 26 -12 -14 -1 25 -17 -2 28 -10 -16 24 -4 -7 27 -3 -5 -6 -13 -8
right_child=3 2 4 5 21 6 29 -9 19 10 12 18 13 -15 20 16 -18 -19 -20 -21 -22 -23 -24 -25 -26 -27 -28 -29 -30 -31
leaf_value=0 -4.6654450026539787e-05 0 0 0 -0.0037103895067752864 -2.4677220254783753e-06 1.3138968157061993e-06 0 0 0 -7.4140832596467911e-08 0 2.1001903940053097e-05 -2.6143966432263606e-05 0 0 0 0 0 1.0022163502299053e-05 0 -0.00052088222599144807 0 1.9291303183033251e-07 0.019078916233356849 0 -0.001283542313492275 0.038740874334693726 0.039524079321269348 -0.0083609805198236742
leaf_weight=63515 99 3775 2859 2267 124 3741 36323 18264 205 470 816 1685 123 94 4605 813 2426 849 339 196 2995 1075 4989 268 446 29726 165 107 600 817
leaf_count=63515 99 3775 2859 2267 124 3741 36323 18264 205 470 816 1685 123 94 4605 813 2426 849 339 196 2995 1075 4989 268 446 29726 165 107 600 817
internal_value=0.00175997 0.00386361 0.00726586 -0.00191025 0.0132726 -0.00141308 -0.00196338 -0.005363 -0.0131487 -0.0162383 -0.0230206 0.0050534 -0.0311229 -0.00726872 0.00164663 0.00569116 0.0117166 -0.00548523 0.0105564 0.00573566 0.00561104 0.0027968 0.0156282 0.000833541 0.0111521 0.0051103 -0.000884046 -0.00324675 0.0129103 7.53904e-05
internal_weight=184776 117455 46340 67321 9600 64469 59413 22273 2852 2451 1503 5056 1033 217 71115 36740 3239 948 2624 401 7600 1752 7848 4009 677 33501 2432 231 2285 37140
internal_count=184776 117455 46340 67321 9600 64469 59413 22273 2852 2451 1503 5056 1033 217 71115 36740 3239 948 2624 401 7600 1752 7848 4009 677 33501 2432 231 2285 37140
cat_boundaries=0 1 2 3 4 5 6 7 8
cat_threshold=1 164 41 1 1 1 45 71
is_linear=0
shrinkage=0.05


Tree=124
num_leaves=31
num_cat=7
split_feature=1 14 9 3 15 2 2 9 5 1 2 14 9 1 9 15 2 13 0 2 3 2 2 0 5 2 9 3 3 2
split_gain=569.181 354.372 174.726 150.658 94.3254 91.5441 165.534 74.956 66.5601 71.5015 86.7441 66.0795 55.0406 58.2393 53.5631 51.5589 43.3585 40.7926 39.1994 35.3513 31.071 30.8108 29.9681 29.2456 29.0793 26.7207 23.5951 20.6907 30.2761 25.4959
threshold=1.0000000180025095e-35 0.8000000000000026 0 2.6150000000000007 1.0000000180025095e-35 0.93499999999999972 1.6650000000000003 1 0.59657369366100033 2.5000000000000004 1.4150000000000003 0.8000000000000026 2 10.500000000000002 3 0.75000000000000011 1.5749999999999995 -1.0000000180025095e-35 4 1.9950000000000012 8.7000000000000028 1.6650000000000003 1.9150000000000003 5 -0.78260815685241403 0.99500000000000111 6 7.5950000000000006 6.0250000000000012 2.395
decision_type=2 2 9 2 2 2 2 9 2 2 2 2 9 2 9 2 2 2 1 2 2 2 2 1 2 2 9 2 2 2
left_child=1 14 15 8 22 11 7 23 9 17 -11 26 -12 -14 -1 25 -17 -2 -13 -10 -16 24 -4 -7 -6 -3 -5 28 29 -8
right_child=3 2 4 5 21 6 27 -9 19 10 12 18 13 -15 20 16 -18 -19 -20 -21 -22 -23 -24 -25 -26 -27 -28 -29 -30 -31
leaf_value=0 -4.4321727525215017e-05 0 0 0 -0.0035248700314365225 -2.3443359242044564e-06 -1.2043247238254974e-06 0 0 0 -7.0433790966644521e-08 0 1.9951808743050444e-05 -2.4836768110650426e-05 0 0 0 0 0 9.5210553271841005e-06 0 -0.00049483811469186456 0 1.8326738023881588e-07 0.018124970421689014 0 -0.0012193651978176612 6.635064035646289e-06 -0.00010855851657954577 0.0048939806564968777
leaf_weight=63515 99 3775 2859 2267 231 3741 2888 18264 205 470 816 2285 123 94 4605 813 2426 849 339 196 2995 1075 4989 268 446 29726 165 32484 910 858
leaf_count=63515 99 3775 2859 2267 231 3741 2888 18264 205 470 816 2285 123 94 4605 813 2426 849 339 196 2995 1075 4989 268 446 29726 165 32484 910 858
internal_value=0.00176267 0.00386361 0.00726586 -0.00190282 0.0132726 -0.00140533 -0.00195496 -0.005363 -0.0131487 -0.0162383 -0.0230206 0.0050534 -0.0311229 -0.00726872 0.00164663 0.00569116 0.0117166 -0.00548523 0.0105564 0.00573566 0.00561104 0.0027968 0.0156282 0.000833541 0.0111521 0.0051103 -0.000884046 8.8853e-05 -0.00302835 -0.00104111
internal_weight=184776 117455 46340 67321 9600 64469 59413 22273 2852 2451 1503 5056 1033 217 71115 36740 3239 948 2624 401 7600 1752 7848 4009 677 33501 2432 37140 4656 3746
internal_count=184776 117455 46340 67321 9600 64469 59413 22273 2852 2451 1503 5056 1033 217 71115 36740 3239 948 2624 401 7600 1752 7848 4009 677 33501 2432 37140 4656 3746
cat_boundaries=0 1 2 3 4 5 6 7
cat_threshold=1 164 41 1 1 1 45
is_linear=0
shrinkage=0.05


Tree=125
num_leaves=31
num_cat=8
split_feature=1 14 9 3 15 2 2 9 5 1 2 14 9 1 9 15 2 13 0 2 3 2 2 0 5 2 9 14 9 3
split_gain=567.423 354.372 174.726 150.897 94.3254 91.2805 166.516 74.956 66.5601 71.5015 86.7441 66.0795 55.0406 58.2393 53.5631 51.5589 43.3585 40.7926 39.1994 35.3513 31.071 30.8108 29.9681 29.2456 29.0793 26.7207 23.5951 20.0649 20.0279 19.782
threshold=1.0000000180025095e-35 0.8000000000000026 0 2.6150000000000007 1.0000000180025095e-35 0.93499999999999972 1.6650000000000003 1 0.59657369366100033 2.5000000000000004 1.4150000000000003 0.8000000000000026 2 10.500000000000002 3 0.75000000000000011 1.5749999999999995 -1.0000000180025095e-35 4 1.9950000000000012 8.7000000000000028 1.6650000000000003 1.9150000000000003 5 -0.78260815685241403 0.99500000000000111 6 4.2500000000000009 7 18.265000000000004
decision_type=2 2 9 2 2 2 2 9 2 2 2 2 9 2 9 2 2 2 1 2 2 2 2 1 2 2 9 2 9 2
left_child=1 14 15 8 22 11 7 23 9 17 -11 26 -12 -14 -1 25 -17 -2 28 -10 -16 24 -4 29 27 -3 -5 -6 -13 -7
right_child=3 2 4 5 21 6 -8 -9 19 10 12 18 13 -15 20 16 -18 -19 -20 -21 -22 -23 -24 -25 -26 -27 -28 -29 -30 -31
leaf_value=0 -4.2105641148953987e-05 0 0 0 -0.0033486265298646963 -2.3633746815104632e-06 7.2964180059185684e-07 0 0 0 -6.6912101418312296e-08 0 1.8954218305897921e-05 -2.3594929705117906e-05 0 0 0 0 0 9.0450025608248947e-06 0 -0.00047009620895726027 0 1.741040112268751e-07 0.017218721900604562 0 -0.001158396937926778 0.036980074119530859 0.03754787535520588 0.017454252299335282
leaf_weight=63515 99 3775 2859 2267 124 3056 37140 18264 205 470 816 1685 123 94 4605 813 2426 849 339 196 2995 1075 4989 268 446 29726 165 107 600 685
leaf_count=63515 99 3775 2859 2267 124 3056 37140 18264 205 470 816 1685 123 94 4605 813 2426 849 339 196 2995 1075 4989 268 446 29726 165 107 600 685
internal_value=0.00176592 0.00386361 0.00726586 -0.00189391 0.0132726 -0.00139602 -0.00194486 -0.005363 -0.0131487 -0.0162383 -0.0230206 0.0050534 -0.0311229 -0.00726872 0.00164663 0.00569116 0.0117166 -0.00548523 0.0105564 0.00573566 0.00561104 0.0027968 0.0156282 0.000833541 0.0111521 0.0051103 -0.000884046 -0.00324675 0.0129103 -0.000307404
internal_weight=184776 117455 46340 67321 9600 64469 59413 22273 2852 2451 1503 5056 1033 217 71115 36740 3239 948 2624 401 7600 1752 7848 4009 677 33501 2432 231 2285 3741
internal_count=184776 117455 46340 67321 9600 64469 59413 22273 2852 2451 1503 5056 1033 217 71115 36740 3239 948 2624 401 7600 1752 7848 4009 677 33501 2432 231 2285 3741
cat_boundaries=0 1 2 3 4 5 6 7 8
cat_threshold=1 164 41 1 1 1 45 71
is_linear=0
shrinkage=0.05


Tree=126
num_leaves=31
num_cat=6
split_feature=1 14 9 3 15 2 2 5 1 2 14 9 9 1 9 15 2 13 0 2 3 2 2 9 3 3 2 10 5 1
split_gain=572.609 347.6 162.918 149.625 116.471 91.566 170.81 66.5601 71.5015 86.7441 65.2019 64.9055 55.0406 58.2393 53.5631 51.5589 43.3585 40.7926 38.8237 35.3513 31.071 29.9681 26.7207 23.5951 21.4456 29.801 23.712 21.4085 20.5543 26.9286
threshold=1.0000000180025095e-35 0.8000000000000026 0 2.6150000000000007 1.0000000180025095e-35 0.93499999999999972 1.6650000000000003 0.59657369366100033 2.5000000000000004 1.4150000000000003 0.8000000000000026 1 2 10.500000000000002 3 0.75000000000000011 1.5749999999999995 -1.0000000180025095e-35 4 1.9950000000000012 8.7000000000000028 1.9150000000000003 0.99500000000000111 5 7.5950000000000006 6.0250000000000012 2.395 7.5000000000000009 0.68518299032635899 2.5000000000000004
decision_type=2 2 9 2 2 2 2 2 2 2 2 9 9 2 9 2 2 2 1 2 2 2 2 9 2 2 2 2 2 2
left_child=1 14 15 7 21 10 11 8 17 -10 23 -7 -11 -14 -1 22 -17 -2 -12 -9 -16 -4 -3 -5 25 26 -8 -28 29 -27
right_child=3 2 4 5 -6 6 24 19 9 12 18 -13 13 -15 20 16 -18 -19 -20 -21 -22 -23 -24 -25 -26 28 27 -29 -30 -31
leaf_value=0 -4.0000359091507678e-05 0 0 0 0.00033878550780946373 1.6539881066553132e-07 -1.1805905776638155e-06 0 0 -6.3566496347396681e-08 0 0 1.8006507390603023e-05 -2.241518321986201e-05 0 0 0 0 0 8.5927524327836498e-06 0 0 0 -0.0011004770910304391 6.2668287438343821e-06 -0.0091696973396999341 0.0085611922137618767 -0.013406047817115531 9.9359016313834569e-05 -0.00010307366935432474
leaf_weight=63515 99 3775 2859 2267 1752 4009 2888 205 470 816 2285 18264 123 94 4605 813 2426 849 339 196 2995 4989 29726 165 32484 309 638 220 162 439
leaf_count=63515 99 3775 2859 2267 1752 4009 2888 205 470 816 2285 18264 123 94 4605 813 2426 849 339 196 2995 4989 29726 165 32484 309 638 220 162 439
internal_value=0.00173507 0.00384232 0.00721191 -0.00194144 0.0130125 -0.00144566 -0.00199535 -0.0131487 -0.0162383 -0.0230206 0.00501384 -0.00545728 -0.0311229 -0.00726872 0.00164663 0.00569116 0.0117166 -0.00548523 0.0104802 0.00573566 0.00561104 0.0156282 0.0051103 -0.000884046 8.07754e-05 -0.00309278 -0.0011212 0.00617716 -0.0112088 -0.0147059
internal_weight=184776 117455 46340 67321 9600 64469 59413 2852 2451 1503 5056 22273 1033 217 71115 36740 3239 948 2624 401 7600 7848 33501 2432 37140 4656 3746 858 910 748
internal_count=184776 117455 46340 67321 9600 64469 59413 2852 2451 1503 5056 22273 1033 217 71115 36740 3239 948 2624 401 7600 7848 33501 2432 37140 4656 3746 858 910 748
cat_boundaries=0 1 2 3 4 5 6
cat_threshold=1 164 41 1 1 45
is_linear=0
shrinkage=0.05


Tree=127
num_leaves=31
num_cat=6
split_feature=1 14 9 3 15 2 2 5 1 2 14 9 9 1 9 15 2 13 0 2 3 2 2 9 3 3 13 3 5 1
split_gain=571.727 347.6 162.918 149.744 116.471 91.4342 171.309 66.5601 71.5015 86.7441 65.2019 64.9055 55.0406 58.2393 53.5631 51.5589 43.3585 40.7926 38.8237 35.3513 31.071 29.9681 26.7207 23.5951 20.6907 27.885 20.1996 19.9688 19.7235 29.7108
threshold=1.0000000180025095e-35 0.8000000000000026 0 2.6150000000000007 1.0000000180025095e-35 0.93499999999999972 1.6650000000000003 0.59657369366100033 2.5000000000000004 1.4150000000000003 0.8000000000000026 1 2 10.500000000000002 3 0.75000000000000011 1.5749999999999995 -1.0000000180025095e-35 4 1.9950000000000012 8.7000000000000028 1.9150000000000003 0.99500000000000111 5 7.5950000000000006 6.0250000000000012 2.5000000000000004 28.690000000000001 0.68518299032635899 2.5000000000000004
decision_type=2 2 9 2 2 2 2 2 2 2 2 9 9 2 9 2 2 2 1 2 2 2 2 9 2 2 2 2 2 2
left_child=1 14 15 7 21 10 11 8 17 -10 23 27 -11 -14 -1 22 -17 -2 -12 -9 -16 -4 -3 -5 25 -8 -6 -7 29 -27
right_child=3 2 4 5 26 6 24 19 9 12 18 -13 13 -15 20 16 -18 -19 -20 -21 -22 -23 -24 -25 -26 28 -28 -29 -30 -31
leaf_value=0 -3.8000341136934512e-05 0 0 0 -0.00016508907422165822 -1.6795172829153813e-08 -1.1215610487806246e-06 0 0 -6.0388171530026839e-08 0 0 1.7106182021072872e-05 -2.1294424058868911e-05 0 0 0 0 0 8.1631148111444677e-06 0 0 0 -0.0010454532364789172 5.9534873066426627e-06 -0.0087112124727149361 0.066340846530183864 0.03303756661955342 9.4391065498142837e-05 -9.7919985886608512e-05
leaf_weight=63515 99 3775 2859 2267 1492 3868 3746 205 470 816 2285 18264 123 94 4605 813 2426 849 339 196 2995 4989 29726 165 32484 309 260 141 162 439
leaf_count=63515 99 3775 2859 2267 1492 3868 3746 205 470 816 2285 18264 123 94 4605 813 2426 849 339 196 2995 4989 29726 165 32484 309 260 141 162 439
internal_value=0.0017367 0.00384232 0.00721191 -0.00193699 0.0130125 -0.001441 -0.00199031 -0.0131487 -0.0162383 -0.0230206 0.00501384 -0.00545728 -0.0311229 -0.00726872 0.00164663 0.00569116 0.0117166 -0.00548523 0.0104802 0.00573566 0.00561104 0.0156282 0.0051103 -0.000884046 8.8853e-05 -0.00302835 0.00136986 0.000311023 -0.0108791 -0.0143048
internal_weight=184776 117455 46340 67321 9600 64469 59413 2852 2451 1503 5056 22273 1033 217 71115 36740 3239 948 2624 401 7600 7848 33501 2432 37140 4656 1752 4009 910 748
internal_count=184776 117455 46340 67321 9600 64469 59413 2852 2451 1503 5056 22273 1033 217 71115 36740 3239 948 2624 401 7600 7848 33501 2432 37140 4656 1752 4009 910 748
cat_boundaries=0 1 2 3 4 5 6
cat_threshold=1 164 41 1 1 45
is_linear=0
shrinkage=0.05


Tree=128
num_leaves=31
num_cat=6
split_feature=1 14 9 3 15 2 2 5 1 2 14 9 9 1 9 15 2 13 0 2 3 2 2 9 3 3 13 5 1 3
split_gain=572.021 347.6 162.918 149.705 116.471 91.4781 171.586 66.5601 71.5015 86.7441 65.2019 64.4449 55.0406 58.2393 53.5631 51.5589 43.3585 40.7926 38.8237 35.3513 31.071 29.9681 26.7207 23.5951 20.6907 27.885 20.1996 19.7235 29.7108 19.4465
threshold=1.0000000180025095e-35 0.8000000000000026 0 2.6150000000000007 1.0000000180025095e-35 0.93499999999999972 1.6650000000000003 0.59657369366100033 2.5000000000000004 1.4150000000000003 0.8000000000000026 1 2 10.500000000000002 3 0.75000000000000011 1.5749999999999995 -1.0000000180025095e-35 4 1.9950000000000012 8.7000000000000028 1.9150000000000003 0.99500000000000111 5 7.5950000000000006 6.0250000000000012 2.5000000000000004 0.68518299032635899 2.5000000000000004 17.995000000000001
decision_type=2 2 9 2 2 2 2 2 2 2 2 9 9 2 9 2 2 2 1 2 2 2 2 9 2 2 2 2 2 2
left_child=1 14 15 7 21 10 11 8 17 -10 23 -7 -11 -14 -1 22 -17 -2 -12 -9 -16 29 -3 -5 25 -8 -6 28 -27 -4
right_child=3 2 4 5 26 6 24 19 9 12 18 -13 13 -15 20 16 -18 -19 -20 -21 -22 -23 -24 -25 -26 27 -28 -29 -30 -31
leaf_value=0 -3.6100324080090566e-05 0 0 0 -0.00015683462051057086 1.5796862877371243e-07 -1.0654829963415935e-06 0 0 -5.7368762953525502e-08 0 0 1.6250872920019226e-05 -2.0229702855925464e-05 0 0 0 0 0 7.754959070587244e-06 0 0 0 -0.00099318057465497137 5.6558129413105303e-06 -0.0082756518490791908 0.063023804203674663 8.9671512223235699e-05 -9.3023986592278082e-05 0.050000000000000003
leaf_weight=63515 99 3775 2171 2267 1492 4009 3746 205 470 816 2285 18264 123 94 4605 813 2426 849 339 196 2995 4989 29726 165 32484 309 260 162 439 688
leaf_count=63515 99 3775 2171 2267 1492 4009 3746 205 470 816 2285 18264 123 94 4605 813 2426 849 339 196 2995 4989 29726 165 32484 309 260 162 439 688
internal_value=0.00173616 0.00384232 0.00721191 -0.00193847 0.0130125 -0.00144255 -0.00199199 -0.0131487 -0.0162383 -0.0230206 0.00501384 -0.00546177 -0.0311229 -0.00726872 0.00164663 0.00569116 0.0117166 -0.00548523 0.0104802 0.00573566 0.00561104 0.0156282 0.0051103 -0.000884046 8.8853e-05 -0.00302835 0.00136986 -0.0108791 -0.0143048 0.0197097
internal_weight=184776 117455 46340 67321 9600 64469 59413 2852 2451 1503 5056 22273 1033 217 71115 36740 3239 948 2624 401 7600 7848 33501 2432 37140 4656 1752 910 748 2859
internal_count=184776 117455 46340 67321 9600 64469 59413 2852 2451 1503 5056 22273 1033 217 71115 36740 3239 948 2624 401 7600 7848 33501 2432 37140 4656 1752 910 748 2859
cat_boundaries=0 1 2 3 4 5 6
cat_threshold=1 164 41 1 1 45
is_linear=0
shrinkage=0.05


Tree=129
num_leaves=31
num_cat=6
split_feature=1 14 3 9 2 2 15 5 1 2 14 9 9 1 9 15 2 13 0 2 3 2 9 14 1 4 13 5 2 1
split_gain=570.975 306.313 146.273 100.514 95.3421 157.409 75.7602 66.5601 71.5015 86.7441 65.2019 64.4449 55.0406 58.2393 53.5631 44.0817 46.9943 40.7926 38.8237 35.3513 31.071 25.3091 23.5951 21.5974 22.9146 26.8786 30.9269 23.4343 20.2783 135.565
threshold=1.0000000180025095e-35 0.8000000000000026 2.6150000000000007 0 0.93499999999999972 1.6650000000000003 1.0000000180025095e-35 0.59657369366100033 2.5000000000000004 1.4150000000000003 0.8000000000000026 1 2 10.500000000000002 3 0.75000000000000011 1.5749999999999995 -1.0000000180025095e-35 4 1.9950000000000012 8.7000000000000028 0.99500000000000111 5 2.9500000000000033 14.500000000000002 -0.11537030561287276 -1.0000000180025095e-35 0.63270532856251616 12.025000000000007 4.5000000000000009
decision_type=2 2 2 9 2 2 2 2 2 2 2 9 9 2 9 2 2 2 1 2 2 2 9 2 2 2 2 2 2 2
left_child=1 14 7 15 10 11 -5 8 17 -10 22 -6 -11 -14 -1 21 -17 -2 -12 -9 -16 -3 -4 28 25 -25 -27 -28 -7 -30
right_child=2 3 4 6 5 23 -8 19 9 12 18 -13 13 -15 20 16 -18 -19 -20 -21 -22 -23 -24 24 -26 26 27 -29 29 -31
leaf_value=0 -3.4295307876086593e-05 0 0 0 1.5007019733502683e-07 -1.0122088465245139e-06 0.00033794241715560117 0 0 -5.4500324805849222e-08 0 0 1.5438329274018266e-05 -1.9218217713129193e-05 0 0 0 0 0 7.3672111170578819e-06 0 0 -0.00094352154592222269 -0.00040550106045585956 0.028490895698802698 -0.046314407804591395 0.0029754956208335875 0.019937456483172467 0.01861204822961977 -0.17538496257027403
leaf_weight=63515 99 3811 2267 7466 4009 31005 1653 205 470 816 2285 18264 123 94 4605 840 2495 849 339 196 2995 30075 165 2710 1015 89 1726 99 204 292
leaf_count=63515 99 3811 2267 7466 4009 31005 1653 205 470 816 2285 18264 123 94 4605 840 2495 849 339 196 2995 30075 165 2710 1015 89 1726 99 204 292
internal_value=0.00160356 0.0037078 -0.00206771 0.00687095 -0.0015775 -0.00213842 0.0115785 -0.0131487 -0.0162383 -0.0230206 0.00501384 -0.00546177 -0.0311229 -0.00726872 0.00164663 0.00571298 0.0111994 -0.00548523 0.0104802 0.00573566 0.00561104 0.0051747 -0.000884046 -0.000145396 0.00270438 0.00121107 0.00574713 0.00715068 -0.000655535 -0.0106855
internal_weight=184776 117455 67321 46340 64469 59413 9119 2852 2451 1503 5056 22273 1033 217 71115 37221 3335 948 2624 401 7600 33886 2432 37140 5639 4624 1914 1825 31501 496
internal_count=184776 117455 67321 46340 64469 59413 9119 2852 2451 1503 5056 22273 1033 217 71115 37221 3335 948 2624 401 7600 33886 2432 37140 5639 4624 1914 1825 31501 496
cat_boundaries=0 1 2 3 4 5 6
cat_threshold=65 164 41 1 1 45
is_linear=0
shrinkage=0.05


Tree=130
num_leaves=31
num_cat=7
split_feature=1 14 3 9 2 2 15 14 9 5 1 2 9 9 15 2 13 0 2 3 1 2 9 9 2 1 14 7 2 14
split_gain=560.742 306.313 134.915 100.514 94.4021 160.775 75.7602 65.2019 64.4449 63.1447 64.107 77.9068 84.4521 53.5631 44.0817 46.9943 40.7926 38.8237 35.3513 31.071 29.7808 25.3091 23.5951 19.8259 21.054 150.715 99.7182 72.2515 59.8437 51.7157
threshold=1.0000000180025095e-35 0.8000000000000026 2.6150000000000007 0 0.93499999999999972 1.6650000000000003 1.0000000180025095e-35 0.8000000000000026 1 0.59657369366100033 2.5000000000000004 1.4150000000000003 2 3 0.75000000000000011 1.5749999999999995 -1.0000000180025095e-35 4 1.9950000000000012 8.7000000000000028 10.500000000000002 0.99500000000000111 5 6 3.1050000000000009 2.5000000000000004 0.25000000000000006 1.0000000180025095e-35 4.5150000000000006 0.25000000000000006
decision_type=2 2 2 9 2 2 2 2 9 2 2 2 9 9 2 2 2 1 2 2 2 2 9 9 2 2 2 2 2 2
left_child=1 13 9 14 7 8 -5 22 -6 10 16 -12 -13 -1 21 -16 -2 -9 -11 -15 -14 -3 -4 24 -7 26 27 -26 -27 -30
right_child=2 3 4 6 5 23 -8 17 -10 18 11 12 20 19 15 -17 -18 -19 -20 -21 -22 -23 -24 -25 25 28 -28 -29 29 -31
leaf_value=0 -3.2580542482280041e-05 0 0 0 1.4256668746827548e-07 -1.0433860778220054e-05 0.00032104529629782276 0 0 0 0 -5.1775308565556763e-08 1.4666412810317352e-05 0 0 0 0 0 6.9988505612049876e-06 0 -1.8257306827472732e-05 0 -0.00089634546862611155 0.00036888720775409261 0.00092442962732451899 0.001942424134919707 0.0013972202224431963 0.0011857343766079609 -0.033695569946093844 -0.0074922599980708163
leaf_weight=63515 99 3811 2267 7466 4009 23260 1653 2285 18264 205 470 816 123 4605 840 2495 849 339 196 2995 94 30075 165 5536 725 2058 1595 343 1167 2456
leaf_count=63515 99 3811 2267 7466 4009 23260 1653 2285 18264 205 470 816 123 4605 840 2495 849 339 196 2995 94 30075 165 5536 725 2058 1595 343 1167 2456
internal_value=0.00162251 0.0037078 -0.00201572 0.00687095 -0.00154493 -0.00210308 0.0115785 0.00501384 -0.00546177 -0.0126578 -0.0156671 -0.0220892 -0.0297677 0.00164663 0.00571298 0.0111994 -0.00548523 0.0104802 0.00573566 0.00561104 -0.00110132 0.0051747 -0.000884046 -8.8853e-05 -0.000572531 0.00158198 0.0113969 0.023221 -0.00301883 -0.00688656
internal_weight=184776 117455 67321 46340 64469 59413 9119 5056 22273 2852 2451 1503 1033 71115 37221 3335 948 2624 401 7600 217 33886 2432 37140 31604 8344 2663 1068 5681 3623
internal_count=184776 117455 67321 46340 64469 59413 9119 5056 22273 2852 2451 1503 1033 71115 37221 3335 948 2624 401 7600 217 33886 2432 37140 31604 8344 2663 1068 5681 3623
cat_boundaries=0 1 2 3 4 5 6 7
cat_threshold=65 164 41 1 1 45 135
is_linear=0
shrinkage=0.05


Tree=131
num_leaves=31
num_cat=7
split_feature=1 14 3 9 2 2 15 14 9 5 1 2 9 9 15 2 13 0 2 3 1 2 9 13 9 2 1 3 2 1
split_gain=544.274 306.313 139.772 100.514 91.742 170.589 75.7602 65.2019 64.4449 58.8074 64.107 77.9068 84.4521 53.5631 44.0817 46.9943 40.7926 38.8237 31.8013 31.071 29.7808 25.3091 23.5951 18.9105 18.7816 18.6851 168.88 18.5175 18.3759 75.2057
threshold=1.0000000180025095e-35 0.8000000000000026 2.6150000000000007 0 0.93499999999999972 1.6650000000000003 1.0000000180025095e-35 0.8000000000000026 1 0.59657369366100033 2.5000000000000004 1.4150000000000003 2 3 0.75000000000000011 1.5749999999999995 -1.0000000180025095e-35 4 1.9950000000000012 8.7000000000000028 10.500000000000002 0.99500000000000111 5 2.5000000000000004 6 12.750000000000004 4.5000000000000009 28.690000000000001 3.2550000000000003 2.5000000000000004
decision_type=2 2 2 9 2 2 2 2 9 2 2 2 9 9 2 2 2 1 2 2 2 2 9 2 9 2 2 2 2 2
left_child=1 13 9 14 7 8 -5 22 27 10 16 -12 -13 -1 21 -16 -2 24 -11 -15 -14 -3 -4 -8 -9 28 -27 -6 -7 -30
right_child=2 3 4 6 5 25 23 17 -10 18 11 12 20 19 15 -17 -18 -19 -20 -21 -22 -23 -24 -25 -26 26 -28 -29 29 -31
leaf_value=0 -3.0951515358168537e-05 0 0 0 -3.8485689866546854e-08 -2.0839964940765761e-06 -0.00018194227515770935 0 0 0 0 -4.9186543137278926e-08 1.3933092169801485e-05 0 0 0 0 0 6.6489080331447382e-06 0 -1.7344441486099095e-05 0 -0.00085152819519480601 0.059839664607818269 0.035670481587445582 0.0093887125271882484 -0.16043894801932829 0.031385665758300062 0.00087451913718440417 -0.00084232255710999795
leaf_weight=63515 99 3811 2267 7466 3868 27327 1395 1685 18264 205 470 816 123 4605 840 2495 849 339 196 2995 94 30075 165 258 600 361 456 141 2861 6135
leaf_count=63515 99 3811 2267 7466 3868 27327 1395 1685 18264 205 470 816 123 4605 840 2495 849 339 196 2995 94 30075 165 258 600 361 456 141 2861 6135
internal_value=0.00165335 0.0037078 -0.00193105 0.00687095 -0.00145186 -0.00200209 0.0115785 0.00501384 -0.00546177 -0.012763 -0.0156671 -0.0220892 -0.0297677 0.00164663 0.00571298 0.0111994 -0.00548523 0.0104802 0.00498753 0.00561104 -0.00110132 0.0051747 -0.000884046 0.00190563 0.0128228 7.26979e-05 -0.00740514 0.000286141 0.000240894 0.00220098
internal_weight=184776 117455 67321 46340 64469 59413 9119 5056 22273 2852 2451 1503 1033 71115 37221 3335 948 2624 401 7600 217 33886 2432 1653 2285 37140 817 4009 36323 8996
internal_count=184776 117455 67321 46340 64469 59413 9119 5056 22273 2852 2451 1503 1033 71115 37221 3335 948 2624 401 7600 217 33886 2432 1653 2285 37140 817 4009 36323 8996
cat_boundaries=0 1 2 3 4 5 6 7
cat_threshold=65 164 41 1 1 45 71
is_linear=0
shrinkage=0.05


Tree=132
num_leaves=31
num_cat=8
split_feature=1 14 3 9 2 2 15 14 9 5 1 2 9 9 15 2 13 0 2 3 1 2 9 13 3 9 4 13 3 9
split_gain=545.135 306.313 139.657 100.514 91.3133 170.257 75.7602 64.7653 64.4449 58.8074 64.107 77.9068 84.4521 53.5631 44.0817 46.9943 40.7926 38.6365 31.8013 31.071 29.7808 25.3091 23.5951 18.9105 18.5175 18.1729 16.8119 16.6689 16.1716 29.3017
threshold=1.0000000180025095e-35 0.8000000000000026 2.6150000000000007 0 0.93499999999999972 1.6650000000000003 1.0000000180025095e-35 0.8000000000000026 1 0.59657369366100033 2.5000000000000004 1.4150000000000003 2 3 0.75000000000000011 1.5749999999999995 -1.0000000180025095e-35 4 1.9950000000000012 8.7000000000000028 10.500000000000002 0.99500000000000111 5 2.5000000000000004 28.690000000000001 6 0.89974614281087761 2.5000000000000004 11.395000000000001 7
decision_type=2 2 2 9 2 2 2 2 9 2 2 2 9 9 2 2 2 1 2 2 2 2 9 2 2 9 2 2 2 9
left_child=1 13 9 14 7 8 -5 22 24 10 16 -12 -13 -1 21 -16 -2 25 -11 -15 -14 -3 -4 -8 26 -9 -6 -7 -10 -30
right_child=2 3 4 6 5 27 23 17 28 18 11 12 20 19 15 -17 -18 -19 -20 -21 -22 -23 -24 -25 -26 -27 -28 -29 29 -31
leaf_value=0 -2.940393959026122e-05 0 0 0 -2.1369865669960521e-06 4.7585656691394237e-07 -0.00017284516139981498 0 0 0 0 -4.6727215980414978e-08 1.3236437561311413e-05 0 0 0 0 0 6.3164626314875014e-06 0 -1.6477219411794138e-05 0 -0.00080895178543506576 0.05684768137742735 0.029816382470385063 0.033886957508073301 0.00080671538848891557 0.14313050299379648 0 0.0084455594273141373
leaf_weight=63515 99 3811 2267 7466 3617 37019 1395 1685 11738 205 470 816 123 4605 840 2495 849 339 196 2995 94 30075 165 258 141 600 251 121 5813 713
leaf_count=63515 99 3811 2267 7466 3617 37019 1395 1685 11738 205 470 816 123 4605 840 2495 849 339 196 2995 94 30075 165 258 141 600 251 121 5813 713
internal_value=0.00165173 0.0037078 -0.0019355 0.00687095 -0.00145651 -0.00200545 0.0115785 0.00499407 -0.00546177 -0.012763 -0.0156671 -0.0220892 -0.0297677 0.00164663 0.00571298 0.0111994 -0.00548523 0.0104421 0.00498753 0.00561104 -0.00110132 0.0051747 -0.000884046 0.00190563 0.000286141 0.012779 -0.000361944 6.73129e-05 -0.00671993 -0.00871897
internal_weight=184776 117455 67321 46340 64469 59413 9119 5056 22273 2852 2451 1503 1033 71115 37221 3335 948 2624 401 7600 217 33886 2432 1653 4009 2285 3868 37140 18264 6526
internal_count=184776 117455 67321 46340 64469 59413 9119 5056 22273 2852 2451 1503 1033 71115 37221 3335 948 2624 401 7600 217 33886 2432 1653 4009 2285 3868 37140 18264 6526
cat_boundaries=0 1 2 3 4 5 6 7 8
cat_threshold=65 164 41 1 1 45 71 1
is_linear=0
shrinkage=0.05


Tree=133
num_leaves=31
num_cat=9
split_feature=1 14 3 9 2 2 15 14 9 5 1 2 9 9 15 2 13 0 2 3 1 0 2 9 3 13 10 9 9 2
split_gain=549.16 306.313 139.121 100.514 90.8089 172.699 75.7602 63.8966 59.9281 58.8074 64.107 77.9068 84.4521 53.5631 44.0817 46.9943 40.7926 38.2635 31.8013 31.071 29.7808 29.4363 25.3091 23.5951 22.4964 18.9105 17.4664 16.9843 16.2779 19.3635
threshold=1.0000000180025095e-35 0.8000000000000026 2.6150000000000007 0 0.93499999999999972 1.6650000000000003 1.0000000180025095e-35 0.8000000000000026 1 0.59657369366100033 2.5000000000000004 1.4150000000000003 2 3 0.75000000000000011 1.5749999999999995 -1.0000000180025095e-35 4 1.9950000000000012 8.7000000000000028 10.500000000000002 5 0.99500000000000111 6 18.265000000000004 2.5000000000000004 7.5000000000000009 7 8 3.1050000000000009
decision_type=2 2 2 9 2 2 2 2 9 2 2 2 9 9 2 2 2 1 2 2 2 1 2 9 2 2 2 9 9 2
left_child=1 13 9 14 7 8 -5 23 21 10 16 -12 -13 -1 22 -16 -2 27 -11 -15 -14 24 -3 -4 -6 -8 -23 -9 29 -7
right_child=2 3 4 6 5 28 25 17 -10 18 11 12 20 19 15 -17 -18 -19 -20 -21 -22 26 -24 -25 -26 -27 -28 -29 -30 -31
leaf_value=0 -2.7933742610747328e-05 0 0 0 -2.3403168351238875e-06 -1.0077897888338852e-05 -0.00016420290332983534 0 0 0 0 -4.439085518139423e-08 1.2574615683245841e-05 0 0 0 0 0 6.0006394999131261e-06 0 -1.5653358441204429e-05 -0.0011830374053992405 0 -0.00076850419616331241 0.015398213147951556 0.054005297308555994 2.4421196593799166e-07 0.032192609632669643 0.00035052325436274608 0.00036522189618022339
leaf_weight=63515 99 3811 2267 7466 3056 23260 1395 1685 18264 205 470 816 123 4605 840 2495 849 339 196 2995 94 83 30075 165 685 258 185 600 5536 8344
leaf_count=63515 99 3811 2267 7466 3056 23260 1395 1685 18264 205 470 816 123 4605 840 2495 849 339 196 2995 94 83 30075 165 685 258 185 600 5536 8344
internal_value=0.00164415 0.0037078 -0.0019563 0.00687095 -0.00147823 -0.00202565 0.0115785 0.00495451 -0.00550667 -0.012763 -0.0156671 -0.0220892 -0.0297677 0.00164663 0.00571298 0.0111994 -0.00548523 0.0103659 0.00498753 0.00561104 -0.00110132 3.73227e-05 0.0051747 -0.000884046 -0.00110933 0.00190563 0.0160448 0.0126915 6.19278e-05 -0.000376416
internal_weight=184776 117455 67321 46340 64469 59413 9119 5056 22273 2852 2451 1503 1033 71115 37221 3335 948 2624 401 7600 217 4009 33886 2432 3741 1653 268 2285 37140 31604
internal_count=184776 117455 67321 46340 64469 59413 9119 5056 22273 2852 2451 1503 1033 71115 37221 3335 948 2624 401 7600 217 4009 33886 2432 3741 1653 268 2285 37140 31604
cat_boundaries=0 1 2 3 4 5 6 7 8 9
cat_threshold=65 164 41 1 1 1 45 71 135
is_linear=0
shrinkage=0.05


Tree=134
num_leaves=31
num_cat=8
split_feature=1 14 3 9 2 2 15 14 9 5 1 2 9 9 15 2 13 0 2 3 1 0 2 9 3 13 10 3 9 2
split_gain=527.769 306.313 142.004 100.514 93.8594 178.491 75.7602 62.6045 59.4854 58.8074 64.107 77.9068 84.4521 53.5631 44.0817 46.9943 40.7926 37.7074 31.8013 31.071 29.7808 29.5281 25.3091 23.5951 21.0628 18.9105 17.4664 16.1716 29.3017 23.9339
threshold=1.0000000180025095e-35 0.8000000000000026 2.6150000000000007 0 1.6650000000000003 0.93499999999999972 1.0000000180025095e-35 0.8000000000000026 1 0.59657369366100033 2.5000000000000004 1.4150000000000003 2 3 0.75000000000000011 1.5749999999999995 -1.0000000180025095e-35 4 1.9950000000000012 8.7000000000000028 10.500000000000002 5 0.99500000000000111 6 18.265000000000004 2.5000000000000004 7.5000000000000009 11.395000000000001 7 1.5249999999999997
decision_type=2 2 2 9 2 2 2 2 9 2 2 2 9 9 2 2 2 1 2 2 2 1 2 9 2 2 2 2 9 2
left_child=1 13 9 14 5 7 -5 23 21 10 16 -12 -13 -1 22 -16 -2 -9 -11 -15 -14 24 -3 -4 -7 -8 -23 -10 29 -29
right_child=2 3 4 6 -6 8 25 17 27 18 11 12 20 19 15 -17 -18 -19 -20 -21 -22 26 -24 -25 -26 -27 -28 28 -30 -31
leaf_value=0 -2.6537055480208017e-05 0 0 0 9.5595863298518794e-07 -2.2233009933676933e-06 -0.00015599275816333691 0 0 0 0 -4.2171312422324521e-08 1.1945884899083549e-05 0 0 0 0 0 5.7006075249174695e-06 0 -1.4870690519144209e-05 -0.0011238855351292784 0 -0.00073007898635514675 0.01462830249055398 0.051305032443128187 2.3200136764109208e-07 0 0.0080232814559484285 0.00071328672682167407
leaf_weight=63515 99 3811 2267 7466 37140 3056 1395 2285 11738 205 470 816 123 4605 840 2495 849 339 196 2995 94 83 30075 165 685 258 185 5497 713 316
leaf_count=63515 99 3811 2267 7466 37140 3056 1395 2285 11738 205 470 816 123 4605 840 2495 849 339 196 2995 94 83 30075 165 685 258 185 5497 713 316
internal_value=0.00168474 0.0037078 -0.00184489 0.00687095 -0.00136189 -0.00358593 0.0115785 0.00489517 -0.00551116 -0.012763 -0.0156671 -0.0220892 -0.0297677 0.00164663 0.00571298 0.0111994 -0.00548523 0.0102515 0.00498753 0.00561104 -0.00110132 1.24409e-05 0.0051747 -0.000884046 -0.00113606 0.00190563 0.0160448 -0.00671993 -0.00871897 -0.00988322
internal_weight=184776 117455 67321 46340 64469 27329 9119 5056 22273 2852 2451 1503 1033 71115 37221 3335 948 2624 401 7600 217 4009 33886 2432 3741 1653 268 18264 6526 5813
internal_count=184776 117455 67321 46340 64469 27329 9119 5056 22273 2852 2451 1503 1033 71115 37221 3335 948 2624 401 7600 217 4009 33886 2432 3741 1653 268 18264 6526 5813
cat_boundaries=0 1 2 3 4 5 6 7 8
cat_threshold=65 164 41 1 1 1 45 1
is_linear=0
shrinkage=0.05


Tree=135
num_leaves=31
num_cat=8
split_feature=1 14 3 9 2 2 15 14 5 1 2 9 9 9 15 2 13 0 2 3 0 1 2 9 3 10 3 9 2 3
split_gain=527.036 302.529 141.773 94.9443 94.93 179.417 87.8287 62.6045 58.8074 64.107 77.9068 84.4521 57.9216 53.5631 44.0817 46.9943 40.7926 37.7074 31.8013 31.071 29.8967 29.7808 25.3091 23.5951 18.6033 17.4664 16.4924 29.4883 22.5543 29.2603
threshold=1.0000000180025095e-35 0.8000000000000026 2.6150000000000007 0 1.6650000000000003 0.93499999999999972 1.0000000180025095e-35 0.8000000000000026 0.59657369366100033 2.5000000000000004 1.4150000000000003 1 2 3 0.75000000000000011 1.5749999999999995 -1.0000000180025095e-35 4 1.9950000000000012 8.7000000000000028 5 10.500000000000002 0.99500000000000111 6 18.265000000000004 7.5000000000000009 11.395000000000001 7 1.5449999999999984 15.375000000000002
decision_type=2 2 2 9 2 2 2 2 2 2 2 9 9 9 2 2 2 1 2 2 1 2 2 9 2 2 2 9 2 2
left_child=1 13 8 14 5 7 -5 23 9 16 -11 -12 20 -1 22 -16 -2 -9 -10 -15 24 -13 -3 -4 -7 -22 -14 28 -28 -30
right_child=2 3 4 6 -6 12 -8 17 18 10 11 21 26 19 15 -17 -18 -19 -20 -21 25 -23 -24 -25 -26 -27 27 -29 29 -31
leaf_value=0 -2.5210202706199561e-05 0 0 0 9.0816070133592861e-07 -2.1121359436993084e-06 0.0003387421863854656 0 0 0 -4.0062746801208291e-08 1.1348590654129372e-05 0 0 0 0 0 0 5.4155771486715955e-06 0 -0.0010676912583728144 -1.4127155993186999e-05 0 -0.00069357503703738942 0.013896887366026279 2.2040129925903746e-07 0 0.007622117383151006 -5.1037071003343483e-05 0.0019519925265736257
leaf_weight=63515 99 3811 2267 7466 37140 3056 1653 2285 205 470 816 123 11738 4605 840 2495 849 339 196 2995 83 94 30075 165 685 185 5520 713 86 207
leaf_count=63515 99 3811 2267 7466 37140 3056 1653 2285 205 470 816 123 11738 4605 840 2495 849 339 196 2995 83 94 30075 165 685 185 5520 713 86 207
internal_value=0.00167338 0.00369503 -0.0018538 0.00683858 -0.0013712 -0.00360789 0.0114142 0.00489517 -0.012763 -0.0156671 -0.0220892 -0.0297677 -0.0055381 0.00164663 0.00571298 0.0111994 -0.00548523 0.0102515 0.00498753 0.00561104 -8.70863e-05 -0.00110132 0.0051747 -0.000884046 -0.00124298 0.0160448 -0.00673087 -0.00874962 -0.00991757 0.00358362
internal_weight=184776 117455 67321 46340 64469 27329 9119 5056 2852 2451 1503 1033 22273 71115 37221 3335 948 2624 401 7600 4009 217 33886 2432 3741 268 18264 6526 5813 293
internal_count=184776 117455 67321 46340 64469 27329 9119 5056 2852 2451 1503 1033 22273 71115 37221 3335 948 2624 401 7600 4009 217 33886 2432 3741 268 18264 6526 5813 293
cat_boundaries=0 1 2 3 4 5 6 7 8
cat_threshold=65 41 164 1 1 1 45 1
is_linear=0
shrinkage=0.05


Tree=136
num_leaves=31
num_cat=8
split_feature=1 14 3 2 2 9 15 14 5 1 2 9 9 9 15 2 13 0 2 3 0 1 2 9 3 10 3 9 2 3
split_gain=527.318 302.529 141.734 95.109 179.571 94.9443 87.8287 62.6045 58.8074 64.107 77.9068 84.4521 58.017 53.5631 44.0817 46.9943 40.7926 37.7074 31.8013 31.071 29.8967 29.7808 25.3091 23.5951 18.6033 17.4664 16.654 28.7214 22.5543 29.2603
threshold=1.0000000180025095e-35 0.8000000000000026 2.6150000000000007 1.6650000000000003 0.93499999999999972 0 1.0000000180025095e-35 0.8000000000000026 0.59657369366100033 2.5000000000000004 1.4150000000000003 1 2 3 0.75000000000000011 1.5749999999999995 -1.0000000180025095e-35 4 1.9950000000000012 8.7000000000000028 5 10.500000000000002 0.99500000000000111 6 18.265000000000004 7.5000000000000009 11.395000000000001 7 1.5449999999999984 15.375000000000002
decision_type=2 2 2 2 2 9 2 2 2 2 2 9 9 9 2 2 2 1 2 2 1 2 2 9 2 2 2 9 2 2
left_child=1 13 8 4 7 14 -7 23 9 16 -11 -12 20 -1 22 -16 -2 -9 -10 -15 24 -13 -3 -4 -6 -22 -14 28 -28 -30
right_child=2 5 3 -5 12 6 -8 17 18 10 11 21 26 19 15 -17 -18 -19 -20 -21 25 -23 -24 -25 -26 -27 27 -29 29 -31
leaf_value=0 -2.3949692570890415e-05 0 0 8.6275266626913217e-07 -2.0065291465143432e-06 0 0.0003218050770661951 0 0 0 -3.805960946114788e-08 1.0781161121422902e-05 0 0 0 0 0 0 5.1447982912380164e-06 0 -0.0010143066954541736 -1.3420798193527648e-05 0 -0.00065889628518552002 0.013202042997724968 2.093812342960856e-07 0 0.0072410115139934566 -4.8485217453176309e-05 0.0018543929002449444
leaf_weight=63515 99 3811 2267 37140 3056 7466 1653 2285 205 470 816 123 11738 4605 840 2495 849 339 196 2995 83 94 30075 165 685 185 5520 713 86 207
leaf_count=63515 99 3811 2267 37140 3056 7466 1653 2285 205 470 816 123 11738 4605 840 2495 849 339 196 2995 83 94 30075 165 685 185 5520 713 86 207
internal_value=0.00167284 0.00369503 -0.00185529 -0.00137275 -0.00361155 0.00683858 0.0114142 0.00489517 -0.012763 -0.0156671 -0.0220892 -0.0297677 -0.00554259 0.00164663 0.00571298 0.0111994 -0.00548523 0.0102515 0.00498753 0.00561104 -8.70863e-05 -0.00110132 0.0051747 -0.000884046 -0.00124298 0.0160448 -0.00673635 -0.00876494 -0.00991757 0.00358362
internal_weight=184776 117455 67321 64469 27329 46340 9119 5056 2852 2451 1503 1033 22273 71115 37221 3335 948 2624 401 7600 4009 217 33886 2432 3741 268 18264 6526 5813 293
internal_count=184776 117455 67321 64469 27329 46340 9119 5056 2852 2451 1503 1033 22273 71115 37221 3335 948 2624 401 7600 4009 217 33886 2432 3741 268 18264 6526 5813 293
cat_boundaries=0 1 2 3 4 5 6 7 8
cat_threshold=65 41 164 1 1 1 45 1
is_linear=0
shrinkage=0.05


Tree=137
num_leaves=31
num_cat=8
split_feature=1 14 3 2 2 9 15 14 5 1 2 9 9 9 15 2 13 0 2 3 0 1 2 9 3 10 3 9 2 3
split_gain=527.318 302.529 141.734 95.109 179.571 94.9443 87.8287 62.6045 58.8074 64.107 77.9068 84.4521 58.017 53.5631 44.0817 46.9943 40.7926 37.7074 31.8013 31.071 29.8967 29.7808 25.3091 23.5951 18.6033 17.4664 16.654 28.7214 22.5543 29.2603
threshold=1.0000000180025095e-35 0.8000000000000026 2.6150000000000007 1.6650000000000003 0.93499999999999972 0 1.0000000180025095e-35 0.8000000000000026 0.59657369366100033 2.5000000000000004 1.4150000000000003 1 2 3 0.75000000000000011 1.5749999999999995 -1.0000000180025095e-35 4 1.9950000000000012 8.7000000000000028 5 10.500000000000002 0.99500000000000111 6 18.265000000000004 7.5000000000000009 11.395000000000001 7 1.5449999999999984 15.375000000000002
decision_type=2 2 2 2 2 9 2 2 2 2 2 9 9 9 2 2 2 1 2 2 1 2 2 9 2 2 2 9 2 2
left_child=1 13 8 4 7 14 -7 23 9 16 -11 -12 20 -1 22 -16 -2 -9 -10 -15 24 -13 -3 -4 -6 -22 -14 28 -28 -30
right_child=2 5 3 -5 12 6 -8 17 18 10 11 21 26 19 15 -17 -18 -19 -20 -21 25 -23 -24 -25 -26 -27 27 -29 29 -31
leaf_value=0 -2.2752207942344782e-05 0 0 8.1961503295567557e-07 -1.9062026891886259e-06 0 0.00030571482321288816 0 0 0 -3.6156628988090487e-08 1.0242103065351758e-05 0 0 0 0 0 0 4.8875583766761155e-06 0 -0.00096359136068146503 -1.2749758283851267e-05 0 -0.00062595147092624399 0.012541940847838717 1.989121725812813e-07 0 0.0068789609382937829 -4.6060956580517491e-05 0.0017616732552326972
leaf_weight=63515 99 3811 2267 37140 3056 7466 1653 2285 205 470 816 123 11738 4605 840 2495 849 339 196 2995 83 94 30075 165 685 185 5520 713 86 207
leaf_count=63515 99 3811 2267 37140 3056 7466 1653 2285 205 470 816 123 11738 4605 840 2495 849 339 196 2995 83 94 30075 165 685 185 5520 713 86 207
internal_value=0.00167284 0.00369503 -0.00185529 -0.00137275 -0.00361155 0.00683858 0.0114142 0.00489517 -0.012763 -0.0156671 -0.0220892 -0.0297677 -0.00554259 0.00164663 0.00571298 0.0111994 -0.00548523 0.0102515 0.00498753 0.00561104 -8.70863e-05 -0.00110132 0.0051747 -0.000884046 -0.00124298 0.0160448 -0.00673635 -0.00876494 -0.00991757 0.00358362
internal_weight=184776 117455 67321 64469 27329 46340 9119 5056 2852 2451 1503 1033 22273 71115 37221 3335 948 2624 401 7600 4009 217 33886 2432 3741 268 18264 6526 5813 293
internal_count=184776 117455 67321 64469 27329 46340 9119 5056 2852 2451 1503 1033 22273 71115 37221 3335 948 2624 401 7600 4009 217 33886 2432 3741 268 18264 6526 5813 293
cat_boundaries=0 1 2 3 4 5 6 7 8
cat_threshold=65 41 164 1 1 1 45 1
is_linear=0
shrinkage=0.05


Tree=138
num_leaves=31
num_cat=8
split_feature=1 14 3 9 2 2 15 14 5 1 2 9 9 9 15 2 13 0 2 3 0 1 2 9 3 10 3 9 2 3
split_gain=552.449 302.529 138.357 94.9443 90.0113 175.664 87.8287 62.6045 58.8074 64.107 77.9068 84.4521 56.3784 53.5631 44.0817 46.9943 40.7926 37.7074 31.8013 31.071 30.2677 29.7808 25.3091 23.5951 18.7985 17.4664 16.8164 27.9642 22.5543 29.2603
threshold=1.0000000180025095e-35 0.8000000000000026 2.6150000000000007 0 0.93499999999999972 1.6650000000000003 1.0000000180025095e-35 0.8000000000000026 0.59657369366100033 2.5000000000000004 1.4150000000000003 1 2 3 0.75000000000000011 1.5749999999999995 -1.0000000180025095e-35 4 1.9950000000000012 8.7000000000000028 5 10.500000000000002 0.99500000000000111 6 28.690000000000001 7.5000000000000009 11.395000000000001 7 1.5449999999999984 15.375000000000002
decision_type=2 2 2 9 2 2 2 2 2 2 2 9 9 9 2 2 2 1 2 2 1 2 2 9 2 2 2 9 2 2
left_child=1 13 8 14 7 12 -5 23 9 16 -11 -12 20 -1 22 -16 -2 -9 -10 -15 24 -13 -3 -4 -6 -22 -14 28 -28 -30
right_child=2 3 4 6 5 -7 -8 17 18 10 11 21 26 19 15 -17 -18 -19 -20 -21 25 -23 -24 -25 -26 -27 27 -29 29 -31
leaf_value=0 -2.1614597545227546e-05 0 0 0 -1.6369685117677864e-06 7.7863428130789171e-07 0.00029042908205224595 0 0 0 -3.4348797538685965e-08 9.7299979120841697e-06 0 0 0 0 0 0 4.6431804578423095e-06 0 -0.00091541179264739182 -1.2112270369658704e-05 0 -0.00059465389737993176 0.015751292185288736 1.8896656395221724e-07 0 0.0065350128913790944 -4.375790875149162e-05 0.0016735895924710625
leaf_weight=63515 99 3811 2267 7466 3624 37140 1653 2285 205 470 816 123 11738 4605 840 2495 849 339 196 2995 83 94 30075 165 117 185 5520 713 86 207
leaf_count=63515 99 3811 2267 7466 3624 37140 1653 2285 205 470 816 123 11738 4605 840 2495 849 339 196 2995 83 94 30075 165 117 185 5520 713 86 207
internal_value=0.00162521 0.00369503 -0.00198601 0.00683858 -0.00150925 -0.00205426 0.0114142 0.00489517 -0.012763 -0.0156671 -0.0220892 -0.0297677 -0.00556503 0.00164663 0.00571298 0.0111994 -0.00548523 0.0102515 0.00498753 0.00561104 -0.000186614 -0.00110132 0.0051747 -0.000884046 -0.00134991 0.0160448 -0.00674182 -0.00878026 -0.00991757 0.00358362
internal_weight=184776 117455 67321 46340 64469 59413 9119 5056 2852 2451 1503 1033 22273 71115 37221 3335 948 2624 401 7600 4009 217 33886 2432 3741 268 18264 6526 5813 293
internal_count=184776 117455 67321 46340 64469 59413 9119 5056 2852 2451 1503 1033 22273 71115 37221 3335 948 2624 401 7600 4009 217 33886 2432 3741 268 18264 6526 5813 293
cat_boundaries=0 1 2 3 4 5 6 7 8
cat_threshold=65 41 164 1 1 1 45 1
is_linear=0
shrinkage=0.05


Tree=139
num_leaves=31
num_cat=8
split_feature=1 14 3 9 2 2 15 14 5 1 2 9 9 9 15 2 13 0 2 3 0 1 2 9 3 10 3 9 2 3
split_gain=553.027 302.529 138.281 94.9443 90.0985 176.226 87.8287 62.6045 58.8074 64.107 77.9068 84.4521 56.5669 53.5631 44.0817 46.9943 40.7926 37.7074 31.8013 31.071 30.2677 29.7808 25.3091 23.5951 18.7985 17.4664 17.1435 27.3068 21.4858 28.4512
threshold=1.0000000180025095e-35 0.8000000000000026 2.6150000000000007 0 0.93499999999999972 1.6650000000000003 1.0000000180025095e-35 0.8000000000000026 0.59657369366100033 2.5000000000000004 1.4150000000000003 1 2 3 0.75000000000000011 1.5749999999999995 -1.0000000180025095e-35 4 1.9950000000000012 8.7000000000000028 5 10.500000000000002 0.99500000000000111 6 28.690000000000001 7.5000000000000009 11.395000000000001 7 1.5449999999999984 15.375000000000002
decision_type=2 2 2 9 2 2 2 2 2 2 2 9 9 9 2 2 2 1 2 2 1 2 2 9 2 2 2 9 2 2
left_child=1 13 8 14 7 12 -5 23 9 16 -11 -12 20 -1 22 -16 -2 -9 -10 -15 24 -13 -3 -4 -6 -22 -14 28 -28 -30
right_child=2 3 4 6 5 -7 -8 17 18 10 11 21 26 19 15 -17 -18 -19 -20 -21 25 -23 -24 -25 -26 -27 27 -29 29 -31
leaf_value=0 -2.0533867667965611e-05 0 0 0 -1.5551200861793973e-06 7.3970256724249715e-07 0.00027590762794963423 0 0 0 -3.2631357661751664e-08 9.2434980164799612e-06 0 0 0 0 0 0 4.4110214349501942e-06 0 -0.00086964120301502232 -1.1506656851175768e-05 0 -0.00056492120251093523 0.014963727576024301 1.7951823575460637e-07 0 0.0062082622468101374 -4.1570013313917036e-05 0.0015899101128475095
leaf_weight=63515 99 3811 2267 7466 3624 37140 1653 2285 205 470 816 123 11738 4605 840 2495 849 339 196 2995 83 94 30075 165 117 185 5520 713 86 207
leaf_count=63515 99 3811 2267 7466 3624 37140 1653 2285 205 470 816 123 11738 4605 840 2495 849 339 196 2995 83 94 30075 165 117 185 5520 713 86 207
internal_value=0.00162413 0.00369503 -0.00198898 0.00683858 -0.00151235 -0.00205763 0.0114142 0.00489517 -0.012763 -0.0156671 -0.0220892 -0.0297677 -0.00557401 0.00164663 0.00571298 0.0111994 -0.00548523 0.0102515 0.00498753 0.00561104 -0.000186614 -0.00110132 0.0051747 -0.000884046 -0.00134991 0.0160448 -0.00675276 -0.00881091 -0.00993474 0.00324232
internal_weight=184776 117455 67321 46340 64469 59413 9119 5056 2852 2451 1503 1033 22273 71115 37221 3335 948 2624 401 7600 4009 217 33886 2432 3741 268 18264 6526 5813 293
internal_count=184776 117455 67321 46340 64469 59413 9119 5056 2852 2451 1503 1033 22273 71115 37221 3335 948 2624 401 7600 4009 217 33886 2432 3741 268 18264 6526 5813 293
cat_boundaries=0 1 2 3 4 5 6 7 8
cat_threshold=65 41 164 1 1 1 45 1
is_linear=0
shrinkage=0.05


Tree=140
num_leaves=31
num_cat=7
split_feature=1 14 3 9 2 2 15 14 5 1 2 9 9 9 15 2 13 0 2 3 1 2 9 3 3 9 2 3 3 3
split_gain=559.404 302.529 137.443 94.9443 91.0608 182.469 87.8287 62.6045 58.8074 64.107 77.9068 84.4521 53.5631 48.4477 44.0817 46.9943 40.7926 37.7074 31.8013 31.071 29.7808 25.3091 23.5951 20.5971 17.4738 25.8392 21.4858 28.4512 21.3841 18.1268
threshold=1.0000000180025095e-35 0.8000000000000026 2.6150000000000007 0 0.93499999999999972 1.6650000000000003 1.0000000180025095e-35 0.8000000000000026 0.59657369366100033 2.5000000000000004 1.4150000000000003 1 2 3 0.75000000000000011 1.5749999999999995 -1.0000000180025095e-35 4 1.9950000000000012 8.7000000000000028 10.500000000000002 0.99500000000000111 5 28.690000000000001 11.395000000000001 6 1.5449999999999984 15.375000000000002 11.715000000000002 22.785000000000004
decision_type=2 2 2 9 2 2 2 2 2 2 2 9 9 9 2 2 2 1 2 2 2 2 9 2 2 9 2 2 2 2
left_child=1 12 8 14 7 13 -5 22 9 16 -11 -12 -1 23 21 -16 -2 -9 -10 -14 -13 -3 -4 -6 -15 26 28 -28 -26 -30
right_child=2 3 4 6 5 -7 -8 17 18 10 11 20 19 24 15 -17 -18 -19 -20 -21 -22 -23 -24 -25 25 -27 27 -29 29 -31
leaf_value=0 -1.95071742845665e-05 0 0 0 -1.4092363051123124e-06 7.0271743888037228e-07 0.00026211224655215418 0 0 0 -3.0999789778664083e-08 8.7813231156559637e-06 0 0 0 0 0 0 4.1904703632026849e-06 0 -1.093132400861698e-05 0 -0.00053667514238538844 0.023306443016295392 -9.9894064917029708e-06 0.00589784913446963 -3.9491512648221188e-05 0.0015104146072051341 0 -3.2759691729686181e-05
leaf_weight=63515 99 3811 2267 7466 3868 37140 1653 2285 205 470 816 123 4605 11738 840 2495 849 339 196 2995 94 30075 165 141 102 713 86 207 4719 699
leaf_count=63515 99 3811 2267 7466 3868 37140 1653 2285 205 470 816 123 4605 11738 840 2495 849 339 196 2995 94 30075 165 141 102 713 86 207 4719 699
internal_value=0.00161222 0.00369503 -0.00202166 0.00683858 -0.00154648 -0.00209466 0.0114142 0.00489517 -0.012763 -0.0156671 -0.0220892 -0.0297677 0.00164663 -0.00567279 0.00571298 0.0111994 -0.00548523 0.0102515 0.00498753 0.00561104 -0.00110132 0.0051747 -0.000884046 -0.00068425 -0.00676371 -0.00884156 -0.00993474 0.00324232 -0.0106522 -0.0102252
internal_weight=184776 117455 67321 46340 64469 59413 9119 5056 2852 2451 1503 1033 71115 22273 37221 3335 948 2624 401 7600 217 33886 2432 4009 18264 6526 5813 293 5520 5418
internal_count=184776 117455 67321 46340 64469 59413 9119 5056 2852 2451 1503 1033 71115 22273 37221 3335 948 2624 401 7600 217 33886 2432 4009 18264 6526 5813 293 5520 5418
cat_boundaries=0 1 2 3 4 5 6 7
cat_threshold=65 41 1 164 1 45 1
is_linear=0
shrinkage=0.05


Tree=141
num_leaves=31
num_cat=8
split_feature=1 14 3 9 15 2 2 14 5 1 2 9 9 9 15 2 13 0 2 3 0 1 2 9 3 10 10 3 9 3
split_gain=524.922 302.529 142.062 94.9443 87.8287 85.853 149.606 62.6045 58.8074 64.107 77.9068 84.4521 53.5631 47.1787 44.0817 46.9943 40.7926 37.7074 31.8013 31.071 30.3608 29.7808 25.3091 23.5951 18.9562 25.5024 17.4664 17.2535 15.9499 19.3003
threshold=1.0000000180025095e-35 0.8000000000000026 2.6150000000000007 0 1.0000000180025095e-35 0.93499999999999972 1.6650000000000003 0.8000000000000026 0.59657369366100033 2.5000000000000004 1.4150000000000003 1 2 3 0.75000000000000011 1.5749999999999995 -1.0000000180025095e-35 4 1.9950000000000012 8.7000000000000028 5 10.500000000000002 0.99500000000000111 6 24.010000000000002 4.5000000000000009 7.5000000000000009 28.690000000000001 7 25.405000000000005
decision_type=2 2 2 9 2 2 2 2 2 2 2 9 9 9 2 2 2 1 2 2 1 2 2 9 2 2 2 2 9 2
left_child=1 12 8 14 -5 7 13 23 9 16 -11 -12 -1 20 22 -16 -2 -9 -10 -14 27 -13 -3 -4 -15 -26 -22 -7 29 -8
right_child=2 3 5 4 -6 6 28 17 18 10 11 21 19 24 15 -17 -18 -19 -20 -21 26 -23 -24 -25 25 -27 -28 -29 -30 -31
leaf_value=0 -1.8531815570338453e-05 0 0 0 0.00024900663422454671 -1.4069022666148117e-06 6.6758156693635365e-07 0 0 0 -2.9449800289730877e-08 8.3422569598731647e-06 0 0 0 0 0 0 3.9809468450425506e-06 0 -0.00082608868104901568 -1.0384757808186131e-05 0 -0.00050984138526611906 1.6379845864843091e-06 -0.0015189558629866095 2.4100413922249166e-07 0.013050219046408318 0.00033270871457855993 -0.0013155853834301179
leaf_weight=63515 99 3811 2267 7466 1653 3624 26483 2285 205 470 816 123 4605 17564 840 2495 849 339 196 2995 83 94 30075 165 431 269 185 117 5536 5121
leaf_count=63515 99 3811 2267 7466 1653 3624 26483 2285 205 470 816 123 4605 17564 840 2495 849 339 196 2995 83 94 30075 165 431 269 185 117 5536 5121
internal_value=0.00167744 0.00369503 -0.00184266 0.00683858 0.0114142 -0.00135957 -0.00189184 0.00489517 -0.012763 -0.0156671 -0.0220892 -0.0297677 0.00164663 -0.00513177 0.00571298 0.0111994 -0.00548523 0.0102515 0.00498753 0.00561104 -0.000211495 -0.00110132 0.0051747 -0.000884046 -0.00620827 0.00185714 0.0160448 -0.00137664 5.11578e-05 -0.000382742
internal_weight=184776 117455 67321 46340 9119 64469 59413 5056 2852 2451 1503 1033 71115 22273 37221 3335 948 2624 401 7600 4009 217 33886 2432 18264 700 268 3741 37140 31604
internal_count=184776 117455 67321 46340 9119 64469 59413 5056 2852 2451 1503 1033 71115 22273 37221 3335 948 2624 401 7600 4009 217 33886 2432 18264 700 268 3741 37140 31604
cat_boundaries=0 1 2 3 4 5 6 7 8
cat_threshold=65 41 1 164 1 1 45 135
is_linear=0
shrinkage=0.05


Tree=142
num_leaves=31
num_cat=9
split_feature=1 14 3 9 15 2 2 14 5 1 2 9 9 3 15 2 13 9 0 2 3 1 2 9 0 9 10 9 3 3
split_gain=516.508 302.529 143.224 94.9443 87.8287 84.5803 144.365 62.6045 58.8074 64.107 77.9068 84.4521 53.5631 52.9266 44.0817 46.9943 40.7926 39.485 37.7074 31.8013 31.071 29.7808 25.3091 23.5951 19.5907 45.6877 27.3645 19.7475 65.9141 26.564
threshold=1.0000000180025095e-35 0.8000000000000026 2.6150000000000007 0 1.0000000180025095e-35 0.93499999999999972 1.6650000000000003 0.8000000000000026 0.59657369366100033 2.5000000000000004 1.4150000000000003 1 2 24.660000000000004 0.75000000000000011 1.5749999999999995 -1.0000000180025095e-35 3 4 1.9950000000000012 8.7000000000000028 10.500000000000002 0.99500000000000111 5 6 7 6.5000000000000009 8 5.4600000000000009 5.3950000000000014
decision_type=2 2 2 9 2 2 2 2 2 2 2 9 9 2 2 2 2 9 1 2 2 2 2 9 1 9 2 9 2 2
left_child=1 12 8 14 -5 7 13 23 9 16 -11 -12 -1 17 22 -16 -2 -7 -9 -10 -14 -13 -3 -4 26 -26 -19 29 -29 -28
right_child=2 3 5 4 -6 6 -8 18 19 10 11 21 20 -15 15 -17 -18 24 -20 -21 -22 -23 -24 -25 25 -27 27 28 -30 -31
leaf_value=0 -1.7605224791822362e-05 0 0 0 0.00023655630251331883 2.2895393226136707e-07 6.3420248858953602e-07 0 0 0 -2.7977310275244331e-08 7.9251441118795067e-06 0 1.5560853571600938e-06 0 0 0 0 0 3.7818995027904226e-06 0 -9.8655199177768249e-06 0 -0.00048434931600281308 0 8.3459456030388078e-07 0 -5.9531250000000007e-06 0.025160626784867104 -2.5231000701039663e-05
leaf_weight=63515 99 3811 2267 7466 1653 2067 37140 2285 205 470 816 123 4605 956 840 2495 849 16262 339 196 2995 94 30075 165 541 191 912 465 177 702
leaf_count=63515 99 3811 2267 7466 1653 2067 37140 2285 205 470 816 123 4605 956 840 2495 849 16262 339 196 2995 94 30075 165 541 191 912 465 177 702
internal_value=0.00169367 0.00369503 -0.0017981 0.00683858 0.0114142 -0.00131303 -0.00184135 0.00489517 -0.012763 -0.0156671 -0.0220892 -0.0297677 0.00164663 -0.00502402 0.00571298 0.0111994 -0.00548523 -0.00554018 0.0102515 0.00498753 0.00561104 -0.00110132 0.0051747 -0.000884046 -0.00624351 0.00177596 -0.00656388 -0.0117243 -0.0191718 -0.0085899
internal_weight=184776 117455 67321 46340 9119 64469 59413 5056 2852 2451 1503 1033 71115 22273 37221 3335 948 21317 2624 401 7600 217 33886 2432 19250 732 18518 2256 642 1614
internal_count=184776 117455 67321 46340 9119 64469 59413 5056 2852 2451 1503 1033 71115 22273 37221 3335 948 21317 2624 401 7600 217 33886 2432 19250 732 18518 2256 642 1614
cat_boundaries=0 1 2 3 4 5 6 7 8 9
cat_threshold=65 41 1 132 1 45 1 1 1
is_linear=0
shrinkage=0.05


Tree=143
num_leaves=31
num_cat=8
split_feature=1 14 3 9 15 2 2 14 5 1 2 9 9 3 15 2 13 0 9 2 3 1 2 9 10 0 9 14 10 1
split_gain=499.334 302.529 145.64 94.9443 87.8287 81.9801 129.011 62.6045 58.8074 64.107 77.9068 84.4521 53.5631 50.3974 44.0817 46.9943 40.7926 37.7074 36.0735 31.8013 31.071 29.7808 25.3091 23.5951 18.1831 17.1642 42.7645 15.803 15.6994 77.7474
threshold=1.0000000180025095e-35 0.8000000000000026 2.6150000000000007 0 1.0000000180025095e-35 0.93499999999999972 1.6650000000000003 0.8000000000000026 0.59657369366100033 2.5000000000000004 1.4150000000000003 1 2 24.660000000000004 0.75000000000000011 1.5749999999999995 -1.0000000180025095e-35 3 4 1.9950000000000012 8.7000000000000028 10.500000000000002 0.99500000000000111 5 14.500000000000002 6 7 10.600000000000007 6.5000000000000009 11.500000000000002
decision_type=2 2 2 9 2 2 2 2 2 2 2 9 9 2 2 2 2 1 9 2 2 2 2 9 2 1 9 2 2 2
left_child=1 12 8 14 -5 7 13 23 9 16 -11 -12 -1 18 22 -16 -2 -9 28 -10 -14 -13 -3 -4 25 -20 -27 -8 -7 -30
right_child=2 3 5 4 -6 6 27 17 19 10 11 21 20 -15 15 -17 -18 -19 24 -21 -22 -23 -24 -25 -26 26 -28 -29 29 -31
leaf_value=0 -1.672496355223374e-05 0 0 0 0.00022472848738765429 -0.0011788002294221141 -2.0906974333733995e-07 0 0 0 -2.6578444761482114e-08 7.5288869062855312e-06 0 1.478281089302089e-06 0 0 0 0 0 3.5928045276509018e-06 0 -9.3722439218879838e-06 0 -0.00046013185020267244 -1.3365571532840715e-06 0 7.928648322886868e-07 0.1040914979514443 4.1335398571414549e-06 -0.00083374164898471529
leaf_weight=63515 99 3811 2267 7466 1653 1198 36963 2285 205 470 816 123 4605 956 840 2495 849 339 18175 196 2995 94 30075 165 383 516 176 177 610 259
leaf_count=63515 99 3811 2267 7466 1653 1198 36963 2285 205 470 816 123 4605 956 840 2495 849 339 18175 196 2995 94 30075 165 383 516 176 177 610 259
internal_value=0.00172723 0.00369503 -0.00170601 0.00683858 0.0114142 -0.00121686 -0.00173699 0.00489517 -0.012763 -0.0156671 -0.0220892 -0.0297677 0.00164663 -0.00474566 0.00571298 0.0111994 -0.00548523 0.0102515 -0.00524933 0.00498753 0.00561104 -0.00110132 0.0051747 -0.000884046 -0.0059216 -0.00570573 0.00202312 6.73129e-05 0.00103515 0.0061565
internal_weight=184776 117455 67321 46340 9119 64469 59413 5056 2852 2451 1503 1033 71115 22273 37221 3335 948 2624 21317 401 7600 217 33886 2432 19250 18867 692 37140 2067 869
internal_count=184776 117455 67321 46340 9119 64469 59413 5056 2852 2451 1503 1033 71115 22273 37221 3335 948 2624 21317 401 7600 217 33886 2432 19250 18867 692 37140 2067 869
cat_boundaries=0 1 2 3 4 5 6 7 8
cat_threshold=65 41 1 1 132 45 1 1
is_linear=0
shrinkage=0.05


Tree=144
num_leaves=31
num_cat=9
split_feature=1 14 3 9 15 2 2 14 5 1 2 9 9 3 15 2 13 0 9 2 3 1 2 9 0 9 9 2 1 14
split_gain=485.831 302.529 147.584 94.9443 87.8287 79.9333 116.272 62.6045 58.8074 64.107 77.9068 84.4521 53.5631 48.3042 44.0817 46.9943 40.7926 37.7074 32.7726 31.8013 31.071 29.7808 25.3091 23.5951 22.7857 40.4383 15.8459 19.5291 115.876 99.1355
threshold=1.0000000180025095e-35 0.8000000000000026 2.6150000000000007 0 1.0000000180025095e-35 0.93499999999999972 1.6650000000000003 0.8000000000000026 0.59657369366100033 2.5000000000000004 1.4150000000000003 1 2 24.660000000000004 0.75000000000000011 1.5749999999999995 -1.0000000180025095e-35 3 4 1.9950000000000012 8.7000000000000028 10.500000000000002 0.99500000000000111 5 6 7 8 3.1050000000000009 2.5000000000000004 0.25000000000000006
decision_type=2 2 2 9 2 2 2 2 2 2 2 9 9 2 2 2 2 1 9 2 2 2 2 9 1 9 9 2 2 2
left_child=1 12 8 14 -5 7 13 23 9 16 -11 -12 -1 18 22 -16 -2 -9 -7 -10 -14 -13 -3 -4 -20 -26 27 -8 29 -29
right_child=2 3 5 4 -6 6 26 17 19 10 11 21 20 -15 15 -17 -18 -19 24 -21 -22 -23 -24 -25 25 -27 -28 28 -30 -31
leaf_value=0 -1.5888715374623442e-05 0 0 0 0.0002134920630182724 1.0829242791225961e-08 -9.9170157755801729e-06 0 0 0 -2.5249522523408006e-08 7.1524425609712543e-06 0 1.4043670348369847e-06 0 0 0 0 0 3.4131643012683567e-06 0 -8.9036317257935847e-06 0 -0.00043712525769253876 0 7.5322159067425243e-07 0.00031605202221236936 0.0010535956020438109 -0.0048810893884876586 0.0011551948260613942
leaf_weight=63515 99 3811 2267 7466 1653 2067 23260 2285 205 470 816 123 4605 956 840 2495 849 339 18518 196 2995 94 30075 165 541 191 5536 1068 5681 1595
leaf_count=63515 99 3811 2267 7466 1653 2067 23260 2285 205 470 816 123 4605 956 840 2495 849 339 18518 196 2995 94 30075 165 541 191 5536 1068 5681 1595
internal_value=0.00175402 0.00369503 -0.00163248 0.00683858 0.0114142 -0.00114008 -0.00165368 0.00489517 -0.012763 -0.0156671 -0.0220892 -0.0297677 0.00164663 -0.00450994 0.00571298 0.0111994 -0.00548523 0.0102515 -0.00500305 0.00498753 0.00561104 -0.00110132 0.0051747 -0.000884046 -0.00564382 0.00300546 5.92353e-05 -0.000373252 0.00170182 0.0103079
internal_weight=184776 117455 67321 46340 9119 64469 59413 5056 2852 2451 1503 1033 71115 22273 37221 3335 948 2624 21317 401 7600 217 33886 2432 19250 732 37140 31604 8344 2663
internal_count=184776 117455 67321 46340 9119 64469 59413 5056 2852 2451 1503 1033 71115 22273 37221 3335 948 2624 21317 401 7600 217 33886 2432 19250 732 37140 31604 8344 2663
cat_boundaries=0 1 2 3 4 5 6 7 8 9
cat_threshold=65 41 1 1 132 45 1 1 135
is_linear=0
shrinkage=0.05


Tree=145
num_leaves=31
num_cat=9
split_feature=1 14 3 9 15 2 2 14 5 1 2 9 9 3 15 2 13 0 9 2 3 1 2 9 0 9 2 1 4 9
split_gain=465.194 302.529 150.632 94.9443 87.8287 76.8009 127.063 62.6045 58.8074 64.107 77.9068 84.4521 53.5631 48.3042 44.0817 46.9943 40.7926 37.7074 32.7726 31.8013 31.071 29.7808 25.3091 23.5951 22.7857 40.4383 16.0814 159.311 21.5552 15.2735
threshold=1.0000000180025095e-35 0.8000000000000026 2.6150000000000007 0 1.0000000180025095e-35 0.93499999999999972 1.6650000000000003 0.8000000000000026 0.59657369366100033 2.5000000000000004 1.4150000000000003 1 2 24.660000000000004 0.75000000000000011 1.5749999999999995 -1.0000000180025095e-35 3 4 1.9950000000000012 8.7000000000000028 10.500000000000002 0.99500000000000111 5 6 7 12.750000000000004 4.5000000000000009 0.47139561498536736 8
decision_type=2 2 2 9 2 2 2 2 2 2 2 9 9 2 2 2 2 1 9 2 2 2 2 9 1 9 2 2 2 9
left_child=1 12 8 14 -5 7 13 23 9 16 -11 -12 -1 18 22 -16 -2 29 -7 -10 -14 -13 -3 -4 -20 -26 -8 -28 -29 -9
right_child=2 3 5 4 -6 6 26 17 19 10 11 21 20 -15 15 -17 -18 -19 24 -21 -22 -23 -24 -25 25 -27 27 28 -30 -31
leaf_value=0 -1.5094279605892824e-05 0 0 0 0.00020281745986736044 1.0287780651664663e-08 1.2652933551420552e-06 0 0 0 -2.3987046397237607e-08 6.7948204329226918e-06 0 1.3341486830951355e-06 0 0 0 0 0 3.2425060862049393e-06 0 -8.4584501395039059e-06 0 -0.00041526899480791182 0 7.155605111405398e-07 0.0089087019073565751 -0.17739775792120149 -0.023933923925342618 0.030582979151036162
leaf_weight=63515 99 3811 2267 7466 1653 2067 36323 1685 205 470 816 123 4605 956 840 2495 849 339 18518 196 2995 94 30075 165 541 191 361 363 93 600
leaf_count=63515 99 3811 2267 7466 1653 2067 36323 1685 205 470 816 123 4605 956 840 2495 849 339 18518 196 2995 94 30075 165 541 191 361 363 93 600
internal_value=0.00179569 0.00369503 -0.0015181 0.00683858 0.0114142 -0.00102065 -0.00152408 0.00489517 -0.012763 -0.0156671 -0.0220892 -0.0297677 0.00164663 -0.00450994 0.00571298 0.0111994 -0.00548523 0.0102515 -0.00500305 0.00498753 0.00561104 -0.00110132 0.0051747 -0.000884046 -0.00564382 0.00300546 0.000266559 -0.00667075 -0.0263158 0.0125602
internal_weight=184776 117455 67321 46340 9119 64469 59413 5056 2852 2451 1503 1033 71115 22273 37221 3335 948 2624 21317 401 7600 217 33886 2432 19250 732 37140 817 456 2285
internal_count=184776 117455 67321 46340 9119 64469 59413 5056 2852 2451 1503 1033 71115 22273 37221 3335 948 2624 21317 401 7600 217 33886 2432 19250 732 37140 817 456 2285
cat_boundaries=0 1 2 3 4 5 6 7 8 9
cat_threshold=65 41 1 1 132 45 1 1 71
is_linear=0
shrinkage=0.05


Tree=146
num_leaves=31
num_cat=9
split_feature=1 14 3 9 15 2 2 14 5 1 2 9 9 3 15 2 13 0 9 2 3 1 2 9 0 9 9 14 8 1
split_gain=463.605 302.529 150.871 94.9443 87.8287 76.5594 128.308 62.6045 58.8074 64.107 77.9068 84.4521 53.5631 48.3436 44.0817 46.9943 40.7926 37.7074 32.8239 31.8013 31.071 29.7808 25.3091 23.5951 22.0988 38.922 15.2735 13.5522 13.3909 12.7824
threshold=1.0000000180025095e-35 0.8000000000000026 2.6150000000000007 0 1.0000000180025095e-35 0.93499999999999972 1.6650000000000003 0.8000000000000026 0.59657369366100033 2.5000000000000004 1.4150000000000003 1 2 24.660000000000004 0.75000000000000011 1.5749999999999995 -1.0000000180025095e-35 3 4 1.9950000000000012 8.7000000000000028 10.500000000000002 0.99500000000000111 5 6 7 8 13.100000000000001 1.0000000180025095e-35 7.5000000000000009
decision_type=2 2 2 9 2 2 2 2 2 2 2 9 9 2 2 2 2 1 9 2 2 2 2 9 1 9 9 2 2 2
left_child=1 12 8 14 -5 7 13 23 9 16 -11 28 -1 18 22 -16 -2 26 -7 -10 -14 -13 -3 -4 -20 -26 29 -8 -12 -9
right_child=2 3 5 4 -6 6 27 17 19 10 11 21 20 -15 15 -17 -18 -19 24 -21 -22 -23 -24 -25 25 -27 -28 -29 -30 -31
leaf_value=0 -1.4339565625598462e-05 0 0 0 0.00019267658687399105 9.7733916190814305e-09 1.045531972348832e-06 0 0 0 -2.2787694077375726e-08 6.4550794112765573e-06 0 1.2674412489403788e-06 0 0 0 0 0 3.0803807818946928e-06 0 -8.035527632528711e-06 0 -0.00039450554506751626 0 6.7978248558351277e-07 0.029053830193484356 0.17829898839659128 -2.3315335903536156e-06 0
leaf_weight=63515 99 3811 2267 7466 1653 2067 37031 1150 205 470 413 123 4605 956 840 2495 849 339 18518 196 2995 94 30075 165 541 191 600 109 403 535
leaf_count=63515 99 3811 2267 7466 1653 2067 37031 1150 205 470 413 123 4605 956 840 2495 849 339 18518 196 2995 94 30075 165 541 191 600 109 403 535
internal_value=0.00179893 0.00369503 -0.00150919 0.00683858 0.0114142 -0.00101134 -0.00151398 0.00489517 -0.012763 -0.0156671 -0.0220892 -0.0297677 0.00164663 -0.00451443 0.00571298 0.0111994 -0.00548523 0.0102515 -0.00500774 0.00498753 0.00561104 -0.00110132 0.0051747 -0.000884046 -0.00564901 0.00286885 0.0125602 0.000285407 -0.0369249 0.0099115
internal_weight=184776 117455 67321 46340 9119 64469 59413 5056 2852 2451 1503 1033 71115 22273 37221 3335 948 2624 21317 401 7600 217 33886 2432 19250 732 2285 37140 816 1685
internal_count=184776 117455 67321 46340 9119 64469 59413 5056 2852 2451 1503 1033 71115 22273 37221 3335 948 2624 21317 401 7600 217 33886 2432 19250 732 2285 37140 816 1685
cat_boundaries=0 1 2 3 4 5 6 7 8 9
cat_threshold=65 41 1 1 132 45 1 1 71
is_linear=0
shrinkage=0.05


Tree=147
num_leaves=31
num_cat=9
split_feature=1 14 9 15 2 2 14 3 5 10 9 1 9 3 17 15 2 0 0 9 3 2 9 9 9 3 1 3 7 2
split_gain=435.206 302.529 94.9443 87.8287 87.4316 125.328 65.7393 57.1948 75.0926 98.694 118.131 81.3865 53.5631 50.5819 50.4006 44.0817 46.9943 38.0334 31.3881 37.0701 31.071 25.3091 24.8286 22.6858 21.6291 19.9585 17.1401 69.4691 48.181 19.8885
threshold=1.0000000180025095e-35 0.8000000000000026 0 1.0000000180025095e-35 0.93499999999999972 1.6650000000000003 0.8000000000000026 2.9150000000000005 0.64778601398657376 6.5000000000000009 1 2.5000000000000004 2 24.660000000000004 0.95000000000000295 0.75000000000000011 1.5749999999999995 3 4 5 8.7000000000000028 0.99500000000000111 6 7 8 4.9250000000000007 10.500000000000002 5.995000000000001 1.0000000180025095e-35 1.3099999999999998
decision_type=2 2 9 2 2 2 2 2 2 2 9 2 9 2 2 2 2 1 1 9 2 2 9 9 9 2 2 2 2 2
left_child=1 12 15 -4 6 13 23 8 9 11 24 14 -1 18 -7 21 -17 -8 22 25 -14 -3 26 -2 -11 -20 28 -28 -6 -30
right_child=4 2 3 -5 5 7 17 -9 -10 10 -12 -13 20 -15 -16 16 -18 -19 19 -21 -22 -23 -24 -25 -26 -27 27 -29 29 -31
leaf_value=0 0 0 0 0.00018304275753029399 -0.0011198617624717615 0.00099748119113210096 0 9.9325537373139038e-07 2.9263617427999578e-06 -7.6337512509022744e-06 9.3788985440305056e-08 -2.1648309373506939e-08 0 1.2040691864933599e-06 -1.3622587344319649e-05 0 0 0 0 6.4579336130433712e-07 0 0 0 -0.00037478026781414045 -0.00038366783285723356 0 -0.00079205611105623264 0.035351912756400455 4.0992423864926918e-06 -8.820867271031148e-05
leaf_weight=63515 2407 3811 7466 1653 922 244 2335 37140 203 183 323 476 4605 956 100 840 2495 339 240 197 2995 30075 19389 166 177 461 232 406 339 86
leaf_count=63515 2407 3811 7466 1653 922 244 2335 37140 203 183 323 476 4605 956 100 840 2495 339 240 197 2995 30075 19389 166 177 461 232 406 339 86
internal_value=0.00185793 0.00369503 0.00683858 0.0114142 -0.00134728 -0.00187115 0.00485039 -0.000133862 -0.00908558 -0.0129408 0.0010981 -0.0246341 0.00164663 -0.00477656 -0.00610465 0.00571298 0.0111994 0.0103403 -0.00525997 0.00389755 0.00561104 0.0051747 -0.00564471 -0.000855033 -0.0183784 -0.00161744 -0.000300752 -0.00705329 0.00289532 0.0168235
internal_weight=184776 117455 46340 9119 67321 62074 5247 38846 1706 1503 683 820 71115 23228 344 37221 3335 2674 22272 898 7600 33886 21374 2573 360 701 1985 638 1347 425
internal_count=184776 117455 46340 9119 67321 62074 5247 38846 1706 1503 683 820 71115 23228 344 37221 3335 2674 22272 898 7600 33886 21374 2573 360 701 1985 638 1347 425
cat_boundaries=0 1 2 3 4 5 6 7 8 9
cat_threshold=65 168 1 1 1 129 132 45 128
is_linear=0
shrinkage=0.05


Tree=148
num_leaves=31
num_cat=10
split_feature=1 14 9 15 2 2 14 3 5 10 9 1 9 17 3 15 2 0 9 3 2 9 0 9 9 2 3 17 1 9
split_gain=432.774 302.529 94.9443 87.8287 87.0339 123.13 65.7393 57.1948 75.0926 98.694 118.131 81.3865 53.5631 50.4006 50.2152 44.0817 46.9943 38.0334 35.0082 31.071 25.3091 22.6858 22.4907 37.0864 21.6291 16.5952 58.7555 36.7061 26.3388 13.4103
threshold=1.0000000180025095e-35 0.8000000000000026 0 1.0000000180025095e-35 0.93499999999999972 1.6650000000000003 0.8000000000000026 2.9150000000000005 0.64778601398657376 6.5000000000000009 1 2.5000000000000004 2 0.95000000000000295 24.660000000000004 0.75000000000000011 1.5749999999999995 3 4 8.7000000000000028 0.99500000000000111 5 6 7 8 1.4099999999999986 14.090000000000002 0.44999999999999934 2.5000000000000004 9
decision_type=2 2 9 2 2 2 2 2 2 2 9 2 9 2 2 2 2 1 9 2 2 9 1 9 9 2 2 2 2 9
left_child=1 12 15 -4 6 14 21 8 9 11 24 13 -1 -7 18 20 -17 29 -6 -14 -3 -2 25 -24 -11 -20 27 28 -27 -8
right_child=4 2 3 -5 5 7 17 -9 -10 10 -12 -13 19 -15 -16 16 -18 -19 22 -21 -22 -23 23 -25 -26 26 -28 -29 -30 -31
leaf_value=0 0 0 0 0.00017389061965377708 9.2847220381273592e-09 0.00094760713157549599 0 9.4359260504482087e-07 2.7800436556599599e-06 -7.2520636883571607e-06 8.9099536168289811e-08 -2.0565893904831593e-08 0 -1.2941457977105887e-05 1.1438657271686917e-06 0 0 0 0 0 0 -0.00035604125442343341 0 6.1350369323912024e-07 -0.00036448444121437188 -7.6227247082389617e-06 0.0014794777834153422 2.1276158588428468e-06 -1.3554922639258982e-05 0.027601138683810134
leaf_weight=63515 2407 3811 7466 1653 2149 244 1735 37140 203 183 323 476 4605 100 956 840 2495 339 18258 2995 30075 166 541 193 177 283 219 137 492 600
leaf_count=63515 2407 3811 7466 1653 2149 244 1735 37140 203 183 323 476 4605 100 956 840 2495 339 18258 2995 30075 166 541 193 177 283 219 137 492 600
internal_value=0.00186307 0.00369503 0.00683858 0.0114142 -0.00133316 -0.00185585 0.00485039 -0.000133862 -0.00908558 -0.0129408 0.0010981 -0.0246341 0.00164663 -0.00610465 -0.00473566 0.00571298 0.0111994 0.0103403 -0.00521731 0.00561104 0.0051747 -0.000855033 -0.00586351 0.0027248 -0.0183784 -0.00619166 -0.012069 -0.0176535 -0.021871 0.0126124
internal_weight=184776 117455 46340 9119 67321 62074 5247 38846 1706 1503 683 820 71115 344 23228 37221 3335 2674 22272 7600 33886 2573 20123 734 360 19389 1131 912 775 2335
internal_count=184776 117455 46340 9119 67321 62074 5247 38846 1706 1503 683 820 71115 344 23228 37221 3335 2674 22272 7600 33886 2573 20123 734 360 19389 1131 912 775 2335
cat_boundaries=0 1 2 3 4 5 6 7 8 9 10
cat_threshold=65 168 1 1 132 45 1 1 128 71
is_linear=0
shrinkage=0.05


Tree=149
num_leaves=31
num_cat=8
split_feature=1 14 9 15 2 2 14 9 3 15 2 0 9 3 3 10 5 1 9 17 1 1 2 9 0 9 2 3 17 1
split_gain=420.335 302.529 94.9443 87.8287 84.997 129.973 65.7393 53.5631 50.2152 44.0817 46.9943 38.0334 35.0082 31.071 27.4863 104.421 116.737 82.5168 52.9167 50.8706 39.9689 78.282 25.3091 22.6858 22.4907 37.0864 16.5952 58.7555 36.7061 26.3388
threshold=1.0000000180025095e-35 0.8000000000000026 0 1.0000000180025095e-35 0.93499999999999972 1.6650000000000003 0.8000000000000026 1 24.660000000000004 0.75000000000000011 1.5749999999999995 2 3 8.7000000000000028 2.9150000000000005 7.5000000000000009 0.71782087188165289 2.5000000000000004 4 0.95000000000000295 10.500000000000002 2.5000000000000004 0.99500000000000111 5 6 7 1.4099999999999986 14.090000000000002 0.44999999999999934 2.5000000000000004
decision_type=2 2 9 2 2 2 2 9 2 2 2 1 9 2 2 2 2 2 9 2 2 2 2 9 1 9 2 2 2 2
left_child=1 7 9 -4 6 8 23 -1 12 22 -11 -8 -6 -9 15 16 17 19 -17 -7 21 -20 -3 -2 26 -26 -14 28 29 -28
right_child=4 2 3 -5 5 14 11 13 -10 10 -12 -13 24 -15 -16 18 -18 -19 20 -21 -22 -23 -24 -25 25 -27 27 -29 -30 -31
leaf_value=0 0 0 0 0.00016519608867108794 8.8204859362209899e-09 0.00090022677499672116 0 0 1.0866724408102572e-06 0 0 0 0 0 8.9641297479257991e-07 8.4644559359875318e-08 2.6410414728769619e-06 -1.9537599209590015e-08 -0.00033947249959334939 -1.2294385078248649e-05 -6.889460503939303e-06 9.8596618386534907e-06 0 -0.00033823919170226176 0 5.8282850857716425e-07 -7.2415884728270133e-06 0.0014055038942445751 2.0212350659007042e-06 -1.2877176507296034e-05
leaf_weight=63515 2407 3811 7466 1653 2149 257 2335 4605 956 840 2495 339 18258 2995 37140 259 177 490 116 100 137 170 30075 166 541 193 283 219 137 492
leaf_count=63515 2407 3811 7466 1653 2149 257 2335 4605 956 840 2495 339 18258 2995 37140 259 177 490 116 100 137 170 30075 166 541 193 283 219 137 492
internal_value=0.00188959 0.00369503 0.00683858 0.0114142 -0.00126038 -0.00177691 0.00485039 0.00164663 -0.00473566 0.00571298 0.0111994 0.0103403 -0.00521731 0.00561104 -7.7228e-06 -0.00621336 -0.0163086 -0.024026 0.00894428 -0.0057423 -0.002194 0.00839161 0.0051747 -0.000855033 -0.00586351 0.0027248 -0.00619166 -0.012069 -0.0176535 -0.021871
internal_weight=184776 117455 46340 9119 67321 62074 5247 71115 23228 37221 3335 2674 22272 7600 38846 1706 1024 847 682 357 423 286 33886 2573 20123 734 19389 1131 912 775
internal_count=184776 117455 46340 9119 67321 62074 5247 71115 23228 37221 3335 2674 22272 7600 38846 1706 1024 847 682 357 423 286 33886 2573 20123 734 19389 1131 912 775
cat_boundaries=0 1 2 3 4 5 6 7 8
cat_threshold=65 1 1 132 1 45 1 1
is_linear=0
shrinkage=0.05


Tree=150
num_leaves=31
num_cat=9
split_feature=1 14 9 15 2 2 14 9 3 15 2 0 9 3 2 3 10 5 1 17 9 1 1 9 0 9 9 2 3 1
split_gain=415.561 302.529 94.9443 87.8287 84.2137 127.38 65.7393 53.5631 49.6772 44.0817 46.9943 38.0334 34.2882 31.071 25.3091 25.0601 110.572 116.737 82.5168 50.8706 48.5457 44.3372 66.1274 22.6858 22.1279 37.0864 13.4103 13.3701 35.6372 20.852
threshold=1.0000000180025095e-35 0.8000000000000026 0 1.0000000180025095e-35 0.93499999999999972 1.6650000000000003 0.8000000000000026 1 24.660000000000004 0.75000000000000011 1.5749999999999995 2 3 8.7000000000000028 0.99500000000000111 2.9150000000000005 7.5000000000000009 0.71782087188165289 2.5000000000000004 0.95000000000000295 4 10.500000000000002 2.5000000000000004 5 6 7 8 1.5799999999999994 14.090000000000002 2.5000000000000004
decision_type=2 2 9 2 2 2 2 9 2 2 2 1 9 2 2 2 2 2 2 2 9 2 2 9 1 9 9 2 2 2
left_child=1 7 9 -4 6 8 23 -1 12 14 -11 26 -6 -9 -3 16 17 18 19 -7 -18 22 -22 -2 27 -26 -8 -14 29 -29
right_child=4 2 3 -5 5 15 11 13 -10 10 -12 -13 24 -15 -16 -17 20 -19 -20 -21 21 -23 -24 -25 25 -27 -28 28 -30 -31
leaf_value=0 0 0 0 0.00015693628423753549 8.37946163940994e-09 0.00085521543624688518 0 0 1.0323388187697444e-06 0 0 0 0 0 0 8.5159232605295093e-07 8.0412331391881555e-08 2.5089893992331139e-06 -1.8560719249110513e-08 -1.1679665824337882e-05 -0.00032249887461368188 -6.5449874787423377e-06 9.3666787467208168e-06 -0.00032132723211714868 0 5.5368708314830608e-07 0.026221081749619631 -2.7886921270459626e-06 0.0013352286995323463 -3.2741864232177945e-05
leaf_weight=63515 2407 3811 7466 1653 2149 257 1735 4605 956 840 2495 339 19000 2995 30075 37140 259 177 490 100 116 137 170 166 541 193 600 86 99 204
leaf_count=63515 2407 3811 7466 1653 2149 257 1735 4605 956 840 2495 339 19000 2995 30075 37140 259 177 490 100 116 137 170 166 541 193 600 86 99 204
internal_value=0.00189987 0.00369503 0.00683858 0.0114142 -0.00123216 -0.0017463 0.00485039 0.00164663 -0.00467539 0.00571298 0.0111994 0.0103403 -0.00515445 0.00561104 0.0051747 5.14854e-06 -0.00592028 -0.0163086 -0.024026 -0.0057423 0.00967742 -0.00103926 0.0101399 -0.000855033 -0.00579397 0.0027248 0.0126124 -0.00611945 -0.0152956 -0.0241379
internal_weight=184776 117455 46340 9119 67321 62074 5247 71115 23228 37221 3335 2674 22272 7600 33886 38846 1706 1024 847 357 682 423 286 2573 20123 734 2335 19389 389 290
internal_count=184776 117455 46340 9119 67321 62074 5247 71115 23228 37221 3335 2674 22272 7600 33886 38846 1706 1024 847 357 682 423 286 2573 20123 734 2335 19389 389 290
cat_boundaries=0 1 2 3 4 5 6 7 8 9
cat_threshold=65 1 1 132 1 45 1 1 71
is_linear=0
shrinkage=0.05


Tree=151
num_leaves=31
num_cat=8
split_feature=1 14 9 15 2 2 14 9 3 15 2 0 9 3 2 3 7 3 5 1 17 3 1 9 3 9 0 9 1 1
split_gain=429.711 302.529 94.9443 87.8287 86.5328 116.768 65.7393 53.5631 49.3711 44.0817 46.9943 38.0334 33.8801 31.071 25.3091 23.7811 54.1407 65.6804 117.627 83.2129 50.8764 32.3474 30.3967 50.0147 37.0824 22.6858 21.9219 37.0864 20.5342 19.016
threshold=1.0000000180025095e-35 0.8000000000000026 0 1.0000000180025095e-35 0.93499999999999972 1.6650000000000003 0.8000000000000026 1 24.660000000000004 0.75000000000000011 1.5749999999999995 2 3 8.7000000000000028 0.99500000000000111 7.5950000000000006 1.0000000180025095e-35 2.9150000000000005 0.71782087188165289 2.5000000000000004 0.44999999999999934 6.0250000000000012 10.500000000000002 4 2.0150000000000001 5 6 7 2.5000000000000004 13.500000000000002
decision_type=2 2 9 2 2 2 2 9 2 2 2 1 9 2 2 2 2 2 2 2 2 2 2 9 2 9 1 9 2 2
left_child=1 7 9 -4 6 8 25 -1 12 14 -11 -8 -6 -9 -3 16 17 18 19 20 -7 -19 24 -24 28 -2 -14 -28 -18 -17
right_child=4 2 3 -5 5 15 11 13 -10 10 -12 -13 26 -15 -16 29 22 21 -20 -21 -22 -23 23 -25 -26 -27 27 -29 -30 -31
leaf_value=0 0 0 0 0.00014908947002565954 7.9604885574394449e-09 0.00081245466443454091 0 0 9.80721877831257e-07 0 0 0 0 0 0 -1.6021006331633725e-05 1.484319254450953e-05 -2.5493977470957441e-09 2.383539929271458e-06 -1.7632683286654989e-08 -1.1095682533118768e-05 -8.7588779512577048e-05 -0.00070411726545818298 7.6391714822287483e-08 -8.9188977023415758e-05 -0.00030526087051129121 0 5.2600272899089077e-07 5.9152991584069854e-06 0.0002400750647183461
leaf_weight=63515 2407 3811 7466 1653 2149 253 2335 4605 956 840 2495 339 19389 2995 30075 25624 195 3494 177 482 100 874 122 145 258 166 541 193 262 6860
leaf_count=63515 2407 3811 7466 1653 2149 253 2335 4605 956 840 2495 339 19389 2995 30075 25624 195 3494 177 482 100 874 122 145 258 166 541 193 262 6860
internal_value=0.00186956 0.00369503 0.00683858 0.0114142 -0.00131534 -0.00183652 0.00485039 0.00164663 -0.00464095 0.00571298 0.0111994 0.0103403 -0.00511853 0.00561104 0.0051747 -0.000159605 -0.00295505 -0.00492565 -0.0164032 -0.0242515 -0.00580737 -0.00226648 0.00784114 -0.00655431 0.0132168 -0.000855033 -0.00575423 0.0027248 0.0217724 0.000387883
internal_weight=184776 117455 46340 9119 67321 62074 5247 71115 23228 37221 3335 2674 22272 7600 33886 38846 6362 5380 1012 835 353 4368 982 267 715 2573 20123 734 457 32484
internal_count=184776 117455 46340 9119 67321 62074 5247 71115 23228 37221 3335 2674 22272 7600 33886 38846 6362 5380 1012 835 353 4368 982 267 715 2573 20123 734 457 32484
cat_boundaries=0 1 2 3 4 5 6 7 8
cat_threshold=65 1 1 132 168 45 1 1
is_linear=0
shrinkage=0.05


Tree=152
num_leaves=31
num_cat=5
split_feature=1 14 9 2 2 15 14 9 3 15 2 0 9 3 9 3 5 1 8 17 1 2 1 14 1 2 1 2 2 3
split_gain=455.043 302.529 94.9443 90.6671 103.991 87.8287 65.7393 53.5631 49.3711 44.0817 46.9943 38.0334 33.8801 31.071 28.6293 59.1314 95.1463 104.314 92.9906 67.8314 65.6635 29.3543 114.654 66.9857 77.7579 64.3853 77.3365 62.7955 44.9143 44.0682
threshold=1.0000000180025095e-35 0.8000000000000026 0 0.93499999999999972 1.6650000000000003 1.0000000180025095e-35 0.8000000000000026 1 24.660000000000004 0.75000000000000011 1.5749999999999995 2 3 8.7000000000000028 4 2.3300000000000005 0.64778601398657376 2.5000000000000004 1.0000000180025095e-35 0.95000000000000295 11.500000000000002 3.2550000000000003 3.5000000000000004 0.95000000000000118 1.5000000000000002 8.5050000000000026 1.5000000000000002 5.2300000000000031 5.9750000000000005 9.0150000000000023
decision_type=2 2 9 2 2 2 2 9 2 2 2 1 9 2 9 2 2 2 2 2 2 2 2 2 2 2 2 2 2 2
left_child=1 7 9 6 8 -4 -2 -1 12 -3 -11 -8 -5 -9 15 16 17 19 -19 -6 -20 -17 23 24 -23 -25 -27 -24 -26 -29
right_child=3 2 5 4 14 -7 11 13 -10 10 -12 -13 -14 -15 -16 21 -18 18 20 -21 -22 22 27 25 28 26 -28 29 -30 -31
leaf_value=0 0 0 0 7.5624641295674726e-09 0.00077183193121281384 0.00014163499652437573 0 0 9.3168578393969422e-07 0 0 0 0 0 3.3991279738445163e-05 -1.5609434489302819e-05 2.2643629328078849e-06 -1.6751049122322239e-08 -2.1937324309806182e-07 -1.0540898406463661e-05 7.2572129081173101e-08 0.00089860334144984961 0.0013508889865494367 -0.00093917380837757426 -9.3400790025899294e-05 -0.00079525310189171869 0.016435223126090259 0.045463239674721323 0.017036542954375258 -0.043927261643733242
leaf_weight=63515 2573 33886 7466 2149 327 1653 2335 4605 956 840 2495 339 20123 2995 9604 20873 193 399 155 96 82 624 2178 1375 500 164 206 100 222 1748
leaf_count=63515 2573 33886 7466 2149 327 1653 2335 4605 956 840 2495 339 20123 2995 9604 20873 193 399 155 96 82 624 2178 1375 500 164 206 100 222 1748
internal_value=0.00181652 0.00369503 0.00683858 -0.00146091 -0.00199439 0.0114142 0.00485039 0.00164663 -0.00464095 0.00571298 0.0111994 0.0103403 -0.00511853 0.00561104 -0.000411883 -0.00118966 -0.0118211 -0.0177054 -0.0305031 0.00153664 -0.0056962 -0.000714541 0.00205845 0.0093012 0.017682 0.00283668 0.0213514 -0.00350224 0.0065097 -0.0102814
internal_weight=184776 117455 46340 67321 62074 9119 5247 71115 23228 37221 3335 2674 22272 7600 38846 29242 1252 1059 636 423 237 27990 7117 3091 1346 1745 370 4026 722 1848
internal_count=184776 117455 46340 67321 62074 9119 5247 71115 23228 37221 3335 2674 22272 7600 38846 29242 1252 1059 636 423 237 27990 7117 3091 1346 1745 370 4026 722 1848
cat_boundaries=0 1 2 3 4 5
cat_threshold=65 1 1 132 3
is_linear=0
shrinkage=0.05


Tree=153
num_leaves=31
num_cat=8
split_feature=1 14 9 15 2 2 14 9 3 15 2 0 3 10 5 1 17 9 9 3 2 9 0 9 4 10 3 2 1 14
split_gain=434.053 302.529 94.9443 87.8287 87.2431 114.499 65.7393 53.5631 49.3711 44.0817 46.9943 38.0334 34.4545 85.9202 116.737 82.5168 50.8706 33.8801 32.2014 31.071 25.3091 22.6858 21.9219 37.0864 13.7542 26.7692 35.8293 23.001 47.508 71.3443
threshold=1.0000000180025095e-35 0.8000000000000026 0 1.0000000180025095e-35 0.93499999999999972 1.6650000000000003 0.8000000000000026 1 24.660000000000004 0.75000000000000011 1.5749999999999995 2 2.9150000000000005 7.5000000000000009 0.71782087188165289 2.5000000000000004 0.95000000000000295 3 4 8.7000000000000028 0.99500000000000111 5 6 7 0.4007478793919918 13.000000000000002 18.445000000000004 3.9349999999999992 2.5000000000000004 0.4000000000000013
decision_type=2 2 9 2 2 2 2 9 2 2 2 1 2 2 2 2 2 9 9 2 2 9 1 9 2 2 2 2 2 2
left_child=1 7 9 -4 6 8 21 -1 17 20 -11 -8 13 14 15 16 -7 -6 -15 -9 -3 -2 -19 -24 -14 27 -27 -26 29 -29
right_child=4 2 3 -5 5 12 11 19 -10 10 -12 -13 24 18 -16 -17 -18 22 -20 -21 -22 -23 23 -25 25 26 -28 28 -30 -31
leaf_value=0 0 0 0 0.00013455324669815473 7.1843409230890985e-09 0.00073324033465217318 0 0 8.8510149474270943e-07 0 0 0 -7.4830599772631506e-06 -2.0840458094315875e-07 2.1511447861674911e-06 -1.5913496666206128e-08 -1.001385348614048e-05 0 6.2029709114765998e-06 0 0 -0.00028999782698572665 0 4.9970259254134631e-07 -1.305672901053527e-05 0.048382438694840553 0.00202329797740608 0.00094905295307625705 -0.00060205253125356073 0.00041452507952396733
leaf_weight=63515 2407 3811 7466 1653 2149 257 2335 4605 956 840 2495 339 27928 439 177 490 100 19389 243 2995 30075 166 541 193 6265 288 499 394 1307 459
leaf_count=63515 2407 3811 7466 1653 2149 257 2335 4605 956 840 2495 339 27928 439 177 490 100 19389 243 2995 30075 166 541 193 6265 288 499 394 1307 459
internal_value=0.00186036 0.00369503 0.00683858 0.0114142 -0.00134059 -0.0018639 0.00485039 0.00164663 -0.00464095 0.00571298 0.0111994 0.0103403 -0.000203367 -0.00715123 -0.0163086 -0.024026 -0.0057423 -0.00511853 0.00659824 0.00561104 0.0051747 -0.000855033 -0.00575423 0.0027248 0.000115778 0.00179114 0.0106099 0.000967359 0.00541667 0.0145955
internal_weight=184776 117455 46340 9119 67321 62074 5247 71115 23228 37221 3335 2674 38846 1706 1024 847 357 22272 682 7600 33886 2573 20123 734 37140 9212 787 8425 2160 853
internal_count=184776 117455 46340 9119 67321 62074 5247 71115 23228 37221 3335 2674 38846 1706 1024 847 357 22272 682 7600 33886 2573 20123 734 37140 9212 787 8425 2160 853
cat_boundaries=0 1 2 3 4 5 6 7 8
cat_threshold=65 1 1 132 41 45 1 1
is_linear=0
shrinkage=0.05


Tree=154
num_leaves=31
num_cat=10
split_feature=1 14 9 15 2 2 14 9 3 15 2 0 3 10 5 1 17 9 9 3 2 9 0 9 9 9 3 3 10 15
split_gain=435.848 302.529 94.9443 87.8287 87.5364 113.571 65.7393 53.5631 49.3711 44.0817 46.9943 38.0334 34.276 85.9202 116.737 82.5168 50.8706 33.8801 32.2014 31.071 25.3091 22.6858 21.9219 37.0864 13.4103 12.7481 19.5364 37.0466 34.4046 33.9882
threshold=1.0000000180025095e-35 0.8000000000000026 0 1.0000000180025095e-35 0.93499999999999972 1.6650000000000003 0.8000000000000026 1 24.660000000000004 0.75000000000000011 1.5749999999999995 2 2.9150000000000005 7.5000000000000009 0.71782087188165289 2.5000000000000004 0.95000000000000295 3 4 8.7000000000000028 0.99500000000000111 5 6 7 8 9 18.265000000000004 17.610000000000003 7.5000000000000009 1.0000000180025095e-35
decision_type=2 2 9 2 2 2 2 9 2 2 2 1 2 2 2 2 2 9 9 2 2 9 1 9 9 9 2 2 2 2
left_child=1 7 9 -4 6 8 21 -1 17 20 -11 24 13 14 15 16 -7 -6 -15 -9 -3 -2 -19 -24 -8 26 27 29 -29 -14
right_child=4 2 3 -5 5 12 11 19 -10 10 -12 -13 25 18 -16 -17 -18 22 -20 -21 -22 -23 23 -25 -26 -27 -28 28 -30 -31
leaf_value=0 0 0 0 0.00012782558436324475 6.8251238769346432e-09 0.00069657831791956448 0 0 8.408464200055739e-07 0 0 0 -1.4902574133648499e-06 -1.9798435189600081e-07 2.0435875468591164e-06 -1.5117821832895821e-08 -9.513160811835953e-06 0 5.8928223659027697e-06 0 0 -0.00027549793563644032 0 4.7471746291427901e-07 0.024910027662138651 0.00029942527649991788 -0.0011982881241879174 0.0013552100257489795 0.001705591143065026 0.0023198103635641977
leaf_weight=63515 2407 3811 7466 1653 2149 257 1735 4605 956 840 2495 339 19037 439 177 490 100 19389 243 2995 30075 166 541 193 600 5536 10416 492 229 1430
leaf_count=63515 2407 3811 7466 1653 2149 257 1735 4605 956 840 2495 339 19037 439 177 490 100 19389 243 2995 30075 166 541 193 600 5536 10416 492 229 1430
internal_value=0.00185657 0.00369503 0.00683858 0.0114142 -0.00135099 -0.00187518 0.00485039 0.00164663 -0.00464095 0.00571298 0.0111994 0.0103403 -0.000221387 -0.00715123 -0.0163086 -0.024026 -0.0057423 -0.00511853 0.00659824 0.00561104 0.0051747 -0.000855033 -0.00575423 0.0027248 0.0126124 9.69305e-05 -0.00029101 0.000580517 0.0117198 0.000188108
internal_weight=184776 117455 46340 9119 67321 62074 5247 71115 23228 37221 3335 2674 38846 1706 1024 847 357 22272 682 7600 33886 2573 20123 734 2335 37140 31604 21188 721 20467
internal_count=184776 117455 46340 9119 67321 62074 5247 71115 23228 37221 3335 2674 38846 1706 1024 847 357 22272 682 7600 33886 2573 20123 734 2335 37140 31604 21188 721 20467
cat_boundaries=0 1 2 3 4 5 6 7 8 9 10
cat_threshold=65 1 1 132 41 45 1 1 71 135
is_linear=0
shrinkage=0.05


Tree=155
num_leaves=31
num_cat=8
split_feature=1 14 9 15 2 2 14 9 3 15 2 0 3 10 5 1 17 9 9 3 2 9 0 9 13 5 14 3 1 14
split_gain=435.591 302.529 94.9443 87.8287 86.4219 113.968 64.8639 53.5631 49.3711 44.0817 46.9943 37.6708 34.3525 85.9202 116.737 82.5168 50.8706 33.8801 32.2014 31.071 25.3091 22.6858 21.9219 37.0864 13.0446 13.4915 12.005 12.9308 12.0048 64.7018
threshold=1.0000000180025095e-35 0.8000000000000026 0 1.0000000180025095e-35 0.93499999999999972 1.6650000000000003 0.8000000000000026 1 24.660000000000004 0.75000000000000011 1.5749999999999995 2 2.9150000000000005 7.5000000000000009 0.71782087188165289 2.5000000000000004 0.95000000000000295 3 4 8.7000000000000028 0.99500000000000111 5 6 7 1.2500000000000002 0.10235826243986466 1.9000000000000006 3.6500000000000008 3.5000000000000004 1.0000000180025095e-35
decision_type=2 2 9 2 2 2 2 9 2 2 2 1 2 2 2 2 2 9 9 2 2 9 1 9 2 2 2 2 2 2
left_child=1 7 9 -4 6 8 21 -1 17 20 -11 24 13 14 15 16 -7 28 -15 -9 -3 -2 -19 -24 25 -8 27 -22 29 -6
right_child=4 2 3 -5 5 12 11 19 -10 10 -12 -13 -14 18 -16 -17 -18 22 -20 -21 26 -23 23 -25 -26 -27 -28 -29 -30 -31
leaf_value=0 0 0 0 0.00012143430514508503 4.3253912163292489e-06 0.00066174940202358629 0 0 7.9880409900529525e-07 0 0 0 1.2267156661368002e-06 -1.8808513430120075e-07 1.9414081695161607e-06 -1.4361930741251028e-08 -9.0375027712419349e-06 0 5.5981812476076312e-06 0 0 -0.00026172303885461831 0 4.5098158976856506e-07 0.092164648548591327 0 0 0 -0.00031124463611583868 -0.0027028006798530996
leaf_weight=63515 2407 3811 7466 1653 409 257 1374 4605 956 840 2495 339 37140 439 177 490 100 19389 243 2995 255 166 541 193 126 835 11264 18556 1333 407
leaf_count=63515 2407 3811 7466 1653 409 257 1374 4605 956 840 2495 339 37140 439 177 490 100 19389 243 2995 255 166 541 193 126 835 11264 18556 1333 407
internal_value=0.00185711 0.00369503 0.00683858 0.0114142 -0.0013495 -0.00187035 0.00481227 0.00164663 -0.00464095 0.00571298 0.0111994 0.0102655 -0.000213664 -0.00715123 -0.0163086 -0.024026 -0.0057423 -0.00511853 0.00659824 0.00561104 0.0051747 -0.000855033 -0.00575423 0.0027248 0.0125268 0.0116342 0.00468828 0.00391526 0.000856878 0.00563725
internal_weight=184776 117455 46340 9119 67321 62074 5247 71115 23228 37221 3335 2674 38846 1706 1024 847 357 22272 682 7600 33886 2573 20123 734 2335 2209 30075 18811 2149 816
internal_count=184776 117455 46340 9119 67321 62074 5247 71115 23228 37221 3335 2674 38846 1706 1024 847 357 22272 682 7600 33886 2573 20123 734 2335 2209 30075 18811 2149 816
cat_boundaries=0 1 2 3 4 5 6 7 8
cat_threshold=65 1 1 132 41 45 1 1
is_linear=0
shrinkage=0.05


Tree=156
num_leaves=31
num_cat=9
split_feature=1 14 9 15 2 2 14 9 3 15 2 0 3 10 5 1 17 9 3 9 2 9 4 9 0 9 1 1 3 7
split_gain=440.092 302.529 94.9443 87.8287 83.698 116.419 62.0592 53.5631 49.7922 44.0817 46.9943 36.5041 34.3525 85.9202 116.737 82.5168 50.8706 32.2014 31.071 28.9405 25.3091 22.6858 15.8901 13.6278 13.4781 32.6257 12.4579 13.2114 37.3614 31.077
threshold=1.0000000180025095e-35 0.8000000000000026 0 1.0000000180025095e-35 0.93499999999999972 1.6650000000000003 0.8000000000000026 1 24.660000000000004 0.75000000000000011 1.5749999999999995 2 2.9150000000000005 7.5000000000000009 0.71782087188165289 2.5000000000000004 0.95000000000000295 3 8.7000000000000028 4 0.99500000000000111 5 0.98120623192544731 6 7 8 59.500000000000007 11.500000000000002 5.995000000000001 1.0000000180025095e-35
decision_type=2 2 9 2 2 2 2 9 2 2 2 1 2 2 2 2 2 9 2 9 2 9 2 9 1 9 2 2 2 2
left_child=1 7 9 -4 6 8 21 -1 19 20 -11 23 13 14 15 16 -7 -15 -9 22 -3 -2 26 -8 -21 -26 27 29 -29 -6
right_child=4 2 3 -5 5 12 11 18 -10 10 -12 -13 -14 17 -16 -17 -18 -19 -20 24 -22 -23 -24 -25 25 -27 -28 28 -30 -31
leaf_value=0 0 0 0 0.00011536258988782966 -1.5104811962454794e-06 0.00062866193192240695 0 0 7.5886389405503062e-07 0 0 0 1.1653798828299601e-06 -1.7868087758614073e-07 1.8443377610403528e-06 -1.3643834204188477e-08 -8.5856276326790052e-06 5.3182721852272502e-06 0 0 0 -0.00024863688691188741 0.035580836216438975 0.022377717964067751 0 4.2843251028013686e-07 0.040220479954496013 -0.00073689387455198407 -0.00032047524982348197 3.6752098519965553e-06
leaf_weight=63515 2407 3811 7466 1653 1964 257 1735 4605 956 840 2495 339 37140 439 177 490 100 243 2995 17766 30075 166 89 600 541 109 90 309 660 744
leaf_count=63515 2407 3811 7466 1653 1964 257 1735 4605 956 840 2495 339 37140 439 177 490 100 243 2995 17766 30075 166 89 600 541 109 90 309 660 744
internal_value=0.00184764 0.00369503 0.00683858 0.0114142 -0.0013755 -0.00188807 0.00468839 0.00164663 -0.00468831 0.00571298 0.0111994 0.0100224 -0.000213664 -0.00715123 -0.0163086 -0.024026 -0.0057423 0.00659824 0.00561104 -0.00516792 0.0051747 -0.000855033 -0.00121573 0.0122484 -0.00599153 0.00107692 -0.00171224 -0.00216209 -0.00717234 -0.000369276
internal_weight=184776 117455 46340 9119 67321 62074 5247 71115 23228 37221 3335 2674 38846 1706 1024 847 357 682 7600 22272 33886 2573 3856 2335 18416 650 3767 3677 969 2708
internal_count=184776 117455 46340 9119 67321 62074 5247 71115 23228 37221 3335 2674 38846 1706 1024 847 357 682 7600 22272 33886 2573 3856 2335 18416 650 3767 3677 969 2708
cat_boundaries=0 1 2 3 4 5 6 7 8 9
cat_threshold=65 1 1 41 164 45 71 1 1
is_linear=0
shrinkage=0.05


Tree=157
num_leaves=31
num_cat=9
split_feature=1 14 9 15 2 2 14 9 3 15 2 0 3 10 5 1 17 9 3 9 2 9 0 9 9 14 3 4 2 1
split_gain=442.674 302.529 94.9443 87.8287 83.5819 118.444 61.6332 53.5631 50.1382 44.0817 46.9943 36.3262 34.3525 85.9202 116.737 82.5168 50.8706 32.2014 31.071 26.1642 25.3091 22.6858 13.4781 32.6257 13.1043 12.005 12.9308 11.6972 20.1804 41.7062
threshold=1.0000000180025095e-35 0.8000000000000026 0 1.0000000180025095e-35 0.93499999999999972 1.6650000000000003 0.8000000000000026 1 24.660000000000004 0.75000000000000011 1.5749999999999995 2 2.9150000000000005 7.5000000000000009 0.71782087188165289 2.5000000000000004 0.95000000000000295 3 8.7000000000000028 4 0.99500000000000111 5 6 7 8 1.9000000000000006 3.6500000000000008 0.4007478793919918 3.9349999999999992 2.5000000000000004
decision_type=2 2 9 2 2 2 2 9 2 2 2 1 2 2 2 2 2 9 2 9 2 9 1 9 9 2 2 2 2 2
left_child=1 7 9 -4 6 8 21 -1 19 20 -11 24 13 14 15 16 -7 -15 -9 -6 -3 -2 -21 -24 -8 26 -22 -14 -29 -30
right_child=4 2 3 -5 5 12 11 18 -10 10 -12 -13 27 17 -16 -17 -18 -19 -20 22 25 -23 23 -25 -26 -27 -28 28 29 -31
leaf_value=0 0 0 0 0.00010959446039343623 -1.0864058423676689e-06 0.00059722883532628665 0 0 7.2092069935227906e-07 0 0 0 -7.1539988851800882e-06 -1.6974683370683366e-07 1.752120872988335e-06 -1.2961642493979054e-08 -8.156346251042557e-06 5.0523585759658872e-06 0 0 0 -0.00023620504256629301 0 4.0701088476612999e-07 0.021258832065864364 0 0 2.3538531628855871e-06 0.00091642314987387956 0.00036542009359747941
leaf_weight=63515 2407 3811 7466 1653 3856 257 1735 4605 956 840 2495 339 27928 439 177 490 100 243 2995 17766 255 166 541 109 600 11264 18556 6716 979 1517
leaf_count=63515 2407 3811 7466 1653 3856 257 1735 4605 956 840 2495 339 27928 439 177 490 100 243 2995 17766 255 166 541 109 600 11264 18556 6716 979 1517
internal_value=0.00184223 0.00369503 0.00683858 0.0114142 -0.00139035 -0.00190257 0.00466933 0.00164663 -0.00472705 0.00571298 0.0111994 0.00998504 -0.000213664 -0.00715123 -0.0163086 -0.024026 -0.0057423 0.00659824 0.00561104 -0.00520833 0.0051747 -0.000855033 -0.00599153 0.00107692 0.0122056 0.00468828 0.00391526 0.000105008 0.00165002 0.00548878
internal_weight=184776 117455 46340 9119 67321 62074 5247 71115 23228 37221 3335 2674 38846 1706 1024 847 357 682 7600 22272 33886 2573 18416 650 2335 30075 18811 37140 9212 2496
internal_count=184776 117455 46340 9119 67321 62074 5247 71115 23228 37221 3335 2674 38846 1706 1024 847 357 682 7600 22272 33886 2573 18416 650 2335 30075 18811 37140 9212 2496
cat_boundaries=0 1 2 3 4 5 6 7 8 9
cat_threshold=65 1 1 41 164 45 1 1 71
is_linear=0
shrinkage=0.05


Tree=158
num_leaves=31
num_cat=9
split_feature=1 14 9 15 2 2 14 9 3 15 2 0 3 10 5 1 17 9 3 9 2 9 0 9 9 14 3 4 2 1
split_gain=442.933 302.529 94.9443 87.8287 83.6229 118.309 61.6332 53.5631 50.1382 44.0817 46.9943 36.3262 34.327 85.9202 116.737 82.5168 50.8706 32.2014 31.071 26.1642 25.3091 22.6858 13.4781 32.6257 13.1043 12.005 12.9308 11.5739 19.8745 41.0651
threshold=1.0000000180025095e-35 0.8000000000000026 0 1.0000000180025095e-35 0.93499999999999972 1.6650000000000003 0.8000000000000026 1 24.660000000000004 0.75000000000000011 1.5749999999999995 2 2.9150000000000005 7.5000000000000009 0.71782087188165289 2.5000000000000004 0.95000000000000295 3 8.7000000000000028 4 0.99500000000000111 5 6 7 8 1.9000000000000006 3.6500000000000008 0.4007478793919918 3.9349999999999992 2.5000000000000004
decision_type=2 2 9 2 2 2 2 9 2 2 2 1 2 2 2 2 2 9 2 9 2 9 1 9 9 2 2 2 2 2
left_child=1 7 9 -4 6 8 21 -1 19 20 -11 24 13 14 15 16 -7 -15 -9 -6 -3 -2 -21 -24 -8 26 -22 -14 -29 -30
right_child=4 2 3 -5 5 12 11 18 -10 10 -12 -13 27 17 -16 -17 -18 -19 -20 22 25 -23 23 -25 -26 -27 -28 28 29 -31
leaf_value=0 0 0 0 0.00010411473737376165 -1.0320855502492855e-06 0.00056736739355997231 0 0 6.8487466438466519e-07 0 0 0 -6.7962989409210835e-06 -1.6125949202149199e-07 1.6645148293389184e-06 -1.2313560369280103e-08 -7.7485289384893192e-06 4.7997406471675928e-06 0 0 0 -0.00022439479043797836 0 3.8666034052782351e-07 0.020195890462571149 0 0 2.2361605047413077e-06 0.0008706019923801823 0.00034714908891759767
leaf_weight=63515 2407 3811 7466 1653 3856 257 1735 4605 956 840 2495 339 27928 439 177 490 100 243 2995 17766 255 166 541 109 600 11264 18556 6716 979 1517
leaf_count=63515 2407 3811 7466 1653 3856 257 1735 4605 956 840 2495 339 27928 439 177 490 100 243 2995 17766 255 166 541 109 600 11264 18556 6716 979 1517
internal_value=0.00184169 0.00369503 0.00683858 0.0114142 -0.00139184 -0.00190418 0.00466933 0.00164663 -0.00472705 0.00571298 0.0111994 0.00998504 -0.000216238 -0.00715123 -0.0163086 -0.024026 -0.0057423 0.00659824 0.00561104 -0.00520833 0.0051747 -0.000855033 -0.00599153 0.00107692 0.0122056 0.00468828 0.00391526 0.000102316 0.00163917 0.00544872
internal_weight=184776 117455 46340 9119 67321 62074 5247 71115 23228 37221 3335 2674 38846 1706 1024 847 357 682 7600 22272 33886 2573 18416 650 2335 30075 18811 37140 9212 2496
internal_count=184776 117455 46340 9119 67321 62074 5247 71115 23228 37221 3335 2674 38846 1706 1024 847 357 682 7600 22272 33886 2573 18416 650 2335 30075 18811 37140 9212 2496
cat_boundaries=0 1 2 3 4 5 6 7 8 9
cat_threshold=65 1 1 41 164 45 1 1 71
is_linear=0
shrinkage=0.05


Tree=159
num_leaves=31
num_cat=10
split_feature=1 14 9 15 2 2 14 9 3 15 2 0 3 10 5 1 17 9 3 9 2 9 0 9 9 14 3 5 9 3
split_gain=445.005 302.529 94.9443 87.8287 83.4251 118.447 61.2087 53.5631 47.4833 44.0817 46.9943 36.1488 34.2251 85.9202 116.737 82.5168 50.8706 32.2014 31.071 26.1642 25.3091 22.6858 13.4781 32.6257 12.6849 12.005 12.9308 11.6565 11.3929 18.6379
threshold=1.0000000180025095e-35 0.8000000000000026 0 1.0000000180025095e-35 0.93499999999999972 1.6650000000000003 0.8000000000000026 1 24.660000000000004 0.75000000000000011 1.5749999999999995 2 2.9150000000000005 7.5000000000000009 0.71782087188165289 2.5000000000000004 0.95000000000000295 3 8.7000000000000028 4 0.99500000000000111 5 6 7 8 1.9000000000000006 3.6500000000000008 0.60876142900872032 9 25.405000000000005
decision_type=2 2 9 2 2 2 2 9 2 2 2 1 2 2 2 2 2 9 2 9 2 9 1 9 9 2 2 2 9 2
left_child=1 7 9 -4 6 8 21 -1 19 20 -11 24 13 14 15 16 -7 -15 -9 -6 -3 -2 -21 -24 -8 26 -22 -10 29 -14
right_child=4 2 3 -5 5 12 11 18 27 10 -12 -13 28 17 -16 -17 -18 -19 -20 22 25 -23 23 -25 -26 -27 -28 -29 -30 -31
leaf_value=0 0 0 0 9.8909000505076339e-05 -9.8048127273682127e-07 0.00053899902388197362 0.01918609593944259 0 6.5063093116543182e-07 0 0 0 1.8046257799935208e-06 -1.5319651742041741e-07 1.5812890878719725e-06 -1.1697882350816098e-08 -7.3611024915654084e-06 4.5597536148092125e-06 0 0 0 -0.00021317505091607942 0 3.6732732350143236e-07 0 0 0 -0.024758983718619218 0.00028503192278877876 -0.0012793390782840199
leaf_weight=63515 2407 3811 7466 1653 3856 257 592 4605 854 840 2495 339 26483 439 177 490 100 243 2995 17766 255 166 541 109 1743 11264 18556 102 5536 5121
leaf_count=63515 2407 3811 7466 1653 3856 257 592 4605 854 840 2495 339 26483 439 177 490 100 243 2995 17766 255 166 541 109 1743 11264 18556 102 5536 5121
internal_value=0.00183736 0.00369503 0.00683858 0.0114142 -0.00140372 -0.00191546 0.00465028 0.00164663 -0.00473997 0.00571298 0.0111994 0.00994764 -0.000226536 -0.00715123 -0.0163086 -0.024026 -0.0057423 0.00659824 0.00561104 -0.00520833 0.0051747 -0.000855033 -0.00599153 0.00107692 0.0121627 0.00468828 0.00391526 0.00617155 9.15455e-05 -0.000275195
internal_weight=184776 117455 46340 9119 67321 62074 5247 71115 23228 37221 3335 2674 38846 1706 1024 847 357 682 7600 22272 33886 2573 18416 650 2335 30075 18811 956 37140 31604
internal_count=184776 117455 46340 9119 67321 62074 5247 71115 23228 37221 3335 2674 38846 1706 1024 847 357 682 7600 22272 33886 2573 18416 650 2335 30075 18811 956 37140 31604
cat_boundaries=0 1 2 3 4 5 6 7 8 9 10
cat_threshold=65 1 1 41 164 45 1 1 168 135
is_linear=0
shrinkage=0.05


Tree=160
num_leaves=31
num_cat=9
split_feature=1 14 9 15 2 2 14 9 3 15 2 0 3 10 5 1 17 9 3 9 2 9 0 9 0 12 4 14 3 14
split_gain=443.192 302.529 94.9443 87.8287 81.5731 114.416 59.9439 53.5631 48.7504 44.0817 46.9943 35.6191 34.098 85.9202 116.737 82.5168 50.8706 32.2014 31.071 30.2189 25.3091 22.6858 13.4781 32.6257 12.349 19.5709 12.2621 12.005 12.9308 11.4106
threshold=1.0000000180025095e-35 0.8000000000000026 0 1.0000000180025095e-35 0.93499999999999972 1.6650000000000003 0.8000000000000026 1 24.660000000000004 0.75000000000000011 1.5749999999999995 2 2.9150000000000005 7.5000000000000009 0.71782087188165289 2.5000000000000004 0.95000000000000295 3 8.7000000000000028 4 0.99500000000000111 5 6 7 8 1.0000000180025095e-35 0.98592083029765465 1.9000000000000006 3.6500000000000008 6.0500000000000016
decision_type=2 2 9 2 2 2 2 9 2 2 2 1 2 2 2 2 2 9 2 9 2 9 1 9 1 2 2 2 2 2
left_child=1 7 9 -4 6 8 21 -1 19 20 -11 29 13 14 15 16 -7 -15 -9 24 -3 -2 -21 -24 26 -26 -6 28 -22 -8
right_child=4 2 3 -5 5 12 11 18 -10 10 -12 -13 -14 17 -16 -17 -18 -19 -20 22 27 -23 23 -25 25 -27 -28 -29 -30 -31
leaf_value=0 0 0 0 9.3963550479825306e-05 -1.2800085031655167e-06 0.00051204907268787502 0 0 6.1809938460716026e-07 0 0 0 1.7143944909938447e-06 -1.4553669154939653e-07 1.5022246334783738e-06 -1.1112988233275292e-08 -6.9930473669876928e-06 4.331765934068752e-06 0 0 0 -0.00020251629837027545 0 3.4896095732636074e-07 8.8785913562146638e-07 -1.5323704301482038e-07 0.041810026721439006 0 0 0.14216464854859132
leaf_weight=63515 2407 3811 7466 1653 3528 257 2220 4605 956 840 2495 339 37140 439 177 490 100 243 2995 17766 255 166 541 109 115 133 80 11264 18556 115
leaf_count=63515 2407 3811 7466 1653 3528 257 2220 4605 956 840 2495 339 37140 439 177 490 100 243 2995 17766 255 166 541 109 115 133 80 11264 18556 115
internal_value=0.00184115 0.00369503 0.00683858 0.0114142 -0.00139332 -0.00189935 0.0045931 0.00164663 -0.00467539 0.00571298 0.0111994 0.00983545 -0.000239407 -0.00715123 -0.0163086 -0.024026 -0.0057423 0.00659824 0.00561104 -0.00514996 0.0051747 -0.000855033 -0.00599153 0.00107692 -0.00111226 0.00967742 -0.00185698 0.00468828 0.00391526 0.0120343
internal_weight=184776 117455 46340 9119 67321 62074 5247 71115 23228 37221 3335 2674 38846 1706 1024 847 357 682 7600 22272 33886 2573 18416 650 3856 248 3608 30075 18811 2335
internal_count=184776 117455 46340 9119 67321 62074 5247 71115 23228 37221 3335 2674 38846 1706 1024 847 357 682 7600 22272 33886 2573 18416 650 3856 248 3608 30075 18811 2335
cat_boundaries=0 1 2 3 4 5 6 7 8 9
cat_threshold=65 1 1 41 164 45 1 1 1
is_linear=0
shrinkage=0.05


Tree=161
num_leaves=31
num_cat=8
split_feature=1 14 9 15 2 2 14 9 3 15 2 0 3 10 5 1 17 9 3 9 2 9 0 9 14 3 14 5 2 13
split_gain=446.302 302.529 94.9443 87.8287 82.0596 117.097 59.9439 53.5631 49.207 44.0817 46.9943 35.6191 34.098 85.9202 116.737 82.5168 50.8706 32.2014 31.071 26.4658 25.3091 22.6858 13.4781 32.6257 12.005 12.9308 11.4106 11.7833 11.3602 11.2354
threshold=1.0000000180025095e-35 0.8000000000000026 0 1.0000000180025095e-35 0.93499999999999972 1.6650000000000003 0.8000000000000026 1 24.660000000000004 0.75000000000000011 1.5749999999999995 2 2.9150000000000005 7.5000000000000009 0.71782087188165289 2.5000000000000004 0.95000000000000295 3 8.7000000000000028 4 0.99500000000000111 5 6 7 1.9000000000000006 3.6500000000000008 6.0500000000000016 -0.79467767141292844 2.4150000000000005 2.5000000000000004
decision_type=2 2 9 2 2 2 2 9 2 2 2 1 2 2 2 2 2 9 2 9 2 9 1 9 2 2 2 2 2 2
left_child=1 7 9 -4 6 8 21 -1 19 20 -11 26 13 14 15 16 -7 28 -9 -6 -3 -2 -21 -24 25 -22 27 -8 -15 -14
right_child=4 2 3 -5 5 12 11 18 -10 10 -12 -13 29 17 -16 -17 -18 -19 -20 22 24 -23 23 -25 -26 -27 -28 -29 -30 -31
leaf_value=0 0 0 0 8.9265372955832375e-05 -8.6745678394170454e-07 0.00048644661905348124 0 0 5.8719441537680222e-07 0 0 0 7.5900523275930933e-07 -1.3825985697192671e-07 1.4271134018044552e-06 -1.0557338821611526e-08 -6.6433949986399737e-06 4.1151776373653144e-06 0 0 0 -0.00019239048345176166 0 3.315129094600427e-07 0 0 0.13505641612116176 0 0.0021515883355682896 0.12907693960478059
leaf_weight=63515 2407 3811 7466 1653 3856 257 529 4605 956 840 2495 339 37019 354 177 490 100 243 2995 17766 255 166 541 109 11264 18556 115 1691 85 121
leaf_count=63515 2407 3811 7466 1653 3856 257 529 4605 956 840 2495 339 37019 354 177 490 100 243 2995 17766 255 166 541 109 11264 18556 115 1691 85 121
internal_value=0.00183465 0.00369503 0.00683858 0.0114142 -0.00141115 -0.00191868 0.0045931 0.00164663 -0.00472705 0.00571298 0.0111994 0.00983545 -0.000239407 -0.00715123 -0.0163086 -0.024026 -0.0057423 0.00659824 0.00561104 -0.00520384 0.0051747 -0.000855033 -0.00599153 0.00107692 0.00468828 0.00391526 0.0120343 0.0112387 -0.00167038 7.80829e-05
internal_weight=184776 117455 46340 9119 67321 62074 5247 71115 23228 37221 3335 2674 38846 1706 1024 847 357 682 7600 22272 33886 2573 18416 650 30075 18811 2335 2220 439 37140
internal_count=184776 117455 46340 9119 67321 62074 5247 71115 23228 37221 3335 2674 38846 1706 1024 847 357 682 7600 22272 33886 2573 18416 650 30075 18811 2335 2220 439 37140
cat_boundaries=0 1 2 3 4 5 6 7 8
cat_threshold=65 1 1 41 164 45 1 1
is_linear=0
shrinkage=0.05


Tree=162
num_leaves=31
num_cat=8
split_feature=1 14 9 15 2 2 14 9 3 15 2 0 3 10 5 1 17 9 3 9 2 0 9 9 1 3 10 3 2 7
split_gain=443.968 302.529 94.9443 87.8287 80.1427 114.062 58.6923 53.5631 48.7124 44.0817 46.9943 35.0934 34.0726 85.9202 116.737 82.5168 50.8706 32.2014 31.071 30.5676 25.3091 23.3265 40.0572 22.6858 12.4981 47.8746 42.7616 23.5634 19.4666 14.1597
threshold=1.0000000180025095e-35 0.8000000000000026 0 1.0000000180025095e-35 0.93499999999999972 1.6650000000000003 0.8000000000000026 1 24.660000000000004 0.75000000000000011 1.5749999999999995 2 2.9150000000000005 7.5000000000000009 0.71782087188165289 2.5000000000000004 0.95000000000000295 3 8.7000000000000028 4 0.99500000000000111 5 6 7 10.500000000000002 5.995000000000001 6.5000000000000009 5.4600000000000009 1.345 1.0000000180025095e-35
decision_type=2 2 9 2 2 2 2 9 2 2 2 1 2 2 2 2 2 9 2 9 2 1 9 9 2 2 2 2 2 2
left_child=1 7 9 -4 6 8 23 -1 19 20 -11 -8 13 14 15 16 -7 -15 -9 24 -3 -21 -23 -2 26 29 -6 28 -28 -26
right_child=4 2 3 -5 5 12 11 18 -10 10 -12 -13 -14 17 -16 -17 -18 -19 -20 21 -22 22 -24 -25 25 -27 27 -29 -30 -31
leaf_value=0 0 0 0 8.4802104308040482e-05 -0.0010481453214822626 0.00046212428810080716 0 0 5.5783469460796207e-07 0 0 0 1.5907245048061869e-06 -1.3134686412333038e-07 1.3557577317142325e-06 -1.0029471880530951e-08 -6.3112252487063094e-06 3.9094187554970488e-06 0 0 0 0 3.1493726398704057e-07 -0.00018277095927917358 -0.00069978685892676184 0.033609869201838581 4.1876830605360081e-06 -0.0047886381125416683 -1.0474675841341504e-05 -0.00069978685892676184
leaf_weight=63515 2407 3811 7466 1653 830 257 2335 4605 956 840 2495 339 37140 439 177 490 100 243 2995 19389 30075 541 193 166 98 411 401 137 98 174
leaf_count=63515 2407 3811 7466 1653 830 257 2335 4605 956 840 2495 339 37140 439 177 490 100 243 2995 19389 30075 541 193 166 98 411 401 137 98 174
internal_value=0.00183952 0.00369503 0.00683858 0.0114142 -0.00139778 -0.00189935 0.00453593 0.00164663 -0.00467109 0.00571298 0.0111994 0.00972326 -0.000241981 -0.00715123 -0.0163086 -0.024026 -0.0057423 0.00659824 0.00561104 -0.00514547 0.0051747 -0.00574927 0.00299728 -0.000855033 0.000532654 -0.00505124 0.00313779 0.0128931 0.0179359 -0.0213235
internal_weight=184776 117455 46340 9119 67321 62074 5247 71115 23228 37221 3335 2674 38846 1706 1024 847 357 682 7600 22272 33886 20123 734 2573 2149 683 1466 636 499 272
internal_count=184776 117455 46340 9119 67321 62074 5247 71115 23228 37221 3335 2674 38846 1706 1024 847 357 682 7600 22272 33886 20123 734 2573 2149 683 1466 636 499 272
cat_boundaries=0 1 2 3 4 5 6 7 8
cat_threshold=65 1 1 41 132 1 1 45
is_linear=0
shrinkage=0.05


Tree=163
num_leaves=31
num_cat=8
split_feature=1 14 9 15 2 2 14 9 3 15 2 0 3 10 5 1 17 9 3 9 2 9 0 9 14 3 2 4 10 3
split_gain=447.082 302.529 94.9443 87.8287 80.6249 116.38 58.6923 53.5631 49.1308 44.0817 46.9943 35.0934 34.6276 86.6704 119.297 83.6183 53.2868 31.768 31.071 27.0742 25.3091 22.6858 13.4781 32.6257 12.005 12.9308 11.3225 11.0056 19.419 23.6162
threshold=1.0000000180025095e-35 0.8000000000000026 0 1.0000000180025095e-35 0.93499999999999972 1.6650000000000003 0.8000000000000026 1 24.660000000000004 0.75000000000000011 1.5749999999999995 2 2.9150000000000005 6.5000000000000009 0.71782087188165289 2.5000000000000004 0.44999999999999934 3 8.7000000000000028 4 0.99500000000000111 5 6 7 1.9000000000000006 3.6500000000000008 2.4150000000000005 0.4007478793919918 13.000000000000002 18.445000000000004
decision_type=2 2 9 2 2 2 2 9 2 2 2 1 2 2 2 2 2 9 2 9 2 9 1 9 2 2 2 2 2 2
left_child=1 7 9 -4 6 8 21 -1 19 20 -11 -8 13 14 15 16 -7 26 -9 -6 -3 -2 -21 -24 25 -22 -15 -14 -29 -30
right_child=4 2 3 -5 5 12 11 18 -10 10 -12 -13 27 17 -16 -17 -18 -19 -20 22 24 -23 23 -25 -26 -27 -28 28 29 -31
leaf_value=0 0 0 0 8.0561999092637618e-05 -8.2408394474461922e-07 0.00043901807369576683 0 0 5.2994295987756402e-07 0 0 0 -6.7499214943026735e-06 -1.2477952091716385e-07 1.2879698451285207e-06 -9.5279982865044032e-09 -5.9956639862690512e-06 3.7139478177221958e-06 0 0 0 -0.00017363241131521491 0 2.9919040078768854e-07 0 0 0.002044015486133081 2.4753411107348105e-06 0.045930445680013698 0.0019563403705577854
leaf_weight=63515 2407 3811 7466 1653 3856 245 2335 4605 956 840 2495 339 27928 371 177 480 102 246 2995 17766 255 166 541 109 11264 18556 85 8425 288 499
leaf_count=63515 2407 3811 7466 1653 3856 245 2335 4605 956 840 2495 339 27928 371 177 480 102 246 2995 17766 255 166 541 109 11264 18556 85 8425 288 499
internal_value=0.00183303 0.00369503 0.00683858 0.0114142 -0.00141561 -0.00191868 0.00453593 0.00164663 -0.00471844 0.00571298 0.0111994 0.00972326 -0.000244555 -0.00720985 -0.0166335 -0.024607 -0.00590778 0.00626781 0.00561104 -0.00519486 0.0051747 -0.000855033 -0.00599153 0.00107692 0.00468828 0.00391526 -0.00171674 7.53904e-05 0.00157403 0.00908513
internal_weight=184776 117455 46340 9119 67321 62074 5247 71115 23228 37221 3335 2674 38846 1706 1004 827 347 702 7600 22272 33886 2573 18416 650 30075 18811 456 37140 9212 787
internal_count=184776 117455 46340 9119 67321 62074 5247 71115 23228 37221 3335 2674 38846 1706 1004 827 347 702 7600 22272 33886 2573 18416 650 30075 18811 456 37140 9212 787
cat_boundaries=0 1 2 3 4 5 6 7 8
cat_threshold=65 1 1 41 164 45 1 1
is_linear=0
shrinkage=0.05


Tree=164
num_leaves=31
num_cat=8
split_feature=1 14 9 15 2 2 14 9 3 15 2 3 9 5 10 1 17 0 3 9 2 9 0 9 14 3 3 3 10 14
split_gain=448.903 302.529 94.9443 87.8287 80.9069 115.444 58.6923 53.5631 49.1308 44.0817 46.9943 36.2146 84.277 90.526 69.6944 93.3983 54.1694 35.0934 31.071 27.0742 25.3091 22.6858 13.4781 32.6257 12.005 12.9308 11.0773 43.3592 32.9677 51.1331
threshold=1.0000000180025095e-35 0.8000000000000026 0 1.0000000180025095e-35 0.93499999999999972 1.6650000000000003 0.8000000000000026 1 24.660000000000004 0.75000000000000011 1.5749999999999995 2.9150000000000005 2 0.73874773214847822 6.5000000000000009 2.5000000000000004 0.44999999999999934 3 8.7000000000000028 4 0.99500000000000111 5 6 7 1.9000000000000006 3.6500000000000008 6.0250000000000012 7.5950000000000006 7.5000000000000009 0.10000000000000499
decision_type=2 2 9 2 2 2 2 9 2 2 2 2 9 2 2 2 2 1 2 9 2 9 1 9 2 2 2 2 2 2
left_child=1 7 9 -4 6 8 21 -1 19 20 -11 12 -7 14 15 16 -14 -8 -9 -6 -3 -2 -21 -24 25 -22 28 -28 29 -13
right_child=4 2 3 -5 5 11 17 18 -10 10 -12 26 13 -15 -16 -17 -18 -19 -20 22 24 -23 23 -25 -26 -27 27 -29 -30 -31
leaf_value=0 0 0 0 7.6533899138003791e-05 -7.8287974750738826e-07 3.528250426836086e-06 0 0 5.0344581188368573e-07 0 0 1.4596660429898324e-05 0.00041706717001097846 1.2235713528720948e-06 -1.1854054487130567e-07 -9.051598372179183e-09 -5.6958807869544888e-06 0 0 0 0 -0.00016495079074945417 0 2.8423088074830412e-07 0 0 -8.1507883524794576e-05 2.3515740551980698e-06 -0.014426505176864552 -0.00013834914163073146
leaf_weight=63515 2407 3811 7466 1653 3856 227 2335 4605 956 840 2495 2082 238 177 496 467 101 339 2995 17766 255 166 541 109 11264 18556 910 32484 751 913
leaf_count=63515 2407 3811 7466 1653 3856 227 2335 4605 956 840 2495 2082 238 177 496 467 101 339 2995 17766 255 166 541 109 11264 18556 910 32484 751 913
internal_value=0.00182924 0.00369503 0.00683858 0.0114142 -0.001426 -0.00192995 0.00453593 0.00164663 -0.00471844 0.00571298 0.0111994 -0.000262575 -0.0073857 -0.0117193 -0.0163594 -0.0254342 -0.00545723 0.00972326 0.00561104 -0.00519486 0.0051747 -0.000855033 -0.00599153 0.00107692 0.00468828 0.00391526 6.46204e-05 -0.000224591 0.00264282 0.00499165
internal_weight=184776 117455 46340 9119 67321 62074 5247 71115 23228 37221 3335 38846 1706 1479 1302 806 339 2674 7600 22272 33886 2573 18416 650 30075 18811 37140 33394 3746 2995
internal_count=184776 117455 46340 9119 67321 62074 5247 71115 23228 37221 3335 38846 1706 1479 1302 806 339 2674 7600 22272 33886 2573 18416 650 30075 18811 37140 33394 3746 2995
cat_boundaries=0 1 2 3 4 5 6 7 8
cat_threshold=65 1 192 1 164 45 1 1
is_linear=0
shrinkage=0.05


Tree=165
num_leaves=31
num_cat=8
split_feature=1 14 9 15 2 2 14 9 3 15 2 3 9 5 10 1 17 0 3 9 2 9 0 9 14 3 3 3 10 14
split_gain=449.424 302.529 94.9443 87.8287 80.9875 115.178 58.6923 53.5631 49.1308 44.0817 46.9943 36.1623 84.277 90.526 69.6944 93.3983 54.1694 35.0934 31.071 27.0742 25.3091 22.6858 13.4781 32.6257 12.005 12.9308 10.6686 43.3592 29.8571 49.4172
threshold=1.0000000180025095e-35 0.8000000000000026 0 1.0000000180025095e-35 0.93499999999999972 1.6650000000000003 0.8000000000000026 1 24.660000000000004 0.75000000000000011 1.5749999999999995 2.9150000000000005 2 0.73874773214847822 6.5000000000000009 2.5000000000000004 0.44999999999999934 3 8.7000000000000028 4 0.99500000000000111 5 6 7 1.9000000000000006 3.6500000000000008 6.0250000000000012 7.5950000000000006 7.5000000000000009 0.10000000000000499
decision_type=2 2 9 2 2 2 2 9 2 2 2 2 9 2 2 2 2 1 2 9 2 9 1 9 2 2 2 2 2 2
left_child=1 7 9 -4 6 8 21 -1 19 20 -11 12 -7 14 15 16 -14 -8 -9 -6 -3 -2 -21 -24 25 -22 28 -28 29 -13
right_child=4 2 3 -5 5 11 17 18 -10 10 -12 26 13 -15 -16 -17 -18 -19 -20 22 24 -23 23 -25 -26 -27 27 -29 -30 -31
leaf_value=0 0 0 0 7.2707204181104987e-05 -7.4373576013201886e-07 3.3518379054942818e-06 0 0 4.7827352128950148e-07 0 0 1.3866827408403406e-05 0.00039621381151042957 1.1623927852284902e-06 -1.1261351762774038e-07 -8.5990184535702239e-09 -5.4110867476087067e-06 0 0 0 0 -0.00015670325121198145 0 2.7001933671088887e-07 0 0 -7.7432489348554841e-05 2.2339953524381665e-06 -0.013705179918021327 -0.00013143168454919489
leaf_weight=63515 2407 3811 7466 1653 3856 227 2335 4605 956 840 2495 2082 238 177 496 467 101 339 2995 17766 255 166 541 109 11264 18556 910 32484 751 913
leaf_count=63515 2407 3811 7466 1653 3856 227 2335 4605 956 840 2495 2082 238 177 496 467 101 339 2995 17766 255 166 541 109 11264 18556 910 32484 751 913
internal_value=0.00182816 0.00369503 0.00683858 0.0114142 -0.00142897 -0.00193318 0.00453593 0.00164663 -0.00471844 0.00571298 0.0111994 -0.000267724 -0.0073857 -0.0117193 -0.0163594 -0.0254342 -0.00545723 0.00972326 0.00561104 -0.00519486 0.0051747 -0.000855033 -0.00599153 0.00107692 0.00468828 0.00391526 5.92353e-05 -0.000224591 0.00258943 0.00482471
internal_weight=184776 117455 46340 9119 67321 62074 5247 71115 23228 37221 3335 38846 1706 1479 1302 806 339 2674 7600 22272 33886 2573 18416 650 30075 18811 37140 33394 3746 2995
internal_count=184776 117455 46340 9119 67321 62074 5247 71115 23228 37221 3335 38846 1706 1479 1302 806 339 2674 7600 22272 33886 2573 18416 650 30075 18811 37140 33394 3746 2995
cat_boundaries=0 1 2 3 4 5 6 7 8
cat_threshold=65 1 192 1 164 45 1 1
is_linear=0
shrinkage=0.05


Tree=166
num_leaves=31
num_cat=9
split_feature=1 14 9 15 2 2 14 9 3 15 2 3 9 5 10 1 17 0 3 9 2 9 0 9 14 3 4 2 5 9
split_gain=453.602 302.529 94.9443 87.8287 81.6342 113.056 58.6923 53.5631 49.1308 44.0817 46.9943 35.745 84.277 90.526 69.6944 93.3983 54.1694 35.0934 31.071 27.0742 25.3091 22.6858 13.4781 32.6257 12.005 12.9308 11.2391 17.7244 38.4572 29.6508
threshold=1.0000000180025095e-35 0.8000000000000026 0 1.0000000180025095e-35 0.93499999999999972 1.6650000000000003 0.8000000000000026 1 24.660000000000004 0.75000000000000011 1.5749999999999995 2.9150000000000005 2 0.73874773214847822 6.5000000000000009 2.5000000000000004 0.44999999999999934 3 8.7000000000000028 4 0.99500000000000111 5 6 7 1.9000000000000006 3.6500000000000008 0.4007478793919918 3.9349999999999992 -0.67397850752516397 8
decision_type=2 2 9 2 2 2 2 9 2 2 2 2 9 2 2 2 2 1 2 9 2 9 1 9 2 2 2 2 2 9
left_child=1 7 9 -4 6 8 21 -1 19 20 -11 12 -7 14 15 16 -14 -8 -9 -6 -3 -2 -21 -24 25 -22 -13 29 -29 -28
right_child=4 2 3 -5 5 11 17 18 -10 10 -12 26 13 -15 -16 -17 -18 -19 -20 22 24 -23 23 -25 -26 -27 27 28 -30 -31
leaf_value=0 0 0 0 6.9071843972051686e-05 -7.0654897212541785e-07 3.1842460102195676e-06 0 0 4.5435984522502634e-07 0 0 -6.6417038899693516e-06 0.00037640312093490812 1.1042731459670656e-06 -1.0698284174635335e-07 -8.169067530891712e-09 -5.1405324102304918e-06 0 0 0 0 -0.00014886808865138238 0 2.5651836987534442e-07 0 0 0.018596289593359829 -0.0016628576374245752 0.0020993161961177175 -2.2717819613094983e-05
leaf_weight=63515 2407 3811 7466 1653 3856 227 2335 4605 956 840 2495 27928 238 177 496 467 101 339 2995 17766 255 166 541 109 11264 18556 937 709 1787 5779
leaf_count=63515 2407 3811 7466 1653 3856 227 2335 4605 956 840 2495 27928 238 177 496 467 101 339 2995 17766 255 166 541 109 11264 18556 937 709 1787 5779
internal_value=0.0018195 0.00369503 0.00683858 0.0114142 -0.00145274 -0.00195895 0.00453593 0.00164663 -0.00471844 0.00571298 0.0111994 -0.000308912 -0.0073857 -0.0117193 -0.0163594 -0.0254342 -0.00545723 0.00972326 0.00561104 -0.00519486 0.0051747 -0.000855033 -0.00599153 0.00107692 0.00468828 0.00391526 1.61551e-05 0.00153061 0.00512821 0.000193568
internal_weight=184776 117455 46340 9119 67321 62074 5247 71115 23228 37221 3335 38846 1706 1479 1302 806 339 2674 7600 22272 33886 2573 18416 650 30075 18811 37140 9212 2496 6716
internal_count=184776 117455 46340 9119 67321 62074 5247 71115 23228 37221 3335 38846 1706 1479 1302 806 339 2674 7600 22272 33886 2573 18416 650 30075 18811 37140 9212 2496 6716
cat_boundaries=0 1 2 3 4 5 6 7 8 9
cat_threshold=65 1 192 1 164 45 1 1 108
is_linear=0
shrinkage=0.05


Tree=167
num_leaves=31
num_cat=10
split_feature=1 14 9 15 2 2 14 9 3 15 2 0 3 9 5 10 1 17 3 9 2 9 0 9 0 8 1 14 14 9
split_gain=462.282 302.529 94.9443 87.8287 82.9761 108.396 58.6923 53.5631 49.0927 44.0817 46.9943 35.0934 34.8663 84.277 90.526 69.6944 93.3983 54.1694 31.071 27.381 25.3091 22.6858 13.4781 32.6257 12.5049 17.356 20.1125 15.7132 14.0615 17.904
threshold=1.0000000180025095e-35 0.8000000000000026 0 1.0000000180025095e-35 0.93499999999999972 1.6650000000000003 0.8000000000000026 1 24.660000000000004 0.75000000000000011 1.5749999999999995 2 2.9150000000000005 3 0.73874773214847822 6.5000000000000009 2.5000000000000004 0.44999999999999934 8.7000000000000028 4 0.99500000000000111 5 6 7 8 1.0000000180025095e-35 1.5000000000000002 1.9500000000000031 3.0000000000000009 9
decision_type=2 2 9 2 2 2 2 9 2 2 2 1 2 9 2 2 2 2 2 9 2 9 1 9 1 2 2 2 2 9
left_child=1 7 9 -4 6 8 21 -1 19 20 -11 -8 13 -7 15 16 17 -15 -9 -6 -3 -2 -21 -24 28 -26 27 -27 -14 -30
right_child=4 2 3 -5 5 12 11 18 -10 10 -12 -13 24 14 -16 -17 -18 -19 -20 22 -22 -23 23 -25 25 26 -28 -29 29 -31
leaf_value=0 0 0 0 6.5618251773447164e-05 -6.7122152351914699e-07 3.0250337097085888e-06 0 0 4.3164185296377507e-07 0 0 0 -1.8848650519690151e-06 0.0003575829648881627 1.0490594886687122e-06 -1.0163369965903569e-07 -7.7606141543471263e-09 -4.883505789721188e-06 0 0 0 -0.00014142468421881322 0 2.436924513815772e-07 -0.0081272897725201861 0.00090962877596519889 -0.015283778290795261 -1.4667892756667936e-05 3.9438952966193273e-05 0.038239780087238377
leaf_weight=63515 2407 3811 7466 1653 3856 227 2335 4605 956 840 2495 339 32822 238 177 496 467 101 2995 17766 30075 166 541 109 369 97 940 107 1653 1152
leaf_count=63515 2407 3811 7466 1653 3856 227 2335 4605 956 840 2495 339 32822 238 177 496 467 101 2995 17766 30075 166 541 109 369 97 940 107 1653 1152
internal_value=0.00180164 0.00369503 0.00683858 0.0114142 -0.00150176 -0.00201211 0.00453593 0.00164663 -0.00471414 0.00571298 0.0111994 0.00972326 -0.000396437 -0.0073857 -0.0117193 -0.0163594 -0.0254342 -0.00545723 0.00561104 -0.00519037 0.0051747 -0.000855033 -0.00599153 0.00107692 -7.53904e-05 -0.00452743 -0.00148601 0.0127451 0.000113678 0.00351159
internal_weight=184776 117455 46340 9119 67321 62074 5247 71115 23228 37221 3335 2674 38846 1706 1479 1302 806 339 7600 22272 33886 2573 18416 650 37140 1513 1144 204 35627 2805
internal_count=184776 117455 46340 9119 67321 62074 5247 71115 23228 37221 3335 2674 38846 1706 1479 1302 806 339 7600 22272 33886 2573 18416 650 37140 1513 1144 204 35627 2805
cat_boundaries=0 1 2 3 4 5 6 7 8 9 10
cat_threshold=65 1 1 192 164 45 1 1 1 5
is_linear=0
shrinkage=0.05


Tree=168
num_leaves=31
num_cat=8
split_feature=1 14 9 15 2 2 14 9 3 15 2 3 9 5 10 1 17 0 3 9 2 9 0 9 14 3 2 1 4 1
split_gain=459.907 302.529 94.9443 87.8287 82.609 109.562 58.6923 53.5631 49.0927 44.0817 46.9943 35.0978 84.277 90.526 69.6944 93.3983 54.1694 35.0934 31.071 27.381 25.3091 22.6858 13.4781 32.6257 12.005 12.9308 11.5735 136.532 19.5414 11.3381
threshold=1.0000000180025095e-35 0.8000000000000026 0 1.0000000180025095e-35 0.93499999999999972 1.6650000000000003 0.8000000000000026 1 24.660000000000004 0.75000000000000011 1.5749999999999995 2.9150000000000005 2 0.73874773214847822 6.5000000000000009 2.5000000000000004 0.44999999999999934 3 8.7000000000000028 4 0.99500000000000111 5 6 7 1.9000000000000006 3.6500000000000008 12.750000000000004 4.5000000000000009 0.52806659394253741 6.5000000000000009
decision_type=2 2 9 2 2 2 2 9 2 2 2 2 9 2 2 2 2 1 2 9 2 9 1 9 2 2 2 2 2 2
left_child=1 7 9 -4 6 8 21 -1 19 20 -11 12 -7 14 15 16 -14 -8 -9 -6 -3 -2 -21 -24 25 -22 29 -28 -29 -13
right_child=4 2 3 -5 5 11 17 18 -10 10 -12 26 13 -15 -16 -17 -18 -19 -20 22 24 -23 23 -25 -26 -27 27 28 -30 -31
leaf_value=0 0 0 0 6.2337339184775911e-05 -6.3766044734318963e-07 2.8737820242231596e-06 0 0 4.100597603155863e-07 0 0 -3.1799234332203982e-05 0.00033970381664375458 9.9660651423527678e-07 -9.6552014676083912e-08 -7.3725834466297705e-09 -4.6393305002334633e-06 0 0 0 0 -0.00013435345000787255 0 2.3150782881249838e-07 0 0 0.0083144212839919799 -0.15452382996872405 -0.021804701135250393 9.2318883184599641e-06
leaf_weight=63515 2407 3811 7466 1653 3856 227 2335 4605 956 840 2495 22336 238 177 496 467 101 339 2995 17766 255 166 541 109 11264 18556 361 375 81 13987
leaf_count=63515 2407 3811 7466 1653 3856 227 2335 4605 956 840 2495 22336 238 177 496 467 101 339 2995 17766 255 166 541 109 11264 18556 361 375 81 13987
internal_value=0.00180651 0.00369503 0.00683858 0.0114142 -0.00148839 -0.00199762 0.00453593 0.00164663 -0.00471414 0.00571298 0.0111994 -0.000373269 -0.0073857 -0.0117193 -0.0163594 -0.0254342 -0.00545723 0.00972326 0.00561104 -0.00519037 0.0051747 -0.000855033 -0.00599153 0.00107692 0.00468828 0.00391526 -5.11578e-05 -0.00593635 -0.0241228 8.12158e-05
internal_weight=184776 117455 46340 9119 67321 62074 5247 71115 23228 37221 3335 38846 1706 1479 1302 806 339 2674 7600 22272 33886 2573 18416 650 30075 18811 37140 817 456 36323
internal_count=184776 117455 46340 9119 67321 62074 5247 71115 23228 37221 3335 38846 1706 1479 1302 806 339 2674 7600 22272 33886 2573 18416 650 30075 18811 37140 817 456 36323
cat_boundaries=0 1 2 3 4 5 6 7 8
cat_threshold=65 1 192 1 164 45 1 1
is_linear=0
shrinkage=0.05


Tree=169
num_leaves=31
num_cat=8
split_feature=1 14 9 15 2 2 14 9 3 15 2 3 9 5 10 1 17 0 3 9 2 0 9 9 1 3 10 3 2 7
split_gain=455.174 302.529 94.9443 87.8287 81.8774 108.087 58.6923 53.5631 48.6745 44.0817 46.9943 35.2785 84.277 90.526 69.6944 93.3983 54.1694 35.0934 31.071 31.0235 25.3091 23.3265 40.0572 22.6858 13.3763 47.0169 44.3366 20.7163 19.4666 14.1597
threshold=1.0000000180025095e-35 0.8000000000000026 0 1.0000000180025095e-35 0.93499999999999972 1.6650000000000003 0.8000000000000026 1 24.660000000000004 0.75000000000000011 1.5749999999999995 2.9150000000000005 2 0.73874773214847822 6.5000000000000009 2.5000000000000004 0.44999999999999934 3 8.7000000000000028 4 0.99500000000000111 5 6 7 10.500000000000002 5.995000000000001 6.5000000000000009 5.4600000000000009 1.345 1.0000000180025095e-35
decision_type=2 2 9 2 2 2 2 9 2 2 2 2 9 2 2 2 2 1 2 9 2 1 9 9 2 2 2 2 2 2
left_child=1 7 9 -4 6 8 23 -1 19 20 -11 12 -7 14 15 16 -14 -8 -9 24 -3 -21 -23 -2 26 29 -6 28 -28 -26
right_child=4 2 3 -5 5 11 17 18 -10 10 -12 -13 13 -15 -16 -17 -18 -19 -20 21 -22 22 -24 -25 25 -27 27 -29 -30 -31
leaf_value=0 0 0 0 5.922047222553517e-05 -0.00099551974888838104 2.7300929230120018e-06 0 0 3.8955677229980693e-07 0 0 -4.7942554014499808e-07 0.00032271862581156684 9.4677618852351295e-07 -9.1724413942279708e-08 -7.0039542742982821e-09 -4.4073639752228999e-06 0 0 0 0 0 2.1993243737187347e-07 -0.00012763577750747894 -0.00066457920946065509 0.031929594048266417 4.1966054272777972e-06 -0.004548987900394816 -9.7326355295058398e-06 -0.00066457920946065509
leaf_weight=63515 2407 3811 7466 1653 830 227 2335 4605 956 840 2495 37140 238 177 496 467 101 339 2995 19389 30075 541 193 166 98 411 401 137 98 174
leaf_count=63515 2407 3811 7466 1653 830 227 2335 4605 956 840 2495 37140 238 177 496 467 101 339 2995 19389 30075 541 193 166 98 411 401 137 98 174
internal_value=0.00181625 0.00369503 0.00683858 0.0114142 -0.00146165 -0.00196862 0.00453593 0.00164663 -0.00466678 0.00571298 0.0111994 -0.000355249 -0.0073857 -0.0117193 -0.0163594 -0.0254342 -0.00545723 0.00972326 0.00561104 -0.00514098 0.0051747 -0.00574927 0.00299728 -0.000855033 0.000578972 -0.00519766 0.00327422 0.0132075 0.0179359 -0.0213235
internal_weight=184776 117455 46340 9119 67321 62074 5247 71115 23228 37221 3335 38846 1706 1479 1302 806 339 2674 7600 22272 33886 20123 734 2573 2149 683 1466 636 499 272
internal_count=184776 117455 46340 9119 67321 62074 5247 71115 23228 37221 3335 38846 1706 1479 1302 806 339 2674 7600 22272 33886 20123 734 2573 2149 683 1466 636 499 272
cat_boundaries=0 1 2 3 4 5 6 7 8
cat_threshold=65 1 192 1 132 1 1 45
is_linear=0
shrinkage=0.05


Tree=170
num_leaves=31
num_cat=8
split_feature=1 14 9 15 2 2 14 9 3 15 2 3 9 5 10 1 17 0 3 9 2 9 0 9 2 1 14 3 4 14
split_gain=458.064 302.529 94.9443 87.8287 82.3241 110.474 58.6923 53.5631 49.0927 44.0817 46.9943 35.2785 84.277 90.526 69.6944 93.3983 54.1694 35.0934 31.071 27.381 25.3091 22.6858 13.4781 32.6257 12.1575 128.979 12.005 12.9308 11.4082 19.9079
threshold=1.0000000180025095e-35 0.8000000000000026 0 1.0000000180025095e-35 0.93499999999999972 1.6650000000000003 0.8000000000000026 1 24.660000000000004 0.75000000000000011 1.5749999999999995 2.9150000000000005 2 0.73874773214847822 6.5000000000000009 2.5000000000000004 0.44999999999999934 3 8.7000000000000028 4 0.99500000000000111 5 6 7 13.180000000000001 4.5000000000000009 1.9000000000000006 3.6500000000000008 -0.97768935359824216 5.7500000000000009
decision_type=2 2 9 2 2 2 2 9 2 2 2 2 9 2 2 2 2 1 2 9 2 9 1 9 2 2 2 2 2 2
left_child=1 7 9 -4 6 8 21 -1 19 20 -11 12 -7 14 15 16 -14 -8 -9 -6 -3 -2 -21 -24 28 -26 27 -22 29 -13
right_child=4 2 3 -5 5 11 17 18 -10 10 -12 24 13 -15 -16 -17 -18 -19 -20 22 26 -23 23 -25 25 -27 -28 -29 -30 -31
leaf_value=0 0 0 0 5.6259448614259799e-05 -6.0577742497603018e-07 2.5935882768614015e-06 0 0 3.7007893368481659e-07 0 0 4.1040953863074932e-05 0.00030658269452098848 8.994373790973372e-07 -8.7138193245165727e-08 -6.6537565605833679e-09 -4.1869957764617547e-06 0 0 0 0 -0.00012125398863210499 0 2.089358155032798e-07 0.0077973434001849529 -0.14056108684871713 0 0 -2.2282449382863127e-06 0.093282050918009396
leaf_weight=63515 2407 3811 7466 1653 3856 227 2335 4605 956 840 2495 3668 238 177 496 467 101 339 2995 17766 255 166 541 109 302 370 11264 18556 32625 175
leaf_count=63515 2407 3811 7466 1653 3856 227 2335 4605 956 840 2495 3668 238 177 496 467 101 339 2995 17766 255 166 541 109 302 370 11264 18556 32625 175
internal_value=0.0018103 0.00369503 0.00683858 0.0114142 -0.00147799 -0.00198634 0.00453593 0.00164663 -0.00471414 0.00571298 0.0111994 -0.000355249 -0.0073857 -0.0117193 -0.0163594 -0.0254342 -0.00545723 0.00972326 0.00561104 -0.00519037 0.0051747 -0.000855033 -0.00599153 0.00107692 -3.23102e-05 -0.00669643 0.00468828 0.00391526 9.04903e-05 0.00266719
internal_weight=184776 117455 46340 9119 67321 62074 5247 71115 23228 37221 3335 38846 1706 1479 1302 806 339 2674 7600 22272 33886 2573 18416 650 37140 672 30075 18811 36468 3843
internal_count=184776 117455 46340 9119 67321 62074 5247 71115 23228 37221 3335 38846 1706 1479 1302 806 339 2674 7600 22272 33886 2573 18416 650 37140 672 30075 18811 36468 3843
cat_boundaries=0 1 2 3 4 5 6 7 8
cat_threshold=65 1 192 1 164 45 1 1
is_linear=0
shrinkage=0.05


Tree=171
num_leaves=31
num_cat=9
split_feature=1 14 9 15 2 2 14 9 3 15 2 0 3 9 5 10 1 17 3 9 2 9 0 9 14 3 2 3 14 9
split_gain=463.075 302.529 94.9443 87.8287 83.0986 108.009 58.6923 53.5631 49.0927 44.0817 46.9943 35.0934 34.7893 84.277 90.526 69.6944 93.3983 54.1694 31.071 27.381 25.3091 22.6858 13.4781 32.6257 12.005 12.9308 10.7378 19.344 12.1287 11.5665
threshold=1.0000000180025095e-35 0.8000000000000026 0 1.0000000180025095e-35 0.93499999999999972 1.6650000000000003 0.8000000000000026 1 24.660000000000004 0.75000000000000011 1.5749999999999995 2 2.9150000000000005 3 0.73874773214847822 6.5000000000000009 2.5000000000000004 0.44999999999999934 8.7000000000000028 4 0.99500000000000111 5 6 7 1.9000000000000006 3.6500000000000008 1.8550000000000006 9.0150000000000023 10.600000000000007 8
decision_type=2 2 9 2 2 2 2 9 2 2 2 1 2 9 2 2 2 2 2 9 2 9 1 9 2 2 2 2 2 9
left_child=1 7 9 -4 6 8 21 -1 19 20 -11 -8 13 -7 15 16 17 -15 -9 -6 -3 -2 -21 -24 25 -22 27 -14 -28 -29
right_child=4 2 3 -5 5 12 11 18 -10 10 -12 -13 26 14 -16 -17 -18 -19 -20 22 24 -23 23 -25 -26 -27 28 29 -30 -31
leaf_value=0 0 0 0 5.3446476183549585e-05 -5.7548855372722863e-07 2.4639088630183314e-06 0 0 3.5157498700057572e-07 0 0 0 -0.00011199482294556201 0.00029125355979493908 8.5446551014247048e-07 -8.2781283582907427e-08 -6.3210687325542005e-09 -3.9776459876406101e-06 0 0 0 -0.00011519128920049975 0 1.984890247281158e-07 0 0 -2.1168326913719969e-06 0.00095077586641494527 0.092390538164797475 -0.00072715915776443672
leaf_weight=63515 2407 3811 7466 1653 3856 227 2335 4605 956 840 2495 339 107 238 177 496 467 101 2995 17766 255 166 541 109 11264 18556 36262 484 173 114
leaf_count=63515 2407 3811 7466 1653 3856 227 2335 4605 956 840 2495 339 107 238 177 496 467 101 2995 17766 255 166 541 109 11264 18556 36262 484 173 114
internal_value=0.00180002 0.00369503 0.00683858 0.0114142 -0.00150622 -0.00201695 0.00453593 0.00164663 -0.00471414 0.00571298 0.0111994 0.00972326 -0.00040416 -0.0073857 -0.0117193 -0.0163594 -0.0254342 -0.00545723 0.00561104 -0.00519037 0.0051747 -0.000855033 -0.00599153 0.00107692 0.00468828 0.00391526 -8.3468e-05 0.00602837 -0.000201729 0.00953177
internal_weight=184776 117455 46340 9119 67321 62074 5247 71115 23228 37221 3335 2674 38846 1706 1479 1302 806 339 7600 22272 33886 2573 18416 650 30075 18811 37140 705 36435 598
internal_count=184776 117455 46340 9119 67321 62074 5247 71115 23228 37221 3335 2674 38846 1706 1479 1302 806 339 7600 22272 33886 2573 18416 650 30075 18811 37140 705 36435 598
cat_boundaries=0 1 2 3 4 5 6 7 8 9
cat_threshold=65 1 1 192 164 45 1 1 9
is_linear=0
shrinkage=0.05


Tree=172
num_leaves=31
num_cat=9
split_feature=1 14 9 15 2 2 14 9 3 15 2 0 3 9 5 10 1 17 3 9 2 9 0 9 14 3 9 1 13 4
split_gain=464.399 302.529 94.9443 87.8287 83.303 107.364 58.6923 53.5631 49.0927 44.0817 46.9943 35.0934 34.6611 84.277 90.526 69.6944 93.3983 54.1694 31.071 27.381 25.3091 22.6858 13.4781 32.6257 12.005 12.9308 10.403 10.6473 10.2937 9.91693
threshold=1.0000000180025095e-35 0.8000000000000026 0 1.0000000180025095e-35 0.93499999999999972 1.6650000000000003 0.8000000000000026 1 24.660000000000004 0.75000000000000011 1.5749999999999995 2 2.9150000000000005 3 0.73874773214847822 6.5000000000000009 2.5000000000000004 0.44999999999999934 8.7000000000000028 4 0.99500000000000111 5 6 7 1.9000000000000006 3.6500000000000008 8 7.5000000000000009 2.5000000000000004 0.98592083029765465
decision_type=2 2 9 2 2 2 2 9 2 2 2 1 2 9 2 2 2 2 2 9 2 9 1 9 2 2 9 2 2 2
left_child=1 7 9 -4 6 8 21 -1 19 20 -11 26 13 -7 15 16 17 -15 -9 29 -3 -2 -21 -24 25 -22 -8 -28 -14 -6
right_child=4 2 3 -5 5 12 11 18 -10 10 -12 -13 28 14 -16 -17 -18 -19 -20 22 24 -23 23 -25 -26 -27 27 -29 -30 -31
leaf_value=0 0 0 0 5.0774152374372111e-05 -7.2134137714499536e-07 2.3407134198674151e-06 0.018226791142470462 0 3.3399623765054699e-07 0 0 0 -1.3487217013882674e-06 0.00027669088180519213 8.1174223463534702e-07 -7.8642219403762061e-08 -6.0050152959264901e-09 -3.7787636882558041e-06 0 0 0 -0.00010943172474047476 0 1.8856457349171002e-07 0 0 0 0 0.11810059810438259 0.034128412489937247
leaf_weight=63515 2407 3811 7466 1653 3774 227 592 4605 956 840 2495 339 37019 238 177 496 467 101 2995 17766 255 166 541 109 11264 18556 1194 549 121 82
leaf_count=63515 2407 3811 7466 1653 3774 227 592 4605 956 840 2495 339 37019 238 177 496 467 101 2995 17766 255 166 541 109 11264 18556 1194 549 121 82
internal_value=0.00179731 0.00369503 0.00683858 0.0114142 -0.00151364 -0.002025 0.00453593 0.00164663 -0.00471414 0.00571298 0.0111994 0.00972326 -0.000417031 -0.0073857 -0.0117193 -0.0163594 -0.0254342 -0.00545723 0.00561104 -0.00519037 0.0051747 -0.000855033 -0.00599153 0.00107692 0.00468828 0.00391526 0.0119058 0.00975471 -9.69305e-05 -0.00134506
internal_weight=184776 117455 46340 9119 67321 62074 5247 71115 23228 37221 3335 2674 38846 1706 1479 1302 806 339 7600 22272 33886 2573 18416 650 30075 18811 2335 1743 37140 3856
internal_count=184776 117455 46340 9119 67321 62074 5247 71115 23228 37221 3335 2674 38846 1706 1479 1302 806 339 7600 22272 33886 2573 18416 650 30075 18811 2335 1743 37140 3856
cat_boundaries=0 1 2 3 4 5 6 7 8 9
cat_threshold=65 1 1 192 164 45 1 1 168
is_linear=0
shrinkage=0.05


Tree=173
num_leaves=31
num_cat=8
split_feature=1 14 9 15 2 2 3 5 10 1 14 9 17 3 15 2 0 3 9 2 9 1 9 1 0 9 14 3 1 13
split_gain=477.468 302.529 94.9443 87.8287 81.123 102.155 62.0645 79.1555 86.5506 79.9109 55.4194 53.5631 51.7774 49.0927 44.0817 46.9943 33.7105 31.071 27.381 25.3091 22.6858 19.8478 13.7298 64.447 13.4781 32.6257 12.005 12.9308 11.1186 10.2899
threshold=1.0000000180025095e-35 0.8000000000000026 0 1.0000000180025095e-35 0.93499999999999972 1.6650000000000003 2.9150000000000005 0.64778601398657376 6.5000000000000009 2.5000000000000004 0.8000000000000026 1 0.44999999999999934 24.660000000000004 0.75000000000000011 1.5749999999999995 2 8.7000000000000028 3 0.99500000000000111 4 11.500000000000002 5 2.5000000000000004 6 7 1.9000000000000006 3.6500000000000008 7.5000000000000009 2.5000000000000004
decision_type=2 2 9 2 2 2 2 2 2 2 2 9 2 2 2 2 1 2 9 2 9 2 9 2 1 9 2 2 2 2
left_child=1 11 14 -4 10 13 7 8 9 12 20 -1 -7 18 19 -16 28 -13 -6 -3 -2 22 -10 -24 -20 -26 27 -21 -12 -8
right_child=4 2 3 -5 5 6 29 -9 21 -11 16 17 -14 -15 15 -17 -18 -19 24 26 -22 -23 23 -25 25 -27 -28 -29 -30 -31
leaf_value=0 0 0 0 4.8235444755651004e-05 -5.1064705718361732e-07 0.00026285633771493252 -1.2812856163188539e-06 7.7115512290357967e-07 7.0367103370517525e-06 -5.7047645311301655e-09 0 0 -3.5898255038413487e-06 3.1729642576801961e-07 0 0 0 0 0 0 -0.00010396013850345102 2.0263799513669921e-07 2.8312422588920345e-05 -7.4710108433573964e-08 0 1.7913634481712451e-07 0 0 0 0.11219556819916346
leaf_weight=63515 2407 3811 7466 1653 3856 242 37019 203 140 476 1576 4605 102 956 840 2495 339 2995 17766 255 166 181 157 205 541 109 11264 18556 759 121
leaf_count=63515 2407 3811 7466 1653 3856 242 37019 203 140 476 1576 4605 102 956 840 2495 339 2995 17766 255 166 181 157 205 541 109 11264 18556 759 121
internal_value=0.00177079 0.00369503 0.00683858 0.0114142 -0.00158643 -0.00209105 -0.000522576 -0.0098476 -0.0138057 -0.0247561 0.00438346 0.00164663 -0.00639535 -0.00471414 0.00571298 0.0111994 0.00942408 0.00561104 -0.00519037 0.0051747 -0.000855033 -0.000658858 -0.00577689 -0.0107527 -0.00599153 0.00107692 0.00468828 0.00391526 0.0115632 -9.4238e-05
internal_weight=184776 117455 46340 9119 67321 62074 38846 1706 1503 820 5247 71115 344 23228 37221 3335 2674 7600 22272 33886 2573 683 502 362 18416 650 30075 18811 2335 37140
internal_count=184776 117455 46340 9119 67321 62074 38846 1706 1503 820 5247 71115 344 23228 37221 3335 2674 7600 22272 33886 2573 683 502 362 18416 650 30075 18811 2335 37140
cat_boundaries=0 1 2 3 4 5 6 7 8
cat_threshold=65 1 1 164 45 104 1 1
is_linear=0
shrinkage=0.05


Tree=174
num_leaves=31
num_cat=8
split_feature=1 14 9 15 2 2 3 5 10 1 14 9 17 3 15 2 0 3 9 2 9 1 9 1 0 9 14 3 1 14
split_gain=475.322 302.529 94.9443 87.8287 80.8004 102.825 62.3046 79.1555 86.5506 79.9109 55.4194 53.5631 51.7774 49.0546 44.0817 46.9943 33.7105 31.071 27.6895 25.3091 22.6858 19.8478 13.7298 64.447 13.4781 32.6257 12.005 12.9308 11.1186 10.1203
threshold=1.0000000180025095e-35 0.8000000000000026 0 1.0000000180025095e-35 0.93499999999999972 1.6650000000000003 2.9150000000000005 0.64778601398657376 6.5000000000000009 2.5000000000000004 0.8000000000000026 1 0.44999999999999934 24.660000000000004 0.75000000000000011 1.5749999999999995 2 8.7000000000000028 3 0.99500000000000111 4 11.500000000000002 5 2.5000000000000004 6 7 1.9000000000000006 3.6500000000000008 7.5000000000000009 13.100000000000001
decision_type=2 2 9 2 2 2 2 2 2 2 2 9 2 2 2 2 1 2 9 2 9 2 9 2 1 9 2 2 2 2
left_child=1 11 14 -4 10 13 7 8 9 12 20 -1 -7 18 19 -16 28 -13 -6 -3 -2 22 -10 -24 -20 -26 27 -21 -12 -8
right_child=4 2 3 -5 5 6 29 -9 21 -11 16 17 -14 -15 15 -17 -18 -19 24 26 -22 -23 23 -25 25 -27 -28 -29 -30 -31
leaf_value=0 0 0 0 4.5823672517869564e-05 -4.8511470432443649e-07 0.00024971352082918586 -1.2489111267399787e-06 7.3259736675840065e-07 6.6848748201991653e-06 -5.4195263045736572e-09 0 0 -3.4103342286484485e-06 3.0143160447961866e-07 0 0 0 0 0 0 -9.8762131578278466e-05 1.9250609537986422e-07 2.6896801459474329e-05 -7.0974603011895255e-08 0 1.7017952757626829e-07 0 0 0 0.14768797099288108
leaf_weight=63515 2407 3811 7466 1653 3856 242 37031 203 140 476 1576 4605 102 956 840 2495 339 2995 17766 255 166 181 157 205 541 109 11264 18556 759 109
leaf_count=63515 2407 3811 7466 1653 3856 242 37031 203 140 476 1576 4605 102 956 840 2495 339 2995 17766 255 166 181 157 205 541 109 11264 18556 759 109
internal_value=0.00177512 0.00369503 0.00683858 0.0114142 -0.00157455 -0.00207816 -0.000504556 -0.0098476 -0.0138057 -0.0247561 0.00438346 0.00164663 -0.00639535 -0.00470983 0.00571298 0.0111994 0.00942408 0.00561104 -0.00518588 0.0051747 -0.000855033 -0.000658858 -0.00577689 -0.0107527 -0.00599153 0.00107692 0.00468828 0.00391526 0.0115632 -7.53904e-05
internal_weight=184776 117455 46340 9119 67321 62074 38846 1706 1503 820 5247 71115 344 23228 37221 3335 2674 7600 22272 33886 2573 683 502 362 18416 650 30075 18811 2335 37140
internal_count=184776 117455 46340 9119 67321 62074 38846 1706 1503 820 5247 71115 344 23228 37221 3335 2674 7600 22272 33886 2573 683 502 362 18416 650 30075 18811 2335 37140
cat_boundaries=0 1 2 3 4 5 6 7 8
cat_threshold=65 1 1 164 45 104 1 1
is_linear=0
shrinkage=0.05


Tree=175
num_leaves=31
num_cat=8
split_feature=1 14 9 15 2 2 3 5 10 1 14 9 17 3 15 2 0 3 9 1 2 9 9 1 0 9 14 3 1 14
split_gain=479.081 302.529 94.9443 87.8287 81.3654 101.07 73.2081 83.6507 72.4524 79.9109 55.4194 53.5631 51.7774 49.0546 44.0817 46.9943 33.7105 31.071 27.6895 25.9939 25.3091 22.6858 19.8484 40.275 13.4781 32.6257 12.005 12.9308 11.1186 10.1203
threshold=1.0000000180025095e-35 0.8000000000000026 0 1.0000000180025095e-35 0.93499999999999972 1.6650000000000003 2.9150000000000005 0.64778601398657376 6.5000000000000009 2.5000000000000004 0.8000000000000026 1 0.44999999999999934 24.660000000000004 0.75000000000000011 1.5749999999999995 2 8.7000000000000028 3 11.500000000000002 0.99500000000000111 4 5 2.5000000000000004 6 7 1.9000000000000006 3.6500000000000008 7.5000000000000009 13.100000000000001
decision_type=2 2 9 2 2 2 2 2 2 2 2 9 2 2 2 2 1 2 9 2 2 9 9 2 1 9 2 2 2 2
left_child=1 11 14 -4 10 13 7 8 9 12 21 -1 -7 18 20 -16 28 -13 -6 22 -3 -2 -10 -24 -20 -26 27 -22 -12 -8
right_child=4 2 3 -5 5 6 29 -9 19 -11 16 17 -14 -15 15 -17 -18 -19 24 -21 26 -23 23 -25 25 -27 -28 -29 -30 -31
leaf_value=0 0 0 0 4.3532488891978586e-05 -4.6085896910821463e-07 0.0002372278447877266 -1.1864655704029798e-06 6.9596749842048064e-07 6.3506310791892073e-06 -5.1485499893449748e-09 0 0 -3.239817517214361e-06 2.8636002425563768e-07 0 0 0 0 0 1.8288079061087102e-07 0 -9.3824024999364546e-05 2.5551961386500614e-05 -6.7425872861300486e-08 0 1.6167055119745487e-07 0 0 0 0.14030357244323702
leaf_weight=63515 2407 3811 7466 1653 3856 242 37031 203 140 476 1576 4605 102 956 840 2495 339 2995 17766 181 255 166 157 205 541 109 11264 18556 759 109
leaf_count=63515 2407 3811 7466 1653 3856 242 37031 203 140 476 1576 4605 102 956 840 2495 339 2995 17766 181 255 166 157 205 541 109 11264 18556 759 109
internal_value=0.00176755 0.00369503 0.00683858 0.0114142 -0.00159534 -0.00210072 -0.000540596 -0.0106682 -0.0147372 -0.0247561 0.00438346 0.00164663 -0.00639535 -0.00470983 0.00571298 0.0111994 0.00942408 0.00561104 -0.00518588 -0.00270864 0.0051747 -0.000855033 -0.00856574 -0.0145161 -0.00599153 0.00107692 0.00468828 0.00391526 0.0115632 -7.53904e-05
internal_weight=184776 117455 46340 9119 67321 62074 38846 1706 1503 820 5247 71115 344 23228 37221 3335 2674 7600 22272 683 33886 2573 502 362 18416 650 30075 18811 2335 37140
internal_count=184776 117455 46340 9119 67321 62074 38846 1706 1503 820 5247 71115 344 23228 37221 3335 2674 7600 22272 683 33886 2573 502 362 18416 650 30075 18811 2335 37140
cat_boundaries=0 1 2 3 4 5 6 7 8
cat_threshold=65 1 1 164 45 104 1 1
is_linear=0
shrinkage=0.05


Tree=176
num_leaves=31
num_cat=8
split_feature=1 14 9 15 2 2 3 5 10 1 14 9 17 3 15 2 0 3 9 1 2 9 9 1 0 9 14 3 1 4
split_gain=477.468 302.529 94.9443 87.8287 81.123 101.82 73.4316 83.6507 72.4524 79.9109 55.4194 53.5631 51.7774 49.0546 44.0817 46.9943 33.7105 31.071 27.6895 25.9939 25.3091 22.6858 19.8484 40.275 13.4781 32.6257 12.005 12.9308 11.1186 9.88705
threshold=1.0000000180025095e-35 0.8000000000000026 0 1.0000000180025095e-35 0.93499999999999972 1.6650000000000003 2.9150000000000005 0.64778601398657376 6.5000000000000009 2.5000000000000004 0.8000000000000026 1 0.44999999999999934 24.660000000000004 0.75000000000000011 1.5749999999999995 2 8.7000000000000028 3 11.500000000000002 0.99500000000000111 4 5 2.5000000000000004 6 7 1.9000000000000006 3.6500000000000008 7.5000000000000009 0.98592083029765465
decision_type=2 2 9 2 2 2 2 2 2 2 2 9 2 2 2 2 1 2 9 2 2 9 9 2 1 9 2 2 2 2
left_child=1 11 14 -4 10 13 7 8 9 12 21 -1 -7 18 20 -16 28 -13 29 22 -3 -2 -10 -24 -20 -26 27 -22 -12 -6
right_child=4 2 3 -5 5 6 -8 -9 19 -11 16 17 -14 -15 15 -17 -18 -19 24 -21 26 -23 23 -25 25 -27 -28 -29 -30 -31
leaf_value=0 0 0 0 4.1355864447378825e-05 -6.1244327175693215e-07 0.00022536645254834028 -1.0954525006457633e-06 6.6116912349945661e-07 6.0330995252297473e-06 -4.8911224898777263e-09 0 0 -3.0778266413511447e-06 2.7204202304285582e-07 0 0 0 0 0 1.7373675108032746e-07 0 -8.9132823749396318e-05 2.4274363317175585e-05 -6.4054579218235466e-08 0 1.5358702363758212e-07 0 0 0 0.032422064696476904
leaf_weight=63515 2407 3811 7466 1653 3774 242 37140 203 140 476 1576 4605 102 956 840 2495 339 2995 17766 181 255 166 157 205 541 109 11264 18556 759 82
leaf_count=63515 2407 3811 7466 1653 3774 242 37140 203 140 476 1576 4605 102 956 840 2495 339 2995 17766 181 255 166 157 205 541 109 11264 18556 759 82
internal_value=0.00177079 0.00369503 0.00683858 0.0114142 -0.00158643 -0.00209105 -0.000525151 -0.0106682 -0.0147372 -0.0247561 0.00438346 0.00164663 -0.00639535 -0.00470983 0.00571298 0.0111994 0.00942408 0.00561104 -0.00518588 -0.00270864 0.0051747 -0.000855033 -0.00856574 -0.0145161 -0.00599153 0.00107692 0.00468828 0.00391526 0.0115632 -0.00131919
internal_weight=184776 117455 46340 9119 67321 62074 38846 1706 1503 820 5247 71115 344 23228 37221 3335 2674 7600 22272 683 33886 2573 502 362 18416 650 30075 18811 2335 3856
internal_count=184776 117455 46340 9119 67321 62074 38846 1706 1503 820 5247 71115 344 23228 37221 3335 2674 7600 22272 683 33886 2573 502 362 18416 650 30075 18811 2335 3856
cat_boundaries=0 1 2 3 4 5 6 7 8
cat_threshold=65 1 1 164 45 104 1 1
is_linear=0
shrinkage=0.05


Tree=177
num_leaves=31
num_cat=8
split_feature=1 14 9 15 2 2 3 5 10 1 14 9 17 3 15 2 0 9 3 1 2 0 9 9 9 1 1 3 10 3
split_gain=474.519 302.529 94.9443 87.8287 80.6795 99.5286 73.4316 83.6507 72.4524 79.9109 55.4194 53.5631 51.7774 48.6365 44.0817 46.9943 33.7105 31.4828 31.071 25.9939 25.3091 23.3265 40.0572 22.6858 19.8484 40.275 13.5926 47.0169 45.1349 19.3614
threshold=1.0000000180025095e-35 0.8000000000000026 0 1.0000000180025095e-35 0.93499999999999972 1.6650000000000003 2.9150000000000005 0.64778601398657376 6.5000000000000009 2.5000000000000004 0.8000000000000026 1 0.44999999999999934 24.660000000000004 0.75000000000000011 1.5749999999999995 2 3 8.7000000000000028 11.500000000000002 0.99500000000000111 4 5 6 7 2.5000000000000004 10.500000000000002 5.995000000000001 6.5000000000000009 5.4600000000000009
decision_type=2 2 9 2 2 2 2 2 2 2 2 9 2 2 2 2 1 9 2 2 2 1 9 9 9 2 2 2 2 2
left_child=1 11 14 -4 10 13 7 8 9 12 23 -1 -7 17 20 -16 -12 26 -13 24 -3 -19 -23 -2 -10 -26 28 -28 -6 -30
right_child=4 2 3 -5 5 6 -8 -9 19 -11 16 18 -14 -15 15 -17 -18 21 -20 -21 -22 22 -24 -25 25 -27 27 -29 29 -31
leaf_value=0 0 0 0 3.9288071225007663e-05 -0.0009455451778760508 0.00021409812992092327 -1.040679875613475e-06 6.2811066732448373e-07 5.7314445489682596e-06 -4.6465663653838398e-09 0 0 -2.9239353092846977e-06 2.5843992189071307e-07 0 0 0 0 0 1.6504991352631111e-07 0 0 1.4590767245570302e-07 -8.46761825619265e-05 2.3060645151316805e-05 -6.0851850257323692e-08 -0.00063115166541971113 0.03033331292942101 4.1853587238249797e-06 -0.004321339921807164
leaf_weight=63515 2407 3811 7466 1653 830 242 37140 203 140 476 2335 4605 102 956 840 2495 339 19389 2995 181 30075 541 193 166 157 205 272 411 499 137
leaf_count=63515 2407 3811 7466 1653 830 242 37140 203 140 476 2335 4605 102 956 840 2495 339 19389 2995 181 30075 541 193 166 157 205 272 411 499 137
internal_value=0.00177675 0.00369503 0.00683858 0.0114142 -0.00157009 -0.00207333 -0.000525151 -0.0106682 -0.0147372 -0.0247561 0.00438346 0.00164663 -0.00639535 -0.00466248 0.00571298 0.0111994 0.00942408 -0.00513649 0.00561104 -0.00270864 0.0051747 -0.00574927 0.00299728 -0.000855033 -0.00856574 -0.0145161 0.000625289 -0.00519766 0.00334243 0.0133648
internal_weight=184776 117455 46340 9119 67321 62074 38846 1706 1503 820 5247 71115 344 23228 37221 3335 2674 22272 7600 683 33886 20123 734 2573 502 362 2149 683 1466 636
internal_count=184776 117455 46340 9119 67321 62074 38846 1706 1503 820 5247 71115 344 23228 37221 3335 2674 22272 7600 683 33886 20123 734 2573 502 362 2149 683 1466 636
cat_boundaries=0 1 2 3 4 5 6 7 8
cat_threshold=65 1 1 132 1 1 45 104
is_linear=0
shrinkage=0.05


Tree=178
num_leaves=31
num_cat=8
split_feature=1 14 9 15 2 2 3 5 10 1 14 9 17 3 15 2 0 3 9 1 2 9 9 1 0 9 14 3 1 4
split_gain=476.931 302.529 94.9443 87.8287 81.0423 102.406 73.5435 83.6507 72.4524 79.9109 55.4194 53.5631 51.7774 49.0927 44.0817 46.9943 33.7105 31.071 27.381 25.9939 25.3091 22.6858 19.8484 40.275 13.4781 32.6257 12.005 12.9308 11.1186 9.91693
threshold=1.0000000180025095e-35 0.8000000000000026 0 1.0000000180025095e-35 0.93499999999999972 1.6650000000000003 2.9150000000000005 0.64778601398657376 6.5000000000000009 2.5000000000000004 0.8000000000000026 1 0.44999999999999934 24.660000000000004 0.75000000000000011 1.5749999999999995 2 8.7000000000000028 3 11.500000000000002 0.99500000000000111 4 5 2.5000000000000004 6 7 1.9000000000000006 3.6500000000000008 7.5000000000000009 0.98592083029765465
decision_type=2 2 9 2 2 2 2 2 2 2 2 9 2 2 2 2 1 2 9 2 2 9 9 2 1 9 2 2 2 2
left_child=1 11 14 -4 10 13 7 8 9 12 21 -1 -7 18 20 -16 28 -13 29 22 -3 -2 -10 -24 -20 -26 27 -22 -12 -6
right_child=4 2 3 -5 5 6 -8 -9 19 -11 16 17 -14 -15 15 -17 -18 -19 24 -21 26 -23 23 -25 25 -27 -28 -29 -30 -31
leaf_value=0 0 0 0 3.7323667663757833e-05 -5.8182110816908556e-07 0.00020339322342487711 -9.8864588183280114e-07 5.9670513395825952e-07 5.4448723215198462e-06 -4.4142380471146472e-09 0 0 -2.7777385438187974e-06 2.4551792579617739e-07 0 0 0 0 0 1.5679741784999555e-07 0 -8.0442373433830177e-05 2.1907612893750964e-05 -5.7809257744457513e-08 0 1.3861228883291787e-07 0 0 0 0.03006626726786444
leaf_weight=63515 2407 3811 7466 1653 3774 242 37140 203 140 476 1576 4605 102 956 840 2495 339 2995 17766 181 255 166 157 205 541 109 11264 18556 759 82
leaf_count=63515 2407 3811 7466 1653 3774 242 37140 203 140 476 1576 4605 102 956 840 2495 339 2995 17766 181 255 166 157 205 541 109 11264 18556 759 82
internal_value=0.00177188 0.00369503 0.00683858 0.0114142 -0.00158346 -0.00208783 -0.000517428 -0.0106682 -0.0147372 -0.0247561 0.00438346 0.00164663 -0.00639535 -0.00471414 0.00571298 0.0111994 0.00942408 0.00561104 -0.00519037 -0.00270864 0.0051747 -0.000855033 -0.00856574 -0.0145161 -0.00599153 0.00107692 0.00468828 0.00391526 0.0115632 -0.00134506
internal_weight=184776 117455 46340 9119 67321 62074 38846 1706 1503 820 5247 71115 344 23228 37221 3335 2674 7600 22272 683 33886 2573 502 362 18416 650 30075 18811 2335 3856
internal_count=184776 117455 46340 9119 67321 62074 38846 1706 1503 820 5247 71115 344 23228 37221 3335 2674 7600 22272 683 33886 2573 502 362 18416 650 30075 18811 2335 3856
cat_boundaries=0 1 2 3 4 5 6 7 8
cat_threshold=65 1 1 164 45 104 1 1
is_linear=0
shrinkage=0.05


Tree=179
num_leaves=31
num_cat=8
split_feature=1 14 9 15 2 2 3 5 10 1 14 9 17 3 15 2 0 3 9 1 2 9 9 1 0 9 14 3 1 2
split_gain=477.2 302.529 94.9443 87.8287 81.0826 102.616 73.5435 83.6507 72.4524 79.9109 55.4194 53.5631 51.7774 49.1308 44.0817 46.9943 33.7105 31.071 27.0742 25.9939 25.3091 22.6858 19.8484 40.275 13.4781 32.6257 12.005 12.9308 11.1186 9.81152
threshold=1.0000000180025095e-35 0.8000000000000026 0 1.0000000180025095e-35 0.93499999999999972 1.6650000000000003 2.9150000000000005 0.64778601398657376 6.5000000000000009 2.5000000000000004 0.8000000000000026 1 0.44999999999999934 24.660000000000004 0.75000000000000011 1.5749999999999995 2 8.7000000000000028 3 11.500000000000002 0.99500000000000111 4 5 2.5000000000000004 6 7 1.9000000000000006 3.6500000000000008 7.5000000000000009 1.6000000000000001
decision_type=2 2 9 2 2 2 2 2 2 2 2 9 2 2 2 2 1 2 9 2 2 9 9 2 1 9 2 2 2 2
left_child=1 11 14 -4 10 13 7 8 9 12 21 -1 -7 18 20 -16 28 -13 -6 22 -3 -2 -10 -24 29 -26 27 -22 -12 -20
right_child=4 2 3 -5 5 6 -8 -9 19 -11 16 17 -14 -15 15 -17 -18 -19 24 -21 26 -23 23 -25 25 -27 -28 -29 -30 -31
leaf_value=0 0 0 0 3.5457484280571051e-05 -3.7810280165650308e-07 0.00019322356225363326 -9.3921358774116113e-07 5.6686987726034651e-07 5.1726287054438534e-06 -4.1935261447589147e-09 0 0 -2.6388516166264699e-06 2.3324202950636854e-07 0 0 0 0 0 1.4895754695749578e-07 0 -7.6420254762138675e-05 2.0812232249063416e-05 -5.4918794857234629e-08 0 1.3168167439127198e-07 0 0 0 -1.1243533278342948e-05
leaf_weight=63515 2407 3811 7466 1653 3856 242 37140 203 140 476 1576 4605 102 956 840 2495 339 2995 17518 181 255 166 157 205 541 109 11264 18556 759 248
leaf_count=63515 2407 3811 7466 1653 3856 242 37140 203 140 476 1576 4605 102 956 840 2495 339 2995 17518 181 255 166 157 205 541 109 11264 18556 759 248
internal_value=0.00177133 0.00369503 0.00683858 0.0114142 -0.00158494 -0.00208944 -0.000517428 -0.0106682 -0.0147372 -0.0247561 0.00438346 0.00164663 -0.00639535 -0.00471844 0.00571298 0.0111994 0.00942408 0.00561104 -0.00519486 -0.00270864 0.0051747 -0.000855033 -0.00856574 -0.0145161 -0.00599153 0.00107692 0.00468828 0.00391526 0.0115632 -0.00625352
internal_weight=184776 117455 46340 9119 67321 62074 38846 1706 1503 820 5247 71115 344 23228 37221 3335 2674 7600 22272 683 33886 2573 502 362 18416 650 30075 18811 2335 17766
internal_count=184776 117455 46340 9119 67321 62074 38846 1706 1503 820 5247 71115 344 23228 37221 3335 2674 7600 22272 683 33886 2573 502 362 18416 650 30075 18811 2335 17766
cat_boundaries=0 1 2 3 4 5 6 7 8
cat_threshold=65 1 1 164 45 104 1 1
is_linear=0
shrinkage=0.05


Tree=180
num_leaves=31
num_cat=7
split_feature=1 14 9 15 2 2 3 5 10 1 14 9 17 15 2 3 0 3 9 2 1 9 9 1 2 8 3 3 9 14
split_gain=475.054 302.529 94.9443 87.8287 80.7601 103.566 75.6064 78.8239 72.0717 79.4072 55.4194 53.5631 52.4611 44.0817 46.9943 35.2057 33.7105 31.071 26.2601 25.3091 23.6498 22.6858 19.5572 39.4394 19.0202 32.7798 15.3415 12.3932 15.756 21.0852
threshold=1.0000000180025095e-35 0.8000000000000026 0 1.0000000180025095e-35 0.93499999999999972 1.5249999999999997 2.9150000000000005 0.64778601398657376 6.5000000000000009 2.5000000000000004 0.8000000000000026 1 0.44999999999999934 0.75000000000000011 1.5749999999999995 24.660000000000004 2 8.7000000000000028 3 0.99500000000000111 11.500000000000002 4 5 2.5000000000000004 1.4099999999999986 1.0000000180025095e-35 11.540000000000003 11.715000000000002 6 0.40000000000001995
decision_type=2 2 9 2 2 2 2 2 2 2 2 9 2 2 2 2 1 2 9 2 2 9 9 2 2 2 2 2 9 2
left_child=1 11 13 -4 10 15 7 8 9 12 21 -1 -7 19 -15 18 -12 -13 -6 -3 22 -2 -10 -24 27 -26 -27 28 -20 -30
right_child=4 2 3 -5 5 6 -8 -9 20 -11 16 17 -14 14 -16 -17 -18 -19 24 -21 -22 -23 23 -25 25 26 -28 -29 29 -31
leaf_value=0 0 0 0 3.3684610066542224e-05 -3.5919766157367792e-07 0.00018356238414095159 -8.9225290835410316e-07 5.3852638339732918e-07 4.9139972701716609e-06 -3.9838498375209692e-09 0 0 -2.5069090357932035e-06 0 0 2.2157992803105012e-07 0 0 0 0 1.4150966960962099e-07 -7.259924202403173e-05 1.9771620636610245e-05 -5.2172855114372897e-08 2.1249695703312996e-08 -4.5784638103431374e-06 -2.2960326518826313e-06 0 -5.9531250000000007e-06 0.00085831353190201634
leaf_weight=63515 2407 3811 7466 1653 3685 242 38052 207 140 476 2335 4605 103 840 2495 838 339 2995 11623 30075 184 166 157 206 170 166 90 5341 251 143
leaf_count=63515 2407 3811 7466 1653 3685 242 38052 207 140 476 2335 4605 103 840 2495 838 339 2995 11623 30075 184 166 157 206 170 166 90 5341 251 143
internal_value=0.00177566 0.00369503 0.00683858 0.0114142 -0.00157306 -0.00207655 -0.000546936 -0.0108163 -0.0147878 -0.0247868 0.00438346 0.00164663 -0.00652174 0.00571298 0.0111994 -0.00480342 0.00942408 0.00561104 -0.00519586 0.0051747 -0.00283843 -0.000855033 -0.0084493 -0.0143432 -0.00599078 -0.0164319 -0.0277344 -0.00573799 -0.0048473 -0.014604
internal_weight=184776 117455 46340 9119 67321 62074 39767 1715 1508 821 5247 71115 345 37221 3335 22307 2674 7600 21469 33886 687 2573 503 363 17784 426 256 17358 12017 394
internal_count=184776 117455 46340 9119 67321 62074 39767 1715 1508 821 5247 71115 345 37221 3335 22307 2674 7600 21469 33886 687 2573 503 363 17784 426 256 17358 12017 394
cat_boundaries=0 1 2 3 4 5 6 7
cat_threshold=65 1 1 164 45 104 9
is_linear=0
shrinkage=0.05


Tree=181
num_leaves=31
num_cat=7
split_feature=1 14 9 15 2 2 3 5 10 1 14 9 17 15 2 3 0 3 9 2 1 9 9 1 2 8 3 3 9 14
split_gain=475.054 302.529 94.9443 87.8287 80.7601 103.566 75.6064 78.8239 72.0717 79.4072 55.4194 53.5631 52.4611 44.0817 46.9943 35.2057 33.7105 31.071 26.2601 25.3091 23.6498 22.6858 19.5572 39.4394 19.0202 32.7798 15.3415 12.3932 15.756 21.0852
threshold=1.0000000180025095e-35 0.8000000000000026 0 1.0000000180025095e-35 0.93499999999999972 1.5249999999999997 2.9150000000000005 0.64778601398657376 6.5000000000000009 2.5000000000000004 0.8000000000000026 1 0.44999999999999934 0.75000000000000011 1.5749999999999995 24.660000000000004 2 8.7000000000000028 3 0.99500000000000111 11.500000000000002 4 5 2.5000000000000004 1.4099999999999986 1.0000000180025095e-35 11.540000000000003 11.715000000000002 6 0.40000000000001995
decision_type=2 2 9 2 2 2 2 2 2 2 2 9 2 2 2 2 1 2 9 2 2 9 9 2 2 2 2 2 9 2
left_child=1 11 13 -4 10 15 7 8 9 12 21 -1 -7 19 -15 18 -12 -13 -6 -3 22 -2 -10 -24 27 -26 -27 28 -20 -30
right_child=4 2 3 -5 5 6 -8 -9 20 -11 16 17 -14 14 -16 -17 -18 -19 24 -21 -22 -23 23 -25 25 26 -28 -29 29 -31
leaf_value=0 0 0 0 3.200037956321289e-05 -3.4123777849499403e-07 0.000174384264933904 -8.4764026293639787e-07 5.1160006422746278e-07 4.6682974066630785e-06 -3.784657345644921e-09 0 0 -2.3815635840029882e-06 0 0 2.105009316294976e-07 0 0 0 0 1.3443418612913992e-07 -6.8969279922830151e-05 1.8783039604779732e-05 -4.9564212358654245e-08 2.0187210918147347e-08 -4.3495406198259796e-06 -2.1812310192884998e-06 0 -5.6554687500000007e-06 0.00081539785530691529
leaf_weight=63515 2407 3811 7466 1653 3685 242 38052 207 140 476 2335 4605 103 840 2495 838 339 2995 11623 30075 184 166 157 206 170 166 90 5341 251 143
leaf_count=63515 2407 3811 7466 1653 3685 242 38052 207 140 476 2335 4605 103 840 2495 838 339 2995 11623 30075 184 166 157 206 170 166 90 5341 251 143
internal_value=0.00177566 0.00369503 0.00683858 0.0114142 -0.00157306 -0.00207655 -0.000546936 -0.0108163 -0.0147878 -0.0247868 0.00438346 0.00164663 -0.00652174 0.00571298 0.0111994 -0.00480342 0.00942408 0.00561104 -0.00519586 0.0051747 -0.00283843 -0.000855033 -0.0084493 -0.0143432 -0.00599078 -0.0164319 -0.0277344 -0.00573799 -0.0048473 -0.014604
internal_weight=184776 117455 46340 9119 67321 62074 39767 1715 1508 821 5247 71115 345 37221 3335 22307 2674 7600 21469 33886 687 2573 503 363 17784 426 256 17358 12017 394
internal_count=184776 117455 46340 9119 67321 62074 39767 1715 1508 821 5247 71115 345 37221 3335 22307 2674 7600 21469 33886 687 2573 503 363 17784 426 256 17358 12017 394
cat_boundaries=0 1 2 3 4 5 6 7
cat_threshold=65 1 1 164 45 104 9
is_linear=0
shrinkage=0.05


Tree=182
num_leaves=31
num_cat=7
split_feature=1 14 9 15 2 2 3 5 10 1 14 9 17 15 2 3 0 3 9 2 1 9 9 1 2 8 3 3 9 14
split_gain=475.054 302.529 94.9443 87.8287 80.7601 103.566 75.6064 78.8239 72.0717 79.4072 55.4194 53.5631 52.4611 44.0817 46.9943 35.2057 33.7105 31.071 26.2601 25.3091 23.6498 22.6858 19.5572 39.4394 19.0202 32.7798 15.3415 12.3932 15.756 21.0852
threshold=1.0000000180025095e-35 0.8000000000000026 0 1.0000000180025095e-35 0.93499999999999972 1.5249999999999997 2.9150000000000005 0.64778601398657376 6.5000000000000009 2.5000000000000004 0.8000000000000026 1 0.44999999999999934 0.75000000000000011 1.5749999999999995 24.660000000000004 2 8.7000000000000028 3 0.99500000000000111 11.500000000000002 4 5 2.5000000000000004 1.4099999999999986 1.0000000180025095e-35 11.540000000000003 11.715000000000002 6 0.40000000000001995
decision_type=2 2 9 2 2 2 2 2 2 2 2 9 2 2 2 2 1 2 9 2 2 9 9 2 2 2 2 2 9 2
left_child=1 11 13 -4 10 15 7 8 9 12 21 -1 -7 19 -15 18 -12 -13 -6 -3 22 -2 -10 -24 27 -26 -27 28 -20 -30
right_child=4 2 3 -5 5 6 -8 -9 20 -11 16 17 -14 14 -16 -17 -18 -19 24 -21 -22 -23 23 -25 25 26 -28 -29 29 -31
leaf_value=0 0 0 0 3.0400360585053356e-05 -3.2417588957024428e-07 0.00016566505168720883 -8.0525824978957796e-07 4.8602006101608962e-07 4.4348825363299243e-06 -3.5954244783626746e-09 0 0 -2.2624854048025611e-06 0 0 1.9997588504802271e-07 0 0 0 0 1.2771247682268293e-07 -6.5520815926688636e-05 1.7843887624540745e-05 -4.7086001740721537e-08 1.9177850372239977e-08 -4.1320635888346809e-06 -2.0721694683240744e-06 0 -5.3726953125000012e-06 0.00077462796254156865
leaf_weight=63515 2407 3811 7466 1653 3685 242 38052 207 140 476 2335 4605 103 840 2495 838 339 2995 11623 30075 184 166 157 206 170 166 90 5341 251 143
leaf_count=63515 2407 3811 7466 1653 3685 242 38052 207 140 476 2335 4605 103 840 2495 838 339 2995 11623 30075 184 166 157 206 170 166 90 5341 251 143
internal_value=0.00177566 0.00369503 0.00683858 0.0114142 -0.00157306 -0.00207655 -0.000546936 -0.0108163 -0.0147878 -0.0247868 0.00438346 0.00164663 -0.00652174 0.00571298 0.0111994 -0.00480342 0.00942408 0.00561104 -0.00519586 0.0051747 -0.00283843 -0.000855033 -0.0084493 -0.0143432 -0.00599078 -0.0164319 -0.0277344 -0.00573799 -0.0048473 -0.014604
internal_weight=184776 117455 46340 9119 67321 62074 39767 1715 1508 821 5247 71115 345 37221 3335 22307 2674 7600 21469 33886 687 2573 503 363 17784 426 256 17358 12017 394
internal_count=184776 117455 46340 9119 67321 62074 39767 1715 1508 821 5247 71115 345 37221 3335 22307 2674 7600 21469 33886 687 2573 503 363 17784 426 256 17358 12017 394
cat_boundaries=0 1 2 3 4 5 6 7
cat_threshold=65 1 1 164 45 104 9
is_linear=0
shrinkage=0.05


Tree=183
num_leaves=31
num_cat=8
split_feature=1 14 9 15 3 2 2 9 14 15 2 5 3 0 3 9 2 1 9 2 8 1 13 4 9 0 10 9 1 2
split_gain=473.716 302.529 94.9443 87.8287 80.7764 68.1429 107.224 53.5631 51.7639 44.0817 46.9943 40.815 33.242 32.9719 31.071 27.3107 25.3091 25.1197 43.4614 57.1192 47.3662 66.1846 38.6669 23.9234 23.5951 20.2567 38.1758 26.3464 19.7474 16.3905
threshold=1.0000000180025095e-35 0.8000000000000026 0 1.0000000180025095e-35 2.6150000000000007 0.93499999999999972 1.5249999999999997 1 0.8000000000000026 0.75000000000000011 1.5749999999999995 0.33586178861854882 24.660000000000004 2 8.7000000000000028 3 0.99500000000000111 2.5000000000000004 4 1.4150000000000003 1.0000000180025095e-35 11.500000000000002 -1.0000000180025095e-35 0.10669766905980917 5 6 7.5000000000000009 7 9.5000000000000018 1.7899999999999998
decision_type=2 2 9 2 2 2 2 9 2 2 2 2 2 1 2 9 2 2 9 2 2 2 2 2 9 1 2 9 2 2
left_child=1 7 9 -4 11 8 12 -1 24 16 -11 17 15 -10 -9 -7 -3 22 19 -19 -21 -22 -2 29 -6 -17 -27 -28 -20 -13
right_child=4 2 3 -5 5 6 -8 14 13 10 -12 23 -14 -15 -16 25 -18 18 28 20 21 -23 -24 -25 -26 26 27 -29 -30 -31
leaf_value=0 -2.1493611345624332e-06 0 0 2.8880342555798189e-05 0 3.467481703129317e-06 -7.6499533730009902e-07 0 0 0 0 0 1.8997709079562156e-07 0 0 0 0 0 4.2131384095134284e-06 -3.4156532544445408e-09 -4.4731701653685462e-08 1.2132685298154877e-07 0 0 -6.2244775130354212e-05 0 0 9.7416204379670858e-07 -0.00067055858284184166 4.6171905796528521e-07
leaf_weight=63515 99 3811 7466 1653 2267 1962 38052 4605 2285 840 2495 246 838 339 2995 17869 30075 383 105 370 240 124 748 129 165 461 112 119 86 322
leaf_count=63515 99 3811 7466 1653 2267 1962 38052 4605 2285 840 2495 246 838 339 2995 17869 30075 383 105 370 240 124 748 129 165 461 112 119 86 322
internal_value=0.00177837 0.00369503 0.00683858 0.0114142 -0.00156563 -0.00120135 -0.00167556 0.00164663 0.00437104 0.00571298 0.0111994 -0.00980014 -0.00451056 0.00924162 0.00561104 -0.00490913 0.0051747 -0.0132019 -0.0175459 -0.0212067 -0.029564 -0.0167582 -0.00649351 0.00071736 -0.000884046 -0.00550051 0.00289017 0.0194805 0.00472637 -0.00369718
internal_weight=184776 117455 46340 9119 67321 64469 59413 71115 5056 37221 3335 2852 21361 2624 7600 20523 33886 2155 1308 1117 734 364 847 697 2432 18561 692 231 191 568
internal_count=184776 117455 46340 9119 67321 64469 59413 71115 5056 37221 3335 2852 21361 2624 7600 20523 33886 2155 1308 1117 734 364 847 697 2432 18561 692 231 191 568
cat_boundaries=0 1 2 3 4 5 6 7 8
cat_threshold=65 1 1 132 129 45 1 1
is_linear=0
shrinkage=0.05


Tree=184
num_leaves=31
num_cat=8
split_feature=1 14 9 15 3 2 2 9 14 15 2 5 3 0 3 9 2 1 9 2 8 1 13 4 9 0 10 9 1 2
split_gain=473.716 302.529 94.9443 87.8287 80.7764 68.1429 107.224 53.5631 51.7639 44.0817 46.9943 40.815 33.242 32.9719 31.071 27.3107 25.3091 25.1197 43.4614 57.1192 47.3662 66.1846 38.6669 23.9234 23.5951 20.2567 38.1758 26.3464 19.7474 16.3905
threshold=1.0000000180025095e-35 0.8000000000000026 0 1.0000000180025095e-35 2.6150000000000007 0.93499999999999972 1.5249999999999997 1 0.8000000000000026 0.75000000000000011 1.5749999999999995 0.33586178861854882 24.660000000000004 2 8.7000000000000028 3 0.99500000000000111 2.5000000000000004 4 1.4150000000000003 1.0000000180025095e-35 11.500000000000002 -1.0000000180025095e-35 0.10669766905980917 5 6 7.5000000000000009 7 9.5000000000000018 1.7899999999999998
decision_type=2 2 9 2 2 2 2 9 2 2 2 2 2 1 2 9 2 2 9 2 2 2 2 2 9 1 2 9 2 2
left_child=1 7 9 -4 11 8 12 -1 24 16 -11 17 15 -10 -9 -7 -3 22 19 -19 -21 -22 -2 29 -6 -17 -27 -28 -20 -13
right_child=4 2 3 -5 5 6 -8 14 13 10 -12 23 -14 -15 -16 25 -18 18 28 20 21 -23 -24 -25 -26 26 27 -29 -30 -31
leaf_value=0 -2.0418930778365319e-06 0 0 2.7436325428009667e-05 0 3.2941076179728512e-06 -7.2674557043509413e-07 0 0 0 0 0 1.804782362558405e-07 0 0 0 0 0 4.0024814890377568e-06 -3.2448705917223138e-09 -4.249511657100119e-08 1.1526051033247132e-07 0 0 -5.9132536373836502e-05 0 0 9.2545394160687313e-07 -0.00063703065369974951 4.3863310506702094e-07
leaf_weight=63515 99 3811 7466 1653 2267 1962 38052 4605 2285 840 2495 246 838 339 2995 17869 30075 383 105 370 240 124 748 129 165 461 112 119 86 322
leaf_count=63515 99 3811 7466 1653 2267 1962 38052 4605 2285 840 2495 246 838 339 2995 17869 30075 383 105 370 240 124 748 129 165 461 112 119 86 322
internal_value=0.00177837 0.00369503 0.00683858 0.0114142 -0.00156563 -0.00120135 -0.00167556 0.00164663 0.00437104 0.00571298 0.0111994 -0.00980014 -0.00451056 0.00924162 0.00561104 -0.00490913 0.0051747 -0.0132019 -0.0175459 -0.0212067 -0.029564 -0.0167582 -0.00649351 0.00071736 -0.000884046 -0.00550051 0.00289017 0.0194805 0.00472637 -0.00369718
internal_weight=184776 117455 46340 9119 67321 64469 59413 71115 5056 37221 3335 2852 21361 2624 7600 20523 33886 2155 1308 1117 734 364 847 697 2432 18561 692 231 191 568
internal_count=184776 117455 46340 9119 67321 64469 59413 71115 5056 37221 3335 2852 21361 2624 7600 20523 33886 2155 1308 1117 734 364 847 697 2432 18561 692 231 191 568
cat_boundaries=0 1 2 3 4 5 6 7 8
cat_threshold=65 1 1 132 129 45 1 1
is_linear=0
shrinkage=0.05


Tree=185
num_leaves=31
num_cat=7
split_feature=1 14 9 15 2 2 3 5 10 1 14 9 17 15 2 3 0 3 1 9 2 9 9 1 2 8 3 9 14 10
split_gain=472.914 302.529 94.9443 87.8287 80.4382 102.844 73.1619 77.8737 74.9681 79.4072 55.4194 53.5631 52.4611 44.0817 46.9943 35.0489 33.7105 31.071 27.4743 25.9431 25.3091 22.6858 19.5572 39.4394 15.0742 28.4147 12.3932 15.756 21.0852 13.7565
threshold=1.0000000180025095e-35 0.8000000000000026 0 1.0000000180025095e-35 0.93499999999999972 1.5249999999999997 2.9150000000000005 0.64778601398657376 6.5000000000000009 2.5000000000000004 0.8000000000000026 1 0.44999999999999934 0.75000000000000011 1.5749999999999995 24.660000000000004 2 8.7000000000000028 11.500000000000002 3 0.99500000000000111 4 5 2.5000000000000004 1.4099999999999986 1.0000000180025095e-35 11.715000000000002 6 0.40000000000001995 14.500000000000002
decision_type=2 2 9 2 2 2 2 2 2 2 2 9 2 2 2 2 1 2 2 9 2 9 9 2 2 2 2 9 2 2
left_child=1 11 13 -4 10 15 7 8 9 12 21 -1 -7 20 -15 19 -12 -13 22 -6 -3 -2 -10 -24 26 -26 27 29 -29 -21
right_child=4 2 3 -5 5 6 -8 -9 18 -11 16 17 -14 14 -16 -17 -18 -19 -20 24 -22 -23 23 -25 25 -27 -28 28 -30 -31
leaf_value=0 0 0 0 2.6064509156609184e-05 -4.8259434619586025e-07 0.00015738179910284838 -6.9040829191333942e-07 4.1670144981366994e-07 3.8023574145858682e-06 -3.0826270621361979e-09 0 0 -1.9397984239444277e-06 0 0 1.7145432444304848e-07 0 0 1.0949748481584777e-07 0 0 -5.6175909555144679e-05 1.6951693243313711e-05 -4.0370360742451132e-08 1.8218957853627978e-08 -2.8024133775817962e-06 0 -5.1040605468750009e-06 0.00073589656441448996 6.6827857664203578e-08
leaf_weight=63515 2407 3811 7466 1653 3685 242 38052 207 140 476 2335 4605 103 840 2495 838 339 2995 184 11392 30075 166 157 206 170 256 5341 251 143 231
leaf_count=63515 2407 3811 7466 1653 3685 242 38052 207 140 476 2335 4605 103 840 2495 838 339 2995 184 11392 30075 166 157 206 170 256 5341 251 143 231
internal_value=0.00177999 0.00369503 0.00683858 0.0114142 -0.00156118 -0.00206367 -0.000539392 -0.0106414 -0.0145889 -0.0247868 0.00438346 0.00164663 -0.00652174 0.00571298 0.0111994 -0.00478101 0.00942408 0.00561104 -0.00240175 -0.00517257 0.0051747 -0.000855033 -0.0084493 -0.0143432 -0.00596268 -0.0152582 -0.00573799 -0.0048473 -0.014604 -0.00450013
internal_weight=184776 117455 46340 9119 67321 62074 39767 1715 1508 821 5247 71115 345 37221 3335 22307 2674 7600 687 21469 33886 2573 503 363 17784 426 17358 12017 394 11623
internal_count=184776 117455 46340 9119 67321 62074 39767 1715 1508 821 5247 71115 345 37221 3335 22307 2674 7600 687 21469 33886 2573 503 363 17784 426 17358 12017 394 11623
cat_boundaries=0 1 2 3 4 5 6 7
cat_threshold=65 1 1 164 45 104 9
is_linear=0
shrinkage=0.05


Tree=186
num_leaves=31
num_cat=7
split_feature=1 14 9 15 2 2 3 5 10 1 14 9 17 15 2 3 0 3 1 9 2 9 9 1 2 8 3 9 14 10
split_gain=472.379 302.529 94.9443 87.8287 80.3578 102.748 73.1983 77.8737 74.9681 79.4072 55.4194 53.5631 52.4611 44.0817 46.9943 35.0176 33.7105 31.071 27.4743 26.2506 25.3091 22.6858 19.5572 39.4394 15.0742 28.4147 12.3932 15.756 21.0852 13.7565
threshold=1.0000000180025095e-35 0.8000000000000026 0 1.0000000180025095e-35 0.93499999999999972 1.5249999999999997 2.9150000000000005 0.64778601398657376 6.5000000000000009 2.5000000000000004 0.8000000000000026 1 0.44999999999999934 0.75000000000000011 1.5749999999999995 24.660000000000004 2 8.7000000000000028 11.500000000000002 3 0.99500000000000111 4 5 2.5000000000000004 1.4099999999999986 1.0000000180025095e-35 11.715000000000002 6 0.40000000000001995 14.500000000000002
decision_type=2 2 9 2 2 2 2 2 2 2 2 9 2 2 2 2 1 2 2 9 2 9 9 2 2 2 2 9 2 2
left_child=1 11 13 -4 10 15 7 8 9 12 21 -1 -7 20 -15 19 -12 -13 22 -6 -3 -2 -10 -24 26 -26 27 29 -29 -21
right_child=4 2 3 -5 5 6 -8 -9 18 -11 16 17 -14 14 -16 -17 -18 -19 -20 24 -22 -23 23 -25 25 -27 -28 28 -30 -31
leaf_value=0 0 0 0 2.4761283698776506e-05 -4.5846462888606724e-07 0.00014951270914770594 -6.5588787731767241e-07 3.9586637732298642e-07 3.6122395438565747e-06 -2.928495709029388e-09 0 0 -1.8428085027499819e-06 0 0 1.6288160822089605e-07 0 0 1.0402261057505537e-07 0 0 -5.3367114077387448e-05 1.6104108581148023e-05 -3.8351842705328578e-08 1.7308009960946578e-08 -2.6622927087027063e-06 0 -4.8488575195312506e-06 0.00069910173619376354 6.3486464780993407e-08
leaf_weight=63515 2407 3811 7466 1653 3685 242 38052 207 140 476 2335 4605 103 840 2495 838 339 2995 184 11392 30075 166 157 206 170 256 5341 251 143 231
leaf_count=63515 2407 3811 7466 1653 3685 242 38052 207 140 476 2335 4605 103 840 2495 838 339 2995 184 11392 30075 166 157 206 170 256 5341 251 143 231
internal_value=0.00178108 0.00369503 0.00683858 0.0114142 -0.00155821 -0.00206044 -0.000536877 -0.0106414 -0.0145889 -0.0247868 0.00438346 0.00164663 -0.00652174 0.00571298 0.0111994 -0.00477653 0.00942408 0.00561104 -0.00240175 -0.00516792 0.0051747 -0.000855033 -0.0084493 -0.0143432 -0.00596268 -0.0152582 -0.00573799 -0.0048473 -0.014604 -0.00450013
internal_weight=184776 117455 46340 9119 67321 62074 39767 1715 1508 821 5247 71115 345 37221 3335 22307 2674 7600 687 21469 33886 2573 503 363 17784 426 17358 12017 394 11623
internal_count=184776 117455 46340 9119 67321 62074 39767 1715 1508 821 5247 71115 345 37221 3335 22307 2674 7600 687 21469 33886 2573 503 363 17784 426 17358 12017 394 11623
cat_boundaries=0 1 2 3 4 5 6 7
cat_threshold=65 1 1 164 45 104 9
is_linear=0
shrinkage=0.05


Tree=187
num_leaves=31
num_cat=7
split_feature=1 14 9 15 2 2 3 5 10 1 14 9 17 15 2 3 0 3 1 2 9 9 9 1 3 9 14 10 14 3
split_gain=464.399 302.529 94.9443 87.8287 79.1569 96.333 73.1983 77.8737 74.9681 79.4072 55.4194 53.5631 52.4611 44.0817 46.9943 34.0845 33.7105 31.071 27.4743 25.3091 24.3778 22.6858 19.5572 39.4394 14.4108 18.3084 22.3816 13.6748 12.005 12.9308
threshold=1.0000000180025095e-35 0.8000000000000026 0 1.0000000180025095e-35 0.93499999999999972 1.5249999999999997 2.9150000000000005 0.64778601398657376 6.5000000000000009 2.5000000000000004 0.8000000000000026 1 0.44999999999999934 0.75000000000000011 1.5749999999999995 24.660000000000004 2 8.7000000000000028 11.500000000000002 0.99500000000000111 3 4 5 2.5000000000000004 11.455000000000002 6 0.40000000000001995 14.500000000000002 1.9000000000000006 3.6500000000000008
decision_type=2 2 9 2 2 2 2 2 2 2 2 9 2 2 2 2 1 2 2 2 9 9 9 2 2 9 2 2 2 2
left_child=1 11 13 -4 10 15 7 8 9 12 21 -1 -7 19 -15 20 -12 -13 22 -3 -6 -2 -10 -24 25 27 -27 -22 29 -21
right_child=4 2 3 -5 5 6 -8 -9 18 -11 16 17 -14 14 -16 -17 -18 -19 -20 28 24 -23 23 -25 -26 26 -28 -29 -30 -31
leaf_value=0 0 0 0 2.3523219513837959e-05 -4.3554139744176393e-07 0.00014203707369032066 -6.2309348345178872e-07 3.7607305845683709e-07 3.4316275666637462e-06 -2.7820709235779185e-09 0 0 -1.7506680776102624e-06 0 0 1.5473752780985124e-07 0 0 9.8821480046302596e-08 0 0 -5.0698758373518072e-05 1.5298903152090626e-05 -3.6434250570062148e-08 0 -4.6064146435546883e-06 0.00066414664938407311 6.0312141541943736e-08 0 0
leaf_weight=63515 2407 3811 7466 1653 3685 242 38052 207 140 476 2335 4605 103 840 2495 838 339 2995 184 255 11581 166 157 206 5573 258 141 231 11264 18556
leaf_count=63515 2407 3811 7466 1653 3685 242 38052 207 140 476 2335 4605 103 840 2495 838 339 2995 184 255 11581 166 157 206 5573 258 141 231 11264 18556
internal_value=0.00179731 0.00369503 0.00683858 0.0114142 -0.00151364 -0.00201211 -0.000536877 -0.0106414 -0.0145889 -0.0247868 0.00438346 0.00164663 -0.00652174 0.00571298 0.0111994 -0.00464204 0.00942408 0.00561104 -0.00240175 0.0051747 -0.00502818 -0.000855033 -0.0084493 -0.0143432 -0.00579409 -0.0048358 -0.0152812 -0.00446625 0.00468828 0.00391526
internal_weight=184776 117455 46340 9119 67321 62074 39767 1715 1508 821 5247 71115 345 37221 3335 22307 2674 7600 687 33886 21469 2573 503 363 17784 12211 399 11812 30075 18811
internal_count=184776 117455 46340 9119 67321 62074 39767 1715 1508 821 5247 71115 345 37221 3335 22307 2674 7600 687 33886 21469 2573 503 363 17784 12211 399 11812 30075 18811
cat_boundaries=0 1 2 3 4 5 6 7
cat_threshold=65 1 1 164 45 104 9
is_linear=0
shrinkage=0.05


Tree=188
num_leaves=31
num_cat=7
split_feature=1 14 9 15 2 2 3 5 10 1 14 9 17 15 2 3 0 3 1 9 2 9 9 1 3 9 14 10 14 3
split_gain=463.075 302.529 94.9443 87.8287 78.9577 95.2839 73.1983 77.8737 74.9681 79.4072 55.4194 53.5631 52.4611 44.0817 46.9943 33.9303 33.7105 31.071 27.4743 25.8864 25.3091 22.6858 19.5572 39.4394 14.4108 18.3084 22.3816 13.6748 12.005 12.9308
threshold=1.0000000180025095e-35 0.8000000000000026 0 1.0000000180025095e-35 0.93499999999999972 1.5249999999999997 2.9150000000000005 0.64778601398657376 6.5000000000000009 2.5000000000000004 0.8000000000000026 1 0.44999999999999934 0.75000000000000011 1.5749999999999995 24.660000000000004 2 8.7000000000000028 11.500000000000002 3 0.99500000000000111 4 5 2.5000000000000004 11.455000000000002 6 0.40000000000001995 14.500000000000002 1.9000000000000006 3.6500000000000008
decision_type=2 2 9 2 2 2 2 2 2 2 2 9 2 2 2 2 1 2 2 9 2 9 9 2 2 9 2 2 2 2
left_child=1 11 13 -4 10 15 7 8 9 12 21 -1 -7 20 -15 19 -12 -13 22 -6 -3 -2 -10 -24 25 27 -27 -21 29 -22
right_child=4 2 3 -5 5 6 -8 -9 18 -11 16 17 -14 14 -16 -17 -18 -19 -20 24 28 -23 23 -25 -26 26 -28 -29 -30 -31
leaf_value=0 0 0 0 2.2347058538146892e-05 -4.1376432756967571e-07 0.00013493522000580463 -5.9193880927919928e-07 3.5726940553399523e-07 3.2600461883305592e-06 -2.6429673773990223e-09 0 0 -1.6631346737294717e-06 0 0 1.4700065141935867e-07 0 0 9.3880406043987461e-08 0 0 -4.8163820454842167e-05 1.4533957994486094e-05 -3.4612538041559042e-08 0 -4.3760939113769542e-06 0.0006309393169148692 5.729653446484655e-08 0 0
leaf_weight=63515 2407 3811 7466 1653 3685 242 38052 207 140 476 2335 4605 103 840 2495 838 339 2995 184 11581 255 166 157 206 5573 258 141 231 11264 18556
leaf_count=63515 2407 3811 7466 1653 3685 242 38052 207 140 476 2335 4605 103 840 2495 838 339 2995 184 11581 255 166 157 206 5573 258 141 231 11264 18556
internal_value=0.00180002 0.00369503 0.00683858 0.0114142 -0.00150622 -0.00200406 -0.000536877 -0.0106414 -0.0145889 -0.0247868 0.00438346 0.00164663 -0.00652174 0.00571298 0.0111994 -0.00461963 0.00942408 0.00561104 -0.00240175 -0.00500489 0.0051747 -0.000855033 -0.0084493 -0.0143432 -0.00579409 -0.0048358 -0.0152812 -0.00446625 0.00468828 0.00391526
internal_weight=184776 117455 46340 9119 67321 62074 39767 1715 1508 821 5247 71115 345 37221 3335 22307 2674 7600 687 21469 33886 2573 503 363 17784 12211 399 11812 30075 18811
internal_count=184776 117455 46340 9119 67321 62074 39767 1715 1508 821 5247 71115 345 37221 3335 22307 2674 7600 687 21469 33886 2573 503 363 17784 12211 399 11812 30075 18811
cat_boundaries=0 1 2 3 4 5 6 7
cat_threshold=65 1 1 164 45 104 9
is_linear=0
shrinkage=0.05


Tree=189
num_leaves=31
num_cat=7
split_feature=1 14 9 15 2 2 3 5 10 1 14 9 17 15 2 3 0 3 1 9 2 9 9 1 3 9 14 10 14 3
split_gain=463.075 302.529 94.9443 87.8287 78.9577 95.2839 73.1983 77.8737 74.9681 79.4072 55.4194 53.5631 52.4611 44.0817 46.9943 33.9303 33.7105 31.071 27.4743 25.8864 25.3091 22.6858 19.5572 39.4394 14.4108 18.3084 22.3816 13.6748 12.005 12.9308
threshold=1.0000000180025095e-35 0.8000000000000026 0 1.0000000180025095e-35 0.93499999999999972 1.5249999999999997 2.9150000000000005 0.64778601398657376 6.5000000000000009 2.5000000000000004 0.8000000000000026 1 0.44999999999999934 0.75000000000000011 1.5749999999999995 24.660000000000004 2 8.7000000000000028 11.500000000000002 3 0.99500000000000111 4 5 2.5000000000000004 11.455000000000002 6 0.40000000000001995 14.500000000000002 1.9000000000000006 3.6500000000000008
decision_type=2 2 9 2 2 2 2 2 2 2 2 9 2 2 2 2 1 2 2 9 2 9 9 2 2 9 2 2 2 2
left_child=1 11 13 -4 10 15 7 8 9 12 21 -1 -7 20 -15 19 -12 -13 22 -6 -3 -2 -10 -24 25 27 -27 -21 29 -22
right_child=4 2 3 -5 5 6 -8 -9 18 -11 16 17 -14 14 -16 -17 -18 -19 -20 24 28 -23 23 -25 -26 26 -28 -29 -30 -31
leaf_value=0 0 0 0 2.1229705611242046e-05 -3.930761111911919e-07 0.0001281884590055144 -5.623418688152394e-07 3.3940593525729549e-07 3.097043878914031e-06 -2.5108190085290712e-09 0 0 -1.5799779400416104e-06 0 0 1.3965061884839074e-07 0 0 8.9186385741788093e-08 0 0 -4.575562943210006e-05 1.3807260094761789e-05 -3.2881911139481085e-08 0 -4.1572892158081062e-06 0.000599392351069128 5.4431707741604222e-08 0 0
leaf_weight=63515 2407 3811 7466 1653 3685 242 38052 207 140 476 2335 4605 103 840 2495 838 339 2995 184 11581 255 166 157 206 5573 258 141 231 11264 18556
leaf_count=63515 2407 3811 7466 1653 3685 242 38052 207 140 476 2335 4605 103 840 2495 838 339 2995 184 11581 255 166 157 206 5573 258 141 231 11264 18556
internal_value=0.00180002 0.00369503 0.00683858 0.0114142 -0.00150622 -0.00200406 -0.000536877 -0.0106414 -0.0145889 -0.0247868 0.00438346 0.00164663 -0.00652174 0.00571298 0.0111994 -0.00461963 0.00942408 0.00561104 -0.00240175 -0.00500489 0.0051747 -0.000855033 -0.0084493 -0.0143432 -0.00579409 -0.0048358 -0.0152812 -0.00446625 0.00468828 0.00391526
internal_weight=184776 117455 46340 9119 67321 62074 39767 1715 1508 821 5247 71115 345 37221 3335 22307 2674 7600 687 21469 33886 2573 503 363 17784 12211 399 11812 30075 18811
internal_count=184776 117455 46340 9119 67321 62074 39767 1715 1508 821 5247 71115 345 37221 3335 22307 2674 7600 687 21469 33886 2573 503 363 17784 12211 399 11812 30075 18811
cat_boundaries=0 1 2 3 4 5 6 7
cat_threshold=65 1 1 164 45 104 9
is_linear=0
shrinkage=0.05


Tree=190
num_leaves=31
num_cat=7
split_feature=1 14 9 15 2 2 3 5 10 1 14 9 17 15 2 3 0 3 1 9 2 9 9 1 3 9 14 10 14 3
split_gain=463.075 302.529 94.9443 87.8287 78.9577 95.2839 73.1983 77.8737 74.9681 79.4072 55.4194 53.5631 52.4611 44.0817 46.9943 33.9303 33.7105 31.071 27.4743 25.8864 25.3091 22.6858 19.5572 39.4394 14.4108 18.3084 22.3816 13.6748 12.005 12.9308
threshold=1.0000000180025095e-35 0.8000000000000026 0 1.0000000180025095e-35 0.93499999999999972 1.5249999999999997 2.9150000000000005 0.64778601398657376 6.5000000000000009 2.5000000000000004 0.8000000000000026 1 0.44999999999999934 0.75000000000000011 1.5749999999999995 24.660000000000004 2 8.7000000000000028 11.500000000000002 3 0.99500000000000111 4 5 2.5000000000000004 11.455000000000002 6 0.40000000000001995 14.500000000000002 1.9000000000000006 3.6500000000000008
decision_type=2 2 9 2 2 2 2 2 2 2 2 9 2 2 2 2 1 2 2 9 2 9 9 2 2 9 2 2 2 2
left_child=1 11 13 -4 10 15 7 8 9 12 21 -1 -7 20 -15 19 -12 -13 22 -6 -3 -2 -10 -24 25 27 -27 -21 29 -22
right_child=4 2 3 -5 5 6 -8 -9 18 -11 16 17 -14 14 -16 -17 -18 -19 -20 24 28 -23 23 -25 -26 26 -28 -29 -30 -31
leaf_value=0 0 0 0 2.0168220330679666e-05 -3.7342230563163227e-07 0.00012177903605523867 -5.3422477537447738e-07 3.2243563849443068e-07 2.9421916849683292e-06 -2.3852780581026176e-09 0 0 -1.5009790430398074e-06 0 0 1.326680879059712e-07 0 0 8.4727066454698697e-08 0 0 -4.3467847960495056e-05 1.31168970900237e-05 -3.1237815582507035e-08 0 -3.9494247550177012e-06 0.00056942273351567321 5.1710122354524009e-08 0 0
leaf_weight=63515 2407 3811 7466 1653 3685 242 38052 207 140 476 2335 4605 103 840 2495 838 339 2995 184 11581 255 166 157 206 5573 258 141 231 11264 18556
leaf_count=63515 2407 3811 7466 1653 3685 242 38052 207 140 476 2335 4605 103 840 2495 838 339 2995 184 11581 255 166 157 206 5573 258 141 231 11264 18556
internal_value=0.00180002 0.00369503 0.00683858 0.0114142 -0.00150622 -0.00200406 -0.000536877 -0.0106414 -0.0145889 -0.0247868 0.00438346 0.00164663 -0.00652174 0.00571298 0.0111994 -0.00461963 0.00942408 0.00561104 -0.00240175 -0.00500489 0.0051747 -0.000855033 -0.0084493 -0.0143432 -0.00579409 -0.0048358 -0.0152812 -0.00446625 0.00468828 0.00391526
internal_weight=184776 117455 46340 9119 67321 62074 39767 1715 1508 821 5247 71115 345 37221 3335 22307 2674 7600 687 21469 33886 2573 503 363 17784 12211 399 11812 30075 18811
internal_count=184776 117455 46340 9119 67321 62074 39767 1715 1508 821 5247 71115 345 37221 3335 22307 2674 7600 687 21469 33886 2573 503 363 17784 12211 399 11812 30075 18811
cat_boundaries=0 1 2 3 4 5 6 7
cat_threshold=65 1 1 164 45 104 9
is_linear=0
shrinkage=0.05


Tree=191
num_leaves=31
num_cat=7
split_feature=1 14 9 15 2 2 3 5 10 1 14 9 17 15 2 3 0 3 1 9 2 9 9 1 3 9 14 10 14 3
split_gain=463.075 302.529 94.9443 87.8287 78.9577 95.2839 73.1983 77.8737 74.9681 79.4072 55.4194 53.5631 52.4611 44.0817 46.9943 33.9303 33.7105 31.071 27.4743 25.8864 25.3091 22.6858 19.5572 39.4394 14.4108 18.3084 22.3816 13.6748 12.005 12.9308
threshold=1.0000000180025095e-35 0.8000000000000026 0 1.0000000180025095e-35 0.93499999999999972 1.5249999999999997 2.9150000000000005 0.64778601398657376 6.5000000000000009 2.5000000000000004 0.8000000000000026 1 0.44999999999999934 0.75000000000000011 1.5749999999999995 24.660000000000004 2 8.7000000000000028 11.500000000000002 3 0.99500000000000111 4 5 2.5000000000000004 11.455000000000002 6 0.40000000000001995 14.500000000000002 1.9000000000000006 3.6500000000000008
decision_type=2 2 9 2 2 2 2 2 2 2 2 9 2 2 2 2 1 2 2 9 2 9 9 2 2 9 2 2 2 2
left_child=1 11 13 -4 10 15 7 8 9 12 21 -1 -7 20 -15 19 -12 -13 22 -6 -3 -2 -10 -24 25 27 -27 -21 29 -22
right_child=4 2 3 -5 5 6 -8 -9 18 -11 16 17 -14 14 -16 -17 -18 -19 -20 24 28 -23 23 -25 -26 26 -28 -29 -30 -31
leaf_value=0 0 0 0 1.9159809314145405e-05 -3.5475119035005071e-07 0.00011569008425247674 -5.0751353660575348e-07 3.0631385656970918e-07 2.7950821007199128e-06 -2.266014155197487e-09 0 0 -1.4259300908869844e-06 0 0 1.2603468351067263e-07 0 0 8.0490713131963757e-08 0 0 -4.1294455562470303e-05 1.2461052235522516e-05 -2.9675924803381679e-08 0 -3.7519535172668163e-06 0.00054095159683988927 4.9124616236797803e-08 0 0
leaf_weight=63515 2407 3811 7466 1653 3685 242 38052 207 140 476 2335 4605 103 840 2495 838 339 2995 184 11581 255 166 157 206 5573 258 141 231 11264 18556
leaf_count=63515 2407 3811 7466 1653 3685 242 38052 207 140 476 2335 4605 103 840 2495 838 339 2995 184 11581 255 166 157 206 5573 258 141 231 11264 18556
internal_value=0.00180002 0.00369503 0.00683858 0.0114142 -0.00150622 -0.00200406 -0.000536877 -0.0106414 -0.0145889 -0.0247868 0.00438346 0.00164663 -0.00652174 0.00571298 0.0111994 -0.00461963 0.00942408 0.00561104 -0.00240175 -0.00500489 0.0051747 -0.000855033 -0.0084493 -0.0143432 -0.00579409 -0.0048358 -0.0152812 -0.00446625 0.00468828 0.00391526
internal_weight=184776 117455 46340 9119 67321 62074 39767 1715 1508 821 5247 71115 345 37221 3335 22307 2674 7600 687 21469 33886 2573 503 363 17784 12211 399 11812 30075 18811
internal_count=184776 117455 46340 9119 67321 62074 39767 1715 1508 821 5247 71115 345 37221 3335 22307 2674 7600 687 21469 33886 2573 503 363 17784 12211 399 11812 30075 18811
cat_boundaries=0 1 2 3 4 5 6 7
cat_threshold=65 1 1 164 45 104 9
is_linear=0
shrinkage=0.05


Tree=192
num_leaves=31
num_cat=7
split_feature=1 14 9 15 2 2 3 5 10 1 14 9 17 15 2 3 0 3 1 9 2 9 9 1 3 9 14 10 14 3
split_gain=461.754 302.529 94.9443 87.8287 78.7587 95.8717 73.3806 77.8737 74.9681 79.4072 55.4194 53.5631 52.4611 44.0817 46.9943 33.9303 33.7105 31.071 27.4743 25.8864 25.3091 22.6858 19.5572 39.4394 14.4108 18.3084 22.3816 13.6748 12.005 12.9308
threshold=1.0000000180025095e-35 0.8000000000000026 0 1.0000000180025095e-35 0.93499999999999972 1.5249999999999997 2.9150000000000005 0.64778601398657376 6.5000000000000009 2.5000000000000004 0.8000000000000026 1 0.44999999999999934 0.75000000000000011 1.5749999999999995 24.660000000000004 2 8.7000000000000028 11.500000000000002 3 0.99500000000000111 4 5 2.5000000000000004 11.455000000000002 6 0.40000000000001995 14.500000000000002 1.9000000000000006 3.6500000000000008
decision_type=2 2 9 2 2 2 2 2 2 2 2 9 2 2 2 2 1 2 2 9 2 9 9 2 2 9 2 2 2 2
left_child=1 11 13 -4 10 15 7 8 9 12 21 -1 -7 20 -15 19 -12 -13 22 -6 -3 -2 -10 -24 25 27 -27 -21 29 -22
right_child=4 2 3 -5 5 6 -8 -9 18 -11 16 17 -14 14 -16 -17 -18 -19 -20 24 28 -23 23 -25 -26 26 -28 -29 -30 -31
leaf_value=0 0 0 0 1.8201818848440077e-05 -3.3701363083254816e-07 0.0001099055800398529 -4.8213785977546577e-07 2.9099816374122371e-07 2.6553279956839171e-06 -2.1527134474376124e-09 0 0 -1.3546335863423576e-06 0 0 1.1973294933513902e-07 0 0 7.6466177475365582e-08 0 0 -3.9229732784346792e-05 1.183799962374639e-05 -2.8192128563212595e-08 0 -3.564355841403476e-06 0.00051390401699789596 4.666838542495791e-08 0 0
leaf_weight=63515 2407 3811 7466 1653 3685 242 38052 207 140 476 2335 4605 103 840 2495 838 339 2995 184 11581 255 166 157 206 5573 258 141 231 11264 18556
leaf_count=63515 2407 3811 7466 1653 3685 242 38052 207 140 476 2335 4605 103 840 2495 838 339 2995 184 11581 255 166 157 206 5573 258 141 231 11264 18556
internal_value=0.00180272 0.00369503 0.00683858 0.0114142 -0.00149879 -0.001996 -0.000524304 -0.0106414 -0.0145889 -0.0247868 0.00438346 0.00164663 -0.00652174 0.00571298 0.0111994 -0.00461963 0.00942408 0.00561104 -0.00240175 -0.00500489 0.0051747 -0.000855033 -0.0084493 -0.0143432 -0.00579409 -0.0048358 -0.0152812 -0.00446625 0.00468828 0.00391526
internal_weight=184776 117455 46340 9119 67321 62074 39767 1715 1508 821 5247 71115 345 37221 3335 22307 2674 7600 687 21469 33886 2573 503 363 17784 12211 399 11812 30075 18811
internal_count=184776 117455 46340 9119 67321 62074 39767 1715 1508 821 5247 71115 345 37221 3335 22307 2674 7600 687 21469 33886 2573 503 363 17784 12211 399 11812 30075 18811
cat_boundaries=0 1 2 3 4 5 6 7
cat_threshold=65 1 1 164 45 104 9
is_linear=0
shrinkage=0.05


Tree=193
num_leaves=31
num_cat=7
split_feature=1 14 9 15 2 2 3 5 10 1 14 9 17 15 2 3 0 3 1 9 2 9 9 1 3 9 14 10 14 3
split_gain=461.754 302.529 94.9443 87.8287 78.7587 95.8717 73.3806 77.8737 74.9681 79.4072 55.4194 53.5631 52.4611 44.0817 46.9943 33.9303 33.7105 31.071 27.4743 25.8864 25.3091 22.6858 19.5572 39.4394 14.4108 18.3084 22.3816 13.6748 12.005 12.9308
threshold=1.0000000180025095e-35 0.8000000000000026 0 1.0000000180025095e-35 0.93499999999999972 1.5249999999999997 2.9150000000000005 0.64778601398657376 6.5000000000000009 2.5000000000000004 0.8000000000000026 1 0.44999999999999934 0.75000000000000011 1.5749999999999995 24.660000000000004 2 8.7000000000000028 11.500000000000002 3 0.99500000000000111 4 5 2.5000000000000004 11.455000000000002 6 0.40000000000001995 14.500000000000002 1.9000000000000006 3.6500000000000008
decision_type=2 2 9 2 2 2 2 2 2 2 2 9 2 2 2 2 1 2 2 9 2 9 9 2 2 9 2 2 2 2
left_child=1 11 13 -4 10 15 7 8 9 12 21 -1 -7 20 -15 19 -12 -13 22 -6 -3 -2 -10 -24 25 27 -27 -21 29 -22
right_child=4 2 3 -5 5 6 -8 -9 18 -11 16 17 -14 14 -16 -17 -18 -19 -20 24 28 -23 23 -25 -26 26 -28 -29 -30 -31
leaf_value=0 0 0 0 1.7291727906015852e-05 -3.2016294929092075e-07 0.00010441030103786026 -4.5803096678669243e-07 2.764482555541625e-07 2.5225615958997213e-06 -2.0450777750657318e-09 0 0 -1.2869019070271827e-06 0 0 1.1374630186838205e-07 0 0 7.2642868601597298e-08 0 0 -3.7268246145129449e-05 1.124609964255907e-05 -2.6782522135051968e-08 0 -3.3861380493333023e-06 0.00048820881614800027 4.4334966153710019e-08 0 0
leaf_weight=63515 2407 3811 7466 1653 3685 242 38052 207 140 476 2335 4605 103 840 2495 838 339 2995 184 11581 255 166 157 206 5573 258 141 231 11264 18556
leaf_count=63515 2407 3811 7466 1653 3685 242 38052 207 140 476 2335 4605 103 840 2495 838 339 2995 184 11581 255 166 157 206 5573 258 141 231 11264 18556
internal_value=0.00180272 0.00369503 0.00683858 0.0114142 -0.00149879 -0.001996 -0.000524304 -0.0106414 -0.0145889 -0.0247868 0.00438346 0.00164663 -0.00652174 0.00571298 0.0111994 -0.00461963 0.00942408 0.00561104 -0.00240175 -0.00500489 0.0051747 -0.000855033 -0.0084493 -0.0143432 -0.00579409 -0.0048358 -0.0152812 -0.00446625 0.00468828 0.00391526
internal_weight=184776 117455 46340 9119 67321 62074 39767 1715 1508 821 5247 71115 345 37221 3335 22307 2674 7600 687 21469 33886 2573 503 363 17784 12211 399 11812 30075 18811
internal_count=184776 117455 46340 9119 67321 62074 39767 1715 1508 821 5247 71115 345 37221 3335 22307 2674 7600 687 21469 33886 2573 503 363 17784 12211 399 11812 30075 18811
cat_boundaries=0 1 2 3 4 5 6 7
cat_threshold=65 1 1 164 45 104 9
is_linear=0
shrinkage=0.05


Tree=194
num_leaves=31
num_cat=7
split_feature=1 14 9 15 2 2 3 5 10 1 14 9 17 15 2 3 0 3 1 9 2 9 9 1 3 9 14 10 14 3
split_gain=461.754 302.529 94.9443 87.8287 78.7587 95.8717 73.3806 77.8737 74.9681 79.4072 55.4194 53.5631 52.4611 44.0817 46.9943 33.9303 33.7105 31.071 27.4743 25.8864 25.3091 22.6858 19.5572 39.4394 14.4108 18.3084 22.3816 13.6748 12.005 12.9308
threshold=1.0000000180025095e-35 0.8000000000000026 0 1.0000000180025095e-35 0.93499999999999972 1.5249999999999997 2.9150000000000005 0.64778601398657376 6.5000000000000009 2.5000000000000004 0.8000000000000026 1 0.44999999999999934 0.75000000000000011 1.5749999999999995 24.660000000000004 2 8.7000000000000028 11.500000000000002 3 0.99500000000000111 4 5 2.5000000000000004 11.455000000000002 6 0.40000000000001995 14.500000000000002 1.9000000000000006 3.6500000000000008
decision_type=2 2 9 2 2 2 2 2 2 2 2 9 2 2 2 2 1 2 2 9 2 9 9 2 2 9 2 2 2 2
left_child=1 11 13 -4 10 15 7 8 9 12 21 -1 -7 20 -15 19 -12 -13 22 -6 -3 -2 -10 -24 25 27 -27 -21 29 -22
right_child=4 2 3 -5 5 6 -8 -9 18 -11 16 17 -14 14 -16 -17 -18 -19 -20 24 28 -23 23 -25 -26 26 -28 -29 -30 -31
leaf_value=0 0 0 0 1.6427141510716448e-05 -3.0415480182637475e-07 9.9189785985967244e-05 -4.3512941844735782e-07 2.6262584277645437e-07 2.3964335161047353e-06 -1.9428238863124452e-09 0 0 -1.2225568116752683e-06 0 0 1.0805898677496295e-07 0 0 6.9010725171517425e-08 0 0 -3.5404833837872978e-05 1.0683794660431118e-05 -2.5443396028299366e-08 0 -3.2168311468666371e-06 0.00046379837534060166 4.2118217846024515e-08 0 0
leaf_weight=63515 2407 3811 7466 1653 3685 242 38052 207 140 476 2335 4605 103 840 2495 838 339 2995 184 11581 255 166 157 206 5573 258 141 231 11264 18556
leaf_count=63515 2407 3811 7466 1653 3685 242 38052 207 140 476 2335 4605 103 840 2495 838 339 2995 184 11581 255 166 157 206 5573 258 141 231 11264 18556
internal_value=0.00180272 0.00369503 0.00683858 0.0114142 -0.00149879 -0.001996 -0.000524304 -0.0106414 -0.0145889 -0.0247868 0.00438346 0.00164663 -0.00652174 0.00571298 0.0111994 -0.00461963 0.00942408 0.00561104 -0.00240175 -0.00500489 0.0051747 -0.000855033 -0.0084493 -0.0143432 -0.00579409 -0.0048358 -0.0152812 -0.00446625 0.00468828 0.00391526
internal_weight=184776 117455 46340 9119 67321 62074 39767 1715 1508 821 5247 71115 345 37221 3335 22307 2674 7600 687 21469 33886 2573 503 363 17784 12211 399 11812 30075 18811
internal_count=184776 117455 46340 9119 67321 62074 39767 1715 1508 821 5247 71115 345 37221 3335 22307 2674 7600 687 21469 33886 2573 503 363 17784 12211 399 11812 30075 18811
cat_boundaries=0 1 2 3 4 5 6 7
cat_threshold=65 1 1 164 45 104 9
is_linear=0
shrinkage=0.05


Tree=195
num_leaves=31
num_cat=7
split_feature=1 14 9 15 2 2 3 5 10 1 14 9 17 15 2 3 0 3 1 9 2 9 9 1 3 9 14 10 14 3
split_gain=461.226 302.529 94.9443 87.8287 78.6791 96.1073 73.4536 77.8737 74.9681 79.4072 55.4194 53.5631 52.4611 44.0817 46.9943 33.9303 33.7105 31.071 27.4743 25.8864 25.3091 22.6858 19.5572 39.4394 14.4108 18.3084 22.3816 13.6748 12.005 12.9308
threshold=1.0000000180025095e-35 0.8000000000000026 0 1.0000000180025095e-35 0.93499999999999972 1.5249999999999997 2.9150000000000005 0.64778601398657376 6.5000000000000009 2.5000000000000004 0.8000000000000026 1 0.44999999999999934 0.75000000000000011 1.5749999999999995 24.660000000000004 2 8.7000000000000028 11.500000000000002 3 0.99500000000000111 4 5 2.5000000000000004 11.455000000000002 6 0.40000000000001995 14.500000000000002 1.9000000000000006 3.6500000000000008
decision_type=2 2 9 2 2 2 2 2 2 2 2 9 2 2 2 2 1 2 2 9 2 9 9 2 2 9 2 2 2 2
left_child=1 11 13 -4 10 15 7 8 9 12 21 -1 -7 20 -15 19 -12 -13 22 -6 -3 -2 -10 -24 25 27 -27 -21 29 -22
right_child=4 2 3 -5 5 6 -8 -9 18 -11 16 17 -14 14 -16 -17 -18 -19 -20 24 28 -23 23 -25 -26 26 -28 -29 -30 -31
leaf_value=0 0 0 0 1.5605784435179794e-05 -2.8894706173505602e-07 9.4230296686668882e-05 -4.1337294752498996e-07 2.4949455063763167e-07 2.2766118402994983e-06 -1.8456826919968231e-09 0 0 -1.1614289710915049e-06 0 0 1.026560374362148e-07 0 0 6.5560188912941567e-08 0 0 -3.3634592145979328e-05 1.0149604927409562e-05 -2.41712262268844e-08 0 -3.0559895895233053e-06 0.00044060845657357132 4.0012306953723284e-08 0 0
leaf_weight=63515 2407 3811 7466 1653 3685 242 38052 207 140 476 2335 4605 103 840 2495 838 339 2995 184 11581 255 166 157 206 5573 258 141 231 11264 18556
leaf_count=63515 2407 3811 7466 1653 3685 242 38052 207 140 476 2335 4605 103 840 2495 838 339 2995 184 11581 255 166 157 206 5573 258 141 231 11264 18556
internal_value=0.00180381 0.00369503 0.00683858 0.0114142 -0.00149582 -0.00199278 -0.000519275 -0.0106414 -0.0145889 -0.0247868 0.00438346 0.00164663 -0.00652174 0.00571298 0.0111994 -0.00461963 0.00942408 0.00561104 -0.00240175 -0.00500489 0.0051747 -0.000855033 -0.0084493 -0.0143432 -0.00579409 -0.0048358 -0.0152812 -0.00446625 0.00468828 0.00391526
internal_weight=184776 117455 46340 9119 67321 62074 39767 1715 1508 821 5247 71115 345 37221 3335 22307 2674 7600 687 21469 33886 2573 503 363 17784 12211 399 11812 30075 18811
internal_count=184776 117455 46340 9119 67321 62074 39767 1715 1508 821 5247 71115 345 37221 3335 22307 2674 7600 687 21469 33886 2573 503 363 17784 12211 399 11812 30075 18811
cat_boundaries=0 1 2 3 4 5 6 7
cat_threshold=65 1 1 164 45 104 9
is_linear=0
shrinkage=0.05


Tree=196
num_leaves=31
num_cat=7
split_feature=1 14 9 15 2 2 3 5 10 1 14 9 17 15 2 3 0 3 1 9 2 9 9 1 3 9 14 10 14 3
split_gain=460.962 302.529 94.9443 87.8287 78.6394 96.2252 73.4901 77.8737 74.9681 79.4072 55.4194 53.5631 52.4611 44.0817 46.9943 33.9303 33.7105 31.071 27.4743 25.8864 25.3091 22.6858 19.5572 39.4394 14.4108 18.3084 22.3816 13.6748 12.005 12.9308
threshold=1.0000000180025095e-35 0.8000000000000026 0 1.0000000180025095e-35 0.93499999999999972 1.5249999999999997 2.9150000000000005 0.64778601398657376 6.5000000000000009 2.5000000000000004 0.8000000000000026 1 0.44999999999999934 0.75000000000000011 1.5749999999999995 24.660000000000004 2 8.7000000000000028 11.500000000000002 3 0.99500000000000111 4 5 2.5000000000000004 11.455000000000002 6 0.40000000000001995 14.500000000000002 1.9000000000000006 3.6500000000000008
decision_type=2 2 9 2 2 2 2 2 2 2 2 9 2 2 2 2 1 2 2 9 2 9 9 2 2 9 2 2 2 2
left_child=1 11 13 -4 10 15 7 8 9 12 21 -1 -7 20 -15 19 -12 -13 22 -6 -3 -2 -10 -24 25 27 -27 -21 29 -22
right_child=4 2 3 -5 5 6 -8 -9 18 -11 16 17 -14 14 -16 -17 -18 -19 -20 24 28 -23 23 -25 -26 26 -28 -29 -30 -31
leaf_value=0 0 0 0 1.4825495213421913e-05 -2.7449970864830316e-07 8.9518781852335444e-05 -3.9270430014874046e-07 2.3701982310575009e-07 2.1627812482845235e-06 -1.7533985573969821e-09 0 0 -1.1033575225360971e-06 0 0 9.7523235564404071e-08 0 0 6.2282179467294487e-08 0 0 -3.195286253868036e-05 9.6421246810390834e-06 -2.2962664915540182e-08 0 -2.9031901100471398e-06 0.00041857803374489302 3.8011691606037119e-08 0 0
leaf_weight=63515 2407 3811 7466 1653 3685 242 38052 207 140 476 2335 4605 103 840 2495 838 339 2995 184 11581 255 166 157 206 5573 258 141 231 11264 18556
leaf_count=63515 2407 3811 7466 1653 3685 242 38052 207 140 476 2335 4605 103 840 2495 838 339 2995 184 11581 255 166 157 206 5573 258 141 231 11264 18556
internal_value=0.00180435 0.00369503 0.00683858 0.0114142 -0.00149433 -0.00199117 -0.00051676 -0.0106414 -0.0145889 -0.0247868 0.00438346 0.00164663 -0.00652174 0.00571298 0.0111994 -0.00461963 0.00942408 0.00561104 -0.00240175 -0.00500489 0.0051747 -0.000855033 -0.0084493 -0.0143432 -0.00579409 -0.0048358 -0.0152812 -0.00446625 0.00468828 0.00391526
internal_weight=184776 117455 46340 9119 67321 62074 39767 1715 1508 821 5247 71115 345 37221 3335 22307 2674 7600 687 21469 33886 2573 503 363 17784 12211 399 11812 30075 18811
internal_count=184776 117455 46340 9119 67321 62074 39767 1715 1508 821 5247 71115 345 37221 3335 22307 2674 7600 687 21469 33886 2573 503 363 17784 12211 399 11812 30075 18811
cat_boundaries=0 1 2 3 4 5 6 7
cat_threshold=65 1 1 164 45 104 9
is_linear=0
shrinkage=0.05


Tree=197
num_leaves=31
num_cat=7
split_feature=1 14 9 15 2 2 3 5 10 1 14 9 17 15 2 3 0 3 1 9 2 9 9 1 3 9 14 10 14 3
split_gain=460.962 302.529 94.9443 87.8287 78.6394 96.2252 73.4901 77.8737 74.9681 79.4072 55.4194 53.5631 52.4611 44.0817 46.9943 33.9303 33.7105 31.071 27.4743 25.8864 25.3091 22.6858 19.5572 39.4394 14.4108 18.3084 22.3816 13.6748 12.005 12.9308
threshold=1.0000000180025095e-35 0.8000000000000026 0 1.0000000180025095e-35 0.93499999999999972 1.5249999999999997 2.9150000000000005 0.64778601398657376 6.5000000000000009 2.5000000000000004 0.8000000000000026 1 0.44999999999999934 0.75000000000000011 1.5749999999999995 24.660000000000004 2 8.7000000000000028 11.500000000000002 3 0.99500000000000111 4 5 2.5000000000000004 11.455000000000002 6 0.40000000000001995 14.500000000000002 1.9000000000000006 3.6500000000000008
decision_type=2 2 9 2 2 2 2 2 2 2 2 9 2 2 2 2 1 2 2 9 2 9 9 2 2 9 2 2 2 2
left_child=1 11 13 -4 10 15 7 8 9 12 21 -1 -7 20 -15 19 -12 -13 22 -6 -3 -2 -10 -24 25 27 -27 -21 29 -22
right_child=4 2 3 -5 5 6 -8 -9 18 -11 16 17 -14 14 -16 -17 -18 -19 -20 24 28 -23 23 -25 -26 26 -28 -29 -30 -31
leaf_value=0 0 0 0 1.4084220452748043e-05 -2.6077472321588806e-07 8.5042842759718663e-05 -3.7306908514130342e-07 2.2516883195046254e-07 2.0546421858702974e-06 -1.6657286295271328e-09 0 0 -1.0481896464076269e-06 0 0 9.2647073786183856e-08 0 0 5.916807049392976e-08 0 0 -3.0355219411746343e-05 9.1600184469871294e-06 -2.1814531669763172e-08 0 -2.758030604544783e-06 0.0003976491320576481 3.6111107025735266e-08 0 0
leaf_weight=63515 2407 3811 7466 1653 3685 242 38052 207 140 476 2335 4605 103 840 2495 838 339 2995 184 11581 255 166 157 206 5573 258 141 231 11264 18556
leaf_count=63515 2407 3811 7466 1653 3685 242 38052 207 140 476 2335 4605 103 840 2495 838 339 2995 184 11581 255 166 157 206 5573 258 141 231 11264 18556
internal_value=0.00180435 0.00369503 0.00683858 0.0114142 -0.00149433 -0.00199117 -0.00051676 -0.0106414 -0.0145889 -0.0247868 0.00438346 0.00164663 -0.00652174 0.00571298 0.0111994 -0.00461963 0.00942408 0.00561104 -0.00240175 -0.00500489 0.0051747 -0.000855033 -0.0084493 -0.0143432 -0.00579409 -0.0048358 -0.0152812 -0.00446625 0.00468828 0.00391526
internal_weight=184776 117455 46340 9119 67321 62074 39767 1715 1508 821 5247 71115 345 37221 3335 22307 2674 7600 687 21469 33886 2573 503 363 17784 12211 399 11812 30075 18811
internal_count=184776 117455 46340 9119 67321 62074 39767 1715 1508 821 5247 71115 345 37221 3335 22307 2674 7600 687 21469 33886 2573 503 363 17784 12211 399 11812 30075 18811
cat_boundaries=0 1 2 3 4 5 6 7
cat_threshold=65 1 1 164 45 104 9
is_linear=0
shrinkage=0.05


Tree=198
num_leaves=31
num_cat=7
split_feature=1 14 9 15 2 2 3 5 10 1 14 9 17 15 2 3 0 3 1 9 2 9 9 1 3 9 14 10 14 3
split_gain=460.962 302.529 94.9443 87.8287 78.6394 96.2252 73.4901 77.8737 74.9681 79.4072 55.4194 53.5631 52.4611 44.0817 46.9943 33.9303 33.7105 31.071 27.4743 25.8864 25.3091 22.6858 19.5572 39.4394 14.4108 18.3084 22.3816 13.6748 12.005 12.9308
threshold=1.0000000180025095e-35 0.8000000000000026 0 1.0000000180025095e-35 0.93499999999999972 1.5249999999999997 2.9150000000000005 0.64778601398657376 6.5000000000000009 2.5000000000000004 0.8000000000000026 1 0.44999999999999934 0.75000000000000011 1.5749999999999995 24.660000000000004 2 8.7000000000000028 11.500000000000002 3 0.99500000000000111 4 5 2.5000000000000004 11.455000000000002 6 0.40000000000001995 14.500000000000002 1.9000000000000006 3.6500000000000008
decision_type=2 2 9 2 2 2 2 2 2 2 2 9 2 2 2 2 1 2 2 9 2 9 9 2 2 9 2 2 2 2
left_child=1 11 13 -4 10 15 7 8 9 12 21 -1 -7 20 -15 19 -12 -13 22 -6 -3 -2 -10 -24 25 27 -27 -21 29 -22
right_child=4 2 3 -5 5 6 -8 -9 18 -11 16 17 -14 14 -16 -17 -18 -19 -20 24 28 -23 23 -25 -26 26 -28 -29 -30 -31
leaf_value=0 0 0 0 1.338000943010842e-05 -2.4773598705509364e-07 8.079070062173274e-05 -3.5441563088423828e-07 2.1391039035293944e-07 1.9519100765767825e-06 -1.5824421980507762e-09 0 0 -9.9578016408696794e-07 0 0 8.8014720096874656e-08 0 0 5.6209666969233277e-08 0 0 -2.883745844115903e-05 8.7020175246377712e-06 -2.0723805086275012e-08 0 -2.6201290743175441e-06 0.00037776667545476599 3.4305551674448497e-08 0 0
leaf_weight=63515 2407 3811 7466 1653 3685 242 38052 207 140 476 2335 4605 103 840 2495 838 339 2995 184 11581 255 166 157 206 5573 258 141 231 11264 18556
leaf_count=63515 2407 3811 7466 1653 3685 242 38052 207 140 476 2335 4605 103 840 2495 838 339 2995 184 11581 255 166 157 206 5573 258 141 231 11264 18556
internal_value=0.00180435 0.00369503 0.00683858 0.0114142 -0.00149433 -0.00199117 -0.00051676 -0.0106414 -0.0145889 -0.0247868 0.00438346 0.00164663 -0.00652174 0.00571298 0.0111994 -0.00461963 0.00942408 0.00561104 -0.00240175 -0.00500489 0.0051747 -0.000855033 -0.0084493 -0.0143432 -0.00579409 -0.0048358 -0.0152812 -0.00446625 0.00468828 0.00391526
internal_weight=184776 117455 46340 9119 67321 62074 39767 1715 1508 821 5247 71115 345 37221 3335 22307 2674 7600 687 21469 33886 2573 503 363 17784 12211 399 11812 30075 18811
internal_count=184776 117455 46340 9119 67321 62074 39767 1715 1508 821 5247 71115 345 37221 3335 22307 2674 7600 687 21469 33886 2573 503 363 17784 12211 399 11812 30075 18811
cat_boundaries=0 1 2 3 4 5 6 7
cat_threshold=65 1 1 164 45 104 9
is_linear=0
shrinkage=0.05


Tree=199
num_leaves=31
num_cat=7
split_feature=1 14 9 15 2 2 3 5 10 1 14 9 17 15 2 3 0 3 1 9 2 9 9 1 3 9 14 10 14 3
split_gain=460.962 302.529 94.9443 87.8287 78.6394 96.2252 73.4901 77.8737 74.9681 79.4072 55.4194 53.5631 52.4611 44.0817 46.9943 33.9303 33.7105 31.071 27.4743 25.8864 25.3091 22.6858 19.5572 39.4394 14.4108 18.3084 22.3816 13.6748 12.005 12.9308
threshold=1.0000000180025095e-35 0.8000000000000026 0 1.0000000180025095e-35 0.93499999999999972 1.5249999999999997 2.9150000000000005 0.64778601398657376 6.5000000000000009 2.5000000000000004 0.8000000000000026 1 0.44999999999999934 0.75000000000000011 1.5749999999999995 24.660000000000004 2 8.7000000000000028 11.500000000000002 3 0.99500000000000111 4 5 2.5000000000000004 11.455000000000002 6 0.40000000000001995 14.500000000000002 1.9000000000000006 3.6500000000000008
decision_type=2 2 9 2 2 2 2 2 2 2 2 9 2 2 2 2 1 2 2 9 2 9 9 2 2 9 2 2 2 2
left_child=1 11 13 -4 10 15 7 8 9 12 21 -1 -7 20 -15 19 -12 -13 22 -6 -3 -2 -10 -24 25 27 -27 -21 29 -22
right_child=4 2 3 -5 5 6 -8 -9 18 -11 16 17 -14 14 -16 -17 -18 -19 -20 24 28 -23 23 -25 -26 26 -28 -29 -30 -31
leaf_value=0 0 0 0 1.2711008958604665e-05 -2.3534918770233893e-07 7.6751165590646092e-05 -3.3669484934002634e-07 2.0321487083529245e-07 1.8543145727479433e-06 -1.5033200881482374e-09 0 0 -9.4599115588178684e-07 0 0 8.3613984092030929e-08 0 0 5.3399183620771616e-08 0 0 -2.7395585519101077e-05 8.2669166484058836e-06 -1.9687614831961263e-08 0 -2.4891226206016669e-06 0.00035887834168202851 3.259027409072608e-08 0 0
leaf_weight=63515 2407 3811 7466 1653 3685 242 38052 207 140 476 2335 4605 103 840 2495 838 339 2995 184 11581 255 166 157 206 5573 258 141 231 11264 18556
leaf_count=63515 2407 3811 7466 1653 3685 242 38052 207 140 476 2335 4605 103 840 2495 838 339 2995 184 11581 255 166 157 206 5573 258 141 231 11264 18556
internal_value=0.00180435 0.00369503 0.00683858 0.0114142 -0.00149433 -0.00199117 -0.00051676 -0.0106414 -0.0145889 -0.0247868 0.00438346 0.00164663 -0.00652174 0.00571298 0.0111994 -0.00461963 0.00942408 0.00561104 -0.00240175 -0.00500489 0.0051747 -0.000855033 -0.0084493 -0.0143432 -0.00579409 -0.0048358 -0.0152812 -0.00446625 0.00468828 0.00391526
internal_weight=184776 117455 46340 9119 67321 62074 39767 1715 1508 821 5247 71115 345 37221 3335 22307 2674 7600 687 21469 33886 2573 503 363 17784 12211 399 11812 30075 18811
internal_count=184776 117455 46340 9119 67321 62074 39767 1715 1508 821 5247 71115 345 37221 3335 22307 2674 7600 687 21469 33886 2573 503 363 17784 12211 399 11812 30075 18811
cat_boundaries=0 1 2 3 4 5 6 7
cat_threshold=65 1 1 164 45 104 9
is_linear=0
shrinkage=0.05


Tree=200
num_leaves=31
num_cat=7
split_feature=1 14 9 15 2 2 3 5 10 1 14 9 17 15 2 3 0 3 1 9 2 9 9 1 3 9 14 10 14 3
split_gain=460.698 302.529 94.9443 87.8287 78.5996 96.3432 73.5266 77.8737 74.9681 79.4072 55.4194 53.5631 52.4611 44.0817 46.9943 33.9303 33.7105 31.071 27.4743 25.8864 25.3091 22.6858 19.5572 39.4394 14.4108 18.3084 22.3816 13.6748 12.005 12.9308
threshold=1.0000000180025095e-35 0.8000000000000026 0 1.0000000180025095e-35 0.93499999999999972 1.5249999999999997 2.9150000000000005 0.64778601398657376 6.5000000000000009 2.5000000000000004 0.8000000000000026 1 0.44999999999999934 0.75000000000000011 1.5749999999999995 24.660000000000004 2 8.7000000000000028 11.500000000000002 3 0.99500000000000111 4 5 2.5000000000000004 11.455000000000002 6 0.40000000000001995 14.500000000000002 1.9000000000000006 3.6500000000000008
decision_type=2 2 9 2 2 2 2 2 2 2 2 9 2 2 2 2 1 2 2 9 2 9 9 2 2 9 2 2 2 2
left_child=1 11 13 -4 10 15 7 8 9 12 21 -1 -7 20 -15 19 -12 -13 22 -6 -3 -2 -10 -24 25 27 -27 -21 29 -22
right_child=4 2 3 -5 5 6 -8 -9 18 -11 16 17 -14 14 -16 -17 -18 -19 -20 24 28 -23 23 -25 -26 26 -28 -29 -30 -31
leaf_value=0 0 0 0 1.2075458510674153e-05 -2.2358172831722195e-07 7.2913607311113791e-05 -3.1986010687302502e-07 1.9305412729352785e-07 1.7615988441105461e-06 -1.4281540837408255e-09 0 0 -8.986915980890853e-07 0 0 7.9433284887429383e-08 0 0 5.0729224439733028e-08 0 0 -2.6025806243146026e-05 7.8535708159855899e-06 -1.8703234090363199e-08 0 -2.3646664895715836e-06 0.00034093442459792733 3.0960760386189774e-08 0 0
leaf_weight=63515 2407 3811 7466 1653 3685 242 38052 207 140 476 2335 4605 103 840 2495 838 339 2995 184 11581 255 166 157 206 5573 258 141 231 11264 18556
leaf_count=63515 2407 3811 7466 1653 3685 242 38052 207 140 476 2335 4605 103 840 2495 838 339 2995 184 11581 255 166 157 206 5573 258 141 231 11264 18556
internal_value=0.00180489 0.00369503 0.00683858 0.0114142 -0.00149285 -0.00198956 -0.000514245 -0.0106414 -0.0145889 -0.0247868 0.00438346 0.00164663 -0.00652174 0.00571298 0.0111994 -0.00461963 0.00942408 0.00561104 -0.00240175 -0.00500489 0.0051747 -0.000855033 -0.0084493 -0.0143432 -0.00579409 -0.0048358 -0.0152812 -0.00446625 0.00468828 0.00391526
internal_weight=184776 117455 46340 9119 67321 62074 39767 1715 1508 821 5247 71115 345 37221 3335 22307 2674 7600 687 21469 33886 2573 503 363 17784 12211 399 11812 30075 18811
internal_count=184776 117455 46340 9119 67321 62074 39767 1715 1508 821 5247 71115 345 37221 3335 22307 2674 7600 687 21469 33886 2573 503 363 17784 12211 399 11812 30075 18811
cat_boundaries=0 1 2 3 4 5 6 7
cat_threshold=65 1 1 164 45 104 9
is_linear=0
shrinkage=0.05


Tree=201
num_leaves=31
num_cat=7
split_feature=1 14 9 15 2 2 3 5 10 1 14 9 17 15 2 3 0 3 1 9 2 9 9 1 3 9 14 10 14 3
split_gain=460.698 302.529 94.9443 87.8287 78.5996 96.3432 73.5266 77.8737 74.9681 79.4072 55.4194 53.5631 52.4611 44.0817 46.9943 33.9303 33.7105 31.071 27.4743 25.8864 25.3091 22.6858 19.5572 39.4394 14.4108 18.3084 22.3816 13.6748 12.005 12.9308
threshold=1.0000000180025095e-35 0.8000000000000026 0 1.0000000180025095e-35 0.93499999999999972 1.5249999999999997 2.9150000000000005 0.64778601398657376 6.5000000000000009 2.5000000000000004 0.8000000000000026 1 0.44999999999999934 0.75000000000000011 1.5749999999999995 24.660000000000004 2 8.7000000000000028 11.500000000000002 3 0.99500000000000111 4 5 2.5000000000000004 11.455000000000002 6 0.40000000000001995 14.500000000000002 1.9000000000000006 3.6500000000000008
decision_type=2 2 9 2 2 2 2 2 2 2 2 9 2 2 2 2 1 2 2 9 2 9 9 2 2 9 2 2 2 2
left_child=1 11 13 -4 10 15 7 8 9 12 21 -1 -7 20 -15 19 -12 -13 22 -6 -3 -2 -10 -24 25 27 -27 -21 29 -22
right_child=4 2 3 -5 5 6 -8 -9 18 -11 16 17 -14 14 -16 -17 -18 -19 -20 24 28 -23 23 -25 -26 26 -28 -29 -30 -31
leaf_value=0 0 0 0 1.1471685585140446e-05 -2.1240264190136087e-07 6.9267926945558098e-05 -3.0386710152937378e-07 1.8340142092885144e-07 1.6735189019050191e-06 -1.3567463795537843e-09 0 0 -8.5375701818213307e-07 0 0 7.5461620643057913e-08 0 0 4.8192763217746377e-08 0 0 -2.4724515930988723e-05 7.46089227518631e-06 -1.7768072385845038e-08 0 -2.2464331650930043e-06 0.000323887703368031 2.9412722366880281e-08 0 0
leaf_weight=63515 2407 3811 7466 1653 3685 242 38052 207 140 476 2335 4605 103 840 2495 838 339 2995 184 11581 255 166 157 206 5573 258 141 231 11264 18556
leaf_count=63515 2407 3811 7466 1653 3685 242 38052 207 140 476 2335 4605 103 840 2495 838 339 2995 184 11581 255 166 157 206 5573 258 141 231 11264 18556
internal_value=0.00180489 0.00369503 0.00683858 0.0114142 -0.00149285 -0.00198956 -0.000514245 -0.0106414 -0.0145889 -0.0247868 0.00438346 0.00164663 -0.00652174 0.00571298 0.0111994 -0.00461963 0.00942408 0.00561104 -0.00240175 -0.00500489 0.0051747 -0.000855033 -0.0084493 -0.0143432 -0.00579409 -0.0048358 -0.0152812 -0.00446625 0.00468828 0.00391526
internal_weight=184776 117455 46340 9119 67321 62074 39767 1715 1508 821 5247 71115 345 37221 3335 22307 2674 7600 687 21469 33886 2573 503 363 17784 12211 399 11812 30075 18811
internal_count=184776 117455 46340 9119 67321 62074 39767 1715 1508 821 5247 71115 345 37221 3335 22307 2674 7600 687 21469 33886 2573 503 363 17784 12211 399 11812 30075 18811
cat_boundaries=0 1 2 3 4 5 6 7
cat_threshold=65 1 1 164 45 104 9
is_linear=0
shrinkage=0.05


Tree=202
num_leaves=31
num_cat=7
split_feature=1 14 9 15 2 2 3 5 10 1 14 9 17 15 2 3 0 3 1 9 2 9 9 1 3 9 14 10 14 3
split_gain=460.698 302.529 94.9443 87.8287 78.5996 96.3432 73.5266 77.8737 74.9681 79.4072 55.4194 53.5631 52.4611 44.0817 46.9943 33.9303 33.7105 31.071 27.4743 25.8864 25.3091 22.6858 19.5572 39.4394 14.4108 18.3084 22.3816 13.6748 12.005 12.9308
threshold=1.0000000180025095e-35 0.8000000000000026 0 1.0000000180025095e-35 0.93499999999999972 1.5249999999999997 2.9150000000000005 0.64778601398657376 6.5000000000000009 2.5000000000000004 0.8000000000000026 1 0.44999999999999934 0.75000000000000011 1.5749999999999995 24.660000000000004 2 8.7000000000000028 11.500000000000002 3 0.99500000000000111 4 5 2.5000000000000004 11.455000000000002 6 0.40000000000001995 14.500000000000002 1.9000000000000006 3.6500000000000008
decision_type=2 2 9 2 2 2 2 2 2 2 2 9 2 2 2 2 1 2 2 9 2 9 9 2 2 9 2 2 2 2
left_child=1 11 13 -4 10 15 7 8 9 12 21 -1 -7 20 -15 19 -12 -13 22 -6 -3 -2 -10 -24 25 27 -27 -21 29 -22
right_child=4 2 3 -5 5 6 -8 -9 18 -11 16 17 -14 14 -16 -17 -18 -19 -20 24 28 -23 23 -25 -26 26 -28 -29 -30 -31
leaf_value=0 0 0 0 1.089810130588398e-05 -2.017825098062928e-07 6.5804530598280193e-05 -2.8867374645290506e-07 1.7423134988240887e-07 1.5898429568097679e-06 -1.2889090605760951e-09 0 0 -8.1106916727247125e-07 0 0 7.1688539610905013e-08 0 0 4.5783125056859056e-08 0 0 -2.3488290134439287e-05 7.0878476614269937e-06 -1.6879668766552786e-08 0 -2.1341115068383543e-06 0.00030769331819963108 2.7942086248536266e-08 0 0
leaf_weight=63515 2407 3811 7466 1653 3685 242 38052 207 140 476 2335 4605 103 840 2495 838 339 2995 184 11581 255 166 157 206 5573 258 141 231 11264 18556
leaf_count=63515 2407 3811 7466 1653 3685 242 38052 207 140 476 2335 4605 103 840 2495 838 339 2995 184 11581 255 166 157 206 5573 258 141 231 11264 18556
internal_value=0.00180489 0.00369503 0.00683858 0.0114142 -0.00149285 -0.00198956 -0.000514245 -0.0106414 -0.0145889 -0.0247868 0.00438346 0.00164663 -0.00652174 0.00571298 0.0111994 -0.00461963 0.00942408 0.00561104 -0.00240175 -0.00500489 0.0051747 -0.000855033 -0.0084493 -0.0143432 -0.00579409 -0.0048358 -0.0152812 -0.00446625 0.00468828 0.00391526
internal_weight=184776 117455 46340 9119 67321 62074 39767 1715 1508 821 5247 71115 345 37221 3335 22307 2674 7600 687 21469 33886 2573 503 363 17784 12211 399 11812 30075 18811
internal_count=184776 117455 46340 9119 67321 62074 39767 1715 1508 821 5247 71115 345 37221 3335 22307 2674 7600 687 21469 33886 2573 503 363 17784 12211 399 11812 30075 18811
cat_boundaries=0 1 2 3 4 5 6 7
cat_threshold=65 1 1 164 45 104 9
is_linear=0
shrinkage=0.05


Tree=203
num_leaves=31
num_cat=7
split_feature=1 14 9 15 2 2 3 5 10 1 14 9 17 15 2 3 0 3 1 9 2 9 9 1 3 9 14 10 14 3
split_gain=460.698 302.529 94.9443 87.8287 78.5996 96.3432 73.5266 77.8737 74.9681 79.4072 55.4194 53.5631 52.4611 44.0817 46.9943 33.9303 33.7105 31.071 27.4743 25.8864 25.3091 22.6858 19.5572 39.4394 14.4108 18.3084 22.3816 13.6748 12.005 12.9308
threshold=1.0000000180025095e-35 0.8000000000000026 0 1.0000000180025095e-35 0.93499999999999972 1.5249999999999997 2.9150000000000005 0.64778601398657376 6.5000000000000009 2.5000000000000004 0.8000000000000026 1 0.44999999999999934 0.75000000000000011 1.5749999999999995 24.660000000000004 2 8.7000000000000028 11.500000000000002 3 0.99500000000000111 4 5 2.5000000000000004 11.455000000000002 6 0.40000000000001995 14.500000000000002 1.9000000000000006 3.6500000000000008
decision_type=2 2 9 2 2 2 2 2 2 2 2 9 2 2 2 2 1 2 2 9 2 9 9 2 2 9 2 2 2 2
left_child=1 11 13 -4 10 15 7 8 9 12 21 -1 -7 20 -15 19 -12 -13 22 -6 -3 -2 -10 -24 25 27 -27 -21 29 -22
right_child=4 2 3 -5 5 6 -8 -9 18 -11 16 17 -14 14 -16 -17 -18 -19 -20 24 28 -23 23 -25 -26 26 -28 -29 -30 -31
leaf_value=0 0 0 0 1.0353196240592279e-05 -1.9169338431597816e-07 6.251430406836618e-05 -2.7424005913025985e-07 1.6551978238828842e-07 1.5103508089692795e-06 -1.2244636075472905e-09 0 0 -7.7051570890884771e-07 0 0 6.8104112630359757e-08 0 0 4.349396880401611e-08 0 0 -2.2313875627717321e-05 6.7334552783556443e-06 -1.6035685328225149e-08 0 -2.0274059314964366e-06 0.00029230865228965233 2.6544981936109451e-08 0 0
leaf_weight=63515 2407 3811 7466 1653 3685 242 38052 207 140 476 2335 4605 103 840 2495 838 339 2995 184 11581 255 166 157 206 5573 258 141 231 11264 18556
leaf_count=63515 2407 3811 7466 1653 3685 242 38052 207 140 476 2335 4605 103 840 2495 838 339 2995 184 11581 255 166 157 206 5573 258 141 231 11264 18556
internal_value=0.00180489 0.00369503 0.00683858 0.0114142 -0.00149285 -0.00198956 -0.000514245 -0.0106414 -0.0145889 -0.0247868 0.00438346 0.00164663 -0.00652174 0.00571298 0.0111994 -0.00461963 0.00942408 0.00561104 -0.00240175 -0.00500489 0.0051747 -0.000855033 -0.0084493 -0.0143432 -0.00579409 -0.0048358 -0.0152812 -0.00446625 0.00468828 0.00391526
internal_weight=184776 117455 46340 9119 67321 62074 39767 1715 1508 821 5247 71115 345 37221 3335 22307 2674 7600 687 21469 33886 2573 503 363 17784 12211 399 11812 30075 18811
internal_count=184776 117455 46340 9119 67321 62074 39767 1715 1508 821 5247 71115 345 37221 3335 22307 2674 7600 687 21469 33886 2573 503 363 17784 12211 399 11812 30075 18811
cat_boundaries=0 1 2 3 4 5 6 7
cat_threshold=65 1 1 164 45 104 9
is_linear=0
shrinkage=0.05


Tree=204
num_leaves=31
num_cat=7
split_feature=1 14 9 15 2 2 14 9 3 10 5 1 17 15 2 3 0 3 9 2 9 9 1 3 9 14 10 14 3 2
split_gain=449.684 302.529 94.9443 87.8287 76.9395 101.364 55.4194 53.5631 46.751 67.7827 113.451 83.1005 53.9876 44.0817 46.9943 33.9303 33.7105 31.071 25.8864 25.3091 22.6858 14.4415 18.5629 14.4108 18.3084 22.3816 13.6748 12.005 12.9308 11.5793
threshold=1.0000000180025095e-35 0.8000000000000026 0 1.0000000180025095e-35 0.93499999999999972 1.5249999999999997 0.8000000000000026 1 2.9150000000000005 6.5000000000000009 0.71782087188165289 2.5000000000000004 0.44999999999999934 0.75000000000000011 1.5749999999999995 24.660000000000004 2 8.7000000000000028 3 0.99500000000000111 4 5 3.5000000000000004 11.455000000000002 6 0.40000000000001995 14.500000000000002 1.9000000000000006 3.6500000000000008 2.4150000000000005
decision_type=2 2 9 2 2 2 2 9 2 2 2 2 2 2 2 2 1 2 9 2 9 9 2 2 9 2 2 2 2 2
left_child=1 7 13 -4 6 15 20 -1 9 10 11 12 -7 19 -15 18 -8 -9 -6 -3 -2 29 -23 24 26 -26 -20 28 -21 -11
right_child=4 2 3 -5 5 8 16 17 -10 21 -12 -13 -14 14 -16 -17 -18 -19 23 27 -22 22 -24 -25 25 -27 -28 -29 -30 -31
leaf_value=0 0 0 0 9.8355364285651621e-06 -1.8210871510017928e-07 5.9388588864947873e-05 0 0 -2.6052805617374685e-07 -1.5233901061813891e-08 1.57243793268874e-07 -1.1632404271699259e-09 -7.319899234636829e-07 0 0 6.4698906998841771e-08 0 0 0 0 -2.1198181846331459e-05 -1.969196232560844e-05 2.3114761053820305e-05 0 -1.9260356349216148e-06 0.00027769321967516806 2.5217732839303979e-08 0 0 0.0019362566651943331
leaf_weight=63515 2407 3811 7466 1653 3685 245 2335 4605 38052 375 181 480 103 840 2495 838 339 2995 11581 255 166 97 149 5573 258 141 231 11264 18556 85
leaf_count=63515 2407 3811 7466 1653 3685 245 2335 4605 38052 375 181 480 103 840 2495 838 339 2995 11581 255 166 97 149 5573 258 141 231 11264 18556 85
internal_value=0.00182762 0.00369503 0.00683858 0.0114142 -0.00143046 -0.0019219 0.00438346 0.00164663 -0.00040863 -0.00848397 -0.0167988 -0.0246377 -0.00603448 0.00571298 0.0111994 -0.00461963 0.00942408 0.00561104 -0.00500489 0.0051747 -0.000855033 0.00339943 0.0128906 -0.00579409 -0.0048358 -0.0152812 -0.00446625 0.00468828 0.00391526 -0.00191489
internal_weight=184776 117455 46340 9119 67321 62074 5247 71115 39767 1715 1009 828 348 37221 3335 22307 2674 7600 21469 33886 2573 706 246 17784 12211 399 11812 30075 18811 460
internal_count=184776 117455 46340 9119 67321 62074 5247 71115 39767 1715 1009 828 348 37221 3335 22307 2674 7600 21469 33886 2573 706 246 17784 12211 399 11812 30075 18811 460
cat_boundaries=0 1 2 3 4 5 6 7
cat_threshold=65 1 1 164 45 41 9
is_linear=0
shrinkage=0.05


Tree=205
num_leaves=31
num_cat=7
split_feature=1 14 9 15 2 2 3 5 10 1 14 9 17 15 2 9 0 3 2 9 3 1 9 1 3 9 14 10 3 14
split_gain=450.988 302.529 94.9443 87.8287 77.1362 92.5377 68.1404 75.6788 81.9482 79.4072 55.4194 53.5631 52.4611 44.0817 46.9943 39.3627 33.7105 31.071 25.3091 22.6858 21.9793 19.3741 15.1193 28.7689 14.4571 18.3084 22.3816 13.6748 12.487 12.005
threshold=1.0000000180025095e-35 0.8000000000000026 0 1.0000000180025095e-35 0.93499999999999972 1.5249999999999997 2.9150000000000005 0.64778601398657376 6.5000000000000009 2.5000000000000004 0.8000000000000026 1 0.44999999999999934 0.75000000000000011 1.5749999999999995 2 3 8.7000000000000028 0.99500000000000111 4 24.010000000000002 11.500000000000002 5 2.5000000000000004 11.455000000000002 6 0.40000000000001995 14.500000000000002 28.690000000000001 1.9000000000000006
decision_type=2 2 9 2 2 2 2 2 2 2 2 9 2 2 2 9 1 2 2 9 2 2 9 2 2 9 2 2 2 2
left_child=1 11 13 -4 10 15 7 8 9 12 19 -1 -7 18 -15 28 -12 -13 -3 -2 24 22 -10 -24 25 27 -27 -17 -6 -20
right_child=4 2 3 -5 5 6 -8 -9 21 -11 16 17 -14 14 -16 20 -18 -19 29 -21 -22 -23 23 -25 -26 26 -28 -29 -30 -31
leaf_value=0 0 0 0 9.3437596071388473e-06 -1.730032793451703e-07 5.6419159421700474e-05 -2.4750165336505947e-07 1.4938160360543032e-07 1.4355949635739062e-06 -1.1050784058114298e-09 0 0 -6.9539042729105391e-07 0 0 0 0 0 0 -2.0138272754014886e-05 6.146396164889969e-08 4.2080965416905994e-08 7.3813806307182827e-06 -1.4472206008723195e-08 0 -1.8297338531755337e-06 0.00026380855869140854 2.3956846197338776e-08 0.012396213472692387 0
leaf_weight=63515 2407 3811 7466 1653 3791 242 38052 207 140 476 2335 4605 103 840 2495 11581 339 2995 18811 166 611 184 157 206 5569 258 141 231 125 11264
leaf_count=63515 2407 3811 7466 1653 3791 242 38052 207 140 476 2335 4605 103 840 2495 11581 339 2995 18811 166 611 184 157 206 5569 258 141 231 125 11264
internal_value=0.00182491 0.00369503 0.00683858 0.0114142 -0.00143789 -0.00192995 -0.00048407 -0.0102332 -0.0141247 -0.0247868 0.00438346 0.00164663 -0.00652174 0.00571298 0.0111994 -0.00450755 0.00942408 0.00561104 0.0051747 -0.000855033 -0.00547525 -0.00138282 -0.00646123 -0.0116622 -0.00579865 -0.0048358 -0.0152812 -0.00446625 5.09424e-05 0.00468828
internal_weight=184776 117455 46340 9119 67321 62074 39767 1715 1508 821 5247 71115 345 37221 3335 22307 2674 7600 33886 2573 18391 687 503 363 17780 12211 399 11812 3916 30075
internal_count=184776 117455 46340 9119 67321 62074 39767 1715 1508 821 5247 71115 345 37221 3335 22307 2674 7600 33886 2573 18391 687 503 363 17780 12211 399 11812 3916 30075
cat_boundaries=0 1 2 3 4 5 6 7
cat_threshold=65 1 164 1 45 104 9
is_linear=0
shrinkage=0.05


Tree=206
num_leaves=31
num_cat=7
split_feature=1 14 9 15 2 2 3 5 10 1 14 9 17 15 2 9 0 3 2 9 3 1 9 1 3 9 14 10 3 14
split_gain=450.988 302.529 94.9443 87.8287 77.1362 92.5377 68.1404 75.6788 81.9482 79.4072 55.4194 53.5631 52.4611 44.0817 46.9943 39.3627 33.7105 31.071 25.3091 22.6858 21.9793 19.3741 15.1193 28.7689 14.4571 18.3084 22.3816 13.6748 12.487 12.005
threshold=1.0000000180025095e-35 0.8000000000000026 0 1.0000000180025095e-35 0.93499999999999972 1.5249999999999997 2.9150000000000005 0.64778601398657376 6.5000000000000009 2.5000000000000004 0.8000000000000026 1 0.44999999999999934 0.75000000000000011 1.5749999999999995 2 3 8.7000000000000028 0.99500000000000111 4 24.010000000000002 11.500000000000002 5 2.5000000000000004 11.455000000000002 6 0.40000000000001995 14.500000000000002 28.690000000000001 1.9000000000000006
decision_type=2 2 9 2 2 2 2 2 2 2 2 9 2 2 2 9 1 2 2 9 2 2 9 2 2 9 2 2 2 2
left_child=1 11 13 -4 10 15 7 8 9 12 19 -1 -7 18 -15 28 -12 -13 -3 -2 24 22 -10 -24 25 27 -27 -17 -6 -20
right_child=4 2 3 -5 5 6 -8 -9 21 -11 16 17 -14 14 -16 20 -18 -19 29 -21 -22 -23 23 -25 -26 26 -28 -29 -30 -31
leaf_value=0 0 0 0 8.8765716267813498e-06 -1.6435311537791181e-07 5.359820145061545e-05 -2.3512657069680653e-07 1.4191252342515879e-07 1.363815215395211e-06 -1.0498244855208581e-09 0 0 -6.6062090592899916e-07 0 0 0 0 0 0 -1.913135911631414e-05 5.8390763566454703e-08 3.9976917146060698e-08 7.0123115991823687e-06 -1.3748595708287038e-08 0 -1.7382471605167571e-06 0.00025061813075683562 2.2759003887471839e-08 0.011776402799057768 0
leaf_weight=63515 2407 3811 7466 1653 3791 242 38052 207 140 476 2335 4605 103 840 2495 11581 339 2995 18811 166 611 184 157 206 5569 258 141 231 125 11264
leaf_count=63515 2407 3811 7466 1653 3791 242 38052 207 140 476 2335 4605 103 840 2495 11581 339 2995 18811 166 611 184 157 206 5569 258 141 231 125 11264
internal_value=0.00182491 0.00369503 0.00683858 0.0114142 -0.00143789 -0.00192995 -0.00048407 -0.0102332 -0.0141247 -0.0247868 0.00438346 0.00164663 -0.00652174 0.00571298 0.0111994 -0.00450755 0.00942408 0.00561104 0.0051747 -0.000855033 -0.00547525 -0.00138282 -0.00646123 -0.0116622 -0.00579865 -0.0048358 -0.0152812 -0.00446625 5.09424e-05 0.00468828
internal_weight=184776 117455 46340 9119 67321 62074 39767 1715 1508 821 5247 71115 345 37221 3335 22307 2674 7600 33886 2573 18391 687 503 363 17780 12211 399 11812 3916 30075
internal_count=184776 117455 46340 9119 67321 62074 39767 1715 1508 821 5247 71115 345 37221 3335 22307 2674 7600 33886 2573 18391 687 503 363 17780 12211 399 11812 3916 30075
cat_boundaries=0 1 2 3 4 5 6 7
cat_threshold=65 1 164 1 45 104 9
is_linear=0
shrinkage=0.05


end of trees

feature_importances:
time_reserve_min=1406
active_disruption_group=1129
prev_delay_departure_min=760
edge_delta_delay_P90=735
min_technical_time_min=722
edge_delta_delay_MAD=438
hour_cos=288
train_kind=251
num_platform_tracks=131
edge_delta_delay_P50=128
station_delta_stop_min_P90=99
is_track_closure=42
hour_sin=27
is_node=27
is_speed_warning=16
is_passing_loop=11

parameters:
[boosting: gbdt]
[objective: regression_l1]
[metric: l1]
[tree_learner: serial]
[device_type: cpu]
[data_sample_strategy: bagging]
[data: ]
[valid: ]
[num_iterations: 300]
[learning_rate: 0.05]
[num_leaves: 31]
[num_threads: 4]
[seed: 42]
[deterministic: 0]
[force_col_wise: 0]
[force_row_wise: 0]
[histogram_pool_size: -1]
[max_depth: -1]
[min_data_in_leaf: 80]
[min_sum_hessian_in_leaf: 0.001]
[bagging_fraction: 1]
[pos_bagging_fraction: 1]
[neg_bagging_fraction: 1]
[bagging_freq: 0]
[bagging_seed: 400]
[bagging_by_query: 0]
[feature_fraction: 1]
[feature_fraction_bynode: 1]
[feature_fraction_seed: 30056]
[extra_trees: 0]
[extra_seed: 12879]
[early_stopping_round: 0]
[early_stopping_min_delta: 0]
[first_metric_only: 0]
[max_delta_step: 0]
[lambda_l1: 0]
[lambda_l2: 0]
[linear_lambda: 0]
[min_gain_to_split: 0]
[drop_rate: 0.1]
[max_drop: 50]
[skip_drop: 0.5]
[xgboost_dart_mode: 0]
[uniform_drop: 0]
[drop_seed: 17869]
[top_rate: 0.2]
[other_rate: 0.1]
[min_data_per_group: 100]
[max_cat_threshold: 32]
[cat_l2: 10]
[cat_smooth: 10]
[max_cat_to_onehot: 4]
[top_k: 20]
[monotone_constraints: ]
[monotone_constraints_method: basic]
[monotone_penalty: 0]
[feature_contri: ]
[forcedsplits_filename: ]
[refit_decay_rate: 0.9]
[cegb_tradeoff: 1]
[cegb_penalty_split: 0]
[cegb_penalty_feature_lazy: ]
[cegb_penalty_feature_coupled: ]
[path_smooth: 0]
[interaction_constraints: ]
[verbosity: -1]
[saved_feature_importance_type: 0]
[use_quantized_grad: 0]
[num_grad_quant_bins: 4]
[quant_train_renew_leaf: 0]
[stochastic_rounding: 1]
[linear_tree: 0]
[max_bin: 255]
[max_bin_by_feature: ]
[min_data_in_bin: 3]
[bin_construct_sample_cnt: 200000]
[data_random_seed: 175]
[is_enable_sparse: 1]
[enable_bundle: 1]
[use_missing: 1]
[zero_as_missing: 0]
[feature_pre_filter: 1]
[pre_partition: 0]
[two_round: 0]
[header: 0]
[label_column: ]
[weight_column: ]
[group_column: ]
[ignore_column: ]
[categorical_feature: 0,9]
[forcedbins_filename: ]
[precise_float_parser: 0]
[parser_config_file: ]
[objective_seed: 16083]
[num_class: 1]
[is_unbalance: 0]
[scale_pos_weight: 1]
[sigmoid: 1]
[boost_from_average: 1]
[reg_sqrt: 0]
[alpha: 0.9]
[fair_c: 1]
[poisson_max_delta_step: 0.7]
[tweedie_variance_power: 1.5]
[lambdarank_truncation_level: 30]
[lambdarank_norm: 1]
[label_gain: ]
[lambdarank_position_bias_regularization: 0]
[eval_at: ]
[multi_error_top_k: 1]
[auc_mu_weights: ]
[num_machines: 1]
[local_listen_port: 12400]
[time_out: 120]
[machine_list_filename: ]
[machines: ]
[gpu_platform_id: -1]
[gpu_device_id: -1]
[gpu_device_id_list: ]
[gpu_use_dp: 0]
[num_gpu: 1]

end of parameters

pandas_categorical:[]
