tree
version=v4
num_class=1
num_tree_per_iteration=1
label_index=0
max_feature_idx=4
objective=regression
feature_names=distance_km speed_limit_kmh category_code destination_tracks direction
feature_infos=[65:330] [90:120] [0:2] [2:4] [-1:1]
tree_sizes=756 765 766 765 780 767 795 785 773 792 763 791 789 778 797 807 790 774 779 810 812 822 797 801 800 767 811 823 765 819 766 766 818 769 765 788 821 820 772 769 773 789 822 791 819 790 770 790 793 785 820 786 774 807 777 817 778 814 812 807 810 814 776 776 774 795 817 815 785 796 792 798 797 783 785 796 812 793 815 810 803 811 815 816 799 804 777 802 778 796 780 800 805 799 780 797 799 802 795 801 799 803 808 798 778 782 785 803 785 805 784 805 799 783 799 803 782 802 782 804 809 803 812 804 781 803 803 788 804 802 786 802 805 785 787 809 803 808 783 819 818 793 841 808 819 788 808 800 805 813 810 810 801 823 793 810 804 810 792 812 824 797 809 791 765 826 788 792 812 791 827 813 796 791 795 827 793 795 830 827 795 827 795 812 810 797 795 792 793 796 792 799 798 793 799 790 812 833 832 796 807 817 820 810 797 833 797 798 832 795 831 818 832 829 799 817 799 833 821 828

Tree=0
num_leaves=7
num_cat=0
split_feature=0 0 0 2 2 1
split_gain=362060 36753.8 10979.6 10266.8 9384.5 4033.33
threshold=164.50000000000003 277.50000000000006 80.000000000000014 1.5000000000000002 1.5000000000000002 105.00000000000001
decision_type=2 2 2 2 2 2
left_child=2 4 -1 5 -2 -3
right_child=1 3 -4 -5 -6 -7
leaf_value=173.02487566288431 181.55820897714415 186.17820899621765 175.59154232955098 188.58820899621765 184.29820899621765 183.97820899621763
leaf_weight=9.0000000000000018 18.000000000000004 5.9999999999999982 18 3.9999999999999991 5.9999999999999991 6
leaf_count=9 18 6 18 4 6 6
internal_value=180.104 183.728 174.736 185.956 182.243 185.078
internal_weight=67 40 27 16 24 12
internal_count=67 40 27 16 24 12
is_linear=0
shrinkage=1


Tree=1
num_leaves=7
num_cat=0
split_feature=0 0 0 2 2 1
split_gain=319916 32475.6 9701.6 9071.7 8292.14 3563.85
threshold=164.50000000000003 277.50000000000006 80.000000000000014 1.5000000000000002 1.5000000000000002 105.00000000000001
decision_type=2 2 2 2 2 2
left_child=2 4 -1 5 -2 -3
right_child=1 3 -4 -5 -6 -7
leaf_value=-6.6548261006673144 1.3665074729919431 5.7093075561523445 -4.2421593221028644 7.974707336425781 3.9421073913574216 3.6413073730468741
leaf_weight=9.0000000000000018 18.000000000000004 5.9999999999999982 18 3.9999999999999991 5.9999999999999991 6
leaf_count=9 18 6 18 4 6 6
internal_value=-7.34472e-08 3.40631 -5.04638 5.50016 2.01041 4.67531
internal_weight=67 40 27 16 24 12
internal_count=67 40 27 16 24 12
is_linear=0
shrinkage=0.06


Tree=2
num_leaves=7
num_cat=0
split_feature=0 0 0 2 2 1
split_gain=282678 28695.5 8572.33 8015.75 7326.94 3149.02
threshold=164.50000000000003 277.50000000000006 80.000000000000014 1.5000000000000002 1.5000000000000002 105.00000000000001
decision_type=2 2 2 2 2 2
left_child=2 4 -1 5 -2 -3
right_child=1 3 -4 -5 -6 -7
leaf_value=-6.2555362447102834 1.2845170052846269 5.3667488098144531 -3.9876295979817709 7.4962250518798825 3.7055810546874999 3.4228291320800772
leaf_weight=9.0000000000000018 18.000000000000004 5.9999999999999982 18 3.9999999999999991 5.9999999999999991 6
leaf_count=9 18 6 18 4 6 6
internal_value=1.96428e-08 3.20193 -4.7436 5.17015 1.88978 4.39479
internal_weight=67 40 27 16 24 12
internal_count=67 40 27 16 24 12
is_linear=0
shrinkage=0.06


Tree=3
num_leaves=7
num_cat=0
split_feature=0 0 0 2 2 1
split_gain=249774 25355.3 7574.51 7082.72 6474.08 2782.48
threshold=164.50000000000003 277.50000000000006 80.000000000000014 1.5000000000000002 1.5000000000000002 105.00000000000001
decision_type=2 2 2 2 2 2
left_child=2 4 -1 5 -2 -3
right_child=1 3 -4 -5 -6 -7
leaf_value=-5.8802039082845026 1.2074459950129188 5.0447441101074224 -3.7483718872070311 7.0464514160156249 3.4832461547851561 3.2174591827392569
leaf_weight=9.0000000000000018 18.000000000000004 5.9999999999999982 18 3.9999999999999991 5.9999999999999991 6
leaf_count=9 18 6 18 4 6 6
internal_value=1.66537e-08 3.00981 -4.45898 4.85994 1.7764 4.1311
internal_weight=67 40 27 16 24 12
internal_count=67 40 27 16 24 12
is_linear=0
shrinkage=0.06


Tree=4
num_leaves=7
num_cat=0
split_feature=0 0 0 2 2 0
split_gain=220700 22403.9 6692.84 6258.29 5720.5 2704
threshold=164.50000000000003 277.50000000000006 80.000000000000014 1.5000000000000002 1.5000000000000002 237.50000000000003
decision_type=2 2 2 2 2 2
left_child=2 4 -1 -3 5 -2
right_child=1 3 -4 -5 -6 -7
leaf_value=-5.5273917134602844 0.61499923706054649 3.8832355499267575 -3.5234694925944012 6.6236645507812497 3.2742514038085937 2.1749992370605464
leaf_weight=9.0000000000000018 12.000000000000005 11.999999999999998 18 3.9999999999999991 5.9999999999999991 5.9999999999999991
leaf_count=9 12 12 18 4 6 6
internal_value=4.78261e-08 2.82922 -4.19144 4.56834 1.66981 1.135
internal_weight=67 40 27 16 24 18
internal_count=67 40 27 16 24 18
is_linear=0
shrinkage=0.06


Tree=5
num_leaves=7
num_cat=0
split_feature=0 0 0 2 2 1
split_gain=195011 19796.1 5913.79 5529.83 5054.63 2458.59
threshold=164.50000000000003 277.50000000000006 80.000000000000014 1.5000000000000002 1.5000000000000002 105.00000000000001
decision_type=2 2 2 2 2 2
left_child=2 4 -1 5 -2 -3
right_child=1 3 -4 -5 -6 -7
leaf_value=-5.1957483418782529 1.0668992646535236 4.5090653991699226 -3.3120614115397138 6.2262446594238279 3.0777963256835936 2.7914176177978507
leaf_weight=9.0000000000000018 18.000000000000004 5.9999999999999982 18 3.9999999999999991 5.9999999999999991 6
leaf_count=9 18 6 18 4 6 6
internal_value=1.45186e-08 2.65947 -3.93996 4.29424 1.56962 3.65024
internal_weight=67 40 27 16 24 12
internal_count=67 40 27 16 24 12
is_linear=0
shrinkage=0.06


Tree=6
num_leaves=7
num_cat=0
split_feature=0 0 0 0 2 2
split_gain=172312 17763.2 6982.11 5225.43 3635.08 2570.63
threshold=164.50000000000003 237.50000000000003 320.00000000000006 80.000000000000014 1.0000000180025095e-35 1.0000000180025095e-35
decision_type=2 2 2 2 2 2
left_child=3 5 4 -1 -3 -2
right_child=1 2 -4 -5 -6 -7
leaf_value=-4.8840034993489558 -0.36591466426849362 1.2422089004516601 4.979558544158933 -3.1133376948038736 3.3307723236083984 1.3904330539703369
leaf_weight=9.0000000000000018 3.9999999999999991 3.9999999999999991 8.0000000000000018 18 11.999999999999998 11.999999999999998
leaf_count=9 4 4 8 18 12 12
internal_value=-2.56211e-09 2.4999 3.53227 -3.70356 2.80863 0.951346
internal_weight=67 40 24 27 16 16
internal_count=67 40 24 27 16 16
is_linear=0
shrinkage=0.06


Tree=7
num_leaves=7
num_cat=0
split_feature=0 0 2 0 0 2
split_gain=152255 15695.5 6673.95 4617.19 3582.48 2447.92
threshold=164.50000000000003 237.50000000000003 1.5000000000000002 80.000000000000014 320.00000000000006 1.5000000000000002
decision_type=2 2 2 2 2 2
left_child=3 5 4 -1 -3 -2
right_child=1 2 -4 -5 -6 -7
leaf_value=-4.5909633382161434 0.46578628420829771 2.144133920669554 5.0533340454101561 -2.9265374247233074 3.9397479248046872 2.1797025489807127
leaf_weight=9.0000000000000018 11.999999999999998 12.000000000000005 5.9999999999999991 18 5.9999999999999991 3.9999999999999991
leaf_count=9 12 12 6 18 6 4
internal_value=1.1743e-08 2.34991 3.32034 -3.48135 2.74267 0.894265
internal_weight=67 40 24 27 18 16
internal_count=67 40 24 27 18 16
is_linear=0
shrinkage=0.06


Tree=8
num_leaves=7
num_cat=0
split_feature=0 0 2 0 2 1
split_gain=134532 14134.1 4424.69 4079.75 3724.54 2879.82
threshold=164.50000000000003 277.50000000000006 1.0000000180025095e-35 80.000000000000014 1.5000000000000002 105.00000000000001
decision_type=2 2 2 2 2 2
left_child=3 4 -3 -1 -2 -4
right_child=1 2 5 -5 -6 -7
leaf_value=-4.3155054219563782 0.85648015062014249 1.8620574188232422 5.0958073425292971 -2.7509452311197919 2.5826409912109374 3.2368333435058587
leaf_weight=9.0000000000000018 18.000000000000004 3.9999999999999991 5.9999999999999982 18 5.9999999999999991 6
leaf_count=9 18 4 6 18 6 6
internal_value=-7.57958e-09 2.20891 3.59025 -3.27247 1.28802 4.16632
internal_weight=67 40 16 27 24 12
internal_count=67 40 16 27 24 12
is_linear=0
shrinkage=0.06


Tree=9
num_leaves=7
num_cat=0
split_feature=0 0 2 0 0 2
split_gain=118873 12771.1 5548.13 3604.86 2689.65 2086.04
threshold=164.50000000000003 237.50000000000003 1.5000000000000002 80.000000000000014 320.00000000000006 1.0000000180025095e-35
decision_type=2 2 2 2 2 2
left_child=3 5 4 -1 -3 -2
right_child=1 2 -4 -5 -6 -7
leaf_value=-4.0565750630696593 -0.42329578366130588 1.9064341831207263 4.5318282318115237 -2.5858884684244794 3.4622896575927733 1.1588695526123045
leaf_weight=9.0000000000000018 3.9999999999999991 12.000000000000005 5.9999999999999991 18 5.9999999999999991 11.999999999999998
leaf_count=9 4 12 6 18 6 12
internal_value=1.53927e-08 2.07638 2.95175 -3.07612 2.42505 0.763328
internal_weight=67 40 24 27 18 16
internal_count=67 40 24 27 18 16
is_linear=0
shrinkage=0.06


Tree=10
num_leaves=7
num_cat=0
split_feature=0 0 2 0 2 1
split_gain=105036 11284.6 3777.41 3185.26 3148.86 2366.59
threshold=164.50000000000003 277.50000000000006 1.0000000180025095e-35 80.000000000000014 1.0000000180025095e-35 105.00000000000001
decision_type=2 2 2 2 2 2
left_child=3 4 -3 -1 -2 -4
right_child=1 2 5 -5 -6 -7
leaf_value=-3.8131807454427067 -0.061422065496444668 1.5892723274230955 4.5609309387207038 -2.4307351938883466 1.5257411829630532 2.8757293701171873
leaf_weight=9.0000000000000018 6.0000000000000027 3.9999999999999991 5.9999999999999982 18 18 6
leaf_count=9 6 4 6 18 18 6
internal_value=-2.02834e-09 1.9518 3.18607 -2.89155 1.12895 3.71833
internal_weight=67 40 16 27 24 12
internal_count=67 40 16 27 24 12
is_linear=0
shrinkage=0.06


Tree=11
num_leaves=7
num_cat=0
split_feature=0 0 2 0 2 2
split_gain=92809.7 10399.9 4711.3 2814.5 2200.8 1781.35
threshold=164.50000000000003 237.50000000000003 1.5000000000000002 80.000000000000014 1.0000000180025095e-35 1.5000000000000002
decision_type=2 2 2 2 2 2
left_child=3 -2 4 -1 -3 -5
right_child=1 2 -4 5 -6 -7
leaf_value=-3.5843898518880195 0.64979150176048273 1.2010157585144032 4.0806705474853517 -2.6039386204310819 2.6083971023559567 -1.1682244205474852
leaf_weight=9.0000000000000018 15.999999999999998 6.0000000000000044 5.9999999999999991 14.000000000000002 12 3.9999999999999991
leaf_count=9 16 6 6 14 12 4
internal_value=8.54037e-10 1.83469 2.62462 -2.71806 2.13927 -2.28489
internal_weight=67 40 24 27 18 18
internal_count=67 40 24 27 18 18
is_linear=0
shrinkage=0.06


Tree=12
num_leaves=7
num_cat=0
split_feature=0 0 0 2 0 2
split_gain=82006.6 9358.58 3867.08 3028.91 2486.89 1574
threshold=164.50000000000003 320.00000000000006 225.00000000000003 1.0000000180025095e-35 80.000000000000014 1.5000000000000002
decision_type=2 2 2 2 2 2
left_child=4 2 -2 -4 -1 -6
right_child=1 -3 3 -5 5 -7
leaf_value=-3.3693264516194645 0.1233040165901184 3.5601155090332028 0.47905974835157367 2.0356988779703777 -2.4477023097446979 -1.0981309032440185
leaf_weight=9.0000000000000018 7.9999999999999991 7.9999999999999991 6.0000000000000027 18 14.000000000000002 3.9999999999999991
leaf_count=9 8 8 6 18 14 4
internal_value=7.23262e-09 1.72461 1.26573 1.64654 -2.55497 -2.1478
internal_weight=67 40 32 24 27 18
internal_count=67 40 32 24 27 18
is_linear=0
shrinkage=0.06


Tree=13
num_leaves=7
num_cat=0
split_feature=0 0 2 0 2 2
split_gain=72461.1 8376.79 4068.75 2197.41 1765.88 1700.65
threshold=164.50000000000003 237.50000000000003 1.5000000000000002 80.000000000000014 1.0000000180025095e-35 1.5000000000000002
decision_type=2 2 2 2 2 2
left_child=3 5 4 -1 -3 -2
right_child=1 2 -4 -5 -6 -7
leaf_value=-3.1671667989095043 0.20056905210018158 1.0385900688171379 3.6832000732421872 -2.0189297676086424 2.2992629623413086 1.6291276931762695
leaf_weight=9.0000000000000018 11.999999999999998 6.0000000000000044 5.9999999999999991 18 12 3.9999999999999991
leaf_count=9 12 6 6 18 12 4
internal_value=-1.80415e-08 1.62113 2.33008 -2.40168 1.87904 0.557709
internal_weight=67 40 24 27 18 16
internal_count=67 40 24 27 18 16
is_linear=0
shrinkage=0.06


Tree=14
num_leaves=7
num_cat=0
split_feature=0 0 0 2 0 2
split_gain=64026.6 7866.54 3086.96 2397.22 1941.63 1390.79
threshold=164.50000000000003 320.00000000000006 225.00000000000003 1.0000000180025095e-35 80.000000000000014 1.5000000000000002
decision_type=2 2 2 2 2 2
left_child=4 2 -2 -4 -1 -6
right_child=1 -3 3 -5 5 -7
leaf_value=-2.9771367390950507 0.082443244457244866 3.2067037868499755 0.40476117730140659 1.7895988337198891 -2.1797045026506692 -0.91110729217529296
leaf_weight=9.0000000000000018 7.9999999999999991 7.9999999999999991 6.0000000000000027 18 14.000000000000002 3.9999999999999991
leaf_count=9 8 8 6 18 14 4
internal_value=-8.00659e-09 1.52386 1.10315 1.44339 -2.25757 -1.89779
internal_weight=67 40 32 24 27 18
internal_count=67 40 32 24 27 18
is_linear=0
shrinkage=0.06


Tree=15
num_leaves=7
num_cat=0
split_feature=0 0 2 2 0 2
split_gain=56573.9 6962.25 2779.21 2264.55 1715.63 1228.9
threshold=164.50000000000003 277.50000000000006 1.5000000000000002 1.5000000000000002 80.000000000000014 1.5000000000000002
decision_type=2 2 2 2 2 2
left_child=4 3 -3 -2 -1 -6
right_child=1 2 -4 -5 5 -7
leaf_value=-2.7985086568196604 0.44961444775263454 1.9453646183013917 3.7715755462646481 1.7955856323242185 -2.0489221409388945 -0.85644082546234124
leaf_weight=9.0000000000000018 18.000000000000004 11.999999999999998 3.9999999999999991 5.9999999999999991 14.000000000000002 3.9999999999999991
leaf_count=9 18 12 4 6 14 4
internal_value=4.05667e-09 1.43243 2.40192 0.786107 -2.12212 -1.78393
internal_weight=67 40 16 24 27 18
internal_count=67 40 16 24 27 18
is_linear=0
shrinkage=0.06


Tree=16
num_leaves=7
num_cat=0
split_feature=0 0 2 0 0 2
split_gain=49988.7 6449.07 2668.51 1963.3 1590.41 911.201
threshold=164.50000000000003 320.00000000000006 1.0000000180025095e-35 225.00000000000003 102.00000000000001 1.5000000000000002
decision_type=2 2 2 2 2 2
left_child=4 2 -2 -4 -1 -5
right_child=1 -3 3 5 -6 -7
leaf_value=-2.3204110972086589 0.016548707485198974 2.8701866054534912 0.34195897340774517 1.293348884582519 -1.3435573768615718 2.1989323043823243
leaf_weight=18 7.9999999999999991 7.9999999999999991 6.0000000000000027 12.000000000000002 9.0000000000000018 5.9999999999999991
leaf_count=18 8 8 6 12 9 6
internal_value=9.60791e-09 1.34649 0.96556 1.2819 -1.99479 1.59521
internal_weight=67 40 32 24 27 18
internal_count=67 40 32 24 27 18
is_linear=0
shrinkage=0.06


Tree=17
num_leaves=7
num_cat=0
split_feature=0 0 2 0 2 2
split_gain=44170 5713.19 2904.1 1424.2 1292.56 1210.12
threshold=164.50000000000003 237.50000000000003 1.5000000000000002 80.000000000000014 1.0000000180025095e-35 1.5000000000000002
decision_type=2 2 2 2 2 2
left_child=3 5 4 -1 -3 -2
right_child=1 2 -4 -5 -6 -7
leaf_value=-2.4913734690348299 0.086208026409149166 0.75107760429382253 2.9943544006347653 -1.5669716993967691 1.8296445846557612 1.2912569046020508
leaf_weight=9.0000000000000018 11.999999999999998 6.0000000000000044 5.9999999999999991 18 12 3.9999999999999991
leaf_count=9 12 6 6 18 12 4
internal_value=-1.23835e-08 1.2657 1.85118 -1.87511 1.47012 0.38747
internal_weight=67 40 24 27 18 16
internal_count=67 40 24 27 18 16
is_linear=0
shrinkage=0.06


Tree=18
num_leaves=7
num_cat=0
split_feature=0 0 2 0 2 1
split_gain=39028.6 5422.3 2140.89 1536.95 1368.01 903.832
threshold=164.50000000000003 320.00000000000006 1.0000000180025095e-35 225.00000000000003 1.5000000000000002 95.000000000000014
decision_type=2 2 2 2 2 2
left_child=4 2 -2 -4 5 -1
right_child=1 -3 3 -5 -6 -7
leaf_value=-1.4342121832711345 -0.009562772512435912 2.5869045639038086 0.29216797590255716 1.4010243479410807 -0.9635972690582274 -2.2692221832275385
leaf_weight=7.0000000000000044 7.9999999999999991 7.9999999999999991 6.0000000000000027 18 5.9999999999999991 14
leaf_count=7 8 8 6 18 6 14
internal_value=1.47321e-08 1.18975 0.840467 1.12381 -1.7626 -1.99089
internal_weight=67 40 32 24 27 21
internal_count=67 40 32 24 27 21
is_linear=0
shrinkage=0.06


Tree=19
num_leaves=7
num_cat=0
split_feature=0 0 0 2 2 0
split_gain=34485.7 4791.15 1951.68 1340.81 1208.77 798.626
threshold=164.50000000000003 320.00000000000006 225.00000000000003 1.5000000000000002 1.5000000000000002 102.00000000000001
decision_type=2 2 2 2 2 2
left_child=4 2 -2 -4 5 -1
right_child=1 -3 3 -5 -6 -7
leaf_value=-2.1330688476562485 -0.021558512449264527 2.4316903209686278 0.80165011167526234 1.8373355865478516 -0.90578143119812016 -1.3481594794137137
leaf_weight=14.000000000000005 7.9999999999999991 7.9999999999999991 18.000000000000004 5.9999999999999991 5.9999999999999991 6.9999999999999991
leaf_count=14 8 8 18 6 6 7
internal_value=1.77213e-08 1.11837 0.790039 1.06057 -1.65684 -1.87143
internal_weight=67 40 32 24 27 21
internal_count=67 40 32 24 27 21
is_linear=0
shrinkage=0.06


Tree=20
num_leaves=7
num_cat=0
split_feature=0 0 2 2 0 2
split_gain=30471.6 4273.07 1976.52 1428.08 1151.32 962.269
threshold=164.50000000000003 277.50000000000006 1.5000000000000002 1.5000000000000002 80.000000000000014 1.0000000180025095e-35
decision_type=2 2 2 2 2 2
left_child=4 3 -3 -2 -1 -6
right_child=1 2 -4 -5 5 -7
leaf_value=-2.1115257263183582 0.27770728548367812 1.4257651519775389 2.9658373260498045 1.3465700912475584 -1.9007952690124501 -0.97018163442611682
leaf_weight=9.0000000000000018 18.000000000000004 11.999999999999998 3.9999999999999991 5.9999999999999991 6.0000000000000027 11.999999999999998
leaf_count=9 18 12 4 6 6 12
internal_value=7.47282e-10 1.05127 1.81078 0.544923 -1.55743 -1.28039
internal_weight=67 40 16 24 27 18
internal_count=67 40 16 24 27 18
is_linear=0
shrinkage=0.06


Tree=21
num_leaves=7
num_cat=0
split_feature=0 0 2 0 0 2
split_gain=26924.7 3926.68 1754.81 1143.14 1040.11 542.827
threshold=164.50000000000003 320.00000000000006 1.0000000180025095e-35 237.50000000000003 102.00000000000001 1.0000000180025095e-35
decision_type=2 2 2 2 2 2
left_child=4 2 -2 -4 5 -1
right_child=1 -3 3 -5 -6 -7
leaf_value=-2.1932865142822253 -0.078623188734054564 2.1771418619155884 0.53338887039571981 1.3615688514709472 -0.93733343283335324 -1.4943268394470213
leaf_weight=6.0000000000000027 7.9999999999999991 7.9999999999999991 12.000000000000002 11.999999999999998 9.0000000000000018 11.999999999999998
leaf_count=6 8 8 12 12 9 12
internal_value=-1.00082e-10 0.988191 0.690953 0.947479 -1.46399 -1.72731
internal_weight=67 40 32 24 27 18
internal_count=67 40 32 24 27 18
is_linear=0
shrinkage=0.06


Tree=22
num_leaves=7
num_cat=0
split_feature=0 0 2 2 2 2
split_gain=23790.6 3519.72 2017.27 1003.34 913.897 899.644
threshold=164.50000000000003 237.50000000000003 1.5000000000000002 1.5000000000000002 1.0000000180025095e-35 1.0000000180025095e-35
decision_type=2 2 2 2 2 2
left_child=3 4 5 -1 -2 -3
right_child=1 2 -4 -5 -6 -7
leaf_value=-1.571653420584542 -0.54583769559860229 0.4709748840332027 2.3412163162231443 -0.69187700927257534 0.50138551950454702 1.370796737670898
leaf_weight=21.000000000000004 3.9999999999999991 6.0000000000000044 5.9999999999999991 5.9999999999999991 11.999999999999998 12
leaf_count=21 4 6 6 6 12 12
internal_value=-5.71137e-09 0.9289 1.38845 -1.37615 0.23958 1.07086
internal_weight=67 40 24 27 16 18
internal_count=67 40 24 27 16 18
is_linear=0
shrinkage=0.06


Tree=23
num_leaves=7
num_cat=0
split_feature=0 0 2 2 2 0
split_gain=21116.5 2811.38 2176.84 1073.12 939.086 864.348
threshold=225.00000000000003 102.00000000000001 1.5000000000000002 1.0000000180025095e-35 1.0000000180025095e-35 320.00000000000006
decision_type=2 2 2 2 2 2
left_child=1 -1 4 -3 -2 -6
right_child=2 3 -4 -5 5 -7
leaf_value=-1.5411057535807291 0.29750582456588731 -1.2036865539550772 1.9711333465576171 -0.15746291130781173 0.83906381607055658 1.8575028991699218
leaf_weight=18 8.0000000000000018 5.0000000000000027 7.9999999999999991 11.999999999999998 11.999999999999998 3.9999999999999991
leaf_count=18 8 5 8 12 12 4
internal_value=-7.63295e-09 -1.01851 1.114 -0.465176 0.828284 1.09367
internal_weight=67 35 32 17 24 16
internal_count=67 35 32 17 24 16
is_linear=0
shrinkage=0.06


Tree=24
num_leaves=7
num_cat=0
split_feature=0 0 2 0 0 2
split_gain=18753.6 3055.1 1174.25 879.73 766.049 728.916
threshold=164.50000000000003 320.00000000000006 1.0000000180025095e-35 80.000000000000014 225.00000000000003 1.5000000000000002
decision_type=2 2 2 2 2 2
left_child=3 2 -2 -1 -4 -5
right_child=1 -3 4 5 -6 -7
leaf_value=-1.7061601511637361 -0.066992383003234859 1.8734518575668335 0.18525301456451407 -1.1837244824000763 0.96809365590413399 -0.26532394051551816
leaf_weight=9.0000000000000018 7.9999999999999991 7.9999999999999991 6.0000000000000027 14.000000000000002 18 3.9999999999999991
leaf_count=9 8 8 6 14 18 4
internal_value=-2.77562e-09 0.824722 0.56254 -1.22181 0.772383 -0.979635
internal_weight=67 40 32 27 24 18
internal_count=67 40 32 27 24 18
is_linear=0
shrinkage=0.06


Tree=25
num_leaves=7
num_cat=0
split_feature=0 0 2 2 2 0
split_gain=16580.9 2231.03 1868.26 903.527 729.703 688.302
threshold=225.00000000000003 102.00000000000001 1.5000000000000002 1.0000000180025095e-35 1.0000000180025095e-35 277.50000000000006
decision_type=2 2 2 2 2 2
left_child=1 -1 4 -3 -2 -4
right_child=2 3 5 -5 -6 -7
leaf_value=-1.3680655225118001 0.25456834673881518 -1.0872434692382804 1.2246602439880367 -0.12724499762058256 0.9563871717453003 2.3377385330200191
leaf_weight=18 8.0000000000000018 5.0000000000000027 4 11.999999999999998 15.999999999999998 4
leaf_count=18 8 5 4 12 16 4
internal_value=-1.38781e-09 -0.902524 0.987136 -0.409597 0.722448 1.7812
internal_weight=67 35 32 17 24 8
internal_count=67 35 32 17 24 8
is_linear=0
shrinkage=0.06


Tree=26
num_leaves=7
num_cat=0
split_feature=0 0 0 2 2 0
split_gain=14784.4 2566.43 928.26 774.69 674.784 471.936
threshold=164.50000000000003 320.00000000000006 237.50000000000003 1.5000000000000002 1.5000000000000002 80.000000000000014
decision_type=2 2 2 2 2 2
left_child=3 2 4 5 -2 -1
right_child=1 -3 -4 -5 -6 -7
leaf_value=-1.65887677328927 -0.056157382726669314 1.6934685873985289 0.81511684119701378 -0.48356724739074702 0.84369875907897951 -1.0554988615853445
leaf_weight=7.0000000000000062 11.999999999999998 7.9999999999999991 15.999999999999998 5.9999999999999991 3.9999999999999991 13.999999999999998
leaf_count=7 12 8 16 6 4 14
internal_value=-5.33773e-09 0.732263 0.491962 -1.08483 0.168807 -1.25662
internal_weight=67 40 32 27 16 21
internal_count=67 40 32 27 16 21
is_linear=0
shrinkage=0.06


Tree=27
num_leaves=7
num_cat=0
split_feature=0 0 2 2 0 0
split_gain=13063.5 2267.7 874.697 739.808 555.581 525.681
threshold=164.50000000000003 320.00000000000006 1.0000000180025095e-35 1.0000000180025095e-35 80.000000000000014 237.50000000000003
decision_type=2 2 2 2 2 2
left_child=3 2 -2 -1 -5 -4
right_child=1 -3 5 4 -6 -7
leaf_value=-1.4639088439941401 -0.080888535976409909 1.5918604087829589 0.36274859666824327 -1.2690773773193351 -0.56195414066314686 0.92436120986938475
leaf_weight=9.0000000000000018 7.9999999999999991 7.9999999999999991 12.000000000000002 6.0000000000000027 11.999999999999998 11.999999999999998
leaf_count=9 8 8 12 6 12 12
internal_value=-1.32376e-08 0.688327 0.462444 -1.01974 -0.797662 0.643555
internal_weight=67 40 32 27 18 24
internal_count=67 40 32 27 18 24
is_linear=0
shrinkage=0.06


Tree=28
num_leaves=7
num_cat=0
split_feature=0 0 2 2 1 2
split_gain=11656.6 1594.53 1566.42 697.791 597.585 574.817
threshold=225.00000000000003 102.00000000000001 1.5000000000000002 1.5000000000000002 105.00000000000001 1.0000000180025095e-35
decision_type=2 2 2 2 2 2
left_child=1 -1 5 -3 -4 -2
right_child=2 3 4 -5 -6 -7
leaf_value=-1.1502998320261637 0.17004315376281728 -0.55323751963101886 2.0733348655700681 0.35298860549926758 1.0361980247497555 0.79294079303741449
leaf_weight=18 8.0000000000000018 13.000000000000002 4 3.9999999999999991 4 15.999999999999998
leaf_count=18 8 13 4 4 4 16
internal_value=-1.23835e-08 -0.756729 0.827673 -0.340008 1.55477 0.585308
internal_weight=67 35 32 17 8 24
internal_count=67 35 32 17 8 24
is_linear=0
shrinkage=0.06


Tree=29
num_leaves=7
num_cat=0
split_feature=0 0 2 2 0 0
split_gain=10300.6 1902.98 692.191 641.143 639.951 451.877
threshold=164.50000000000003 320.00000000000006 1.5000000000000002 1.0000000180025095e-35 237.50000000000003 80.000000000000014
decision_type=2 2 2 2 2 2
left_child=3 2 4 -1 -2 -5
right_child=1 -3 -4 5 -6 -7
leaf_value=-1.3189975738525386 -0.066642234325408917 1.4389099252223967 0.88763388633728024 -1.1239146995544427 0.55301156520843509 -0.48619302511215212
leaf_weight=9.0000000000000018 12.000000000000002 7.9999999999999991 7.9999999999999991 6.0000000000000027 11.999999999999998 11.999999999999998
leaf_count=9 12 8 8 6 12 12
internal_value=-2.98913e-09 0.61122 0.404297 -0.90551 0.243185 -0.698767
internal_weight=67 40 32 27 24 18
internal_count=67 40 32 27 24 18
is_linear=0
shrinkage=0.06


Tree=30
num_leaves=7
num_cat=0
split_feature=0 2 0 2 0 2
split_gain=9186.14 1311.1 1267.73 585.59 519.912 507.908
threshold=225.00000000000003 1.5000000000000002 102.00000000000001 1.0000000180025095e-35 277.50000000000006 1.0000000180025095e-35
decision_type=2 2 2 2 2 2
left_child=2 5 -1 -4 -3 -2
right_child=1 4 3 -5 -6 -7
leaf_value=-1.0226997184753417 0.12266620516777033 0.91625879287719703 -0.84574348068237248 -0.072890297174453722 1.8836477279663082 0.70819001197814935
leaf_weight=18 8.0000000000000018 4 5.0000000000000027 11.999999999999998 4 15.999999999999998
leaf_count=18 8 4 5 12 4 16
internal_value=2.13509e-10 0.73475 -0.671771 -0.3002 1.39995 0.513015
internal_weight=67 32 35 17 8 24
internal_count=67 32 35 17 8 24
is_linear=0
shrinkage=0.06


Tree=31
num_leaves=7
num_cat=0
split_feature=0 2 0 2 1 2
split_gain=8116.88 1158.49 1120.16 534.168 510.263 448.788
threshold=225.00000000000003 1.5000000000000002 102.00000000000001 1.5000000000000002 105.00000000000001 1.0000000180025095e-35
decision_type=2 2 2 2 2 2
left_child=2 5 -1 -4 -3 -2
right_child=1 4 3 -5 -6 -7
leaf_value=-0.96133772532145179 0.11530623435974115 1.7951412391662593 -0.46875036643101603 0.32413948059082032 0.83677093505859346 0.66569859981536861
leaf_weight=18 8.0000000000000018 4 13.000000000000002 3.9999999999999991 4 15.999999999999998
leaf_count=18 8 4 13 4 4 16
internal_value=4.05667e-09 0.690665 -0.631465 -0.282188 1.31596 0.482234
internal_weight=67 32 35 17 8 24
internal_count=67 32 35 17 8 24
is_linear=0
shrinkage=0.06


Tree=32
num_leaves=7
num_cat=0
split_feature=0 0 2 2 0 0
split_gain=7243.83 1521.28 552.73 494.501 286.132 248.863
threshold=164.50000000000003 320.00000000000006 1.5000000000000002 1.0000000180025095e-35 80.000000000000014 237.50000000000003
decision_type=2 2 2 2 2 2
left_child=2 3 4 -2 -1 -5
right_child=1 -3 -4 5 -6 -7
leaf_value=-1.217678015572683 -0.080971047878265381 1.2526072239875794 -0.25147872447967529 0.27052301079034796 -0.74785887581961497 0.6569397163391113
leaf_weight=7.0000000000000062 7.9999999999999991 7.9999999999999991 5.9999999999999991 12.000000000000002 13.999999999999998 11.999999999999998
leaf_count=7 8 8 6 12 14 12
internal_value=-8.7005e-09 0.512566 -0.759357 0.327556 -0.904465 0.463731
internal_weight=67 40 27 32 21 24
internal_count=67 40 27 32 21 24
is_linear=0
shrinkage=0.06


Tree=33
num_leaves=7
num_cat=0
split_feature=0 2 0 2 0 0
split_gain=6404.94 999.91 886.802 468.273 430.108 387.247
threshold=225.00000000000003 1.5000000000000002 102.00000000000001 1.0000000180025095e-35 277.50000000000006 277.50000000000006
decision_type=2 2 2 2 2 2
left_child=2 5 -1 -4 -3 -2
right_child=1 4 3 -5 -6 -7
leaf_value=-0.85444190661112474 0.17886918067932123 0.75450204849243141 -0.73800761032104445 -0.046893376708030697 1.6343850803375239 0.66089448153972619
leaf_weight=18 12.000000000000002 4 5.0000000000000027 11.999999999999998 4 11.999999999999998
leaf_count=18 12 4 5 12 4 12
internal_value=-6.40528e-09 0.613522 -0.560935 -0.250162 1.19444 0.419882
internal_weight=67 32 35 17 8 24
internal_count=67 32 35 17 8 24
is_linear=0
shrinkage=0.06


Tree=34
num_leaves=7
num_cat=0
split_feature=0 0 2 2 0 0
split_gain=5708.07 1240.24 479.01 401.85 235.566 198.582
threshold=164.50000000000003 320.00000000000006 1.5000000000000002 1.0000000180025095e-35 80.000000000000014 237.50000000000003
decision_type=2 2 2 2 2 2
left_child=2 3 4 5 -1 -2
right_child=1 -3 -4 -5 -6 -7
leaf_value=-1.0933508082798538 -0.37925701618194568 1.1231947459280491 -0.20127445697784424 0.410707611143589 -0.66706151962280269 0.21861272335052484
leaf_weight=7.0000000000000062 4 7.9999999999999991 5.9999999999999991 24 13.999999999999998 4
leaf_count=7 4 8 6 24 14 4
internal_value=-3.14926e-09 0.454999 -0.674073 0.28795 -0.809158 -0.0803221
internal_weight=67 40 27 32 21 8
internal_count=67 40 27 32 21 8
is_linear=0
shrinkage=0.06


Tree=35
num_leaves=7
num_cat=0
split_feature=0 2 2 0 1 2
split_gain=5068.7 869.33 730.511 494.606 401.418 330.536
threshold=225.00000000000003 1.5000000000000002 1.0000000180025095e-35 102.00000000000001 105.00000000000001 1.0000000180025095e-35
decision_type=2 2 2 2 2 2
left_child=2 5 -1 -4 -3 -2
right_child=1 4 3 -5 -6 -7
leaf_value=-0.90389533476396033 0.050332091152667978 1.5124626731872555 -0.58580693006515483 -0.041047029495239258 0.66243169784545886 0.52267886996269219
leaf_weight=10.999999999999998 8.0000000000000018 4 12.000000000000002 11.999999999999998 4 15.999999999999998
leaf_count=11 8 4 12 12 4 16
internal_value=-9.60791e-10 0.545784 -0.499003 -0.313427 1.08745 0.36523
internal_weight=67 32 35 24 8 24
internal_count=67 32 35 24 8 24
is_linear=0
shrinkage=0.06


Tree=36
num_leaves=7
num_cat=0
split_feature=0 0 2 2 0 0
split_gain=4513.18 1040.73 405.499 323.485 340.904 247.374
threshold=164.50000000000003 320.00000000000006 1.0000000180025095e-35 1.5000000000000002 237.50000000000003 80.000000000000014
decision_type=2 2 2 2 2 2
left_child=2 3 -1 4 -2 -4
right_child=1 -3 5 -5 -6 -7
leaf_value=-0.92821739196777309 -0.084713248014450043 1.0166808342933655 -0.74952646255493127 0.5819764280319214 0.3675504434108734 -0.27768245816230774
leaf_weight=9.0000000000000018 12.000000000000002 7.9999999999999991 6.0000000000000027 7.9999999999999991 11.999999999999998 11.999999999999998
leaf_count=9 12 8 6 8 12 12
internal_value=-5.33773e-09 0.404583 -0.599382 0.251558 0.141419 -0.434964
internal_weight=67 40 27 32 24 18
internal_count=67 40 27 32 24 18
is_linear=0
shrinkage=0.06


Tree=37
num_leaves=7
num_cat=0
split_feature=0 0 2 2 0 0
split_gain=3987.85 919.593 386.274 285.832 301.223 182.482
threshold=164.50000000000003 320.00000000000006 1.5000000000000002 1.5000000000000002 237.50000000000003 80.000000000000014
decision_type=2 2 2 2 2 2
left_child=2 3 5 4 -2 -1
right_child=1 -3 -4 -5 -6 -7
leaf_value=-0.93485545022146943 -0.079630446434020966 0.95567997515201564 -0.13884694576263426 0.54705785036087029 0.34549742460250854 -0.55965975625174391
leaf_weight=7.0000000000000062 12.000000000000002 7.9999999999999991 5.9999999999999991 7.9999999999999991 11.999999999999998 13.999999999999998
leaf_count=7 12 8 6 8 12 14
internal_value=-1.06755e-09 0.380308 -0.563419 0.236465 0.132933 -0.684725
internal_weight=67 40 27 32 24 21
internal_count=67 40 27 32 24 21
is_linear=0
shrinkage=0.06


Tree=38
num_leaves=7
num_cat=0
split_feature=0 2 2 0 0 2
split_gain=3546.84 697.69 549.818 369.845 338.36 292.061
threshold=225.00000000000003 1.5000000000000002 1.0000000180025095e-35 80.000000000000014 277.50000000000006 1.0000000180025095e-35
decision_type=2 2 2 2 2 2
left_child=2 5 -1 -4 -3 -2
right_child=1 4 3 -5 -6 -7
leaf_value=-0.76868796261874106 -0.001199530363082885 0.55160056114196765 -0.66438369750976523 -0.12043912251790363 1.3320161819458005 0.44280643343925474
leaf_weight=10.999999999999998 8.0000000000000018 4 6.0000000000000027 18 4 15.999999999999998
leaf_count=11 8 4 6 18 4 16
internal_value=-4.6972e-09 0.456555 -0.417422 -0.256425 0.941808 0.294804
internal_weight=67 32 35 24 8 24
internal_count=67 32 35 24 8 24
is_linear=0
shrinkage=0.06


Tree=39
num_leaves=7
num_cat=0
split_feature=0 0 2 2 0 0
split_gain=3167.94 768.919 325.526 226.556 144.639 116.384
threshold=164.50000000000003 320.00000000000006 1.5000000000000002 1.0000000180025095e-35 80.000000000000014 237.50000000000003
decision_type=2 2 2 2 2 2
left_child=2 3 4 5 -1 -2
right_child=1 -3 -4 -5 -6 -7
leaf_value=-0.83621895381382449 -0.29793746709823604 0.86509273052215574 -0.11241089940071106 0.29960539698600769 -0.50218455995832167 0.15976512193679807
leaf_weight=7.0000000000000062 4 7.9999999999999991 5.9999999999999991 24 13.999999999999998 4
leaf_count=7 4 8 6 24 14 4
internal_value=1.1743e-09 0.338965 -0.50217 0.207433 -0.613529 -0.0690862
internal_weight=67 40 27 32 21 8
internal_count=67 40 27 32 21 8
is_linear=0
shrinkage=0.06


Tree=40
num_leaves=7
num_cat=0
split_feature=0 2 2 1 0 2
split_gain=2804.73 607.619 450.622 318.163 293.436 242.05
threshold=225.00000000000003 1.5000000000000002 1.0000000180025095e-35 105.00000000000001 80.000000000000014 1.0000000180025095e-35
decision_type=2 2 2 2 2 2
left_child=2 5 -1 -3 -4 -2
right_child=1 3 4 -5 -6 -7
leaf_value=-0.68919776916503905 -0.014427840113639824 1.2372235393524167 -0.58882369041442828 0.48045893669128403 -0.10431447943051655 0.3897794133424759
leaf_weight=10.999999999999998 8.0000000000000018 4 6.0000000000000027 4 18 15.999999999999998
leaf_count=11 8 4 6 4 18 16
internal_value=-6.51203e-09 0.405993 -0.371194 0.858841 -0.225442 0.255044
internal_weight=67 32 35 8 24 24
internal_count=67 32 35 8 24 24
is_linear=0
shrinkage=0.06


Tree=41
num_leaves=7
num_cat=0
split_feature=0 2 0 0 2 2
split_gain=2517.1 655.646 362.991 336.849 274.492 264.238
threshold=164.50000000000003 1.5000000000000002 277.50000000000006 277.50000000000006 1.5000000000000002 1.0000000180025095e-35
decision_type=2 2 2 2 2 2
left_child=4 3 -3 -2 -1 -5
right_child=1 2 -4 5 -6 -7
leaf_value=-0.54988163675580692 -0.0022603654861450191 0.42773101806640634 1.1656238079071042 0.0099606013298034722 -0.089717189073562617 0.60722253799438464
leaf_weight=21.000000000000004 18.000000000000004 5.9999999999999982 4 3.9999999999999973 5.9999999999999991 8
leaf_count=21 18 6 4 4 6 8
internal_value=-5.33773e-10 0.302145 0.722888 0.161898 -0.447623 0.408135
internal_weight=67 40 10 30 27 12
internal_count=67 40 10 30 27 12
is_linear=0
shrinkage=0.06


Tree=42
num_leaves=7
num_cat=0
split_feature=0 0 2 2 0 0
split_gain=2224.11 596.202 242.542 150.268 195.607 114.638
threshold=164.50000000000003 320.00000000000006 1.5000000000000002 1.5000000000000002 237.50000000000003 80.000000000000014
decision_type=2 2 2 2 2 2
left_child=2 3 5 4 -2 -1
right_child=1 -3 -4 -5 -6 -7
leaf_value=-0.71514245714460023 -0.078163980245590181 0.74730139374732973 -0.084334158897399897 0.39339672803878784 0.26442092657089233 -0.41776187283652166
leaf_weight=7.0000000000000062 12.000000000000002 7.9999999999999991 5.9999999999999991 7.9999999999999991 11.999999999999998 13.999999999999998
leaf_count=7 12 8 6 8 12 14
internal_value=-6.40528e-10 0.284017 -0.420765 0.168196 0.0931285 -0.516889
internal_weight=67 40 27 32 24 21
internal_count=67 40 27 32 24 21
is_linear=0
shrinkage=0.06


Tree=43
num_leaves=7
num_cat=0
split_feature=0 2 2 1 0 2
split_gain=1965.25 452.406 359.11 272.799 228.371 194.179
threshold=225.00000000000003 1.5000000000000002 1.0000000180025095e-35 105.00000000000001 102.00000000000001 1.0000000180025095e-35
decision_type=2 2 2 2 2 2
left_child=2 5 -1 -3 -4 -2
right_child=1 3 4 -5 -6 -7
leaf_value=-0.59459979577498001 -0.031762864887714369 1.0809685564041136 -0.36568549364805208 0.38022694587707506 0.0044799047708511354 0.33027410566806792
leaf_weight=10.999999999999998 8.0000000000000018 4 12.000000000000002 4 11.999999999999998 15.999999999999998
leaf_count=11 8 4 12 4 12 16
internal_value=-5.8715e-10 0.339846 -0.310716 0.730598 -0.180603 0.209595
internal_weight=67 32 35 8 24 24
internal_count=67 32 35 8 24 24
is_linear=0
shrinkage=0.06


Tree=44
num_leaves=7
num_cat=0
split_feature=0 0 2 0 2 0
split_gain=1756.59 500.345 204.866 114.725 160.13 96.7477
threshold=164.50000000000003 320.00000000000006 1.5000000000000002 277.50000000000006 1.5000000000000002 80.000000000000014
decision_type=2 2 2 2 2 2
left_child=2 3 5 4 -2 -1
right_child=1 -3 -4 -5 -6 -7
leaf_value=-0.6444064276559005 -0.0087661397457122793 0.67681699991226196 -0.064736284241080286 0.34307737827301021 0.3491498374938965 -0.37121435778481621
leaf_weight=7.0000000000000062 18.000000000000004 7.9999999999999991 5.9999999999999991 7.9999999999999991 5.9999999999999991 13.999999999999998
leaf_count=7 18 8 6 8 6 14
internal_value=-2.58213e-09 0.252407 -0.373936 0.146304 0.0807129 -0.462278
internal_weight=67 40 27 32 24 21
internal_count=67 40 27 32 24 21
is_linear=0
shrinkage=0.06


Tree=45
num_leaves=7
num_cat=0
split_feature=0 2 0 2 0 2
split_gain=1552.12 465.37 289.373 207.211 249.249 195.346
threshold=164.50000000000003 1.5000000000000002 277.50000000000006 1.0000000180025095e-35 277.50000000000006 1.0000000180025095e-35
decision_type=2 2 2 2 2 2
left_child=5 3 -3 -2 -5 -1
right_child=1 2 -4 4 -6 -7
leaf_value=-0.57973703384399389 -0.10389864850044246 0.32820084571838382 0.98703271865844699 0.057662030458450295 0.49002422332763668 -0.23738080044587453
leaf_weight=9.0000000000000018 10.000000000000002 5.9999999999999982 4 12.000000000000002 7.9999999999999991 18
leaf_count=9 10 6 4 12 8 18
internal_value=-1.44119e-09 0.237262 0.591734 0.119105 0.230607 -0.3515
internal_weight=67 40 10 30 20 27
internal_count=67 40 10 30 20 27
is_linear=0
shrinkage=0.06


Tree=46
num_leaves=7
num_cat=0
split_feature=0 2 0 1 2 2
split_gain=1384.19 335.14 274.426 233.773 174.508 149.484
threshold=225.00000000000003 1.5000000000000002 102.00000000000001 105.00000000000001 1.5000000000000002 1.0000000180025095e-35
decision_type=2 2 2 2 2 2
left_child=2 5 -1 -3 -4 -2
right_child=1 3 4 -5 -6 -7
leaf_value=-0.42404161751270292 -0.038658607900142646 0.94587444305419899 -0.19452163586249713 0.29718951702117913 0.25866935491561888 0.27899162739515304
leaf_weight=18 8.0000000000000018 4 13.000000000000002 4 3.9999999999999991 15.999999999999998
leaf_count=18 8 4 13 4 4 16
internal_value=8.00659e-10 0.285214 -0.260767 0.621532 -0.0878885 0.173108
internal_weight=67 32 35 8 17 24
internal_count=67 32 35 8 17 24
is_linear=0
shrinkage=0.06


Tree=47
num_leaves=7
num_cat=0
split_feature=0 0 2 0 2 0
split_gain=1223.07 299.968 261.474 170.04 119.862 75.542
threshold=225.00000000000003 320.00000000000006 1.0000000180025095e-35 80.000000000000014 1.5000000000000002 102.00000000000001
decision_type=2 2 2 2 2 2
left_child=2 -2 5 -4 -5 -1
right_child=1 -3 3 4 -6 -7
leaf_value=-0.63089364051818853 0.16204098701477052 0.58628224611282342 -0.41071482658386205 -0.15137107491493221 0.17707370042800905 -0.31511611175537102
leaf_weight=5.9999999999999982 24 7.9999999999999991 6.0000000000000027 12.000000000000002 5.9999999999999991 5
leaf_count=6 24 8 6 12 6 5
internal_value=-5.97826e-09 0.268101 -0.245121 -0.134096 -0.0418895 -0.487358
internal_weight=67 32 35 24 18 11
internal_count=67 32 35 24 18 11
is_linear=0
shrinkage=0.06


Tree=48
num_leaves=7
num_cat=0
split_feature=0 2 0 2 0 2
split_gain=1089.3 354.856 239.695 163.595 190.466 147.159
threshold=164.50000000000003 1.5000000000000002 277.50000000000006 1.0000000180025095e-35 277.50000000000006 1.0000000180025095e-35
decision_type=2 2 2 2 2 2
left_child=5 3 -3 -2 -5 -1
right_child=1 2 -4 4 -6 -7
leaf_value=-0.49256265640258767 -0.10256232690811153 0.26845101356506351 0.86806918859481785 0.043478858470916731 0.42143358707427975 -0.19541726032892864
leaf_weight=9.0000000000000018 10.000000000000002 5.9999999999999982 4 12.000000000000002 7.9999999999999991 18
leaf_count=9 10 6 4 12 8 18
internal_value=-4.27018e-10 0.198764 0.508298 0.0955864 0.194661 -0.294466
internal_weight=67 40 10 30 20 27
internal_count=67 40 10 30 20 27
is_linear=0
shrinkage=0.06


Tree=49
num_leaves=7
num_cat=0
split_feature=0 2 0 1 2 2
split_gain=964.301 259.607 207.328 198.029 195.821 114.899
threshold=225.00000000000003 1.5000000000000002 80.000000000000014 105.00000000000001 1.5000000000000002 1.0000000180025095e-35
decision_type=2 2 2 2 2 2
left_child=2 5 -1 -3 -4 -2
right_child=1 3 4 -5 -6 -7
leaf_value=-0.46585681279500324 -0.046271427869796732 0.83257665395736669 -0.22192324018478388 0.23554007291793816 0.16889694690704346 0.23221868589520453
leaf_weight=8.9999999999999982 8.0000000000000018 4 20.000000000000004 4 5.9999999999999991 15.999999999999998
leaf_count=9 8 4 20 4 6 16
internal_value=3.20264e-10 0.238056 -0.217651 0.534058 -0.131734 0.139389
internal_weight=67 32 35 8 26 24
internal_count=67 32 35 8 26 24
is_linear=0
shrinkage=0.06


Tree=50
num_leaves=7
num_cat=0
split_feature=0 0 2 0 0 2
split_gain=862.852 304.918 126.195 64.0751 61.9276 73.3829
threshold=164.50000000000003 320.00000000000006 1.5000000000000002 80.000000000000014 277.50000000000006 1.5000000000000002
decision_type=2 2 2 2 2 2
left_child=2 4 3 -1 5 -2
right_child=1 -3 -4 -5 -6 -7
leaf_value=-0.47963127953665546 -0.014690149985253807 0.50821857690811156 -0.019403338432312012 -0.25730414322444373 0.2386436104774475 0.22760368347167967
leaf_weight=7.0000000000000062 18.000000000000004 7.9999999999999991 5.9999999999999991 13.999999999999998 7.9999999999999991 5.9999999999999991
leaf_count=7 18 8 6 14 8 6
internal_value=-1.3778e-09 0.176902 -0.262078 -0.331413 0.0940734 0.0458833
internal_weight=67 40 27 21 32 24
internal_count=67 40 27 21 32 24
is_linear=0
shrinkage=0.06


Tree=51
num_leaves=7
num_cat=0
split_feature=0 0 2 0 2 0
split_gain=762.416 269.425 119.587 72.0442 60.279 54.7192
threshold=164.50000000000003 320.00000000000006 1.0000000180025095e-35 80.000000000000014 1.5000000000000002 277.50000000000006
decision_type=2 2 2 2 2 2
left_child=2 5 -1 -4 -5 -2
right_child=1 -3 3 4 -6 -7
leaf_value=-0.4249300289154051 0.043130310280248517 0.4777254796028137 -0.32682217597961405 -0.16727428436279299 0.11799160122871395 0.22432499170303344
leaf_weight=9.0000000000000018 24 7.9999999999999991 6.0000000000000027 7.9999999999999982 4 7.9999999999999991
leaf_count=9 24 8 6 8 4 8
internal_value=4.63715e-10 0.166288 -0.246353 -0.157064 -0.0721857 0.088429
internal_weight=67 40 27 18 12 32
internal_count=67 40 27 18 12 32
is_linear=0
shrinkage=0.06


Tree=52
num_leaves=7
num_cat=0
split_feature=0 2 2 1 0 2
split_gain=676.344 220.488 171.902 165.332 102.679 101.525
threshold=225.00000000000003 1.5000000000000002 1.0000000180025095e-35 105.00000000000001 80.000000000000014 1.0000000180025095e-35
decision_type=2 2 2 2 2 2
left_child=2 5 -1 -3 -4 -2
right_child=1 3 4 -5 -6 -7
leaf_value=-0.37869132952256634 -0.066082041263580291 0.74492174863815286 -0.30721284866332987 0.19939659833908074 -0.0206063374876976 0.19569866694509983
leaf_weight=10.999999999999998 8.0000000000000018 4 6.0000000000000027 4 18 15.999999999999998
leaf_count=11 8 4 6 4 18 16
internal_value=-9.34103e-10 0.199369 -0.18228 0.472159 -0.092258 0.108438
internal_weight=67 32 35 8 24 24
internal_count=67 32 35 8 24 24
is_linear=0
shrinkage=0.06


Tree=53
num_leaves=7
num_cat=0
split_feature=0 2 0 2 0 2
split_gain=604.45 236.183 179.753 114.964 120.086 94.4087
threshold=164.50000000000003 1.5000000000000002 277.50000000000006 1.0000000180025095e-35 277.50000000000006 1.5000000000000002
decision_type=2 2 2 2 2 2
left_child=5 3 -3 -2 -5 -1
right_child=1 2 -4 4 -6 -7
leaf_value=-0.27932331766401008 -0.10221904993057247 0.19288540601730347 0.71214456796646108 0.026897615641355507 0.32700513839721679 -0.0094538450241088857
leaf_weight=21.000000000000004 10.000000000000002 5.9999999999999982 4 12.000000000000002 7.9999999999999991 5.9999999999999991
leaf_count=21 10 6 4 12 8 6
internal_value=-5.60462e-10 0.148063 0.400589 0.0638874 0.146941 -0.219352
internal_weight=67 40 10 30 20 27
internal_count=67 40 10 30 20 27
is_linear=0
shrinkage=0.06


Tree=54
num_leaves=7
num_cat=0
split_feature=0 2 0 0 2 2
split_gain=536.036 261.117 174.254 144.631 83.4077 77.2279
threshold=102.00000000000001 1.5000000000000002 277.50000000000006 237.50000000000003 1.0000000180025095e-35 1.0000000180025095e-35
decision_type=2 2 2 2 2 2
left_child=5 3 -3 -2 -5 -1
right_child=1 2 -4 4 -6 -7
leaf_value=-0.45576809406280488 -0.09148048432249771 0.18439761221408846 0.66941588759422288 -0.036797142028808585 0.23718626260757442 -0.19212990939617156
leaf_weight=6.0000000000000027 19 7.9999999999999982 4 6.0000000000000009 12 11.999999999999998
leaf_count=6 19 8 4 6 12 12
internal_value=1.01417e-09 0.102861 0.34607 0.0239817 0.145858 -0.280009
internal_weight=67 49 12 37 18 18
internal_count=67 49 12 37 18 18
is_linear=0
shrinkage=0.06


Tree=55
num_leaves=7
num_cat=0
split_feature=0 0 0 2 0 2
split_gain=474.692 196.889 83.7922 77.286 31.2986 43.4651
threshold=164.50000000000003 320.00000000000006 80.000000000000014 1.5000000000000002 277.50000000000006 1.5000000000000002
decision_type=2 2 2 2 2 2
left_child=2 4 -1 -4 5 -2
right_child=1 -3 3 -5 -6 -7
leaf_value=-0.34386838277180976 -0.016224208772182461 0.39744448184967041 -0.18610237598419183 0.11294768929481507 0.1674309168756008 0.17024842262268067
leaf_weight=9.0000000000000018 18.000000000000004 7.9999999999999991 14.000000000000002 3.9999999999999991 7.9999999999999991 5.9999999999999991
leaf_count=9 18 8 14 4 8 6
internal_value=2.40198e-10 0.131211 -0.194387 -0.119647 0.0646532 0.0303939
internal_weight=67 40 27 18 32 24
internal_count=67 40 27 18 32 24
is_linear=0
shrinkage=0.06


Tree=56
num_leaves=7
num_cat=0
split_feature=0 2 0 0 2 2
split_gain=424.918 217.246 148.886 110.44 73.699 66.6016
threshold=102.00000000000001 1.5000000000000002 277.50000000000006 237.50000000000003 1.0000000180025095e-35 1.0000000180025095e-35
decision_type=2 2 2 2 2 2
left_child=5 3 -3 -2 -5 -1
right_child=1 2 -4 4 -6 -7
leaf_value=-0.41252290248870821 -0.081263000635724322 0.16397836178541186 0.61230467632412899 -0.045562336444854717 0.21198206663131711 -0.16769350409507752
leaf_weight=6.0000000000000027 19 7.9999999999999982 4 6.0000000000000009 12 11.999999999999998
leaf_count=6 19 8 4 6 12 12
internal_value=-1.42784e-09 0.0915808 0.31342 0.0196328 0.126134 -0.249303
internal_weight=67 49 12 37 18 18
internal_count=67 49 12 37 18 18
is_linear=0
shrinkage=0.06


Tree=57
num_leaves=7
num_cat=0
split_feature=0 0 2 0 2 2
split_gain=375.457 197.431 58.8492 35.8833 91.1125 22.6487
threshold=102.00000000000001 320.00000000000006 1.0000000180025095e-35 237.50000000000003 1.5000000000000002 1.0000000180025095e-35
decision_type=2 2 2 2 2 2
left_child=2 3 -1 4 5 -2
right_child=1 -3 -4 -5 -6 -7
leaf_value=-0.38777152061462378 -0.16215760435376836 0.3587372016906738 -0.15763188838958739 0.10304990664124489 0.19181213855743409 -0.02635450050234794
leaf_weight=6.0000000000000027 7.0000000000000044 7.9999999999999991 11.999999999999998 15.999999999999998 5.9999999999999991 12
leaf_count=6 7 8 12 16 6 12
internal_value=-1.04086e-09 0.086086 -0.234345 0.0328857 -0.0120194 -0.0763872
internal_weight=67 49 18 41 25 19
internal_count=67 49 18 41 25 19
is_linear=0
shrinkage=0.06


Tree=58
num_leaves=7
num_cat=0
split_feature=0 2 0 2 0 2
split_gain=331.754 180.646 129.271 83.3649 94.1229 51.9991
threshold=102.00000000000001 1.5000000000000002 277.50000000000006 1.0000000180025095e-35 277.50000000000006 1.0000000180025095e-35
decision_type=2 2 2 2 2 2
left_child=5 3 -3 -2 -5 -1
right_child=1 2 -4 4 -6 -7
leaf_value=-0.36450522422790504 -0.10705761359288142 0.14396236002445223 0.56171281725168221 -0.0024225524067878717 0.24963486671447754 -0.1481739753484726
leaf_weight=6.0000000000000027 12.999999999999998 7.9999999999999982 4 16.000000000000004 7.9999999999999991 11.999999999999998
leaf_count=6 13 8 4 16 8 12
internal_value=3.25601e-09 0.0809208 0.283213 0.0153127 0.0815966 -0.220284
internal_weight=67 49 12 37 24 18
internal_count=67 49 12 37 24 18
is_linear=0
shrinkage=0.06


Tree=59
num_leaves=7
num_cat=0
split_feature=0 0 2 0 2 0
split_gain=297.453 107.74 91.472 58.0562 40.02 24.1399
threshold=225.00000000000003 320.00000000000006 1.0000000180025095e-35 80.000000000000014 1.5000000000000002 80.000000000000014
decision_type=2 2 2 2 2 2
left_child=2 -2 5 -4 -5 -1
right_child=1 -3 3 4 -6 -7
leaf_value=-0.40930452346801754 0.068652603030204776 0.32290409088134764 -0.21684820652008044 -0.064598615169525128 0.12518543243408203 -0.20972772002220152
leaf_weight=2.9999999999999991 24 7.9999999999999991 6.0000000000000027 12.000000000000002 5.9999999999999991 7.9999999999999991
leaf_count=3 24 8 6 12 6 8
internal_value=-2.3486e-09 0.132215 -0.120883 -0.055215 -0.00133727 -0.264158
internal_weight=67 32 35 24 18 11
internal_count=67 32 35 24 18 11
is_linear=0
shrinkage=0.06


Tree=60
num_leaves=7
num_cat=0
split_feature=0 2 0 0 2 2
split_gain=264.204 138.462 306.537 53.2101 48.0161 18.1822
threshold=164.50000000000003 1.0000000180025095e-35 320.00000000000006 80.000000000000014 1.5000000000000002 1.0000000180025095e-35
decision_type=2 2 2 2 2 2
left_child=3 -2 -3 5 -5 -1
right_child=1 2 -4 4 -6 -7
leaf_value=-0.38474624633789029 -0.09546196460723877 0.066443455368280405 0.54592491149902345 -0.13784274509974884 0.097872097492218008 -0.20383731365203853
leaf_weight=3.0000000000000018 9.9999999999999982 24.000000000000004 5.9999999999999991 14.000000000000002 3.9999999999999991 6
leaf_count=3 10 24 6 14 4 6
internal_value=1.33443e-09 0.0978893 0.16234 -0.145021 -0.0854617 -0.26414
internal_weight=67 40 30 27 18 9
internal_count=67 40 30 27 18 9
is_linear=0
shrinkage=0.06


Tree=61
num_leaves=7
num_cat=0
split_feature=0 2 0 2 0 2
split_gain=236.588 144.614 102.971 60.2094 64.0087 37.4306
threshold=102.00000000000001 1.5000000000000002 277.50000000000006 1.0000000180025095e-35 277.50000000000006 1.0000000180025095e-35
decision_type=2 2 2 2 2 2
left_child=5 3 -3 -2 -5 -1
right_child=1 2 -4 4 -6 -7
leaf_value=-0.30838627338409408 -0.094361563462477469 0.1250514426827431 0.49789229035377491 -0.0033211342245340336 0.20453901529312132 -0.12484472095966338
leaf_weight=6.0000000000000027 12.999999999999998 7.9999999999999982 4 16.000000000000004 7.9999999999999991 11.999999999999998
leaf_count=6 13 8 4 16 8 12
internal_value=9.07414e-10 0.0683358 0.249332 0.00963442 0.0659656 -0.186025
internal_weight=67 49 12 37 24 18
internal_count=67 49 12 37 24 18
is_linear=0
shrinkage=0.06


Tree=62
num_leaves=7
num_cat=0
split_feature=0 2 1 2 0 2
split_gain=209.862 88.4938 127.4 66.6034 42.6978 38.3649
threshold=225.00000000000003 1.5000000000000002 105.00000000000001 1.0000000180025095e-35 80.000000000000014 1.0000000180025095e-35
decision_type=2 2 2 2 2 2
left_child=3 5 -3 -1 -5 -2
right_child=1 2 -4 4 -6 -7
leaf_value=-0.22379368738694624 -0.05383329749107358 0.52331192493438705 0.044438431262969966 -0.18411638736724842 0.0007030510902404785 0.10708993792533875
leaf_weight=10.999999999999998 8.0000000000000018 4 4 6.0000000000000027 18 15.999999999999998
leaf_count=11 8 4 4 6 18 16
internal_value=1.28106e-09 0.111055 0.283875 -0.101536 -0.0455018 0.0534489
internal_weight=67 32 8 35 24 24
internal_count=67 32 8 35 24 24
is_linear=0
shrinkage=0.06


Tree=63
num_leaves=7
num_cat=0
split_feature=0 2 0 0 2 2
split_gain=190.03 115.507 86.6275 48.9846 37.208 30.1049
threshold=102.00000000000001 1.5000000000000002 277.50000000000006 237.50000000000003 1.0000000180025095e-35 1.0000000180025095e-35
decision_type=2 2 2 2 2 2
left_child=5 3 -3 -2 -5 -1
right_child=1 2 -4 4 -6 -7
leaf_value=-0.27645548343658433 -0.058413816690444945 0.10901101022958756 0.4509862482547759 -0.04228665828704832 0.14070849776268005 -0.1118516355752945
leaf_weight=6.0000000000000027 19 7.9999999999999982 4 6.0000000000000009 12 11.999999999999998
leaf_count=6 19 8 4 6 12 12
internal_value=8.00659e-10 0.0612439 0.223003 0.00878161 0.0797101 -0.16672
internal_weight=67 49 12 37 18 18
internal_count=67 49 12 37 18 18
is_linear=0
shrinkage=0.06


Tree=64
num_leaves=7
num_cat=0
split_feature=0 2 0 0 2 2
split_gain=167.91 102.062 76.544 43.2828 32.877 26.6007
threshold=102.00000000000001 1.5000000000000002 277.50000000000006 237.50000000000003 1.0000000180025095e-35 1.0000000180025095e-35
decision_type=2 2 2 2 2 2
left_child=5 3 -3 -2 -5 -1
right_child=1 2 -4 4 -6 -7
leaf_value=-0.25986815214157089 -0.05490898734644839 0.102470351010561 0.42392705440521228 -0.039749453067779529 0.132265989780426 -0.10514053463935852
leaf_weight=6.0000000000000027 19 7.9999999999999982 4 6.0000000000000009 12 11.999999999999998
leaf_count=6 19 8 4 6 12 12
internal_value=1.44119e-09 0.0575693 0.209623 0.00825471 0.0749275 -0.156716
internal_weight=67 49 12 37 18 18
internal_count=67 49 12 37 18 18
is_linear=0
shrinkage=0.06


Tree=65
num_leaves=7
num_cat=0
split_feature=0 2 1 0 2 0
split_gain=148.429 99.4527 141.532 73.7476 42.5909 21.4167
threshold=277.50000000000006 1.0000000180025095e-35 105.00000000000001 80.000000000000014 1.5000000000000002 237.50000000000003
decision_type=2 2 2 2 2 2
left_child=3 -2 -3 -1 5 -5
right_child=1 2 -4 4 -6 -7
leaf_value=-0.20588366826375326 -0.099655294418334955 0.45186291694641123 0.039748444557189934 -0.07397729942431816 0.091462363243103015 0.051782011985778809
leaf_weight=8.9999999999999982 3.9999999999999991 5.9999999999999982 6 26 9.9999999999999982 5.9999999999999991
leaf_count=9 4 6 6 26 10 6
internal_value=-1.54794e-09 0.15944 0.245806 -0.0500205 -0.0166213 -0.0503974
internal_weight=67 16 12 51 42 32
internal_count=67 16 12 51 42 32
is_linear=0
shrinkage=0.06


Tree=66
num_leaves=7
num_cat=0
split_feature=0 2 1 2 0 2
split_gain=134.039 82.8959 67.6412 34.6174 36.7561 22.9727
threshold=102.00000000000001 1.5000000000000002 105.00000000000001 1.0000000180025095e-35 277.50000000000006 1.0000000180025095e-35
decision_type=2 2 2 2 2 2
left_child=5 3 -3 -2 -5 -1
right_child=1 2 -4 4 -6 -7
leaf_value=-0.23588024139404282 -0.071862903191493105 0.33092186450958255 0.046019382476806633 -0.0027984993159770959 0.15471447229385377 -0.092090671062469473
leaf_weight=6.0000000000000027 12.999999999999998 5.9999999999999982 6 16.000000000000004 7.9999999999999991 11.999999999999998
leaf_count=6 13 6 6 16 8 12
internal_value=4.27018e-10 0.0514361 0.188471 0.00699249 0.0497058 -0.140021
internal_weight=67 49 12 37 24 18
internal_count=67 49 12 37 24 18
is_linear=0
shrinkage=0.06


Tree=67
num_leaves=7
num_cat=0
split_feature=0 2 0 0 2 1
split_gain=120.315 63.8802 190.146 28.5575 25.5347 14.1549
threshold=164.50000000000003 1.0000000180025095e-35 320.00000000000006 80.000000000000014 1.5000000000000002 105.00000000000001
decision_type=2 2 2 2 2 2
left_child=3 5 -3 -1 -5 -2
right_child=1 2 -4 4 -6 -7
leaf_value=-0.18512941519419346 -0.15270032644271853 0.034307323694229119 0.41194413185119627 -0.092429130588258995 0.079464029073715206 -0.0069871377944946272
leaf_weight=9.0000000000000018 3.9999999999999982 24.000000000000004 5.9999999999999991 14.000000000000002 3.9999999999999991 6
leaf_count=9 4 24 6 14 4 6
internal_value=-3.20264e-10 0.0660579 0.109835 -0.0978636 -0.0542307 -0.0652724
internal_weight=67 40 30 27 18 10
internal_count=67 40 30 27 18 10
is_linear=0
shrinkage=0.06


Tree=68
num_leaves=7
num_cat=0
split_feature=0 2 1 2 0 2
split_gain=106.31 59.3022 90.567 27.5211 25.2334 22.5624
threshold=164.50000000000003 1.5000000000000002 105.00000000000001 1.0000000180025095e-35 80.000000000000014 1.5000000000000002
decision_type=2 2 2 2 2 2
left_child=4 3 -3 -2 -1 -6
right_child=1 2 -4 -5 5 -7
leaf_value=-0.17402164618174226 -0.061356069087982155 0.40977874159812938 0.041199784278869618 0.060551222205162042 -0.086883383989334081 0.074696191549301141
leaf_weight=9.0000000000000018 10.000000000000002 3.9999999999999982 6 20 14.000000000000002 3.9999999999999991
leaf_count=9 10 4 6 20 14 4
internal_value=0 0.0620944 0.188631 0.0199155 -0.0919918 -0.0509768
internal_weight=67 40 10 30 27 18
internal_count=67 40 10 30 27 18
is_linear=0
shrinkage=0.06


Tree=69
num_leaves=7
num_cat=0
split_feature=0 2 0 2 2 0
split_gain=99.2256 68.5809 45.6905 32.4502 24.3956 16.9429
threshold=277.50000000000006 1.5000000000000002 80.000000000000014 1.0000000180025095e-35 1.5000000000000002 237.50000000000003
decision_type=2 2 2 2 2 2
left_child=2 3 -1 -2 5 -4
right_child=1 -3 4 -5 -6 -7
leaf_value=-0.16358035405476887 -0.080892205238342327 0.34551795244216915 -0.061144418257933403 0.12841098189353939 0.06719207239151001 0.050711076259613033
leaf_weight=8.9999999999999982 3.9999999999999973 3.9999999999999991 26 8 9.9999999999999982 5.9999999999999991
leaf_count=9 4 4 26 8 10 6
internal_value=-5.33773e-10 0.130362 -0.0408979 0.0586433 -0.0146088 -0.0401715
internal_weight=67 16 51 12 42 32
internal_count=67 16 51 12 42 32
is_linear=0
shrinkage=0.06


Tree=70
num_leaves=7
num_cat=0
split_feature=0 2 0 0 2 2
split_gain=87.6757 60.5981 41.584 29.6305 18.9353 11.5267
threshold=277.50000000000006 1.5000000000000002 102.00000000000001 320.00000000000006 1.0000000180025095e-35 1.5000000000000002
decision_type=2 2 2 2 2 2
left_child=2 3 4 -2 -1 -4
right_child=1 -3 5 -5 -6 -7
leaf_value=-0.19883176803588856 0.14940686702728273 0.3247868728637695 -0.018489856767654418 -0.039157552719116202 -0.068287673592567447 0.064255717992782596
leaf_weight=6.0000000000000027 5.9999999999999982 3.9999999999999991 25 6 11.999999999999998 7.9999999999999991
leaf_count=6 6 4 25 6 12 8
internal_value=1.60132e-10 0.12254 -0.038444 0.0551247 -0.111802 0.00156968
internal_weight=67 16 51 12 18 33
internal_count=67 16 51 12 18 33
is_linear=0
shrinkage=0.06


Tree=71
num_leaves=7
num_cat=0
split_feature=0 0 2 0 0 2
split_gain=78.4191 47.4309 16.7312 6.02646 5.02794 15.8014
threshold=320.00000000000006 102.00000000000001 1.0000000180025095e-35 80.000000000000014 225.00000000000003 1.5000000000000002
decision_type=2 2 2 2 2 2
left_child=1 2 -1 -4 5 -3
right_child=-2 4 3 -5 -6 -7
leaf_value=-0.18690186738967884 0.17628116369247435 -0.045309948921203595 -0.10671026706695559 -0.021670558452606195 0.029426312744617461 0.091061182022094719
leaf_weight=6.0000000000000027 7.9999999999999991 13.000000000000002 5.9999999999999982 6 24 3.9999999999999991
leaf_count=6 8 13 6 6 24 4
internal_value=7.47282e-10 -0.0239025 -0.105094 -0.0641904 0.0117426 -0.0132226
internal_weight=67 59 18 12 41 17
internal_count=67 59 18 12 41 17
is_linear=0
shrinkage=0.06


Tree=72
num_leaves=7
num_cat=0
split_feature=0 2 1 0 2 0
split_gain=69.3916 56.0644 102.312 33.373 17.8633 13.3325
threshold=277.50000000000006 1.0000000180025095e-35 105.00000000000001 80.000000000000014 1.5000000000000002 237.50000000000003
decision_type=2 2 2 2 2 2
left_child=3 -2 -3 -1 5 -5
right_child=1 2 -4 4 -6 -7
leaf_value=-0.13905093828837078 -0.085517377853393556 0.3490567493438721 -0.0013343048095703124 -0.052212338860218345 0.058264070034027102 0.047012224197387695
leaf_weight=8.9999999999999982 3.9999999999999991 5.9999999999999982 6 26 9.9999999999999982 5.9999999999999991
leaf_count=9 4 6 6 26 10 6
internal_value=-8.00659e-10 0.109017 0.173861 -0.0342013 -0.0117335 -0.0336077
internal_weight=67 16 12 51 42 32
internal_count=67 16 12 51 42 32
is_linear=0
shrinkage=0.06


Tree=73
num_leaves=7
num_cat=0
split_feature=2 0 1 0 1 1
split_gain=61.4428 162.367 21.424 14.517 7.08165 5.22895
threshold=1.0000000180025095e-35 320.00000000000006 105.00000000000001 80.000000000000014 95.000000000000014 105.00000000000001
decision_type=2 2 2 2 2 2
left_child=2 3 4 -2 -1 -5
right_child=1 -3 -4 5 -6 -7
leaf_value=-0.053758707046508751 -0.091964597702026363 0.32811335563659666 0.002456521987915039 -0.014025341669718425 -0.15886517143249509 0.031708464622497559
leaf_weight=3.0000000000000009 5.9999999999999991 5.9999999999999991 5.9999999999999991 18 10 18
leaf_count=3 6 6 6 18 10 18
internal_value=8.54037e-10 0.0361498 -0.0913257 -0.00555932 -0.13461 0.00884156
internal_weight=67 48 19 42 13 36
internal_count=67 48 19 42 13 36
is_linear=0
shrinkage=0.06


Tree=74
num_leaves=7
num_cat=0
split_feature=2 0 1 0 1 1
split_gain=54.2908 143.468 18.9302 12.8272 6.25734 4.6203
threshold=1.0000000180025095e-35 320.00000000000006 105.00000000000001 80.000000000000014 95.000000000000014 105.00000000000001
decision_type=2 2 2 2 2 2
left_child=2 3 4 -2 -1 -5
right_child=1 -3 -4 5 -6 -7
leaf_value=-0.050533182621002169 -0.08644672155380248 0.30842655181884765 0.0023091292381286622 -0.01318382183710734 -0.14933327007293698 0.029805956482887266
leaf_weight=3.0000000000000009 5.9999999999999991 5.9999999999999991 5.9999999999999991 18 10 18
leaf_count=3 6 6 6 18 10 18
internal_value=-1.01417e-09 0.0339808 -0.0858462 -0.00522576 -0.126533 0.00831107
internal_weight=67 48 19 42 13 36
internal_count=67 48 19 42 13 36
is_linear=0
shrinkage=0.06


Tree=75
num_leaves=7
num_cat=0
split_feature=2 3 0 0 0 2
split_gain=51.4453 57.7487 45.2598 33.9118 33.485 13.6392
threshold=1.5000000000000002 2.5000000000000004 237.50000000000003 237.50000000000003 320.00000000000006 1.0000000180025095e-35
decision_type=2 2 2 2 2 2
left_child=3 2 -2 5 -5 -1
right_child=1 -3 -4 4 -6 -7
leaf_value=-0.11342728394728439 0.077283090054988873 -0.10356776297092438 0.32446866273879998 0.094664264917373633 -0.078934512138366691 -0.034483887434005739
leaf_weight=12.999999999999998 7.9999999999999982 3.9999999999999991 4 12.000000000000002 5.9999999999999991 20
leaf_count=13 8 4 4 12 6 20
internal_value=-2.13509e-10 0.0938668 0.159678 -0.0294484 0.036798 -0.0655828
internal_weight=67 16 12 51 18 33
internal_count=67 16 12 51 18 33
is_linear=0
shrinkage=0.06


Tree=76
num_leaves=7
num_cat=0
split_feature=2 3 0 0 2 0
split_gain=45.4571 51.0268 39.9915 31.3719 12.1182 9.30881
threshold=1.5000000000000002 2.5000000000000004 237.50000000000003 102.00000000000001 1.0000000180025095e-35 277.50000000000006
decision_type=2 2 2 2 2 2
left_child=3 2 -2 -1 -5 -6
right_child=1 -3 -4 4 5 -7
leaf_value=-0.1041835948399135 0.07264610409736634 -0.097353695333003989 0.30500054597854609 -0.045390222622798036 0.00011422276496887204 0.07938242554664611
leaf_weight=13.999999999999998 7.9999999999999982 3.9999999999999991 4 12.999999999999998 16.000000000000004 7.9999999999999991
leaf_count=14 8 4 4 13 16 8
internal_value=-2.66886e-10 0.0882348 0.150098 -0.0276815 0.00126525 0.026537
internal_weight=67 16 12 51 37 24
internal_count=67 16 12 51 37 24
is_linear=0
shrinkage=0.06


Tree=77
num_leaves=7
num_cat=0
split_feature=0 2 0 0 2 0
split_gain=40.9795 43.382 35.5019 20.7795 9.18041 10.3121
threshold=277.50000000000006 1.5000000000000002 320.00000000000006 80.000000000000014 1.5000000000000002 237.50000000000003
decision_type=2 2 2 2 2 2
left_child=3 2 -2 -1 5 -5
right_child=1 -3 -4 4 -6 -7
leaf_value=-0.10901749412218728 0.12993735790252686 0.25489870548248289 -0.076465935707092259 -0.040597382646340593 0.041626282095909115 0.046667205691337581
leaf_weight=8.9999999999999982 5.9999999999999982 3.9999999999999991 6 26 9.9999999999999982 5.9999999999999991
leaf_count=9 6 4 6 26 10 6
internal_value=2.13509e-10 0.0837765 0.0267357 -0.0262828 -0.00855395 -0.0242353
internal_weight=67 16 12 51 42 32
internal_count=67 16 12 51 42 32
is_linear=0
shrinkage=0.06


Tree=78
num_leaves=7
num_cat=0
split_feature=2 0 1 1 3 2
split_gain=37.3632 116.287 14.7363 7.95798 6.22437 6.46414
threshold=1.0000000180025095e-35 320.00000000000006 105.00000000000001 105.00000000000001 2.5000000000000004 1.5000000000000002
decision_type=2 2 2 2 2 2
left_child=2 3 -1 -2 5 -5
right_child=1 -3 -4 4 -6 -7
leaf_value=-0.10711454162230856 -0.029726198613643645 0.27527431488037107 0.0065629482269287101 0.016859628036618224 -0.02684767872095108 0.11027581214904784
leaf_weight=13.000000000000002 24 5.9999999999999991 5.9999999999999991 8.0000000000000018 5.9999999999999991 3.9999999999999991
leaf_count=13 24 6 6 8 6 4
internal_value=-4.27018e-10 0.0281898 -0.0712164 -0.00710797 0.0230497 0.0479984
internal_weight=67 48 19 42 18 12
internal_count=67 48 19 42 18 12
is_linear=0
shrinkage=0.06


Tree=79
num_leaves=7
num_cat=0
split_feature=2 3 0 0 0 0
split_gain=33.5018 43.93 31.4143 23.2836 13.3496 25.0695
threshold=1.5000000000000002 2.5000000000000004 237.50000000000003 102.00000000000001 320.00000000000006 237.50000000000003
decision_type=2 2 2 2 2 2
left_child=3 2 -2 -1 5 -5
right_child=1 -3 -4 4 -6 -7
leaf_value=-0.089670575175966521 0.064503102153539674 -0.096451347470283499 0.27043831586837763 -0.025851363790662659 -0.080746662616729734 0.084922600686550137
leaf_weight=13.999999999999998 7.9999999999999982 3.9999999999999991 4 19.000000000000004 5.9999999999999991 11.999999999999998
leaf_count=14 8 4 4 19 6 12
internal_value=-6.13839e-10 0.0757483 0.133148 -0.0237642 0.00117339 0.0170289
internal_weight=67 16 12 51 37 31
internal_count=67 16 12 51 37 31
is_linear=0
shrinkage=0.06


Tree=80
num_leaves=7
num_cat=0
split_feature=2 0 1 1 3 1
split_gain=31.3512 101.426 12.1897 6.93345 5.42976 5.35801
threshold=1.0000000180025095e-35 320.00000000000006 105.00000000000001 105.00000000000001 2.5000000000000004 95.000000000000014
decision_type=2 2 2 2 2 2
left_child=2 3 5 -2 -5 -1
right_child=1 -3 -4 4 -6 -7
leaf_value=-0.027558344006538373 -0.028254893273115159 0.25657895803451541 0.0055047774314880369 0.044308577924966799 -0.025596954226493836 -0.11898311376571652
leaf_weight=3.0000000000000009 24 5.9999999999999991 5.9999999999999991 12.000000000000002 5.9999999999999991 10
leaf_count=3 24 6 6 12 6 10
internal_value=2.13509e-10 0.0258224 -0.0652357 -0.00714277 0.0210067 -0.0978851
internal_weight=67 48 19 42 18 13
internal_count=67 48 19 42 18 13
is_linear=0
shrinkage=0.06


Tree=81
num_leaves=7
num_cat=0
split_feature=2 3 0 0 0 0
split_gain=28.3279 37.3134 25.9615 18.288 14.0475 23.1028
threshold=1.5000000000000002 2.5000000000000004 237.50000000000003 102.00000000000001 320.00000000000006 237.50000000000003
decision_type=2 2 2 2 2 2
left_child=3 2 -2 -1 5 -5
right_child=1 -3 -4 4 -6 -7
leaf_value=-0.080262034790856487 0.060151303410530099 -0.089048716127872463 0.24736231327056879 -0.024650453172231968 -0.083785355091094957 0.081689537167549134
leaf_weight=13.999999999999998 7.9999999999999982 3.9999999999999991 4 19.000000000000004 5.9999999999999991 11.999999999999998
leaf_count=14 8 4 4 19 6 12
internal_value=5.07084e-10 0.0696541 0.122555 -0.0218523 0.000248749 0.0165134
internal_weight=67 16 12 51 37 31
internal_count=67 16 12 51 37 31
is_linear=0
shrinkage=0.06


Tree=82
num_leaves=7
num_cat=0
split_feature=2 0 1 1 3 2
split_gain=26.3078 88.8142 10.0666 6.05201 4.75032 4.6148
threshold=1.0000000180025095e-35 320.00000000000006 105.00000000000001 105.00000000000001 2.5000000000000004 1.5000000000000002
decision_type=2 2 2 2 2 2
left_child=2 3 -1 -2 5 -5
right_child=1 -3 -4 4 -6 -7
leaf_value=-0.089428683565213107 -0.02691783159971237 0.2395883846282959 0.0045267117023468015 0.014591289684176438 -0.024484341144561765 0.093521486520767208
leaf_weight=13.000000000000002 24 5.9999999999999991 5.9999999999999991 8.0000000000000018 5.9999999999999991 3.9999999999999991
leaf_count=13 24 6 6 8 6 4
internal_value=-7.47282e-10 0.0236544 -0.0597586 -0.00719328 0.0191061 0.0409014
internal_weight=67 48 19 42 18 12
internal_count=67 48 19 42 18 12
is_linear=0
shrinkage=0.06


Tree=83
num_leaves=7
num_cat=0
split_feature=2 0 0 0 0 2
split_gain=23.3704 31.3781 14.7046 14.8919 20.7404 10.1263
threshold=1.5000000000000002 277.50000000000006 102.00000000000001 320.00000000000006 237.50000000000003 1.0000000180025095e-35
decision_type=2 2 2 2 2 2
left_child=2 -2 -1 4 -4 -6
right_child=1 -3 3 -5 5 -7
leaf_value=-0.072223818642752513 0.014754856824874877 0.20880039453506469 -0.022286596862893349 -0.086553196907043453 0.15641721010208137 0.039496169239282598
leaf_weight=13.999999999999998 11.999999999999998 3.9999999999999991 19.000000000000004 5.9999999999999991 3.9999999999999973 8
leaf_count=14 12 4 19 6 4 8
internal_value=1.06755e-09 0.0632662 -0.0198482 -3.04413e-05 0.0167159 0.0784698
internal_weight=67 16 51 37 31 12
internal_count=67 16 51 37 31 12
is_linear=0
shrinkage=0.06


Tree=84
num_leaves=7
num_cat=0
split_feature=2 0 1 1 3 1
split_gain=22.8895 78.057 8.12649 4.74777 4.97112 4.53161
threshold=1.0000000180025095e-35 320.00000000000006 105.00000000000001 105.00000000000001 2.5000000000000004 95.000000000000014
decision_type=2 2 2 2 2 2
left_child=2 3 5 -2 -5 -1
right_child=1 -3 -4 4 -6 -7
leaf_value=-0.01772289991378783 -0.024325477853417397 0.22449921369552611 0.0020182347297668457 0.038734727501869189 -0.028153312206268311 -0.1018021352291107
leaf_weight=3.0000000000000009 24 5.9999999999999991 5.9999999999999991 12.000000000000002 5.9999999999999991 10
leaf_count=3 24 6 6 12 6 10
internal_value=4.0033e-10 0.0220642 -0.0557411 -0.00685511 0.0164387 -0.0823992
internal_weight=67 48 19 42 18 13
internal_count=67 48 19 42 18 13
is_linear=0
shrinkage=0.06


Tree=85
num_leaves=7
num_cat=0
split_feature=2 0 1 1 3 1
split_gain=20.2251 68.9712 7.18057 4.19513 4.39248 4.00413
threshold=1.0000000180025095e-35 320.00000000000006 105.00000000000001 105.00000000000001 2.5000000000000004 95.000000000000014
decision_type=2 2 2 2 2 2
left_child=2 3 5 -2 -5 -1
right_child=1 -3 -4 4 -6 -7
leaf_value=-0.016659525632858267 -0.022865949496626851 0.21102925181388854 0.0018971419334411622 0.036410642564296707 -0.026464111804962158 -0.095694005727767928
leaf_weight=3.0000000000000009 24 5.9999999999999991 5.9999999999999991 12.000000000000002 5.9999999999999991 10
leaf_count=3 24 6 6 12 6 10
internal_value=-2.93575e-10 0.0207403 -0.0523966 -0.0064438 0.0154524 -0.0774553
internal_weight=67 48 19 42 18 13
internal_count=67 48 19 42 18 13
is_linear=0
shrinkage=0.06


Tree=86
num_leaves=7
num_cat=0
split_feature=2 3 0 0 0 2
split_gain=18.905 30.1755 17.7879 11.1933 32.5883 9.56464
threshold=1.5000000000000002 2.5000000000000004 237.50000000000003 320.00000000000006 237.50000000000003 1.0000000180025095e-35
decision_type=2 2 2 2 2 2
left_child=3 2 -2 4 -1 -6
right_child=1 -3 -4 -5 5 -7
leaf_value=-0.038377653143622653 0.05282020837068558 -0.085816120058298112 0.20778367996215813 -0.094831218123435965 0.15283959746360787 0.039207443296909325
leaf_weight=33 7.9999999999999982 3.9999999999999991 4 5.9999999999999991 3.9999999999999973 8
leaf_count=33 8 4 4 6 4 8
internal_value=-2.93575e-10 0.056902 0.104475 -0.0178516 -0.00758766 0.0770848
internal_weight=67 16 12 51 45 12
internal_count=67 16 12 51 45 12
is_linear=0
shrinkage=0.06


Tree=87
num_leaves=7
num_cat=0
split_feature=2 0 1 0 2 2
split_gain=17.6944 60.7619 5.91337 4.75213 37.3818 7.06903
threshold=1.0000000180025095e-35 320.00000000000006 105.00000000000001 237.50000000000003 1.5000000000000002 1.5000000000000002
decision_type=2 2 2 2 2 2
left_child=2 3 -1 5 -5 -2
right_child=1 -3 -4 4 -6 -7
leaf_value=-0.071749274776532077 -0.013945990025997163 0.19800507545471191 0.00026162624359130857 0.036854996234178546 -0.18779022932052605 0.047838111877441393
leaf_weight=13.000000000000002 20 5.9999999999999991 5.9999999999999991 7.9999999999999982 4 10.000000000000002
leaf_count=13 20 6 6 8 4 10
internal_value=1.33443e-10 0.0193994 -0.049009 -0.00611571 -0.0380267 0.00664871
internal_weight=67 48 19 42 12 30
internal_count=67 48 19 42 12 30
is_linear=0
shrinkage=0.06


Tree=88
num_leaves=7
num_cat=0
split_feature=2 3 0 0 0 2
split_gain=16.4171 24.8426 16.2755 11.7859 27.5156 9.15467
threshold=1.5000000000000002 2.5000000000000004 237.50000000000003 320.00000000000006 237.50000000000003 1.0000000180025095e-35
decision_type=2 2 2 2 2 2
left_child=3 2 -2 4 -1 -6
right_child=1 -3 -4 -5 5 -7
leaf_value=-0.034395689476620063 0.04678070694208146 -0.076468583196401596 0.19501022815704339 -0.095626568496227263 0.1458138513565064 0.034643696844577784
leaf_weight=33 7.9999999999999982 3.9999999999999991 4 5.9999999999999991 3.9999999999999973 8
leaf_count=33 8 4 4 6 4 8
internal_value=7.73971e-10 0.0530258 0.0961905 -0.0166355 -0.00610339 0.0717004
internal_weight=67 16 12 51 45 12
internal_count=67 16 12 51 45 12
is_linear=0
shrinkage=0.06


Tree=89
num_leaves=7
num_cat=0
split_feature=2 0 0 2 0 2
split_gain=15.5168 53.6852 4.92902 33.4945 6.25208 6.3564
threshold=1.0000000180025095e-35 320.00000000000006 237.50000000000003 1.5000000000000002 80.000000000000014 1.5000000000000002
decision_type=2 2 2 2 2 2
left_child=-1 2 4 -4 -2 -6
right_child=1 -3 3 -5 5 -7
leaf_value=-0.045894318411224766 -0.047598358690738647 0.18604963719844816 0.032565076053142551 -0.1800790643692016 -0.00095580250024795532 0.06454661875963208
leaf_weight=19 6.0000000000000027 5.9999999999999991 7.9999999999999982 4 15.999999999999998 8.0000000000000018
leaf_count=19 6 6 8 4 16 8
internal_value=1.22768e-09 0.0181665 -0.0058168 -0.0383163 0.007183 0.0208783
internal_weight=67 48 42 12 30 24
internal_count=67 48 42 12 30 24
is_linear=0
shrinkage=0.06


Tree=90
num_leaves=7
num_cat=0
split_feature=2 0 0 0 2 1
split_gain=14.3473 24.1111 12.3507 23.4223 8.83428 6.5628
threshold=1.5000000000000002 277.50000000000006 320.00000000000006 237.50000000000003 1.0000000180025095e-35 105.00000000000001
decision_type=2 2 2 2 2 2
left_child=2 5 3 -1 -5 -2
right_child=1 -3 -4 4 -6 -7
leaf_value=-0.030873199362646448 -0.024329382106661798 0.17714417695999146 -0.09641307175159454 0.13981868147850041 0.030611170716583719 0.069797045588493326
leaf_weight=33 7.9999999999999982 3.9999999999999991 5.9999999999999991 3.9999999999999973 8 4
leaf_count=33 8 4 6 4 8 4
internal_value=-1.26104e-09 0.0495706 -0.0155516 -0.00477003 0.0670137 0.00704609
internal_weight=67 16 51 45 12 12
internal_count=67 16 51 45 12 12
is_linear=0
shrinkage=0.06


Tree=91
num_leaves=7
num_cat=0
split_feature=2 0 0 2 0 2
split_gain=13.6407 47.6513 5.1461 30.415 5.36395 5.04505
threshold=1.0000000180025095e-35 320.00000000000006 237.50000000000003 1.5000000000000002 80.000000000000014 1.5000000000000002
decision_type=2 2 2 2 2 2
left_child=-1 2 4 -4 -2 -6
right_child=1 -3 3 -5 5 -7
leaf_value=-0.043030440544611526 -0.043020941764116263 0.17520028516650199 0.028774500824511055 -0.17385876417160032 0.00095393747091293329 0.059309791177511187
leaf_weight=19 6.0000000000000027 5.9999999999999991 7.9999999999999982 4 15.999999999999998 8.0000000000000018
leaf_count=19 6 6 8 4 16 8
internal_value=-4.63715e-10 0.0170329 -0.00556246 -0.0387699 0.00772052 0.0204059
internal_weight=67 48 42 12 30 24
internal_count=67 48 42 12 30 24
is_linear=0
shrinkage=0.06


Tree=92
num_leaves=7
num_cat=0
split_feature=2 0 0 0 2 2
split_gain=12.5889 21.3482 12.7655 19.9857 8.47493 5.42484
threshold=1.5000000000000002 277.50000000000006 320.00000000000006 237.50000000000003 1.0000000180025095e-35 1.0000000180025095e-35
decision_type=2 2 2 2 2 2
left_child=2 -2 3 5 -5 -1
right_child=1 -3 -4 4 -6 -7
leaf_value=-0.057892469222872299 0.0064197321236133574 0.16647530794143675 -0.096775692403316502 0.13401138782501226 0.027048030719161027 -0.0081055767238140102
leaf_weight=12.999999999999998 11.999999999999998 3.9999999999999991 5.9999999999999991 3.9999999999999973 8 20
leaf_count=13 12 4 6 4 8 20
internal_value=3.8073e-10 0.0464336 -0.0145674 -0.00360631 0.0627025 -0.0277186
internal_weight=67 16 51 45 12 33
internal_count=67 16 51 45 12 33
is_linear=0
shrinkage=0.06


Tree=93
num_leaves=7
num_cat=0
split_feature=2 0 0 2 0 0
split_gain=11.2935 42.7039 5.19431 27.8898 4.73959 4.35092
threshold=1.0000000180025095e-35 320.00000000000006 237.50000000000003 1.5000000000000002 80.000000000000014 80.000000000000014
decision_type=2 2 2 2 2 2
left_child=5 2 4 -4 -2 -1
right_child=1 -3 3 -5 -6 -7
leaf_value=-0.10546133279800403 -0.040243856161832785 0.16522980540990828 0.02542514964938164 -0.16861408710479733 0.019377363920211794 -0.026720824786461889
leaf_weight=3.0000000000000027 6.0000000000000027 5.9999999999999991 7.9999999999999982 4 24 15.999999999999998
leaf_count=3 6 6 8 4 24 16
internal_value=1.24436e-09 0.0154983 -0.00589194 -0.0392546 0.00745312 -0.0391535
internal_weight=67 48 42 12 30 19
internal_count=67 48 42 12 30 19
is_linear=0
shrinkage=0.06


Tree=94
num_leaves=7
num_cat=0
split_feature=2 0 0 0 2 1
split_gain=11.6445 18.5606 13.0231 17.1345 7.96175 4.70905
threshold=1.5000000000000002 277.50000000000006 320.00000000000006 237.50000000000003 1.0000000180025095e-35 105.00000000000001
decision_type=2 2 2 2 2 2
left_child=2 5 3 -1 -5 -2
right_child=1 -3 -4 4 -6 -7
leaf_value=-0.025265425904230636 -0.019229354951530699 0.1565883207321167 -0.097043926119804377 0.12757395744323735 0.023899641036987298 0.060502810478210434
leaf_weight=33 7.9999999999999982 3.9999999999999991 5.9999999999999991 3.9999999999999973 8 4
leaf_count=33 8 4 6 4 8 4
internal_value=4.73723e-10 0.0446581 -0.0140104 -0.00293925 0.0584577 0.00734803
internal_weight=67 16 51 45 12 12
internal_count=67 16 51 45 12 12
is_linear=0
shrinkage=0.06


Tree=95
num_leaves=7
num_cat=0
split_feature=2 3 0 0 0 0
split_gain=10.2891 18.6701 13.4703 11.5072 15.3602 5.46188
threshold=1.5000000000000002 2.5000000000000004 237.50000000000003 320.00000000000006 277.50000000000006 80.000000000000014
decision_type=2 2 2 2 2 2
left_child=3 2 -2 4 5 -1
right_child=1 -3 -4 -5 -6 -7
leaf_value=-0.064520621640341627 0.034448147714138039 -0.070281538255512713 0.16929969549179075 -0.09122128933668136 0.086608682870864859 -0.0060105582140386107
leaf_weight=6.9999999999999991 7.9999999999999982 3.9999999999999991 4 5.9999999999999991 5.9999999999999991 32
leaf_count=7 8 4 4 6 6 32
internal_value=-6.33855e-10 0.0419786 0.0793987 -0.0131698 -0.00276289 -0.0165124
internal_weight=67 16 12 51 45 39
internal_count=67 16 12 51 45 39
is_linear=0
shrinkage=0.06


Tree=96
num_leaves=7
num_cat=0
split_feature=2 0 0 2 0 2
split_gain=9.49322 38.4722 5.96019 25.5265 3.6221 3.64274
threshold=1.0000000180025095e-35 320.00000000000006 237.50000000000003 1.5000000000000002 80.000000000000014 1.5000000000000002
decision_type=2 2 2 2 2 2
left_child=-1 2 4 -4 -2 -6
right_child=1 -3 3 -5 5 -7
leaf_value=-0.035897516318057709 -0.033494863696396329 0.15632885315339082 0.020047718882560732 -0.16558855533599851 0.0020969532430171966 0.051683758646249751
leaf_weight=19 6.0000000000000027 5.9999999999999991 7.9999999999999982 4 15.999999999999998 8.0000000000000018
leaf_count=19 6 6 8 4 16 8
internal_value=-3.36214e-10 0.0142094 -0.00609334 -0.041831 0.00820174 0.0186259
internal_weight=67 48 42 12 30 24
internal_count=67 48 42 12 30 24
is_linear=0
shrinkage=0.06


Tree=97
num_leaves=7
num_cat=0
split_feature=2 0 0 0 2 2
split_gain=9.09703 16.3421 11.7587 13.408 7.52798 3.80536
threshold=1.5000000000000002 277.50000000000006 320.00000000000006 237.50000000000003 1.0000000180025095e-35 1.0000000180025095e-35
decision_type=2 2 2 2 2 2
left_child=2 -2 3 5 -5 -1
right_child=1 -3 -4 4 -6 -7
leaf_value=-0.046884869703879721 0.0044625297933816909 0.1445002555847168 -0.09128321051597596 0.11965542554855352 0.018844855874776835 -0.0051864642351865768
leaf_weight=12.999999999999998 11.999999999999998 3.9999999999999991 5.9999999999999991 3.9999999999999973 8 20
leaf_count=13 12 4 6 4 8 20
internal_value=1.12092e-09 0.039472 -0.0123834 -0.00186338 0.0524484 -0.0216131
internal_weight=67 16 51 45 12 33
internal_count=67 16 51 45 12 33
is_linear=0
shrinkage=0.06


Tree=98
num_leaves=7
num_cat=0
split_feature=2 3 0 0 0 0
split_gain=8.03813 15.6994 11.6296 10.39 12.287 4.41146
threshold=1.5000000000000002 2.5000000000000004 237.50000000000003 320.00000000000006 277.50000000000006 80.000000000000014
decision_type=2 2 2 2 2 2
left_child=3 2 -2 4 5 -1
right_child=1 -3 -4 -5 -6 -7
leaf_value=-0.057194478852408276 0.029651321768760685 -0.065838705506175751 0.15495062828063963 -0.085806225240230558 0.078181301951408377 -0.0046108561288565391
leaf_weight=6.9999999999999991 7.9999999999999982 3.9999999999999991 4 5.9999999999999991 5.9999999999999991 32
leaf_count=7 8 4 4 6 6 32
internal_value=-3.36944e-10 0.0371036 0.0714178 -0.0116404 -0.00175158 -0.0140489
internal_weight=67 16 12 51 45 39
internal_count=67 16 12 51 45 39
is_linear=0
shrinkage=0.06


Tree=99
num_leaves=7
num_cat=0
split_feature=2 0 0 2 0 2
split_gain=7.53857 34.9107 6.47505 23.5495 2.84272 2.95922
threshold=1.0000000180025095e-35 320.00000000000006 237.50000000000003 1.5000000000000002 80.000000000000014 1.5000000000000002
decision_type=2 2 2 2 2 2
left_child=-1 2 4 -4 -2 -6
right_child=1 -3 3 -5 5 -7
leaf_value=-0.031989103430195856 -0.028717311322689038 0.14804368540644644 0.015507050603628161 -0.16279548883438108 0.0025589753128588198 0.047252077013254144
leaf_weight=19 6.0000000000000027 5.9999999999999991 7.9999999999999982 4 15.999999999999998 8.0000000000000018
leaf_count=19 6 6 8 4 16 8
internal_value=-7.47282e-10 0.0126624 -0.00667784 -0.0439271 0.00822188 0.0174567
internal_weight=67 48 42 12 30 24
internal_count=67 48 42 12 30 24
is_linear=0
shrinkage=0.06


Tree=100
num_leaves=7
num_cat=0
split_feature=2 0 0 0 0 1
split_gain=7.1553 14.4007 10.6129 10.673 3.69862 3.32719
threshold=1.5000000000000002 277.50000000000006 320.00000000000006 277.50000000000006 80.000000000000014 105.00000000000001
decision_type=2 2 2 2 2 2
left_child=2 5 3 4 -1 -2
right_child=1 -3 -4 -5 -6 -7
leaf_value=-0.051955639294215608 -0.020197411961853508 0.13359943628311158 -0.085939814448356619 0.073509920835494999 -0.0038075227383524177 0.046822771131992326
leaf_weight=6.9999999999999991 7.9999999999999982 3.9999999999999991 5.9999999999999991 5.9999999999999991 32 4
leaf_count=7 8 4 6 6 32 4
internal_value=-4.53707e-10 0.0350068 -0.0109825 -0.000988237 -0.0124495 0.00214265
internal_weight=67 16 51 45 39 12
internal_count=67 16 51 45 39 12
is_linear=0
shrinkage=0.06


Tree=101
num_leaves=7
num_cat=0
split_feature=2 0 0 2 0 0
split_gain=6.34807 31.3575 6.42656 21.1351 2.56951 2.22033
threshold=1.0000000180025095e-35 320.00000000000006 237.50000000000003 1.5000000000000002 80.000000000000014 80.000000000000014
decision_type=2 2 2 2 2 2
left_child=4 2 5 -4 -1 -2
right_child=1 -3 3 -5 -6 -7
leaf_value=-0.080311188697814839 -0.024512097537517534 0.13992666274309157 0.012485555559396745 -0.15642981290817257 -0.019800423737615345 0.016295322552323341
leaf_weight=3.0000000000000027 6.0000000000000027 5.9999999999999991 7.9999999999999982 4 15.999999999999998 24
leaf_count=3 6 6 8 4 16 24
internal_value=-3.06919e-10 0.0116196 -0.00670999 -0.0438196 -0.0293548 0.00813384
internal_weight=67 48 42 12 19 30
internal_count=67 48 42 12 19 30
is_linear=0
shrinkage=0.06


Tree=102
num_leaves=7
num_cat=0
split_feature=2 0 0 0 2 2
split_gain=6.70936 12.5884 10.7243 9.41335 7.34072 2.65028
threshold=1.5000000000000002 277.50000000000006 320.00000000000006 237.50000000000003 1.0000000180025095e-35 1.0000000180025095e-35
decision_type=2 2 2 2 2 2
left_child=2 -2 3 5 -5 -1
right_child=1 -3 -4 4 -6 -7
leaf_value=-0.038226714959511389 0.0031716958433389664 0.12607856512069701 -0.085984482169151305 0.1112852811813355 0.011736422181129452 -0.0034276464432477947
leaf_weight=12.999999999999998 11.999999999999998 3.9999999999999991 5.9999999999999991 3.9999999999999973 8 20
leaf_count=13 12 4 6 4 8 20
internal_value=-5.33773e-11 0.0338984 -0.0106348 -0.000588172 0.0449194 -0.0171364
internal_weight=67 16 51 45 12 33
internal_count=67 16 51 45 12 33
is_linear=0
shrinkage=0.06


Tree=103
num_leaves=7
num_cat=0
split_feature=2 3 0 0 0 0
split_gain=5.92839 12.4333 9.85867 9.476 8.59502 2.73854
threshold=1.5000000000000002 2.5000000000000004 237.50000000000003 320.00000000000006 277.50000000000006 80.000000000000014
decision_type=2 2 2 2 2 2
left_child=3 2 -2 4 5 -1
right_child=1 -3 -4 -5 -6 -7
leaf_value=-0.044832248006548205 0.023946162611246113 -0.05974596261978149 0.13931166887283322 -0.080825413465499873 0.066300748884677879 -0.0034018255211412905
leaf_weight=6.9999999999999991 7.9999999999999982 3.9999999999999991 4 5.9999999999999991 5.9999999999999991 32
leaf_count=7 8 4 4 6 6 32
internal_value=-2.13509e-10 0.0318645 0.0624013 -0.00999671 -0.000552881 -0.0108381
internal_weight=67 16 12 51 45 39
internal_count=67 16 12 51 45 39
is_linear=0
shrinkage=0.06


Tree=104
num_leaves=7
num_cat=0
split_feature=2 0 0 0 1 0
split_gain=5.23832 11.0015 8.37299 7.59456 2.69082 3.28886
threshold=1.5000000000000002 277.50000000000006 320.00000000000006 277.50000000000006 105.00000000000001 102.00000000000001
decision_type=2 2 2 2 2 2
left_child=2 4 3 -1 5 -2
right_child=1 -3 -4 -5 -6 -7
leaf_value=-0.010187771778840284 0.019608111977577211 0.11612687587738037 -0.075975890308618538 0.062322708070278163 0.04140861421823501 -0.05733305007219313
leaf_weight=39 3.9999999999999982 3.9999999999999991 5.9999999999999991 5.9999999999999991 4 4
leaf_count=39 4 4 6 6 4 4
internal_value=2.26853e-10 0.0299526 -0.00939691 -0.000519708 0.00122789 -0.0188625
internal_weight=67 16 51 45 12 8
internal_count=67 16 51 45 12 8
is_linear=0
shrinkage=0.06


Tree=105
num_leaves=7
num_cat=0
split_feature=0 0 2 0 0 2
split_gain=5.06308 2.852 2.50619 28.4671 5.25157 1.33916
threshold=320.00000000000006 80.000000000000014 1.5000000000000002 237.50000000000003 277.50000000000006 1.0000000180025095e-35
decision_type=2 2 2 2 2 2
left_child=1 5 4 -4 -3 -1
right_child=-2 2 3 -5 -6 -7
leaf_value=-0.069897716045379657 0.044792185798287393 -0.0025864495430141686 0.040964707955718042 -0.15507232189178463 0.058583341836929315 -0.02080106288194656
leaf_weight=2.9999999999999982 7.9999999999999991 32 7.9999999999999982 4 5.9999999999999991 6
leaf_count=3 8 32 8 4 6 6
internal_value=4.0033e-11 -0.00607352 -0.000476759 -0.024381 0.00707194 -0.0371666
internal_weight=67 59 50 12 38 9
internal_count=67 59 50 12 38 9
is_linear=0
shrinkage=0.06


Tree=106
num_leaves=7
num_cat=0
split_feature=2 3 0 0 0 2
split_gain=4.93506 10.6927 9.40155 7.97663 6.40897 6.48626
threshold=1.5000000000000002 2.5000000000000004 237.50000000000003 320.00000000000006 237.50000000000003 1.0000000180025095e-35
decision_type=2 2 2 2 2 2
left_child=3 2 -2 4 -1 -6
right_child=1 -3 -4 -5 5 -7
leaf_value=-0.014110707342624663 0.019838368445634844 -0.055883537381887435 0.13249757051467892 -0.074104867726564411 0.099477245807647746 0.0059013141319155674
leaf_weight=33 7.9999999999999982 3.9999999999999991 4 5.9999999999999991 3.9999999999999973 8
leaf_count=33 8 4 4 6 4 8
internal_value=4.13674e-10 0.0290727 0.0573914 -0.00912084 -0.000456308 0.0370933
internal_weight=67 16 12 51 45 12
internal_count=67 16 12 51 45 12
is_linear=0
shrinkage=0.06


Tree=107
num_leaves=7
num_cat=0
split_feature=2 0 0 2 1 0
split_gain=4.89404 27.9044 6.94192 17.4794 2.05927 2.81455
threshold=1.0000000180025095e-35 320.00000000000006 237.50000000000003 1.5000000000000002 95.000000000000014 225.00000000000003
decision_type=2 2 2 2 2 2
left_child=4 2 -2 -4 -1 -6
right_child=1 -3 3 -5 5 -7
leaf_value=0.01984286248683927 0.0083390434235334401 0.13123886823654174 0.0055472351610660556 -0.14806640624999998 -0.059492778405547141 -0.0091628962755203238
leaf_weight=3.0000000000000027 30 5.9999999999999991 7.9999999999999982 4 7.9999999999999991 7.9999999999999991
leaf_count=3 30 6 8 4 8 8
internal_value=-6.20511e-10 0.0102024 -0.00708849 -0.0456573 -0.0257746 -0.0343278
internal_weight=67 48 42 12 19 16
internal_count=67 48 42 12 19 16
is_linear=0
shrinkage=0.06


Tree=108
num_leaves=7
num_cat=0
split_feature=2 0 0 0 2 0
split_gain=4.66048 10.0642 8.19348 5.5399 5.84685 2.01593
threshold=1.5000000000000002 277.50000000000006 320.00000000000006 237.50000000000003 1.0000000180025095e-35 225.00000000000003
decision_type=2 2 2 2 2 2
left_child=2 5 3 -1 -5 -2
right_child=1 -3 -4 4 -6 -7
leaf_value=-0.012776867002248764 0.018167760595679285 0.11067407369613647 -0.074724874049425113 0.094058382511138947 0.0052144016325473778 -0.034000321626663201
leaf_weight=33 7.9999999999999982 3.9999999999999991 5.9999999999999991 3.9999999999999973 8 4
leaf_count=33 8 4 6 4 8 4
internal_value=-2.86903e-10 0.0282523 -0.00886347 -8.19526e-05 0.0348291 0.0007784
internal_weight=67 16 51 45 12 12
internal_count=67 16 51 45 12 12
is_linear=0
shrinkage=0.06


Tree=109
num_leaves=7
num_cat=0
split_feature=2 0 0 2 1 1
split_gain=4.39305 24.9605 6.45997 15.8728 1.90181 2.45454
threshold=1.0000000180025095e-35 320.00000000000006 237.50000000000003 1.5000000000000002 95.000000000000014 105.00000000000001
decision_type=2 2 2 2 2 2
left_child=4 2 -2 -4 -1 -6
right_child=1 -3 3 -5 5 -7
leaf_value=0.019418901801109289 0.0081950928866863244 0.12414005175232887 0.0049015368148684511 -0.14148262739181516 -0.050842842578887937 -0.0023005268722772598
leaf_weight=3.0000000000000027 30 5.9999999999999991 7.9999999999999982 4 9.9999999999999982 5.9999999999999991
leaf_count=3 30 6 8 4 10 6
internal_value=6.67216e-12 0.00966614 -0.00668727 -0.0438932 -0.0244197 -0.0326395
internal_weight=67 48 42 12 19 16
internal_count=67 48 42 12 19 16
is_linear=0
shrinkage=0.06


Tree=110
num_leaves=7
num_cat=0
split_feature=2 0 0 0 2 1
split_gain=4.39667 8.80947 8.1239 4.93186 5.40256 1.81743
threshold=1.5000000000000002 277.50000000000006 320.00000000000006 237.50000000000003 1.0000000180025095e-35 105.00000000000001
decision_type=2 2 2 2 2 2
left_child=2 5 3 -1 -5 -2
right_child=1 -3 -4 4 -6 -7
leaf_value=-0.011842799471183257 -0.014774267300963402 0.10455390214920043 -0.074190122783184057 0.090009183883667035 0.0046074446663260452 0.034758840948343271
leaf_weight=33 7.9999999999999982 3.9999999999999991 5.9999999999999991 3.9999999999999973 8 4
leaf_count=33 8 4 6 4 8 4
internal_value=1.13427e-10 0.0274411 -0.00860896 0.000135198 0.0330747 0.00173677
internal_weight=67 16 51 45 12 12
internal_count=67 16 51 45 12 12
is_linear=0
shrinkage=0.06


Tree=111
num_leaves=7
num_cat=0
split_feature=2 0 0 2 1 1
split_gain=3.94357 22.3861 6.05232 14.5223 1.75404 2.02279
threshold=1.0000000180025095e-35 320.00000000000006 237.50000000000003 1.5000000000000002 95.000000000000014 105.00000000000001
decision_type=2 2 2 2 2 2
left_child=4 2 -2 -4 -1 -6
right_child=1 -3 3 -5 5 -7
leaf_value=0.018964337110519387 0.0080763195306062692 0.11756817534565926 0.0043309982120990761 -0.13568706393241878 -0.047555760204792019 -0.0034889652580022811
leaf_weight=3.0000000000000027 30 5.9999999999999991 7.9999999999999982 4 9.9999999999999982 5.9999999999999991
leaf_count=3 30 6 8 4 10 6
internal_value=-2.13509e-10 0.0091583 -0.00632883 -0.0423417 -0.0231368 -0.0310307
internal_weight=67 48 42 12 19 16
internal_count=67 48 42 12 19 16
is_linear=0
shrinkage=0.06


Tree=112
num_leaves=7
num_cat=0
split_feature=2 1 0 0 0 0
split_gain=4.14536 8.10609 8.01276 6.98072 4.45879 1.65131
threshold=1.5000000000000002 105.00000000000001 320.00000000000006 237.50000000000003 277.50000000000006 80.000000000000014
decision_type=2 2 2 2 2 2
left_child=2 3 4 -2 5 -1
right_child=1 -3 -4 -5 -6 -7
leaf_value=-0.033480399165834701 0.018794512152671815 -0.028488970994949341 -0.073490328192710883 0.12112278342247006 0.048476376533508302 -0.0013086825655773281
leaf_weight=6.9999999999999991 5.9999999999999982 5.9999999999999991 5.9999999999999991 4 5.9999999999999991 32
leaf_count=7 6 6 6 4 6 32
internal_value=5.13756e-10 0.0266453 -0.0083593 0.0597258 0.000324836 -0.00708309
internal_weight=67 16 51 10 45 39
internal_count=67 16 51 10 45 39
is_linear=0
shrinkage=0.06


Tree=113
num_leaves=7
num_cat=0
split_feature=2 3 0 0 0 2
split_gain=3.66284 7.64295 7.08008 7.07747 4.0114 4.98911
threshold=1.5000000000000002 2.5000000000000004 320.00000000000006 225.00000000000003 237.50000000000003 1.0000000180025095e-35
decision_type=2 2 2 2 2 2
left_child=2 3 4 -2 -1 -6
right_child=1 -3 -4 -5 5 -7
leaf_value=-0.01049721400168809 0.0029099699854850773 -0.046779565662145611 -0.069080907702445973 0.095067228078842145 0.084724942445755042 0.002656107265502214
leaf_weight=33 5.9999999999999982 3.9999999999999991 5.9999999999999991 6 3.9999999999999973 8
leaf_count=33 6 4 6 6 4 8
internal_value=6.77224e-10 0.0250466 -0.00785774 0.0489886 0.000305346 0.0300124
internal_weight=67 16 51 12 45 12
internal_count=67 16 51 12 45 12
is_linear=0
shrinkage=0.06


Tree=114
num_leaves=7
num_cat=0
split_feature=2 0 0 2 1 0
split_gain=3.38219 20.3695 6.03736 13.3544 1.58029 1.7038
threshold=1.0000000180025095e-35 320.00000000000006 237.50000000000003 1.5000000000000002 95.000000000000014 225.00000000000003
decision_type=2 2 2 2 2 2
left_child=4 2 -2 -4 -1 -6
right_child=1 -3 3 -5 5 -7
leaf_value=0.018534829616546608 0.008095657274127005 0.11189313068985939 0.0024967410787940028 -0.1317734849452972 -0.048499035257846115 -0.0093400892475619911
leaf_weight=3.0000000000000027 30 5.9999999999999991 7.9999999999999982 4 7.9999999999999991 7.9999999999999991
leaf_count=3 30 6 8 4 8 8
internal_value=-2.3853e-10 0.00848143 -0.00629167 -0.04226 -0.0214268 -0.0289196
internal_weight=67 48 42 12 19 16
internal_count=67 48 42 12 19 16
is_linear=0
shrinkage=0.06


Tree=115
num_leaves=7
num_cat=0
split_feature=2 0 0 0 0 0
split_gain=3.46979 7.42937 7.16218 3.60415 1.52793 1.33945
threshold=1.5000000000000002 277.50000000000006 320.00000000000006 277.50000000000006 225.00000000000003 80.000000000000014
decision_type=2 2 2 2 2 2
left_child=2 4 3 5 -2 -1
right_child=1 -3 -4 -5 -6 -7
leaf_value=-0.029872190441404069 0.015911457315087321 0.095192999839782716 -0.069224978983402241 0.043853982910513879 -0.02950560271739959 -0.0008971860108431428
leaf_weight=6.9999999999999991 7.9999999999999982 3.9999999999999991 5.9999999999999991 5.9999999999999991 4 32
leaf_count=7 8 4 6 6 4 32
internal_value=-2.21849e-10 0.0243776 -0.00764787 0.000562414 0.000772437 -0.00609783
internal_weight=67 16 51 45 12 39
internal_count=67 16 51 45 12 39
is_linear=0
shrinkage=0.06


Tree=116
num_leaves=7
num_cat=0
split_feature=2 1 0 0 0 2
split_gain=3.06591 6.67703 6.3285 5.36783 3.18752 4.48992
threshold=1.5000000000000002 105.00000000000001 320.00000000000006 237.50000000000003 237.50000000000003 1.0000000180025095e-35
decision_type=2 2 2 2 2 2
left_child=2 3 4 -2 -1 -6
right_child=1 -3 -4 -5 5 -7
leaf_value=-0.0091008589581840424 0.017045607268810273 -0.027123918533325193 -0.065071478486061096 0.10677716016769406 0.078913146257400549 0.0010582325421273707
leaf_weight=33 5.9999999999999982 5.9999999999999991 5.9999999999999991 4 3.9999999999999973 8
leaf_count=33 6 6 6 4 4 8
internal_value=2.85652e-11 0.0229149 -0.007189 0.0529382 0.000528669 0.0270099
internal_weight=67 16 51 10 45 12
internal_count=67 16 51 10 45 12
is_linear=0
shrinkage=0.06


Tree=117
num_leaves=7
num_cat=0
split_feature=2 0 0 2 1 0
split_gain=2.91037 18.5347 5.99933 12.3691 1.42135 1.33867
threshold=1.0000000180025095e-35 320.00000000000006 237.50000000000003 1.5000000000000002 95.000000000000014 225.00000000000003
decision_type=2 2 2 2 2 2
left_child=4 2 -2 -4 -1 -6
right_child=1 -3 3 -5 5 -7
leaf_value=0.01802262246608732 0.0081175227090716368 0.1065119981765747 0.00099473875947296629 -0.12822728991508481 -0.044337273049168284 -0.00962701404467225
leaf_weight=3.0000000000000027 30 5.9999999999999991 7.9999999999999982 4 7.9999999999999991 7.9999999999999991
leaf_count=3 30 6 8 4 8 8
internal_value=-1.28439e-10 0.00786763 -0.00622442 -0.0420793 -0.0198761 -0.0269821
internal_weight=67 48 42 12 19 16
internal_count=67 48 42 12 19 16
is_linear=0
shrinkage=0.06


Tree=118
num_leaves=7
num_cat=0
split_feature=2 0 0 0 1 0
split_gain=2.91926 6.40255 6.33326 2.92608 1.64907 1.9507
threshold=1.5000000000000002 320.00000000000006 277.50000000000006 277.50000000000006 105.00000000000001 102.00000000000001
decision_type=2 2 2 2 2 2
left_child=1 3 4 -1 5 -2
right_child=2 -3 -4 -5 -6 -7
leaf_value=-0.0052533765968221886 0.014466036334633829 -0.065235130190849297 0.087743282318115234 0.039754903316497801 0.032021222412586203 -0.044789782762527458
leaf_weight=39 3.9999999999999982 5.9999999999999991 3.9999999999999991 5.9999999999999991 4 4
leaf_count=39 4 6 4 6 4 4
internal_value=-2.28522e-10 -0.00701496 0.0223602 0.000747727 0.000565825 -0.0151619
internal_weight=67 51 16 45 12 8
internal_count=67 51 16 45 12 8
is_linear=0
shrinkage=0.06


Tree=119
num_leaves=7
num_cat=0
split_feature=2 3 0 0 0 0
split_gain=2.57946 6.02552 5.78026 5.6573 2.58548 1.08716
threshold=1.5000000000000002 2.5000000000000004 225.00000000000003 320.00000000000006 277.50000000000006 80.000000000000014
decision_type=2 2 2 2 2 2
left_child=3 2 -2 4 5 -1
right_child=1 -3 -4 -5 -6 -7
leaf_value=-0.026356817824499945 0.00063459768891334541 -0.042756231129169465 0.083919098377227774 -0.061321022287011147 0.037369610005989665 -0.00025284578092396256
leaf_weight=6.9999999999999991 5.9999999999999982 3.9999999999999991 6 5.9999999999999991 5.9999999999999991 32
leaf_count=7 6 4 6 6 6 32
internal_value=-1.72642e-10 0.0210186 0.0422768 -0.00659406 0.000702864 -0.00493817
internal_weight=67 16 12 51 45 39
internal_count=67 16 12 51 45 39
is_linear=0
shrinkage=0.06


Tree=120
num_leaves=7
num_cat=0
split_feature=0 2 0 0 2 2
split_gain=2.50692 1.28263 16.4782 2.349 4.03669 1.05034
threshold=320.00000000000006 1.5000000000000002 237.50000000000003 237.50000000000003 1.0000000180025095e-35 1.0000000180025095e-35
decision_type=2 2 2 2 2 2
left_child=1 3 -3 5 -5 -1
right_child=-2 2 -4 4 -6 -7
leaf_value=-0.020882876068353651 0.031518475636839863 0.021034963667392732 -0.12305714249610901 0.072607430219650299 -0.0012134946696460245 0.0010243380367755889
leaf_weight=12.999999999999998 7.9999999999999991 9.9999999999999982 3.9999999999999991 3.9999999999999973 8 20
leaf_count=13 8 10 4 4 8 20
internal_value=1.06755e-10 -0.00427369 -0.0201342 0.000660692 0.0233935 -0.00760578
internal_weight=67 59 14 45 12 33
internal_count=67 59 14 45 12 33
is_linear=0
shrinkage=0.06


Tree=121
num_leaves=7
num_cat=0
split_feature=2 0 0 0 0 0
split_gain=2.47248 5.95713 5.32131 2.1073 1.26536 0.929227
threshold=1.5000000000000002 277.50000000000006 320.00000000000006 277.50000000000006 225.00000000000003 80.000000000000014
decision_type=2 2 2 2 2 2
left_child=2 4 3 5 -2 -1
right_child=1 -3 -4 -5 -6 -7
leaf_value=-0.024273541484560283 0.01321776106953621 0.083989963531494141 -0.059532869234681131 0.033723822794854641 -0.028112996220588677 -0.00014002794865518807
leaf_weight=6.9999999999999991 7.9999999999999982 3.9999999999999991 5.9999999999999991 5.9999999999999991 4 32
leaf_count=7 8 4 6 6 4 32
internal_value=-8.3402e-11 0.0205781 -0.00645588 0.00062105 -0.000559158 -0.00447168
internal_weight=67 16 51 45 12 39
internal_count=67 16 51 45 12 39
is_linear=0
shrinkage=0.06


Tree=122
num_leaves=7
num_cat=0
split_feature=0 2 0 0 2 2
split_gain=2.4324 1.21042 14.8582 1.89137 3.56682 0.924072
threshold=320.00000000000006 1.5000000000000002 237.50000000000003 237.50000000000003 1.0000000180025095e-35 1.0000000180025095e-35
decision_type=2 2 2 2 2 2
left_child=1 3 -3 5 -5 -1
right_child=-2 2 -4 4 -6 -7
leaf_value=-0.019287345587061001 0.031046495363116263 0.019475769191980363 -0.11735002756118774 0.067243469953537013 -0.0021481986064463849 0.0012608813345432281
leaf_weight=12.999999999999998 7.9999999999999991 9.9999999999999982 3.9999999999999991 3.9999999999999973 8 20
leaf_count=13 8 10 4 4 8 20
internal_value=-4.53707e-10 -0.00420969 -0.0196173 0.000583787 0.0209824 -0.00683387
internal_weight=67 59 14 45 12 33
internal_count=67 59 14 45 12 33
is_linear=0
shrinkage=0.06


Tree=123
num_leaves=7
num_cat=0
split_feature=2 0 0 2 0 1
split_gain=2.38093 15.9757 4.82324 8.68642 1.78314 2.39534
threshold=1.0000000180025095e-35 320.00000000000006 237.50000000000003 1.5000000000000002 277.50000000000006 105.00000000000001
decision_type=2 2 2 2 2 2
left_child=4 2 -2 -4 5 -1
right_child=1 -3 3 -5 -6 -7
leaf_value=0.005972783226858484 0.0068925603181123731 0.09869789332151413 -0.0020193068124353887 -0.11030902504920956 -0.053572025299072262 -0.04824653796851635
leaf_weight=11.000000000000002 30 5.9999999999999991 7.9999999999999982 4 3.9999999999999991 3.9999999999999991
leaf_count=11 30 6 8 4 4 4
internal_value=-3.4028e-10 0.00711612 -0.00596699 -0.0381159 -0.0179776 -0.0084857
internal_weight=67 48 42 12 19 15
internal_count=67 48 42 12 19 15
is_linear=0
shrinkage=0.06


Tree=124
num_leaves=7
num_cat=0
split_feature=2 0 0 0 1 0
split_gain=2.52522 5.54392 5.52916 1.83553 1.01957 1.19183
threshold=1.5000000000000002 320.00000000000006 277.50000000000006 277.50000000000006 105.00000000000001 102.00000000000001
decision_type=2 2 2 2 2 2
left_child=1 3 4 -1 5 -2
right_child=2 -3 -4 -5 -6 -7
leaf_value=-0.0040539440913842277 0.011224460899829865 -0.060700161457061759 0.081888012886047357 0.031593664996325967 0.025165997967123977 -0.035092763006687157
leaf_weight=39 3.9999999999999982 5.9999999999999991 3.9999999999999991 5.9999999999999991 4 4
leaf_count=39 4 6 4 6 4 4
internal_value=5.47117e-10 -0.00652437 0.0207964 0.00069907 0.000432565 -0.0119342
internal_weight=67 51 16 45 12 8
internal_count=67 51 16 45 12 8
is_linear=0
shrinkage=0.06


Tree=125
num_leaves=7
num_cat=0
split_feature=2 1 0 0 0 0
split_gain=2.23129 5.54132 4.89861 4.70437 1.62187 0.828724
threshold=1.5000000000000002 105.00000000000001 320.00000000000006 237.50000000000003 277.50000000000006 80.000000000000014
decision_type=2 2 2 2 2 2
left_child=2 3 4 -2 5 -1
right_child=1 -3 -4 -5 -6 -7
leaf_value=-0.022511063984462194 0.013298327624797823 -0.026036407053470611 -0.057058151364326473 0.097301673889160126 0.029698044806718824 0.00027999563142657276
leaf_weight=6.9999999999999991 5.9999999999999982 5.9999999999999991 5.9999999999999991 4 5.9999999999999991 32
leaf_count=7 6 6 6 4 6 32
internal_value=-1.20099e-10 0.0195486 -0.00613291 0.0468997 0.000657126 -0.00381071
internal_weight=67 16 51 10 45 39
internal_count=67 16 51 10 45 39
is_linear=0
shrinkage=0.06


Tree=126
num_leaves=7
num_cat=0
split_feature=0 0 2 0 0 3
split_gain=2.00073 1.06738 1.10989 13.7806 1.07324 0.360025
threshold=320.00000000000006 80.000000000000014 1.5000000000000002 237.50000000000003 277.50000000000006 3.5000000000000004
decision_type=2 2 2 2 2 2
left_child=1 -1 4 -4 5 -3
right_child=-2 2 3 -5 -6 -7
leaf_value=-0.022839567760626477 0.028157164379954337 0.0030019023683336048 0.029163596536964181 -0.10723229885101315 0.027916162759065628 -0.014525820091366767
leaf_weight=8.9999999999999982 7.9999999999999991 27 7.9999999999999982 4 5.9999999999999991 4.9999999999999991
leaf_count=9 8 27 8 4 6 5
internal_value=3.30272e-10 -0.00381792 -0.000394024 -0.0163017 0.00462945 0.000263196
internal_weight=67 59 50 12 38 32
internal_count=67 59 50 12 38 32
is_linear=0
shrinkage=0.06


Tree=127
num_leaves=7
num_cat=0
split_feature=2 0 0 0 2 1
split_gain=2.12323 5.00772 4.59866 1.3184 3.27919 0.94239
threshold=1.5000000000000002 277.50000000000006 320.00000000000006 237.50000000000003 1.0000000180025095e-35 105.00000000000001
decision_type=2 2 2 2 2 2
left_child=2 5 3 -1 -5 -2
right_child=1 -3 -4 4 -6 -7
leaf_value=-0.005596708411520177 -0.012199881076812745 0.077209024429321288 -0.055324094593524935 0.061983765363693259 -0.0045512231066822994 0.023468406535685056
leaf_weight=33 7.9999999999999982 3.9999999999999991 5.9999999999999991 3.9999999999999973 8 4
leaf_count=33 8 4 6 4 8 4
internal_value=1.00082e-10 0.0190694 -0.00598256 0.000596309 0.0176271 -0.000310452
internal_weight=67 16 51 45 12 12
internal_count=67 16 51 45 12 12
is_linear=0
shrinkage=0.06


Tree=128
num_leaves=7
num_cat=0
split_feature=2 0 0 2 0 1
split_gain=2.00374 14.2038 4.57 7.18255 1.63209 2.1075
threshold=1.0000000180025095e-35 320.00000000000006 237.50000000000003 1.5000000000000002 277.50000000000006 105.00000000000001
decision_type=2 2 2 2 2 2
left_child=4 2 -2 -4 5 -1
right_child=1 -3 3 -5 -6 -7
leaf_value=0.0061507108130238256 0.0067093340381979942 0.092881915867328635 -0.0042781497538089755 -0.10274863243103025 -0.050545692443847656 -0.044706705808639523
leaf_weight=11.000000000000002 30 5.9999999999999991 7.9999999999999982 4 3.9999999999999991 3.9999999999999991
leaf_count=11 30 6 8 4 4 4
internal_value=2.16845e-10 0.00652816 -0.00580809 -0.0371016 -0.0164922 -0.00741127
internal_weight=67 48 42 12 19 15
internal_count=67 48 42 12 19 15
is_linear=0
shrinkage=0.06


Tree=129
num_leaves=7
num_cat=0
split_feature=2 1 0 0 0 0
split_gain=2.00227 4.86454 4.51661 4.27322 1.26576 0.653469
threshold=1.5000000000000002 105.00000000000001 320.00000000000006 237.50000000000003 277.50000000000006 80.000000000000014
decision_type=2 2 2 2 2 2
left_child=2 3 4 -2 5 -1
right_child=1 -3 -4 -5 -6 -7
leaf_value=-0.01984241826193673 0.012120109423995018 -0.024192434884607792 -0.054709012117236847 0.092181551456451391 0.026365607380867004 0.00039578428957611319
leaf_weight=6.9999999999999991 5.9999999999999982 5.9999999999999991 5.9999999999999991 4 5.9999999999999991 32
leaf_count=7 6 6 6 4 6 32
internal_value=-8.84061e-11 0.0185183 -0.00580965 0.0441447 0.000710263 -0.00323671
internal_weight=67 16 51 10 45 39
internal_count=67 16 51 10 45 39
is_linear=0
shrinkage=0.06


Tree=130
num_leaves=7
num_cat=0
split_feature=2 1 0 0 0 2
split_gain=1.76921 4.29831 3.99088 3.77582 1.12242 2.99797
threshold=1.5000000000000002 105.00000000000001 320.00000000000006 237.50000000000003 237.50000000000003 1.0000000180025095e-35
decision_type=2 2 2 2 2 2
left_child=2 3 4 -2 -1 -6
right_child=1 -3 -4 -5 5 -7
leaf_value=-0.0050465598702430729 0.011392902061343194 -0.022740890458226203 -0.051426472514867781 0.086650668382644638 0.058793748021125816 -0.0048243020474910726
leaf_weight=33 5.9999999999999982 5.9999999999999991 5.9999999999999991 4 3.9999999999999973 8
leaf_count=33 6 6 6 4 4 8
internal_value=1.20099e-10 0.0174072 -0.00546107 0.041496 0.000667647 0.0163817
internal_weight=67 16 51 10 45 12
internal_count=67 16 51 10 45 12
is_linear=0
shrinkage=0.06


Tree=131
num_leaves=7
num_cat=0
split_feature=0 2 0 0 3 2
split_gain=1.76832 0.93675 10.819 1.03269 0.564761 1.0337
threshold=320.00000000000006 1.5000000000000002 237.50000000000003 277.50000000000006 2.5000000000000004 1.0000000180025095e-35
decision_type=2 2 2 2 2 2
left_child=1 3 -3 4 -1 -6
right_child=-2 2 -4 -5 5 -7
leaf_value=0.0010171698927879333 0.026471294984221457 0.01621509289741516 -0.10054068446159363 0.023800766617059706 -0.03885419558733702 0.0020677063465118404
leaf_weight=30 7.9999999999999991 9.9999999999999982 3.9999999999999991 5.9999999999999991 3.9999999999999982 5
leaf_count=30 8 10 4 6 4 5
internal_value=-4.67051e-11 -0.00358933 -0.0171437 0.000627588 -0.00293752 -0.0161198
internal_weight=67 59 14 45 39 9
internal_count=67 59 14 45 39 9
is_linear=0
shrinkage=0.06


Tree=132
num_leaves=7
num_cat=0
split_feature=2 0 0 2 0 1
split_gain=1.70729 12.3015 4.07984 5.89762 1.54835 1.83804
threshold=1.0000000180025095e-35 320.00000000000006 237.50000000000003 1.5000000000000002 277.50000000000006 105.00000000000001
decision_type=2 2 2 2 2 2
left_child=4 2 -2 -4 5 -1
right_child=1 -3 3 -5 -6 -7
leaf_value=0.0062868563288992077 0.0063725270107388493 0.086389499902725223 -0.005279382336884738 -0.094508242607116669 -0.0483918285369873 -0.041208216995000838
leaf_weight=11.000000000000002 30 5.9999999999999991 7.9999999999999982 4 3.9999999999999991 3.9999999999999991
leaf_count=11 30 6 8 4 4 4
internal_value=2.70223e-10 0.00602593 -0.00545458 -0.0350223 -0.0152234 -0.0063785
internal_weight=67 48 42 12 19 15
internal_count=67 48 42 12 19 15
is_linear=0
shrinkage=0.06


Tree=133
num_leaves=7
num_cat=0
split_feature=2 0 0 0 1 0
split_gain=1.80759 4.28586 4.15427 1.00134 0.916678 0.818059
threshold=1.5000000000000002 277.50000000000006 320.00000000000006 277.50000000000006 105.00000000000001 102.00000000000001
decision_type=2 2 2 2 2 2
left_child=2 4 3 -1 5 -2
right_child=1 -3 -4 -5 -6 -7
leaf_value=-0.0027776586092435394 0.0071267677657306204 0.071381163597106931 -0.052416903544217346 0.023551732897758481 0.023118483200669282 -0.031246482431888573
leaf_weight=39 3.9999999999999982 3.9999999999999991 5.9999999999999991 5.9999999999999991 4 4
leaf_count=39 4 4 6 6 4 4
internal_value=2.81899e-10 0.017595 -0.00551999 0.000732927 -0.000333744 -0.0120599
internal_weight=67 16 51 45 12 8
internal_count=67 16 51 45 12 8
is_linear=0
shrinkage=0.06


Tree=134
num_leaves=7
num_cat=0
split_feature=2 0 0 0 1 0
split_gain=1.59719 3.78698 3.67071 0.921075 0.809977 0.722837
threshold=1.5000000000000002 277.50000000000006 320.00000000000006 102.00000000000001 105.00000000000001 102.00000000000001
decision_type=2 2 2 2 2 2
left_child=2 4 3 -1 5 -2
right_child=1 -3 -4 -5 -6 -7
leaf_value=-0.012084528431296348 0.0066991605609655397 0.06709828734397888 -0.049271891415119166 0.0064576192825071274 0.021731375623494382 -0.029371691644191733
leaf_weight=13.999999999999998 3.9999999999999982 3.9999999999999991 5.9999999999999991 31 4 4
leaf_count=14 4 4 6 31 4 4
internal_value=-3.16928e-10 0.0165393 -0.0051888 0.000688951 -0.000313718 -0.0113363
internal_weight=67 16 51 45 12 8
internal_count=67 16 51 45 12 8
is_linear=0
shrinkage=0.06


Tree=135
num_leaves=7
num_cat=0
split_feature=0 0 0 2 2 2
split_gain=1.48035 0.844759 0.91755 9.26631 2.73351 1.16696
threshold=320.00000000000006 80.000000000000014 237.50000000000003 1.5000000000000002 1.0000000180025095e-35 1.5000000000000002
decision_type=2 2 2 2 2 2
left_child=1 -1 5 4 -4 -3
right_child=-2 2 3 -5 -6 -7
leaf_value=-0.020206231474876404 0.024220172166824341 -0.00082830754610208372 0.054774051904678371 -0.091173584461212154 -0.0059732988663017735 0.025376904518343506
leaf_weight=8.9999999999999982 7.9999999999999991 26 3.9999999999999973 3.9999999999999991 8 7.9999999999999991
leaf_count=9 8 26 4 4 8 8
internal_value=1.91825e-10 -0.00328409 -0.000238106 -0.0120865 0.0142758 0.00533762
internal_weight=67 59 50 16 12 34
internal_count=67 59 50 16 12 34
is_linear=0
shrinkage=0.06


Tree=136
num_leaves=7
num_cat=0
split_feature=2 1 0 0 0 0
split_gain=1.51782 3.90298 3.6692 3.44569 0.789214 0.434492
threshold=1.5000000000000002 105.00000000000001 237.50000000000003 320.00000000000006 277.50000000000006 80.000000000000014
decision_type=2 2 2 2 2 2
left_child=3 2 -2 4 5 -1
right_child=1 -3 -4 -5 -6 -7
leaf_value=-0.016020653971603935 0.0094024468492716565 -0.022134151086211206 0.083590031862258898 -0.047768785953521728 0.020894621983170509 0.00048186446540057656
leaf_weight=6.9999999999999991 5.9999999999999982 5.9999999999999991 4 5.9999999999999991 5.9999999999999991 32
leaf_count=7 6 6 4 6 6 32
internal_value=4.92072e-11 0.0161231 0.0390775 -0.00505823 0.000636507 -0.00248013
internal_weight=67 16 10 51 45 39
internal_count=67 16 10 51 45 39
is_linear=0
shrinkage=0.06


Tree=137
num_leaves=7
num_cat=0
split_feature=2 0 0 2 0 1
split_gain=1.4448 10.9286 3.67843 4.89494 1.34357 1.66711
threshold=1.0000000180025095e-35 320.00000000000006 237.50000000000003 1.5000000000000002 277.50000000000006 105.00000000000001
decision_type=2 2 2 2 2 2
left_child=4 2 -2 -4 5 -1
right_child=1 -3 3 -5 -6 -7
leaf_value=0.0062970304760065921 0.0059526574620977048 0.081289830803871158 -0.0062561954744160177 -0.087546848058700541 -0.044901536107063295 -0.038935735076665874
leaf_weight=11.000000000000002 30 5.9999999999999991 7.9999999999999982 4 3.9999999999999991 3.9999999999999991
leaf_count=11 30 6 8 4 4 4
internal_value=4.71221e-11 0.00554337 -0.00527755 -0.0333531 -0.0140043 -0.00576504
internal_weight=67 48 42 12 19 15
internal_count=67 48 42 12 19 15
is_linear=0
shrinkage=0.06


Tree=138
num_leaves=7
num_cat=0
split_feature=2 0 0 0 1 0
split_gain=1.4275 3.38789 3.38339 0.772918 0.678008 0.540738
threshold=1.5000000000000002 320.00000000000006 277.50000000000006 277.50000000000006 105.00000000000001 102.00000000000001
decision_type=2 2 2 2 2 2
left_child=1 3 4 -1 5 -2
right_child=2 -3 -4 -5 -6 -7
leaf_value=-0.0023429381045011375 0.005220785974524916 -0.047256223708391186 0.063425030708312985 0.02078922428190708 0.019875767324119803 -0.025977439284324638
leaf_weight=39 3.9999999999999982 5.9999999999999991 3.9999999999999991 5.9999999999999991 4 4
leaf_count=39 4 6 4 6 4 4
internal_value=-5.58794e-11 -0.00490542 0.015636 0.00074135 -0.000293629 -0.0103783
internal_weight=67 51 16 45 12 8
internal_count=67 51 16 45 12 8
is_linear=0
shrinkage=0.06


Tree=139
num_leaves=7
num_cat=0
split_feature=2 1 0 0 0 0
split_gain=1.26134 3.46651 3.15995 2.99354 0.706178 0.393229
threshold=1.5000000000000002 105.00000000000001 237.50000000000003 320.00000000000006 102.00000000000001 277.50000000000006
decision_type=2 2 2 2 2 2
left_child=3 2 -2 4 -1 -6
right_child=1 -3 -4 -5 5 -7
leaf_value=-0.010487695155399187 0.0087918554339557892 -0.021356801167130471 0.077638914585113503 -0.044420849978923795 0.0024374249339103693 0.019541870020329952
leaf_weight=13.999999999999998 5.9999999999999982 5.9999999999999991 4 5.9999999999999991 25.000000000000004 5.9999999999999991
leaf_count=14 6 6 4 6 25 6
internal_value=-6.92237e-11 0.0146979 0.0363307 -0.0046111 0.000696869 0.00574796
internal_weight=67 16 10 51 45 31
internal_count=67 16 10 51 45 31
is_linear=0
shrinkage=0.06


Tree=140
num_leaves=7
num_cat=0
split_feature=0 2 0 0 0 0
split_gain=1.29895 0.733444 7.63006 0.623979 0.347457 0.135832
threshold=320.00000000000006 1.5000000000000002 237.50000000000003 102.00000000000001 277.50000000000006 102.00000000000001
decision_type=2 2 2 2 2 2
left_child=1 3 5 -1 -5 -3
right_child=-2 2 -4 4 -6 -7
leaf_value=-0.0098584336255277891 0.022687696069478989 0.0043800260033458474 -0.08510593056678771 0.0022911789894104 0.018369358107447623 0.018654081635177133
leaf_weight=13.999999999999998 7.9999999999999991 3.9999999999999982 3.9999999999999991 25.000000000000004 5.9999999999999991 6
leaf_count=14 8 4 4 25 6 6
internal_value=-1.08423e-10 -0.0030763 -0.0150699 0.000655057 0.00540308 0.0129445
internal_weight=67 59 14 45 31 10
internal_count=67 59 14 45 31 10
is_linear=0
shrinkage=0.06


Tree=141
num_leaves=7
num_cat=0
split_feature=2 0 0 1 0 2
split_gain=1.21696 3.04908 2.81256 0.635738 0.556995 2.17181
threshold=1.5000000000000002 277.50000000000006 320.00000000000006 105.00000000000001 225.00000000000003 1.0000000180025095e-35
decision_type=2 2 2 2 2 2
left_child=2 3 4 -2 -1 -6
right_child=1 -3 -4 -5 5 -7
leaf_value=-0.0048346061673429277 -0.010450466447509826 0.059803608655929562 -0.043116858303546904 0.018845384381711478 0.038265438377857196 -0.0059457782329991448
leaf_weight=27 7.9999999999999982 3.9999999999999991 5.9999999999999991 4 6.0000000000000009 12
leaf_count=27 8 4 6 4 6 12
internal_value=2.3436e-10 0.014437 -0.00452926 -0.000685183 0.000615754 0.00879129
internal_weight=67 16 51 12 45 18
internal_count=67 16 51 12 45 18
is_linear=0
shrinkage=0.06


Tree=142
num_leaves=7
num_cat=0
split_feature=0 2 0 0 0 1
split_gain=1.26278 0.687265 6.94897 0.515463 0.289984 0.101655
threshold=320.00000000000006 1.5000000000000002 237.50000000000003 102.00000000000001 277.50000000000006 115.00000000000001
decision_type=2 2 2 2 2 2
left_child=1 3 -3 -1 5 -5
right_child=-2 2 -4 4 -6 -7
leaf_value=-0.0089768510418278824 0.022369637042284011 0.012091719612479209 -0.08148016691207885 0.004201393190183136 0.016739719025790693 -0.0047570830583572379
leaf_weight=13.999999999999998 7.9999999999999991 9.9999999999999982 3.9999999999999991 19.000000000000007 5.9999999999999991 5.9999999999999991
leaf_count=14 8 10 4 19 6 6
internal_value=-5.00412e-11 -0.00303317 -0.0146431 0.000578808 0.00489427 0.00205136
internal_weight=67 59 14 45 31 25
internal_count=67 59 14 45 31 25
is_linear=0
shrinkage=0.06


Tree=143
num_leaves=7
num_cat=0
split_feature=2 0 0 2 0 1
split_gain=1.27613 9.29967 3.17448 3.48655 1.2469 1.60086
threshold=1.0000000180025095e-35 320.00000000000006 237.50000000000003 1.5000000000000002 277.50000000000006 105.00000000000001
decision_type=2 2 2 2 2 2
left_child=4 2 -2 -4 5 -1
right_child=1 -3 3 -5 -6 -7
leaf_value=0.0065957948294552869 0.0056604133062064643 0.075083407163619983 -0.0079848937515635057 -0.076591356396675095 -0.042926516532897946 -0.037728983759880062
leaf_weight=11.000000000000002 30 5.9999999999999991 7.9999999999999982 4 3.9999999999999991 3.9999999999999991
leaf_count=11 30 6 8 4 4 4
internal_value=1.27188e-10 0.00520976 -0.00477219 -0.0308537 -0.0131615 -0.00522415
internal_weight=67 48 42 12 19 15
internal_count=67 48 42 12 19 15
is_linear=0
shrinkage=0.06


Tree=144
num_leaves=7
num_cat=0
split_feature=2 0 1 0 0 0
split_gain=1.23528 2.94022 2.9328 3.07479 0.509388 0.293943
threshold=1.5000000000000002 320.00000000000006 105.00000000000001 237.50000000000003 102.00000000000001 277.50000000000006
decision_type=2 2 2 2 2 2
left_child=1 4 3 -2 -1 -6
right_child=2 -3 -4 -5 5 -7
leaf_value=-0.0088019175295318865 0.0072779629379510881 -0.044016831070184705 -0.018617980033159256 0.075191082358360278 0.0021249612450599665 0.016913262549787759
leaf_weight=13.999999999999998 5.9999999999999982 5.9999999999999991 5.9999999999999991 4 25.000000000000004 5.9999999999999991
leaf_count=14 6 6 6 4 25 6
internal_value=2.16845e-11 -0.00456322 0.0145453 0.0344432 0.000697261 0.00498721
internal_weight=67 51 16 10 45 31
internal_count=67 51 16 10 45 31
is_linear=0
shrinkage=0.06


Tree=145
num_leaves=7
num_cat=0
split_feature=2 0 0 1 0 0
split_gain=1.09149 2.69664 2.59798 0.559094 0.450095 0.372617
threshold=1.5000000000000002 277.50000000000006 320.00000000000006 105.00000000000001 102.00000000000001 102.00000000000001
decision_type=2 2 2 2 2 2
left_child=2 3 4 5 -1 -2
right_child=1 -3 -4 -5 -6 -7
leaf_value=-0.0082738024528537478 0.0032424470968544492 0.056336756944656369 -0.041375820934772489 0.01776661310344934 0.004687980320004205 -0.022655621767044061
leaf_weight=13.999999999999998 3.9999999999999982 3.9999999999999991 5.9999999999999991 4 31 4
leaf_count=14 4 4 6 4 31 4
internal_value=1.71391e-10 0.0136725 -0.00428943 -0.000548854 0.000655426 -0.00970659
internal_weight=67 16 51 12 45 8
internal_count=67 16 51 12 45 8
is_linear=0
shrinkage=0.06


Tree=146
num_leaves=7
num_cat=0
split_feature=2 0 0 2 0 1
split_gain=1.03256 8.4683 3.06654 3.26052 0.995689 1.4681
threshold=1.0000000180025095e-35 320.00000000000006 237.50000000000003 1.5000000000000002 277.50000000000006 105.00000000000001
decision_type=2 2 2 2 2 2
left_child=4 2 -2 -4 5 -1
right_child=1 -3 3 -5 -6 -7
leaf_value=0.0065730813958428105 0.0054146475046873092 0.071363549232482906 -0.0083582258597016349 -0.074703501462936389 -0.038437179923057556 -0.035874021202325822
leaf_weight=11.000000000000002 30 5.9999999999999991 7.9999999999999982 4 3.9999999999999991 3.9999999999999991
leaf_count=11 30 6 8 4 4 4
internal_value=-2.00165e-11 0.00468627 -0.00483906 -0.0304733 -0.011839 -0.00474615
internal_weight=67 48 42 12 19 15
internal_count=67 48 42 12 19 15
is_linear=0
shrinkage=0.06


Tree=147
num_leaves=7
num_cat=0
split_feature=2 1 0 0 0 3
split_gain=1.02267 2.61172 2.64009 2.56177 0.48997 0.299379
threshold=1.5000000000000002 105.00000000000001 237.50000000000003 320.00000000000006 277.50000000000006 2.5000000000000004
decision_type=2 2 2 2 2 2
left_child=3 2 -2 4 5 -1
right_child=1 -3 -4 -5 -6 -7
leaf_value=0.0011819173246622084 0.006839820593595506 -0.018060817420482635 0.069769383072853075 -0.040979070067405698 0.016720260402653366 -0.011295134425163269
leaf_weight=30 5.9999999999999982 5.9999999999999991 4 5.9999999999999991 5.9999999999999991 8.9999999999999982
leaf_count=30 6 6 4 6 6 9
internal_value=4.85817e-11 0.0132345 0.0320116 -0.00415199 0.000758286 -0.0016974
internal_weight=67 16 10 51 45 39
internal_count=67 16 10 51 45 39
is_linear=0
shrinkage=0.06


Tree=148
num_leaves=7
num_cat=0
split_feature=2 1 0 0 0 0
split_gain=0.903631 2.30772 2.33278 2.26358 0.432938 0.285535
threshold=1.5000000000000002 105.00000000000001 237.50000000000003 320.00000000000006 277.50000000000006 80.000000000000014
decision_type=2 2 2 2 2 2
left_child=3 2 -2 4 5 -1
right_child=1 -3 -4 -5 -6 -7
leaf_value=-0.012572330098067011 0.0064294304326176646 -0.016977168992161749 0.065583220124244668 -0.038520324230194095 0.015717044044286012 0.00080561094917356961
leaf_weight=6.9999999999999991 5.9999999999999982 5.9999999999999991 4 5.9999999999999991 5.9999999999999991 32
leaf_count=7 6 6 4 6 6 32
internal_value=1.15095e-10 0.0124404 0.0300909 -0.00390287 0.000712789 -0.00159556
internal_weight=67 16 10 51 45 39
internal_count=67 16 10 51 45 39
is_linear=0
shrinkage=0.06


Tree=149
num_leaves=7
num_cat=0
split_feature=0 0 0 2 2 2
split_gain=0.918179 0.584447 0.769073 5.75567 2.34774 0.852096
threshold=320.00000000000006 80.000000000000014 237.50000000000003 1.5000000000000002 1.0000000180025095e-35 1.5000000000000002
decision_type=2 2 2 2 2 2
left_child=1 -1 5 4 -4 -3
right_child=-2 2 3 -5 -6 -7
leaf_value=-0.016661835821966328 0.019074734598398209 -0.00021695405244827269 0.047408382296562211 -0.073230729103088379 -0.0088894774205982661 0.022175580672919748
leaf_weight=8.9999999999999982 7.9999999999999991 26 3.9999999999999973 3.9999999999999991 8 7.9999999999999991
leaf_count=9 8 26 4 4 8 8
internal_value=-1.81816e-10 -0.0025864 -5.28273e-05 -0.0109003 0.00987648 0.00505188
internal_weight=67 59 50 16 12 34
internal_count=67 59 50 16 12 34
is_linear=0
shrinkage=0.06


Tree=150
num_leaves=7
num_cat=0
split_feature=2 0 0 2 0 0
split_gain=0.923417 7.31683 2.70909 2.70957 0.916441 1.34702
threshold=1.0000000180025095e-35 320.00000000000006 237.50000000000003 1.5000000000000002 277.50000000000006 225.00000000000003
decision_type=2 2 2 2 2 2
left_child=4 2 -2 -4 5 -1
right_child=1 -3 3 -5 -6 -7
leaf_value=-0.01523353530602021 0.0052152095111086963 0.066410178542137141 -0.0083561087725684061 -0.068836886286735524 -0.036713585257530212 0.025425567626953124
leaf_weight=11.000000000000002 30 5.9999999999999991 7.9999999999999982 4 3.9999999999999991 3.9999999999999991
leaf_count=11 30 6 8 4 4 4
internal_value=-2.63133e-10 0.00443169 -0.00442238 -0.0285164 -0.0111958 -0.00439111
internal_weight=67 48 42 12 19 15
internal_count=67 48 42 12 19 15
is_linear=0
shrinkage=0.06


Tree=151
num_leaves=7
num_cat=0
split_feature=2 0 0 1 0 4
split_gain=0.904732 2.36313 2.28776 0.509572 0.40094 0.283073
threshold=1.5000000000000002 320.00000000000006 277.50000000000006 105.00000000000001 277.50000000000006 -1.0000000180025095e-35
decision_type=2 2 2 2 2 2
left_child=1 4 3 5 -1 -2
right_child=2 -3 -4 -5 -6 -7
leaf_value=-0.0014105914826863088 0.0051769663393497461 -0.039275727570056915 0.051744790077209474 0.016834568157792086 0.015249949302524327 -0.018136122286319729
leaf_weight=39 2.9999999999999991 5.9999999999999991 3.9999999999999991 4 5.9999999999999991 4.9999999999999991
leaf_count=39 3 6 4 4 6 5
internal_value=-2.52291e-10 -0.00390525 0.012448 -0.000650953 0.000810814 -0.00939371
internal_weight=67 51 16 12 45 8
internal_count=67 51 16 12 45 8
is_linear=0
shrinkage=0.06


Tree=152
num_leaves=7
num_cat=0
split_feature=2 0 1 0 0 3
split_gain=0.799421 2.08806 2.03463 2.14868 0.35427 0.219303
threshold=1.5000000000000002 320.00000000000006 105.00000000000001 237.50000000000003 277.50000000000006 2.5000000000000004
decision_type=2 2 2 2 2 2
left_child=1 4 3 -2 5 -1
right_child=2 -3 -4 -5 -6 -7
leaf_value=0.0011383917182683943 0.0055657409876585014 -0.03691918075084686 -0.015921096056699752 0.06233744859695433 0.014334952943027019 -0.0095404472475638605
leaf_weight=30 5.9999999999999982 5.9999999999999991 5.9999999999999991 4 5.9999999999999991 8.9999999999999982
leaf_count=30 6 6 6 4 6 9
internal_value=3.4995e-10 -0.00367093 0.0117011 0.0282744 0.000762165 -0.00132596
internal_weight=67 51 16 10 45 39
internal_count=67 51 16 10 45 39
is_linear=0
shrinkage=0.06


Tree=153
num_leaves=7
num_cat=0
split_feature=2 0 0 2 1 0
split_gain=0.74881 6.67572 2.62684 2.52403 0.78751 0.704039
threshold=1.0000000180025095e-35 320.00000000000006 237.50000000000003 1.5000000000000002 95.000000000000014 164.50000000000003
decision_type=2 2 2 2 2 2
left_child=4 2 5 -4 -1 -2
right_child=1 -3 3 -5 -6 -7
leaf_value=0.01812799572944639 -0.002481242871532837 0.063191719651222222 -0.0087341232597827924 -0.067107422947883591 -0.015371285062283278 0.016280944570899011
leaf_weight=3.0000000000000027 18.000000000000004 5.9999999999999991 7.9999999999999982 4 15.999999999999998 11.999999999999998
leaf_count=3 18 6 8 4 16 12
internal_value=4.38695e-10 0.00399076 -0.00446652 -0.0281919 -0.0100819 0.00502363
internal_weight=67 48 42 12 19 30
internal_count=67 48 42 12 19 30
is_linear=0
shrinkage=0.06


Tree=154
num_leaves=7
num_cat=0
split_feature=2 0 0 1 0 2
split_gain=0.751282 2.10283 1.92232 0.451928 0.337619 2.09297
threshold=1.5000000000000002 320.00000000000006 277.50000000000006 105.00000000000001 237.50000000000003 1.0000000180025095e-35
decision_type=2 2 2 2 2 2
left_child=1 4 3 -2 -1 -6
right_child=2 -3 -4 -5 5 -7
leaf_value=-0.0022438973086801443 -0.0088973438367247592 -0.036924275755882266 0.047365089654922483 0.015802903845906255 0.04494541525840761 -0.0082100758329033824
leaf_weight=33 7.9999999999999982 5.9999999999999991 3.9999999999999991 4 3.9999999999999973 8
leaf_count=33 8 6 4 4 4 8
internal_value=1.7848e-10 -0.00355869 0.0113433 -0.000663928 0.000890054 0.00950842
internal_weight=67 51 16 12 45 12
internal_count=67 51 16 12 45 12
is_linear=0
shrinkage=0.06


Tree=155
num_leaves=7
num_cat=0
split_feature=2 0 0 2 0 1
split_gain=0.695929 5.99097 2.3399 2.3661 0.725952 1.27864
threshold=1.0000000180025095e-35 320.00000000000006 237.50000000000003 1.5000000000000002 277.50000000000006 105.00000000000001
decision_type=2 2 2 2 2 2
left_child=4 2 -2 -4 5 -1
right_child=1 -3 3 -5 -6 -7
leaf_value=0.006900576353073117 0.0047923146188259122 0.059929885268211365 -0.0077174713136628284 -0.064235013127326948 -0.032430823445320126 -0.032712994515895842
leaf_weight=11.000000000000002 30 5.9999999999999991 7.9999999999999982 4 3.9999999999999991 3.9999999999999991
leaf_count=11 30 6 8 4 4 4
internal_value=-7.17257e-11 0.00384727 -0.00416453 -0.0265567 -0.00971942 -0.00366304
internal_weight=67 48 42 12 19 15
internal_count=67 48 42 12 19 15
is_linear=0
shrinkage=0.06


Tree=156
num_leaves=7
num_cat=0
split_feature=2 0 1 0 0 0
split_gain=0.706115 2.05791 1.76932 1.80703 0.353996 0.184072
threshold=1.5000000000000002 320.00000000000006 105.00000000000001 237.50000000000003 277.50000000000006 80.000000000000014
decision_type=2 2 2 2 2 2
left_child=1 4 3 -2 5 -1
right_child=2 -3 -4 -5 -6 -7
leaf_value=-0.009949688714529786 0.005626972168684006 -0.036457397639751435 -0.014761329889297485 0.057689795494079571 0.014518455844372509 0.00079151367768645284
leaf_weight=6.9999999999999991 5.9999999999999982 5.9999999999999991 5.9999999999999991 4 5.9999999999999991 32
leaf_count=7 6 6 6 4 6 32
internal_value=2.33526e-11 -0.00345006 0.0109971 0.0264521 0.000950919 -0.00113639
internal_weight=67 51 16 10 45 39
internal_count=67 51 16 10 45 39
is_linear=0
shrinkage=0.06


Tree=157
num_leaves=7
num_cat=0
split_feature=2 0 0 1 0 4
split_gain=0.623924 1.81837 1.616 0.433344 0.312791 0.236711
threshold=1.5000000000000002 320.00000000000006 277.50000000000006 105.00000000000001 277.50000000000006 -1.0000000180025095e-35
decision_type=2 2 2 2 2 2
left_child=1 4 3 5 -1 -2
right_child=2 -3 -4 -5 -6 -7
leaf_value=-0.0010682111047208309 0.0045899619162082673 -0.034269953370094301 0.043364478349685667 0.015452869534492489 0.013647348657250405 -0.016728686034679415
leaf_weight=39 2.9999999999999991 5.9999999999999991 3.9999999999999991 4 5.9999999999999991 4.9999999999999991
leaf_count=39 3 6 4 4 6 5
internal_value=-2.12675e-10 -0.00324306 0.0103372 -0.000671839 0.000893864 -0.00873419
internal_weight=67 51 16 12 45 8
internal_count=67 51 16 12 45 8
is_linear=0
shrinkage=0.06


Tree=158
num_leaves=7
num_cat=0
split_feature=0 2 1 0 0 2
split_gain=0.601841 0.934409 2.82143 1.75519 0.458342 0.231728
threshold=80.000000000000014 1.5000000000000002 105.00000000000001 320.00000000000006 237.50000000000003 1.0000000180025095e-35
decision_type=2 2 2 2 2 2
left_child=-1 3 4 5 -3 -2
right_child=1 2 -4 -5 -6 -7
leaf_value=-0.014436022173613309 0.0088407242085252486 0.024706247113645084 -0.015361055284738537 -0.032213756740093233 0.053429329991340625 -0.00087247481569647785
leaf_weight=8.9999999999999982 13.999999999999998 3.9999999999999982 6 5.9999999999999991 4 24
leaf_count=9 14 4 6 6 4 24
internal_value=-2.97745e-10 0.00224007 0.0157411 -0.00205572 0.0390678 0.00270607
internal_weight=67 58 14 44 8 38
internal_count=67 58 14 44 8 38
is_linear=0
shrinkage=0.06


Tree=159
num_leaves=7
num_cat=0
split_feature=0 2 0 0 3 2
split_gain=0.618294 0.461634 4.20174 0.269985 0.158021 0.679927
threshold=320.00000000000006 1.5000000000000002 237.50000000000003 277.50000000000006 2.5000000000000004 1.0000000180025095e-35
decision_type=2 2 2 2 2 2
left_child=1 3 -3 4 -1 -6
right_child=-2 2 -4 -5 5 -7
leaf_value=0.0011068601831793787 0.015652808994054794 0.0091513362228870399 -0.063609886765480045 0.012686592452228069 -0.026396062374114997 0.0067925223112106307
leaf_weight=30 7.9999999999999991 9.9999999999999982 3.9999999999999991 5.9999999999999991 3.9999999999999982 5
leaf_count=30 8 10 4 6 4 5
internal_value=1.40115e-10 -0.00212241 -0.0116376 0.00083786 -0.000985021 -0.00795796
internal_weight=67 59 14 45 39 9
internal_count=67 59 14 45 39 9
is_linear=0
shrinkage=0.06


Tree=160
num_leaves=7
num_cat=0
split_feature=2 0 0 2 3 1
split_gain=0.555964 5.34729 2.14427 1.9525 0.61583 0.61197
threshold=1.0000000180025095e-35 320.00000000000006 237.50000000000003 1.5000000000000002 3.5000000000000004 95.000000000000014
decision_type=2 2 2 2 2 2
left_child=5 2 4 -4 -2 -1
right_child=1 -3 3 -5 -6 -7
leaf_value=0.016180661916732769 0.0010719606423607237 0.056422895789146416 -0.0084525513835251344 -0.059793294668197619 0.026360616534948349 -0.013349952455610036
leaf_weight=3.0000000000000027 26.000000000000004 5.9999999999999991 7.9999999999999982 4 3.9999999999999991 15.999999999999998
leaf_count=3 26 6 8 4 4 16
internal_value=-3.83649e-10 0.00343869 -0.00413048 -0.0255661 0.00444378 -0.00868722
internal_weight=67 48 42 12 30 19
internal_count=67 48 42 12 30 19
is_linear=0
shrinkage=0.06


Tree=161
num_leaves=7
num_cat=0
split_feature=2 0 0 1 0 2
split_gain=0.564326 1.71428 1.45411 0.397627 0.275281 1.85038
threshold=1.5000000000000002 320.00000000000006 277.50000000000006 105.00000000000001 237.50000000000003 1.0000000180025095e-35
decision_type=2 2 2 2 2 2
left_child=1 4 3 -2 -1 -6
right_child=2 -3 -4 -5 5 -7
leaf_value=-0.0018973838029937311 -0.0083348941057920477 -0.033210016191005706 0.041160385608673092 0.014833964332938191 0.042034674882888812 -0.0079453982971608612
leaf_weight=33 7.9999999999999982 5.9999999999999991 3.9999999999999991 4 3.9999999999999973 8
leaf_count=33 8 6 4 4 4 8
internal_value=-3.83649e-11 -0.00308428 0.00983114 -0.000611941 0.000932486 0.00871463
internal_weight=67 51 16 12 45 12
internal_count=67 51 16 12 45 12
is_linear=0
shrinkage=0.06


Tree=162
num_leaves=7
num_cat=0
split_feature=2 0 0 2 0 1
split_gain=0.520962 4.80276 1.90378 1.8313 0.58637 1.10756
threshold=1.0000000180025095e-35 320.00000000000006 237.50000000000003 1.5000000000000002 277.50000000000006 105.00000000000001
decision_type=2 2 2 2 2 2
left_child=4 2 -2 -4 5 -1
right_child=1 -3 3 -5 -6 -7
leaf_value=0.006865346350453114 0.0042343974038958551 0.053542714715003964 -0.0074686742853373291 -0.057190459370613081 -0.028820861577987671 -0.030003083646297453
leaf_weight=11.000000000000002 30 5.9999999999999991 7.9999999999999982 4 3.9999999999999991 3.9999999999999991
leaf_count=11 30 6 8 4 4 4
internal_value=1.13427e-10 0.00332869 -0.00384475 -0.0240426 -0.00840931 -0.00296623
internal_weight=67 48 42 12 19 15
internal_count=67 48 42 12 19 15
is_linear=0
shrinkage=0.06


Tree=163
num_leaves=7
num_cat=0
split_feature=2 0 1 0 0 2
split_gain=0.53126 1.6763 1.33339 1.44487 0.28539 1.74675
threshold=1.5000000000000002 320.00000000000006 105.00000000000001 237.50000000000003 225.00000000000003 1.0000000180025095e-35
decision_type=2 2 2 2 2 2
left_child=1 4 3 -2 -1 -6
right_child=2 -3 -4 -5 5 -7
leaf_value=-0.0029219187878900105 0.0043337330222129825 -0.032782705724239344 -0.012822391837835312 0.050888067483901962 0.033264505863189686 -0.0063849405571818341
leaf_weight=27 5.9999999999999982 5.9999999999999991 5.9999999999999991 4 6.0000000000000009 12
leaf_count=27 6 6 6 4 6 12
internal_value=3.56961e-10 -0.00299255 0.00953877 0.0229555 0.000979465 0.00683154
internal_weight=67 51 16 10 45 18
internal_count=67 51 16 10 45 18
is_linear=0
shrinkage=0.06


Tree=164
num_leaves=7
num_cat=0
split_feature=0 2 1 0 0 3
split_gain=0.507544 0.838855 2.11089 1.60097 0.364591 0.212635
threshold=80.000000000000014 1.5000000000000002 105.00000000000001 320.00000000000006 237.50000000000003 2.5000000000000004
decision_type=2 2 2 2 2 2
left_child=5 3 4 -2 -3 -1
right_child=1 2 -4 -5 -6 -7
leaf_value=-0.023567993044853217 0.0025346726139909345 0.022217151224613194 -0.012053048461675642 -0.030815744102001191 0.047834783792495714 -0.0050081105679273593
leaf_weight=3.9999999999999982 38 3.9999999999999982 6 5.9999999999999991 4 5
leaf_count=4 38 4 6 6 4 5
internal_value=2.83567e-10 0.00205711 0.0148492 -0.00201311 0.035026 -0.0132569
internal_weight=67 58 14 44 8 9
internal_count=67 58 14 44 8 9
is_linear=0
shrinkage=0.06


Tree=165
num_leaves=7
num_cat=0
split_feature=2 0 0 2 0 1
split_gain=0.475955 4.33715 1.78349 1.79197 0.624929 0.522254
threshold=1.0000000180025095e-35 320.00000000000006 237.50000000000003 1.5000000000000002 164.50000000000003 95.000000000000014
decision_type=2 2 2 2 2 2
left_child=5 2 4 -4 -2 -1
right_child=1 -3 3 -5 -6 -7
leaf_value=0.014934978783130626 -0.002886144692699114 0.050899633169174195 -0.0067895376496016988 -0.055974454879760729 0.014790524542331695 -0.012345268819481134
leaf_weight=3.0000000000000027 18.000000000000004 5.9999999999999991 7.9999999999999982 4 11.999999999999998 15.999999999999998
leaf_count=3 18 6 8 4 12 16
internal_value=5.33773e-11 0.00318165 -0.0036352 -0.0231845 0.00418452 -0.00803786
internal_weight=67 48 42 12 30 19
internal_count=67 48 42 12 30 19
is_linear=0
shrinkage=0.06


Tree=166
num_leaves=7
num_cat=0
split_feature=2 0 0 1 0 0
split_gain=0.431331 1.48718 1.1733 0.379044 0.26752 0.174901
threshold=1.5000000000000002 320.00000000000006 277.50000000000006 105.00000000000001 277.50000000000006 102.00000000000001
decision_type=2 2 2 2 2 2
left_child=1 4 3 5 -1 -2
right_child=2 -3 -4 -5 -6 -7
leaf_value=-0.00076974340356313271 0.0005455586314201356 -0.030755878984928132 0.036737015247344969 0.014294956326484677 0.012839298881590366 -0.017197663709521291
leaf_weight=39 3.9999999999999982 5.9999999999999991 3.9999999999999991 4 5.9999999999999991 4
leaf_count=39 4 6 4 4 6 4
internal_value=-1.10091e-10 -0.00269646 0.00859497 -0.000785716 0.0010448 -0.00832605
internal_weight=67 51 16 12 45 8
internal_count=67 51 16 12 45 8
is_linear=0
shrinkage=0.06


Tree=167
num_leaves=7
num_cat=0
split_feature=0 2 1 0 0 2
split_gain=0.420765 0.716177 1.94165 1.40921 0.293222 0.201581
threshold=80.000000000000014 1.5000000000000002 105.00000000000001 320.00000000000006 237.50000000000003 1.0000000180025095e-35
decision_type=2 2 2 2 2 2
left_child=-1 3 4 5 -3 -2
right_child=1 2 -4 -5 -6 -7
leaf_value=-0.012070532788832982 0.0081006170383521488 0.021556853279471398 -0.012108535319566724 -0.028910526335239408 0.044530756473541253 -0.00095874644815921776
leaf_weight=8.9999999999999982 13.999999999999998 3.9999999999999982 6 5.9999999999999991 4 24
leaf_count=9 14 4 6 6 4 24
internal_value=-3.33608e-11 0.00187301 0.0136928 -0.00188783 0.0330438 0.00237891
internal_weight=67 58 14 44 8 38
internal_count=67 58 14 44 8 38
is_linear=0
shrinkage=0.06


Tree=168
num_leaves=7
num_cat=0
split_feature=2 0 0 2 0 3
split_gain=0.410767 3.96959 1.67586 1.67046 0.546069 0.443217
threshold=1.0000000180025095e-35 320.00000000000006 237.50000000000003 1.5000000000000002 164.50000000000003 2.5000000000000004
decision_type=2 2 2 2 2 2
left_child=-1 2 4 -4 5 -2
right_child=1 -3 3 -5 -6 -7
leaf_value=-0.0074671582799208788 -0.009252711012959474 0.048606957197189334 -0.0066867275442928078 -0.054174835681915265 0.013928504064679145 0.01071965105831623
leaf_weight=19 12.000000000000005 5.9999999999999991 7.9999999999999982 4 11.999999999999998 5.9999999999999991
leaf_count=19 12 6 8 4 12 6
internal_value=-6.33855e-11 0.00295575 -0.00356585 -0.0225161 0.00401425 -0.00259526
internal_weight=67 48 42 12 30 18
internal_count=67 48 42 12 30 18
is_linear=0
shrinkage=0.06


Tree=169
num_leaves=7
num_cat=0
split_feature=0 2 1 0 0 2
split_gain=0.363965 0.675069 1.69027 1.41326 0.256971 0.199987
threshold=80.000000000000014 1.5000000000000002 105.00000000000001 320.00000000000006 237.50000000000003 1.0000000180025095e-35
decision_type=2 2 2 2 2 2
left_child=-1 3 4 5 -3 -2
right_child=1 2 -4 -5 -6 -7
leaf_value=-0.011226295779148738 0.0080626089870929722 0.020519019216299058 -0.010855667293071745 -0.028970830142498016 0.042025946974754327 -0.00096086461097002031
leaf_weight=8.9999999999999982 13.999999999999998 3.9999999999999982 6 5.9999999999999991 4 24
leaf_count=9 14 4 6 6 4 24
internal_value=-1.00082e-10 0.00174201 0.0132176 -0.0019093 0.0312725 0.00236357
internal_weight=67 58 14 44 8 38
internal_count=67 58 14 44 8 38
is_linear=0
shrinkage=0.06


Tree=170
num_leaves=7
num_cat=0
split_feature=2 0 0 2 1 1
split_gain=0.369929 3.55538 1.52402 1.5424 0.500155 0.421962
threshold=1.0000000180025095e-35 320.00000000000006 237.50000000000003 1.5000000000000002 115.00000000000001 95.000000000000014
decision_type=2 2 2 2 2 2
left_child=5 2 4 -4 -2 -1
right_child=1 -3 3 -5 -6 -7
leaf_value=0.013563300669193252 -1.2033283710479734e-05 0.046008853912353515 -0.0062278717942535885 -0.051859454512596118 0.019355878829956055 -0.010958044175058603
leaf_weight=3.0000000000000027 24.000000000000004 5.9999999999999991 7.9999999999999982 4 5.9999999999999991 15.999999999999998
leaf_count=3 24 6 8 4 6 16
internal_value=6.67216e-12 0.00280498 -0.00336701 -0.0214384 0.00386155 -0.00708625
internal_weight=67 48 42 12 30 19
internal_count=67 48 42 12 30 19
is_linear=0
shrinkage=0.06


Tree=171
num_leaves=7
num_cat=0
split_feature=2 0 0 2 3 0
split_gain=0.326869 3.14153 1.34662 1.36287 0.469334 0.448443
threshold=1.0000000180025095e-35 320.00000000000006 237.50000000000003 1.5000000000000002 3.5000000000000004 164.50000000000003
decision_type=2 2 2 2 2 2
left_child=-1 2 4 -4 5 -2
right_child=1 -3 3 -5 -6 -7
leaf_value=-0.0066610779574042865 -0.0060616205036640143 0.043248323202133176 -0.0058541995659470566 -0.04874788463115691 0.022763093858957289 0.0098879653215408325
leaf_weight=19 15.000000000000005 5.9999999999999991 7.9999999999999982 4 3.9999999999999991 10.999999999999998
leaf_count=19 15 6 8 4 4 11
internal_value=1.40115e-10 0.00263668 -0.00316499 -0.0201521 0.00362986 0.000686281
internal_weight=67 48 42 12 30 26
internal_count=67 48 42 12 30 26
is_linear=0
shrinkage=0.06


Tree=172
num_leaves=7
num_cat=0
split_feature=2 0 0 1 0 2
split_gain=0.347404 1.48412 0.957222 0.306692 0.290402 1.46292
threshold=1.5000000000000002 320.00000000000006 277.50000000000006 105.00000000000001 237.50000000000003 1.0000000180025095e-35
decision_type=2 2 2 2 2 2
left_child=1 4 3 -2 -1 -6
right_child=2 -3 -4 -5 5 -7
leaf_value=-0.0015890958905220031 -0.0075420160219073313 -0.030450484603643416 0.033132564425468441 0.012805808186531063 0.038937322497367879 -0.005502947545610367
leaf_weight=33 7.9999999999999982 5.9999999999999991 3.9999999999999991 4 3.9999999999999973 8
leaf_count=33 8 6 4 4 4 8
internal_value=-1.66804e-12 -0.00241995 0.00771359 -0.000759408 0.00131746 0.00931048
internal_weight=67 51 16 12 45 12
internal_count=67 51 16 12 45 12
is_linear=0
shrinkage=0.06


Tree=173
num_leaves=7
num_cat=0
split_feature=2 0 0 2 0 1
split_gain=0.31084 2.84355 1.1992 1.2707 0.427662 0.638627
threshold=1.0000000180025095e-35 320.00000000000006 237.50000000000003 1.5000000000000002 164.50000000000003 105.00000000000001
decision_type=2 2 2 2 2 2
left_child=4 2 -2 -4 -1 -6
right_child=1 -3 3 -5 5 -7
leaf_value=0.0029929295182228076 0.0034636865556240083 0.041208790391683577 -0.0051727707800455396 -0.046590728759765609 -0.033605833053588871 -0.0026552140712738032
leaf_weight=9.0000000000000018 30 5.9999999999999991 7.9999999999999982 4 3.9999999999999982 6
leaf_count=9 30 6 8 4 4 6
internal_value=1.00916e-10 0.00257121 -0.00294844 -0.0189788 -0.0064957 -0.0150355
internal_weight=67 48 42 12 19 10
internal_count=67 48 42 12 19 10
is_linear=0
shrinkage=0.06


Tree=174
num_leaves=7
num_cat=0
split_feature=2 0 0 0 2 1
split_gain=0.329367 1.40194 0.838845 0.294206 1.3412 0.250135
threshold=1.5000000000000002 320.00000000000006 277.50000000000006 237.50000000000003 1.0000000180025095e-35 105.00000000000001
decision_type=2 2 2 2 2 2
left_child=1 3 5 -1 -5 -2
right_child=2 -3 -4 4 -6 -7
leaf_value=-0.0016493666984818199 -0.0065464998409152037 -0.029599691294133663 0.031306065917015076 0.037688914239406603 -0.0048624045029282562 0.011829637885093685
leaf_weight=33 7.9999999999999982 5.9999999999999991 3.9999999999999991 3.9999999999999973 8 4
leaf_count=33 8 6 4 4 8 4
internal_value=-1.7014e-10 -0.00235629 0.00751068 0.00127616 0.00932137 -0.000421121
internal_weight=67 51 16 45 12 12
internal_count=67 51 16 45 12 12
is_linear=0
shrinkage=0.06


Tree=175
num_leaves=7
num_cat=0
split_feature=2 0 0 2 3 0
split_gain=0.294938 2.57804 1.06998 1.18325 0.426572 0.405516
threshold=1.0000000180025095e-35 320.00000000000006 237.50000000000003 1.5000000000000002 3.5000000000000004 164.50000000000003
decision_type=2 2 2 2 2 2
left_child=5 2 4 -4 -2 -1
right_child=1 -3 3 -5 -6 -7
leaf_value=0.0029123157262802108 0.00049948615523485031 0.039294128566980363 -0.0045706602581776683 -0.04453807353973388 0.021546545773744583 -0.01464308738708496
leaf_weight=9.0000000000000018 26.000000000000004 5.9999999999999991 7.9999999999999982 4 3.9999999999999991 9.9999999999999982
leaf_count=9 26 6 8 4 4 10
internal_value=-2.09339e-10 0.00250458 -0.00275107 -0.0178931 0.00330576 -0.00632737
internal_weight=67 48 42 12 30 19
internal_count=67 48 42 12 30 19
is_linear=0
shrinkage=0.06


Tree=176
num_leaves=7
num_cat=0
split_feature=2 0 1 0 0 2
split_gain=0.314203 1.3568 0.763472 0.829562 0.288419 1.22116
threshold=1.5000000000000002 320.00000000000006 105.00000000000001 237.50000000000003 237.50000000000003 1.0000000180025095e-35
decision_type=2 2 2 2 2 2
left_child=1 4 3 -2 -1 -6
right_child=2 -3 -4 -5 5 -7
leaf_value=-0.0016245309466665439 0.0033779229223728185 -0.029102614000439644 -0.0095847180485725391 0.038653169274330129 0.036306165754795089 -0.0042964205444877722
leaf_weight=33 5.9999999999999982 5.9999999999999991 5.9999999999999991 4 3.9999999999999973 8
leaf_count=33 6 6 6 4 4 8
internal_value=-3.57065e-12 -0.00230141 0.00733574 0.017488 0.00127208 0.00923777
internal_weight=67 51 16 10 45 12
internal_count=67 51 16 10 45 12
is_linear=0
shrinkage=0.06


Tree=177
num_leaves=7
num_cat=0
split_feature=0 2 1 0 0 2
split_gain=0.281007 0.565825 1.29194 1.25923 0.203458 1.07902
threshold=80.000000000000014 1.5000000000000002 105.00000000000001 320.00000000000006 237.50000000000003 1.0000000180025095e-35
decision_type=2 2 2 2 2 2
left_child=-1 3 -3 4 -2 -6
right_child=1 2 -4 -5 5 -7
leaf_value=-0.0098642736673355113 -0.00076151050054110007 0.027821524254977706 -0.0090096345543861384 -0.027356455773115157 0.034127794504165664 -0.0040386352536734187
leaf_weight=8.9999999999999982 26 7.9999999999999982 6 5.9999999999999991 3.9999999999999973 8
leaf_count=9 26 8 6 6 4 8
internal_value=1.79731e-10 0.00153066 0.0120367 -0.00181218 0.00222113 0.00868351
internal_weight=67 58 14 44 38 12
internal_count=67 58 14 44 38 12
is_linear=0
shrinkage=0.06


Tree=178
num_leaves=7
num_cat=0
split_feature=2 0 0 2 0 0
split_gain=0.292081 2.38332 0.96823 1.15608 0.417675 0.416096
threshold=1.0000000180025095e-35 320.00000000000006 237.50000000000003 1.5000000000000002 164.50000000000003 164.50000000000003
decision_type=2 2 2 2 2 2
left_child=5 2 4 -4 -2 -1
right_child=1 -3 3 -5 -6 -7
leaf_value=0.0030627942085266102 -0.0025796978175640101 0.037865350246429445 -0.0037963172653689989 -0.043302197456359853 0.011871505379676819 -0.014720143318176268
leaf_weight=9.0000000000000018 18.000000000000004 5.9999999999999991 7.9999999999999982 4 11.999999999999998 9.9999999999999982
leaf_count=9 18 6 8 4 12 10
internal_value=-1.18431e-10 0.00249242 -0.00256085 -0.0169649 0.00320078 -0.00629665
internal_weight=67 48 42 12 30 19
internal_count=67 48 42 12 30 19
is_linear=0
shrinkage=0.06


Tree=179
num_leaves=7
num_cat=0
split_feature=2 0 0 2 1 0
split_gain=0.258083 2.1059 0.855528 1.02152 0.374495 0.367662
threshold=1.0000000180025095e-35 320.00000000000006 237.50000000000003 1.5000000000000002 115.00000000000001 164.50000000000003
decision_type=2 2 2 2 2 2
left_child=5 2 4 -4 -2 -1
right_child=1 -3 3 -5 -6 -7
leaf_value=0.0028790269295374538 -0.00034310519695281979 0.035593428164720532 -0.0035685381875373424 -0.04070406675338744 0.016416104435920714 -0.013836934089660644
leaf_weight=9.0000000000000018 24.000000000000004 5.9999999999999991 7.9999999999999982 4 5.9999999999999991 9.9999999999999982
leaf_count=9 24 6 8 4 6 10
internal_value=-2.50206e-12 0.00234288 -0.0024072 -0.015947 0.00300874 -0.00591885
internal_weight=67 48 42 12 30 19
internal_count=67 48 42 12 30 19
is_linear=0
shrinkage=0.06


Tree=180
num_leaves=7
num_cat=0
split_feature=2 0 0 0 2 1
split_gain=0.271094 1.27145 0.694473 0.269967 1.0222 0.217138
threshold=1.5000000000000002 320.00000000000006 277.50000000000006 237.50000000000003 1.0000000180025095e-35 105.00000000000001
decision_type=2 2 2 2 2 2
left_child=1 3 5 -1 -5 -2
right_child=2 -3 -4 4 -6 -7
leaf_value=-0.0014808579195629465 -0.0061101565137505537 -0.028082279711961745 0.028465036153793335 0.033793551921844495 -0.0033544257469475258 0.011011071950197219
leaf_weight=33 7.9999999999999982 5.9999999999999991 3.9999999999999991 3.9999999999999973 8 4
leaf_count=33 8 6 4 4 8 4
internal_value=-1.13427e-10 -0.00213771 0.00681395 0.00132157 0.00902823 -0.00040308
internal_weight=67 51 16 45 12 12
internal_count=67 51 16 45 12 12
is_linear=0
shrinkage=0.06


Tree=181
num_leaves=7
num_cat=0
split_feature=2 0 0 2 3 0
split_gain=0.243774 1.91828 0.767343 0.948266 0.365558 0.347039
threshold=1.0000000180025095e-35 320.00000000000006 237.50000000000003 1.5000000000000002 3.5000000000000004 164.50000000000003
decision_type=2 2 2 2 2 2
left_child=5 2 4 -4 -2 -1
right_child=1 -3 3 -5 -6 -7
leaf_value=0.0027951365709304797 0.00027484049017612743 0.034011813774704934 -0.0031531603960320356 -0.038932467699050892 0.019758637547492981 -0.01344523537158966
leaf_weight=9.0000000000000018 26.000000000000004 5.9999999999999991 7.9999999999999982 4 3.9999999999999991 9.9999999999999982
leaf_count=9 26 6 8 4 4 10
internal_value=1.05087e-10 0.002277 -0.00225654 -0.0150796 0.00287268 -0.00575243
internal_weight=67 48 42 12 30 19
internal_count=67 48 42 12 30 19
is_linear=0
shrinkage=0.06


Tree=182
num_leaves=7
num_cat=0
split_feature=2 0 0 0 2 1
split_gain=0.258255 1.21887 0.607747 0.261238 0.935446 0.18147
threshold=1.5000000000000002 320.00000000000006 277.50000000000006 237.50000000000003 1.0000000180025095e-35 105.00000000000001
decision_type=2 2 2 2 2 2
left_child=1 3 5 -1 -5 -2
right_child=2 -3 -4 4 -6 -7
leaf_value=-0.0014562307433648542 -0.0053180566616356376 -0.02748891085386276 0.026904752254486082 0.03257265329360963 -0.0029639706714078774 0.010333917886018751
leaf_weight=33 7.9999999999999982 5.9999999999999991 3.9999999999999991 3.9999999999999973 8 4
leaf_count=33 8 6 4 4 8 4
internal_value=-6.83897e-11 -0.00208648 0.00665064 0.00130052 0.00888157 -0.000100732
internal_weight=67 51 16 45 12 12
internal_count=67 51 16 45 12 12
is_linear=0
shrinkage=0.06


Tree=183
num_leaves=7
num_cat=0
split_feature=0 2 1 0 3 2
split_gain=0.236623 0.48143 1.15205 1.12651 0.191621 0.39342
threshold=80.000000000000014 1.5000000000000002 105.00000000000001 320.00000000000006 3.5000000000000004 1.0000000180025095e-35
decision_type=2 2 2 2 2 2
left_child=-1 3 -3 4 5 -2
right_child=1 2 -4 -5 -6 -7
leaf_value=-0.0090517977873484281 0.012460877150297164 0.026001286916434767 -0.0087787911295890801 -0.025839575529098508 -0.0088099833726882921 -0.0011578348864402089
leaf_weight=8.9999999999999982 11.999999999999998 7.9999999999999982 6 5.9999999999999991 4.9999999999999991 21
leaf_count=9 12 8 6 6 5 21
internal_value=-1.25103e-10 0.00140459 0.0110955 -0.00167889 0.00213595 0.00379442
internal_weight=67 58 14 44 38 33
internal_count=67 58 14 44 38 33
is_linear=0
shrinkage=0.06


Tree=184
num_leaves=7
num_cat=0
split_feature=2 0 0 2 0 3
split_gain=0.243817 1.80329 0.70369 0.909697 0.331131 0.3458
threshold=1.0000000180025095e-35 320.00000000000006 237.50000000000003 1.5000000000000002 164.50000000000003 2.5000000000000004
decision_type=2 2 2 2 2 2
left_child=-1 2 4 -4 5 -2
right_child=1 -3 3 -5 -6 -7
leaf_value=-0.005752938546632465 -0.0082338477298617308 0.033046123087406155 -0.0027166623668745163 -0.03776079654693603 0.010513849258422851 0.0094075915217399601
leaf_weight=19 12.000000000000005 5.9999999999999991 7.9999999999999982 4 11.999999999999998 5.9999999999999991
leaf_count=19 12 6 8 4 12 6
internal_value=-1.71808e-10 0.0022772 -0.00211836 -0.014398 0.00279352 -0.00235337
internal_weight=67 48 42 12 30 18
internal_count=67 48 42 12 30 18
is_linear=0
shrinkage=0.06


Tree=185
num_leaves=7
num_cat=0
split_feature=2 0 0 2 0 1
split_gain=0.215437 1.59339 0.62178 0.803809 0.326609 0.448318
threshold=1.0000000180025095e-35 320.00000000000006 237.50000000000003 1.5000000000000002 164.50000000000003 105.00000000000001
decision_type=2 2 2 2 2 2
left_child=4 2 -2 -4 -1 -6
right_child=1 -3 3 -5 5 -7
leaf_value=0.0028843848903973885 0.0026259076446294785 0.031063355682417748 -0.0025536625832319262 -0.035495148897171015 -0.028429997563362126 -0.0024978268146514889
leaf_weight=9.0000000000000018 30 5.9999999999999991 7.9999999999999982 4 3.9999999999999982 6
leaf_count=9 30 6 8 4 4 6
internal_value=-2.97745e-10 0.00214057 -0.00199125 -0.0135342 -0.00540776 -0.0128707
internal_weight=67 48 42 12 19 10
internal_count=67 48 42 12 19 10
is_linear=0
shrinkage=0.06


Tree=186
num_leaves=7
num_cat=0
split_feature=2 0 0 0 2 1
split_gain=0.220964 1.10986 0.529 0.254245 0.833486 0.153577
threshold=1.5000000000000002 320.00000000000006 277.50000000000006 237.50000000000003 1.0000000180025095e-35 105.00000000000001
decision_type=2 2 2 2 2 2
left_child=1 3 5 -1 -5 -2
right_child=2 -3 -4 4 -6 -7
leaf_value=-0.0014175682989033785 -0.0049466791749000552 -0.026169919818639753 0.025048187971115111 0.031143652796745313 -0.0024004430137574669 0.0094522234797477702
leaf_weight=33 7.9999999999999982 5.9999999999999991 3.9999999999999991 3.9999999999999973 8 4
leaf_count=33 8 6 4 4 8 4
internal_value=1.00082e-10 -0.00192996 0.00615176 0.00130203 0.00878092 -0.000147045
internal_weight=67 51 16 45 12 12
internal_count=67 51 16 45 12 12
is_linear=0
shrinkage=0.06


Tree=187
num_leaves=7
num_cat=0
split_feature=0 2 0 1 0 2
split_gain=0.206094 0.429775 1.02063 1.01543 0.188812 0.736468
threshold=80.000000000000014 1.5000000000000002 320.00000000000006 105.00000000000001 237.50000000000003 1.0000000180025095e-35
decision_type=2 2 2 2 2 2
left_child=-1 2 4 -3 -2 -6
right_child=1 3 -4 -5 5 -7
leaf_value=-0.00844772160053253 -0.00084465846419334411 0.024461211115121843 -0.02459972508251667 -0.0081915885210037225 0.02927503377199174 -0.0022564163245260712
leaf_weight=8.9999999999999982 26 7.9999999999999982 5.9999999999999991 6 3.9999999999999973 8
leaf_count=9 26 8 6 6 4 8
internal_value=-4.0033e-11 0.00131085 -0.00160252 0.0104672 0.00202862 0.00825407
internal_weight=67 58 44 14 38 12
internal_count=67 58 44 14 38 12
is_linear=0
shrinkage=0.06


Tree=188
num_leaves=7
num_cat=0
split_feature=2 0 0 2 0 1
split_gain=0.211721 1.50596 0.56515 0.774509 0.331979 0.369667
threshold=1.0000000180025095e-35 320.00000000000006 237.50000000000003 1.5000000000000002 164.50000000000003 105.00000000000001
decision_type=2 2 2 2 2 2
left_child=4 2 -2 -4 -1 -6
right_child=1 -3 3 -5 5 -7
leaf_value=0.0029991168777147915 0.0025070434510707854 0.030240152776241303 -0.0021210313215851788 -0.034456574320793146 -0.027013668715953832 -0.00346584141254425
leaf_weight=9.0000000000000018 30 5.9999999999999991 7.9999999999999982 4 3.9999999999999982 6
leaf_count=9 30 6 8 4 4 6
internal_value=1.33443e-11 0.00212203 -0.00189484 -0.0128995 -0.00536093 -0.012885
internal_weight=67 48 42 12 19 10
internal_count=67 48 42 12 19 10
is_linear=0
shrinkage=0.06


Tree=189
num_leaves=7
num_cat=0
split_feature=0 2 0 1 0 2
split_gain=0.18953 0.39947 0.954643 0.862455 0.18657 0.685765
threshold=80.000000000000014 1.5000000000000002 320.00000000000006 105.00000000000001 237.50000000000003 1.0000000180025095e-35
decision_type=2 2 2 2 2 2
left_child=-1 2 4 -3 -2 -6
right_child=1 3 -4 -5 5 -7
leaf_value=-0.0081011221806208296 -0.00089608064064612746 0.022981573753058912 -0.023793075568974018 -0.0071112427115440358 0.028432915806770338 -0.0019937694445252415
leaf_weight=8.9999999999999982 26 7.9999999999999982 5.9999999999999991 6 3.9999999999999973 8
leaf_count=9 26 8 6 6 4 8
internal_value=-1.23435e-10 0.00125707 -0.00155171 0.0100847 0.00196009 0.00814846
internal_weight=67 58 44 14 38 12
internal_count=67 58 44 14 38 12
is_linear=0
shrinkage=0.06


Tree=190
num_leaves=7
num_cat=0
split_feature=2 0 1 0 0 1
split_gain=0.194866 1.37646 0.517749 0.316293 0.348638 0.315124
threshold=1.0000000180025095e-35 320.00000000000006 115.00000000000001 164.50000000000003 80.000000000000014 105.00000000000001
decision_type=2 2 2 2 2 2
left_child=3 2 -2 4 -1 -5
right_child=1 -3 -4 5 -6 -7
leaf_value=-0.013683583140373217 -0.0045241100030640755 0.028917835652828218 0.014513339996337891 -0.025532043278217322 0.011367345005273817 -0.003790705800056457
leaf_weight=3.0000000000000018 36 5.9999999999999991 5.9999999999999991 3.9999999999999982 6 6
leaf_count=3 36 6 6 4 6 6
internal_value=9.67463e-11 0.00203581 -0.00180447 -0.00514311 0.00301704 -0.0124872
internal_weight=67 48 42 19 9 10
internal_count=67 48 42 19 9 10
is_linear=0
shrinkage=0.06


Tree=191
num_leaves=7
num_cat=0
split_feature=2 0 0 2 3 0
split_gain=0.172184 1.21624 0.489037 0.711445 0.294626 0.388069
threshold=1.0000000180025095e-35 320.00000000000006 237.50000000000003 1.5000000000000002 2.5000000000000004 102.00000000000001
decision_type=2 2 2 2 2 2
left_child=-1 2 4 -4 5 -2
right_child=1 -3 3 -5 -6 -7
leaf_value=-0.0048345234519556945 -0.014000436365604383 0.027182764038443566 -0.0016026966646313669 -0.03259384274482726 0.013176611193588803 0.0037483907008872314
leaf_weight=19 6.0000000000000062 5.9999999999999991 7.9999999999999982 4 6.9999999999999991 17
leaf_count=19 6 6 8 4 7 17
internal_value=-5.33773e-11 0.00191367 -0.00169621 -0.0119331 0.00239854 -0.000881738
internal_weight=67 48 42 12 30 23
internal_count=67 48 42 12 30 23
is_linear=0
shrinkage=0.06


Tree=192
num_leaves=7
num_cat=0
split_feature=2 0 0 0 2 1
split_gain=0.152377 0.947726 0.429638 0.217076 0.640407 0.156694
threshold=1.5000000000000002 320.00000000000006 277.50000000000006 237.50000000000003 1.0000000180025095e-35 105.00000000000001
decision_type=2 2 2 2 2 2
left_child=1 3 5 -1 -5 -2
right_child=2 -3 -4 4 -6 -7
leaf_value=-0.0011290438879619944 -0.0054160539060831075 -0.024002183675765992 0.022138110995292663 0.027896695733070385 -0.0015065349452197548 0.0091282586753368353
leaf_weight=33 7.9999999999999982 5.9999999999999991 3.9999999999999991 3.9999999999999973 8 4
leaf_count=33 8 6 4 4 8 4
internal_value=6.67216e-12 -0.00160269 0.00510857 0.00138391 0.00829454 -0.00056795
internal_weight=67 51 16 45 12 12
internal_count=67 51 16 45 12 12
is_linear=0
shrinkage=0.06


Tree=193
num_leaves=7
num_cat=0
split_feature=2 0 0 2 0 0
split_gain=0.162658 1.11635 0.441406 0.654445 0.295901 0.308057
threshold=1.0000000180025095e-35 320.00000000000006 237.50000000000003 1.5000000000000002 164.50000000000003 80.000000000000014
decision_type=2 2 2 2 2 2
left_child=4 2 -2 -4 5 -1
right_child=1 -3 3 -5 -6 -7
leaf_value=-0.012504754066467274 0.0022917588502168653 0.02606912449002266 -0.0014161427691578867 -0.031139874458312979 -0.011802331566810608 0.011043118089437483
leaf_weight=3.0000000000000018 30 5.9999999999999991 7.9999999999999982 4 9.9999999999999982 6
leaf_count=3 30 6 8 4 10 6
internal_value=4.67051e-11 0.00185998 -0.00159847 -0.0113241 -0.00469889 0.00319383
internal_weight=67 48 42 12 19 9
internal_count=67 48 42 12 19 9
is_linear=0
shrinkage=0.06


Tree=194
num_leaves=7
num_cat=0
split_feature=2 0 0 0 2 1
split_gain=0.145252 0.898005 0.37804 0.206926 0.591668 0.128484
threshold=1.5000000000000002 320.00000000000006 277.50000000000006 237.50000000000003 1.0000000180025095e-35 105.00000000000001
decision_type=2 2 2 2 2 2
left_child=1 3 5 -1 -5 -2
right_child=2 -3 -4 4 -6 -7
leaf_value=-0.0011110652034932917 -0.0047271213680505761 -0.023368771076202392 0.020961946249008177 0.026931033432483684 -0.0013311741594225165 0.0084430557489395125
leaf_weight=33 7.9999999999999982 5.9999999999999991 3.9999999999999991 3.9999999999999973 8 4
leaf_count=33 8 6 4 4 8 4
internal_value=-1.00082e-11 -0.00156477 0.00498769 0.00134244 0.00808956 -0.000337062
internal_weight=67 51 16 45 12 12
internal_count=67 51 16 45 12 12
is_linear=0
shrinkage=0.06


Tree=195
num_leaves=7
num_cat=0
split_feature=2 0 1 0 0 1
split_gain=0.153449 1.02645 0.405092 0.276733 0.272199 0.25751
threshold=1.0000000180025095e-35 320.00000000000006 115.00000000000001 164.50000000000003 80.000000000000014 105.00000000000001
decision_type=2 2 2 2 2 2
left_child=3 2 -2 4 -1 -5
right_child=1 -3 -4 5 -6 -7
leaf_value=-0.011687804758548725 -0.003915344011038541 0.02502048946917057 0.012924026250839233 -0.023225610852241521 0.010447195321321484 -0.0035720032453536981
leaf_weight=3.0000000000000018 36 5.9999999999999991 5.9999999999999991 3.9999999999999982 6 6
leaf_count=3 36 6 6 4 6 6
internal_value=7.00577e-11 0.00180656 -0.00150972 -0.00456393 0.00306886 -0.0114334
internal_weight=67 48 42 19 9 10
internal_count=67 48 42 19 9 10
is_linear=0
shrinkage=0.06


Tree=196
num_leaves=7
num_cat=0
split_feature=1 2 0 2 0 1
split_gain=0.157858 0.206606 0.896812 0.615853 0.548074 0.21352
threshold=115.00000000000001 1.5000000000000002 320.00000000000006 1.0000000180025095e-35 80.000000000000014 105.00000000000001
decision_type=2 2 2 2 2 2
left_child=1 2 3 4 -1 -6
right_child=-2 -3 -4 -5 5 -7
leaf_value=-0.010986536741256714 -0.0079091101884841922 0.0074380224517413543 -0.022502952218055726 -0.0035463859513401984 0.01202660668641329 0.029004573225975029
leaf_weight=2.9999999999999991 7.9999999999999991 13.999999999999998 5.9999999999999991 24 7.9999999999999982 4
leaf_count=3 8 14 6 24 8 4
internal_value=-1.06755e-10 0.00107242 -0.000907988 0.00241431 0.0119514 0.0176859
internal_weight=67 59 45 39 15 12
internal_count=67 59 45 39 15 12
is_linear=0
shrinkage=0.06


Tree=197
num_leaves=7
num_cat=0
split_feature=2 0 3 2 0 1
split_gain=0.160261 0.957816 0.402519 0.335821 0.572391 0.461131
threshold=1.0000000180025095e-35 320.00000000000006 3.5000000000000004 1.5000000000000002 237.50000000000003 115.00000000000001
decision_type=2 2 2 2 2 2
left_child=-1 2 3 5 -5 -2
right_child=1 -3 -4 4 -6 -7
leaf_value=-0.0046641406416893004 -0.0022047336365688926 0.024270617067813874 0.016747028231620789 -0.0026915312310059861 -0.029969886839389798 0.02287144124507904
leaf_weight=19 22.000000000000004 5.9999999999999991 3.9999999999999991 8.9999999999999982 3.9999999999999991 2.9999999999999991
leaf_count=19 22 6 4 9 4 3
internal_value=-2.33526e-11 0.00184622 -0.00135726 -0.00326298 -0.0110849 0.000804407
internal_weight=67 48 42 38 13 25
internal_count=67 48 42 38 13 25
is_linear=0
shrinkage=0.06


Tree=198
num_leaves=7
num_cat=0
split_feature=1 2 0 2 0 0
split_gain=0.160074 0.197677 0.862116 0.562421 0.484278 0.20534
threshold=115.00000000000001 1.5000000000000002 320.00000000000006 1.0000000180025095e-35 80.000000000000014 277.50000000000006
decision_type=2 2 2 2 2 2
left_child=1 2 3 4 -1 -3
right_child=-2 5 -4 -5 -6 -7
leaf_value=-0.010047495961189269 -0.0079644387960433952 0.0027107205390930174 -0.022030317187309266 -0.0032960775028914213 0.016904621794819833 0.018795771002769468
leaf_weight=2.9999999999999991 7.9999999999999991 9.9999999999999982 5.9999999999999991 24 11.999999999999998 3.9999999999999991
leaf_count=3 8 10 6 24 12 4
internal_value=-1.56796e-10 0.00107992 -0.000857218 0.00240018 0.0115142 0.00730645
internal_weight=67 59 45 39 15 14
internal_count=67 59 45 39 15 14
is_linear=0
shrinkage=0.06


Tree=199
num_leaves=7
num_cat=0
split_feature=2 0 3 2 0 0
split_gain=0.165535 0.87584 0.359389 0.320775 0.530716 0.463332
threshold=1.0000000180025095e-35 320.00000000000006 3.5000000000000004 1.5000000000000002 237.50000000000003 102.00000000000001
decision_type=2 2 2 2 2 2
left_child=-1 2 3 -2 5 -5
right_child=1 -3 -4 4 -6 -7
leaf_value=-0.0047402610747437728 0.00098751981854438772 0.023319677412509919 0.015919895768165587 -0.021803027391433721 -0.028816887438297269 0.0070759928226470934
leaf_weight=19 25 5.9999999999999991 3.9999999999999991 2.9999999999999982 3.9999999999999991 6
leaf_count=19 25 6 4 3 4 6
internal_value=1.13427e-10 0.00187635 -0.00118698 -0.0029877 -0.0106324 -0.00255035
internal_weight=67 48 42 38 13 9
internal_count=67 48 42 38 13 9
is_linear=0
shrinkage=0.06


Tree=200
num_leaves=7
num_cat=0
split_feature=1 2 0 2 0 0
split_gain=0.148195 0.196876 0.82023 0.52727 0.44051 0.1762
threshold=115.00000000000001 1.5000000000000002 320.00000000000006 1.0000000180025095e-35 225.00000000000003 80.000000000000014
decision_type=2 2 2 2 2 2
left_child=1 2 3 4 5 -1
right_child=-2 -3 -4 -5 -6 -7
leaf_value=-0.0091602304577827476 -0.0076632265001535414 0.0072529771711145122 -0.021546478569507598 -0.0032322260737419127 0.023700766563415528 0.008648753762245177
leaf_weight=2.9999999999999982 7.9999999999999991 13.999999999999998 5.9999999999999991 24 5.9999999999999991 6
leaf_count=3 8 14 6 24 6 6
internal_value=2.66886e-11 0.00103908 -0.00089413 0.00228315 0.0111078 0.00271243
internal_weight=67 59 45 39 15 9
internal_count=67 59 45 39 15 9
is_linear=0
shrinkage=0.06


Tree=201
num_leaves=7
num_cat=0
split_feature=2 0 1 0 0 0
split_gain=0.169558 0.819193 0.354074 0.256411 0.233995 0.185296
threshold=1.0000000180025095e-35 320.00000000000006 115.00000000000001 164.50000000000003 237.50000000000003 237.50000000000003
decision_type=2 2 2 2 2 2
left_child=3 2 5 -1 -5 -2
right_child=1 -3 -4 4 -6 -7
leaf_value=0.0025496800740559883 -0.00026882186532020571 0.022637296393513681 0.012430664598941802 -0.022650885879993445 -0.0039160770177841175 -0.0094002637173980479
leaf_weight=9.0000000000000018 24 5.9999999999999991 5.9999999999999991 3.9999999999999982 6 11.999999999999998
leaf_count=9 24 6 6 4 6 12
internal_value=-1.25103e-10 0.00189902 -0.00106359 -0.00479752 -0.01141 -0.00331264
internal_weight=67 48 42 19 10 36
internal_count=67 48 42 19 10 36
is_linear=0
shrinkage=0.06


Tree=202
num_leaves=7
num_cat=0
split_feature=2 0 1 0 0 0
split_gain=0.149821 0.723839 0.312859 0.226565 0.206758 0.163728
threshold=1.0000000180025095e-35 320.00000000000006 115.00000000000001 164.50000000000003 237.50000000000003 237.50000000000003
decision_type=2 2 2 2 2 2
left_child=3 2 5 -1 -5 -2
right_child=1 -3 -4 4 -6 -7
leaf_value=0.0023966993888219191 -0.00025269196368753909 0.021279057264328004 0.011684824526309966 -0.021291834712028505 -0.0036811113357543938 -0.0088362482003867624
leaf_weight=9.0000000000000018 24 5.9999999999999991 5.9999999999999991 3.9999999999999982 6 11.999999999999998
leaf_count=9 24 6 6 4 6 12
internal_value=-1.06755e-10 0.00178508 -0.000999777 -0.00450967 -0.0107254 -0.00311388
internal_weight=67 48 42 19 10 36
internal_count=67 48 42 19 10 36
is_linear=0
shrinkage=0.06


Tree=203
num_leaves=7
num_cat=0
split_feature=1 2 0 2 0 0
split_gain=0.146893 0.167838 0.856818 0.459656 0.449803 0.15569
threshold=115.00000000000001 1.5000000000000002 320.00000000000006 1.0000000180025095e-35 225.00000000000003 80.000000000000014
decision_type=2 2 2 2 2 2
left_child=1 2 3 4 5 -1
right_child=-2 -3 -4 -5 -6 -7
leaf_value=-0.0089073994755744963 -0.0076294896751642229 0.006771879350500447 -0.021858401000499725 -0.0026527016609907152 0.0234614622592926 0.0078330458700656865
leaf_weight=2.9999999999999982 7.9999999999999991 13.999999999999998 5.9999999999999991 24 5.9999999999999991 6
leaf_count=3 8 14 6 24 6 6
internal_value=-3.00247e-11 0.00103451 -0.000750453 0.00249692 0.0107363 0.0022529
internal_weight=67 59 45 39 15 9
internal_count=67 59 45 39 15 9
is_linear=0
shrinkage=0.06


Tree=204
num_leaves=7
num_cat=0
split_feature=2 0 3 2 0 0
split_gain=0.153279 0.68297 0.303538 0.340824 0.431707 0.412229
threshold=1.0000000180025095e-35 320.00000000000006 3.5000000000000004 1.5000000000000002 237.50000000000003 102.00000000000001
decision_type=2 2 2 2 2 2
left_child=-1 2 3 -2 5 -5
right_child=1 -3 -4 4 -6 -7
leaf_value=-0.0045614119893626157 0.0015431327372789382 0.020741212964057922 0.014822003245353698 -0.021305045783519751 -0.026835174858570097 0.0059348437190055838
leaf_weight=19 25 5.9999999999999991 3.9999999999999991 2.9999999999999982 3.9999999999999991 6
leaf_count=19 25 6 4 3 4 6
internal_value=1.03419e-10 0.00180556 -0.000899534 -0.00255443 -0.0104344 -0.00314512
internal_weight=67 48 42 38 13 9
internal_count=67 48 42 38 13 9
is_linear=0
shrinkage=0.06


Tree=205
num_leaves=7
num_cat=0
split_feature=1 2 0 2 0 0
split_gain=0.135891 0.169251 0.807217 0.434558 0.397446 0.144779
threshold=115.00000000000001 1.5000000000000002 320.00000000000006 1.0000000180025095e-35 225.00000000000003 277.50000000000006
decision_type=2 2 2 2 2 2
left_child=1 2 3 4 -1 -3
right_child=-2 5 -4 -5 -6 -7
leaf_value=0.0023914081851641338 -0.0073382060229778287 0.0028975150287151338 -0.021285316944122314 -0.0026525218132883309 0.022327458858489989 0.016403873562812806
leaf_weight=8.9999999999999982 7.9999999999999991 9.9999999999999982 5.9999999999999991 24 5.9999999999999991 3.9999999999999991
leaf_count=9 8 10 6 24 6 4
internal_value=-3.00247e-11 0.000995011 -0.000797444 0.00235454 0.0103658 0.00675647
internal_weight=67 59 45 39 15 14
internal_count=67 59 45 39 15 14
is_linear=0
shrinkage=0.06


Tree=206
num_leaves=7
num_cat=0
split_feature=2 0 1 0 0 0
split_gain=0.155745 0.630937 0.296503 0.222614 0.181721 0.137568
threshold=1.0000000180025095e-35 320.00000000000006 115.00000000000001 164.50000000000003 237.50000000000003 80.000000000000014
decision_type=2 2 2 2 2 2
left_child=3 2 -2 5 -5 -1
right_child=1 -3 -4 4 -6 -7
leaf_value=-0.0082427552342414778 -0.0028380757321914032 0.020020076781511305 0.011568585336208342 -0.020665275156497957 -0.0041552430391311639 0.0074932633340358719
leaf_weight=3.0000000000000018 36 5.9999999999999991 5.9999999999999991 3.9999999999999982 6 6
leaf_count=3 36 6 6 4 6 6
internal_value=2.66886e-11 0.00182003 -0.000779981 -0.00459796 -0.0107593 0.00224792
internal_weight=67 48 42 19 10 9
internal_count=67 48 42 19 10 9
is_linear=0
shrinkage=0.06


Tree=207
num_leaves=7
num_cat=0
split_feature=2 0 3 2 0 0
split_gain=0.137617 0.557496 0.26777 0.324382 0.393526 0.361876
threshold=1.0000000180025095e-35 320.00000000000006 3.5000000000000004 1.5000000000000002 237.50000000000003 102.00000000000001
decision_type=2 2 2 2 2 2
left_child=-1 2 3 -2 5 -5
right_child=1 -3 -4 4 -6 -7
leaf_value=-0.0043220824316928261 0.0017099896609783173 0.018818871080875398 0.014033052921295166 -0.020030309557914738 -0.025633821487426756 0.0054917679727077475
leaf_weight=19 25 5.9999999999999991 3.9999999999999991 2.9999999999999982 3.9999999999999991 6
leaf_count=19 25 6 4 3 4 6
internal_value=1.00082e-10 0.00171082 -0.000733182 -0.00228752 -0.00997505 -0.00301559
internal_weight=67 48 42 38 13 9
internal_count=67 48 42 38 13 9
is_linear=0
shrinkage=0.06


Tree=208
num_leaves=7
num_cat=0
split_feature=1 2 0 2 0 0
split_gain=0.133369 0.166887 0.815922 0.409755 0.378469 0.139523
threshold=115.00000000000001 1.5000000000000002 320.00000000000006 1.0000000180025095e-35 225.00000000000003 80.000000000000014
decision_type=2 2 2 2 2 2
left_child=1 2 3 4 -1 -5
right_child=-2 -3 -4 5 -6 -7
leaf_value=0.0023723731438318888 -0.0072697895765304566 0.0067068229456033026 -0.021392209827899931 0.0077421710640191961 0.021826652288436887 -0.004533195108175278
leaf_weight=8.9999999999999982 7.9999999999999991 13.999999999999998 5.9999999999999991 4.0000000000000027 5.9999999999999991 20
leaf_count=9 8 14 6 4 6 20
internal_value=-3.33608e-12 0.000985734 -0.00079416 0.00237477 0.0101541 -0.0024873
internal_weight=67 59 45 39 15 24
internal_count=67 59 45 39 15 24
is_linear=0
shrinkage=0.06


Tree=209
num_leaves=7
num_cat=0
split_feature=2 0 1 0 1 0
split_gain=0.140216 0.530226 0.26462 0.206456 0.164411 0.121555
threshold=1.0000000180025095e-35 320.00000000000006 115.00000000000001 164.50000000000003 105.00000000000001 80.000000000000014
decision_type=2 2 2 2 2 2
left_child=3 2 -2 5 -5 -1
right_child=1 -3 -4 4 -6 -7
leaf_value=-0.007631207108497612 -0.0026008687540888787 0.018411290943622587 0.011009193062782287 -0.019718612730503085 -0.0040145754814147946 0.0071606499701738343
leaf_weight=3.0000000000000018 36 5.9999999999999991 5.9999999999999991 3.9999999999999982 6 6
leaf_count=3 36 6 6 4 6 6
internal_value=5.33773e-11 0.00172691 -0.000656574 -0.00436272 -0.0102962 0.00223003
internal_weight=67 48 42 19 10 9
internal_count=67 48 42 19 10 9
is_linear=0
shrinkage=0.06


Tree=210
num_leaves=7
num_cat=0
split_feature=1 2 0 2 0 0
split_gain=0.133332 0.142941 0.753093 0.361186 0.36008 0.123282
threshold=115.00000000000001 1.5000000000000002 320.00000000000006 1.0000000180025095e-35 225.00000000000003 80.000000000000014
decision_type=2 2 2 2 2 2
left_child=1 2 3 4 -1 -5
right_child=-2 -3 -4 5 -6 -7
leaf_value=0.0020962290465831755 -0.0072687980532646175 0.006280361171811819 -0.020450756847858426 0.0074336928874254157 0.021072008013725281 -0.0041051511839032169
leaf_weight=8.9999999999999982 7.9999999999999991 13.999999999999998 5.9999999999999991 4.0000000000000027 5.9999999999999991 20
leaf_count=9 8 14 6 4 6 20
internal_value=-1.75144e-10 0.0009856 -0.00066166 0.00238282 0.00968654 -0.00218201
internal_weight=67 59 45 39 15 24
internal_count=67 59 45 39 15 24
is_linear=0
shrinkage=0.06


Tree=211
num_leaves=7
num_cat=0
split_feature=2 0 1 0 0 0
split_gain=0.141634 0.503807 0.251482 0.191844 0.173221 0.113881
threshold=1.0000000180025095e-35 320.00000000000006 115.00000000000001 164.50000000000003 237.50000000000003 277.50000000000006
decision_type=2 2 2 2 2 2
left_child=3 2 5 -1 -5 -2
right_child=1 -3 -4 4 -6 -7
leaf_value=0.0019704553484916677 -0.00097396695986390119 0.017999035567045209 0.010784769356250763 -0.019775962829589846 -0.0036566540598869314 -0.010029024705290794
leaf_weight=9.0000000000000018 30 5.9999999999999991 5.9999999999999991 3.9999999999999982 6 5.9999999999999991
leaf_count=9 30 6 6 4 6 6
internal_value=-7.50618e-11 0.00173562 -0.000587727 -0.00438472 -0.0101044 -0.00248314
internal_weight=67 48 42 19 10 36
internal_count=67 48 42 19 10 36
is_linear=0
shrinkage=0.06


Tree=212
num_leaves=7
num_cat=0
split_feature=2 0 3 2 0 1
split_gain=0.125148 0.445164 0.235909 0.336207 0.33982 0.322202
threshold=1.0000000180025095e-35 320.00000000000006 3.5000000000000004 1.5000000000000002 237.50000000000003 115.00000000000001
decision_type=2 2 2 2 2 2
left_child=-1 2 3 5 -5 -2
right_child=1 -3 -4 4 -6 -7
leaf_value=-0.0041216365287178444 -0.00045701011338017194 0.016919095516204834 0.013307450115680694 -0.0033706368257602052 -0.024388881325721739 0.020504071712493896
leaf_weight=19 22.000000000000004 5.9999999999999991 3.9999999999999991 8.9999999999999982 3.9999999999999991 2.9999999999999991
leaf_count=19 22 6 4 9 4 3
internal_value=2.3019e-10 0.00163148 -0.000552463 -0.0020114 -0.00983779 0.00205832
internal_weight=67 48 42 38 13 25
internal_count=67 48 42 38 13 25
is_linear=0
shrinkage=0.06


Tree=213
num_leaves=7
num_cat=0
split_feature=1 2 0 2 0 0
split_gain=0.14082 0.136877 0.758944 0.335686 0.342148 0.108409
threshold=115.00000000000001 1.5000000000000002 320.00000000000006 1.0000000180025095e-35 225.00000000000003 80.000000000000014
decision_type=2 2 2 2 2 2
left_child=1 2 3 4 -1 -5
right_child=-2 -3 -4 5 -6 -7
leaf_value=0.0020995262265205384 -0.0074701076745986939 0.006194128599017858 -0.020464870631694793 0.0070735296607017445 0.020596771538257598 -0.003746909536421299
leaf_weight=8.9999999999999982 7.9999999999999991 13.999999999999998 5.9999999999999991 4.0000000000000027 5.9999999999999991 20
leaf_count=9 8 14 6 4 6 20
internal_value=1.25103e-10 0.0010129 -0.000599043 0.00245724 0.00949842 -0.0019435
internal_weight=67 59 45 39 15 24
internal_count=67 59 45 39 15 24
is_linear=0
shrinkage=0.06


Tree=214
num_leaves=7
num_cat=0
split_feature=2 0 3 2 0 0
split_gain=0.126744 0.426107 0.211889 0.318335 0.305829 0.328244
threshold=1.0000000180025095e-35 320.00000000000006 3.5000000000000004 1.5000000000000002 237.50000000000003 102.00000000000001
decision_type=2 2 2 2 2 2
left_child=-1 2 3 -2 5 -5
right_child=1 -3 -4 4 -6 -7
leaf_value=-0.0041478319466114041 0.0020825659811496734 0.016598660349845886 0.012640550136566162 -0.019562643170356758 -0.023297196775674819 0.0047445356659591188
leaf_weight=19 25 5.9999999999999991 3.9999999999999991 2.9999999999999982 3.9999999999999991 6
leaf_count=19 25 6 4 3 4 6
internal_value=3.83649e-11 0.00164185 -0.000494837 -0.00187751 -0.00949304 -0.00335786
internal_weight=67 48 42 38 13 9
internal_count=67 48 42 38 13 9
is_linear=0
shrinkage=0.06


Tree=215
num_leaves=7
num_cat=0
split_feature=1 2 0 2 0 0
split_gain=0.129823 0.139096 0.706382 0.320609 0.302322 0.107406
threshold=115.00000000000001 1.5000000000000002 320.00000000000006 1.0000000180025095e-35 225.00000000000003 80.000000000000014
decision_type=2 2 2 2 2 2
left_child=1 2 3 4 5 -1
right_child=-2 -3 -4 -5 -6 -7
leaf_value=-0.0070471397042274498 -0.0071725141257047648 0.0061955977071608817 -0.019817967712879182 -0.0020046366937458513 0.019609835147857663 0.0068572063744068131
leaf_weight=2.9999999999999982 7.9999999999999991 13.999999999999998 5.9999999999999991 24 5.9999999999999991 6
leaf_count=3 8 14 6 24 6 6
internal_value=-3.00247e-11 0.000972544 -0.000652406 0.00229614 0.00917739 0.00222242
internal_weight=67 59 45 39 15 9
internal_count=67 59 45 39 15 9
is_linear=0
shrinkage=0.06


Tree=216
num_leaves=7
num_cat=0
split_feature=2 0 1 0 0 0
split_gain=0.127686 0.407333 0.214082 0.185683 0.152338 0.094904
threshold=1.0000000180025095e-35 320.00000000000006 115.00000000000001 164.50000000000003 237.50000000000003 80.000000000000014
decision_type=2 2 2 2 2 2
left_child=3 2 -2 5 -5 -1
right_child=1 -3 -4 4 -6 -7
leaf_value=-0.0066243109107017454 -0.0021899530912439027 0.016271547675132753 0.010051682293415069 -0.018860154747962956 -0.0037436944246292108 0.0064457740634679787
leaf_weight=3.0000000000000018 36 5.9999999999999991 5.9999999999999991 3.9999999999999982 6 6
leaf_count=3 36 6 6 4 6 6
internal_value=-8.00659e-11 0.00164794 -0.000441148 -0.00416321 -0.00979028 0.00208908
internal_weight=67 48 42 19 10 9
internal_count=67 48 42 19 10 9
is_linear=0
shrinkage=0.06


Tree=217
num_leaves=7
num_cat=0
split_feature=1 2 0 2 1 0
split_gain=0.12055 0.120424 0.667462 0.283516 0.290146 0.113602
threshold=115.00000000000001 1.5000000000000002 320.00000000000006 1.0000000180025095e-35 105.00000000000001 80.000000000000014
decision_type=2 2 2 2 2 2
left_child=1 2 3 4 5 -1
right_child=-2 -3 -4 -5 -6 -7
leaf_value=-0.0062268522381782529 -0.0069115861505270005 0.0057970174561653813 -0.019204877614974976 -0.0017529613152146341 0.022600548863410948 0.0074641433916985984
leaf_weight=2.9999999999999991 7.9999999999999991 13.999999999999998 5.9999999999999991 24 3.9999999999999991 7.9999999999999991
leaf_count=3 8 14 6 24 4 8
internal_value=5.67134e-11 0.000937164 -0.00057479 0.00229138 0.00876232 0.00373024
internal_weight=67 59 45 39 15 11
internal_count=67 59 45 39 15 11
is_linear=0
shrinkage=0.06


Tree=218
num_leaves=7
num_cat=0
split_feature=2 0 1 0 0 0
split_gain=0.127705 0.389475 0.204607 0.168345 0.139451 0.0810612
threshold=1.0000000180025095e-35 320.00000000000006 115.00000000000001 164.50000000000003 237.50000000000003 277.50000000000006
decision_type=2 2 2 2 2 2
left_child=3 2 5 -1 -5 -2
right_child=1 -3 -4 4 -6 -7
leaf_value=0.001789705554644266 -0.00083110501617193213 0.015947509706020355 0.0098632767796516425 -0.018199215531349185 -0.0037362691760063163 -0.0084707413613796228
leaf_weight=9.0000000000000018 30 5.9999999999999991 5.9999999999999991 3.9999999999999982 6 5.9999999999999991
leaf_count=9 30 6 6 4 6 6
internal_value=-1.03419e-10 0.00164807 -0.000394713 -0.00416353 -0.00952145 -0.00210438
internal_weight=67 48 42 19 10 36
internal_count=67 48 42 19 10 36
is_linear=0
shrinkage=0.06


Tree=219
num_leaves=7
num_cat=0
split_feature=2 0 3 2 1 0
split_gain=0.11284 0.34414 0.18382 0.325721 0.270475 0.264856
threshold=1.0000000180025095e-35 320.00000000000006 3.5000000000000004 1.5000000000000002 115.00000000000001 237.50000000000003
decision_type=2 2 2 2 2 2
left_child=-1 2 3 4 -2 -5
right_child=1 -3 -4 5 -6 -7
leaf_value=-0.0039137206971645352 4.2290836572647083e-05 0.0149906587600708 0.011863440871238707 -0.0036528027802705761 0.019247227907180784 -0.022208469361066817
leaf_weight=19 22.000000000000004 5.9999999999999991 3.9999999999999991 8.9999999999999982 2.9999999999999991 3.9999999999999991
leaf_count=19 22 6 4 9 3 4
internal_value=3.66969e-11 0.00154918 -0.00037103 -0.00165887 0.00234688 -0.00936224
internal_weight=67 48 42 38 25 13
internal_count=67 48 42 38 25 13
is_linear=0
shrinkage=0.06


end of trees

feature_importances:
distance_km=698
category_code=441
speed_limit_kmh=141
destination_tracks=38
direction=2

parameters:
[boosting: gbdt]
[objective: regression]
[metric: l2]
[tree_learner: serial]
[device_type: cpu]
[data_sample_strategy: bagging]
[data: ]
[valid: ]
[num_iterations: 220]
[learning_rate: 0.06]
[num_leaves: 7]
[num_threads: 1]
[seed: 42]
[deterministic: 0]
[force_col_wise: 0]
[force_row_wise: 0]
[histogram_pool_size: -1]
[max_depth: -1]
[min_data_in_leaf: 3]
[min_sum_hessian_in_leaf: 0.001]
[bagging_fraction: 1]
[pos_bagging_fraction: 1]
[neg_bagging_fraction: 1]
[bagging_freq: 0]
[bagging_seed: 400]
[bagging_by_query: 0]
[feature_fraction: 1]
[feature_fraction_bynode: 1]
[feature_fraction_seed: 30056]
[extra_trees: 0]
[extra_seed: 12879]
[early_stopping_round: 0]
[early_stopping_min_delta: 0]
[first_metric_only: 0]
[max_delta_step: 0]
[lambda_l1: 0]
[lambda_l2: 0]
[linear_lambda: 0]
[min_gain_to_split: 0]
[drop_rate: 0.1]
[max_drop: 50]
[skip_drop: 0.5]
[xgboost_dart_mode: 0]
[uniform_drop: 0]
[drop_seed: 17869]
[top_rate: 0.2]
[other_rate: 0.1]
[min_data_per_group: 100]
[max_cat_threshold: 32]
[cat_l2: 10]
[cat_smooth: 10]
[max_cat_to_onehot: 4]
[top_k: 20]
[monotone_constraints: ]
[monotone_constraints_method: basic]
[monotone_penalty: 0]
[feature_contri: ]
[forcedsplits_filename: ]
[refit_decay_rate: 0.9]
[cegb_tradeoff: 1]
[cegb_penalty_split: 0]
[cegb_penalty_feature_lazy: ]
[cegb_penalty_feature_coupled: ]
[path_smooth: 0]
[interaction_constraints: ]
[verbosity: -1]
[saved_feature_importance_type: 0]
[use_quantized_grad: 0]
[num_grad_quant_bins: 4]
[quant_train_renew_leaf: 0]
[stochastic_rounding: 1]
[linear_tree: 0]
[max_bin: 255]
[max_bin_by_feature: ]
[min_data_in_bin: 3]
[bin_construct_sample_cnt: 200000]
[data_random_seed: 175]
[is_enable_sparse: 1]
[enable_bundle: 1]
[use_missing: 1]
[zero_as_missing: 0]
[feature_pre_filter: 1]
[pre_partition: 0]
[two_round: 0]
[header: 0]
[label_column: ]
[weight_column: ]
[group_column: ]
[ignore_column: ]
[categorical_feature: ]
[forcedbins_filename: ]
[precise_float_parser: 0]
[parser_config_file: ]
[objective_seed: 16083]
[num_class: 1]
[is_unbalance: 0]
[scale_pos_weight: 1]
[sigmoid: 1]
[boost_from_average: 1]
[reg_sqrt: 0]
[alpha: 0.9]
[fair_c: 1]
[poisson_max_delta_step: 0.7]
[tweedie_variance_power: 1.5]
[lambdarank_truncation_level: 30]
[lambdarank_norm: 1]
[label_gain: ]
[lambdarank_position_bias_regularization: 0]
[eval_at: ]
[multi_error_top_k: 1]
[auc_mu_weights: ]
[num_machines: 1]
[local_listen_port: 12400]
[time_out: 120]
[machine_list_filename: ]
[machines: ]
[gpu_platform_id: -1]
[gpu_device_id: -1]
[gpu_device_id_list: ]
[gpu_use_dp: 0]
[num_gpu: 1]

end of parameters

pandas_categorical:[]
