tree
version=v4
num_class=1
num_tree_per_iteration=1
label_index=0
max_feature_idx=17
objective=regression_l1
feature_names=train_kind prev_delay_departure_min time_reserve_min min_technical_time_min hour_sin hour_cos day_of_week is_track_closure is_speed_warning active_disruption_group num_platform_tracks is_passing_loop is_node edge_delta_delay_P50 edge_delta_delay_P90 edge_delta_delay_MAD station_delta_stop_min_P50 station_delta_stop_min_P90
feature_infos=-1:0:1 [0:459] [0:81] [1:179.52000000000001] [-1:1] [-1:0.99999048072073449] [0:6] [0:1] [0:1] -1:0:5:7:3:1:2:6 [1:17] [0:1] [0:1] [-7.5:57] [-2:57] [0:8] [-4:1] [-4:10.800000000000001]
tree_sizes=2679 2722 2731 2683 2708 2714 2666 2691 2705 2695 2693 2703 2706 2706 2727 2752 2789 2754 2750 2744 2750 2766 2766 2765 2743 2755 2725 2703 2761 2727 2728 2707 2703 2673 2677 2644 2644 2668 2699 2693 2680 2738 2748 2727 2705 2697 2688 2684 2724 2659 2705 2673 2666 2689 2686 2618 2605 2608 2597 2598 2661 2577 2608 2658 2654 2652 2652 2653 2645 2625 2622 2682 2678 2695 2700 2703 2654 2679 2660 2667 2673 2673 2676 2678 2678 2698 2689 2699 2690 2690 2699 2684 2712 2690 2691 2688 2692 2686 2687 2681 2678 2697 2690 2660 2659 2671 2679 2679 2671 2684 2681 2676 2680 2678 2684 2652 2684 2673 2694 2652 2651 2649 2644 2650 2654 2653 2667 2665 2637 2643 2648 2601 2676 2702 2701 2672 2665 2660 2669 2670 2664 2675 2681 2672 2637 2642 2639 2633 2626 2627 2629 2627 2630 2627 2626 2625 2618 2637 2636 2631 2621 2680 2659 2658 2664 2654 2652 2657 2681 2658 2657 2658 2666 2657 2634 2631 2683 2627 2628 2628 2629 2632 2664 2652 2664 2598 2597 2628 2607 2611 2609 2625 2619 2576 2573 2562 2634 2636 2614 2611 2592 2593 2592 2594 2589 2598 2597 2597 2598 2597 2596 2593 2596 2594 2595 2596 2596 2596 2595 2598 2598 2599 2597 2598 2598 2598 2596 2598 2596 2595 2595 2592 2595 2595 2595 2595 2595 2595 2594 2593 2595 2595 2596 2597 2597 2598 2599 2595 2598 2597 2599 2596 2597 2596 2599 2599 2595 2596 2599 2598 2596 2599 2598 2599 2599 2595 2599 2596 2595 2601 2601 2601 2599 2599 2596 2600 2599 2600 2600 2600 2600 2599 2598 2600 2598 2599 2599 2596 2599 2600 2600 2599 2598 2599 2599 2600 2600 2600 2597 2598

Tree=0
num_leaves=31
num_cat=2
split_feature=9 1 2 14 2 2 14 14 1 1 2 2 2 15 14 1 2 1 14 2 10 14 14 14 14 17 9 2 14 1
split_gain=6279.88 8495.17 4364.81 1235.6 1029.64 812.97 311.029 273.041 192.703 341.915 307.572 185.122 183.464 182.652 145.356 133.395 123.424 117.185 114.888 110.298 107.661 103.686 100.561 85.6634 72.8714 66.6871 64.4051 63.9265 60.1444 60.0048
threshold=0 1.0000000180025095e-35 1.9949999999999994 0.30000000000000787 2.1900000000000008 1.6800000000000002 0.15000000000000394 0.95000000000000295 13.500000000000002 1.0000000180025095e-35 4.4599999999999982 0.98499999999999954 3.8400000000000021 1.0000000180025095e-35 1.7000000000000013 2.5000000000000004 6.6250000000000009 5.5000000000000009 1.7000000000000013 0.69999999999999973 6.5000000000000009 0.95000000000000295 2.0500000000000047 1.0000000180025095e-35 11.400000000000004 0.85000000000000864 1 0.47000000000000025 2.9999999999999996 1.0000000180025095e-35
decision_type=9 2 2 2 2 2 2 2 2 2 2 2 2 2 2 2 2 2 2 2 2 2 2 2 2 2 9 2 2 2
left_child=1 7 6 20 14 13 27 -1 9 22 18 -8 23 17 15 25 -10 -5 -11 -9 -2 -14 -7 -6 -23 -4 -20 -3 -21 -22
right_child=3 2 4 5 12 8 11 19 16 10 -12 -13 21 -15 -16 -17 -18 -19 26 28 29 24 -24 -25 -26 -27 -28 -29 -30 -31
leaf_value=0 0 0 0 0 -0.050000000000000003 0 0 0 0.050000000000000003 0 -0.050000000000000003 0 -0.10000000000000001 0.10000000000000001 0 0 -0.050000000000000003 0.050000000000000003 0 0 0 -0.050000000000000003 0 -0.050000000000000003 0.20000000000000001 -0.050000000000000003 0.050000000000000003 0 0 0
leaf_weight=92164 10834 2187 6657 11440 5734 9347 4256 8499 4533 6126 3166 21856 5069 3097 5506 16295 432 4622 2244 72999 7044 9896 5414 9033 81 2389 4376 16641 15994 4869
leaf_count=92164 10834 2187 6657 11440 5734 9347 4256 8499 4533 6126 3166 21856 5069 3097 5506 16295 432 4622 2244 72999 7044 9896 5414 9033 81 2389 4376 16641 15994 4869
internal_value=0.000429587 -0.0028962 -0.0142623 0.0130915 -0.0230119 0.0171597 -0.00245216 0.00343227 0.0126943 0.0112151 0.00613059 0.00107996 -0.0296381 0.0254658 -0.0166078 -0.0182076 0.0218328 0.0233221 0.00959517 0.00527684 0.00329714 -0.0335239 0.016696 -0.0256789 -0.0305653 -0.0230765 0.0141616 -0.00735075 0.00475712 1.67884e-05
internal_weight=372800 295256 105600 77544 60660 54797 44940 189656 35638 30673 15912 26112 29813 19159 30847 25341 4965 16062 12746 97492 22747 15046 14761 14767 9977 9046 6620 18828 88993 11913
internal_count=372800 295256 105600 77544 60660 54797 44940 189656 35638 30673 15912 26112 29813 19159 30847 25341 4965 16062 12746 97492 22747 15046 14761 14767 9977 9046 6620 18828 88993 11913
cat_boundaries=0 1 2
cat_threshold=1 130
is_linear=0
shrinkage=0.05


Tree=1
num_leaves=31
num_cat=1
split_feature=9 1 2 2 14 2 1 14 14 14 3 2 2 1 3 14 3 2 5 10 1 14 14 2 2 5 4 15 2 3
split_gain=3585.34 5099.4 1968.01 727.473 689.388 477.309 420.713 343.955 273.041 267.188 178.752 163.526 158.956 164.787 143.457 131.77 124.274 110.298 107.496 106.799 106.666 98.9875 82.8449 81.1829 77.5738 73.2461 72.27 67.4535 64.8502 68.0318
threshold=0 1.0000000180025095e-35 1.2 4.6200000000000037 0.20000000000000154 1.9550000000000003 1.0000000180025095e-35 0.10000000000000055 0.95000000000000295 0.15000000000000394 9.7850000000000019 0.98499999999999954 13.040000000000001 8.5000000000000018 9.4800000000000022 0.95000000000000295 25.620000000000005 0.69999999999999973 0.57536081319414001 6.5000000000000009 6.5000000000000009 2.0500000000000047 2.4000000000000017 0.98499999999999954 2.1700000000000013 0.97859653660919488 0.68359067519442884 1.0000000180025095e-35 2.4950000000000006 12.465000000000002
decision_type=9 2 2 2 2 2 2 2 2 2 2 2 2 2 2 2 2 2 2 2 2 2 2 2 2 2 2 2 2 2
left_child=1 8 9 7 19 16 21 10 -1 -3 24 -11 13 26 -5 -16 23 -10 -17 -2 25 -7 -15 -6 -4 -9 -8 -12 -22 -30
right_child=4 2 3 14 5 6 12 20 17 11 27 -13 -14 22 15 18 -18 -19 -20 -21 28 -23 -24 -25 -26 -27 -28 -29 29 -31
leaf_value=0 0 0 0 -0.045000000000000005 0.050000000000000003 0 0 0 0 0 -0.047500000000000001 0 -0.14750000000000002 0.047500000000000001 -0.095000000000000001 -0.097500000000000003 0.095000000000000001 0 -0.047500000000000001 0 0 0 0.097500000000000003 0 -0.047500000000000001 0 0.047500000000000001 -0.047500000000000001 0.0025000000000000005 -0.047500000000000001
leaf_weight=92164 10762 16873 9374 504 2569 9244 10804 19568 8499 4256 9714 19627 477 5020 2923 4994 2399 88993 1233 11906 7452 5353 2258 14647 3127 490 2105 874 1200 3391
leaf_count=92164 10762 16873 9374 504 2569 9244 10804 19568 8499 4256 9714 19627 477 5020 2923 4994 2399 88993 1233 11906 7452 5353 2258 14647 3127 490 2105 874 1200 3391
internal_value=0.00104211 -0.00147088 -0.010277 -0.0156884 0.0106094 0.0136408 0.0101628 -0.0134735 0.00343227 -0.00166724 -0.0181277 0.00173554 0.00557249 0.00624659 -0.0283509 -0.0297814 0.0198929 0.00527684 -0.0256705 0.00327554 -0.0101259 0.016661 0.012263 0.0184073 -0.0140789 -0.0123592 0.0028546 -0.022908 -0.00640621 -0.00173165
internal_weight=372800 295256 105600 64844 77544 54876 35261 55190 189656 40756 23089 23883 20664 20187 9654 9150 19615 97492 6227 22668 32101 14597 7278 17216 12501 20058 12909 10588 12043 4591
internal_count=372800 295256 105600 64844 77544 54876 35261 55190 189656 40756 23089 23883 20664 20187 9654 9150 19615 97492 6227 22668 32101 14597 7278 17216 12501 20058 12909 10588 12043 4591
cat_boundaries=0 1
cat_threshold=1
is_linear=0
shrinkage=0.05


Tree=2
num_leaves=31
num_cat=3
split_feature=1 9 2 9 2 2 14 14 3 3 2 1 14 1 14 2 3 14 14 2 14 2 9 14 2 15 3 14 5 14
split_gain=3085.02 3037.52 1790.14 974.676 674.126 662.616 418.717 273.041 265.18 238.281 234.363 220.571 201.749 190.599 147.165 136.61 130.14 113.292 112.011 110.298 101.575 92.4705 88.2726 88.0076 81.9738 112.868 90.0396 203.532 80.9461 79.9563
threshold=1.0000000180025095e-35 0 3.0049999999999994 1 1.7 1.9949999999999994 1.0499999999999974 0.95000000000000295 5.2800000000000002 10.995000000000003 0.98499999999999954 13.500000000000002 0.95000000000000295 1.5000000000000002 0.20000000000000154 8.5750000000000011 10.810000000000002 2.4000000000000017 4.7500000000000027 0.69999999999999973 3.0999999999999983 8.3550000000000022 2 2.4000000000000017 2.1050000000000009 0.75000000000000011 9.9300000000000015 0.20000000000000154 0.97859653660919488 0.20000000000000154
decision_type=2 9 2 9 2 2 2 2 2 2 2 2 2 2 2 2 2 2 2 2 2 2 9 2 2 2 2 2 2 2
left_child=3 2 5 7 8 10 16 -1 -3 29 -2 23 -11 -7 -12 28 -5 -13 -8 -9 22 -19 -10 -6 26 -26 -15 -28 -14 -4
right_child=1 4 9 6 11 13 18 19 20 12 14 17 15 24 -16 -17 -18 21 -20 -21 -22 -23 -24 -25 25 -27 27 -29 -30 -31
leaf_value=0 0 0 -0.042625000000000003 0 0 -0.045124999999999998 0 0 0 -0.090249999999999997 0 0.045124999999999998 -0.047500000000000001 0 0 -0.092625000000000013 0 0.142625 0.095250000000000001 0 0.14025000000000001 -0.14012500000000003 0.047500000000000001 0.042625000000000003 -0.045124999999999998 -0.047500000000000001 0.0023750000000000004 0 0.0048750000000000009 0.0023750000000000004
leaf_weight=92164 6778 3028 1134 12946 15365 9233 10735 8499 3585 4472 16307 4788 7580 9164 21855 1872 8803 1367 2622 88993 1206 173 7753 5173 10027 1102 3910 11043 175 948
leaf_count=92164 6778 3028 1134 12946 15365 9233 10735 8499 3585 4472 16307 4788 7580 9164 21855 1872 8803 1367 2622 88993 1206 173 7753 5173 10027 1102 3910 11043 175 948
internal_value=0.00115799 -0.00444649 -0.00898636 0.00484935 0.00685074 -0.00621792 0.0125014 0.00343209 0.0151297 -0.0242908 -0.00193591 0.00205464 -0.0266225 -0.0105443 -0.00345763 -0.022546 0.00822567 0.0102165 0.0194729 0.00527684 0.0183355 0.022013 0.0168681 -0.000460123 -0.00886909 -0.00531944 -0.0105071 -0.00811543 -0.0196196 -0.00850144
internal_weight=372800 148038 105600 224762 42438 89419 35106 189656 15572 16181 44940 26866 14099 44479 38162 9627 21749 6328 13357 97492 12544 1540 11338 20538 35246 11129 24117 14953 7755 2082
internal_count=372800 148038 105600 224762 42438 89419 35106 189656 15572 16181 44940 26866 14099 44479 38162 9627 21749 6328 13357 97492 12544 1540 11338 20538 35246 11129 24117 14953 7755 2082
cat_boundaries=0 1 2 3
cat_threshold=1 1 194
is_linear=0
shrinkage=0.05


Tree=3
num_leaves=31
num_cat=3
split_feature=1 2 9 9 9 2 14 3 14 3 2 2 14 1 3 14 2 13 2 13 2 1 2 14 14 3 14 5 14 14
split_gain=3016.73 1870.41 1240.11 919.767 725.25 413.914 400.589 288.523 273.041 232.148 217.38 214.671 189.843 157.374 148.981 147.165 129.982 128.792 121.111 115.736 110.298 85.7427 85.6646 99.3717 81.3903 80.8516 132.501 77.375 74.6342 72.7832
threshold=1.0000000180025095e-35 3.444999999999999 0 1 2 0.98499999999999954 1.4000000000000201 9.3150000000000031 0.95000000000000295 10.995000000000003 1.9550000000000003 1.9949999999999994 0.95000000000000295 9.5000000000000018 8.1300000000000026 0.20000000000000154 8.5750000000000011 1.2500000000000002 1.2949999999999997 -1.0000000180025095e-35 0.69999999999999973 11.500000000000002 13.040000000000001 2.3000000000000012 0.20000000000000154 33.690000000000005 4.8500000000000023 0.9866409840487318 0.79999999999999871 1.6499999999999988
decision_type=2 2 9 9 9 2 2 2 2 2 2 2 2 2 2 2 2 2 2 2 2 2 2 2 2 2 2 2 2 2
left_child=4 2 5 9 8 28 14 -6 -1 24 -8 15 -11 -12 18 -7 27 25 -4 -13 -10 -16 23 -5 -3 -9 -27 -14 -2 -21
right_child=1 3 6 22 7 11 10 17 20 12 13 19 16 -15 21 -17 -18 -19 -20 29 -22 -23 -24 -25 -26 26 -28 -29 -30 -31
leaf_value=0 0 -0.040493750000000002 0 -0.0025000000000000005 0 0 0.047625000000000001 0 0 -0.085737500000000008 0 -0.042868750000000004 -0.045124999999999998 0.085493750000000007 0 0 -0.087993750000000009 0.14048750000000002 0 0 0 0.045124999999999998 -0.14012500000000003 0.037993750000000007 0.00225625 0 -0.0047625000000000002 0.00463125 0 0
leaf_weight=92164 2600 1058 4641 3940 11987 16307 5560 19048 8499 4271 4791 625 7292 2563 9470 21855 1872 642 4622 35277 88993 3548 549 2754 939 2089 1340 147 4178 9179
leaf_count=92164 2600 1058 4641 3940 11987 16307 5560 19048 8499 4271 4791 625 7292 2563 9470 21855 1872 642 4622 35277 88993 3548 549 2754 939 2089 1340 147 4178 9179
internal_value=0.00100443 -0.00453769 -0.00213831 -0.0177022 0.0046547 -0.0052493 0.00581878 0.0112556 0.00343209 -0.0245397 0.0128272 -0.00621734 -0.0268959 0.00718657 0.00175935 -0.00345763 -0.0228923 0.0145227 -0.00308755 -0.00855349 0.00527684 0.00520817 -0.0029574 -0.00140424 -0.00863796 0.013892 0.00682415 -0.0199288 0.00663175 -0.0082531
internal_weight=372800 148038 125216 22822 224762 90021 35195 35106 189656 15579 12914 83243 13582 7354 22281 38162 9311 23119 9263 45081 97492 13018 7243 6694 1997 22477 3429 7439 6778 44456
internal_count=372800 148038 125216 22822 224762 90021 35195 35106 189656 15579 12914 83243 13582 7354 22281 38162 9311 23119 9263 45081 97492 13018 7243 6694 1997 22477 3429 7439 6778 44456
cat_boundaries=0 1 2 3
cat_threshold=1 1 1
is_linear=0
shrinkage=0.05


Tree=4
num_leaves=31
num_cat=3
split_feature=1 2 9 9 9 2 3 3 14 3 14 2 14 1 14 2 2 13 2 13 2 2 14 3 14 5 3 1 1 2
split_gain=3086.97 1868.82 1152.98 892.836 725.25 413.643 375.992 288.523 273.041 232.148 219.796 214.017 189.843 166.398 147.165 133.023 129.982 128.792 110.298 109.831 104.154 82.7221 81.3903 80.8516 132.501 77.375 76.2399 129.838 85.6201 75.9267
threshold=1.0000000180025095e-35 3.444999999999999 0 1 2 0.98499999999999954 10.155000000000003 9.3150000000000031 0.95000000000000295 10.995000000000003 3.0999999999999983 1.9949999999999994 0.95000000000000295 10.500000000000002 0.20000000000000154 1.3750000000000002 8.5750000000000011 1.2500000000000002 0.69999999999999973 -1.0000000180025095e-35 1.2949999999999997 12.615 0.20000000000000154 33.690000000000005 4.8500000000000023 0.9866409840487318 4.3449999999999998 13.500000000000002 1.5000000000000002 1.7100000000000046
decision_type=2 2 9 9 9 2 2 2 2 2 2 2 2 2 2 2 2 2 2 2 2 2 2 2 2 2 2 2 2 2
left_child=4 2 5 9 8 -2 15 -6 -1 22 13 14 -11 20 -7 -4 25 23 -10 -13 -8 -5 -3 -9 -25 -14 27 -17 -28 -12
right_child=1 3 6 21 7 11 10 17 18 12 29 19 16 -15 -16 26 -18 -19 -20 -21 -22 -23 -24 24 -26 -27 28 -29 -30 -31
leaf_value=0 0 -0.038469062500000005 0 -0.0015309375000000004 0 0 0.042743750000000004 0 0 -0.081450624999999999 0.13085624999999998 -0.040725312499999999 -0.042868750000000004 0.042868750000000004 0 0 -0.08359406250000001 0.13346312499999999 0 0 0 -0.085250000000000006 0.0021434374999999999 0 -0.0045243749999999998 0.0043996875 -0.0023750000000000004 -0.00225625 0 0.081219062499999994
leaf_weight=92164 6778 1058 6694 6606 11987 16307 5099 19048 8499 4271 1150 625 7292 5649 21855 1945 1872 642 88993 44456 8279 637 939 2089 1340 147 574 556 3505 1744
leaf_count=92164 6778 1058 6694 6606 11987 16307 5099 19048 8499 4271 1150 625 7292 5649 21855 1945 1872 642 88993 44456 8279 637 939 2089 1340 147 574 556 3505 1744
internal_value=0.000962178 -0.00464408 -0.00224572 -0.017803 0.0046547 -0.00524542 0.00542679 0.0112556 0.00343209 -0.0245397 0.00944984 -0.00621314 -0.0268959 0.00749724 -0.00345763 -0.0012129 -0.0228923 0.0145227 0.00527684 -0.00854573 0.00445881 -0.00327451 -0.00863796 0.013892 0.00682415 -0.0199288 -0.0062614 -0.0131347 -0.00204707 0.0222875
internal_weight=372800 148038 125216 22822 224762 90021 35195 35106 189656 15579 21921 83243 13582 19027 38162 13274 9311 23119 97492 45081 13378 7243 1997 22477 3429 7439 6580 2501 4079 2894
internal_count=372800 148038 125216 22822 224762 90021 35195 35106 189656 15579 21921 83243 13582 19027 38162 13274 9311 23119 97492 45081 13378 7243 1997 22477 3429 7439 6580 2501 4079 2894
cat_boundaries=0 1 2 3
cat_threshold=1 1 1
is_linear=0
shrinkage=0.05


Tree=5
num_leaves=31
num_cat=4
split_feature=1 2 9 9 9 2 3 14 14 3 3 2 14 15 1 2 2 13 2 1 9 14 2 14 3 14 14 5 13 3
split_gain=3101.79 1856.29 1160.61 898.656 725.25 452.226 288.523 273.041 267.311 245.418 232.148 211.967 189.843 144.457 130.784 129.982 128.826 128.792 110.298 97.7554 137.441 93.0319 81.8227 81.3903 80.8516 132.501 80.28 77.375 67.4334 63.5629
threshold=1.0000000180025095e-35 3.444999999999999 0 1 2 0.98499999999999954 9.3150000000000031 0.95000000000000295 1.6499999999999988 17.740000000000006 10.995000000000003 1.9949999999999994 0.95000000000000295 1.0000000180025095e-35 3.5000000000000004 8.5750000000000011 1.9650000000000001 1.2500000000000002 0.69999999999999973 9.5000000000000018 3 0.20000000000000154 13.040000000000001 0.20000000000000154 33.690000000000005 4.8500000000000023 0.79999999999999871 0.9866409840487318 0.75000000000000011 5.2800000000000002
decision_type=2 2 9 9 9 2 2 2 2 2 2 2 2 2 2 2 2 2 2 2 9 2 2 2 2 2 2 2 2 2
left_child=4 2 5 10 7 26 -6 -1 11 14 23 21 -12 -13 -4 27 -11 24 -9 -10 -21 -7 -5 -3 -8 -26 -2 28 -14 -16
right_child=1 3 9 22 6 8 17 18 19 16 12 13 15 -15 29 -17 -18 -19 -20 20 -22 -23 -24 -25 25 -27 -28 -29 -30 -31
leaf_value=0 0 -0.036545609375000003 0 -0.0014543906250000004 0 0 0 0 0 0.045487812500000002 -0.077378093750000002 0 -0.040725312499999999 -0.042868750000000004 0 -0.079414359375000007 0.041307796875000004 0.12678996875000001 0 0.086450625000000003 0 0 -0.12885625000000001 0.0020362656249999999 0 -0.0042981562499999999 0 0.0041797031249999998 0.15546218750000002 0.040725312499999999
leaf_weight=92164 2856 1058 5883 6694 11987 18337 19048 8499 13157 2916 4271 38326 7212 1733 1475 1872 4523 642 88993 1439 4114 17718 549 939 2089 1340 4648 147 80 8091
leaf_count=92164 2856 1058 5883 6694 11987 18337 19048 8499 13157 2916 4271 38326 7212 1733 1475 1872 4523 642 88993 1439 4114 17718 549 939 2089 1340 4648 147 80 8091
internal_value=0.000953326 -0.00466637 -0.00227607 -0.0177811 0.0046547 -0.00455256 0.0112556 0.00343209 -0.00548806 0.00790025 -0.0245397 -0.00680427 -0.0268959 -0.00930752 0.00431096 -0.0228923 0.015365 0.0145227 0.00527684 -0.000133618 0.0054295 -0.00402302 -0.00320557 -0.00863796 0.013892 0.00682415 0.00726279 -0.0199288 -0.0206528 0.00791867
internal_weight=372800 148038 125216 22822 224762 102328 35106 189656 94824 22888 15579 76114 13582 40059 15449 9311 7439 23119 97492 18710 5553 36055 7243 1997 22477 3429 7504 7439 7292 9566
internal_count=372800 148038 125216 22822 224762 102328 35106 189656 94824 22888 15579 76114 13582 40059 15449 9311 7439 23119 97492 18710 5553 36055 7243 1997 22477 3429 7504 7439 7292 9566
cat_boundaries=0 1 2 3 4
cat_threshold=131 1 1 130
is_linear=0
shrinkage=0.05


Tree=6
num_leaves=31
num_cat=5
split_feature=1 2 9 14 9 9 2 3 14 3 1 14 9 2 2 3 2 13 13 2 14 2 14 10 9 3 14 5 1 2
split_gain=3263.9 1788.84 898.656 866.771 725.25 441.795 437.03 288.523 273.041 232.148 204.889 189.843 188.894 162.036 151.618 146.296 129.982 128.792 114.82 110.298 91.4498 81.8227 81.3903 81.3503 99.8593 80.8516 132.501 77.375 75.2017 70.4299
threshold=1.0000000180025095e-35 3.444999999999999 0 1.9500000000000031 1 2 1.7349999999999997 9.3150000000000031 0.95000000000000295 10.995000000000003 11.500000000000002 0.95000000000000295 3 0.98499999999999954 1.0049999999999992 17.740000000000006 8.5750000000000011 1.2500000000000002 -1.0000000180025095e-35 0.69999999999999973 1.0000000180025095e-35 13.040000000000001 0.20000000000000154 6.5000000000000009 4 33.690000000000005 4.8500000000000023 0.9866409840487318 6.5000000000000009 2.0849999999999995
decision_type=2 2 9 2 9 9 2 2 2 2 2 2 9 2 2 2 2 2 2 2 2 2 2 2 9 2 2 2 2 2
left_child=4 3 9 6 8 14 12 -6 -1 22 15 -11 28 -14 -5 -7 27 25 -8 -10 -15 -4 -3 24 -20 -9 -27 -13 -2 -17
right_child=1 2 21 5 7 10 18 17 19 11 -12 16 13 20 -16 29 -18 -19 23 -21 -22 -23 -24 -25 -26 26 -28 -29 -30 -31
leaf_value=0 0 -0.034718328906249998 -0.0013816710937500005 0 0 0 -0.037617328125000002 0 0 -0.073509189062499994 0.083569984375000017 -0.038689046875000001 0 0 0 0.042969359375000002 -0.075443641406249998 0.1204504703125 0 0 0 -0.1224134375 0.0019344523437500002 0 0 0 -0.0040832484375 0.0039707179687499998 0.038689046875000001 0.03686740703125
leaf_weight=92164 4055 1058 6694 5886 11987 4376 664 19048 8499 4271 3550 7292 6001 17102 9902 3758 1872 642 7606 88993 17004 549 939 10288 30817 2089 1340 147 3068 1139
leaf_count=92164 4055 1058 6694 5886 11987 4376 664 19048 8499 4271 3550 7292 6001 17102 9902 3758 1872 642 7606 88993 17004 549 939 10288 30817 2089 1340 147 3068 1139
internal_value=0.000857833 -0.00490685 -0.0177811 -0.00256038 0.0046547 0.00508371 -0.00482428 0.0112556 0.00343209 -0.0245397 0.011973 -0.0268959 -0.00138577 -0.0027183 -0.000519053 0.00807182 -0.0228923 0.0145227 -0.00811342 0.00527684 -0.00405207 -0.00320557 -0.00863796 -0.00783191 -0.00677459 0.013892 0.00682415 -0.0199288 0.00611244 0.0140086
internal_weight=372800 148038 22822 125216 224762 28611 96605 35106 189656 15579 12823 13582 47230 40107 15788 9273 9311 23119 49375 97492 34106 7243 1997 48711 38423 22477 3429 7439 7123 4897
internal_count=372800 148038 22822 125216 224762 28611 96605 35106 189656 15579 12823 13582 47230 40107 15788 9273 9311 23119 49375 97492 34106 7243 1997 48711 38423 22477 3429 7439 7123 4897
cat_boundaries=0 1 2 3 4 5
cat_threshold=1 1 1 46 170
is_linear=0
shrinkage=0.05


Tree=7
num_leaves=31
num_cat=5
split_feature=1 2 9 14 9 9 2 3 14 14 3 1 14 2 2 2 13 13 2 2 9 3 10 9 2 14 3 14 5 4
split_gain=3371.53 1745.64 898.656 886.281 725.25 433.575 383.373 288.523 273.041 235.501 232.148 214.984 189.843 156.243 150.456 129.982 128.792 112.965 110.298 106.233 93.9938 85.1763 82.6261 98.9996 81.8227 81.3903 80.8516 132.501 77.375 69.4575
threshold=1.0000000180025095e-35 3.444999999999999 0 1.7000000000000013 1 2 1.7349999999999997 9.3150000000000031 0.95000000000000295 0.15000000000000394 10.995000000000003 9.5000000000000018 0.95000000000000295 1.9550000000000003 1.0049999999999992 8.5750000000000011 1.2500000000000002 -1.0000000180025095e-35 0.69999999999999973 0.98499999999999954 3 12.670000000000002 6.5000000000000009 4 13.040000000000001 0.20000000000000154 33.690000000000005 4.8500000000000023 0.9866409840487318 0.68359067519442884
decision_type=2 2 9 2 9 9 2 2 2 2 2 2 2 2 2 2 2 2 2 2 9 2 2 9 2 2 2 2 2 2
left_child=4 3 10 6 8 14 9 -6 -1 -2 25 13 -12 21 -5 28 26 -8 -10 -11 -21 -7 23 -19 -4 -3 -9 -28 -14 -15
right_child=1 2 24 5 7 11 17 16 18 19 12 -13 15 29 -16 -17 -18 22 -20 20 -22 -23 -24 -25 -26 -27 27 -29 -30 -31
leaf_value=0 0 -0.032982412460937499 -0.0013125875390625004 0 0 0.038570296875 -0.035736461718749994 0 0 0 -0.069833729609374992 0.077944251562500011 -0.036754594531249997 0 0 -0.071671459335937507 0.11442794679687501 0 0 0 0.039017094531250004 0.040606562499999999 0 0 -0.116292765625 0.0018377297265625002 0 -0.0038790860156249999 0.0037721820703125 0.041216239804687499
leaf_weight=92164 22269 1058 6694 5938 11987 845 664 19048 8499 3968 4271 4213 7292 4009 10020 1872 642 7594 88993 17412 3486 3050 10240 30754 549 939 2089 1340 147 754
leaf_count=92164 22269 1058 6694 5938 11987 845 664 19048 8499 3968 4271 4213 7292 4009 10020 1872 642 7594 88993 17412 3486 3050 10240 30754 549 939 2089 1340 147 754
internal_value=0.000795735 -0.00506323 -0.0177811 -0.00274526 0.0046547 0.00494641 -0.0050458 0.0112556 0.00343209 -0.00182242 -0.0245397 0.0117693 -0.0268959 0.00727073 -0.000563627 -0.0228923 0.0145227 -0.00813063 0.00527684 0.00152216 9.80955e-05 0.0146983 -0.0078507 -0.00678523 -0.00320557 -0.00863796 0.013892 0.00682415 -0.0199288 0.00119672
internal_weight=372800 148038 22822 125216 224762 28829 96387 35106 189656 47135 15579 12871 13582 8658 15958 9311 23119 49252 97492 24866 20898 3895 48588 38348 7243 1997 22477 3429 7439 4763
internal_count=372800 148038 22822 125216 224762 28829 96387 35106 189656 47135 15579 12871 13582 8658 15958 9311 23119 49252 97492 24866 20898 3895 48588 38348 7243 1997 22477 3429 7439 4763
cat_boundaries=0 1 2 3 4 5
cat_threshold=1 1 1 201 170
is_linear=0
shrinkage=0.05


Tree=8
num_leaves=31
num_cat=5
split_feature=1 2 9 14 9 9 2 3 14 3 14 1 14 2 2 2 13 2 2 13 3 9 10 9 2 14 3 14 5 4
split_gain=3388.43 1738.97 898.656 892.919 725.25 433.575 373.149 288.523 273.041 232.148 225.443 214.984 189.843 156.243 150.456 129.982 128.792 110.606 110.298 109.712 85.1763 84.5719 82.6261 98.9996 81.8227 81.3903 80.8516 132.501 77.375 69.4575
threshold=1.0000000180025095e-35 3.444999999999999 0 1.7000000000000013 1 2 1.7349999999999997 9.3150000000000031 0.95000000000000295 10.995000000000003 0.15000000000000394 9.5000000000000018 0.95000000000000295 1.9550000000000003 1.0049999999999992 8.5750000000000011 1.2500000000000002 0.98499999999999954 0.69999999999999973 -1.0000000180025095e-35 12.670000000000002 3 6.5000000000000009 4 13.040000000000001 0.20000000000000154 33.690000000000005 4.8500000000000023 0.9866409840487318 0.68359067519442884
decision_type=2 2 9 2 9 9 2 2 2 2 2 2 2 2 2 2 2 2 2 2 2 9 2 9 2 2 2 2 2 2
left_child=4 3 9 6 8 14 10 -6 -1 25 -2 13 -11 20 -5 28 26 -12 -10 -8 -7 -19 23 -21 -4 -3 -9 -28 -14 -15
right_child=1 2 24 5 7 11 19 16 18 12 17 -13 15 29 -16 -17 -18 21 -20 22 -22 -23 -24 -25 -26 -27 27 -29 -30 -31
leaf_value=0 0 -0.031333291837890624 -0.0012469581621093755 0 0 0.036641782031250007 -0.033949638632812501 0 0 -0.06634204312890625 0 0.074047038984374994 -0.034916864804687496 0 0 -0.068087886369140635 0.10870654945703125 0 0 0 0.038576234375000004 0.037066239804687505 0 0 -0.11047812734375001 0.0017458432402343753 0 -0.0036851317148437496 0.0035835729667968749 0.03915542781445313
leaf_weight=92164 22269 1058 6694 5938 11987 845 664 19048 8499 4271 3968 4213 7292 4009 10020 1872 642 17765 88993 7594 3050 3133 10240 30754 549 939 2089 1340 147 754
leaf_count=92164 22269 1058 6694 5938 11987 845 664 19048 8499 4271 3968 4213 7292 4009 10020 1872 642 17765 88993 7594 3050 3133 10240 30754 549 939 2089 1340 147 754
internal_value=0.000786078 -0.00508755 -0.0177811 -0.00277401 0.0046547 0.00494641 -0.00508315 0.0112556 0.00343209 -0.0245397 -0.00190304 0.0117693 -0.0268959 0.00727073 -0.000563627 -0.0228923 0.0145227 0.00136934 0.00527684 -0.00812657 0.0146983 -8.37401e-05 -0.0078507 -0.00678523 -0.00320557 -0.00863796 0.013892 0.00682415 -0.0199288 0.00119672
internal_weight=372800 148038 22822 125216 224762 28829 96387 35106 189656 15579 47135 12871 13582 8658 15958 9311 23119 24866 97492 49252 3895 20898 48588 38348 7243 1997 22477 3429 7439 4763
internal_count=372800 148038 22822 125216 224762 28829 96387 35106 189656 15579 47135 12871 13582 8658 15958 9311 23119 24866 97492 49252 3895 20898 48588 38348 7243 1997 22477 3429 7439 4763
cat_boundaries=0 1 2 3 4 5
cat_threshold=1 1 1 139 170
is_linear=0
shrinkage=0.05


Tree=9
num_leaves=31
num_cat=5
split_feature=1 2 9 14 9 9 2 3 14 3 14 1 14 2 2 2 2 2 13 3 9 10 9 14 5 2 4 2 1 13
split_gain=3374.44 1732.88 904.496 893.936 701.162 433.575 370.758 276.637 273.041 232.148 223.484 214.984 189.843 156.243 150.456 129.982 111.479 110.298 106.506 85.1763 84.9324 82.6261 98.9996 81.3903 77.375 75.6169 69.4575 69.4297 67.9476 67.4334
threshold=1.0000000180025095e-35 3.444999999999999 0 1.7000000000000013 1 2 1.7349999999999997 9.3150000000000031 0.95000000000000295 10.995000000000003 0.15000000000000394 9.5000000000000018 0.95000000000000295 1.9550000000000003 1.0049999999999992 8.5750000000000011 0.98499999999999954 0.69999999999999973 -1.0000000180025095e-35 12.670000000000002 3 6.5000000000000009 4 0.20000000000000154 0.9866409840487318 13.365 0.68359067519442884 0.62000000000000022 4.5000000000000009 0.75000000000000011
decision_type=2 2 9 2 9 9 2 2 2 2 2 2 2 2 2 2 2 2 2 2 9 2 9 2 2 2 2 2 2 2
left_child=4 3 9 6 8 14 10 -6 -1 23 27 13 -11 19 -5 24 -12 -10 -8 -7 28 22 -20 -3 29 -4 -15 -2 -18 -14
right_child=1 2 25 5 7 11 18 -9 17 12 16 -13 15 26 -16 -17 20 -19 21 -21 -22 -23 -24 -25 -26 -27 -28 -29 -30 -31
leaf_value=0 0 -0.029766627245996092 -0.0011846102540039067 0 0 0.034809692929687497 -0.032252156701171875 0 0 -0.063024940972460947 0 0.070344687035156242 -0.033171021564453125 0 0 -0.064683492050683591 -0.0038041667167968752 0 0 0.036647422656250005 0 0 0 0.0016585510782226563 0.0034043943184570314 -0.10495422097656251 0.03719765642373047 0 0.035212927814453128 0.15320710343554689
leaf_weight=92164 2717 1058 6700 5938 11987 845 664 23119 8499 4271 3968 4213 7212 4009 10020 1872 1359 88993 7594 3050 17940 10240 30754 939 147 543 754 19552 1599 80
leaf_count=92164 2717 1058 6700 5938 11987 845 664 23119 8499 4271 3968 4213 7212 4009 10020 1872 1359 88993 7594 3050 17940 10240 30754 939 147 543 754 19552 1599 80
internal_value=0.000773605 -0.00508788 -0.0177592 -0.0027784 0.00463424 0.00494641 -0.00508886 0.0111246 0.00343209 -0.0245397 -0.00191896 0.0117693 -0.0268959 0.00727073 -0.000563627 -0.0228923 0.00133918 0.00527684 -0.00812251 0.0146983 -0.000119629 -0.0078507 -0.00678523 -0.00863796 -0.0199288 -0.00313663 0.00119672 -0.00555705 0.00771563 -0.0206528
internal_weight=372800 148038 22822 125216 224762 28829 96387 35106 189656 15579 47135 12871 13582 8658 15958 9311 24866 97492 49252 3895 20898 48588 38348 1997 7439 7243 4763 22269 2958 7292
internal_count=372800 148038 22822 125216 224762 28829 96387 35106 189656 15579 47135 12871 13582 8658 15958 9311 24866 97492 49252 3895 20898 48588 38348 1997 7439 7243 4763 22269 2958 7292
cat_boundaries=0 1 2 3 4 5
cat_threshold=1 1 1 36 170
is_linear=0
shrinkage=0.05


Tree=10
num_leaves=31
num_cat=6
split_feature=1 2 9 14 9 9 2 3 14 3 14 1 14 2 2 2 2 2 13 3 9 10 9 14 5 4 2 1 0 3
split_gain=3361.79 1705.62 941.588 893.936 701.162 433.575 370.758 276.637 273.041 232.71 223.484 214.984 188.883 156.243 150.456 129.271 111.479 110.298 106.506 85.1763 84.9324 82.6261 98.9996 81.3903 77.5488 69.4575 69.4297 67.9476 62.5596 62.4011
threshold=1.0000000180025095e-35 3.444999999999999 0 1.7000000000000013 1 2 1.7349999999999997 9.3150000000000031 0.95000000000000295 10.995000000000003 0.15000000000000394 9.5000000000000018 0.95000000000000295 1.9550000000000003 1.0049999999999992 8.5750000000000011 0.98499999999999954 0.69999999999999973 -1.0000000180025095e-35 12.670000000000002 3 6.5000000000000009 4 0.20000000000000154 0.9866409840487318 0.68359067519442884 0.62000000000000022 4.5000000000000009 5 9.9300000000000015
decision_type=2 2 9 2 9 9 2 2 2 2 2 2 2 2 2 2 2 2 2 2 9 2 9 2 2 2 2 2 1 2
left_child=4 3 9 6 8 14 10 -6 -1 23 26 13 -11 19 -5 24 -12 -10 -8 -7 27 22 28 29 -14 -15 -2 -18 -20 -3
right_child=1 2 -4 5 7 11 18 -9 17 12 16 -13 15 25 -16 -17 20 -19 21 -21 -22 -23 -24 -25 -26 -27 -28 -29 -30 -31
leaf_value=0 0 -0.028278295883696292 -0.0018444422413037107 0 0 0.033069208283203123 -0.030639548866113281 0 0 -0.059873693923837894 0 0.066827452683398431 -0.031512470486230473 0 0 -0.06144931744814941 -0.003613958380957032 0 0 0.034815051523437501 0 0 0 0.0015756235243115234 0.0032341746025341799 0.035337773602543941 0 0.033452281423730468 -0.0044403898437500007 -0.075903295883696292
leaf_weight=92164 2717 796 7243 5938 11987 845 664 23119 8499 4271 3968 4213 7292 4009 10020 1872 1359 88993 7307 3050 17940 10240 30754 939 147 754 19552 1599 287 262
leaf_count=92164 2717 796 7243 5938 11987 845 664 23119 8499 4271 3968 4213 7292 4009 10020 1872 1359 88993 7307 3050 17940 10240 30754 939 147 754 19552 1599 287 262
internal_value=0.000780848 -0.00506964 -0.0176409 -0.0027784 0.00463424 0.00494641 -0.00508886 0.0111246 0.00343209 -0.024559 -0.00191896 0.0117693 -0.026918 0.00727073 -0.000563627 -0.0229245 0.00133918 0.00527684 -0.00812251 0.0146983 -0.000119629 -0.0078507 -0.00678523 -0.00863796 -0.0199691 0.00119672 -0.00555705 0.00771563 -0.0016636 -0.0181474
internal_weight=372800 148038 22822 125216 224762 28829 96387 35106 189656 15579 47135 12871 13582 8658 15958 9311 24866 97492 49252 3895 20898 48588 38348 1997 7439 4763 22269 2958 7594 1058
internal_count=372800 148038 22822 125216 224762 28829 96387 35106 189656 15579 47135 12871 13582 8658 15958 9311 24866 97492 49252 3895 20898 48588 38348 1997 7439 4763 22269 2958 7594 1058
cat_boundaries=0 1 2 3 4 5 6
cat_threshold=1 1 1 36 170 1
is_linear=0
shrinkage=0.05


Tree=11
num_leaves=31
num_cat=5
split_feature=1 2 9 14 9 9 2 3 14 3 14 1 14 2 2 2 2 2 13 3 9 10 9 14 5 4 2 1 13 3
split_gain=3357.11 1703.89 939.929 892.642 701.162 433.575 369.061 276.637 273.041 232.148 223.484 214.984 189.843 156.243 150.456 129.982 111.479 110.298 106.658 85.1763 84.9324 83.2239 101.888 81.3903 77.375 69.4575 69.4297 67.9476 67.4334 62.4011
threshold=1.0000000180025095e-35 3.444999999999999 0 1.7000000000000013 1 2 1.7349999999999997 9.3150000000000031 0.95000000000000295 10.995000000000003 0.15000000000000394 9.5000000000000018 0.95000000000000295 1.9550000000000003 1.0049999999999992 8.5750000000000011 0.98499999999999954 0.69999999999999973 -1.0000000180025095e-35 12.670000000000002 3 6.5000000000000009 4 0.20000000000000154 0.9866409840487318 0.68359067519442884 0.62000000000000022 4.5000000000000009 0.75000000000000011 9.9300000000000015
decision_type=2 2 9 2 9 9 2 2 2 2 2 2 2 2 2 2 2 2 2 2 9 2 9 2 2 2 2 2 2 2
left_child=4 3 9 6 8 14 10 -6 -1 23 26 13 -11 19 -5 24 -12 -10 -8 -7 27 22 -20 29 28 -15 -2 -18 -14 -3
right_child=1 2 -4 5 7 11 18 -9 17 12 16 -13 15 25 -16 -17 20 -19 21 -21 -22 -23 -24 -25 -26 -27 -28 -29 -30 -31
leaf_value=0 0 -0.026864381089511474 -0.0017522201292385253 0 0 0.031415747869042963 -0.029107571422807618 0 0 -0.056880009227646001 0 0.06348608004922851 -0.029936846961918947 0 0 -0.058376851575741941 -0.0034332604619091802 0 0 0.033074298947265622 0 0 0 0.0014968423480959472 0.0030724658724074708 0.033570884922416749 0 0.03177966735254395 0.14712237178808105 -0.072108131089511474
leaf_weight=92164 2717 796 7243 5938 11987 845 664 23119 8499 4271 3968 4213 7212 4009 10020 1872 1359 88993 7594 3050 17940 10240 30754 939 147 754 19552 1599 80 262
leaf_count=92164 2717 796 7243 5938 11987 845 664 23119 8499 4271 3968 4213 7212 4009 10020 1872 1359 88993 7594 3050 17940 10240 30754 939 147 754 19552 1599 80 262
internal_value=0.00078353 -0.00506289 -0.0176277 -0.00277281 0.00463424 0.00494641 -0.0050816 0.0111246 0.00343209 -0.0245397 -0.00191896 0.0117693 -0.0268959 0.00727073 -0.000563627 -0.0228923 0.00133918 0.00527684 -0.0081083 0.0146983 -0.000119629 -0.0078363 -0.00676698 -0.00863796 -0.0199288 0.00119672 -0.00555705 0.00771563 -0.0206528 -0.0181474
internal_weight=372800 148038 22822 125216 224762 28829 96387 35106 189656 15579 47135 12871 13582 8658 15958 9311 24866 97492 49252 3895 20898 48588 38348 1997 7439 4763 22269 2958 7292 1058
internal_count=372800 148038 22822 125216 224762 28829 96387 35106 189656 15579 47135 12871 13582 8658 15958 9311 24866 97492 49252 3895 20898 48588 38348 1997 7439 4763 22269 2958 7292 1058
cat_boundaries=0 1 2 3 4 5
cat_threshold=1 1 1 36 170
is_linear=0
shrinkage=0.05


Tree=12
num_leaves=31
num_cat=5
split_feature=1 2 9 14 9 9 2 3 14 3 14 1 14 2 2 2 2 2 13 3 9 10 9 14 5 4 2 1 3 13
split_gain=3360.39 1710.93 943.804 892.642 701.162 433.575 369.061 276.637 273.041 233.461 223.484 214.984 187.608 156.243 150.456 128.327 111.479 110.298 106.658 85.1763 84.9324 83.2239 101.888 81.3903 77.781 69.4575 69.4297 67.9476 62.4011 60.5623
threshold=1.0000000180025095e-35 3.444999999999999 0 1.7000000000000013 1 2 1.7349999999999997 9.3150000000000031 0.95000000000000295 10.995000000000003 0.15000000000000394 9.5000000000000018 0.95000000000000295 1.9550000000000003 1.0049999999999992 8.5750000000000011 0.98499999999999954 0.69999999999999973 -1.0000000180025095e-35 12.670000000000002 3 6.5000000000000009 4 0.20000000000000154 0.9866409840487318 0.68359067519442884 0.62000000000000022 4.5000000000000009 9.9300000000000015 1.7500000000000002
decision_type=2 2 9 2 9 9 2 2 2 2 2 2 2 2 2 2 2 2 2 2 9 2 9 2 2 2 2 2 2 2
left_child=4 3 9 6 8 14 10 -6 -1 23 26 13 -11 19 -5 24 -12 -10 -8 -7 27 22 -20 28 -14 -15 -2 -18 -3 -9
right_child=1 2 -4 5 7 11 18 29 17 12 16 -13 15 25 -16 -17 20 -19 21 -21 -22 -23 -24 -25 -26 -27 -28 -29 -30 -31
leaf_value=0 0 -0.025521162035035901 -0.0016646091227765988 0 0 0.02984496047559082 -0.027652192851667236 0 0 -0.054036008766263688 0 0.060311776046767088 -0.028440004613823001 0 0 -0.055458008996954848 -0.0032615974388137212 0 0 0.03142058399990235 0 0 0 0.0014220002306911499 0.0029188425787870973 0.031892340676295913 0 0.030190683984916752 -0.068502724535035905 0.10327122198417969
leaf_weight=92164 2717 796 7243 5938 11987 845 664 22487 8499 4271 3968 4213 7292 4009 10020 1872 1359 88993 7594 3050 17940 10240 30754 939 147 754 19552 1599 262 632
leaf_count=92164 2717 796 7243 5938 11987 845 664 22487 8499 4271 3968 4213 7292 4009 10020 1872 1359 88993 7594 3050 17940 10240 30754 939 147 754 19552 1599 262 632
internal_value=0.000781652 -0.00506762 -0.0176584 -0.00277281 0.00463424 0.00494641 -0.0050816 0.0111246 0.00343209 -0.0245846 -0.00191896 0.0117693 -0.0269474 0.00727073 -0.000563627 -0.0229675 0.00133918 0.00527684 -0.0081083 0.0146983 -0.000119629 -0.0078363 -0.00676698 -0.00863796 -0.0200229 0.00119672 -0.00555705 0.00771563 -0.0181474 0.0143237
internal_weight=372800 148038 22822 125216 224762 28829 96387 35106 189656 15579 47135 12871 13582 8658 15958 9311 24866 97492 49252 3895 20898 48588 38348 1997 7439 4763 22269 2958 1058 23119
internal_count=372800 148038 22822 125216 224762 28829 96387 35106 189656 15579 47135 12871 13582 8658 15958 9311 24866 97492 49252 3895 20898 48588 38348 1997 7439 4763 22269 2958 1058 23119
cat_boundaries=0 1 2 3 4 5
cat_threshold=1 1 1 36 170
is_linear=0
shrinkage=0.05


Tree=13
num_leaves=31
num_cat=6
split_feature=1 2 9 14 9 9 2 3 14 3 14 14 2 2 2 2 2 13 1 1 9 9 10 9 14 5 3 2 1 3
split_gain=3380.24 1702.68 943.804 865.069 699.087 426.812 369.061 275.615 273.041 233.461 223.484 187.608 168.584 149.996 128.327 111.479 110.298 106.658 88.9815 87.1259 102.816 84.9324 83.2239 101.888 81.3903 77.781 75.6681 69.4297 67.9476 62.4011
threshold=1.0000000180025095e-35 3.444999999999999 0 1.7000000000000013 1 2 1.7349999999999997 9.3150000000000031 0.95000000000000295 10.995000000000003 0.15000000000000394 0.95000000000000295 0.98499999999999954 1.9550000000000003 8.5750000000000011 0.98499999999999954 0.69999999999999973 -1.0000000180025095e-35 5.5000000000000009 9.5000000000000018 3 4 6.5000000000000009 5 0.20000000000000154 0.9866409840487318 17.850000000000005 0.62000000000000022 4.5000000000000009 9.9300000000000015
decision_type=2 2 9 2 9 9 2 2 2 2 2 2 2 2 2 2 2 2 2 2 9 9 2 9 2 2 2 2 2 2
left_child=4 3 9 6 8 12 10 -6 -1 24 27 -11 -5 -7 25 -12 -10 -8 26 -14 -21 28 23 -19 29 -13 -15 -2 -17 -3
right_child=1 2 -4 5 7 13 17 -9 16 11 15 14 19 18 -16 21 -18 22 -20 20 -22 -23 -24 -25 -26 -27 -28 -29 -30 -31
leaf_value=0 0 -0.024245103933284107 -0.0015813786666377689 0 0 0.032349554799907233 -0.026269583209083874 0 0 -0.051334208327950506 0 -0.027018004383131844 0 -0.0025000000000000005 -0.052685108547107111 -0.0030985175668730349 0 0 0.043286142187500001 0.057301530213178742 0 0 0 0 0.0013509002191565925 0.0027729004498477424 0.037093939062500005 0 0.028681149785670913 -0.065077588308284098
leaf_weight=92164 2717 796 7243 1437 11987 3963 664 23119 8499 4271 3968 7292 13150 1120 1872 1359 88993 7594 2422 1438 4112 17940 10240 30754 939 147 1187 19552 1599 262
leaf_count=92164 2717 796 7243 1437 11987 3963 664 23119 8499 4271 3968 7292 13150 1120 1872 1359 88993 7594 2422 1438 4112 17940 10240 30754 939 147 1187 19552 1599 262
internal_value=0.000768509 -0.00509802 -0.0176584 -0.00280875 0.00463246 0.00479032 -0.0050816 0.0111132 0.00343209 -0.0245846 -0.00191896 -0.0269474 0.000789199 0.0140427 -0.0229675 0.00133918 0.00527684 -0.0081083 0.0080461 -0.00047861 0.00477477 -0.000119629 -0.0078363 -0.00676698 -0.00863796 -0.0200229 0.00101864 -0.00555705 0.00771563 -0.0181474
internal_weight=372800 148038 22822 125216 224762 28829 96387 35106 189656 15579 47135 13582 20137 8692 9311 24866 97492 49252 4729 18700 5550 20898 48588 38348 1997 7439 2307 22269 2958 1058
internal_count=372800 148038 22822 125216 224762 28829 96387 35106 189656 15579 47135 13582 20137 8692 9311 24866 97492 49252 4729 18700 5550 20898 48588 38348 1997 7439 2307 22269 2958 1058
cat_boundaries=0 1 2 3 4 5 6
cat_threshold=1 1 131 130 36 170
is_linear=0
shrinkage=0.05


Tree=14
num_leaves=31
num_cat=5
split_feature=1 2 9 2 9 14 3 14 9 14 14 1 7 3 1 14 2 13 2 2 2 13 9 2 1 14 3 14 0 4
split_gain=3107.66 1128.59 787.114 723.366 699.087 614.286 275.615 273.041 244.552 223.686 195.795 226.55 145.355 143.028 114.907 200.993 493.809 112.221 112.195 110.298 105.305 95.0287 86.2967 69.4297 68.3408 62.0011 60.6369 60.1444 58.3007 59.8569
threshold=1.0000000180025095e-35 1.7349999999999997 0 3.0049999999999994 1 1.9500000000000031 9.3150000000000031 0.95000000000000295 2 0.15000000000000394 0.30000000000000787 13.500000000000002 1.0000000180025095e-35 10.995000000000003 1.5000000000000002 0.95000000000000295 4.6200000000000037 -1.0000000180025095e-35 0.98499999999999954 0.69999999999999973 7.0200000000000005 0.75000000000000011 3 0.62000000000000022 4.5000000000000009 1.6499999999999988 19.215000000000003 2.9999999999999996 4 -0.24403759431433023
decision_type=2 2 9 2 9 2 2 2 9 2 2 2 2 2 2 2 2 2 2 2 2 2 9 2 2 2 2 2 1 2
left_child=4 5 3 17 7 9 -6 -1 21 23 -4 28 13 -5 15 16 -15 -3 -11 -9 -16 -7 24 -2 -20 -19 -27 -21 29 -12
right_child=1 2 10 12 6 8 -8 19 -10 18 11 -13 -14 14 20 -17 -18 25 22 27 -22 -23 -24 -25 -26 26 -28 -29 -30 -31
leaf_value=0 0 -0.023884385298629681 0 -0.023032848736619906 0 0 0 0 0.030732077059911867 0 0 0.038469062500000005 -0.051142497911552988 -0.0011424979115529867 -0.048767497911552986 -0.020792104163975256 0.0012325020884470185 0 -0.0029435916885293834 0 -0.10005085311975176 0.050000000000000003 0 0 0.027247092296387367 0 -0.042868750000000004 0 -0.0042183703515625004 0.00063562258026347298
leaf_weight=92164 2717 628 5992 1590 11987 7130 23119 8499 3871 3980 8956 4961 5510 297 5528 1140 391 36106 1362 72999 1725 972 18017 19552 1602 6174 2912 15994 831 6094
leaf_count=92164 2717 628 5992 1590 11987 7130 23119 8499 3871 3980 8956 4961 5510 297 5528 1140 391 36106 1362 72999 1725 972 18017 19552 1602 6174 2912 15994 831 6094
internal_value=0.000927575 -0.00469744 -0.00826138 -0.0113569 0.00463246 0.000650305 0.0111132 0.00343209 0.0107659 -0.00191404 -0.00110453 0.00118511 -0.0204468 -0.0170415 -0.0194637 -0.00826039 0.0130814 -0.00814928 0.00133608 0.00527684 -0.0222873 0.00580005 -0.000123922 -0.00555705 0.00776732 -0.00785759 -0.00416575 0.00475712 -0.00172848 -0.00101661
internal_weight=372800 148038 88835 62001 224762 59203 35106 189656 11973 47230 26834 20842 16181 10671 9081 1828 688 45820 24961 97492 7253 8102 20981 22269 2964 45192 9086 88993 15881 15050
internal_count=372800 148038 88835 62001 224762 59203 35106 189656 11973 47230 26834 20842 16181 10671 9081 1828 688 45820 24961 97492 7253 8102 20981 22269 2964 45192 9086 88993 15881 15050
cat_boundaries=0 1 2 3 4 5
cat_threshold=1 1 131 36 1
is_linear=0
shrinkage=0.05


Tree=15
num_leaves=31
num_cat=4
split_feature=1 2 9 14 9 9 2 1 2 3 14 14 2 3 14 14 1 2 2 14 7 3 2 13 1 0 2 2 1 5
split_gain=2842.02 872.455 699.087 508.756 505.117 388.701 380.701 424.848 446.117 275.615 273.041 194.152 223.232 247.207 193.207 179.911 165.944 161.244 160.17 157.703 135.498 122.417 110.298 102.284 81.6531 80.4584 71.6464 69.4297 69.0849 66.1552
threshold=1.0000000180025095e-35 1.7349999999999997 0 0.15000000000000394 1 2 3.0049999999999994 1.5000000000000002 8.5750000000000011 9.3150000000000031 0.95000000000000295 0.95000000000000295 4.6200000000000037 10.995000000000003 1.4000000000000201 1.6499999999999988 13.500000000000002 0.98499999999999954 5.0050000000000017 1.4500000000000173 1.0000000180025095e-35 9.4800000000000022 0.69999999999999973 -1.0000000180025095e-35 4.5000000000000009 3 2.0849999999999995 0.62000000000000022 10.500000000000002 0.35429103799771572
decision_type=2 2 9 2 9 9 2 2 2 2 2 2 2 2 2 2 2 2 2 2 2 2 2 2 2 1 2 2 2 2
left_child=2 3 10 27 6 17 15 8 11 -4 -1 12 20 -14 25 23 26 -5 -9 24 -8 -20 -12 -3 -7 -6 -16 -2 -19 -23
right_child=1 4 9 5 14 19 7 18 -10 -11 22 -13 13 -15 16 -17 -18 28 21 -21 -22 29 -24 -25 -26 -27 -28 -29 -30 -31
leaf_value=0 0 -0.022690166033698195 0 0 0 -0.00092665599511718762 -0.0010853730159753384 -0.046329123015975339 0.0011708769840246714 0 0 -0.019752498955776493 -0.010672066456038899 0.0011708769840246714 0.02997412997440544 0 0.04812503560380374 0 0.0048099976450297569 0.029195473206916275 0.0014146269840246584 -0.096334971455897617 0 0 0.028021925181568 -0.0018253471074218749 -0.0016273097333058808 0 0 -0.070853729268397614
leaf_weight=92164 2717 628 11987 4727 14005 2060 415 7524 536 23119 8499 1615 87 395 3265 9086 2855 18005 248 3888 164 3644 88993 36106 2292 931 5778 19552 5962 1553
leaf_count=92164 2717 628 11987 4727 14005 2060 415 7524 536 23119 8499 1615 87 395 3265 9086 2855 18005 248 3888 164 3644 88993 36106 2292 931 5778 19552 5962 1553
internal_value=0.00108946 -0.00428978 0.00463246 0.000412141 -0.00742331 0.00401121 -0.00990308 -0.0164977 -0.000217933 0.0111132 0.00343209 -0.00855755 0.00805844 0.033195 -0.00168939 -0.00757639 0.00306354 0.00125941 -0.0205297 0.0135758 -0.012867 -0.0270615 0.00527684 -0.00913459 0.00705423 -0.0054767 -0.00025434 -0.00555705 -0.000404723 -0.0286992
internal_weight=372800 148038 224762 59203 88835 36934 62001 16181 3212 35106 189656 2676 1061 482 26834 45820 11898 28694 12969 8240 579 5445 97492 36734 4352 14936 9043 22269 23967 5197
internal_count=372800 148038 224762 59203 88835 36934 62001 16181 3212 35106 189656 2676 1061 482 26834 45820 11898 28694 12969 8240 579 5445 97492 36734 4352 14936 9043 22269 23967 5197
cat_boundaries=0 1 2 3 4
cat_threshold=1 1 131 1
is_linear=0
shrinkage=0.05


Tree=16
num_leaves=31
num_cat=2
split_feature=1 9 2 9 1 2 14 2 2 3 14 14 14 2 3 2 1 2 7 3 2 2 13 14 3 14 1 5 5 4
split_gain=2781.88 894.214 713.255 699.087 409.142 432.893 378.059 328.84 325.838 275.615 273.041 210.461 194.152 223.232 247.207 172.892 159.541 158.554 135.498 122.417 119.221 110.298 102.919 90.4676 73.1037 68.5742 90.4775 66.1552 63.0706 61.6575
threshold=1.0000000180025095e-35 0 3.0049999999999994 1 1.5000000000000002 8.5750000000000011 1.5499999999999974 1.9550000000000003 0.98499999999999954 9.3150000000000031 0.95000000000000295 1.6499999999999988 0.95000000000000295 4.6200000000000037 10.995000000000003 5.0050000000000017 13.500000000000002 1.9949999999999994 1.0000000180025095e-35 9.4800000000000022 1.2199999999999995 0.69999999999999973 -1.0000000180025095e-35 0.20000000000000154 12.670000000000002 1.0000000180025095e-35 11.500000000000002 0.35429103799771572 0.48098876891938797 0.68359067519442884
decision_type=2 9 2 9 2 2 2 2 2 2 2 2 2 2 2 2 2 2 2 2 2 2 2 2 2 2 2 2 2 2
left_child=3 2 8 10 5 12 20 24 -2 -5 -1 17 13 18 -15 -6 29 23 -4 -17 25 -12 -19 -10 -8 -3 -27 -21 -7 -9
right_child=1 6 4 9 15 28 7 16 11 -11 21 -13 -14 14 -16 19 -18 22 -20 27 -22 -23 -24 -25 -26 26 -28 -29 -30 -31
leaf_value=0 0 0 -0.0010311043651765716 0 -0.044012666865176575 0.0024477279266246657 0.025876044698474512 -0.0014987064987202722 0 0 0 0 -0.01876487400798767 -0.010138463133236953 0.00111233313482344 0.004569497762778269 0.045718783823613551 -0.021555657732013286 0.0013438956348234222 -0.09151822288310274 0 0 0 0 0.027826086831157226 0.024477391422489593 0.034996935772171604 -0.067311042804977725 0.00093020823924578895 0.026607441444435165
leaf_weight=92164 6778 3861 415 11987 7524 453 1235 7584 16307 23119 8499 14521 1615 87 395 248 2819 625 164 3644 15558 88993 34918 16270 4320 4188 1550 1553 83 1323
leaf_count=92164 6778 3861 415 11987 7524 453 1235 7584 16307 23119 8499 14521 1615 87 395 248 2819 625 164 3644 15558 88993 34918 16270 4320 4188 1550 1553 83 1323
internal_value=0.00112715 -0.00419487 -0.00665799 0.00463246 -0.0163185 -0.000342466 0.00193531 0.00762977 -0.00491059 0.0111132 0.00343209 -0.00577498 -0.00855755 0.00805844 0.033195 -0.0202753 0.00288248 -0.00693996 -0.012867 -0.0270615 -0.00197559 0.00527684 -0.00924936 -0.0044203 0.0176508 0.0024065 0.00587313 -0.0286992 0.0406716 -0.000398563
internal_weight=372800 148038 105600 224762 16181 3212 42438 17281 89419 35106 189656 82641 2676 1061 482 12969 11726 68120 579 5445 25157 97492 35543 32577 5555 9599 5738 5197 536 8907
internal_count=372800 148038 105600 224762 16181 3212 42438 17281 89419 35106 189656 82641 2676 1061 482 12969 11726 68120 579 5445 25157 97492 35543 32577 5555 9599 5738 5197 536 8907
cat_boundaries=0 1 2
cat_threshold=1 1
is_linear=0
shrinkage=0.05


Tree=17
num_leaves=31
num_cat=3
split_feature=1 9 9 2 2 1 2 14 2 14 3 14 9 2 14 2 3 2 7 3 2 13 2 14 1 3 1 5 14 2
split_gain=2847.4 852.064 699.087 634.211 376.761 334.552 404.144 306.719 289.286 281.837 275.615 273.041 213.451 171.808 157.171 215.403 216.804 156.198 133.763 122.155 110.298 102.972 101.026 86.2357 80.4797 75.3405 69.2612 65.5672 62.684 60.7874
threshold=1.0000000180025095e-35 0 1 3.0049999999999994 0.98499999999999954 1.5000000000000002 8.5750000000000011 1.4000000000000201 1.9550000000000003 1.6499999999999988 9.3150000000000031 0.95000000000000295 2 5.0050000000000017 0.95000000000000295 4.7800000000000011 10.995000000000003 1.9949999999999994 1.0000000180025095e-35 9.4800000000000022 0.69999999999999973 -1.0000000180025095e-35 1.2199999999999995 0.20000000000000154 13.500000000000002 8.3550000000000022 9.5000000000000018 0.35429103799771572 0.79999999999999871 2.9250000000000012
decision_type=2 9 9 2 2 2 2 2 2 2 2 2 9 2 2 2 2 2 2 2 2 2 2 2 2 2 2 2 2 2
left_child=2 3 11 4 28 6 14 22 -9 17 -4 -1 -7 -14 15 18 -17 23 -5 -15 -13 -19 25 -6 29 -3 -11 -21 -2 -10
right_child=1 7 10 5 9 12 -8 8 24 26 -12 20 13 19 -16 16 -18 21 -20 27 -22 -23 -24 -25 -26 -27 -28 -29 -30 -31
leaf_value=0 0 0 0 -0.00097954914691774091 0 -0.0048650314260009842 0.00098994673849220902 0.026344395205012597 0.033783689806577567 0 0 0 -0.041812033521917751 0.0043410228746393557 -0.017826630307588288 -0.0096315399765751052 0.0010567164780822646 -0.020477874845412622 0.0012767008530822467 -0.086942311738947606 0 0 0 0 0.043418282523057877 0.027331411695115118 0 -0.063945490664728849 0 -0.0011284080905571094
leaf_weight=92164 2856 2553 11987 480 18337 2468 633 3969 2310 12978 23119 8499 7524 248 1874 87 410 641 171 3644 88993 39025 9755 17718 1690 3549 5429 1553 4648 3488
leaf_count=92164 2856 2553 11987 480 18337 2468 633 3969 2310 12978 23119 8499 7524 248 1874 87 410 641 171 3644 88993 39025 9755 17718 1690 3549 5429 1553 4648 3488
internal_value=0.00108611 -0.00429822 0.00463246 -0.00610226 -0.00453204 -0.0144642 -0.000861833 0.00367626 0.00991097 -0.00539159 0.0111132 0.00343209 -0.0176848 -0.0202442 -0.00847121 0.00609756 0.0308853 -0.00674053 -0.0128264 -0.0270248 0.00527684 -0.00890561 -0.000826134 -0.00435862 0.0041266 0.00421993 0.000157549 -0.0286608 0.00625 0.00132804
internal_weight=372800 148038 224762 120724 101632 19092 3655 27314 11457 94128 35106 189656 15437 12969 3022 1148 497 75721 651 5445 97492 39666 15857 36055 7488 6102 18407 5197 7504 5798
internal_count=372800 148038 224762 120724 101632 19092 3655 27314 11457 94128 35106 189656 15437 12969 3022 1148 497 75721 651 5445 97492 39666 15857 36055 7488 6102 18407 5197 7504 5798
cat_boundaries=0 1 2 3
cat_threshold=131 1 130
is_linear=0
shrinkage=0.05


Tree=18
num_leaves=31
num_cat=4
split_feature=1 2 9 14 9 2 1 2 9 3 14 14 14 2 3 14 2 7 14 2 3 2 2 13 9 3 1 1 2 5
split_gain=2904.11 874.405 699.087 519.365 443.103 355.54 408.509 432.893 280.113 275.615 273.041 209.421 194.152 223.232 247.207 180.835 171.808 135.498 134.039 145.324 122.155 121.268 110.298 102.919 96.8099 77.6914 74.4621 69.0112 68.6243 65.5672
threshold=1.0000000180025095e-35 1.9949999999999994 0 1.9500000000000031 1 3.0049999999999994 1.5000000000000002 8.5750000000000011 2 9.3150000000000031 0.95000000000000295 0.15000000000000394 0.95000000000000295 4.6200000000000037 10.995000000000003 1.6499999999999988 5.0050000000000017 1.0000000180025095e-35 2.1000000000000054 5.1900000000000013 9.4800000000000022 0.98499999999999954 0.69999999999999973 -1.0000000180025095e-35 3 40.055000000000007 8.5000000000000018 4.5000000000000009 0.62000000000000022 0.35429103799771572
decision_type=2 2 9 2 9 2 2 2 9 2 2 2 2 2 2 2 2 2 2 2 2 2 2 2 9 2 2 2 2 2
left_child=2 3 10 11 5 15 7 12 -5 -4 -1 28 13 17 -15 23 -8 -7 -6 25 -18 -13 -12 -3 27 26 -20 -23 -2 -22
right_child=1 4 9 8 18 6 16 -9 -10 -11 22 21 -14 14 -16 -17 20 -19 19 -21 29 24 -24 -25 -26 -27 -28 -29 -30 -31
leaf_value=0 0 -0.01945398110314199 0 0 0 -0.00093057168957185192 -0.039721431845821865 0.00097838739375207266 0.025027175444761969 0 0 0 -0.016935298792208876 -0.009149962977746352 0.0010038806541781465 0 0.0041239717309073873 0.0012128658104281322 0.020871651176189332 -0.01944480545582964 -0.082595196152000228 -1.5890564506586826e-05 0 0 0 0.1444294739828233 0.061551365534669722 0.021893201266609361 0 -0.060748216131492394
leaf_weight=92164 2717 625 11987 8289 19515 415 7524 536 3962 23119 8499 3980 1615 87 395 8936 248 164 2710 1804 3644 1410 88993 34918 18539 525 1659 1643 20625 1553
leaf_count=92164 2717 625 11987 8289 19515 415 7524 536 3962 23119 8499 3980 1615 87 395 8936 248 164 2710 1804 3644 1410 88993 34918 18539 525 1659 1643 20625 1553
internal_value=0.00105097 -0.00438671 0.00463246 0.000192921 -0.00761111 -0.00995797 -0.0163062 -0.000342466 0.00939923 0.0111132 0.00343209 -0.00211289 -0.00855755 0.00805844 0.033195 -0.0076508 -0.0202599 -0.012867 -0.00217557 0.00392655 -0.0270248 0.00101283 0.00527684 -0.00924936 -0.00046545 0.00839804 0.00621424 0.00777016 -0.00553723 -0.0286608
internal_weight=372800 148038 224762 61165 86873 60660 16181 3212 12251 35106 189656 48914 2676 1061 482 44479 12969 579 26213 6698 5445 25572 97492 35543 21592 4894 4369 3053 23342 5197
internal_count=372800 148038 224762 61165 86873 60660 16181 3212 12251 35106 189656 48914 2676 1061 482 44479 12969 579 26213 6698 5445 25572 97492 35543 21592 4894 4369 3053 23342 5197
cat_boundaries=0 1 2 3 4
cat_threshold=1 1 131 36
is_linear=0
shrinkage=0.05


Tree=19
num_leaves=31
num_cat=4
split_feature=1 2 9 14 9 2 1 2 9 3 14 14 14 2 3 14 14 2 7 2 3 2 13 14 9 1 2 1 5 2
split_gain=2868.33 853.562 699.087 515.596 469.17 347.463 403.464 432.893 276.631 275.615 273.041 210.547 194.152 223.232 247.207 180.835 168.2 163.258 135.498 120.736 120.412 110.298 102.919 100.251 99.7974 90.159 68.6243 66.1208 63.0706 63.0399
threshold=1.0000000180025095e-35 1.9949999999999994 0 1.9500000000000031 1 3.0049999999999994 1.5000000000000002 8.5750000000000011 2 9.3150000000000031 0.95000000000000295 0.15000000000000394 0.95000000000000295 4.6200000000000037 10.995000000000003 1.6499999999999988 2.1000000000000054 5.0050000000000017 1.0000000180025095e-35 0.98499999999999954 12.670000000000002 0.69999999999999973 -1.0000000180025095e-35 0.60000000000000109 3 13.500000000000002 0.62000000000000022 4.5000000000000009 0.48098876891938797 11.900000000000004
decision_type=2 2 9 2 9 2 2 2 9 2 2 2 2 2 2 2 2 2 2 2 2 2 2 2 9 2 2 2 2 2
left_child=2 3 10 11 5 15 7 12 -5 -4 -1 26 13 18 -15 22 -6 -8 -7 -13 23 -12 -3 -19 27 -18 -2 -21 -9 -27
right_child=1 4 9 8 16 6 17 28 -10 -11 21 19 -14 14 -16 -17 25 20 -20 24 -22 -23 -24 -25 -26 29 -28 -29 -30 -31
leaf_value=0 0 -0.018481282047984889 0 0 0 -0.00088404310509325739 -0.037735360253530775 0.0022269248236812199 0.023775816672523872 0 0 0 -0.016088533852598431 -0.0086924648288590322 0.00095368662146924079 0 0.00061263277319288927 -0.12289843080045665 0.0011522225199067204 -1.5096036281257484e-05 -0.079624193112676697 0 0 0.0039177731443620174 0 0.086817543966980992 0 0.020798541203278894 0.00078528112067128848 -0.19896536252074234
leaf_weight=92164 2717 625 11987 8289 19515 415 7524 453 3962 23119 8499 3980 1615 87 395 8936 5148 133 164 1410 4913 88993 34918 399 18539 1446 20625 1643 83 104
leaf_count=92164 2717 625 11987 8289 19515 415 7524 453 3962 23119 8499 3980 1615 87 395 8936 5148 133 164 1410 4913 88993 34918 399 18539 1446 20625 1643 83 104
internal_value=0.0010731 -0.00433098 0.00463246 0.000193738 -0.00751672 -0.0099316 -0.0162073 -0.000342466 0.00936658 0.0111132 0.00343209 -0.00210369 -0.00855755 0.00805844 0.033195 -0.0076508 -0.00192388 -0.0201365 -0.012867 0.00103042 -0.0267309 0.00527684 -0.00924936 -0.00413534 -0.000444609 0.00491191 -0.00553723 0.00791707 0.0406716 0.0154839
internal_weight=372800 148038 224762 61165 86873 60660 16181 3212 12251 35106 189656 48914 2676 1061 482 44479 26213 12969 579 25572 5445 97492 35543 532 21592 6698 23342 3053 536 1550
internal_count=372800 148038 224762 61165 86873 60660 16181 3212 12251 35106 189656 48914 2676 1061 482 44479 26213 12969 579 25572 5445 97492 35543 532 21592 6698 23342 3053 536 1550
cat_boundaries=0 1 2 3 4
cat_threshold=1 1 131 36
is_linear=0
shrinkage=0.05


Tree=20
num_leaves=31
num_cat=4
split_feature=1 2 9 9 9 2 1 2 3 14 14 14 2 3 2 14 14 14 2 7 2 13 3 1 1 7 9 14 5 2
split_gain=2832.99 807.998 699.087 489.845 448.836 290.76 367.224 432.893 275.615 273.041 257.756 194.152 223.232 247.207 182.983 180.835 173.287 170.945 153.569 135.498 110.298 102.919 95.193 94.4374 84.5901 71.4162 64.6514 64.1301 63.0706 62.5517
threshold=1.0000000180025095e-35 1.9949999999999994 0 1 2 3.0049999999999994 1.5000000000000002 8.5750000000000011 9.3150000000000031 0.95000000000000295 0.15000000000000394 0.95000000000000295 4.6200000000000037 10.995000000000003 0.98499999999999954 1.6499999999999988 1.4500000000000173 2.1000000000000054 12.020000000000001 1.0000000180025095e-35 0.69999999999999973 -1.0000000180025095e-35 12.465000000000002 13.500000000000002 10.500000000000002 1.0000000180025095e-35 3 2.9999999999999996 0.48098876891938797 0.55499999999999983
decision_type=2 2 9 9 9 2 2 2 2 2 2 2 2 2 2 2 2 2 2 2 2 2 2 2 2 2 9 2 2 2
left_child=2 3 9 10 5 15 7 11 -4 -1 29 12 19 -14 -12 21 -5 -6 22 -7 -11 -3 25 -19 -16 -8 -26 -24 -9 -2
right_child=1 4 8 16 17 6 18 28 -10 20 14 -13 13 -15 24 -17 -18 23 -20 -21 -22 -23 27 -25 26 -27 -28 -29 -30 -31
leaf_value=0 0 -0.017557217945585641 0 0.016970136925630857 0 -0.00083984094983859396 -0.011400675524667793 0.0021155785824971576 0 0 0 -0.015284107159968509 -0.0082578415874160812 0.00090600229039577984 0 0 0.022587025838897681 0.00058200113453324475 -0.17191421048843417 0.0010946113939113821 0 0 -0.046384234501266365 0.081109848506066409 0 -0.059995193065921139 0.04575015321139142 -0.046384234501266365 0.00074601706463772732 0
leaf_weight=92164 2536 625 11987 5360 19515 415 1708 453 23119 8499 4925 1615 87 395 19295 8936 3415 5148 1118 164 88993 34918 6693 1550 5207 544 1183 2906 83 19244
leaf_count=92164 2536 625 11987 5360 19515 415 1708 453 23119 8499 4925 1615 87 395 19295 8936 3415 5148 1118 164 88993 34918 6693 1550 5207 544 1183 2906 83 19244
internal_value=0.00109509 -0.00427559 0.00463246 0.000126706 -0.00737513 -0.0097371 -0.015478 -0.000342466 0.0111132 0.00343209 -0.00170515 -0.00855755 0.00805844 0.033195 0.00125286 -0.0076508 0.0110529 -0.00190482 -0.0192266 -0.012867 0.00527684 -0.00924936 -0.0175555 0.00498656 -0.000439945 -0.00830373 0.00454617 -0.019726 0.0406716 -0.00586318
internal_weight=372800 148038 224762 61165 86873 60660 16181 3212 35106 189656 52390 2676 1061 482 30610 44479 8775 26213 12969 579 97492 35543 11851 6698 25685 2252 6390 9599 536 21780
internal_count=372800 148038 224762 61165 86873 60660 16181 3212 35106 189656 52390 2676 1061 482 30610 44479 8775 26213 12969 579 97492 35543 11851 6698 25685 2252 6390 9599 536 21780
cat_boundaries=0 1 2 3 4
cat_threshold=1 139 1 1
is_linear=0
shrinkage=0.05


Tree=21
num_leaves=31
num_cat=3
split_feature=1 2 9 14 9 9 2 1 2 3 14 14 2 3 14 14 2 2 7 14 2 13 3 1 1 1 2 14 7 5
split_gain=2912.38 739.993 699.087 554.759 438.181 351.774 286.623 359.469 432.893 275.615 273.041 194.152 223.232 247.207 179.911 178.062 168.515 157.065 135.498 125.874 110.298 102.284 96.1635 94.26 83.4622 75.3994 72.0146 66.2431 64.0439 63.0706
threshold=1.0000000180025095e-35 1.7349999999999997 0 0.15000000000000394 1 2 3.0049999999999994 1.5000000000000002 8.5750000000000011 9.3150000000000031 0.95000000000000295 0.95000000000000295 4.6200000000000037 10.995000000000003 1.6499999999999988 2.1000000000000054 0.98499999999999954 12.020000000000001 1.0000000180025095e-35 1.4500000000000173 0.69999999999999973 -1.0000000180025095e-35 12.465000000000002 13.500000000000002 3.5000000000000004 10.500000000000002 0.62000000000000022 2.9999999999999996 1.0000000180025095e-35 0.48098876891938797
decision_type=2 2 9 2 9 9 2 2 2 2 2 2 2 2 2 2 2 2 2 2 2 2 2 2 2 2 2 2 2 2
left_child=2 3 10 26 6 16 14 8 11 -4 -1 12 18 -14 21 -6 -5 22 -8 24 -12 -3 28 -17 -7 -18 -2 -24 -9 -10
right_child=1 4 9 5 15 19 7 17 29 -11 20 -13 13 -15 -16 23 25 -19 -20 -21 -22 -23 27 -25 -26 -27 -28 -29 -30 -31
leaf_value=0 0 -0.016679357048306361 0 0 0 -0.0035525367713686203 -0.00079784890234666514 -0.0108306417484344 0.0020097996533723016 0 0 -0.014519901801970082 -0.0078449495080452798 0.00086070217587599365 0 0.0011768936710800165 0 -0.16331849996401246 0.0010398808242158108 0.021457674546952795 0 0 -0.044065022776203049 0.077054356080763095 0.021887888164105064 0 0 -0.044065022776203049 -0.056995433412625078 0.00070871621140584657
leaf_weight=92164 2717 628 11987 4727 20064 1703 415 1708 453 23119 8499 1615 87 395 9086 5207 18005 1118 164 3888 88993 36106 6693 1563 2649 5962 19552 2906 544 83
leaf_count=92164 2717 628 11987 4727 20064 1703 415 1708 453 23119 8499 1615 87 395 9086 5207 18005 1118 164 3888 88993 36106 6693 1563 2649 5962 19552 2906 544 83
internal_value=0.00104587 -0.00439955 0.00463246 -6.92532e-05 -0.00728542 0.00368901 -0.00959507 -0.0153173 -0.000342466 0.0111132 0.00343209 -0.00855755 0.00805844 0.033195 -0.00757639 -0.00194457 0.00107128 -0.0190261 -0.012867 0.0127879 0.00527684 -0.00913459 -0.0173361 0.00506647 0.00696232 -0.000630033 -0.00630248 -0.0195177 -0.0080373 0.0406716
internal_weight=372800 148038 224762 59203 88835 36934 62001 16181 3212 35106 189656 2676 1061 482 45820 26834 28694 12969 579 8240 97492 36734 11851 6770 4352 23967 22269 9599 2252 536
internal_count=372800 148038 224762 59203 88835 36934 62001 16181 3212 35106 189656 2676 1061 482 45820 26834 28694 12969 579 8240 97492 36734 11851 6770 4352 23967 22269 9599 2252 536
cat_boundaries=0 1 2 3
cat_threshold=1 1 131
is_linear=0
shrinkage=0.05


Tree=22
num_leaves=31
num_cat=3
split_feature=1 2 9 14 9 9 3 14 2 1 2 14 2 3 14 14 2 2 7 14 2 13 1 3 1 1 2 7 14 5
split_gain=2904.54 722.662 699.087 547.865 427.61 335.231 275.615 273.041 265.958 345.95 432.893 194.152 223.232 247.207 179.911 175.268 168.515 163.346 135.498 114.131 110.298 102.284 94.433 92.7582 83.4622 75.3994 72.0146 65.9615 65.2256 63.0706
threshold=1.0000000180025095e-35 1.7349999999999997 0 0.15000000000000394 1 2 9.3150000000000031 0.95000000000000295 3.0049999999999994 1.5000000000000002 8.5750000000000011 0.95000000000000295 4.6200000000000037 10.995000000000003 1.6499999999999988 2.1000000000000054 0.98499999999999954 12.020000000000001 1.0000000180025095e-35 1.4500000000000173 0.69999999999999973 -1.0000000180025095e-35 13.500000000000002 12.465000000000002 3.5000000000000004 10.500000000000002 0.62000000000000022 1.0000000180025095e-35 2.9999999999999996 0.48098876891938797
decision_type=2 2 9 2 9 9 2 2 2 2 2 2 2 2 2 2 2 2 2 2 2 2 2 2 2 2 2 2 2 2
left_child=2 3 7 26 8 16 -4 -1 14 10 11 12 18 -14 21 -6 -5 23 -10 24 -9 -3 -17 27 -7 -18 -2 -11 -25 -12
right_child=1 4 6 5 15 19 -8 20 9 17 29 -13 13 -15 -16 22 25 -19 -20 -21 -22 -23 -24 28 -26 -27 -28 -29 -30 -31
leaf_value=0 0 -0.015845389195891041 0 0 0 -0.0033749099328001897 0 0 -0.00075795645722933074 -0.01028910966101268 0.001909309670703685 -0.013793906711871579 -0.0074527020326430162 0.00081766706708219505 0 0.0011180489875260156 0 -0.15515257496581183 0.00098788678300502095 0.020384790819605154 0 0 0.073201638276724934 -0.041861771637392901 0.020793493755899811 0 0 -0.054145661741993825 -0.041861771637392901 0.00067328040083555198
leaf_weight=92164 2717 628 11987 4727 20064 1703 23119 8499 415 1708 453 1615 87 395 9086 5207 18005 1118 164 3888 88993 36106 1563 6693 2649 5962 19552 544 2906 83
leaf_count=92164 2717 628 11987 4727 20064 1703 23119 8499 415 1708 453 1615 87 395 9086 5207 18005 1118 164 3888 88993 36106 1563 6693 2649 5962 19552 544 2906 83
internal_value=0.0010507 -0.00438739 0.00463246 -0.000108103 -0.00723926 0.00362674 0.0111132 0.00343209 -0.00952089 -0.0150331 -0.000342466 -0.00855755 0.00805844 0.033195 -0.00757639 -0.00196319 0.00107128 -0.0186714 -0.012867 0.0125091 0.00527684 -0.00913459 0.00499261 -0.0169479 0.00696232 -0.000630033 -0.00630248 -0.00781528 -0.0190905 0.0406716
internal_weight=372800 148038 224762 59203 88835 36934 35106 189656 62001 16181 3212 2676 1061 482 45820 26834 28694 12969 579 8240 97492 36734 6770 11851 4352 23967 22269 2252 9599 536
internal_count=372800 148038 224762 59203 88835 36934 35106 189656 62001 16181 3212 2676 1061 482 45820 26834 28694 12969 579 8240 97492 36734 6770 11851 4352 23967 22269 2252 9599 536
cat_boundaries=0 1 2 3
cat_threshold=1 1 131
is_linear=0
shrinkage=0.05


Tree=23
num_leaves=31
num_cat=3
split_feature=1 2 9 14 9 9 3 14 2 1 2 14 2 3 14 14 2 7 2 3 13 14 1 2 1 1 2 7 2 5
split_gain=2870.28 699.798 699.087 553.909 408.091 302.098 275.615 273.041 238.048 319.41 432.893 194.152 223.232 247.207 185.289 173.856 157.433 135.498 110.298 109.837 104.191 96.7055 93.3277 88.0038 82.9746 74.9152 73.2811 67.873 64.0876 63.0706
threshold=1.0000000180025095e-35 1.3350000000000002 0 0.15000000000000394 1 2 9.3150000000000031 0.95000000000000295 3.0049999999999994 1.5000000000000002 8.5750000000000011 0.95000000000000295 4.6200000000000037 10.995000000000003 2.1000000000000054 1.6499999999999988 0.98499999999999954 1.0000000180025095e-35 0.69999999999999973 12.465000000000002 -1.0000000180025095e-35 1.4500000000000173 13.500000000000002 6.4850000000000003 3.5000000000000004 10.500000000000002 0.62000000000000022 1.0000000180025095e-35 11.900000000000004 0.48098876891938797
decision_type=2 2 9 2 9 9 2 2 2 2 2 2 2 2 2 2 2 2 2 2 2 2 2 2 2 2 2 2 2 2
left_child=2 3 7 26 8 16 -4 -1 15 10 11 12 17 -14 -6 20 -5 -10 -9 27 -3 24 -16 -21 -7 -18 -2 -11 -24 -12
right_child=1 4 6 5 14 21 -8 18 9 19 29 -13 13 -15 22 -17 25 -19 -20 23 -22 -23 28 -25 -26 -27 -28 -29 -30 -31
leaf_value=0 0 -0.015053119736096488 0 0 0 -0.0032061644361601801 0 0 -0.00072005863436786508 -0.0097746541779620451 0.0018138441871685008 -0.013104211376278003 -0.0070800669310108651 0.00077678371372809092 0.0027960493618773286 0 0 0.00093849244385476596 0 -0.031608040795111127 0 0.019365551278624896 0.071459071987888687 -0.072589437971118581 0.019753819068104823 0 0 -0.051438378654894139 -0.20058538653788294 0.00063961638079377279
leaf_weight=92164 2717 628 11987 4727 20759 1654 23119 8499 415 1725 453 1615 87 395 5257 9503 16935 164 88993 7193 37852 3701 1482 3501 2543 5578 18417 550 104 83
leaf_count=92164 2717 628 11987 4727 20759 1654 23119 8499 415 1725 453 1615 87 395 5257 9503 16935 164 88993 7193 37852 3701 1482 3501 2543 5578 18417 550 104 83
internal_value=0.00107189 -0.00433402 0.00463246 5.59781e-05 -0.00702602 0.00390318 0.0111132 0.00343209 -0.00921245 -0.0144583 -0.000342466 -0.00855755 0.00805844 0.033195 -0.00193937 -0.00744535 0.00140367 -0.012867 0.00527684 -0.0179544 -0.00894101 0.0125063 0.00519509 -0.0200767 0.00732666 -0.000337583 -0.00634049 -0.00797802 0.015826 0.0406716
internal_weight=372800 148038 224762 56272 91766 35138 35106 189656 64164 16181 3212 2676 1061 482 27602 47983 27240 579 97492 12969 38480 7898 6843 10694 4197 22513 21134 2275 1586 536
internal_count=372800 148038 224762 56272 91766 35138 35106 189656 64164 16181 3212 2676 1061 482 27602 47983 27240 579 97492 12969 38480 7898 6843 10694 4197 22513 21134 2275 1586 536
cat_boundaries=0 1 2 3
cat_threshold=1 1 131
is_linear=0
shrinkage=0.05


Tree=24
num_leaves=31
num_cat=3
split_feature=1 9 2 14 9 3 14 9 14 2 2 1 2 14 2 3 14 7 2 13 1 3 2 1 2 3 1 2 5 14
split_gain=2819.9 699.087 613.424 519.676 368.852 275.615 273.041 229.331 185.289 157.433 151.33 258.322 432.893 194.152 223.232 247.207 173.856 135.498 110.298 104.191 95.555 93.6895 100.619 105.841 193.167 80.4454 74.9152 73.2811 63.0706 60.1444
threshold=1.0000000180025095e-35 0 1.3350000000000002 0.15000000000000394 1 9.3150000000000031 0.95000000000000295 2 2.1000000000000054 0.98499999999999954 3.0049999999999994 1.5000000000000002 8.5750000000000011 0.95000000000000295 4.6200000000000037 10.995000000000003 1.6499999999999988 1.0000000180025095e-35 0.69999999999999973 -1.0000000180025095e-35 13.500000000000002 12.465000000000002 6.4850000000000003 2.5000000000000004 12.020000000000001 18.575000000000006 10.500000000000002 0.62000000000000022 0.48098876891938797 2.9999999999999996
decision_type=2 9 2 2 9 2 2 9 2 2 2 2 2 2 2 2 2 2 2 2 2 2 2 2 2 2 2 2 2 2
left_child=1 6 3 27 10 -3 -1 9 -6 -5 16 12 13 14 17 -16 19 -12 -8 -4 -10 -13 -23 24 -24 -9 -11 -2 -14 -20
right_child=2 5 4 7 8 -7 18 25 20 26 11 21 28 -15 15 -17 -18 -19 29 -21 -22 22 23 -25 -26 -27 -28 -29 -30 -31
leaf_value=0 0 0 -0.014300463749291665 0 0 0 0 0.016635120973231832 0.0026562468937834649 0 -0.00068405570264947206 -0.0094109214690639379 0.0017231519778100779 -0.012449000807464101 -0.0067260635844603239 0.00073794452804168973 0 0.00089156782166203161 0 0 0.066755599444875302 -0.030027638755355569 -0.012952542352333885 -0.11295254235233387 0.0049511704728359531 0.038010202252965176 0 0 0.00060763556175408295 0
leaf_weight=92164 2717 11987 628 4727 20759 23119 8499 5798 5257 16935 415 2275 453 1615 87 395 9503 164 72999 37852 1586 7193 456 2886 159 2100 5578 18417 83 15994
leaf_count=92164 2717 11987 628 4727 20759 23119 8499 5798 5257 16935 415 2275 453 1615 87 395 9503 164 72999 37852 1586 7193 456 2886 159 2100 5578 18417 83 15994
internal_value=0.00110327 0.00463246 -0.00425499 -0.000144832 -0.00677539 0.0111132 0.00343209 0.00358159 -0.00193937 0.00140367 -0.00885405 -0.0130369 -0.000342466 -0.00855755 0.00805844 0.033195 -0.00744535 -0.012867 0.00527684 -0.00894101 0.00519509 -0.0161809 -0.018141 -0.0250928 -0.00626016 0.0110774 -0.000337583 -0.00634049 0.0406716 0.00475712
internal_weight=372800 224762 148038 56272 91766 35106 189656 35138 27602 27240 64164 16181 3212 2676 1061 482 47983 579 97492 38480 6843 12969 10694 3501 615 7898 22513 21134 536 88993
internal_count=372800 224762 148038 56272 91766 35106 189656 35138 27602 27240 64164 16181 3212 2676 1061 482 47983 579 97492 38480 6843 12969 10694 3501 615 7898 22513 21134 536 88993
cat_boundaries=0 1 2 3
cat_threshold=1 1 131
is_linear=0
shrinkage=0.05


Tree=25
num_leaves=31
num_cat=3
split_feature=1 9 2 14 9 3 14 9 14 2 2 1 2 14 2 3 14 7 2 13 2 3 2 1 2 3 3 1 2 5
split_gain=2838.79 699.087 620.726 518.782 348.843 275.615 273.041 227.535 158.374 157.433 148.666 256.313 432.893 194.152 223.232 247.207 173.856 135.498 110.298 104.191 97.1517 96.9322 98.9572 99.4931 181.946 80.2606 75.5643 74.9152 73.2811 63.0706
threshold=1.0000000180025095e-35 0 1.3350000000000002 0.15000000000000394 1 9.3150000000000031 0.95000000000000295 2 2.1000000000000054 0.98499999999999954 3.0049999999999994 1.5000000000000002 8.5750000000000011 0.95000000000000295 4.6200000000000037 10.995000000000003 1.6499999999999988 1.0000000180025095e-35 0.69999999999999973 -1.0000000180025095e-35 4.900000000000003 12.465000000000002 6.4850000000000003 2.5000000000000004 12.020000000000001 18.575000000000006 40.055000000000007 10.500000000000002 0.62000000000000022 0.48098876891938797
decision_type=2 9 2 2 9 2 2 9 2 2 2 2 2 2 2 2 2 2 2 2 2 2 2 2 2 2 2 2 2 2
left_child=1 6 3 28 10 -3 -1 9 -6 -5 16 12 13 14 17 -16 19 -12 -8 -4 26 -13 -23 24 -24 -9 -10 -11 -2 -14
right_child=2 5 4 7 8 -7 18 25 20 27 11 21 29 -15 15 -17 -18 -19 -20 -21 -22 22 23 -25 -26 -27 -28 -29 -30 -31
leaf_value=0 0 0 -0.013585440561827084 0 0 0 0 0.01580336492457024 0.030635610245352742 0 -0.00064985291751699654 -0.008940375395610739 0.0016369943789195764 -0.011826550767090894 -0.0063897604052373051 0.00070104730163960132 0 0.00084698943057892606 0 0 -0.0036147682650645319 -0.028526256817587792 -0.012304915234717197 -0.10730491523471719 0.0047036119491941537 0.036109692140316917 0.13744827796288309 0 0 0.00057725378366637605
leaf_weight=92164 2717 11987 628 4727 20759 23119 8499 5798 4141 16935 415 2275 453 1615 87 395 9503 164 88993 37852 2194 7193 456 2886 159 2100 508 5578 18417 83
leaf_count=92164 2717 11987 628 4727 20759 23119 8499 5798 4141 16935 415 2275 453 1615 87 395 9503 164 88993 37852 2194 7193 456 2886 159 2100 508 5578 18417 83
internal_value=0.00109147 0.00463246 -0.00428471 -0.000150163 -0.00682006 0.0111132 0.00343209 0.00357305 -0.00211683 0.00140367 -0.00884159 -0.0129875 -0.000342466 -0.00855755 0.00805844 0.033195 -0.00744535 -0.012867 0.00527684 -0.00894101 0.00447903 -0.0161192 -0.018113 -0.0250071 -0.00674797 0.0110395 0.00857174 -0.000337583 -0.00634049 0.0406716
internal_weight=372800 224762 148038 56272 91766 35106 189656 35138 27602 27240 64164 16181 3212 2676 1061 482 47983 579 97492 38480 6843 12969 10694 3501 615 7898 4649 22513 21134 536
internal_count=372800 224762 148038 56272 91766 35106 189656 35138 27602 27240 64164 16181 3212 2676 1061 482 47983 579 97492 38480 6843 12969 10694 3501 615 7898 4649 22513 21134 536
cat_boundaries=0 1 2 3
cat_threshold=1 1 131
is_linear=0
shrinkage=0.05


Tree=26
num_leaves=31
num_cat=3
split_feature=1 9 14 2 3 9 14 2 9 2 7 3 2 14 1 2 3 2 2 15 2 1 14 1 2 1 3 1 15 14
split_gain=2717.54 699.087 631.44 601.423 275.615 275.302 273.041 200.447 198.885 162.956 123.759 116.294 110.298 107.761 103.977 414.455 254.079 175.093 100.41 88.5756 84.0336 91.6917 79.5514 78.8773 104.734 75.3139 74.4844 74.7747 60.2571 60.1444
threshold=1.0000000180025095e-35 0 0.15000000000000394 1.0249999999999997 9.3150000000000031 1 0.95000000000000295 2.8999999999999999 2 0.98499999999999954 1.0000000180025095e-35 9.7850000000000019 0.69999999999999973 2.1000000000000054 1.5000000000000002 4.6200000000000037 10.995000000000003 5.535000000000001 0.87999999999999956 0.75000000000000011 8.8650000000000038 13.500000000000002 1.6499999999999988 1.5000000000000002 1.2 10.500000000000002 129.50000000000003 2.5000000000000004 1.0000000180025095e-35 2.9999999999999996
decision_type=2 9 2 2 2 9 2 2 9 2 2 2 2 2 2 2 2 2 2 2 2 2 2 2 2 2 2 2 2 2
left_child=1 6 7 8 -3 10 -1 11 9 -4 22 18 -8 -7 15 28 -17 19 -2 -16 21 -15 -5 -13 -25 -11 -12 -28 -9 -14
right_child=2 4 3 5 -6 13 12 14 -10 25 26 23 29 20 17 16 -18 -19 -20 -21 -22 -23 -24 24 -26 -27 27 -29 -30 -31
leaf_value=0 0 0 0 0 0 -3.1781129013173652e-05 0 -0.021413193555454721 0.016278679871513824 0 -0.034876338277614785 -0.0058787580847557567 0 0.020302160200957792 -0.02709994397670841 -0.017404412228725446 0.00066599493655762349 -0.085198019200022665 0 -0.062787418533735734 -0.050390189991890114 0.063016557903982862 0 0 0.00225625 0 0.0020230135913244852 -0.043707985576239054 -0.01290616853373573 0
leaf_weight=92164 2407 11987 4925 20737 23119 14778 8499 1303 6559 16980 6347 2511 72999 4709 6565 112 553 1880 26798 827 749 1434 11979 3676 6059 5589 109 142 310 15994
leaf_count=92164 2407 11987 4925 20737 23119 14778 8499 1303 6559 16980 6347 2511 72999 4709 6565 112 553 1880 26798 827 749 1434 11979 3676 6059 5589 109 142 310 15994
internal_value=0.00116792 0.00463246 -0.00409219 -0.00165357 0.0111132 -0.0046258 0.00343209 -0.00846493 0.00366928 0.00179974 -0.00711906 -0.00684181 0.00527684 -9.91697e-05 -0.01429 -0.00471905 0.0284962 -0.0166415 -0.00855675 -0.0131764 0.00506384 0.0069917 -0.00586105 -0.00275192 -0.000713919 2.21543e-06 -0.0133677 0.0133466 -0.0184129 0.00475712
internal_weight=372800 224762 148038 95037 35106 60984 189656 53001 34053 27494 39314 41451 97492 21670 11550 2278 665 9272 29205 7392 6892 6143 32716 12246 9735 22569 6598 251 1613 88993
internal_count=372800 224762 148038 95037 35106 60984 189656 53001 34053 27494 39314 41451 97492 21670 11550 2278 665 9272 29205 7392 6892 6143 32716 12246 9735 22569 6598 251 1613 88993
cat_boundaries=0 1 2 3
cat_threshold=1 1 139
is_linear=0
shrinkage=0.05


Tree=27
num_leaves=31
num_cat=5
split_feature=1 9 14 2 3 14 9 9 2 13 2 2 2 1 3 2 2 1 14 2 3 2 5 0 9 1 1 3 14 14
split_gain=2339.5 699.087 566.803 468.391 275.615 273.041 272.773 160.674 150.807 137.237 118.101 110.298 103 418.192 107.711 112.777 119.37 356.221 95.072 108.274 77.2172 92.3524 76.6769 76.4003 73.9698 73.5241 64.7173 61.0967 60.1444 58.1996
threshold=1.0000000180025095e-35 0 0.15000000000000394 1.4399999999999988 9.3150000000000031 0.95000000000000295 1 2 0.98499999999999954 -1.0000000180025095e-35 0.93499999999999972 0.69999999999999973 5.3950000000000005 1.5000000000000002 9.4800000000000022 2.2399999999999998 3.444999999999999 1.5000000000000002 1.7000000000000013 3.0049999999999994 11.990000000000002 2.1050000000000009 0.83025359242879337 3 4 10.500000000000002 17.500000000000004 18.490000000000006 2.9999999999999996 2.4000000000000017
decision_type=2 9 2 2 2 2 9 9 2 2 2 2 2 2 2 2 2 2 2 2 2 2 2 1 9 2 2 2 2 2
left_child=1 5 9 7 -3 -1 18 8 -4 -2 -11 -7 14 -14 -12 -16 -17 24 20 -20 21 -5 -22 27 -18 -10 -8 -9 -13 -28
right_child=2 4 3 6 -6 11 26 23 25 10 12 28 13 -15 15 16 17 -19 19 -21 22 -23 -24 -25 -26 -27 29 -29 -30 -31
leaf_value=0 -0.021585573050021612 0 0 0 0 0 -3.0192072562514968e-05 0.015286941302712131 0 0 0 0 0.00063269518972973731 -0.078492700479611599 0 -0.041513752801164587 0.00063269518972973731 -0.025626196777872992 0 -0.012391270319510539 -0.01284888662747672 0.00463125 0 -0.0002955135922961594 -0.048056650055533147 0 0.034481808587700662 0.040277148539725374 0 0.060652726690164777
leaf_weight=92164 1079 11987 4727 6922 23119 8499 16707 5646 17183 2990 30100 72999 307 1744 11111 2803 548 2217 9609 6575 12013 2589 1353 503 102 5664 2534 1870 15994 1142
leaf_count=92164 1079 11987 4727 6922 23119 8499 16707 5646 17183 2990 30100 72999 307 1744 11111 2803 548 2217 9609 6575 12013 2589 1353 503 102 5664 2534 1870 15994 1142
internal_value=0.00141792 0.00463246 -0.00346262 -0.00115218 0.0111132 0.00343209 -0.00386835 0.00338409 0.00156975 -0.00760552 -0.00723874 0.00527684 -0.00782821 -0.0187957 -0.00734839 -0.00413861 -0.00987654 -0.00270317 -0.00631415 -0.00338297 -0.00839052 -0.0049469 -0.0108409 0.00960892 0.0298462 -0.000111612 0.00082136 0.0108834 0.00475712 0.00682807
internal_weight=372800 224762 148038 95037 35106 189656 59444 35593 27574 53001 51922 97492 48932 2051 46881 16781 5670 2867 39061 16184 22877 9511 13366 8019 650 22847 20383 7516 88993 3676
internal_count=372800 224762 148038 95037 35106 189656 59444 35593 27574 53001 51922 97492 48932 2051 46881 16781 5670 2867 39061 16184 22877 9511 13366 8019 650 22847 20383 7516 88993 3676
cat_boundaries=0 1 2 3 4 5
cat_threshold=1 65 131 1 1
is_linear=0
shrinkage=0.05


Tree=28
num_leaves=31
num_cat=4
split_feature=1 14 9 2 14 3 14 15 2 1 1 2 2 2 5 9 0 3 2 1 3 2 9 3 3 1 2 1 14 13
split_gain=1954.8 783.345 699.087 388.333 275.794 275.615 273.041 151.492 150.967 131.23 120.884 115.907 115.061 110.298 95.1526 95.6541 92.8779 87.7159 87.5737 383.727 115.089 103.281 79.4418 72.1468 68.0156 114.167 64.2047 215.612 60.1444 55.776
threshold=1.0000000180025095e-35 0.15000000000000394 0 2.7850000000000006 3.1500000000000061 9.3150000000000031 0.95000000000000295 1.0000000180025095e-35 0.98499999999999954 6.5000000000000009 10.500000000000002 0.93499999999999972 6.6250000000000009 0.69999999999999973 0.89297894341113682 1 2 12.385000000000003 5.3950000000000005 1.5000000000000002 9.4800000000000022 2.2399999999999998 3 11.715000000000002 129.50000000000003 2.5000000000000004 3.1849999999999992 1.5000000000000002 2.9999999999999996 1.7500000000000002
decision_type=2 2 9 2 2 2 2 2 2 2 2 2 2 2 2 9 1 2 2 2 2 2 9 2 2 2 2 2 2 2
left_child=2 7 6 4 8 -4 -1 11 16 -10 14 -2 -12 -8 15 17 -3 -5 20 -20 -13 -22 -11 -14 -19 -26 -23 -28 -15 -7
right_child=1 3 5 10 -6 29 13 -9 9 22 12 18 23 28 -16 -17 -18 24 19 -21 21 26 -24 -25 25 -27 27 -29 -30 -31
leaf_value=0 0 0 0 -0.0095843790864511367 0.027780621170415343 0 0 -0.022679263211127967 0 0 0.0038928941022431831 0 0.0073737669019570233 0 0.0045246875000000001 -0.0015309922022402698 0 -0.024625524761639251 0.00060106043024324993 -0.067384598758793657 0 -0.039438065161106352 0.015565922761098184 -0.13341639313183598 0.002541426427733784 -0.040903022781451574 0.00060106043024324993 -0.024344886938979338 0 0.098107660884970693
leaf_weight=92164 2990 5109 11987 2536 3843 22487 8499 1741 34330 14478 6544 30009 209 72999 1149 7071 609 10245 295 1720 11084 2546 7379 1279 130 126 487 2129 15994 632
leaf_count=92164 2990 5109 11987 2536 3843 22487 8499 1741 34330 14478 6544 30009 209 72999 1149 7071 609 10245 295 1720 11084 2546 7379 1279 130 126 487 2129 15994 632
internal_value=0.00169407 -0.00276719 0.00463246 -5.10328e-05 0.00208219 0.0111132 0.00343209 -0.00763759 0.00127534 0.000487657 -0.0048397 -0.00714495 0.000385956 0.00527684 -0.00681423 -0.00761389 0.00901539 -0.0101518 -0.00773669 -0.0179404 -0.00729218 -0.0039025 0.00351604 -0.012164 -0.012175 0.0132813 -0.00974429 -0.00424312 0.00475712 0.0143064
internal_weight=372800 148038 224762 95037 65748 35106 189656 53001 61905 56187 29289 51260 8032 97492 21257 20108 5718 13037 48270 2015 46255 16246 21857 1488 10501 256 5162 2616 88993 23119
internal_count=372800 148038 224762 95037 65748 35106 189656 53001 61905 56187 29289 51260 8032 97492 21257 20108 5718 13037 48270 2015 46255 16246 21857 1488 10501 256 5162 2616 88993 23119
cat_boundaries=0 1 2 3 4
cat_threshold=1 65 1 65
is_linear=0
shrinkage=0.05


Tree=29
num_leaves=31
num_cat=5
split_feature=1 14 9 2 14 3 2 9 13 2 2 7 9 0 7 3 1 2 2 3 1 15 0 3 2 1 1 3 1 2
split_gain=1902.26 733.458 691.847 286.731 273.041 272.054 161.73 152.817 140.666 112.688 110.298 104.64 120.22 93.886 89.4336 113.191 89.4874 138.287 100.012 109.217 88.814 87.3718 84.7403 77.5821 69.1445 185.993 133.942 67.5751 72.7525 67.1272
threshold=1.0000000180025095e-35 0.10000000000000499 0 2.7850000000000006 0.95000000000000295 9.3150000000000031 0.98499999999999954 1 -1.0000000180025095e-35 0.93499999999999972 0.69999999999999973 1.0000000180025095e-35 2 3 1.0000000180025095e-35 9.4800000000000022 1.5000000000000002 4.0050000000000008 3.9900000000000007 13.905000000000003 9.5000000000000018 1.0000000180025095e-35 4 11.415000000000001 6.1250000000000009 2.5000000000000004 1.5000000000000002 129.50000000000003 2.5000000000000004 8.8650000000000038
decision_type=2 2 9 2 2 2 2 9 2 2 2 2 9 1 2 2 2 2 2 2 2 2 1 2 2 2 2 2 2 2
left_child=2 8 4 6 -1 -4 13 20 -2 -10 -6 23 27 -3 15 -11 18 -18 -16 -20 -8 22 -9 29 26 -26 -25 -13 -29 -5
right_child=1 3 5 11 10 -7 7 21 9 14 -12 12 -14 -15 16 -17 17 -19 19 -21 -22 -23 -24 24 25 -27 -28 28 -30 -31
leaf_value=0 -0.019372331236964135 0 0 0.0034523385368849177 0 0 0 0.010774209767342236 0 0 0 -0.036989025016663464 -0.00059077125096128249 0 0 0 0 -0.085062614267600492 -0.0038562570957911602 0.0027435123403458219 0 0.042008472922196817 -0.0039130858185344973 -0.014236502659280548 0.0018884647266522059 -0.096579442592128251 -0.00032900462423304886 0.0024143551063470882 -0.038857871642378999 0.0070034691985816121
leaf_weight=92164 1079 5633 11987 3284 8499 23119 33469 11158 2990 23889 88993 4735 3008 618 1347 15091 7304 968 105 223 13092 1416 363 2605 926 1847 12326 99 135 328
leaf_count=92164 1079 5633 11987 3284 8499 23119 33469 11158 2990 23889 88993 4735 3008 618 1347 15091 7304 968 105 223 13092 1416 363 2605 926 1847 12326 99 135 328
internal_value=0.0017276 -0.0026733 0.00462623 -4.52432e-05 0.00343209 0.0110733 0.00178786 0.000984067 -0.00738641 -0.00701504 0.00527684 -0.0041597 -0.00904475 0.00943849 -0.0075909 -0.00651103 -0.0118227 -0.0139567 -0.00128358 0.0234756 -0.00035215 0.00578899 0.00435292 -0.00233158 -0.00369408 -0.0109448 -0.00234747 -0.013808 0.0123932 0.00434662
internal_weight=372800 148038 224762 95042 189656 35106 65749 59498 52996 51917 97492 29293 7977 6251 48927 38980 9947 8272 1675 328 46561 12937 11521 21316 17704 2773 14931 4969 234 3612
internal_count=372800 148038 224762 95042 189656 35106 65749 59498 52996 51917 97492 29293 7977 6251 48927 38980 9947 8272 1675 328 46561 12937 11521 21316 17704 2773 14931 4969 234 3612
cat_boundaries=0 1 2 3 4 5
cat_threshold=1 195 65 1 1
is_linear=0
shrinkage=0.05


Tree=30
num_leaves=31
num_cat=6
split_feature=1 9 14 14 3 2 9 1 2 2 13 2 2 3 3 2 1 2 9 3 13 1 7 14 0 9 2 2 1 9
split_gain=1961.51 691.847 670.961 273.041 272.054 252.95 166.651 149.641 143.775 139.377 139.207 110.533 110.298 97.921 86.8895 142.482 286.894 562.514 114.903 100.048 83.368 73.0957 72.3504 70.2415 70.129 70.0526 69.7703 93.0812 173.609 81.2485
threshold=1.0000000180025095e-35 0 0.10000000000000499 0.95000000000000295 9.3150000000000031 1.9550000000000003 1 8.5000000000000018 6.6250000000000009 0.98499999999999954 -1.0000000180025095e-35 0.93499999999999972 0.69999999999999973 11.990000000000002 9.4800000000000022 2.2399999999999998 1.5000000000000002 3.8400000000000021 2 11.315000000000003 1.0000000180025095e-35 11.500000000000002 1.0000000180025095e-35 2.4000000000000017 3 4 2.3999999999999999 9.8250000000000028 2.5000000000000004 5
decision_type=2 9 2 2 2 2 9 2 2 2 2 2 2 2 2 2 2 2 9 2 2 2 2 2 1 9 2 2 2 9
left_child=1 3 10 -1 -3 6 9 20 23 -4 -2 -12 -5 -10 -13 -16 17 -17 19 -19 22 -11 -7 -9 -8 -18 -24 29 -29 -28
right_child=2 4 5 12 -6 7 24 8 13 21 11 14 -14 -15 15 16 25 18 -20 -21 -22 -23 26 -25 -26 -27 27 28 -30 -31
leaf_value=0 -0.018403714675115923 0 0 0 0 0 0.014658357872725137 0 0.0075028123963504986 0 0 0 0 -0.13575795158019871 0 -0.037750499424113716 -0.037466161903051035 -0.0036634442410016011 -0.044896228185940155 0.0012887785224143912 0.026667909535503277 0 0.00035478585535997213 0.0048873867464466316 -0.00028073791268135029 -0.044597411903051033 -0.030575193534171454 0.0069992525787449973 -0.048940979314619874 -0.0011484740939988432
leaf_weight=92164 1079 11987 4727 8499 23119 31170 7870 12957 237 18951 2990 30128 88993 1506 11110 646 5031 111 141 652 522 5600 1468 3993 520 1108 3530 310 333 1348
leaf_count=92164 1079 11987 4727 8499 23119 31170 7870 12957 237 18951 2990 30128 88993 1506 11110 646 5031 111 141 652 522 5600 1468 3993 520 1108 3530 310 333 1348
internal_value=0.00168281 0.00462623 -0.00278611 0.00343209 0.0110733 -0.000272511 0.00291096 -0.00236257 0.00131065 0.00112845 -0.00729395 -0.00692451 0.00527684 -0.0123637 -0.00749484 -0.00482738 -0.0100598 0.00916129 0.0346239 0.0419793 -0.00413769 -0.000384913 -0.00440918 0.00271681 0.00911905 -0.0149129 -0.00900701 -0.011583 0.0062986 -0.0139401
internal_weight=372800 224762 148038 189656 35106 95042 37668 57374 18693 29278 52996 51917 97492 1743 48927 18799 7689 1550 904 763 38681 24551 38159 16950 8390 6139 6989 5521 643 4878
internal_count=372800 224762 148038 189656 35106 95042 37668 57374 18693 29278 52996 51917 97492 1743 48927 18799 7689 1550 904 763 38681 24551 38159 16950 8390 6139 6989 5521 643 4878
cat_boundaries=0 1 2 3 4 5 6
cat_threshold=1 131 1 1 1 129
is_linear=0
shrinkage=0.05


Tree=31
num_leaves=31
num_cat=6
split_feature=1 9 14 14 3 2 1 13 2 2 2 2 9 3 2 1 2 9 3 0 5 3 14 2 7 3 9 1 9 12
split_gain=1993.64 691.847 628.928 273.041 272.054 258.067 233.354 139.056 131.108 120.764 110.298 108.58 98.2315 96.3078 125.051 276.081 553.995 114.903 100.048 93.5615 90.6839 87.808 83.1365 77.2459 75.2208 74.4302 77.0891 75.854 71.0348 64.2224
threshold=1.0000000180025095e-35 0 0.10000000000000499 0.95000000000000295 9.3150000000000031 0.98499999999999954 11.500000000000002 -1.0000000180025095e-35 2.4550000000000005 6.3799999999999981 0.69999999999999973 0.93499999999999972 1 9.4800000000000022 2.2399999999999998 1.5000000000000002 3.8400000000000021 2 11.315000000000003 3 0.89297894341113682 12.385000000000003 2.4000000000000017 1.5549999999999999 1.0000000180025095e-35 129.50000000000003 4 2.5000000000000004 5 1.0000000180025095e-35
decision_type=2 9 2 2 2 2 2 2 2 2 2 2 9 2 2 2 2 9 2 1 2 2 2 2 2 2 9 2 9 2
left_child=1 3 7 -1 -3 19 8 -2 21 12 -5 -9 -8 -13 -15 16 -16 18 -18 -4 24 23 -14 -7 -10 26 -26 -27 -17 -11
right_child=2 4 5 10 -6 6 9 11 20 29 -12 13 22 14 15 28 17 -19 -20 -21 -22 -23 -24 -25 25 27 -28 -29 -30 -31
leaf_value=0 -0.017483528941360127 0 0 0 0 0 0 0 -0.0082898036618385441 -0.15687343156347905 0 0 0.029878998374150881 0 -0.035862974452908029 -0.035592853807898485 -0.00348027202895152 -0.042651416776643143 0.0012243395962936666 0 0.0041258361981557539 0 0.060244760813906464 0 -0.028567336708320703 0.0019436747220924922 -0.0050600665059088593 -0.034467929094529053 -0.042367541307898486 -0.014122923546894935
leaf_weight=92164 1079 11987 5633 8499 23119 12606 12748 2990 15152 522 88993 30128 5635 11110 646 5031 111 141 652 618 1241 23285 1947 8760 3520 140 2243 122 1108 870
leaf_count=92164 1079 11987 5633 8499 23119 12606 12748 2990 15152 522 88993 30128 5635 11110 646 5031 111 141 652 618 1241 23285 1947 8760 3520 140 2243 122 1108 870
internal_value=0.0016588 0.00462623 -0.00284657 0.00343209 0.0110733 -0.000412975 -0.00110428 -0.00721092 -0.00256303 0.00339978 0.00527684 -0.00684169 0.00437531 -0.00740695 -0.00459865 -0.00950059 0.00935484 0.0346239 0.0419793 0.00940649 -0.00568293 -0.000996618 0.00887777 -0.00331134 -0.00645276 -0.0111784 -0.0123634 0.0148855 -0.0142613 -0.0108477
internal_weight=372800 224762 148038 189656 35106 95042 88791 52996 67069 21722 97492 51917 20330 48927 18799 7689 1550 904 763 6251 22418 44651 7582 21366 21177 6025 5763 262 6139 1392
internal_count=372800 224762 148038 189656 35106 95042 88791 52996 67069 21722 97492 51917 20330 48927 18799 7689 1550 904 763 6251 22418 44651 7582 21366 21177 6025 5763 262 6139 1392
cat_boundaries=0 1 2 3 4 5 6
cat_threshold=1 65 1 1 1 1
is_linear=0
shrinkage=0.05


Tree=32
num_leaves=31
num_cat=5
split_feature=1 9 14 14 3 2 1 13 2 2 2 2 7 3 2 1 2 3 9 0 14 3 2 9 9 3 1 12 5 14
split_gain=1960.26 691.847 648.268 273.041 272.054 252.84 219.151 138.997 110.298 108.67 106.885 106.823 98.3338 95.859 125.836 231.566 472.637 97.2678 97.5069 93.5615 89.4221 87.808 77.2459 75.4941 74.2983 67.0611 79.0818 66.2174 64.1042 60.1444
threshold=1.0000000180025095e-35 0 0.10000000000000499 0.95000000000000295 9.3150000000000031 0.98499999999999954 11.500000000000002 -1.0000000180025095e-35 0.69999999999999973 0.93499999999999972 2.4550000000000005 5.1900000000000013 1.0000000180025095e-35 9.4800000000000022 2.2399999999999998 1.5000000000000002 3.444999999999999 13.295000000000002 1 2 3.0999999999999983 12.385000000000003 1.5549999999999999 3 4 129.50000000000003 2.5000000000000004 1.0000000180025095e-35 0.97859653660919488 2.9999999999999996
decision_type=2 9 2 2 2 2 2 2 2 2 2 2 2 2 2 2 2 2 9 1 2 2 2 9 9 2 2 2 2 2
left_child=1 3 7 -1 -3 19 10 -2 -5 -9 21 20 28 -11 -15 16 -16 -18 -19 -4 -8 22 -7 -17 -14 -26 -27 -13 -12 -10
right_child=2 4 5 8 -6 6 11 9 29 13 12 27 24 14 15 23 17 18 -20 -21 -22 -23 -24 -25 25 26 -28 -29 -30 -31
leaf_value=0 -0.016609352494292118 0 0 0 0 0 0 0 0 0 -0.0073524881670977904 -0.10727359178075474 -0.00025080565841783322 0 -0.034069825730262626 -0.033813211117503558 -8.935655895769834e-07 0.0015507803328713599 -0.040518845937810993 0 0.042783234070454174 0 0 -0.040249164242503556 -0.027161850688302992 0.0018464909859878587 -0.037102584610759604 -0.0035667704457268065 0.0041511068882479664 0
leaf_weight=92164 1079 11987 5633 8499 23119 12606 17904 2990 72999 30128 15748 666 1609 11110 600 5031 156 673 121 618 1957 23285 8760 1108 4410 108 92 1195 451 15994
leaf_count=92164 1079 11987 5633 8499 23119 12606 17904 2990 72999 30128 15748 666 1609 11110 600 5031 156 673 121 618 1957 23285 8760 1108 4410 108 92 1195 451 15994
internal_value=0.00168374 0.00462623 -0.00278374 0.00343209 0.0110733 -0.00031302 -0.000997286 -0.0072147 0.00527684 -0.00684554 -0.00241095 0.00336755 -0.00522794 -0.00741104 -0.00460929 -0.0095266 0.00774194 0.0296842 0.0367758 0.00940649 0.00444086 -0.000996618 -0.00331134 -0.0138866 -0.0105724 -0.0137879 0.0145 -0.00808705 -0.00317612 0.00475712
internal_weight=372800 224762 148038 189656 35106 95042 88791 52996 97492 51917 67069 21722 22418 48927 18799 7689 1550 950 794 6251 19861 44651 21366 6139 6219 4610 200 1861 16199 88993
internal_count=372800 224762 148038 189656 35106 95042 88791 52996 97492 51917 67069 21722 22418 48927 18799 7689 1550 950 794 6251 19861 44651 21366 6139 6219 4610 200 1861 16199 88993
cat_boundaries=0 1 2 3 4 5
cat_threshold=1 1 1 1 46
is_linear=0
shrinkage=0.05


Tree=33
num_leaves=31
num_cat=7
split_feature=1 9 14 14 3 2 1 13 2 2 3 2 1 2 9 3 9 0 13 4 9 5 9 2 0 2 14 2 10 2
split_gain=1896.45 691.847 673.599 273.041 272.054 244.103 165.878 139.559 110.298 107.812 100.165 118.473 224.986 472.637 99.4766 97.2678 97.5069 93.5615 81.5395 80.9447 85.9293 78.9855 73.8894 69.4873 65.0073 62.8281 60.1444 56.703 56.6013 54.8058
threshold=1.0000000180025095e-35 0 0.10000000000000499 0.95000000000000295 9.3150000000000031 0.98499999999999954 13.500000000000002 -1.0000000180025095e-35 0.69999999999999973 0.93499999999999972 9.4800000000000022 2.2399999999999998 1.5000000000000002 3.444999999999999 1 13.295000000000002 2 3 1.2500000000000002 -0.23556562809103937 4 0.41469324265623908 5 2.5600000000000001 6 1.8699999999999999 2.9999999999999996 5.1900000000000013 6.5000000000000009 8.5750000000000011
decision_type=2 9 2 2 2 2 2 2 2 2 2 2 2 2 9 2 9 1 2 2 9 2 9 2 1 2 2 2 2 2
left_child=1 3 7 -1 -3 17 18 -2 -5 -9 -11 -12 13 -13 27 -15 29 -4 19 -7 21 23 -14 -21 28 -16 -10 -8 -22 -17
right_child=2 4 5 8 -6 6 14 9 26 10 11 12 22 15 25 16 -18 -19 -20 20 24 -23 -24 -25 -26 -27 -28 -29 -30 -31
leaf_value=0 -0.015778884869577514 0 0 0 0 0 0 0 0 0 0 -0.032366334443749499 -0.032122550561628375 -8.4888731010090985e-07 0.036790711994059394 0.0014732413162277915 -0.038492903640920444 0 0.083477076078573298 0 0.009306621050078177 0 -0.038236706030378383 -0.012765443750268019 -0.031233907038537789 0.031085573765707575 0 -0.053255343481729334 0.036663190318655454 0.0010855835998354157
leaf_weight=92164 1079 11987 5633 8499 23119 39339 10594 2990 72999 30128 11110 600 5031 156 2187 586 121 618 464 14634 4688 2634 1108 6627 285 4719 15994 1018 1602 87
leaf_count=92164 1079 11987 5633 8499 23119 39339 10594 2990 72999 30128 11110 600 5031 156 2187 586 121 618 464 14634 4688 2634 1108 6627 285 4719 15994 1018 1602 87
internal_value=0.00173203 0.00462623 -0.00266215 0.00343209 0.0110733 -0.000143621 -0.000815961 -0.00717884 0.00527684 -0.00680895 -0.00737221 -0.00450822 -0.00927949 0.00774194 0.003394 0.0296842 0.0367758 0.00940649 -0.00192535 -0.0020642 -0.000129636 -0.00152269 -0.0135771 -0.00253516 0.00492787 0.00814054 0.00475712 0.000563586 0.00599364 0.0438507
internal_weight=372800 224762 148038 189656 35106 95042 88791 52996 97492 51917 48927 18799 7689 1550 18518 950 794 6251 70273 69809 30470 23895 6139 21261 6575 6906 88993 11612 6290 673
internal_count=372800 224762 148038 189656 35106 95042 88791 52996 97492 51917 48927 18799 7689 1550 18518 950 794 6251 70273 69809 30470 23895 6139 21261 6575 6906 88993 11612 6290 673
cat_boundaries=0 1 2 3 4 5 6 7
cat_threshold=1 65 1 1 131 1 1
is_linear=0
shrinkage=0.05


Tree=34
num_leaves=31
num_cat=6
split_feature=1 9 14 14 3 2 1 13 2 2 3 2 1 2 9 3 9 0 4 9 5 2 2 9 2 14 2 14 2 2
split_gain=1896.45 691.847 657.376 273.041 272.054 245.665 161.07 131.807 110.298 106.778 105.504 109.856 217.148 472.637 101.409 97.2678 97.5069 93.5615 78.6302 82.2684 80.4568 74.5339 70.6758 69.2531 61.4515 60.1444 54.8058 52.4324 52.4578 49.0558
threshold=1.0000000180025095e-35 0 0.10000000000000499 0.95000000000000295 9.3150000000000031 0.98499999999999954 11.500000000000002 -1.0000000180025095e-35 0.69999999999999973 0.93499999999999972 9.4800000000000022 2.2399999999999998 1.5000000000000002 3.444999999999999 1 13.295000000000002 2 3 -0.23556562809103937 4 0.41469324265623908 1.8699999999999999 5.1900000000000013 5 2.5600000000000001 2.9999999999999996 8.5750000000000011 1.4000000000000201 1.3350000000000002 11.514999999999999
decision_type=2 9 2 2 2 2 2 2 2 2 2 2 2 2 9 2 9 1 2 9 2 2 2 9 2 2 2 2 2 2
left_child=1 3 7 -1 -3 17 18 -2 -5 -9 -11 -12 13 -13 22 -15 26 -4 -7 27 24 -16 -8 -14 -21 -10 -17 28 -20 -26
right_child=2 4 5 8 -6 6 14 9 25 10 11 12 23 15 21 16 -18 -19 19 20 -22 -23 -24 -25 29 -27 -28 -29 -30 -31
leaf_value=0 -0.014989940626098642 0 0 0 0 0 0 0 0 0 0 -0.030748017721562028 -0.030516423033546958 -8.0644294459530921e-07 0.033209306824043931 0.0013995792504164052 -0.036568258458874417 0 0.015285634803069237 0 0 0.028421607143650687 -0.057136927052314816 -0.036324870728859461 -0.012879228846514025 0 0.0010313044198436484 0.01838450302786852 -0.00103272400980541 0.0023924386242018649
leaf_weight=92164 1079 11987 5633 8499 23119 37592 12469 2990 72999 30128 11110 600 5031 156 2561 586 121 618 1020 14260 2466 5510 1182 1108 6111 15994 87 3392 1866 362
leaf_count=92164 1079 11987 5633 8499 23119 37592 12469 2990 72999 30128 11110 600 5031 156 2561 586 121 618 1020 14260 2466 5510 1182 1108 6111 15994 87 3392 1866 362
internal_value=0.00173203 0.00462623 -0.00266215 0.00343209 0.0110733 -0.000174134 -0.000848622 -0.00712412 0.00527684 -0.00676464 -0.0073252 -0.00438587 -0.00898036 0.00774194 0.00289338 0.0296842 0.0367758 0.00940649 -0.00206056 -0.000127218 -0.00150157 0.00733201 0.000263524 -0.0132025 -0.00251773 0.00475712 0.0438507 0.00494593 0 -0.00655801
internal_weight=372800 224762 148038 189656 35106 95042 88791 52996 97492 51917 48927 18799 7689 1550 21722 950 794 6251 67069 29477 23199 8071 13651 6139 20733 88993 673 6278 2886 6473
internal_count=372800 224762 148038 189656 35106 95042 88791 52996 97492 51917 48927 18799 7689 1550 21722 950 794 6251 67069 29477 23199 8071 13651 6139 20733 88993 673 6278 2886 6473
cat_boundaries=0 1 2 3 4 5 6
cat_threshold=1 65 1 1 108 1
is_linear=0
shrinkage=0.05


Tree=35
num_leaves=31
num_cat=6
split_feature=1 9 14 14 3 2 1 13 2 2 3 2 1 2 3 0 9 4 9 9 5 2 9 14 2 2 13 4 3 13
split_gain=1902.79 691.847 638.365 273.041 272.054 248.154 152.799 132.613 110.298 105.527 112.191 99.8057 211.084 476.154 98.4057 93.5615 90.8087 77.0556 79.3969 75.0761 71.4305 70.9762 64.1929 60.1444 58.0936 54.8058 50.4006 48.4679 52.1647 61.7064
threshold=1.0000000180025095e-35 0 0.10000000000000499 0.95000000000000295 9.3150000000000031 0.98499999999999954 14.500000000000002 -1.0000000180025095e-35 0.69999999999999973 0.93499999999999972 9.4800000000000022 2.2399999999999998 1.5000000000000002 3.444999999999999 13.295000000000002 1 2 -0.23556562809103937 3 4 0.41469324265623908 2.5600000000000001 5 2.9999999999999996 1.9550000000000003 8.5750000000000011 2.7500000000000004 0.89199273379975252 33.690000000000005 1.7500000000000002
decision_type=2 9 2 2 2 2 2 2 2 2 2 2 2 2 2 1 9 2 9 9 2 2 9 2 2 2 2 2 2 2
left_child=1 3 7 -1 -3 15 17 -2 -5 -9 -11 -12 13 -13 -15 -4 25 26 -19 -8 21 -20 -14 -10 -21 -16 -7 28 -6 -30
right_child=2 4 5 8 27 6 19 9 23 10 11 12 22 14 16 -17 -18 18 20 24 -22 -23 -24 -25 -26 -27 -28 -29 29 -31
leaf_value=0 -0.014240443594793706 0 0 0 0 0 0 0 0 0 0 -0.029210616835483923 -0.02899060188186961 -7.6612079736304575e-07 0.0013296002878955826 0 -0.034739845535930694 0.011445792081110878 0 0.033290711053154232 0 -0.011483210120428917 -0.034508627192416486 0 0.028110214720239668 0.00097973919885147032 0.13399850811715378 0 0 0.097952277840722177
leaf_weight=92164 1079 11987 5633 8499 17167 40301 10786 2990 72999 30128 11110 600 5031 156 586 618 121 6375 15081 2039 2732 6902 1108 15994 4379 87 196 2497 3005 450
leaf_count=92164 1079 11987 5633 8499 17167 40301 10786 2990 72999 30128 11110 600 5031 156 586 618 121 6375 15081 2039 2732 6902 1108 15994 4379 87 196 2497 3005 450
internal_value=0.0017272 0.00462623 -0.00267431 0.00343209 0.0110733 -0.000222533 -0.000900429 -0.00707129 0.00527684 -0.00671071 -0.00726797 -0.00423693 -0.0086162 0.00787097 0.0298947 0.00940649 0.0370277 -0.00191725 -4.50306e-05 0.00333062 -0.00132861 -0.00227676 -0.012779 0.00475712 0.00760734 0.0438507 -0.00335457 0.0142459 0.0134492 0.0078437
internal_weight=372800 224762 148038 189656 35106 95042 88791 52996 97492 51917 48927 18799 7689 1550 950 6251 794 71587 31090 17204 24715 21983 6139 88993 6418 673 40497 23119 20622 3455
internal_count=372800 224762 148038 189656 35106 95042 88791 52996 97492 51917 48927 18799 7689 1550 950 6251 794 71587 31090 17204 24715 21983 6139 88993 6418 673 40497 23119 20622 3455
cat_boundaries=0 1 2 3 4 5 6
cat_threshold=1 1 1 44 65 1
is_linear=0
shrinkage=0.05


Tree=36
num_leaves=31
num_cat=5
split_feature=1 9 14 14 3 2 1 13 2 2 3 2 1 2 2 2 1 0 2 9 4 5 2 3 9 2 14 2 9 11
split_gain=1943.85 691.847 647.974 273.041 272.054 251.255 145.682 130.917 110.298 108.173 98.3404 121.546 155.285 387.154 125.22 98.8603 190.842 93.5615 88.6227 75.6108 73.3949 72.9194 67.2618 79.305 66.9325 61.098 60.1444 56.2499 52.2011 62.1176
threshold=1.0000000180025095e-35 0 0.10000000000000499 0.95000000000000295 9.3150000000000031 0.98499999999999954 11.500000000000002 -1.0000000180025095e-35 0.69999999999999973 0.93499999999999972 9.4800000000000022 2.2399999999999998 2.5000000000000004 3.444999999999999 7.0200000000000005 5.0050000000000017 1.5000000000000002 1 12.615 2 -0.23556562809103937 0.370557437509836 2.5249999999999999 12.385000000000003 3 1.8699999999999999 2.9999999999999996 1.9949999999999994 4 1.0000000180025095e-35
decision_type=2 9 2 2 2 2 2 2 2 2 2 2 2 2 2 2 2 1 2 9 2 2 2 2 9 2 2 2 9 2
left_child=1 3 7 -1 -3 17 20 -2 -5 -9 -11 -12 13 -13 24 16 28 -4 19 -8 -7 22 23 27 -14 -21 -10 -22 29 -15
right_child=2 4 5 8 -6 6 18 9 26 10 11 12 14 15 -16 -17 -18 -19 -20 25 21 -23 -24 -25 -26 -27 -28 -29 -30 -31
leaf_value=0 -0.013528421415054016 0 0 0 0 0 0 0 0 0 0 -0.02775008599370973 -0.027541071787776129 0.0012631202735008064 -0.12917745822758628 0.0027590765617113602 -0.011620209935296688 0 -0.25872460554029458 0.029911651345858228 0 0 -0.0060111687990091539 0 0.014284207721627527 0.026704703984227685 0 0 -0.033002853259134157 0.00074896318946267033
leaf_weight=92164 1079 11987 5633 8499 23119 37592 13408 2990 72999 30128 11110 1020 3500 327 855 598 408 618 390 2561 5497 2897 8535 9440 670 5363 15994 3108 102 209
leaf_count=92164 1079 11987 5633 8499 23119 37592 13408 2990 72999 30128 11110 1020 3500 327 855 598 408 618 390 2561 5497 2897 8535 9440 670 5363 15994 3108 102 209
internal_value=0.00169608 0.00462623 -0.00275267 0.00343209 0.0110733 -0.000282507 -0.000964625 -0.00718262 0.00527684 -0.00682435 -0.00738856 -0.00455077 -0.00938353 0.000375375 -0.0145572 0.0153893 0.00611855 0.00940649 0.00259414 0.00302597 -0.00211722 -0.000249347 -0.00107035 0.000659462 -0.0109832 0.00689438 0.00475712 -0.00281232 0.0231975 0.0291209
internal_weight=372800 224762 148038 189656 35106 95042 88791 52996 97492 51917 48927 18799 7689 2664 5025 1644 1046 6251 21722 21332 67069 29477 26580 18045 4170 7924 88993 8605 638 536
internal_count=372800 224762 148038 189656 35106 95042 88791 52996 97492 51917 48927 18799 7689 2664 5025 1644 1046 6251 21722 21332 67069 29477 26580 18045 4170 7924 88993 8605 638 536
cat_boundaries=0 1 2 3 4 5
cat_threshold=1 1 65 3 1
is_linear=0
shrinkage=0.05


Tree=37
num_leaves=31
num_cat=6
split_feature=1 9 14 14 3 2 1 13 2 2 3 2 1 2 2 2 1 0 4 2 5 9 9 14 9 9 11 2 3 14
split_gain=1954.9 691.847 632.011 273.041 272.054 253.936 125.335 124.476 110.298 107.587 101.314 116.572 148.78 379.715 129.255 95.0067 190.842 93.5615 76.2615 75.7364 71.6768 69.5902 63.889 60.1444 54.4674 52.2011 62.1176 51.7978 50.5739 48.5412
threshold=1.0000000180025095e-35 0 0.10000000000000499 0.95000000000000295 9.3150000000000031 0.98499999999999954 11.500000000000002 -1.0000000180025095e-35 0.69999999999999973 0.93499999999999972 9.4800000000000022 2.2399999999999998 2.5000000000000004 3.444999999999999 7.0200000000000005 5.0050000000000017 1.5000000000000002 1 -0.23556562809103937 13.365 0.370557437509836 2 3 2.9999999999999996 4 5 1.0000000180025095e-35 2.5600000000000001 39.485000000000007 1.4000000000000201
decision_type=2 9 2 2 2 2 2 2 2 2 2 2 2 2 2 2 2 1 2 2 2 9 9 2 9 9 2 2 2 2
left_child=1 3 7 -1 -3 17 18 -2 -5 -9 -11 -12 13 -13 22 16 25 -4 -7 24 21 27 -14 -10 -8 26 -15 -20 -26 -23
right_child=2 4 5 8 -6 6 19 9 23 10 11 12 14 15 -16 -17 -18 -19 20 -21 -22 29 -24 -25 28 -27 -28 -29 -30 -31
leaf_value=0 -0.012852000344301319 0 0 0 0 0 0 0 0 0 0 -0.02636258169402424 -0.026164018198387318 0.0011999642598257698 -0.12271858531620697 0.0026211227336257917 -0.011039199438531856 0 0 -0.28712374970560334 0 -0.0012090089942802563 0.01356999733554615 0 0.024259780851244785 -0.031352710596177454 0.00071151502998954017 -0.010608491174457009 0.13492796738624019 0.016234221810123153
leaf_weight=92164 1079 11987 5633 8499 23119 37592 13470 2990 72999 30128 11110 1020 3500 327 855 598 408 618 14178 305 2897 2764 670 15994 7592 102 209 6405 355 3233
leaf_count=92164 1079 11987 5633 8499 23119 37592 13470 2990 72999 30128 11110 1020 3500 327 855 598 408 618 14178 305 2897 2764 670 15994 7592 102 209 6405 355 3233
internal_value=0.00168777 0.00462623 -0.00277361 0.00343209 0.0110733 -0.000334063 -0.00101981 -0.00714865 0.00527684 -0.00679931 -0.00736199 -0.00448162 -0.00921446 0.000337838 -0.0142786 0.0152068 0.00611855 0.00940649 -0.00208889 0.0022811 -0.00018489 -0.000998871 -0.0106475 0.00475712 0.00263342 0.0231975 0.0291209 -0.00237945 0.00591303 0.00373731
internal_weight=372800 224762 148038 189656 35106 95042 88791 52996 97492 51917 48927 18799 7689 2664 5025 1644 1046 6251 67069 21722 29477 26580 4170 88993 21417 638 536 20583 7947 5997
internal_count=372800 224762 148038 189656 35106 95042 88791 52996 97492 51917 48927 18799 7689 2664 5025 1644 1046 6251 67069 21722 29477 26580 4170 88993 21417 638 536 20583 7947 5997
cat_boundaries=0 1 2 3 4 5 6
cat_threshold=1 1 131 3 65 1
is_linear=0
shrinkage=0.05


Tree=38
num_leaves=31
num_cat=4
split_feature=1 9 14 14 3 2 13 1 2 2 2 0 3 2 1 2 2 2 3 9 4 5 9 13 14 14 12 4 3 13
split_gain=1981.04 691.847 635.76 273.041 272.054 256.135 120.835 118.903 173.403 110.298 109.168 93.5615 93.4093 130.201 90.6185 292.134 95.3235 77.7961 66.5332 62.6062 60.9735 74.4146 65.0697 60.3933 60.1444 56.7838 53.1407 48.4679 52.1647 61.7064
threshold=1.0000000180025095e-35 0 0.10000000000000499 0.95000000000000295 9.3150000000000031 0.98499999999999954 -1.0000000180025095e-35 6.5000000000000009 13.365 0.69999999999999973 0.93499999999999972 1 9.4800000000000022 2.2399999999999998 2.5000000000000004 3.444999999999999 7.0200000000000005 4.7150000000000007 10.995000000000003 2 0.067579801487134231 0.41469324265623908 3 0.75000000000000011 2.9999999999999996 1.9500000000000031 1.0000000180025095e-35 0.89199273379975252 33.690000000000005 1.7500000000000002
decision_type=2 9 2 2 2 2 2 2 2 2 2 1 2 2 2 2 2 2 2 9 2 2 9 2 2 2 2 2 2 2
left_child=1 3 6 -1 -3 11 -2 20 17 -5 -8 -4 -12 -14 15 -15 19 23 -17 -16 -7 22 25 -9 -11 -22 -19 28 -6 -30
right_child=2 4 5 9 27 7 10 8 -10 24 12 -13 13 14 16 18 -18 26 -20 -21 21 -23 -24 -25 -26 -27 -28 -29 29 -31
leaf_value=0 -0.012209400327086251 0 0 0 0 0 0 0 -0.27173899848024891 0 0 0 0 -0.025044452609323031 -0.024855817288467953 -0.0035751026414387157 -0.11658265605039662 -0.051822666990094246 0.0011399660468344841 0.012891497468768843 -0.0014929269636566706 0.00064244433137383608 0 0.055842181600878393 0 0.020811889129859873 -0.0020055295670628726 0 0 0.093054663948686056
leaf_weight=92164 1079 11987 5633 8499 17167 33847 2990 30175 495 72999 30128 618 11110 1020 3500 129 855 1346 1515 670 1526 1225 15474 656 15994 1688 2359 2497 3005 450
leaf_count=92164 1079 11987 5633 8499 17167 33847 2990 30175 495 72999 30128 618 11110 1020 3500 129 855 1346 1515 670 1526 1225 15474 656 15994 1688 2359 2497 3005 450
internal_value=0.00166819 0.00462623 -0.00282292 0.00343209 0.0110733 -0.000376149 -0.00721092 -0.00106486 0.00120179 0.00527684 -0.00686673 0.00940649 -0.00743352 -0.0046678 -0.00966966 -0.00221471 -0.0136219 0.00162294 0.0108273 -0.0105036 -0.00254185 -0.000346507 -0.00112907 0.00244559 0.00475712 0.00533499 -0.00522267 0.0142459 0.0134492 0.0078437
internal_weight=372800 224762 148038 189656 35106 95042 52996 88791 35031 97492 51917 6251 48927 18799 7689 2664 5025 34536 1644 4170 53760 19913 18688 30831 88993 3214 3705 23119 20622 3455
internal_count=372800 224762 148038 189656 35106 95042 52996 88791 35031 97492 51917 6251 48927 18799 7689 2664 5025 34536 1644 4170 53760 19913 18688 30831 88993 3214 3705 23119 20622 3455
cat_boundaries=0 1 2 3 4
cat_threshold=1 1 3 100
is_linear=0
shrinkage=0.05


Tree=39
num_leaves=31
num_cat=4
split_feature=1 9 14 14 3 2 1 2 2 2 3 0 3 2 1 2 2 14 9 9 14 3 2 7 15 1 1 2 13 1
split_gain=2009.53 691.847 587.355 273.041 272.054 263.962 134.709 162.873 114.44 110.298 102.878 93.5615 70.3504 169.733 70.2658 325.259 97.6703 62.0543 75.7627 60.9313 60.1444 59.858 57.5118 55.9528 69.3906 68.3141 62.4189 81.8089 55.4234 50.2275
threshold=1.0000000180025095e-35 0 0.10000000000000499 0.95000000000000295 9.3150000000000031 0.98499999999999954 6.5000000000000009 5.1900000000000013 0.93499999999999972 0.69999999999999973 11.415000000000001 1 9.4800000000000022 2.2399999999999998 2.5000000000000004 3.444999999999999 5.535000000000001 1.7000000000000013 2 3 2.9999999999999996 10.995000000000003 8.5750000000000011 1.0000000180025095e-35 1.0000000180025095e-35 1.5000000000000002 1.5000000000000002 5.3250000000000002 0.75000000000000011 1.5000000000000002
decision_type=2 9 2 2 2 2 2 2 2 2 2 1 2 2 2 2 2 2 9 9 2 2 2 2 2 2 2 2 2 2
left_child=1 3 8 -1 -3 11 17 28 -2 -5 -9 -4 -10 -14 15 -15 19 -7 -19 -16 -11 -17 -12 24 -23 -26 -25 -28 -8 -20
right_child=2 4 5 9 -6 6 7 10 12 20 22 -13 13 14 16 21 -18 18 29 -21 -22 23 -24 26 25 -27 27 -29 -30 -31
leaf_value=0 0 0 0 0 0 0 0 0.011933013165823479 0 0 -0.029384108005026166 0 0 -0.023792229978856879 -0.023613026424044555 -0.0033963475093667819 -0.087947828583770427 0.010540188214947755 0 0.012359470286050861 0 -2.2461085582925479e-05 -0.17916792824579941 0.001922302172714452 0.0011415550964856359 -0.0081692377689469697 -0.01120393038754618 0.012554246458275209 0.058085517351034677 0
leaf_weight=92164 2990 11987 5633 8499 23119 31701 31336 320 30226 72999 1475 618 11167 1179 3387 129 1565 4006 5389 707 15994 799 1217 256 281 100 115 95 683 12664
leaf_count=92164 2990 11987 5633 8499 23119 31701 31336 320 30226 72999 1475 618 11167 1179 3387 129 1565 4006 5389 707 15994 799 1217 256 281 100 115 95 683 12664
internal_value=0.001647 0.00462623 -0.00287629 0.00343209 0.0110733 -0.000524505 -0.00122366 0.00118895 -0.00709393 0.00527684 -0.00992696 0.00940649 -0.00766208 -0.00534378 -0.0106177 -0.00436696 -0.0138805 -0.00279576 -0.000759327 -0.00981925 0.00475712 0.00915493 -0.0131129 0.0117254 0.0059322 0.0234908 0.0263948 0.00619048 0.00223461 -0.00213973
internal_weight=372800 224762 148038 189656 35106 95042 88791 35031 52996 97492 3012 6251 50006 19780 8613 2954 5659 53760 22059 4094 88993 1775 2692 1646 1180 381 466 210 32019 18053
internal_count=372800 224762 148038 189656 35106 95042 88791 35031 52996 97492 3012 6251 50006 19780 8613 2954 5659 53760 22059 4094 88993 1775 2692 1646 1180 381 466 210 32019 18053
cat_boundaries=0 1 2 3 4
cat_threshold=1 1 96 1
is_linear=0
shrinkage=0.05


Tree=40
num_leaves=31
num_cat=4
split_feature=1 9 14 14 3 2 1 2 2 2 0 3 2 1 2 2 2 14 9 9 3 14 7 15 1 1 2 14 1 2
split_gain=2004.46 691.847 588.412 273.041 272.054 263.348 138.451 156.512 114.304 110.298 93.5615 70.9079 168.47 71.774 328.513 97.6703 62.8464 61.2424 73.2981 60.9313 60.4765 60.1444 59.5288 69.3906 68.3141 57.664 83.0272 57.0326 50.2275 234.827
threshold=1.0000000180025095e-35 0 0.10000000000000499 0.95000000000000295 9.3150000000000031 0.98499999999999954 6.5000000000000009 12.615 0.93499999999999972 0.69999999999999973 1 9.4800000000000022 2.2399999999999998 2.5000000000000004 3.444999999999999 5.535000000000001 4.7150000000000007 1.7000000000000013 2 3 10.995000000000003 2.9999999999999996 1.0000000180025095e-35 1.0000000180025095e-35 1.5000000000000002 1.5000000000000002 5.0050000000000017 6.5500000000000016 1.5000000000000002 8.0300000000000029
decision_type=2 9 2 2 2 2 2 2 2 2 1 2 2 2 2 2 2 2 9 9 2 2 2 2 2 2 2 2 2 2
left_child=1 3 8 -1 -3 10 17 16 -2 -5 -4 -10 -13 14 -14 19 27 -7 -19 -15 -16 -11 23 -22 -25 -24 -27 -8 29 -20
right_child=2 4 5 9 -6 6 7 -9 11 21 -12 12 13 15 20 -17 -18 18 28 -21 22 -23 25 24 -26 26 -28 -29 -30 -31
leaf_value=0 0 0 0 0 0 0 0 -0.21256796316699966 0 0 0 0 -0.022602618479914034 -0.022432375102842329 -0.0032265301338984423 -0.083550437154581908 -0.023952084518551953 0.010013178804200369 0 0.011741496771748319 -2.1338031303780316e-05 0 0.0018261870640787327 0.0010844773416613495 -0.0077607758804996152 -0.010643733868168871 0.011926534135361445 0.20399041400583121 0 0.004499949842764495
leaf_weight=92164 2990 11987 5633 8499 23119 31701 30605 609 30226 72999 618 11167 1179 3387 129 1565 3591 4006 5005 707 799 15994 256 281 100 111 99 226 12664 384
leaf_count=92164 2990 11987 5633 8499 23119 31701 30605 609 30226 72999 618 11167 1179 3387 129 1565 3591 4006 5005 707 799 15994 256 281 100 111 99 226 12664 384
internal_value=0.00165075 0.00462623 -0.00286683 0.00343209 0.0110733 -0.000512931 -0.00121127 0.00123462 -0.00708827 0.00527684 0.00940649 -0.00765608 -0.00532861 -0.0105828 -0.0042654 -0.0138805 0.00167916 -0.00280506 -0.000781994 -0.00981925 0.00932394 0.00475712 0.0119077 0.0059322 0.0234908 0.0270386 0.00761905 0.00240829 -0.00213973 0.00190202
internal_weight=372800 224762 148038 189656 35106 95042 88791 35031 52996 97492 6251 50006 19780 8613 2954 5659 34422 53760 22059 4094 1775 88993 1646 1180 381 466 210 30831 18053 5389
internal_count=372800 224762 148038 189656 35106 95042 88791 35031 52996 97492 6251 50006 19780 8613 2954 5659 34422 53760 22059 4094 1775 88993 1646 1180 381 466 210 30831 18053 5389
cat_boundaries=0 1 2 3 4
cat_threshold=1 1 96 1
is_linear=0
shrinkage=0.05


Tree=41
num_leaves=31
num_cat=4
split_feature=1 9 14 14 3 2 1 2 2 2 3 0 3 2 1 2 2 13 14 9 14 3 1 2 2 9 2 7 15 1
split_gain=1978.89 691.847 559.025 273.041 272.054 263.962 142.468 138.616 110.609 110.298 102.939 93.5615 86.998 135.765 114.294 208.019 96.9465 84.8657 60.6303 60.2695 60.1444 59.858 57.9939 91.3112 88.9963 62.3897 56.6948 55.9528 69.3906 68.3141
threshold=1.0000000180025095e-35 0 0.10000000000000499 0.95000000000000295 9.3150000000000031 0.98499999999999954 6.5000000000000009 5.1900000000000013 0.93499999999999972 0.69999999999999973 11.415000000000001 1 9.4800000000000022 2.2399999999999998 2.5000000000000004 3.444999999999999 5.535000000000001 -1.0000000180025095e-35 3.8500000000000054 2 2.9999999999999996 10.995000000000003 1.5000000000000002 8.8650000000000038 4.9799999999999978 3 8.5750000000000011 1.0000000180025095e-35 1.0000000180025095e-35 1.5000000000000002
decision_type=2 9 2 2 2 2 2 2 2 2 2 1 2 2 2 2 2 2 2 9 2 2 2 2 2 9 2 2 2 2
left_child=1 3 8 -1 -3 11 18 -8 -2 -5 -9 -4 -10 -14 15 17 19 -15 -7 -16 -11 -17 23 -20 25 -24 -12 28 -23 -30
right_child=2 4 5 9 -6 6 7 10 12 20 26 -13 13 14 16 21 -18 -19 22 -21 -22 27 24 -25 -26 -27 -28 -29 29 -31
leaf_value=0 0 0 0 0 0 0 0 0.012533966733459901 0 0 -0.026717298378847266 0 0 4.5525055179274082e-05 -0.021310756347700213 -0.0030652036272035225 -0.079372915296852808 -0.021472487555918331 0.0027290005584875601 0.011154421933160902 0 -2.0271129738591577e-05 -0.0013890310585207672 0.0050385357241620639 -0.029769180033909215 0.038147463031493314 -0.16681579087809473 0.0020463295997893648 0.00103025347457828 -0.0073727370864746346
leaf_weight=92164 2990 11987 5633 8499 23119 48058 32019 320 30226 72999 1475 618 11167 159 3387 129 1565 1020 1330 707 15994 799 1577 221 1576 998 1217 466 281 100
leaf_count=92164 2990 11987 5633 8499 23119 48058 32019 320 30226 72999 1475 618 11167 159 3387 129 1565 1020 1330 707 15994 799 1577 221 1576 998 1217 466 281 100
internal_value=0.0016698 0.00462623 -0.00281887 0.00343209 0.0110733 -0.000524505 -0.00122366 0.00125746 -0.00693354 0.00527684 -0.00899734 0.00940649 -0.0074921 -0.00491405 -0.00963079 -0.00165877 -0.0137922 -0.0179389 -0.0028404 -0.00974597 0.00475712 0.00915493 0.00203437 0.0102837 -0.00104794 0.00467961 -0.0121842 0.0117254 0.0059322 0.0234908
internal_weight=372800 224762 148038 189656 35106 95042 88791 35031 52996 97492 3012 6251 50006 19780 8613 2954 5659 1179 53760 4094 88993 1775 5702 1551 4151 2575 2692 1646 1180 381
internal_count=372800 224762 148038 189656 35106 95042 88791 35031 52996 97492 3012 6251 50006 19780 8613 2954 5659 1179 53760 4094 88993 1775 5702 1551 4151 2575 2692 1646 1180 381
cat_boundaries=0 1 2 3 4
cat_threshold=1 1 1 131
is_linear=0
shrinkage=0.05


Tree=42
num_leaves=31
num_cat=3
split_feature=1 9 14 14 3 2 1 2 2 2 3 2 0 1 2 13 2 14 3 14 2 9 7 15 1 1 2 12 1 2
split_gain=1950.98 691.847 537.659 273.041 272.054 263.515 145.713 130.155 110.298 107.504 102.034 110.636 93.5615 93.0515 208.885 84.8657 61.3202 60.1444 60.0638 58.6961 58.5498 57.443 55.4903 70.8024 65.5044 62.4189 81.8089 52.5416 49.285 53.4093
threshold=1.0000000180025095e-35 0 0.10000000000000499 0.95000000000000295 9.3150000000000031 0.98499999999999954 6.5000000000000009 13.040000000000001 0.69999999999999973 0.93499999999999972 9.4800000000000022 2.2399999999999998 1 2.5000000000000004 3.444999999999999 -1.0000000180025095e-35 4.7150000000000007 2.9999999999999996 10.995000000000003 3.8500000000000054 5.535000000000001 2 1.0000000180025095e-35 1.0000000180025095e-35 1.5000000000000002 1.5000000000000002 5.3250000000000002 1.0000000180025095e-35 3.5000000000000004 7.9899999999999958
decision_type=2 9 2 2 2 2 2 2 2 2 2 2 1 2 2 2 2 2 2 2 2 9 2 2 2 2 2 2 2 2
left_child=1 3 9 -1 -3 12 19 16 -5 -2 -11 -12 -4 14 15 -13 -8 -10 -16 -7 21 -15 23 -20 -25 -24 -27 -18 29 -22
right_child=2 4 5 8 -6 6 7 -9 17 10 11 13 -14 20 18 -17 27 -19 22 -21 28 -23 25 24 -26 26 -28 -29 -30 -31
leaf_value=0 0 0 0 0 0 0 0 -0.22759478727186197 0 0 0 4.3248802420314815e-05 0 -0.020245218530315204 -0.0029119434458433459 -0.020398863178122412 -0.045857414724944895 0 -1.9257573251663107e-05 0.00082385799440527145 -0.023866211513731517 0.010596700836502857 0.0016325612308853211 0.00097874080084936477 -0.007004100232150901 -0.0102138636547499 0.011227890948603903 0.00087527356953188409 -0.09820996419611655 0.0035977487568535473
leaf_weight=92164 2990 11987 5633 8499 23119 48058 30831 503 72999 30226 11167 159 618 3387 129 1020 1345 15994 799 5702 111 707 256 281 100 115 95 2352 1312 142
leaf_count=92164 2990 11987 5633 8499 23119 48058 30831 503 72999 30226 11167 159 618 3387 129 1020 1345 15994 799 5702 111 707 256 281 100 115 95 2352 1312 142
internal_value=0.00169072 0.00462623 -0.00276618 0.00343209 0.0110733 -0.000516088 -0.00121465 0.00129457 0.00527684 -0.00680146 -0.00735212 -0.00456016 0.00940649 -0.00881807 -0.00162492 -0.0179389 0.00166242 0.00475712 0.00921127 -0.0028497 -0.0125729 -0.00942843 0.0117861 0.00601695 0.0237533 0.0263948 0.00619048 -0.0044225 -0.0207987 -0.000592885
internal_weight=372800 224762 148038 189656 35106 95042 88791 35031 97492 52996 50006 19780 6251 8613 2954 1179 34528 88993 1775 53760 5659 4094 1646 1180 381 466 210 3697 1565 253
internal_count=372800 224762 148038 189656 35106 95042 88791 35031 97492 52996 50006 19780 6251 8613 2954 1179 34528 88993 1775 53760 5659 4094 1646 1180 381 466 210 3697 1565 253
cat_boundaries=0 1 2 3
cat_threshold=1 1 1
is_linear=0
shrinkage=0.05


Tree=43
num_leaves=31
num_cat=3
split_feature=1 9 14 14 3 2 1 2 2 2 3 2 0 1 2 13 3 14 7 15 1 1 2 14 13 2 2 9 1 2
split_gain=1943.5 691.847 533.903 273.041 272.054 263.18 147.921 124.618 110.298 106.844 105.412 105.585 93.5615 90.3178 210.623 84.8657 60.4765 60.1444 57.8523 70.8024 65.5044 59.228 80.3853 57.5506 54.7765 52.2866 50.3075 57.443 51.0325 49.3713
threshold=1.0000000180025095e-35 0 0.10000000000000499 0.95000000000000295 9.3150000000000031 0.98499999999999954 6.5000000000000009 12.615 0.69999999999999973 0.93499999999999972 9.4800000000000022 2.2399999999999998 1 2.5000000000000004 3.444999999999999 -1.0000000180025095e-35 10.995000000000003 2.9999999999999996 1.0000000180025095e-35 1.0000000180025095e-35 1.5000000000000002 1.5000000000000002 5.0050000000000017 3.8500000000000054 0.75000000000000011 4.7150000000000007 5.535000000000001 2 3.5000000000000004 7.7200000000000033
decision_type=2 9 2 2 2 2 2 2 2 2 2 2 1 2 2 2 2 2 2 2 2 2 2 2 2 2 2 9 2 2
left_child=1 3 9 -1 -3 12 23 24 -5 -2 -11 -12 -4 14 15 -13 -16 -10 19 -18 -21 -20 -23 -7 25 -8 27 -15 29 -28
right_child=2 4 5 8 -6 6 7 -9 17 10 11 13 -14 26 16 -17 18 -19 21 20 -22 22 -24 -25 -26 -27 28 -29 -30 -31
leaf_value=0 0 0 0 0 0 0 0 -0.18221903610115187 0 0 0 4.1086362299302964e-05 0 -0.019232957603799439 -0.0027663462735511794 -0.019378920019216289 -1.8294694589082727e-05 0 0.0015509331693410512 0.000929803760806891 -0.0066538952205433604 -0.0097031704720124019 0.010666496401173698 0.00078266509468500787 0.050277600319598548 -0.021276093095506224 -0.02267290093804495 0.010066865794677714 -0.093299465986310726 0.0034178613190108732
leaf_weight=92164 2990 11987 5633 8499 23119 48058 30175 609 72999 30226 11167 159 618 3387 129 1020 799 15994 256 281 100 111 99 5702 695 3552 108 707 1312 145
leaf_count=92164 2990 11987 5633 8499 23119 48058 30175 609 72999 30226 11167 159 618 3387 129 1020 799 15994 256 281 100 111 99 5702 695 3552 108 707 1312 145
internal_value=0.00169635 0.00462623 -0.002752 0.00343209 0.0110733 -0.000509775 -0.00120789 0.00132026 0.00527684 -0.00677315 -0.00732212 -0.00448433 0.00940649 -0.00864391 -0.00155721 -0.0179389 0.00932394 0.00475712 0.0119077 0.00601695 0.0237533 0.026824 0.00714286 -0.00285528 0.00171693 0.0014306 -0.0123432 -0.00942843 -0.0199681 0.000592885
internal_weight=372800 224762 148038 189656 35106 95042 88791 35031 97492 52996 50006 19780 6251 8613 2954 1179 1775 88993 1646 1180 381 466 210 53760 34422 33727 5659 4094 1565 253
internal_count=372800 224762 148038 189656 35106 95042 88791 35031 97492 52996 50006 19780 6251 8613 2954 1179 1775 88993 1646 1180 381 466 210 53760 34422 33727 5659 4094 1565 253
cat_boundaries=0 1 2 3
cat_threshold=1 1 1
is_linear=0
shrinkage=0.05


Tree=44
num_leaves=31
num_cat=5
split_feature=1 9 14 14 3 2 1 2 2 2 3 2 0 1 2 13 14 3 14 9 9 13 7 15 1 1 2 2 9 2
split_gain=1937.45 691.847 533.946 273.041 272.054 262.566 151.503 123.272 110.298 106.58 106.778 103.598 93.5615 86.0062 208.019 84.8657 60.1444 59.858 56.3279 72.485 55.7943 65.344 54.3277 70.8024 65.5044 64.0457 79.0851 51.5707 55.7373 49.8845
threshold=1.0000000180025095e-35 0 0.10000000000000499 0.95000000000000295 9.3150000000000031 0.98499999999999954 6.5000000000000009 12.615 0.69999999999999973 0.93499999999999972 9.4800000000000022 2.2399999999999998 1 2.5000000000000004 3.444999999999999 -1.0000000180025095e-35 2.9999999999999996 10.995000000000003 1.7000000000000013 2 3 1.0000000180025095e-35 1.0000000180025095e-35 1.0000000180025095e-35 1.5000000000000002 1.5000000000000002 5.3250000000000002 5.535000000000001 4 4.7150000000000007
decision_type=2 9 2 2 2 2 2 2 2 2 2 2 1 2 2 2 2 2 2 9 9 2 2 2 2 2 2 2 9 2
left_child=1 3 9 -1 -3 12 18 20 -5 -2 -11 -12 -4 14 15 -13 -10 -16 -7 -20 29 -22 23 -19 -25 -24 -27 28 -15 -8
right_child=2 4 5 8 -6 6 7 -9 16 10 11 13 -14 27 17 -17 -18 22 19 -21 21 -23 25 24 -26 26 -28 -29 -30 -31
leaf_value=0 0 0 0 0 0 0 0 -0.17310808429609426 0 0 0 3.9032044184339477e-05 0 -0.01827130972360947 -0.0026280289598736187 -0.018409974018255476 0 -1.7379959859631367e-05 0.0091310794049939831 0 0.010538217373768245 0.056019270703260619 0.0014733865108739975 0.00088331357276654203 -0.0063212004595161967 -0.0092180119484117865 0.010133171581115021 -0.065828798022888796 0.0095635225049438277 -0.035444319471700195
leaf_weight=92164 2990 11987 5633 8499 23119 31701 19616 609 72999 30226 11167 159 618 3387 129 1020 15994 799 4006 18053 12064 472 256 281 100 115 95 1565 707 2270
leaf_count=92164 2990 11987 5633 8499 23119 31701 19616 609 72999 30226 11167 159 618 3387 129 1020 15994 799 4006 18053 12064 472 256 281 100 115 95 1565 707 2270
internal_value=0.00170091 0.00462623 -0.00274051 0.00343209 0.0110733 -0.000498201 -0.0011955 0.00136308 0.00527684 -0.00676183 -0.00731012 -0.00445399 0.00940649 -0.00857425 -0.00165877 -0.0179389 0.00475712 0.00915493 -0.00286272 -0.000922526 0.0017576 0.00441575 0.0117254 0.00601695 0.0237533 0.0261803 0.00571429 -0.0121841 -0.00923302 0.000232919
internal_weight=372800 224762 148038 189656 35106 95042 88791 35031 97492 52996 50006 19780 6251 8613 2954 1179 88993 1775 53760 22059 34422 12536 1646 1180 381 466 210 5659 4094 21886
internal_count=372800 224762 148038 189656 35106 95042 88791 35031 97492 52996 50006 19780 6251 8613 2954 1179 88993 1775 53760 22059 34422 12536 1646 1180 381 466 210 5659 4094 21886
cat_boundaries=0 1 2 3 4 5
cat_threshold=1 1 96 65 1
is_linear=0
shrinkage=0.05


Tree=45
num_leaves=31
num_cat=3
split_feature=1 9 14 14 3 2 1 2 2 2 3 2 0 1 2 13 3 14 7 15 1 1 2 13 14 9 2 3 4 3
split_gain=1953.12 691.847 513.23 273.041 272.054 266.485 144.691 117.476 110.298 105.443 112.802 95.2053 93.5615 81.0959 210.623 84.8657 60.4765 60.1444 57.8523 70.8024 65.5044 59.228 80.3853 53.0913 52.9649 62.184 52.0568 51.8544 48.4679 52.1647
threshold=1.0000000180025095e-35 0 0.10000000000000499 0.95000000000000295 9.3150000000000031 0.98499999999999954 6.5000000000000009 13.040000000000001 0.69999999999999973 0.93499999999999972 9.4800000000000022 2.2399999999999998 1 2.5000000000000004 3.444999999999999 -1.0000000180025095e-35 10.995000000000003 2.9999999999999996 1.0000000180025095e-35 1.0000000180025095e-35 1.5000000000000002 1.5000000000000002 5.0050000000000017 2.7500000000000004 1.7000000000000013 2 4.7150000000000007 9.4800000000000022 0.89199273379975252 33.690000000000005
decision_type=2 9 2 2 2 2 2 2 2 2 2 2 1 2 2 2 2 2 2 2 2 2 2 2 2 9 2 2 2 2
left_child=1 3 9 -1 -3 12 24 23 -5 -2 -11 -12 -4 14 15 -13 -16 -10 19 -18 -21 -20 -23 26 -7 -26 -8 -28 29 -6
right_child=2 4 5 8 28 6 7 -9 17 10 11 13 -14 -15 16 -17 18 -19 21 20 -22 22 -24 -25 25 -27 27 -29 -30 -31
leaf_value=0 0 0 0 0 0 0 0 -0.19844869188840653 0 0 0 3.7080441975123618e-05 0 -0.017439339960680877 -0.0024966275118799399 -0.017489475317342702 -1.6510961866650354e-05 0 0.001399717185330296 0.00083914789412821162 -0.0060051404365403906 -0.0087571113509911976 0.0096265130020592796 0.31367702884723958 0.0086745254347442829 0 0.014699525346670631 -0.025834723687046438 0 0
leaf_weight=92164 2990 11987 5633 8499 17167 31701 30734 503 72999 30226 11167 159 618 5659 129 1020 799 15994 256 281 100 111 99 116 4006 18053 249 3429 2497 3455
leaf_count=92164 2990 11987 5633 8499 17167 31701 30734 503 72999 30226 11167 159 618 5659 129 1020 799 15994 256 281 100 111 99 116 4006 18053 249 3429 2497 3455
internal_value=0.00168911 0.00462623 -0.00277023 0.00343209 0.0110733 -0.000571852 -0.00127434 0.00122606 0.00527684 -0.00671277 -0.00725813 -0.00432255 0.00940649 -0.00827238 -0.00155721 -0.0179389 0.00932394 0.00475712 0.0119077 0.00601695 0.0237533 0.026824 0.00714286 0.00157553 -0.00290365 -0.00102226 0.0014617 -0.00415987 0.0142459 0.0134492
internal_weight=372800 224762 148038 189656 35106 95042 88791 35031 97492 52996 50006 19780 6251 8613 2954 1179 1775 88993 1646 1180 381 466 210 34528 53760 22059 34412 3678 23119 20622
internal_count=372800 224762 148038 189656 35106 95042 88791 35031 97492 52996 50006 19780 6251 8613 2954 1179 1775 88993 1646 1180 381 466 210 34528 53760 22059 34412 3678 23119 20622
cat_boundaries=0 1 2 3
cat_threshold=1 1 96
is_linear=0
shrinkage=0.05


Tree=46
num_leaves=31
num_cat=3
split_feature=1 9 14 14 3 2 1 2 2 3 2 2 0 1 2 13 14 3 7 15 1 1 2 14 9 2 1 4 3 13
split_gain=1934.61 691.847 501.806 273.041 272.054 265.924 148.701 114.055 110.298 107.872 96.6263 95.6823 93.5615 67.4894 208.019 84.8657 60.1444 59.858 54.3277 70.8024 65.5044 64.0457 79.0851 52.0657 59.5115 50.9885 109.291 48.4679 52.1647 61.7064
threshold=1.0000000180025095e-35 0 0.10000000000000499 0.95000000000000295 9.3150000000000031 0.98499999999999954 6.5000000000000009 13.040000000000001 0.69999999999999973 9.4800000000000022 0.87999999999999956 2.2399999999999998 1 2.5000000000000004 3.444999999999999 -1.0000000180025095e-35 2.9999999999999996 10.995000000000003 1.0000000180025095e-35 1.0000000180025095e-35 1.5000000000000002 1.5000000000000002 5.3250000000000002 1.7000000000000013 2 9.8250000000000028 3.5000000000000004 0.89199273379975252 33.690000000000005 1.7500000000000002
decision_type=2 9 2 2 2 2 2 2 2 2 2 2 1 2 2 2 2 2 2 2 2 2 2 2 9 2 2 2 2 2
left_child=1 3 9 -1 -3 12 23 -8 -5 10 -2 -11 -4 14 15 -13 -10 -16 19 -19 -21 -20 -23 -7 -25 -15 -27 28 -6 -30
right_child=2 4 5 8 27 6 7 -9 16 11 -12 13 -14 25 17 -17 -18 18 21 20 -22 22 -24 24 -26 26 -28 -29 29 -31
leaf_value=0 0 0 0 0 0 0 0 -0.1885262572939862 0 0 0 3.5226419876366326e-05 0 -0.016485777239394952 -0.002371796136285942 -0.016615001551475567 0 -1.5685413773319779e-05 0.0013297313260637767 0.00079719049942179605 -0.0057048834147133687 -0.0083192557834416373 0.0091451873519563086 0.0082407991630070714 0 0.011977436115638241 -0.17129398413066446 0 0 0.088401930751251759
leaf_weight=92164 2381 11987 5633 8499 17167 31701 34528 503 72999 11770 30232 159 618 5030 129 1020 15994 799 256 281 100 115 95 4006 18053 88 541 2497 3005 450
leaf_count=92164 2381 11987 5633 8499 17167 31701 34528 503 72999 11770 30232 159 618 5030 129 1020 15994 799 256 281 100 115 95 4006 18053 88 541 2497 3005 450
internal_value=0.00170306 0.00462623 -0.00273511 0.00343209 0.0110733 -0.000561331 -0.00126308 0.00127173 0.00527684 -0.00663352 -0.00841689 -0.00378011 0.00940649 -0.00778474 -0.00165877 -0.0179389 0.00475712 0.00915493 0.0117254 0.00601695 0.0237533 0.0261803 0.00571429 -0.00291481 -0.00104946 -0.0109825 -0.0244038 0.0142459 0.0134492 0.0078437
internal_weight=372800 224762 148038 189656 35106 95042 88791 35031 97492 52996 32613 20383 6251 8613 2954 1179 88993 1775 1646 1180 381 466 210 53760 22059 5659 629 23119 20622 3455
internal_count=372800 224762 148038 189656 35106 95042 88791 35031 97492 52996 32613 20383 6251 8613 2954 1179 88993 1775 1646 1180 381 466 210 53760 22059 5659 629 23119 20622 3455
cat_boundaries=0 1 2 3
cat_threshold=1 1 96
is_linear=0
shrinkage=0.05


Tree=47
num_leaves=31
num_cat=3
split_feature=1 9 14 14 3 2 1 2 3 2 2 0 2 1 2 13 14 3 7 15 1 1 2 2 1 14 9 4 3 13
split_gain=1931.77 691.847 499.314 273.041 272.054 265.924 150.38 110.298 109.706 104.796 96.6263 93.5615 93.1365 65.4584 208.019 84.8657 60.1444 59.858 54.3277 70.8024 65.5044 64.0457 79.0851 52.0683 109.291 51.3223 57.3292 48.4679 52.1647 61.7064
threshold=1.0000000180025095e-35 0 0.10000000000000499 0.95000000000000295 9.3150000000000031 0.98499999999999954 6.5000000000000009 0.69999999999999973 9.4800000000000022 13.040000000000001 0.87999999999999956 1 2.2399999999999998 2.5000000000000004 3.444999999999999 -1.0000000180025095e-35 2.9999999999999996 10.995000000000003 1.0000000180025095e-35 1.0000000180025095e-35 1.5000000000000002 1.5000000000000002 5.3250000000000002 9.8250000000000028 3.5000000000000004 1.7000000000000013 2 0.89199273379975252 33.690000000000005 1.7500000000000002
decision_type=2 9 2 2 2 2 2 2 2 2 2 1 2 2 2 2 2 2 2 2 2 2 2 2 2 2 9 2 2 2
left_child=1 3 8 -1 -3 11 25 -5 10 -8 -2 -4 -10 14 15 -14 -9 -16 19 -19 -21 -20 -23 -15 -25 -7 -27 28 -6 -30
right_child=2 4 5 7 27 6 9 16 12 -11 -12 -13 13 23 17 -17 -18 18 21 20 -22 22 -24 24 -26 26 -28 -29 29 -31
leaf_value=0 0 0 0 0 0 0 0 0 0 -0.17909994442928687 0 0 3.3465098882545786e-05 -0.015661488377425203 -0.0022532063294716464 -0.015784251473901788 0 -1.4901143084655733e-05 0.0012632447597605845 0.00075733097445070954 -0.005419639243977703 -0.0079032929942695514 0.0086879279843584904 0.011378564309856332 -0.16272928492413125 0.0078287592048567195 0 0 0 0.083981834213689169
leaf_weight=92164 2381 11987 5633 8499 17167 31701 34528 72999 11770 503 30232 618 159 5030 129 1020 15994 799 256 281 100 115 95 88 541 4006 18053 2497 3005 450
leaf_count=92164 2381 11987 5633 8499 17167 31701 34528 72999 11770 503 30232 618 159 5030 129 1020 15994 799 256 281 100 115 95 88 541 4006 18053 2497 3005 450
internal_value=0.0017052 0.00462623 -0.0027297 0.00343209 0.0110733 -0.000561331 -0.00126308 0.00527684 -0.00661842 0.001286 -0.00841689 0.00940649 -0.00374086 -0.00769186 -0.00165877 -0.0179389 0.00475712 0.00915493 0.0117254 0.00601695 0.0237533 0.0261803 0.00571429 -0.0108411 -0.0244038 -0.00292411 -0.00107212 0.0142459 0.0134492 0.0078437
internal_weight=372800 224762 148038 189656 35106 95042 88791 97492 52996 35031 32613 6251 20383 8613 2954 1179 88993 1775 1646 1180 381 466 210 5659 629 53760 22059 23119 20622 3455
internal_count=372800 224762 148038 189656 35106 95042 88791 97492 52996 35031 32613 6251 20383 8613 2954 1179 88993 1775 1646 1180 381 466 210 5659 629 53760 22059 23119 20622 3455
cat_boundaries=0 1 2 3
cat_threshold=1 1 96
is_linear=0
shrinkage=0.05


Tree=48
num_leaves=31
num_cat=2
split_feature=1 9 14 14 3 2 1 3 2 2 3 2 0 2 14 1 2 13 3 7 15 1 1 2 14 13 4 3 13 14
split_gain=1921.85 691.847 486.806 273.041 272.054 266.373 152.8 118.15 110.298 98.2784 99.8141 96.6263 93.5615 82.1052 60.1444 58.7723 210.623 84.8657 60.4765 57.8523 70.8024 65.5044 59.228 80.3853 50.2326 48.7858 48.4679 52.1647 61.7064 140.275
threshold=1.0000000180025095e-35 0 0.10000000000000499 0.95000000000000295 9.3150000000000031 0.98499999999999954 6.5000000000000009 9.4800000000000022 0.69999999999999973 5.1900000000000013 11.415000000000001 0.87999999999999956 1 2.2399999999999998 2.9999999999999996 2.5000000000000004 3.444999999999999 -1.0000000180025095e-35 10.995000000000003 1.0000000180025095e-35 1.0000000180025095e-35 1.5000000000000002 1.5000000000000002 5.0050000000000017 3.8500000000000054 1.7500000000000002 0.89199273379975252 33.690000000000005 1.7500000000000002 4.8500000000000023
decision_type=2 9 2 2 2 2 2 2 2 2 2 2 1 2 2 2 2 2 2 2 2 2 2 2 2 2 2 2 2 2
left_child=1 3 7 -1 -3 12 24 11 -5 25 -11 -2 -4 -9 -10 16 17 -15 -18 20 -20 -22 -21 -24 -7 -8 27 -6 29 -29
right_child=2 4 5 8 26 6 9 13 14 10 -12 -13 -14 15 -16 -17 18 -19 19 22 21 -23 23 -25 -26 -27 -28 28 -30 -31
leaf_value=0 0 0 0 0 0 0 0 0 0 0.014570661182648798 -0.058925616687376663 0 0 3.1791843938422382e-05 0 -0.014878413958553945 -0.0021405460129980624 -0.014995038900206698 -1.4156085930422391e-05 0.0012000825217725497 0.00071946442572817793 -0.0051486572817788234 -0.0075081283445560757 0.0082535315851405729 0.00074353183995075746 0.22686879215895789 0 0 0.079782742503004711 -0.003500875129101562
leaf_weight=92164 2381 11987 5633 8499 17167 48058 31849 11770 72999 320 2692 30232 618 159 15994 5659 129 1020 799 256 281 100 111 99 5702 170 2497 1862 450 1143
leaf_count=92164 2381 11987 5633 8499 17167 48058 31849 11770 72999 320 2692 30232 618 159 15994 5659 129 1020 799 256 281 100 111 99 5702 170 2497 1862 450 1143
internal_value=0.00171271 0.00462623 -0.00271079 0.00343209 0.0110733 -0.000569748 -0.00127209 -0.00655049 0.00527684 0.00129742 -0.00733732 -0.00841689 0.00940649 -0.00356424 0.00475712 -0.00727389 -0.00155721 -0.0179389 0.00932394 0.0119077 0.00601695 0.0237533 0.026824 0.00714286 -0.00294643 0.00210968 0.0142459 0.0134492 0.0078437 0.0052579
internal_weight=372800 224762 148038 189656 35106 95042 88791 52996 97492 35031 3012 32613 6251 20383 88993 8613 2954 1179 1775 1646 1180 381 466 210 53760 32019 23119 20622 3455 3005
internal_count=372800 224762 148038 189656 35106 95042 88791 52996 97492 35031 3012 32613 6251 20383 88993 8613 2954 1179 1775 1646 1180 381 466 210 53760 32019 23119 20622 3455 3005
cat_boundaries=0 1 2
cat_threshold=1 1
is_linear=0
shrinkage=0.05


Tree=49
num_leaves=31
num_cat=4
split_feature=1 9 14 14 3 2 3 1 2 2 2 0 14 13 2 1 9 3 4 3 13 14 2 3 9 5 4 2 13 15
split_gain=1864.95 691.847 441.499 273.041 272.054 265.98 158.081 155.267 110.298 97.9257 96.6263 93.5615 60.1444 50.0332 48.9592 246.699 55.569 54.9617 48.4679 52.1647 61.7064 140.275 47.61 69.0576 60.4732 84.0827 65.4357 48.0253 47.6012 46.8557
threshold=1.0000000180025095e-35 0 0.10000000000000499 0.95000000000000295 9.3150000000000031 0.98499999999999954 9.4800000000000022 6.5000000000000009 0.69999999999999973 13.040000000000001 0.87999999999999956 1 2.9999999999999996 1.7500000000000002 9.8250000000000028 2.5000000000000004 2 18.980000000000004 0.89199273379975252 33.690000000000005 1.7500000000000002 4.8500000000000023 2.8649999999999998 12.835000000000003 3 0.89297894341113682 -0.069756473744125233 1.3550000000000006 2.7500000000000004 0.75000000000000011
decision_type=2 9 2 2 2 2 2 2 2 2 2 1 2 2 2 2 9 2 2 2 2 2 2 2 9 2 2 2 2 2
left_child=1 3 6 -1 -3 11 10 13 29 28 -2 -4 -10 14 22 16 -16 -17 19 -6 21 -21 23 27 25 -24 -27 -7 -9 -5
right_child=2 4 5 8 18 7 -8 9 12 -11 -12 -13 -14 -15 15 17 -18 -19 -20 20 -22 -23 24 -25 -26 26 -28 -29 -30 -31
leaf_value=0 0 0 0 0 0 0 0 0 0 -0.16719866637345368 0 0 0 0.063339887234172124 0.0070069624609061304 0.0068709094553492146 0.0012847681881069551 -0.047898118142291148 0 0 0.075793605377854484 -0.003325831372646484 -0.013051518741213148 0 -0.0010295991980820789 -0.013894548241621858 0.0042550465800341641 0 0.28664973779692965 0.050000000000000003
leaf_weight=92164 2381 11987 5633 8092 17167 10072 20383 34412 72999 503 30232 618 15994 356 521 152 242 551 2497 1862 450 1143 9827 18307 5318 393 312 7709 116 407
leaf_count=92164 2381 11987 5633 8092 17167 10072 20383 34412 72999 503 30232 618 15994 356 521 152 242 551 2497 1862 450 1143 9827 18307 5318 393 312 7709 116 407
internal_value=0.00175617 0.00462623 -0.00260136 0.00343209 0.0110733 -0.000562383 -0.00625802 -0.0012642 0.00527684 0.00132597 -0.00841689 0.00940649 0.00475712 -0.00295201 -0.00307655 0.00593452 0.0256225 -0.0154339 0.0142459 0.0134492 0.0078437 0.0052579 -0.00333089 -0.00232764 -0.00561514 -0.00780687 0.00886525 -0.00454699 0.00164504 0.0107189
internal_weight=372800 224762 148038 189656 35106 95042 52996 88791 97492 35031 32613 6251 88993 53760 53404 1466 763 703 23119 20622 3455 3005 51938 36088 15850 10532 705 17781 34528 8499
internal_count=372800 224762 148038 189656 35106 95042 52996 88791 97492 35031 32613 6251 88993 53760 53404 1466 763 703 23119 20622 3455 3005 51938 36088 15850 10532 705 17781 34528 8499
cat_boundaries=0 1 2 3 4
cat_threshold=1 1 1 65
is_linear=0
shrinkage=0.05


Tree=50
num_leaves=31
num_cat=4
split_feature=1 9 14 3 2 14 3 1 2 0 2 2 14 1 2 2 9 4 3 13 14 9 3 14 2 3 2 4 3 5
split_gain=1826.82 700.712 449.528 272.054 263.236 259.562 158.081 149.728 96.6263 93.5615 89.3119 84.2625 62.6027 51.9795 78.0321 70.1081 56.5412 48.4679 52.1647 61.7064 140.275 44.9663 51.2493 44.8865 43.6151 54.3873 53.7606 43.0114 43.0005 63.9287
threshold=1.0000000180025095e-35 0 0.10000000000000499 9.3150000000000031 0.98499999999999954 0.95000000000000295 9.4800000000000022 6.5000000000000009 0.87999999999999956 1 13.040000000000001 1.0600000000000016 3.8500000000000054 1.5000000000000002 8.0300000000000029 4.9799999999999978 2 0.89199273379975252 33.690000000000005 1.7500000000000002 4.8500000000000023 3 43.085000000000008 2.9999999999999996 4.6200000000000037 11.415000000000001 8.8650000000000038 0.72085188119920351 21.855000000000004 0.97859653660919488
decision_type=2 9 2 2 2 2 2 2 2 1 2 2 2 2 2 2 9 2 2 2 2 9 2 2 2 2 2 2 2 2
left_child=1 5 6 -3 9 -1 8 12 -2 -4 21 23 -6 14 -14 16 -15 18 -5 20 -20 24 27 -7 -9 26 -26 -23 29 -8
right_child=2 3 4 17 7 11 28 10 -10 -11 -12 -13 13 15 -16 -17 -18 -19 19 -21 -22 22 -24 -25 25 -27 -28 -29 -30 -31
leaf_value=0 0 0 0 0 0 0 0 0 0 0 -0.15883873305478102 0 0.0027567036671028041 -0.0014370822520467807 0.0035551746949208153 -0.027123541246906659 0.034428828973086502 0 0 0.072003925108961753 -0.0031595398040141598 0.0077332027386881113 0.12560819794205816 0 -0.019436069693254499 -0.039120542713039129 0.022168711188333225 0.035201722451153862 -0.0098613175064567356 0.0021434374999999999
leaf_weight=92164 2381 11987 5633 17167 48058 34081 16175 19604 30232 618 503 60235 1319 1577 232 1576 998 2497 1862 450 1143 10917 478 3176 189 2014 153 1173 3944 264
leaf_count=92164 2381 11987 5633 17167 48058 34081 16175 19604 30232 618 503 60235 1319 1577 232 1576 998 2497 1862 450 1143 10917 478 3176 189 2014 153 1173 3944 264
internal_value=0.0017445 0.00458507 -0.00256826 0.0110733 -0.000510827 0.00338332 -0.00625802 -0.00120902 -0.00841689 0.00940649 0.00133453 0.00518196 -0.00286644 0.00208699 0.00989684 -0.000831125 0.00425243 0.0142459 0.0134492 0.0078437 0.0052579 0.00163925 0.0040229 0.00705102 0.0002731 -0.0061545 0.0122807 0.00339123 -0.00280381 -0.00167893
internal_weight=372800 224762 148038 35106 95042 189656 52996 88791 32613 6251 35031 97492 53760 5702 1551 4151 2575 23119 20622 3455 3005 34528 12568 37257 21960 2356 342 12090 20383 16439
internal_count=372800 224762 148038 35106 95042 189656 52996 88791 32613 6251 35031 97492 53760 5702 1551 4151 2575 23119 20622 3455 3005 34528 12568 37257 21960 2356 342 12090 20383 16439
cat_boundaries=0 1 2 3 4
cat_threshold=1 1 131 65
is_linear=0
shrinkage=0.05


Tree=51
num_leaves=31
num_cat=4
split_feature=1 9 14 3 2 14 3 1 2 0 2 2 14 1 2 2 9 4 3 13 14 14 14 1 2 2 13 3 15 9
split_gain=1788.56 700.712 403.164 272.054 265.026 259.562 200.222 142.959 96.6263 93.5615 85.1614 84.2625 62.9996 51.7463 78.0321 67.3294 55.0725 48.4679 52.1647 61.7064 140.275 44.8865 41.6141 39.9227 178.495 196.909 114.154 83.3436 76.8016 63.5696
threshold=1.0000000180025095e-35 0 0.10000000000000499 9.3150000000000031 0.98499999999999954 0.95000000000000295 9.4800000000000022 6.5000000000000009 0.87999999999999956 1 13.040000000000001 1.0600000000000016 3.8500000000000054 1.5000000000000002 8.0300000000000029 4.9799999999999978 2 0.89199273379975252 33.690000000000005 1.7500000000000002 4.8500000000000023 2.9999999999999996 2.5499999999999976 1.5000000000000002 3.444999999999999 1.2 -1.0000000180025095e-35 14.995000000000003 0.75000000000000011 3
decision_type=2 9 2 2 2 2 2 2 2 1 2 2 2 2 2 2 9 2 2 2 2 2 2 2 2 2 2 2 2 9
left_child=1 5 6 -3 9 -1 8 12 -2 -4 -9 21 -6 14 -14 16 -15 18 -5 20 -20 -7 -13 24 25 -8 -27 -26 -25 -29
right_child=2 3 4 17 7 11 23 10 -10 -11 -12 22 13 15 -16 -17 -18 -19 19 -21 -22 -23 -24 28 27 26 -28 29 -30 -31
leaf_value=0 0 0 0 0 0 0 0.00029393790423778787 0 0 0 -0.15089679640204198 0 0.0026188684837476638 -0.0013652281394444417 0.003377415960174779 -0.025767364184561315 0.032707387524432176 0 0 0.068403728853513673 -0.0030015628138134517 0 0 0 -0.00014271374953833682 3.0202251741506814e-05 -0.014245286955196362 0.0006834912044417663 -0.040182871704340963 -0.029807071385431313
leaf_weight=92164 2381 11987 5633 17167 48058 34081 927 34528 30232 618 503 46317 1319 1577 232 1576 998 2497 1862 450 1143 3176 13918 15172 216 98 2083 696 1065 126
leaf_count=92164 2381 11987 5633 17167 48058 34081 927 34528 30232 618 503 46317 1319 1577 232 1576 998 2497 1862 450 1143 3176 13918 15172 216 98 2083 696 1065 126
internal_value=0.00177441 0.00458507 -0.00249294 0.0110733 -0.000544496 0.00338332 -0.00598724 -0.00124506 -0.00841689 0.00940649 0.00124033 0.00518196 -0.00286458 0.00210452 0.00989684 -0.000807034 0.00417476 0.0142459 0.0134492 0.0078437 0.0052579 0.00705102 0.0040259 -0.00209979 0.00227931 -0.00371622 -0.0119211 0.0202312 -0.00321796 0.0274939
internal_weight=372800 224762 148038 35106 95042 189656 52996 88791 32613 6251 35031 97492 53760 5702 1551 4151 2575 23119 20622 3455 3005 37257 60235 20383 4146 3108 2181 1038 16237 822
internal_count=372800 224762 148038 35106 95042 189656 52996 88791 32613 6251 35031 97492 53760 5702 1551 4151 2575 23119 20622 3455 3005 37257 60235 20383 4146 3108 2181 1038 16237 822
cat_boundaries=0 1 2 3 4
cat_threshold=1 1 131 1
is_linear=0
shrinkage=0.05


Tree=52
num_leaves=31
num_cat=3
split_feature=1 9 14 3 2 14 3 1 2 0 2 2 3 14 4 3 13 14 14 5 12 14 1 2 2 13 3 15 9 2
split_gain=1786 700.712 404.552 272.054 264.578 259.562 200.066 144.554 96.6263 93.5615 84.2625 75.5609 92.1831 62.9996 48.4679 52.1647 61.7064 140.275 44.8865 43.941 43.6175 41.6141 39.3102 179.216 191.332 113.856 83.3436 75.7667 63.5696 59.9519
threshold=1.0000000180025095e-35 0 0.10000000000000499 9.3150000000000031 0.98499999999999954 0.95000000000000295 9.4800000000000022 6.5000000000000009 0.87999999999999956 1 1.0600000000000016 5.1900000000000013 11.415000000000001 3.8500000000000054 0.89199273379975252 33.690000000000005 1.7500000000000002 4.8500000000000023 2.9999999999999996 0.77023320773058968 1.0000000180025095e-35 2.5499999999999976 1.5000000000000002 3.444999999999999 1.2 -1.0000000180025095e-35 14.995000000000003 0.75000000000000011 2 2.4950000000000006
decision_type=2 9 2 2 2 2 2 2 2 1 2 2 2 2 2 2 2 2 2 2 2 2 2 2 2 2 2 2 9 2
left_child=1 5 6 -3 9 -1 8 13 -2 -4 18 19 -13 -6 15 -5 17 -17 -7 -9 -14 -12 23 24 -8 -26 -25 -24 -28 -27
right_child=2 3 4 14 7 10 22 11 -10 -11 21 12 20 -15 -16 16 -18 -19 -20 -21 -22 -23 27 26 25 29 28 -29 -30 -31
leaf_value=0 0 0 0 0 0 0 0.00027924100902589842 0 0 0 0 0.013559387212753944 -0.10472015601301565 0.0008464707675277808 0 0 0.06498354241083798 -0.0028514846731227794 0 0 -0.022704043192960412 0 0 -0.00013557806206141999 2.8692139154429254e-05 -0.043869481872679555 0.00064931664421967743 -0.038173728119123923 -0.028316717816159742 -0.013533022607436546
leaf_weight=92164 2381 11987 5633 17167 48058 34081 927 28074 30232 618 46317 320 946 5702 2497 1862 450 1143 3176 3945 1746 13918 15172 216 98 1502 696 1065 126 581
leaf_count=92164 2381 11987 5633 17167 48058 34081 927 28074 30232 618 46317 320 946 5702 2497 1862 450 1143 3176 3945 1746 13918 15172 216 98 1502 696 1065 126 581
internal_value=0.00177642 0.00458507 -0.00248787 0.0110733 -0.000536079 0.00338332 -0.00598819 -0.00123605 -0.00841689 0.00940649 0.00518196 0.00126317 -0.0063081 -0.00286458 0.0142459 0.0134492 0.0078437 0.0052579 0.00705102 0.00197539 -0.00932392 0.0040259 -0.00210224 0.00224313 -0.00376448 -0.0118524 0.0202312 -0.0032118 0.0274939 -0.0143303
internal_weight=372800 224762 148038 35106 95042 189656 52996 88791 32613 6251 97492 35031 3012 53760 23119 20622 3455 3005 37257 32019 2692 60235 20383 4146 3108 2181 1038 16237 822 2083
internal_count=372800 224762 148038 35106 95042 189656 52996 88791 32613 6251 97492 35031 3012 53760 23119 20622 3455 3005 37257 32019 2692 60235 20383 4146 3108 2181 1038 16237 822 2083
cat_boundaries=0 1 2 3
cat_threshold=1 1 1
is_linear=0
shrinkage=0.05


Tree=53
num_leaves=31
num_cat=3
split_feature=1 9 14 3 2 14 3 1 2 0 2 2 3 14 4 3 13 14 14 1 2 2 13 2 3 2 2 9 11 3
split_gain=1774.76 700.712 401.858 272.054 263.739 259.562 205.701 147.902 96.6263 93.5615 84.2625 69.913 108.94 62.6027 48.4679 52.1647 61.7064 140.275 44.8865 42.125 182.1 187.469 112.67 67.9714 67.0124 64.5266 62.511 62.2207 56.7342 49.1852
threshold=1.0000000180025095e-35 0 0.10000000000000499 9.3150000000000031 0.98499999999999954 0.95000000000000295 9.4800000000000022 6.5000000000000009 0.87999999999999956 1 1.0600000000000016 6.4850000000000003 11.415000000000001 3.8500000000000054 0.89199273379975252 33.690000000000005 1.7500000000000002 4.8500000000000023 2.9999999999999996 1.5000000000000002 3.444999999999999 1.2 -1.0000000180025095e-35 2.9950000000000014 14.995000000000003 1.1849999999999998 2.4950000000000006 2 1.0000000180025095e-35 21.390000000000004
decision_type=2 9 2 2 2 2 2 2 2 1 2 2 2 2 2 2 2 2 2 2 2 2 2 2 2 2 2 9 2 2
left_child=1 5 6 -3 9 -1 8 13 -2 -4 18 -9 -13 -6 15 -5 17 -17 -7 20 21 -8 -23 25 -22 -21 -24 28 -26 -30
right_child=2 3 4 14 7 10 19 11 -10 -11 -12 12 -14 -15 -16 16 -18 -19 -20 23 24 22 26 -25 27 -27 -28 -29 29 -31
leaf_value=0 0 0 0 0 0 0 0.00026527895857460351 0 0 0 0 0.02038230626827886 -0.084452220002758344 0.00080414722915139183 0 0 0.061734365290296078 -0.0027089104394666403 0 0 -0.00012879915895834816 2.7257532196711678e-05 -0.041676007779045579 -0.013641427385303412 0.0006168508120086958 0.0021434374999999999 -0.012856371477064721 -0.026900881925351762 -0.00020935414197140734 0.0015900413331379482
leaf_weight=92164 2381 11987 5633 17167 48058 34081 927 32869 30232 618 60235 275 1887 5702 2497 1862 450 1143 3176 3658 216 98 1502 6359 420 6220 581 126 145 131
leaf_count=92164 2381 11987 5633 17167 48058 34081 927 32869 30232 618 60235 275 1887 5702 2497 1862 450 1143 3176 3658 216 98 1502 6359 420 6220 581 126 145 131
internal_value=0.00178527 0.00458507 -0.00246558 0.0110733 -0.000520296 0.00338332 -0.00595422 -0.00121916 -0.00841689 0.00940649 0.00518196 0.00130884 -0.00740056 -0.00286644 0.0142459 0.0134492 0.0078437 0.0052579 0.00705102 -0.00201393 0.00248432 -0.00357143 -0.0115773 -0.00316253 0.0206166 -0.000566916 -0.0140422 0.027129 0.0327195 0.0155797
internal_weight=372800 224762 148038 35106 95042 189656 52996 88791 32613 6251 97492 35031 2162 53760 23119 20622 3455 3005 37257 20383 4146 3108 2181 16237 1038 9878 2083 822 696 276
internal_count=372800 224762 148038 35106 95042 189656 52996 88791 32613 6251 97492 35031 2162 53760 23119 20622 3455 3005 37257 20383 4146 3108 2181 16237 1038 9878 2083 822 696 276
cat_boundaries=0 1 2 3
cat_threshold=1 1 1
is_linear=0
shrinkage=0.05


Tree=54
num_leaves=31
num_cat=3
split_feature=1 9 14 2 3 14 3 1 2 0 2 2 3 14 13 14 14 14 14 2 2 1 2 2 1 1 2 1 12 9
split_gain=1777.08 680.615 414.946 263.236 262.255 259.562 196.539 149.728 94.3389 93.5615 84.2625 66.439 65.4163 75.1837 77.6703 62.6027 46.1822 44.8865 41.6141 40.5786 102.755 165.065 108.294 77.6835 182.293 70.5854 69.025 65.3435 54.5395 52.0801
threshold=1.0000000180025095e-35 0 0.10000000000000499 0.98499999999999954 9.3150000000000031 0.95000000000000295 9.7850000000000019 6.5000000000000009 0.87999999999999956 1 1.0600000000000016 14.494999999999999 33.690000000000005 4.8500000000000023 1.7500000000000002 3.8500000000000054 2.0999999999999979 2.9999999999999996 2.5499999999999976 2.0050000000000003 3.2599999999999993 2.5000000000000004 5.3950000000000005 5.0050000000000017 1.5000000000000002 4.5000000000000009 7.7200000000000033 1.5000000000000002 1.0000000180025095e-35 2
decision_type=2 9 2 2 2 2 2 2 2 1 2 2 2 2 2 2 2 2 2 2 2 2 2 2 2 2 2 2 2 9
left_child=1 5 6 9 -3 -1 8 15 -2 -4 17 -9 16 -14 -15 -5 -6 -7 -12 -8 -21 23 28 24 29 26 -24 -25 -23 -22
right_child=2 4 3 7 12 10 19 11 -10 -11 18 -13 13 14 -16 -17 -18 -19 -20 20 21 22 25 27 -26 -27 -28 -29 -30 -31
leaf_value=0 0 0 0 0 0 0 0 0 0 0 0 -0.14254761435298194 0 -0.002573464917493308 0.05864764702578127 0.00076393986769382222 0 0 0 -0.012959356016038244 0.00047432711204700164 0.0013791632949824218 -0.014394828746480182 0.00023627892255490002 -0.0068802346055998557 -0.098497787816170648 0.0076685671981569616 0.011437617678519342 -0.035487438588330304 -0.025555837829084174
leaf_weight=92164 2407 11987 5633 48058 14200 34081 11236 34610 30339 618 46317 421 2089 1340 503 5702 4987 3176 13918 3698 580 946 164 353 436 1182 241 305 998 111
leaf_count=92164 2407 11987 5633 48058 14200 34081 11236 34610 30339 618 46317 421 2089 1340 503 5702 4987 3176 13918 3698 580 946 164 353 436 1182 241 305 998 111
internal_value=0.00176609 0.00456772 -0.00248754 -0.000510827 0.0109622 0.00338332 -0.00603253 -0.00120902 -0.00842698 0.00940649 0.00518196 0.00133453 0.0140772 0.00820193 0.00084102 -0.00286644 0.0152812 0.00705102 0.0040259 -0.00216049 -0.00465942 -0.000206922 -0.00647125 0.0121849 0.00421473 -0.0161626 0.00185185 0.0258359 0.00144033 0.0201881
internal_weight=372800 224762 148038 95042 35106 189656 52996 88791 32746 6251 97492 35031 23119 3932 1843 53760 19187 37257 60235 20250 9014 5316 3531 1785 1127 1587 405 658 1944 691
internal_count=372800 224762 148038 95042 35106 189656 52996 88791 32746 6251 97492 35031 23119 3932 1843 53760 19187 37257 60235 20250 9014 5316 3531 1785 1127 1587 405 658 1944 691
cat_boundaries=0 1 2 3
cat_threshold=1 1 1
is_linear=0
shrinkage=0.05


Tree=55
num_leaves=31
num_cat=3
split_feature=1 9 14 2 3 14 3 1 2 0 2 3 14 13 14 2 3 14 14 5 14 2 9 1 2 1 12 4 5 3
split_gain=1759.42 680.615 401.198 263.124 262.255 259.562 212.332 151.484 94.3389 93.5615 84.2625 65.4163 75.1837 77.6703 61.0276 59.8523 98.6633 46.1822 44.8865 42.051 41.6141 39.0103 38.3285 62.9218 62.2762 37.8129 36.635 36.5185 40.2994 35.6471
threshold=1.0000000180025095e-35 0 0.10000000000000499 0.98499999999999954 9.3150000000000031 0.95000000000000295 9.7850000000000019 6.5000000000000009 0.87999999999999956 1 1.0600000000000016 33.690000000000005 4.8500000000000023 1.7500000000000002 3.8500000000000054 6.4850000000000003 11.415000000000001 2.0999999999999979 2.9999999999999996 0.77023320773058968 2.5499999999999976 0.58500000000000008 2 1.5000000000000002 4.5600000000000014 16.500000000000004 1.0000000180025095e-35 0.39674646265475683 0.97859653660919488 24.725000000000005
decision_type=2 9 2 2 2 2 2 2 2 1 2 2 2 2 2 2 2 2 2 2 2 2 9 2 2 2 2 2 2 2
left_child=1 5 6 9 -3 -1 8 14 -2 -4 18 17 -13 -14 27 19 -17 -6 21 25 -12 -7 23 24 -16 -9 -18 28 -5 -25
right_child=2 4 3 7 11 10 -8 15 -10 -11 20 12 13 -15 22 16 26 -19 -20 -21 -22 -23 -24 29 -26 -27 -28 -29 -30 -31
leaf_value=0 0 0 0 0 0 0 0 0 0 0 0 0 -0.0024447916716186426 0.055715264674492206 -0.0020324903336583701 0.019363190954864919 -0.126375232105263 0 0 0 0 0 0.023090936047062471 0.00072574287430913109 0.0027381172204106411 0 -0.039271098925074722 0 0 -0.020953909701150554
leaf_weight=92164 2407 11987 5633 33380 14200 7351 20250 16699 30339 618 46317 2089 1340 503 596 275 732 4987 3176 4049 13918 26730 2235 878 406 12121 1155 13836 842 1587
leaf_count=92164 2407 11987 5633 33380 14200 7351 20250 16699 30339 618 46317 2089 1340 503 596 275 732 4987 3176 4049 13918 26730 2235 878 406 12121 1155 13836 842 1587
internal_value=0.00178004 0.00456772 -0.00245241 -0.000508722 0.0109622 0.00338332 -0.00593818 -0.00120677 -0.00842698 0.00940649 0.00518196 0.0140772 0.00820193 0.00084102 -0.00287388 0.00135166 -0.00670675 0.0152812 0.00705102 0.00188171 0.0040259 0.00652123 0.00201684 -0.00127984 0.00928144 0.00255205 -0.0107843 -0.00345416 -0.00433055 -0.00557809
internal_weight=372800 224762 148038 95042 35106 189656 52996 88791 32746 6251 97492 23119 3932 1843 53760 35031 2162 19187 37257 32869 60235 34081 5702 3467 1002 28820 1887 48058 34222 2465
internal_count=372800 224762 148038 95042 35106 189656 52996 88791 32746 6251 97492 23119 3932 1843 53760 35031 2162 19187 37257 32869 60235 34081 5702 3467 1002 28820 1887 48058 34222 2465
cat_boundaries=0 1 2 3
cat_threshold=1 1 129
is_linear=0
shrinkage=0.05


Tree=56
num_leaves=31
num_cat=3
split_feature=1 9 14 2 3 14 3 1 2 0 2 3 14 13 2 4 9 14 14 14 2 5 13 14 2 12 5 4 1 4
split_gain=1772.32 679.081 395.003 265.363 261.509 259.562 212.332 158.591 94.3389 93.5615 84.2625 66.8339 76.9607 73.7015 57.3735 50.444 48.1256 46.1822 44.8865 41.6141 39.0103 38.7064 38.1271 37.8476 34.9998 48.4674 43.5649 42.3671 34.9046 34.0944
threshold=1.0000000180025095e-35 0 0.10000000000000499 0.98499999999999954 9.3150000000000031 0.95000000000000295 9.7850000000000019 6.5000000000000009 0.87999999999999956 1 1.0600000000000016 33.690000000000005 4.8500000000000023 1.7500000000000002 17.030000000000005 0.39674646265475683 2 2.0999999999999979 2.9999999999999996 2.5499999999999976 0.58500000000000008 0.97859653660919488 2.7500000000000004 6.900000000000003 4.7150000000000007 1.0000000180025095e-35 0.77023320773058968 -0.013089595571345017 16.500000000000004 0.63101285980617694
decision_type=2 9 2 2 2 2 2 2 2 1 2 2 2 2 2 2 9 2 2 2 2 2 2 2 2 2 2 2 2 2
left_child=1 5 6 9 -3 -1 8 15 -2 -4 18 17 -13 -14 22 21 23 -6 20 -12 -7 -5 24 -17 26 27 28 -26 -9 -8
right_child=2 4 3 7 11 10 29 14 -10 -11 19 12 13 -15 -16 16 -18 -19 -20 -21 -22 -23 -24 -25 25 -27 -28 -29 -30 -31
leaf_value=0 0 0 0 0 0 0 0 0 0 0 0 0 -0.0023225520880377107 0.052929501440767593 -0.146979627381987 0.010168974996337527 0 0 0 0 0 0 0.27329526447490915 0.12189374357570251 -0.069067589456948381 0.0045882912169978255 0 0.0020913059477663631 0 0
leaf_weight=92164 2407 11987 5633 37410 14200 7351 16678 15600 30339 618 46317 2089 1340 503 303 2687 12678 4987 3176 13918 26730 870 116 115 901 2453 3770 524 11364 3572
leaf_count=92164 2407 11987 5633 37410 14200 7351 16678 15600 30339 618 46317 2089 1340 503 303 2687 12678 4987 3176 13918 26730 870 116 115 901 2453 3770 524 11364 3572
internal_value=0.00176851 0.00456639 -0.00247943 -0.000550809 0.0109537 0.00338332 -0.00593818 -0.00125182 -0.00842698 0.00940649 0.00518196 0.0140642 0.00812564 0.000678242 0.00136593 -0.00295759 -0.000549096 0.0152812 0.00705102 0.0040259 0.00652123 -0.00393156 0.00155494 0.00536984 0.00145903 -0.00301702 0.00202382 -0.0103509 0.00272771 -0.00191358
internal_weight=372800 224762 148038 95042 35106 189656 52996 88791 32746 6251 97492 23119 3932 1843 35031 53760 15480 19187 37257 60235 34081 38280 34728 2802 34612 3878 30734 1425 26964 20250
internal_count=372800 224762 148038 95042 35106 189656 52996 88791 32746 6251 97492 23119 3932 1843 35031 53760 15480 19187 37257 60235 34081 38280 34728 2802 34612 3878 30734 1425 26964 20250
cat_boundaries=0 1 2 3
cat_threshold=1 1 102
is_linear=0
shrinkage=0.05


Tree=57
num_leaves=31
num_cat=5
split_feature=1 9 14 2 3 14 3 1 2 0 2 3 14 13 2 4 14 14 9 14 2 5 14 9 13 4 3 4 9 10
split_gain=1772.66 679.081 394.848 265.419 261.509 259.562 212.332 160.81 94.3389 93.5615 84.2625 66.8339 76.9607 73.7015 55.728 49.1042 46.1822 44.8865 44.868 41.6141 39.0103 38.7064 36.196 35.7967 43.8467 34.754 35.9114 34.0944 34.0203 38.5148
threshold=1.0000000180025095e-35 0 0.10000000000000499 0.98499999999999954 9.3150000000000031 0.95000000000000295 9.7850000000000019 6.5000000000000009 0.87999999999999956 1 1.0600000000000016 33.690000000000005 4.8500000000000023 1.7500000000000002 17.030000000000005 0.39674646265475683 2.0999999999999979 2.9999999999999996 2 2.5499999999999976 0.58500000000000008 0.97859653660919488 6.900000000000003 3 1.0000000180025095e-35 0.72986233575078574 43.085000000000008 0.63101285980617694 4 2.5000000000000004
decision_type=2 9 2 2 2 2 2 2 2 1 2 2 2 2 2 2 2 2 9 2 2 2 2 9 2 2 2 2 9 2
left_child=1 5 6 9 -3 -1 8 15 -2 28 17 16 -13 -14 23 21 -6 20 22 -12 -7 -5 -17 -9 25 26 -25 -8 -4 -30
right_child=2 4 3 7 11 10 27 14 -10 -11 19 12 13 -15 -16 18 -18 -19 -20 -21 -22 -23 -24 24 -26 -27 -28 -29 29 -31
leaf_value=0 0 0 0 0 0 0 0 0 0 0 0 0 -0.0022064244836358252 0.050283026368729215 -0.13963064601288763 0.009660526246520652 0 0 0 0 0 0 0.1157990563969174 0.0052642987439452489 0.052831647031163192 0.033522652589588163 0.11229710835751204 0 0.0014565385631001128 0.039025555028560581
leaf_weight=92164 2407 11987 4017 37410 14200 7351 16678 22078 30339 618 46317 2089 1340 503 303 2687 4987 3176 12678 13918 26730 870 115 10657 472 1166 355 3572 263 1353
leaf_count=92164 2407 11987 4017 37410 14200 7351 16678 22078 30339 618 46317 2089 1340 503 303 2687 4987 3176 12678 13918 26730 870 115 10657 472 1166 355 3572 263 1353
internal_value=0.00176824 0.00456639 -0.00248011 -0.000551861 0.0109537 0.00338332 -0.00593818 -0.00125294 -0.00842698 0.00940649 0.00518196 0.0140642 0.00812564 0.000678242 0.00138306 -0.00297061 0.0152812 0.00705102 -0.000594315 0.0040259 0.00652123 -0.00393156 0.00512091 0.00156934 0.00368878 0.00311217 0.00224301 -0.00191358 0.0114326 0.0175892
internal_weight=372800 224762 148038 95042 35106 189656 52996 88791 32746 6251 97492 23119 3932 1843 35031 53760 19187 37257 15480 60235 34081 38280 2802 34728 12650 12178 11012 20250 5633 1616
internal_count=372800 224762 148038 95042 35106 189656 52996 88791 32746 6251 97492 23119 3932 1843 35031 53760 19187 37257 15480 60235 34081 38280 2802 34728 12650 12178 11012 20250 5633 1616
cat_boundaries=0 1 2 3 4 5
cat_threshold=1 1 102 65 1
is_linear=0
shrinkage=0.05


Tree=58
num_leaves=31
num_cat=3
split_feature=1 9 14 2 14 3 3 1 2 0 2 3 14 2 2 4 14 14 9 14 2 5 1 5 14 4 2 2 1 2
split_gain=1780.99 669.407 389.161 265.788 259.562 256.807 212.332 155.22 94.3389 93.2376 84.2625 76.1653 88.697 55.2818 53.8611 48.1583 46.1822 44.8865 42.611 41.6141 39.0103 38.7064 35.0806 38.0211 34.3975 34.0944 33.3946 73.3835 119.217 96.0666
threshold=1.0000000180025095e-35 0 0.10000000000000499 0.98499999999999954 0.95000000000000295 9.3150000000000031 9.7850000000000019 6.5000000000000009 0.87999999999999956 1 1.0600000000000016 33.690000000000005 4.8500000000000023 17.030000000000005 2.6100000000000003 0.39674646265475683 2.0999999999999979 2.9999999999999996 2 2.5499999999999976 0.58500000000000008 0.97859653660919488 16.500000000000004 0.80385686061721728 6.900000000000003 0.63101285980617694 2.2399999999999998 3.3550000000000009 2.5000000000000004 5.3950000000000005
decision_type=2 9 2 2 2 2 2 2 2 1 2 2 2 2 2 2 2 2 9 2 2 2 2 2 2 2 2 2 2 2
left_child=1 4 6 9 -1 -3 8 15 -2 -4 17 16 -13 22 -14 21 -7 20 24 -12 -6 -5 -9 -24 -17 26 -8 -28 -29 -30
right_child=2 5 3 7 10 11 25 13 -10 -11 19 12 14 -15 -16 18 -18 -19 -20 -21 -22 -23 23 -25 -26 -27 27 28 29 -31
leaf_value=0 0 0 0 0 0 0 0 0 0 0 0 0 0.077323505865233663 -0.13264911371224325 -0.002096103259454034 0.0091774999341946162 0 0 0 0 0 0 0 0 0.11000910357707153 0 -0.01231138821523633 0.0004506107564446471 0.00069838925491045873 -0.053214080509545063
leaf_weight=92164 2407 11987 5633 37410 7351 14200 9711 19805 30339 618 46317 2089 593 303 1250 2687 4987 3176 12678 13918 26730 870 13119 1804 115 3572 2718 1287 1609 1353
leaf_count=92164 2407 11987 5633 37410 7351 14200 9711 19805 30339 618 46317 2089 593 303 1250 2687 4987 3176 12678 13918 26730 870 13119 1804 115 3572 2718 1287 1609 1353
internal_value=0.00175322 0.00455793 -0.0025051 -0.000590791 0.00338332 0.0108996 -0.00593818 -0.00129236 -0.00842698 0.0093745 0.00518196 0.013982 0.00764242 0.00129742 -0.000352686 -0.00297991 0.0152812 0.00705102 -0.000626615 0.0040259 0.00652123 -0.00393156 0.00148295 0.00331368 0.0049431 -0.00191358 -0.00286305 -0.00550452 -0.00140033 -0.006921
internal_weight=372800 224762 148038 95042 189656 35106 52996 88791 32746 6251 97492 23119 3932 35031 1843 53760 19187 37257 15480 60235 34081 38280 34728 14923 2802 20250 16678 6967 4249 2962
internal_count=372800 224762 148038 95042 189656 35106 52996 88791 32746 6251 97492 23119 3932 35031 1843 53760 19187 37257 15480 60235 34081 38280 34728 14923 2802 20250 16678 6967 4249 2962
cat_boundaries=0 1 2 3
cat_threshold=1 1 102
is_linear=0
shrinkage=0.05


Tree=59
num_leaves=31
num_cat=3
split_feature=1 9 14 2 14 3 3 1 2 0 2 3 14 2 3 2 14 9 14 14 17 1 2 5 14 1 2 2 3 4
split_gain=1782.36 669.407 386.841 266.238 259.562 256.807 213.622 156.646 94.3389 93.2376 84.2625 76.1653 88.697 54.3608 75.8099 53.8611 47.1404 48.6963 46.1822 44.8865 44.79 93.2535 63.2347 43.9295 41.6141 39.9069 39.0103 37.7434 61.1193 33.7912
threshold=1.0000000180025095e-35 0 0.10000000000000499 0.98499999999999954 0.95000000000000295 9.3150000000000031 9.7850000000000019 6.5000000000000009 0.87999999999999956 1 1.0600000000000016 33.690000000000005 4.8500000000000023 5.3250000000000002 12.835000000000003 2.6100000000000003 1.7000000000000013 2 2.0999999999999979 2.9999999999999996 1.0000000180025095e-35 1.5000000000000002 5.6200000000000037 0.77023320773058968 2.5499999999999976 16.500000000000004 0.58500000000000008 4.9799999999999978 24.725000000000005 0.63101285980617694
decision_type=2 9 2 2 2 2 2 2 2 1 2 2 2 2 2 2 2 9 2 2 2 2 2 2 2 2 2 2 2 2
left_child=1 4 6 9 -1 -3 8 16 -2 -4 19 18 -13 23 -15 -14 20 27 -7 26 -5 22 -22 25 -12 -9 -6 28 -18 -8
right_child=2 5 3 7 10 11 29 13 -10 -11 24 12 15 14 -16 -17 17 -19 -20 -21 21 -23 -24 -25 -26 -27 -28 -29 -30 -31
leaf_value=0 0 0 0 0 0 0 0 0 0 0 0 0 0.073457330571971971 0.011826169448255198 -0.04889512858470451 -0.0019912980964813319 0.0039082464289466939 0 0 0 -0.041046642809480366 0 0.0050585768878749484 0 0 0 0 -0.0069773534757860125 0.048412205051184758 0
leaf_weight=92164 2407 11987 5633 25185 7351 14200 16678 16262 30339 618 46317 2089 593 392 2573 1250 2619 18053 4987 3176 2002 4422 92 3945 13918 11859 26730 626 761 3572
leaf_count=92164 2407 11987 5633 25185 7351 14200 16678 16262 30339 618 46317 2089 593 392 2573 1250 2619 18053 4987 3176 2002 4422 92 3945 13918 11859 26730 626 761 3572
internal_value=0.00175215 0.00455793 -0.0025078 -0.000599209 0.00338332 0.0108996 -0.00593064 -0.00130137 -0.00842698 0.0093745 0.00518196 0.013982 0.00764242 0.00130028 -0.00517707 -0.000352686 -0.00299665 -0.00122172 0.0152812 0.00705102 -0.00423173 -0.00792664 -0.0166189 0.00189921 0.0040259 0.00259237 0.00652123 0.00375996 0.00585799 -0.00189383
internal_weight=372800 224762 148038 95042 189656 35106 52996 88791 32746 6251 97492 23119 3932 35031 2965 1843 53760 22059 19187 37257 31701 6516 2094 32066 60235 28121 34081 4006 3380 20250
internal_count=372800 224762 148038 95042 189656 35106 52996 88791 32746 6251 97492 23119 3932 35031 2965 1843 53760 22059 19187 37257 31701 6516 2094 32066 60235 28121 34081 4006 3380 20250
cat_boundaries=0 1 2 3
cat_threshold=1 1 96
is_linear=0
shrinkage=0.05


Tree=60
num_leaves=31
num_cat=3
split_feature=1 9 14 14 2 3 3 1 2 0 2 3 14 2 2 3 2 5 4 14 14 9 2 1 3 1 2 14 3 14
split_gain=1737.99 669.407 407.102 259.562 258.93 256.807 213.622 145.343 94.3389 93.2376 84.2625 76.1653 88.697 53.8611 52.9198 84.7522 69.9237 60.0489 53.0282 46.1822 44.8865 43.1841 64.2194 335.489 81.8117 67.5021 82.8757 46.1153 41.8301 41.6141
threshold=1.0000000180025095e-35 0 0.10000000000000499 0.95000000000000295 0.98499999999999954 9.3150000000000031 9.7850000000000019 11.500000000000002 0.87999999999999956 1 1.0600000000000016 33.690000000000005 4.8500000000000023 2.6100000000000003 2.7850000000000006 12.835000000000003 1.6650000000000003 0.89297894341113682 1.0000000180025095e-35 2.0999999999999979 2.9999999999999996 2 8.8650000000000038 2.5000000000000004 12.835000000000003 1.5000000000000002 12.319999999999999 6.900000000000003 28.010000000000002 2.5499999999999976
decision_type=2 9 2 2 2 2 2 2 2 1 2 2 2 2 2 2 2 2 2 2 2 9 2 2 2 2 2 2 2 2
left_child=1 3 6 -1 9 -3 8 14 -2 -4 20 19 -13 -14 15 16 -6 21 -19 -7 -5 22 28 25 -25 -24 -27 -23 -16 -12
right_child=2 5 4 10 7 11 -8 -9 -10 -11 29 12 13 -15 17 -17 -18 18 -20 -21 -22 27 23 24 -26 26 -28 -29 -30 -31
leaf_value=0 0 0 0 0 0 0 0 0 0 0 0 0 0.069784464043373379 -0.0018917331916572654 -0.012122109214377742 0 0 -0.0016520476440126436 0.0039198663728897591 0 0 -0.0012956397303025273 0.0049360659086532871 0.0070902554990543284 -0.049525018823257376 -0.0027463442068885293 0.0095532701279445135 0.13034126762326576 -0.022138425384816553 0
leaf_weight=92164 2407 11987 5633 34081 13089 14200 20250 21722 30339 618 46317 2089 593 1250 9130 23279 8785 766 417 4987 3176 7152 415 108 741 183 123 169 2712 13918
leaf_count=92164 2407 11987 5633 34081 13089 14200 20250 21722 30339 618 46317 2089 593 1250 9130 23279 8785 766 417 4987 3176 7152 415 108 741 183 123 169 2712 13918
internal_value=0.00178729 0.00455793 -0.00241931 0.00338332 -0.000461375 0.0108996 -0.00593064 -0.00115383 -0.00842698 0.0093745 0.00518196 0.013982 0.00764242 -0.000352686 -0.00230509 -0.0013266 -0.00356131 -0.00432104 0.00663567 0.0152812 0.00705102 -0.00494622 -0.0066309 0.00286624 -0.0184335 0.0279473 0.0101307 -0.00184832 -0.00789563 0.0040259
internal_weight=372800 224762 148038 189656 95042 35106 52996 88791 32746 6251 97492 23119 3932 1843 67069 45153 21874 21916 1183 19187 37257 20733 13412 1570 849 721 306 7321 11842 60235
internal_count=372800 224762 148038 189656 95042 35106 52996 88791 32746 6251 97492 23119 3932 1843 67069 45153 21874 21916 1183 19187 37257 20733 13412 1570 849 721 306 7321 11842 60235
cat_boundaries=0 1 2 3
cat_threshold=1 1 65
is_linear=0
shrinkage=0.05


Tree=61
num_leaves=31
num_cat=7
split_feature=1 9 14 14 2 3 3 1 2 0 2 3 14 2 4 14 14 14 9 9 5 2 2 9 3 0 14 4 2 9
split_gain=1725.9 669.407 412.76 259.562 256.939 256.807 213.622 142.046 94.3389 93.2376 84.2625 76.1653 88.697 53.8611 50.8179 46.1822 44.8865 41.6141 41.4942 40.1315 42.4635 39.0103 36.3993 36.5353 35.9846 35.6156 45.8669 33.7912 33.3034 60.3898
threshold=1.0000000180025095e-35 0 0.10000000000000499 0.95000000000000295 0.98499999999999954 9.3150000000000031 9.7850000000000019 11.500000000000002 0.87999999999999956 1 1.0600000000000016 33.690000000000005 4.8500000000000023 2.6100000000000003 -0.23556562809103937 2.0999999999999979 2.9999999999999996 2.5499999999999976 2 3 -0.19509032201612839 0.58500000000000008 2.1300000000000012 4 11.990000000000002 5 4.9500000000000179 0.63101285980617694 1.1149999999999989 6
decision_type=2 9 2 2 2 2 2 2 2 1 2 2 2 2 2 2 2 2 9 9 2 2 2 9 2 1 2 2 2 9
left_child=1 3 6 -1 9 -3 8 14 -2 -4 16 15 -13 -14 22 -7 21 -12 -9 20 25 -5 24 -24 -6 26 -16 -8 29 -10
right_child=2 5 4 10 7 11 27 18 28 -11 17 12 13 -15 19 -17 -18 -19 -20 -21 -22 -23 23 -25 -26 -27 -28 -29 -30 -31
leaf_value=0 0 0 0 0 0 0 0 0 0 0 0 0 0.066295240841204708 -0.0017971465320744022 0.0013262411387493568 0 0 0 0.028262635090782431 0 0.032218026687273534 0 -0.016673544282137947 -0.0010709148044815027 0 -0.028579148303378689 0.058963555258792058 0 0 -0.00084850684628154285
leaf_weight=92164 2407 11987 5633 7351 10329 14200 16678 17155 12684 618 46317 2089 593 1250 4670 4987 3176 13918 4567 23199 863 26730 8206 4573 14484 306 439 3572 16716 939
leaf_count=92164 2407 11987 5633 7351 10329 14200 16678 17155 12684 618 46317 2089 593 1250 4670 4987 3176 13918 4567 23199 863 26730 8206 4573 14484 306 439 3572 16716 939
internal_value=0.00179694 0.00455793 -0.00239499 0.00338332 -0.000423497 0.0108996 -0.00593064 -0.00111329 -0.00842698 0.0093745 0.00518196 0.013982 0.00764242 -0.000352686 -0.00225141 0.0152812 0.00705102 0.0040259 0.00240079 -0.000697154 0.00284669 0.00652123 -0.00347015 -0.00563816 -0.0023536 0.0012096 0.002202 -0.00189383 -0.0091829 -0.00734787
internal_weight=372800 224762 148038 189656 95042 35106 52996 88791 32746 6251 97492 23119 3932 1843 67069 19187 37257 60235 21722 29477 6278 34081 37592 12779 24813 5415 5109 20250 30339 13623
internal_count=372800 224762 148038 189656 95042 35106 52996 88791 32746 6251 97492 23119 3932 1843 67069 19187 37257 60235 21722 29477 6278 34081 37592 12779 24813 5415 5109 20250 30339 13623
cat_boundaries=0 1 2 3 4 5 6 7
cat_threshold=1 1 97 108 5 1 139
is_linear=0
shrinkage=0.05


Tree=62
num_leaves=31
num_cat=4
split_feature=1 9 14 14 3 2 3 1 2 0 2 3 14 13 2 4 14 14 14 9 5 2 5 2 4 2 9 2 1 17
split_gain=1717.86 669.407 416.554 259.562 256.807 255.617 213.622 134.411 94.3389 93.2376 84.2625 76.1653 88.697 58.9177 53.8611 51.9322 46.1822 44.8865 41.6141 40.9231 41.1791 39.0103 35.8219 33.9045 33.7912 33.3034 60.3898 51.2065 41.8945 117.766
threshold=1.0000000180025095e-35 0 0.10000000000000499 0.95000000000000295 9.3150000000000031 0.98499999999999954 9.7850000000000019 16.500000000000004 0.87999999999999956 1 1.0600000000000016 33.690000000000005 4.8500000000000023 1.7500000000000002 2.6100000000000003 -0.23556562809103937 2.0999999999999979 2.9999999999999996 2.5499999999999976 2 -0.12836258067794079 0.58500000000000008 0.77023320773058968 1.9650000000000001 0.63101285980617694 1.1149999999999989 3 2.1050000000000009 1.5000000000000002 0.85000000000000864
decision_type=2 9 2 2 2 2 2 2 2 1 2 2 2 2 2 2 2 2 2 9 2 2 2 2 2 2 9 2 2 2
left_child=1 3 6 -1 -3 9 8 13 -2 -4 17 16 -13 15 -14 23 -6 21 -12 -17 -21 -5 -9 -7 -8 26 -10 28 29 -27
right_child=2 4 5 10 11 7 24 22 25 -11 18 12 14 -15 -16 19 -18 -19 -20 20 -22 -23 -24 -25 -26 27 -28 -29 -30 -31
leaf_value=0 0 0 0 0 0 0 0 0 0 0 0 0 0.062980478799144465 0.065744200481613099 -0.001707289205470682 0 0 0 0 0.0031424176693719812 0.033024410834015867 0 0 -0.00053561182828832743 0 0 -0.00080608150396746568 -0.0071383594269947784 0 -0.045243749999999999
leaf_weight=92164 2407 11987 5633 7351 14200 15081 16678 12931 12684 618 46317 2089 593 467 1250 25070 4987 3176 13918 5864 752 26730 2104 26522 3572 1709 939 3958 10322 727
leaf_count=92164 2407 11987 5633 7351 14200 15081 16678 12931 12684 618 46317 2089 593 467 1250 25070 4987 3176 13918 5864 752 26730 2104 26522 3572 1709 939 3958 10322 727
internal_value=0.00180338 0.00455793 -0.00237878 0.00338332 0.0108996 -0.000398245 -0.00593064 -0.00108626 -0.00842698 0.0093745 0.00518196 0.013982 0.00764242 -0.00196459 -0.000352686 -0.00207739 0.0152812 0.00705102 0.0040259 -0.000552294 0.00294295 0.00652123 0.00322248 -0.00323895 -0.00189383 -0.0091829 -0.00734787 -0.0106784 -0.0122198 -0.00632184
internal_weight=372800 224762 148038 189656 35106 95042 52996 88791 32746 6251 97492 23119 3932 73756 1843 73289 19187 37257 60235 31686 6616 34081 15035 41603 20250 30339 13623 16716 12758 2436
internal_count=372800 224762 148038 189656 35106 95042 52996 88791 32746 6251 97492 23119 3932 73756 1843 73289 19187 37257 60235 31686 6616 34081 15035 41603 20250 30339 13623 16716 12758 2436
cat_boundaries=0 1 2 3 4
cat_threshold=1 1 195 139
is_linear=0
shrinkage=0.05


Tree=63
num_leaves=31
num_cat=4
split_feature=1 9 14 14 3 2 3 1 0 2 2 3 14 2 2 1 2 9 5 4 9 2 14 1 14 14 3 5 14 12
split_gain=1423.69 669.407 560.184 259.562 256.807 208.902 207.87 118.535 93.2376 92.5934 84.2625 76.1653 88.697 71.2394 69.5687 284.924 62.122 60.6531 82.7095 62.5431 54.2205 53.8611 53.6491 51.114 46.1822 44.8865 44.8489 42.7332 41.6141 40.0789
threshold=1.0000000180025095e-35 0 0.10000000000000499 0.95000000000000295 9.3150000000000031 0.98499999999999954 9.7850000000000019 6.5000000000000009 1 0.87999999999999956 1.0600000000000016 33.690000000000005 4.8500000000000023 2.0050000000000003 8.8650000000000038 1.5000000000000002 4.7150000000000007 2 0.89297894341113682 -0.069756473744125233 3 2.6100000000000003 1.7000000000000013 2.5000000000000004 2.0999999999999979 2.9999999999999996 12.835000000000003 0.77023320773058968 2.5499999999999976 1.0000000180025095e-35
decision_type=2 9 2 2 2 2 2 2 1 2 2 2 2 2 2 2 2 9 2 2 9 2 2 2 2 2 2 2 2 2
left_child=1 3 6 -1 -3 8 9 13 -4 -2 25 24 -13 22 17 20 27 18 -15 -20 -16 -14 -7 -17 -6 -5 -25 -9 -12 -18
right_child=2 4 5 10 11 7 -8 16 -10 -11 28 12 21 14 15 23 29 -19 19 -21 -22 -23 -24 26 -26 -27 -28 -29 -30 -31
leaf_value=0 0 0 0 0 0 0 0 0 0 0 0 0 0.059831454859187255 -0.016111915812318335 0.004689262613220624 0.0067443970329929886 -0.044482993080707134 -0.00042284218194068912 -0.012463625874106999 0.003846300932387968 0.0018749612096523813 -0.0016219247451971478 0 0.0075582063804295278 0 0 -0.040225472031922296 0 0 0.00017213245471146154
leaf_weight=92164 2407 11987 5633 34081 14200 23660 20250 27061 618 30339 46317 2089 593 10223 411 443 1507 5446 418 329 176 1250 11711 101 4987 3176 842 3770 13918 2693
leaf_count=92164 2407 11987 5633 34081 14200 23660 20250 27061 618 30339 46317 2089 593 10223 411 443 1507 5446 418 329 176 1250 11711 101 4987 3176 842 3770 13918 2693
internal_value=0.0020503 0.00455793 -0.00175698 0.00338332 0.0108996 0.000539761 -0.00587592 -8.22155e-05 0.0093745 -0.00833842 0.00518196 0.013982 0.00764242 -0.00155692 -0.00408124 0.00478966 0.00218093 -0.00514742 -0.00728597 0.00876841 0.0339864 -0.000352686 -0.000244551 -0.00757576 0.0152812 0.00705102 -0.0141569 0.00295806 0.0040259 -0.00352381
internal_weight=372800 224762 148038 189656 35106 95042 52996 88791 6251 32746 97492 23119 3932 53760 18389 1973 35031 16416 10970 747 587 1843 35371 1386 19187 37257 943 30831 60235 4200
internal_count=372800 224762 148038 189656 35106 95042 52996 88791 6251 32746 97492 23119 3932 53760 18389 1973 35031 16416 10970 747 587 1843 35371 1386 19187 37257 943 30831 60235 4200
cat_boundaries=0 1 2 3 4
cat_threshold=1 1 65 1
is_linear=0
shrinkage=0.05


Tree=64
num_leaves=31
num_cat=4
split_feature=1 9 14 14 3 3 2 1 0 2 2 3 14 2 2 1 2 9 5 4 9 2 14 1 14 14 5 3 14 3
split_gain=1414.57 669.407 565.709 259.562 256.807 207.87 207.412 116.203 93.2376 92.5934 84.2625 76.1653 88.697 66.0856 65.8132 286.906 60.3099 56.9547 80.2864 62.5431 54.2205 53.8611 53.6491 50.5215 46.1822 44.8865 42.7332 42.3656 41.6141 39.479
threshold=1.0000000180025095e-35 0 0.10000000000000499 0.95000000000000295 9.3150000000000031 9.7850000000000019 0.98499999999999954 6.5000000000000009 1 0.87999999999999956 1.0600000000000016 33.690000000000005 4.8500000000000023 2.0050000000000003 8.8650000000000038 1.5000000000000002 4.7150000000000007 2 0.89297894341113682 -0.069756473744125233 3 2.6100000000000003 1.7000000000000013 2.5000000000000004 2.0999999999999979 2.9999999999999996 0.77023320773058968 12.835000000000003 2.5499999999999976 20.255000000000006
decision_type=2 9 2 2 2 2 2 2 1 2 2 2 2 2 2 2 2 9 2 2 9 2 2 2 2 2 2 2 2 2
left_child=1 3 5 -1 -3 9 8 13 -4 -2 25 24 -13 22 17 20 26 18 -15 -20 -16 -14 -8 -17 -6 -5 -9 -25 -12 -18
right_child=2 4 6 10 11 -7 7 16 -10 -11 28 12 21 14 15 23 29 -19 19 -21 -22 -23 -24 27 -26 -27 -28 -29 -30 -31
leaf_value=0 0 0 0 0 0 0 0 0 0 0 0 0 0.056839882116227897 -0.015306320021702414 0.004454799482559591 0.0064071771813433379 0.0058033518533916915 -0.00040170007284365462 -0.011840444580401649 0.0036539858857685698 0.0017812131491697601 -0.0015408285079372905 0 0.0071802960614080515 0 0 0 -0.038214198430326175 0 -0.039185420581074042
leaf_weight=92164 2407 11987 5633 34081 14200 20250 23660 27061 618 30339 46317 2089 593 10223 411 443 1481 5446 418 329 176 1250 11711 101 4987 3176 3770 842 13918 2719
leaf_count=92164 2407 11987 5633 34081 14200 20250 23660 27061 618 30339 46317 2089 593 10223 411 443 1481 5446 418 329 176 1250 11711 101 4987 3176 3770 842 13918 2719
internal_value=0.00205834 0.00455793 -0.00173672 0.00338332 0.0108996 -0.00587592 0.000571326 -4.84283e-05 0.0093745 -0.00833842 0.00518196 0.013982 0.00764242 -0.00150856 -0.00393986 0.00468829 0.00219234 -0.00497685 -0.00704918 0.00876841 0.0339864 -0.000352686 -0.000244551 -0.00772006 0.0152812 0.00705102 0.00295806 -0.014263 0.0040259 -0.00342857
internal_weight=372800 224762 148038 189656 35106 52996 95042 88791 6251 32746 97492 23119 3932 53760 18389 1973 35031 16416 10970 747 587 1843 35371 1386 19187 37257 30831 943 60235 4200
internal_count=372800 224762 148038 189656 35106 52996 95042 88791 6251 32746 97492 23119 3932 53760 18389 1973 35031 16416 10970 747 587 1843 35371 1386 19187 37257 30831 943 60235 4200
cat_boundaries=0 1 2 3 4
cat_threshold=1 1 65 1
is_linear=0
shrinkage=0.05


Tree=65
num_leaves=31
num_cat=4
split_feature=1 9 14 14 3 3 2 1 0 2 2 3 14 2 2 2 14 2 1 1 5 9 14 14 5 4 3 14 9 4
split_gain=1394.9 669.407 577.775 259.562 256.807 207.87 204.202 109.595 93.2376 92.5934 84.2625 76.1653 88.697 58.9684 54.5765 53.8611 53.6491 48.132 246.268 50.5215 46.809 62.2189 46.1822 44.8865 42.7332 42.5159 42.3656 41.6141 41.2666 40.6188
threshold=1.0000000180025095e-35 0 0.10000000000000499 0.95000000000000295 9.3150000000000031 9.7850000000000019 0.98499999999999954 6.5000000000000009 1 0.87999999999999956 1.0600000000000016 33.690000000000005 4.8500000000000023 4.7150000000000007 2.0050000000000003 2.6100000000000003 1.7000000000000013 8.8650000000000038 1.5000000000000002 2.5000000000000004 0.89297894341113682 2 2.0999999999999979 2.9999999999999996 0.77023320773058968 1.0000000180025095e-35 12.835000000000003 2.5499999999999976 3 0.64445579466475156
decision_type=2 9 2 2 2 2 2 2 1 2 2 2 2 2 2 2 2 2 2 2 2 9 2 2 2 2 2 2 9 2
left_child=1 3 5 -1 -3 9 8 14 -4 -2 23 22 -13 24 16 -14 -8 20 28 -20 21 29 -6 -5 -9 -22 -21 -12 -19 -16
right_child=2 4 6 10 11 -7 7 13 -10 -11 27 12 15 -15 17 -17 -18 18 19 26 25 -23 -24 -25 -26 -27 -28 -29 -30 -31
leaf_value=0 0 0 0 0 0 0 0 0 0 0 0 0 0.053997888010416495 -0.015601828039556438 -0.025701522604509287 -0.0014637870825404259 0 0.0042320595084316074 0.0060868183222761779 0.0068212812583376484 -0.0034779198480817566 -0.0005710410563149862 0 0 0 0.0034712865914801414 -0.036303488508809857 0 0.0016921524917112741 -0.0028087666453227578
leaf_weight=92164 2407 11987 5633 34081 14200 20250 23660 27061 618 30339 46317 2089 593 4200 7398 1250 11711 411 443 101 597 5468 4987 3176 3770 322 842 13918 176 2631
leaf_count=92164 2407 11987 5633 34081 14200 20250 23660 27061 618 30339 46317 2089 593 4200 7398 1250 11711 411 443 101 597 5468 4987 3176 3770 322 842 13918 176 2631
internal_value=0.00207578 0.00455793 -0.00169281 0.00338332 0.0108996 -0.00587592 0.000639717 2.47773e-05 0.0093745 -0.00833842 0.00518196 0.013982 0.00764242 0.00220091 -0.00139323 -0.000352686 -0.000244551 -0.0036027 0.00377598 -0.00772006 -0.00448952 -0.0051397 0.0152812 0.00705102 0.00295806 0.00647443 -0.014263 0.0040259 0.0309199 -0.00747584
internal_weight=372800 224762 148038 189656 35106 52996 95042 88791 6251 32746 97492 23119 3932 35031 53760 1843 35371 18389 1973 1386 16416 15497 19187 37257 30831 919 943 60235 587 10029
internal_count=372800 224762 148038 189656 35106 52996 95042 88791 6251 32746 97492 23119 3932 35031 53760 1843 35371 18389 1973 1386 16416 15497 19187 37257 30831 919 943 60235 587 10029
cat_boundaries=0 1 2 3 4
cat_threshold=1 1 1 1
is_linear=0
shrinkage=0.05


Tree=66
num_leaves=31
num_cat=4
split_feature=1 9 14 14 3 3 2 1 0 2 2 3 14 2 2 2 14 14 14 14 5 14 1 2 7 2 9 4 9 2
split_gain=1379.87 669.407 587.143 259.562 256.807 207.87 201.75 105.684 93.2376 92.5934 84.2625 76.1653 88.697 56.778 53.8611 47.0762 53.6491 46.1822 44.8865 41.6141 40.9261 41.1507 67.9981 68.5933 51.3199 82.6714 59.455 39.8701 39.385 39.0103
threshold=1.0000000180025095e-35 0 0.10000000000000499 0.95000000000000295 9.3150000000000031 9.7850000000000019 0.98499999999999954 6.5000000000000009 1 0.87999999999999956 1.0600000000000016 33.690000000000005 4.8500000000000023 14.494999999999999 2.6100000000000003 2.0050000000000003 1.7000000000000013 2.0999999999999979 2.9999999999999996 2.5499999999999976 0.89297894341113682 2.8000000000000083 1.5000000000000002 8.0300000000000029 1.0000000180025095e-35 3.444999999999999 2 1.0000000180025095e-35 3 0.58500000000000008
decision_type=2 9 2 2 2 2 2 2 1 2 2 2 2 2 2 2 2 2 2 2 2 2 2 2 2 2 9 2 9 2
left_child=1 3 5 -1 -3 9 8 15 -4 -2 18 17 -13 -9 -14 16 -8 -6 29 -12 21 28 23 24 -23 -26 -27 -22 -17 -5
right_child=2 4 6 10 11 -7 7 13 -10 -11 19 12 14 -15 -16 20 -18 -19 -20 -21 27 22 -24 -25 25 26 -28 -29 -30 -31
leaf_value=0 0 0 0 0 0 0 0 0 0 0 0 0 0.051297993609895669 -0.10689272628096164 -0.0013905977284134046 0.0011445805364619554 0 0 0 0 -0.0031432222354950525 -0.002915316625040654 -0.010838796618060096 0.0029485829565669254 -0.02719952154635721 0.0054194827525981155 0.028092059098164281 0.0032977222619061338 -0.0071080350939874415 0
leaf_weight=92164 2407 11987 5633 7351 14200 20250 23660 34610 618 30339 46317 2089 593 421 1250 1282 11711 4987 3176 13918 622 752 4177 327 189 206 186 324 10324 26730
leaf_count=92164 2407 11987 5633 7351 14200 20250 23660 34610 618 30339 46317 2089 593 421 1250 1282 11711 4987 3176 13918 622 752 4177 327 189 206 186 324 10324 26730
internal_value=0.00208919 0.00455793 -0.00165903 0.00338332 0.0108996 -0.00587592 0.000692325 8.10893e-05 0.0093745 -0.00833842 0.00518196 0.013982 0.00764242 0.00221804 -0.000352686 -0.00131138 -0.000244551 0.0152812 0.00705102 0.0040259 -0.00336342 -0.00391274 -0.000488265 0.00807229 0.00303826 0.0141997 0.0272959 0.00676533 -0.00563502 0.00652123
internal_weight=372800 224762 148038 189656 35106 52996 95042 88791 6251 32746 97492 23119 3932 35031 1843 53760 35371 19187 37257 60235 18389 17443 5837 1660 1333 581 392 946 11606 34081
internal_count=372800 224762 148038 189656 35106 52996 95042 88791 6251 32746 97492 23119 3932 35031 1843 53760 35371 19187 37257 60235 18389 17443 5837 1660 1333 581 392 946 11606 34081
cat_boundaries=0 1 2 3 4
cat_threshold=1 1 1 130
is_linear=0
shrinkage=0.05


Tree=67
num_leaves=31
num_cat=3
split_feature=1 9 14 14 3 3 2 1 0 2 2 3 14 2 14 14 14 5 14 2 1 2 7 2 9 2 2 12 2 7
split_gain=1365.85 661.819 594.123 259.562 253.125 207.87 199.945 102.435 93.2376 92.5934 84.2625 83.9628 98.5506 55.0345 46.2527 46.1822 44.8865 42.7332 41.6141 40.9827 46.9466 130.728 133.495 97.4419 64.0552 39.9984 39.0103 38.2597 44.7799 36.6592
threshold=1.0000000180025095e-35 0 0.10000000000000499 0.95000000000000295 9.3150000000000031 9.7850000000000019 0.98499999999999954 6.5000000000000009 1 0.87999999999999956 1.0600000000000016 33.690000000000005 4.8500000000000023 4.7150000000000007 1.7000000000000013 2.0999999999999979 2.9999999999999996 0.77023320773058968 2.5499999999999976 2.0849999999999995 1.5000000000000002 8.0300000000000029 1.0000000180025095e-35 3.5650000000000017 2 2.6100000000000003 0.58500000000000008 1.0000000180025095e-35 8.5750000000000011 1.0000000180025095e-35
decision_type=2 9 2 2 2 2 2 2 1 2 2 2 2 2 2 2 2 2 2 2 2 2 2 2 9 2 2 2 2 2
left_child=1 3 5 -1 -3 9 8 14 -4 -2 16 15 -13 17 -8 -6 26 -9 -12 -16 21 22 -21 -24 -25 -14 -5 28 -15 -22
right_child=2 4 6 10 11 -7 7 13 -10 -11 18 12 25 27 19 -17 -18 -19 -20 20 29 -23 23 24 -26 -27 -28 -29 -30 -31
leaf_value=0 0 0 0 0 0 0 0 0 0 0 0 0 0.048733093929400888 -0.014802355267722023 0 0 0 0 0 -0.0041964142139089616 -0.0026985621177095095 0.0028011538087385768 -0.026340361277561286 0.0051485086149682061 0.038960320871358811 -0.0013210678419927344 0 0.0020437828298969342 -0.12318455894461167 -0.020170730391882642
leaf_weight=92164 2407 11987 5633 7351 14200 20250 31701 27061 618 30339 46317 2089 593 981 11718 4987 3176 3770 13918 1757 4704 429 263 354 228 1250 26730 2693 526 2606
leaf_count=92164 2407 11987 5633 7351 14200 20250 31701 27061 618 30339 46317 2089 593 981 11718 4987 3176 3770 13918 1757 4704 429 263 354 228 1250 26730 2693 526 2606
internal_value=0.00209509 0.00455126 -0.00163404 0.00338332 0.0108569 -0.00587592 0.000731256 0.00012276 0.0093745 -0.00833842 0.00518196 0.0139171 0.00726094 0.0022266 -0.00124814 0.0152812 0.00705102 0.00295806 0.0040259 0.000509996 -0.00178416 0.00344771 -0.00076864 0.0155621 0.0269759 -0.00116658 0.00652123 -0.00314286 -0.00952223 -0.00395349
internal_weight=372800 224762 148038 189656 35106 52996 95042 88791 6251 32746 97492 23119 3932 35031 53760 19187 37257 30831 60235 22059 10341 3031 2602 845 582 1843 34081 4200 1507 7310
internal_count=372800 224762 148038 189656 35106 52996 95042 88791 6251 32746 97492 23119 3932 35031 53760 19187 37257 30831 60235 22059 10341 3031 2602 845 582 1843 34081 4200 1507 7310
cat_boundaries=0 1 2 3
cat_threshold=1 1 1
is_linear=0
shrinkage=0.05


Tree=68
num_leaves=31
num_cat=3
split_feature=1 9 14 14 3 3 2 1 0 2 2 3 14 2 14 14 14 5 14 2 2 1 2 7 2 9 2 3 3 1
split_gain=1361.97 661.819 596.586 259.562 253.125 207.87 199.312 102.956 93.2376 92.5934 84.2625 83.9628 98.5506 52.0687 47.1004 46.1822 44.8865 42.7332 41.6141 39.9984 39.8889 44.1713 127.001 130.274 94.9164 71.1535 39.0103 36.5331 44.2093 44.2547
threshold=1.0000000180025095e-35 0 0.10000000000000499 0.95000000000000295 9.3150000000000031 9.7850000000000019 0.98499999999999954 6.5000000000000009 1 0.87999999999999956 1.0600000000000016 33.690000000000005 4.8500000000000023 4.7150000000000007 1.7000000000000013 2.0999999999999979 2.9999999999999996 0.77023320773058968 2.5499999999999976 2.6100000000000003 2.0849999999999995 1.5000000000000002 8.0300000000000029 1.0000000180025095e-35 3.444999999999999 2 0.58500000000000008 20.255000000000006 22.050000000000004 14.500000000000002
decision_type=2 9 2 2 2 2 2 2 1 2 2 2 2 2 2 2 2 2 2 2 2 2 2 2 2 9 2 2 2 2
left_child=1 3 5 -1 -3 9 8 14 -4 -2 16 15 -13 17 -8 -6 26 -9 -12 -14 -16 22 23 -22 -25 -26 -5 -15 -29 -30
right_child=2 4 6 10 11 -7 7 13 -10 -11 18 12 19 27 20 -17 -18 -19 -20 -21 21 -23 -24 24 25 -27 -28 28 29 -31
leaf_value=0 0 0 0 0 0 0 0 0 0 0 0 0 0.046296439232930836 0.006191086521205081 0 0 0 0 0 -0.0012550144498930976 -0.0039865935032135152 -0.0072999728493154149 0.0026610961183016536 -0.025807611975719149 0.0048910831842197914 0.039983382298777757 0 -0.12160490528817279 -0.051892533370541095 0.011357935882025742
leaf_weight=92164 2407 11987 5633 7351 14200 20250 31701 27061 618 30339 46317 2089 593 1481 11718 4987 3176 3770 13918 1250 1757 7310 429 254 360 231 26730 230 1309 1180
leaf_count=92164 2407 11987 5633 7351 14200 20250 31701 27061 618 30339 46317 2089 593 1481 11718 4987 3176 3770 13918 1250 1757 7310 429 254 360 231 26730 230 1309 1180
internal_value=0.00209858 0.00455126 -0.00162526 0.00338332 0.0108569 -0.00587592 0.000744934 0.000137401 0.0093745 -0.00833842 0.00518196 0.0139171 0.00726094 0.00224658 -0.00123698 0.0152812 0.00705102 0.00295806 0.0040259 -0.00116658 0.000537196 -0.00172614 0.00334873 -0.000807071 0.0153254 0.0263113 0.00652123 -0.00297619 -0.0064178 -0.00447971
internal_weight=372800 224762 148038 189656 35106 52996 95042 88791 6251 32746 97492 23119 3932 35031 53760 19187 37257 30831 60235 1843 22059 10341 3031 2602 845 591 34081 4200 2719 2489
internal_count=372800 224762 148038 189656 35106 52996 95042 88791 6251 32746 97492 23119 3932 35031 53760 19187 37257 30831 60235 1843 22059 10341 3031 2602 845 591 34081 4200 2719 2489
cat_boundaries=0 1 2 3
cat_threshold=1 1 1
is_linear=0
shrinkage=0.05


Tree=69
num_leaves=31
num_cat=4
split_feature=1 9 14 14 3 3 2 1 0 2 2 3 14 2 14 14 14 2 14 2 2 1 2 7 2 9 9 4 7 4
split_gain=1362.86 661.819 596.017 259.562 253.125 207.87 199.458 105.249 93.2376 92.5934 84.2625 83.9628 98.5506 51.7976 46.1822 45.6918 44.8865 41.7201 41.6141 39.9984 39.0103 36.4607 132.715 104.069 72.9367 54.4444 34.18 33.7912 33.594 33.4904
threshold=1.0000000180025095e-35 0 0.10000000000000499 0.95000000000000295 9.3150000000000031 9.7850000000000019 0.98499999999999954 6.5000000000000009 1 0.87999999999999956 1.0600000000000016 33.690000000000005 4.8500000000000023 17.030000000000005 2.0999999999999979 1.7000000000000013 2.9999999999999996 2.0849999999999995 2.5499999999999976 2.6100000000000003 0.58500000000000008 1.5000000000000002 8.0300000000000029 1.0000000180025095e-35 3.444999999999999 2 3 0.63101285980617694 1.0000000180025095e-35 -0.056692787563377804
decision_type=2 9 2 2 2 2 2 2 1 2 2 2 2 2 2 2 2 2 2 2 2 2 2 2 2 9 9 2 2 2
left_child=1 3 5 -1 -3 9 8 15 -4 -2 16 14 -13 -9 -6 -8 20 -17 -12 -14 -5 22 23 -19 -25 29 -24 -7 -23 -26
right_child=2 4 6 10 11 27 7 13 -10 -11 18 12 19 -15 -16 17 -18 21 -20 -21 -22 28 26 24 25 -27 -28 -29 -30 -31
leaf_value=0 0 0 0 0 0 0 0 0 0 0 0 0 0.043981617271284294 -0.11285896362986603 0 0 0 -0.0037872638280528393 0 -0.0011922637273984427 0 -0.0021986353693582632 0.0030912841102850755 -0.024517231376933186 0.0039642474939555637 0.037984213183838871 0.001410605372021978 0 -0.01879719522982274 0.0055524542449742588
leaf_weight=92164 2407 11987 5633 7351 14200 16678 31701 34728 618 30339 46317 2089 593 303 4987 11718 3176 1757 13918 1250 26730 4704 292 254 161 231 137 3572 2606 199
leaf_count=92164 2407 11987 5633 7351 14200 16678 31701 34728 618 30339 46317 2089 593 303 4987 11718 3176 1757 13918 1250 26730 4704 292 254 161 231 137 3572 2606 199
internal_value=0.00209777 0.00455126 -0.00162728 0.00338332 0.0108569 -0.00587592 0.000741777 0.000134023 0.0093745 -0.00833842 0.00518196 0.0139171 0.00726094 0.00226656 0.0152812 -0.00125558 0.00705102 0.000491863 0.0040259 -0.00116658 0.00652123 -0.00182284 0.00278786 -0.00146042 0.0129586 0.0225888 0.0285548 -0.00189383 -0.00373461 0.0343243
internal_weight=372800 224762 148038 189656 35106 52996 95042 88791 6251 32746 97492 23119 3932 35031 19187 53760 37257 22059 60235 1843 34081 10341 3031 2602 845 591 429 20250 7310 360
internal_count=372800 224762 148038 189656 35106 52996 95042 88791 6251 32746 97492 23119 3932 35031 19187 53760 37257 22059 60235 1843 34081 10341 3031 2602 845 591 429 20250 7310 360
cat_boundaries=0 1 2 3 4
cat_threshold=1 1 1 1
is_linear=0
shrinkage=0.05


Tree=70
num_leaves=31
num_cat=3
split_feature=1 9 14 14 3 3 2 1 0 2 2 3 14 2 14 14 14 5 14 2 2 2 4 10 9 10 5 3 2 2
split_gain=1359.59 661.819 598.104 259.562 253.125 207.87 198.924 104.872 93.2376 92.5934 84.2625 83.9628 98.5506 47.9814 46.817 46.1822 44.8865 42.759 41.6141 40.2519 39.9984 39.0103 33.7912 33.1607 33.0423 37.9722 33.0106 32.8858 41.3763 37.4531
threshold=1.0000000180025095e-35 0 0.10000000000000499 0.95000000000000295 9.3150000000000031 9.7850000000000019 0.98499999999999954 6.5000000000000009 1 0.87999999999999956 1.0600000000000016 33.690000000000005 4.8500000000000023 4.6200000000000037 1.7000000000000013 2.0999999999999979 2.9999999999999996 0.77023320773058968 2.5499999999999976 2.0849999999999995 2.6100000000000003 0.58500000000000008 0.63101285980617694 13.000000000000002 2 2.5000000000000004 0.25460194820552756 12.835000000000003 8.8650000000000038 8.5750000000000011
decision_type=2 9 2 2 2 2 2 2 1 2 2 2 2 2 2 2 2 2 2 2 2 2 2 2 9 2 2 2 2 2
left_child=1 3 5 -1 -3 9 8 14 24 -2 16 15 -13 17 -8 -6 21 -9 -12 -16 -14 -5 -7 -17 -4 -26 -24 28 -15 -29
right_child=2 4 6 10 11 22 7 13 -10 -11 18 12 20 27 19 23 -18 -19 -20 -21 -22 -23 26 -25 25 -27 -28 29 -30 -31
leaf_value=0 0 0 0 0 0 0 0 0 0 0 0 0 0.041782536407720075 -0.0076708019074041515 0 0.045000000000000005 0 0 0 -0.0017117993491374409 -0.0011326505410285206 0 0 0 0.0013837116349451062 0.037074277277132549 0.00081713925491047059 -0.00409346960292416 0.023265865727763048 -0.092993210427037107
leaf_weight=92164 2407 11987 4017 7351 14200 16678 31701 27047 618 30339 46317 2089 593 308 11718 4211 3176 3770 13918 10341 1250 26730 3226 776 263 1353 346 2482 233 1191
leaf_count=92164 2407 11987 4017 7351 14200 16678 31701 27047 618 30339 46317 2089 593 308 11718 4211 3176 3770 13918 10341 1250 26730 3226 776 263 1353 346 2482 233 1191
internal_value=0.00210072 0.00455126 -0.00161985 0.00338332 0.0108569 -0.00587592 0.000753351 0.000146411 0.0093745 -0.00833842 0.00518196 0.0139171 0.00726094 0.00227513 -0.0012407 0.0152812 0.00705102 0.00295941 0.0040259 0.000528129 -0.00116658 0.00652123 -0.00189383 0.0194205 0.0113971 0.0174662 0.0025196 -0.002729 0.00878004 -0.00442418
internal_weight=372800 224762 148038 189656 35106 52996 95042 88791 6251 32746 97492 23119 3932 35031 53760 19187 37257 30817 60235 22059 1843 34081 20250 4987 5633 1616 3572 4214 541 3673
internal_count=372800 224762 148038 189656 35106 52996 95042 88791 6251 32746 97492 23119 3932 35031 53760 19187 37257 30817 60235 22059 1843 34081 20250 4987 5633 1616 3572 4214 541 3673
cat_boundaries=0 1 2 3
cat_threshold=1 1 1
is_linear=0
shrinkage=0.05


Tree=71
num_leaves=31
num_cat=3
split_feature=1 14 14 9 3 2 1 14 0 2 2 9 2 3 4 14 15 2 5 2 14 15 2 10 10 3 2 2 2 1
split_gain=1212.51 604.616 383.729 227.909 203.591 196.233 105.681 97.5042 92.7528 92.5934 84.4473 80.7448 70.9893 66.3671 54.3524 47.5272 47.1128 44.8322 42.759 42.4871 57.3987 40.595 39.3476 34.7278 34.6361 32.8573 40.4197 35.975 31.9514 174.469
threshold=1.0000000180025095e-35 0.10000000000000499 0.95000000000000295 0 9.7850000000000019 0.98499999999999954 6.5000000000000009 2.5499999999999976 1 0.87999999999999956 1.0600000000000016 2 0.79499999999999871 5.9250000000000007 0.050157042382144003 1.7000000000000013 1.0000000180025095e-35 4.6200000000000037 0.77023320773058968 0.98499999999999954 1.0499999999999974 1.0000000180025095e-35 2.0849999999999995 2.5000000000000004 11.000000000000002 12.835000000000003 8.8650000000000038 8.5750000000000011 10.875000000000002 4.5000000000000009
decision_type=2 2 2 9 2 2 2 2 1 2 2 9 2 2 2 2 2 2 2 2 2 2 2 2 2 2 2 2 2 2
left_child=2 4 11 10 9 8 15 19 -3 -2 21 -1 -9 -13 16 -7 24 18 -8 20 -5 -4 -17 -16 -14 26 -19 -27 -6 -30
right_child=1 5 3 7 28 6 17 12 -10 -11 -12 13 14 -15 23 22 -18 25 -20 -21 -22 -23 -24 -25 -26 27 -28 -29 29 -31
leaf_value=0 0 0 0 -0.0025000000000000005 0 0 0 0.090714777840722169 0 0 0 0 -0.0010760180139770946 0 0.14298750000000002 0 0.042750000000000003 -0.0072872618120339468 0 0 0.047500000000000001 0 -0.0016262093816805689 0.042750000000000003 0 -0.0038887961227779518 0.022102572441374892 -0.088343549905685229 0.01043890873904918 -0.19036155815110553
leaf_weight=92164 2407 5633 37266 453 19636 31701 27047 267 618 30339 64376 7843 1711 4892 130 11718 1351 308 3770 10198 349 1792 10341 1753 217 2482 233 1191 219 395
leaf_count=92164 2407 5633 37266 453 19636 31701 27047 267 618 30339 64376 7843 1711 4892 130 11718 1351 308 3770 10198 349 1792 10341 1753 217 2482 233 1191 219 395
internal_value=0.00189136 -0.00162222 0.00420556 0.00613826 -0.00590139 0.000763873 0.000161052 0.0116096 0.00932651 -0.00833842 0.00526758 0.00199716 0.00613373 0.00572774 0.0048334 -0.0012314 0.00094541 0.00229796 0.00295941 0.0143227 0.0032419 0.00710226 0.000550796 0.0116038 -0.00407158 -0.00253916 0.00896488 -0.0042336 -0.00196049 -0.0131922
internal_weight=372800 148038 224762 119863 52996 95042 88791 16429 6251 32746 103434 104899 5429 12735 5162 53760 3279 35031 30817 11000 802 39058 22059 1883 1928 4214 541 3673 20250 614
internal_count=372800 148038 224762 119863 52996 95042 88791 16429 6251 32746 103434 104899 5429 12735 5162 53760 3279 35031 30817 11000 802 39058 22059 1883 1928 4214 541 3673 20250 614
cat_boundaries=0 1 2 3
cat_threshold=129 1 1
is_linear=0
shrinkage=0.05


Tree=72
num_leaves=31
num_cat=3
split_feature=1 14 14 3 2 9 14 1 0 2 2 2 9 3 10 14 2 14 2 5 15 2 2 1 2 2 1 3 13 1
split_gain=1172.58 611.197 356.701 202.647 194.836 156.65 191.827 105.556 92.7528 92.5934 85.5781 84.4473 80.7448 66.3671 62.2699 50.1282 42.9589 56.6606 40.6766 42.759 40.595 36.1771 34.7039 161.671 42.825 146.284 103.654 62.3987 61.627 79.5113
threshold=1.0000000180025095e-35 0.10000000000000499 0.95000000000000295 9.7850000000000019 0.98499999999999954 0 2.9999999999999996 6.5000000000000009 1 0.87999999999999956 0.98499999999999954 1.0600000000000016 2 5.9250000000000007 2.5000000000000004 1.7000000000000013 0.98499999999999954 1.0499999999999974 4.6200000000000037 0.77023320773058968 1.0000000180025095e-35 2.0849999999999995 10.875000000000002 4.5000000000000009 3.2599999999999993 2.9950000000000014 1.5000000000000002 21.710000000000004 -0.74999999999999989 1.5000000000000002
decision_type=2 2 2 2 2 9 2 2 1 2 2 2 9 2 2 2 2 2 2 2 2 2 2 2 2 2 2 2 2 2
left_child=2 3 12 9 8 11 16 15 -3 -2 -8 20 -1 -14 -12 -6 17 -7 19 -9 -4 -17 24 -24 25 -5 27 -26 29 -27
right_child=1 4 5 22 7 6 10 18 -10 -11 14 -13 13 -15 -16 21 -18 -19 -20 -21 -22 -23 23 -25 26 28 -28 -29 -30 -31
leaf_value=0 0 0 0 0 0 -0.0023750000000000004 0.08617903894868606 0 0 0 0.090847196774414662 0 0 0 0 0 0 0.045124999999999998 -0.012575901322312033 0 0 -0.0015448989125965403 0.009916963302096727 -0.18084348024355026 0.00015701414100414147 0.0012894318671506034 -0.002344841864793723 0.0004506107564446471 -0.011695818804474511 -0.034319433132338831
leaf_weight=92164 2407 5633 37266 12315 31701 453 269 27047 618 30339 327 64376 7843 4892 4800 11718 10230 350 4214 3770 1792 10341 219 395 647 94 3713 342 2123 402
leaf_count=92164 2407 5633 37266 12315 31701 453 269 27047 618 30339 327 64376 7843 4892 4800 11718 10230 350 4214 3770 1792 10341 219 395 647 94 3713 342 2123 402
internal_value=0.00185059 -0.00160466 0.00412636 -0.00590705 0.000794386 0.00598975 0.0105268 0.000193713 0.00932651 -0.00833842 0.00280764 0.00526758 0.00199716 0.00572774 0.00136532 -0.00119792 0.0143116 0.00317559 0.00232937 0.00295941 0.00710226 0.000632395 -0.00197531 -0.0136808 -0.00160929 -0.00291951 0.00255211 0.0169363 -0.0136502 0.00221774
internal_weight=372800 148038 224762 52996 95042 119863 16429 88791 6251 32746 5396 103434 104899 12735 5127 53760 11033 803 35031 30817 39058 22059 20250 614 19636 14934 4702 989 2619 496
internal_count=372800 148038 224762 52996 95042 119863 16429 88791 6251 32746 5396 103434 104899 12735 5127 53760 11033 803 35031 30817 39058 22059 20250 614 19636 14934 4702 989 2619 496
cat_boundaries=0 1 2 3
cat_threshold=129 1 1
is_linear=0
shrinkage=0.05


Tree=73
num_leaves=31
num_cat=3
split_feature=1 14 14 3 2 9 14 1 0 2 2 2 9 3 10 14 15 2 14 15 14 2 5 12 4 3 2 1 2 2
split_gain=1159.37 616.974 355.807 204.223 192.967 154.479 195.553 103.482 92.7528 92.5934 86.2719 84.4473 80.7448 66.3671 56.0634 54.7701 48.5136 42.9589 56.6606 40.595 40.2612 37.7813 42.759 33.6349 38.0461 32.5899 32.0077 144.701 43.4934 146.284
threshold=1.0000000180025095e-35 0.10000000000000499 0.95000000000000295 9.7850000000000019 0.98499999999999954 0 2.9999999999999996 6.5000000000000009 1 0.87999999999999956 0.98499999999999954 1.0600000000000016 2 5.9250000000000007 3.5000000000000004 1.7000000000000013 0.75000000000000011 0.98499999999999954 1.0499999999999974 1.0000000180025095e-35 3.4499999999999997 4.6200000000000037 0.77023320773058968 1.0000000180025095e-35 0.16289508573225206 9.4800000000000022 10.875000000000002 4.5000000000000009 3.2599999999999993 2.9950000000000014
decision_type=2 2 2 2 2 9 2 2 1 2 2 2 9 2 2 2 2 2 2 2 2 2 2 2 2 2 2 2 2 2
left_child=2 3 12 9 8 11 17 15 -3 -2 -8 19 -1 -14 16 -6 20 18 -7 -4 -12 22 -9 24 -23 -25 28 -28 29 -5
right_child=1 4 5 26 7 6 10 21 -10 -11 14 -13 13 -15 -16 -17 -18 -19 -20 -21 -22 23 -24 25 -26 -27 27 -29 -30 -31
leaf_value=0 0 0 0 0 0 -0.00225625 0.081870087001251757 0 0 0 -0.0021961990993011457 0 0 0 -0.00051110855663911992 0 0.040612499999999996 0 0.042868750000000004 0 0.047862500000000002 -0.052213308651134438 0 0.0070715600824067309 0.013876448633137129 -0.0013007948664923675 0.0094211151369918873 -0.17180130623137277 0.00015327491254846226 -0.01111102786425079
leaf_weight=92164 2407 5633 37266 12315 31701 453 269 27047 618 30339 249 64376 7843 4892 3970 22059 602 10230 350 1792 306 1052 3770 173 464 2525 219 395 4702 2619
leaf_count=92164 2407 5633 37266 12315 31701 453 269 27047 618 30339 249 64376 7843 4892 3970 22059 602 10230 350 1792 306 1052 3770 173 464 2525 219 395 4702 2619
internal_value=0.00186078 -0.00157493 0.0041237 -0.00589761 0.00083542 0.00598475 0.0104903 0.000237637 0.00932651 -0.00833842 0.00269644 0.00526758 0.00199716 0.00572774 0.00124829 -0.00114025 0.0109334 0.0143116 0.00317559 0.00710226 0.00027027 0.0023522 0.00295941 -0.00208828 -0.00804749 0.00126019 -0.00195062 -0.0131922 -0.0015991 -0.00291951
internal_weight=372800 148038 224762 52996 95042 119863 16429 88791 6251 32746 5396 103434 104899 12735 5127 53760 1157 11033 803 39058 555 35031 30817 4214 1516 2698 20250 614 19636 14934
internal_count=372800 148038 224762 52996 95042 119863 16429 88791 6251 32746 5396 103434 104899 12735 5127 53760 1157 11033 803 39058 555 35031 30817 4214 1516 2698 20250 614 19636 14934
cat_boundaries=0 1 2 3
cat_threshold=129 1 1
is_linear=0
shrinkage=0.05


Tree=74
num_leaves=31
num_cat=4
split_feature=1 14 14 3 2 9 14 1 0 2 2 2 9 3 14 10 2 14 15 2 1 2 2 1 3 13 1 13 3 9
split_gain=1170.28 622.253 362.764 200.138 192.776 171.694 167.613 104.16 92.7528 92.5934 84.4473 80.9688 80.7448 66.3671 54.7701 47.7485 42.9589 56.6606 40.595 38.4274 127.022 41.5037 146.284 96.2726 66.8585 61.627 79.5113 59.2882 56.4316 43.3904
threshold=1.0000000180025095e-35 0.10000000000000499 0.95000000000000295 9.7850000000000019 0.98499999999999954 0 2.9999999999999996 6.5000000000000009 1 0.87999999999999956 1.0600000000000016 0.98499999999999954 2 5.9250000000000007 1.7000000000000013 2.5000000000000004 0.98499999999999954 1.0499999999999974 1.0000000180025095e-35 10.875000000000002 4.5000000000000009 3.2599999999999993 2.9950000000000014 1.5000000000000002 21.710000000000004 -0.74999999999999989 1.5000000000000002 -1.0000000180025095e-35 12.040000000000001 3
decision_type=2 2 2 2 2 9 2 2 1 2 2 2 9 2 2 2 2 2 2 2 2 2 2 2 2 2 2 2 2 9
left_child=2 3 12 9 8 10 16 14 -3 -2 18 -8 -1 -14 -6 -13 17 -7 -4 21 -21 22 29 24 -23 26 -24 -25 -29 -5
right_child=1 4 5 19 7 6 11 -9 -10 -11 -12 15 13 -15 -16 -17 -18 -19 -20 20 -22 23 25 27 -26 -27 -28 28 -30 -31
leaf_value=0 0 0 0 0.041236469443962705 0 -0.0021434374999999999 0.077776582651189169 0 0 0 0 0.083911711935693911 0 0 0 2.5555427831955998e-05 0 0.040725312499999999 0 0.0089500593801422838 -0.1632112409198041 0.0001414996883265074 0.0017805116670056133 -0.045671464972591919 0.000420416472995 -0.010555476471038251 -0.032047910082509345 -0.019817894571428931 0.00089179813977722242 0
leaf_weight=92164 2407 5633 37266 812 31701 453 269 35031 618 30339 64376 327 7843 4892 22059 4800 10230 350 1792 219 395 647 94 239 342 2123 402 467 3007 11503
leaf_count=92164 2407 5633 37266 812 31701 453 269 35031 618 30339 64376 327 7843 4892 22059 4800 10230 350 1792 219 395 647 94 239 342 2123 402 467 3007 11503
internal_value=0.00187084 -0.00158101 0.00414438 -0.00592215 0.000839629 0.00602354 0.0107732 0.000242142 0.00932651 -0.00833842 0.00526758 0.00355819 0.00199716 0.00572774 -0.00114025 0.00215526 0.0143116 0.00317559 0.00710226 -0.00201481 -0.0143322 -0.00162966 -0.00291951 0.00246704 0.0163296 -0.0136502 0.00221774 -0.00122542 0.000431779 -0.000637434
internal_weight=372800 148038 224762 52996 95042 119863 16429 88791 6251 32746 103434 5396 104899 12735 53760 5127 11033 803 39058 20250 614 19636 14934 4702 989 2619 496 3713 3474 12315
internal_count=372800 148038 224762 52996 95042 119863 16429 88791 6251 32746 103434 5396 104899 12735 53760 5127 11033 803 39058 20250 614 19636 14934 4702 989 2619 496 3713 3474 12315
cat_boundaries=0 1 2 3 4
cat_threshold=129 1 1 40
is_linear=0
shrinkage=0.05


Tree=75
num_leaves=31
num_cat=5
split_feature=1 14 14 3 2 9 14 1 0 2 2 2 9 3 14 10 2 1 2 14 2 2 1 3 13 1 13 3 9 9
split_gain=1172.04 624.686 362.614 197.956 192.776 171.314 168.191 104.16 92.7528 92.5934 84.4473 81.0811 80.7448 66.3671 54.7701 46.281 43.4467 115.099 42.9589 56.6606 40.8508 146.284 96.8643 66.8585 61.627 79.5113 59.0234 56.0305 43.3904 43.0754
threshold=1.0000000180025095e-35 0.10000000000000499 0.95000000000000295 9.7850000000000019 0.98499999999999954 0 2.9999999999999996 6.5000000000000009 1 0.87999999999999956 1.0600000000000016 0.98499999999999954 2 5.9250000000000007 1.7000000000000013 2.5000000000000004 10.875000000000002 4.5000000000000009 0.98499999999999954 1.0499999999999974 3.2599999999999993 2.9950000000000014 1.5000000000000002 21.710000000000004 -0.74999999999999989 1.5000000000000002 -1.0000000180025095e-35 12.040000000000001 3 4
decision_type=2 2 2 2 2 9 2 2 1 2 2 2 9 2 2 2 2 2 2 2 2 2 2 2 2 2 2 2 9 9
left_child=2 3 12 9 8 10 18 14 -3 -2 -4 -8 -1 -14 -6 -13 20 -18 19 -7 21 28 23 -22 25 -23 -24 -28 -5 -26
right_child=1 4 5 16 7 6 11 -9 -10 -11 -12 15 13 -15 -16 -17 17 -19 -20 -21 22 24 26 -25 29 -27 27 -29 -30 -31
leaf_value=0 0 0 0 0.039174645971764566 0 -0.0020362656249999999 0.073887753518629709 0 0 0 0 0.079716126338909232 0 0 0 2.4277656440358198e-05 0.0085025564111351759 -0.15505067887381394 0 0.038689046875000001 0.00013442470391018536 0.001691486083655336 -0.043387891723962319 0.00039939564934524666 0.012086433349172811 -0.030445514578383882 -0.018826999842857486 0.00084720823278836574 0 -0.010027702647486337
leaf_weight=92164 2407 5633 39058 812 31701 453 269 35031 618 30339 64376 327 7843 4892 22059 4800 219 395 10230 350 647 94 239 342 264 402 467 3007 11503 1859
leaf_count=92164 2407 5633 39058 812 31701 453 269 35031 618 30339 64376 327 7843 4892 22059 4800 219 395 10230 350 647 94 239 342 264 402 467 3007 11503 1859
internal_value=0.0018687 -0.00158574 0.00414394 -0.00593535 0.000839629 0.00602271 0.0107671 0.000242142 0.00932651 -0.00833842 0.00526758 0.00353966 0.00199716 0.00572774 -0.00114025 0.00213575 -0.00204938 -0.0151466 0.0143116 0.00317559 -0.00163985 -0.00291951 0.0024245 0.0163296 -0.0136502 0.00221774 -0.00127929 0.000374208 -0.000637434 -0.0173575
internal_weight=372800 148038 224762 52996 95042 119863 16429 88791 6251 32746 103434 5396 104899 12735 53760 5127 20250 614 11033 803 19636 14934 4702 989 2619 496 3713 3474 12315 2123
internal_count=372800 148038 224762 52996 95042 119863 16429 88791 6251 32746 103434 5396 104899 12735 53760 5127 20250 614 11033 803 19636 14934 4702 989 2619 496 3713 3474 12315 2123
cat_boundaries=0 1 2 3 4 5
cat_threshold=129 1 1 40 168
is_linear=0
shrinkage=0.05


Tree=76
num_leaves=31
num_cat=5
split_feature=1 14 14 3 2 9 14 1 0 2 2 2 9 3 14 10 2 14 15 2 5 9 10 2 2 1 2 7 2 9
split_gain=1164.86 615.672 362.614 206.121 192.776 171.314 168.191 104.16 92.7528 92.5934 84.4473 81.0811 80.7448 66.3671 54.7701 46.281 42.9589 56.6606 40.595 36.3737 42.759 31.6015 37.1655 31.1792 31.0291 37.4205 126.005 113.686 82.4747 66.2927
threshold=1.0000000180025095e-35 0.10000000000000499 0.95000000000000295 9.7850000000000019 0.98499999999999954 0 2.9999999999999996 6.5000000000000009 1 0.87999999999999956 1.0600000000000016 0.98499999999999954 2 5.9250000000000007 1.7000000000000013 2.5000000000000004 0.98499999999999954 1.0499999999999974 1.0000000180025095e-35 4.6200000000000037 0.77023320773058968 3 2.5000000000000004 0.58500000000000008 2.0849999999999995 1.5000000000000002 8.0300000000000029 1.0000000180025095e-35 3.444999999999999 4
decision_type=2 2 2 2 2 9 2 2 1 2 2 2 9 2 2 2 2 2 2 2 2 9 2 2 2 2 2 2 2 9
left_child=2 3 12 9 8 10 16 14 21 -2 18 -8 -1 -14 -6 -13 17 -7 23 20 -9 -3 -23 -4 -16 26 27 -26 -29 -30
right_child=1 4 5 -5 7 6 11 19 -10 -11 -12 15 13 -15 24 -17 -18 -19 -20 -21 -22 22 -24 -25 25 -27 -28 28 29 -31
leaf_value=0 0 0 0 0 0 -0.0019344523437500002 0.070193365842698224 0 0 0 0 0.075730320021963768 0 0 0 2.306377361834029e-05 0 0.036754594531249997 0 -0.010465985128602629 0 0.001314526053197851 0.035220563413275917 0 -0.0033537552544794682 -0.0062427680389143926 0.0026176224890430478 -0.023047224425915797 0.0046130516949308142 0.036329147906817648
leaf_weight=92164 2407 4017 7991 20250 31701 453 269 27047 618 30339 64376 327 7843 4892 11718 4800 10230 350 1792 4214 3770 263 1353 29275 1757 7310 429 254 360 231
leaf_count=92164 2407 4017 7991 20250 31701 453 269 27047 618 30339 64376 327 7843 4892 11718 4800 10230 350 1792 4214 3770 263 1353 29275 1757 7310 429 254 360 231
internal_value=0.00187567 -0.00156818 0.00414394 -0.00588629 0.000839629 0.00602271 0.0107671 0.000242142 0.00932651 -0.00833842 0.00526758 0.00353966 0.00199716 0.00572774 -0.00114025 0.00213575 0.0143116 0.00317559 0.00710226 0.00236362 0.00295941 0.0113439 0.0172817 0.00674878 0.000772927 -0.00122329 0.00344771 -0.000691776 0.0143787 0.0246193
internal_weight=372800 148038 224762 52996 95042 119863 16429 88791 6251 32746 103434 5396 104899 12735 53760 5127 11033 803 39058 35031 30817 5633 1616 37266 22059 10341 3031 2602 845 591
internal_count=372800 148038 224762 52996 95042 119863 16429 88791 6251 32746 103434 5396 104899 12735 53760 5127 11033 803 39058 35031 30817 5633 1616 37266 22059 10341 3031 2602 845 591
cat_boundaries=0 1 2 3 4 5
cat_threshold=129 1 1 1 1
is_linear=0
shrinkage=0.05


Tree=77
num_leaves=31
num_cat=5
split_feature=1 14 14 3 2 9 14 1 2 0 2 2 9 3 14 10 2 14 15 2 3 5 2 2 9 15 2 5 4 9
split_gain=1172.31 610.482 362.614 206.121 184.705 171.314 168.191 108.271 92.5934 90.6666 84.4473 81.0811 80.7448 66.3671 51.3064 46.281 42.9589 56.6606 40.595 35.2252 72.4401 39.9099 34.8108 31.1792 30.7497 51.1549 30.5612 50.425 36.4214 36.0493
threshold=1.0000000180025095e-35 0.10000000000000499 0.95000000000000295 9.7850000000000019 0.98499999999999954 0 2.9999999999999996 6.5000000000000009 0.87999999999999956 1 1.0600000000000016 0.98499999999999954 2 5.9250000000000007 1.7000000000000013 2.5000000000000004 0.98499999999999954 1.0499999999999974 1.0000000180025095e-35 6.4850000000000003 11.415000000000001 0.77023320773058968 2.0849999999999995 0.58500000000000008 3 1.0000000180025095e-35 2.7850000000000006 0.81537853675899896 1.0000000180025095e-35 4
decision_type=2 2 2 2 2 9 2 2 2 1 2 2 9 2 2 2 2 2 2 2 2 2 2 2 9 2 2 2 2 9
left_child=2 3 12 8 9 10 16 14 -2 -3 18 -8 -1 -14 26 -13 17 -7 23 21 -21 -9 24 -4 25 -16 -6 29 -29 -28
right_child=1 4 5 -5 7 6 11 19 -10 -11 -12 15 13 -15 22 -17 -18 -19 -20 20 -22 -23 -24 -25 -26 -27 27 28 -30 -31
leaf_value=0 0 0 0 0 0 -0.0018377297265625002 0.066683697550563303 0 0 0 0 0.071943804020865573 0 0 -0.0035423598910410583 2.1910584937423275e-05 0 0.034916864804687496 0 0.017946446580279052 -0.039714781894862619 0 -0.0013304374401531096 0 0 0.02833325045834937 -0.026251761869877238 -0.0005654075525886726 0.0031328361488108269 -0.0005654075525886726
leaf_weight=92164 2407 5633 7991 20250 24114 453 269 28820 30339 618 64376 327 7843 4892 1152 4800 10230 350 1792 275 1887 4049 10341 29275 10201 365 4929 469 277 1912
leaf_count=92164 2407 5633 7991 20250 24114 453 269 28820 30339 618 64376 327 7843 4892 1152 4800 10230 350 1792 275 1887 4049 10341 29275 10201 365 4929 469 277 1912
internal_value=0.00186843 -0.00158642 0.00414394 -0.00588629 0.00081122 0.00602271 0.0107671 0.000226374 -0.00833842 0.00911854 0.00526758 0.00353966 0.00199716 0.00572774 -0.00118304 0.00213575 0.0143116 0.00317559 0.00710226 0.00238931 -0.00379278 0.00279595 0.000668661 0.00674878 0.00253456 -0.00409299 -0.00247153 -0.00523922 0.00710456 -0.00658529
internal_weight=372800 148038 224762 52996 95042 119863 16429 88791 32746 6251 103434 5396 104899 12735 53760 5127 11033 803 39058 35031 2162 32869 22059 37266 11718 1517 31701 7587 746 6841
internal_count=372800 148038 224762 52996 95042 119863 16429 88791 32746 6251 103434 5396 104899 12735 53760 5127 11033 803 39058 35031 2162 32869 22059 37266 11718 1517 31701 7587 746 6841
cat_boundaries=0 1 2 3 4 5
cat_threshold=129 1 1 130 1
is_linear=0
shrinkage=0.05


Tree=78
num_leaves=31
num_cat=5
split_feature=1 14 14 3 2 9 14 1 2 0 2 2 9 3 14 10 2 14 15 2 3 5 2 1 2 7 2 9 2 9
split_gain=1162.38 617.406 362.614 206.121 183.024 171.314 168.191 104.811 92.5934 90.6666 84.4473 81.0811 80.7448 66.3671 52.0753 46.281 42.9589 56.6606 40.595 34.243 70.6504 39.9099 31.9946 32.2025 130.01 86.7522 64.4713 46.3223 37.3554 34.18
threshold=1.0000000180025095e-35 0.10000000000000499 0.95000000000000295 9.7850000000000019 0.98499999999999954 0 2.9999999999999996 6.5000000000000009 0.87999999999999956 1 1.0600000000000016 0.98499999999999954 2 5.9250000000000007 1.7000000000000013 2.5000000000000004 0.98499999999999954 1.0499999999999974 1.0000000180025095e-35 6.4850000000000003 12.835000000000003 0.77023320773058968 2.0849999999999995 1.5000000000000002 8.0300000000000029 1.0000000180025095e-35 3.444999999999999 3 4.5600000000000014 4
decision_type=2 2 2 2 2 9 2 2 2 1 2 2 9 2 2 2 2 2 2 2 2 2 2 2 2 2 2 9 2 9
left_child=2 3 12 8 9 10 16 14 -2 -3 18 -8 -1 -14 -6 -13 17 -7 -4 21 -21 -9 -16 24 25 -24 -27 28 -28 -26
right_child=1 4 5 -5 7 6 11 19 -10 -11 -12 15 13 -15 22 -17 -18 -19 -20 20 -22 -23 23 -25 29 26 27 -29 -30 -31
leaf_value=0 0 0 0 0 0 -0.0017458432402343753 0.063349512673035138 0 0 0 0 0.068346613819822308 0 0 0 2.0815055690552111e-05 0 0.033171021564453125 0 0.016201216951844687 -0.043150294565883332 0 -0.0031195456197478377 -0.0058641077649610246 0.0031165060344970465 -0.021828341332612352 0.00047984620215737463 0.034579212383484423 0.0052527908171770337 0.0015198612331471018
leaf_weight=92164 2407 5633 37266 20250 31701 453 269 28820 30339 618 64376 327 7843 4892 11718 4800 10230 350 1792 319 1843 4049 1757 7310 292 254 143 231 217 137
leaf_count=92164 2407 5633 37266 20250 31701 453 269 28820 30339 618 64376 327 7843 4892 11718 4800 10230 350 1792 319 1843 4049 1757 7310 292 254 143 231 217 137
internal_value=0.00187808 -0.0015621 0.00414394 -0.00588629 0.000849098 0.00602271 0.0107671 0.000266919 -0.00833842 0.00911854 0.00526758 0.00353966 0.00199716 0.00572774 -0.00111979 0.00213575 0.0143116 0.00317559 0.00710226 0.00239502 -0.00370028 0.00279595 0.000745727 -0.00128131 0.0030518 -0.00115296 0.0120118 0.021066 0.0318919 0.0285548
internal_weight=372800 148038 224762 52996 95042 119863 16429 88791 32746 6251 103434 5396 104899 12735 53760 5127 11033 803 39058 35031 2162 32869 22059 10341 3031 2602 845 591 360 429
internal_count=372800 148038 224762 52996 95042 119863 16429 88791 32746 6251 103434 5396 104899 12735 53760 5127 11033 803 39058 35031 2162 32869 22059 10341 3031 2602 845 591 360 429
cat_boundaries=0 1 2 3 4 5
cat_threshold=129 1 1 1 1
is_linear=0
shrinkage=0.05


Tree=79
num_leaves=31
num_cat=5
split_feature=1 14 14 3 2 9 14 1 2 0 2 2 9 3 14 10 2 14 15 2 2 2 13 9 15 2 9 2 1 17
split_gain=1162.93 617.021 362.614 206.121 183.117 171.314 168.191 106.162 92.5934 90.6666 84.4473 81.0811 80.7448 66.3671 51.1837 46.281 42.9589 56.6606 40.595 33.0586 32.975 31.1792 31.1638 30.7497 51.1549 29.9243 60.3898 50.7562 53.4495 88.7932
threshold=1.0000000180025095e-35 0.10000000000000499 0.95000000000000295 9.7850000000000019 0.98499999999999954 0 2.9999999999999996 6.5000000000000009 0.87999999999999956 1 1.0600000000000016 0.98499999999999954 2 5.9250000000000007 1.7000000000000013 2.5000000000000004 0.98499999999999954 1.0499999999999974 1.0000000180025095e-35 14.494999999999999 2.0849999999999995 0.58500000000000008 2.7500000000000004 3 1.0000000180025095e-35 1.1149999999999989 4 2.1050000000000009 1.5000000000000002 0.85000000000000864
decision_type=2 2 2 2 2 9 2 2 2 1 2 2 9 2 2 2 2 2 2 2 2 2 2 9 2 2 9 2 2 2
left_child=2 3 12 8 9 10 16 14 -2 -3 18 -8 -1 -14 -6 -13 17 -7 21 22 23 -4 -9 24 -16 26 -10 28 29 -27
right_child=1 4 5 -5 7 6 11 19 25 -11 -12 15 13 -15 20 -17 -18 -19 -20 -21 -22 -23 -24 -25 -26 27 -28 -29 -30 -31
leaf_value=0 0 0 0 0 0 -0.0016585510782226563 0.060182037039383379 0 0 0 0 0.064929283128831172 0 0 -0.0033652418964890056 1.9774302906024506e-05 0 0.031512470486230473 0 -0.076344352978207797 -0.0010162675183984868 0 0.26217951342959556 0 0.026916587935431904 0 -0.00076577742876909243 -0.0067814414556450382 0 -0.042981562500000008
leaf_weight=92164 2407 5633 7991 20250 31701 453 269 34494 12684 618 64376 327 7843 4892 1152 4800 10230 350 1792 421 10341 29275 116 10201 365 1709 939 3958 10322 727
leaf_count=92164 2407 5633 7991 20250 31701 453 269 34494 12684 618 64376 327 7843 4892 1152 4800 10230 350 1792 421 10341 29275 116 10201 365 1709 939 3958 10322 727
internal_value=0.00187755 -0.00156345 0.00414394 -0.00588629 0.000846994 0.00602271 0.0107671 0.000264666 -0.00833842 0.00911854 0.00526758 0.00353966 0.00199716 0.00572774 -0.00113095 0.00213575 0.0143116 0.00317559 0.00710226 0.00240644 0.000718528 0.00674878 0.00257585 0.00253456 -0.00409299 -0.00908731 -0.00734787 -0.0105049 -0.0120395 -0.00537767
internal_weight=372800 148038 224762 52996 95042 119863 16429 88791 32746 6251 103434 5396 104899 12735 53760 5127 11033 803 39058 35031 22059 37266 34610 11718 1517 30339 13623 16716 12758 2436
internal_count=372800 148038 224762 52996 95042 119863 16429 88791 32746 6251 103434 5396 104899 12735 53760 5127 11033 803 39058 35031 22059 37266 34610 11718 1517 30339 13623 16716 12758 2436
cat_boundaries=0 1 2 3 4 5
cat_threshold=129 1 1 130 139
is_linear=0
shrinkage=0.05


Tree=80
num_leaves=31
num_cat=4
split_feature=1 14 14 3 2 9 14 1 0 2 2 9 2 3 14 10 2 14 15 2 2 9 1 17 17 1 17 3 11 2
split_gain=1150.4 602.621 362.463 197.772 183.024 170.935 168.77 105.939 90.6666 90.0351 84.4473 80.7448 78.9546 66.3671 51.48 46.281 42.9589 56.6606 40.595 36.4389 58.2325 59.7294 55.4869 91.7975 59.7105 46.0444 96.6653 45.7185 38.4699 36.1859
threshold=1.0000000180025095e-35 0.10000000000000499 0.95000000000000295 9.7850000000000019 0.98499999999999954 0 2.9999999999999996 6.5000000000000009 1 0.87999999999999956 1.0600000000000016 2 0.98499999999999954 5.9250000000000007 1.7000000000000013 2.5000000000000004 0.98499999999999954 1.0499999999999974 1.0000000180025095e-35 2.1050000000000009 1.2199999999999995 3 1.5000000000000002 0.85000000000000864 1.8000000000000003 2.5000000000000004 0.85000000000000864 2.8950000000000005 1.0000000180025095e-35 4.1750000000000016
decision_type=2 2 2 2 2 9 2 2 1 2 2 9 2 2 2 2 2 2 2 2 2 9 2 2 2 2 2 2 2 2
left_child=2 3 11 9 8 10 16 14 -3 -2 18 -1 -8 -13 -6 -14 17 -7 -4 20 21 -11 23 28 -25 27 29 -21 -22 -27
right_child=1 4 5 -5 7 6 12 -9 -10 19 -12 13 15 -15 -16 -17 -18 -19 -20 25 22 -23 -24 24 -26 26 -28 -29 -30 -31
leaf_value=0 0 0 0 0 0 -0.0015756235243115234 0.05717293518741421 0 0 0 0 0 0.061682818972389621 0 0 1.8785587760723281e-05 0 0.029936846961918947 0 0.0021422545983385047 0 -0.0007274885573306379 0 -0.040832484375000005 0.0044112656250000007 -0.04081776275703259 0.0078272400441319924 -0.04081776275703259 -0.047743750000000001 0.043557630617137216
leaf_weight=92164 2407 5633 37266 20250 31701 453 269 35031 618 12812 64376 7843 327 4892 22059 4800 10230 350 1792 125 1286 946 10212 621 105 1763 833 1146 399 91
leaf_count=92164 2407 5633 37266 20250 31701 453 269 35031 618 12812 64376 7843 327 4892 22059 4800 10230 350 1792 125 1286 946 10212 621 105 1763 833 1146 399 91
internal_value=0.00188935 -0.00153305 0.00414349 -0.00580516 0.000849098 0.00602187 0.010761 0.000266919 0.00911854 -0.00820711 0.00526758 0.00199716 0.00352113 0.00572774 -0.00112723 0.00213575 0.0143116 0.00317559 0.00710226 -0.00894558 -0.00961677 -0.00736662 -0.0120692 -0.00524679 -0.0201102 -0.00447196 -0.000762933 -0.0123131 0.00115727 -0.00711974
internal_weight=372800 148038 224762 52996 95042 119863 16429 88791 6251 32746 103434 104899 5396 12735 53760 5127 11033 803 39058 30339 26381 13758 12623 2411 726 3958 2687 1271 1685 1854
internal_count=372800 148038 224762 52996 95042 119863 16429 88791 6251 32746 103434 104899 5396 12735 53760 5127 11033 803 39058 30339 26381 13758 12623 2411 726 3958 2687 1271 1685 1854
cat_boundaries=0 1 2 3 4
cat_threshold=129 1 1 139
is_linear=0
shrinkage=0.05


Tree=81
num_leaves=31
num_cat=5
split_feature=1 14 14 3 2 9 14 1 0 2 2 9 3 2 14 2 14 10 15 2 2 2 9 15 4 2 2 3 9 2
split_gain=1145.04 598.186 360.962 195.282 183.024 167.165 174.617 105.939 90.6666 89.2687 84.4473 80.7448 66.3671 65.1621 51.48 42.9589 56.6606 42.016 40.595 32.6466 31.9406 31.1792 30.7497 51.1549 29.8293 31.1654 45.5438 37.2812 34.2578 29.7816
threshold=1.0000000180025095e-35 0.10000000000000499 0.95000000000000295 9.7850000000000019 0.98499999999999954 0 2.9999999999999996 6.5000000000000009 1 0.87999999999999956 1.0600000000000016 2 5.9250000000000007 0.98499999999999954 1.7000000000000013 0.98499999999999954 1.0499999999999974 2.5000000000000004 1.0000000180025095e-35 2.0849999999999995 14.494999999999999 0.58500000000000008 3 1.0000000180025095e-35 0.63101285980617694 3.2599999999999993 2.9950000000000014 14.995000000000003 4 2.2399999999999998
decision_type=2 2 2 2 2 9 2 2 1 2 2 9 2 2 2 2 2 2 2 2 2 2 9 2 2 2 2 2 9 2
left_child=2 3 11 9 8 10 15 14 -3 -2 18 -1 -13 -8 -6 16 -7 -15 21 22 -9 -4 23 -16 29 26 28 -27 -26 -5
right_child=1 4 5 24 7 6 13 20 -10 -11 -12 12 -14 17 19 -17 -18 -19 -20 -21 -22 -23 -24 -25 25 27 -28 -29 -30 -31
leaf_value=0 0 0 0 0 0 -0.0014968423480959472 0.054314288428043506 0 0 0 0 0 0 0.058598678023770147 -0.0031969798016645555 0 0.028440004613823001 1.7846308372687115e-05 0 -0.00096545414247856262 -0.072527135329297374 0 0 0.025570758538660306 0.04575945985421364 -0.0020542887822374623 -0.0093960838130470806 0.00060142566458254443 0 -0.0069279958696441659
leaf_weight=92164 2407 5633 7991 9711 31701 453 269 34610 618 30339 64376 7843 4892 327 1152 10230 350 4800 1792 10341 421 29275 10201 365 101 198 428 855 1990 6967
leaf_count=92164 2407 5633 7991 9711 31701 453 269 34610 618 30339 64376 7843 4892 327 1152 10230 350 4800 1792 10341 421 29275 10201 365 101 198 428 855 1990 6967
internal_value=0.00189016 -0.00152427 0.00413904 -0.00578062 0.000849098 0.00601353 0.0107002 0.000266919 0.00911854 -0.00816741 0.00526758 0.00199716 0.00572774 0.0033358 -0.00112723 0.0143116 0.00317559 0.00207724 0.00710226 0.000727594 0.00240644 0.00674878 0.00253456 -0.00409299 -0.00192099 0.00222564 -0.000793966 0.00944919 0.00224773 -0.00280909
internal_weight=372800 148038 224762 52996 95042 119863 16429 88791 6251 32746 103434 104899 12735 5396 53760 11033 803 5127 39058 22059 35031 37266 11718 1517 20250 3572 2519 1053 2091 16678
internal_count=372800 148038 224762 52996 95042 119863 16429 88791 6251 32746 103434 104899 12735 5396 53760 11033 803 5127 39058 22059 35031 37266 11718 1517 20250 3572 2519 1053 2091 16678
cat_boundaries=0 1 2 3 4 5
cat_threshold=129 1 1 130 32
is_linear=0
shrinkage=0.05


Tree=82
num_leaves=31
num_cat=5
split_feature=1 14 14 3 2 9 14 1 0 2 2 9 3 2 1 2 3 2 9 1 2 2 13 1 14 10 9 2 14 15
split_gain=1106.69 561.804 359.464 233.417 182.233 163.436 180.564 104.051 90.6666 89.2687 84.4473 80.7448 66.3671 59.8227 240.657 145.19 99.3804 93.4509 70.6705 84.529 250.041 115.294 61.627 79.5113 54.0335 50.3668 43.0754 42.9589 56.6606 40.595
threshold=1.0000000180025095e-35 0.10000000000000499 0.95000000000000295 9.7850000000000019 0.98499999999999954 0 2.9999999999999996 6.5000000000000009 1 0.87999999999999956 1.0600000000000016 2 5.9250000000000007 3.2599999999999993 2.5000000000000004 2.9950000000000014 10.995000000000003 4.0050000000000008 3 1.5000000000000002 5.0050000000000017 8.5750000000000011 -0.74999999999999989 1.5000000000000002 1.7000000000000013 2.5000000000000004 4 0.98499999999999954 1.0499999999999974 1.0000000180025095e-35
decision_type=2 2 2 2 2 9 2 2 1 2 2 9 2 2 2 2 2 2 9 2 2 2 2 2 2 2 9 2 2 2
left_child=2 3 11 9 8 10 27 24 -3 -2 29 -1 -13 15 16 -5 -15 -16 19 21 -21 -18 23 -17 -6 -8 -24 28 -7 -4
right_child=1 4 5 13 7 6 25 -9 -10 -11 -12 12 -14 14 17 22 18 -19 -20 20 -22 -23 26 -25 -26 -27 -28 -29 -30 -31
leaf_value=0 0 0 0 0 0 -0.0014220002306911499 0.056034047348166985 0 0 0 0 0 0 -0.0019515743431255895 0.001184011875988178 0.0019533115729547744 0.00061110267114639072 -0.039208460966227238 -0.024025361571536646 -0.0061897255906758876 0.011212234079237349 -0.0002471602205485535 0.011828511475196379 -0.028576839055982475 0 1.695399295405276e-05 -0.0091799177216298107 0 0.027018004383131844 0
leaf_weight=92164 2407 5633 37266 12315 31701 453 361 35031 618 30339 64376 7843 4892 124 1118 94 711 2413 240 352 247 111 264 402 22059 5035 1859 10230 350 1792
leaf_count=92164 2407 5633 37266 12315 31701 453 361 35031 618 30339 64376 7843 4892 124 1118 94 711 2413 240 352 247 111 264 402 22059 5035 1859 10230 350 1792
internal_value=0.00192369 -0.00143308 0.0041346 -0.00555797 0.000866985 0.00600519 0.0106393 0.000286065 0.00911854 -0.00816741 0.00526758 0.00199716 0.00572774 -0.00133827 0.0032167 -0.00295969 0.0181793 -0.00434721 0.0214028 0.0255416 0.0114357 0.0361314 -0.0136502 0.00221774 -0.00109561 0.00315048 -0.0173575 0.0143116 0.00317559 0.00710226
internal_weight=372800 148038 224762 52996 95042 119863 16429 88791 6251 32746 103434 104899 12735 20250 5316 14934 1785 3531 1661 1421 599 822 2619 496 53760 5396 2123 11033 803 39058
internal_count=372800 148038 224762 52996 95042 119863 16429 88791 6251 32746 103434 104899 12735 20250 5316 14934 1785 3531 1661 1421 599 822 2619 496 53760 5396 2123 11033 803 39058
cat_boundaries=0 1 2 3 4 5
cat_threshold=129 1 1 1 168
is_linear=0
shrinkage=0.05


Tree=83
num_leaves=31
num_cat=5
split_feature=1 14 14 3 2 9 14 1 0 2 2 9 2 1 2 3 2 9 1 2 2 3 13 1 14 2 9 2 14 15
split_gain=1097 553.585 356.925 241.932 182.233 157.195 190.901 104.051 90.6666 89.2687 84.4473 80.7448 69.2795 224.024 145.19 99.1227 80.9875 70.3398 77.9044 228.291 112.939 66.3671 61.627 79.5113 54.0335 47.1225 43.0754 42.9589 56.6606 40.595
threshold=1.0000000180025095e-35 0.10000000000000499 0.95000000000000295 9.7850000000000019 0.98499999999999954 0 2.9999999999999996 6.5000000000000009 1 0.87999999999999956 1.0600000000000016 2 3.2599999999999993 2.5000000000000004 2.9950000000000014 10.995000000000003 4.9799999999999978 3 1.5000000000000002 5.0050000000000017 8.5750000000000011 5.9250000000000007 -0.74999999999999989 1.5000000000000002 1.7000000000000013 0.98499999999999954 4 0.98499999999999954 1.0499999999999974 1.0000000180025095e-35
decision_type=2 2 2 2 2 9 2 2 1 2 2 9 2 2 2 2 2 9 2 2 2 2 2 2 2 2 9 2 2 2
left_child=2 3 11 9 8 10 27 24 -3 -2 29 -1 14 15 -5 -14 -15 18 20 -20 -17 -13 23 -16 -6 -8 -24 28 -7 -4
right_child=1 4 5 12 7 6 25 -9 -10 -11 -12 21 13 16 22 17 -18 -19 19 -21 -22 -23 26 -25 -26 -27 -28 -29 -30 -31
leaf_value=0 0 0 0 0 0 -0.0013509002191565925 0.051597726306993635 0 0 0 0 0 -0.0018539956259693126 0.0010920470208317656 0.0018556459943070314 0.00058054753758907118 -0.037379708121070741 -0.022824093492959815 -0.0058802393111420884 0.010651622375275484 -0.00023480220952112332 0 0.01123708590143656 -0.027147997103183354 0 1.6106293306350122e-05 -0.0087209218355483176 0 0.025667104163975253 0
leaf_weight=92164 2407 5633 37266 12315 31701 453 269 35031 618 30339 64376 7843 124 1267 94 711 2264 240 352 247 111 4892 264 402 22059 5127 1859 10230 350 1792
leaf_count=92164 2407 5633 37266 12315 31701 453 269 35031 618 30339 64376 7843 124 1267 94 711 2264 240 352 247 111 4892 264 402 22059 5127 1859 10230 350 1792
internal_value=0.00192583 -0.00141619 0.00412703 -0.00551079 0.000866985 0.00599101 0.0105359 0.000286065 0.00911854 -0.00816741 0.00526758 0.00199716 -0.00121481 0.00368698 -0.00295969 0.0181232 -0.00361088 0.0213426 0.0254717 0.0119366 0.0356448 0.00572774 -0.0136502 0.00221774 -0.00109561 0.00283543 -0.0173575 0.0143116 0.00317559 0.00710226
internal_weight=372800 148038 224762 52996 95042 119863 16429 88791 6251 32746 103434 104899 20250 5316 14934 1785 3531 1661 1421 599 822 12735 2619 496 53760 5396 2123 11033 803 39058
internal_count=372800 148038 224762 52996 95042 119863 16429 88791 6251 32746 103434 104899 20250 5316 14934 1785 3531 1661 1421 599 822 12735 2619 496 53760 5396 2123 11033 803 39058
cat_boundaries=0 1 2 3 4 5
cat_threshold=129 1 1 1 168
is_linear=0
shrinkage=0.05


Tree=84
num_leaves=31
num_cat=6
split_feature=1 14 14 3 2 9 14 1 0 2 2 9 2 1 2 9 2 3 3 13 1 14 13 3 9 2 14 15 9 4
split_gain=1089.55 547.053 355.137 248.855 182.233 152.862 198.372 104.051 90.6666 89.2687 84.4473 80.7448 77.3443 223.641 145.19 77.9858 66.9517 74.4864 66.3671 61.627 79.5113 54.0335 47.4788 44.0486 43.0754 42.9589 56.6606 40.595 38.4052 33.058
threshold=1.0000000180025095e-35 0.10000000000000499 0.95000000000000295 9.7850000000000019 0.98499999999999954 0 2.9999999999999996 6.5000000000000009 1 0.87999999999999956 1.0600000000000016 2 3.2599999999999993 1.5000000000000002 2.9950000000000014 3 8.5750000000000011 11.315000000000003 5.9250000000000007 -0.74999999999999989 1.5000000000000002 1.7000000000000013 -1.0000000180025095e-35 12.835000000000003 4 0.98499999999999954 1.0499999999999974 1.0000000180025095e-35 5 0.97387466162284198
decision_type=2 2 2 2 2 9 2 2 1 2 2 9 2 2 2 9 2 2 2 2 2 2 2 2 9 2 2 2 9 2
left_child=2 3 11 9 8 10 25 21 -3 -2 27 -1 14 15 28 16 17 -14 -13 20 -16 -6 -15 -24 -21 26 -7 -4 -5 -8
right_child=1 4 5 12 7 6 29 -9 -10 -11 -12 18 13 22 19 -17 -18 -19 -20 24 -22 -23 23 -25 -26 -27 -28 -29 -30 -31
leaf_value=0 0 0 0 0.037215913673176337 0 -0.0012833552081987628 1.5300978641032618e-05 0 0 0 0 0 -0.0013560573838031055 -0.037042688889917089 0.0017628636945916766 -0.021682888818311825 -0.00022306209904506826 0.00051177187091664409 0 0.010675231606364731 -0.025790597248024183 0 -0.01655352801969049 0.0010374446697901886 -0.0082848757437709031 0 0.024383748955776493 0 0 0.051303062150921779
leaf_weight=92164 2407 5633 37266 621 31701 453 5021 35031 618 30339 64376 7843 109 336 94 160 112 663 4892 264 402 22059 497 3439 1859 10230 350 1792 11694 375
leaf_count=92164 2407 5633 37266 621 31701 453 5021 35031 618 30339 64376 7843 109 336 94 160 112 663 4892 264 402 22059 497 3439 1859 10230 350 1792 11694 375
internal_value=0.00192798 -0.00140268 0.00412169 -0.00547305 0.000866985 0.00598099 0.0104629 0.000286065 0.00911854 -0.00816741 0.00526758 0.00199716 -0.00111605 0.00406321 -0.00295969 0.0248084 0.0304251 0.0360104 0.00572774 -0.0136502 0.00221774 -0.00109561 -0.00100655 0.000533537 -0.0173575 0.0143116 0.00317559 0.00710226 -0.000686155 0.00261305
internal_weight=372800 148038 224762 52996 95042 119863 16429 88791 6251 32746 103434 104899 20250 5316 14934 1044 884 772 12735 2619 496 53760 4272 3936 2123 11033 803 39058 12315 5396
internal_count=372800 148038 224762 52996 95042 119863 16429 88791 6251 32746 103434 104899 20250 5316 14934 1044 884 772 12735 2619 496 53760 4272 3936 2123 11033 803 39058 12315 5396
cat_boundaries=0 1 2 3 4 5 6
cat_threshold=129 1 1 1 168 32
is_linear=0
shrinkage=0.05


Tree=85
num_leaves=31
num_cat=5
split_feature=1 14 14 3 2 9 14 1 0 2 2 9 3 2 2 1 3 2 13 1 14 9 2 1 9 1 2 2 2 14
split_gain=1108.1 570.085 354.989 225.054 182.233 152.503 199.001 104.051 90.6666 89.2687 84.4473 80.7448 66.3671 55.7265 143.377 140.564 82.6182 70.2314 61.627 79.5113 54.0335 52.4802 49.1479 137.479 43.0754 43.0264 73.0751 60.0414 42.9589 56.6606
threshold=1.0000000180025095e-35 0.10000000000000499 0.95000000000000295 9.7850000000000019 0.98499999999999954 0 2.9999999999999996 6.5000000000000009 1 0.87999999999999956 1.0600000000000016 2 5.9250000000000007 3.2599999999999993 2.9950000000000014 2.5000000000000004 10.995000000000003 4.0050000000000008 -0.74999999999999989 1.5000000000000002 1.7000000000000013 3 4.6200000000000037 1.5000000000000002 4 3.5000000000000004 7.0200000000000005 7.0200000000000005 0.98499999999999954 1.0499999999999974
decision_type=2 2 2 2 2 9 2 2 1 2 2 9 2 2 2 2 2 2 2 2 2 9 2 2 9 2 2 2 2 2
left_child=2 3 11 9 8 10 28 20 -3 -2 -4 -1 -13 14 -5 16 -15 -17 19 -16 -6 -18 23 -23 -20 26 -19 -27 29 -7
right_child=1 4 5 13 7 6 -8 -9 -10 -11 -12 12 -14 15 18 17 21 25 24 -21 -22 22 -24 -25 -26 27 -28 -29 -30 -31
leaf_value=0 0 0 0 0 0 -0.0012191874477888245 6.8336830407835706e-05 0 0 0 0 0 0 -0.0016934929754806928 0.0016747205098620933 0.0010183366976576735 -0.021001662373631231 -0.0083535421560660961 0.010141470026046494 -0.024501067385622979 0 0.00048037272160702529 0.0017489618640567639 -0.0056380995790744964 -0.0078706319565823579 -0.035190554445421234 0.015059857256213616 -0.093174208915765624 0 0.023164561507987669
leaf_weight=92164 2407 5633 39058 12315 31701 453 5396 35031 618 30339 64376 7843 4892 124 94 1118 154 230 264 402 22059 369 886 252 1859 1198 159 826 10230 350
leaf_count=92164 2407 5633 39058 12315 31701 453 5396 35031 618 30339 64376 7843 4892 124 94 1118 154 230 264 402 22059 369 886 252 1859 1198 159 826 10230 350
internal_value=0.00190893 -0.00144997 0.00412125 -0.00560514 0.000866985 0.00598016 0.0104568 0.000286065 0.00911854 -0.00816741 0.00526758 0.00199716 0.00572774 -0.00146173 -0.00302665 0.00293454 0.0143697 -0.00284622 -0.0136502 0.00221774 -0.00109561 0.0173089 0.0200725 0.00942029 -0.0173575 -0.00764608 0.00758355 -0.0105731 0.0143116 0.00317559
internal_weight=372800 148038 224762 52996 95042 119863 16429 88791 6251 32746 103434 104899 12735 20250 14934 5316 1785 3531 2619 496 53760 1661 1507 621 2123 2413 389 2024 11033 803
internal_count=372800 148038 224762 52996 95042 119863 16429 88791 6251 32746 103434 104899 12735 20250 14934 5316 1785 3531 2619 496 53760 1661 1507 621 2123 2413 389 2024 11033 803
cat_boundaries=0 1 2 3 4 5
cat_threshold=129 1 1 164 168
is_linear=0
shrinkage=0.05


Tree=86
num_leaves=31
num_cat=5
split_feature=1 14 14 3 2 9 14 1 0 2 2 9 3 14 2 2 1 3 2 13 1 9 9 2 14 15 1 2 2 2
split_gain=1109.45 571.748 354.989 223.399 182.233 152.503 199.001 104.051 90.6666 89.2687 84.4473 80.7448 66.3671 54.0335 53.9819 143.377 113.969 77.5263 63.8552 61.627 79.5113 47.7268 43.0754 42.9589 56.6606 40.595 40.5353 71.6407 60.7861 38.0235
threshold=1.0000000180025095e-35 0.10000000000000499 0.95000000000000295 9.7850000000000019 0.98499999999999954 0 2.9999999999999996 6.5000000000000009 1 0.87999999999999956 1.0600000000000016 2 5.9250000000000007 1.7000000000000013 3.2599999999999993 2.9950000000000014 2.5000000000000004 10.995000000000003 4.0050000000000008 -0.74999999999999989 1.5000000000000002 3 4 0.98499999999999954 1.0499999999999974 1.0000000180025095e-35 3.5000000000000004 7.0200000000000005 7.0200000000000005 4.6200000000000037
decision_type=2 2 2 2 2 9 2 2 1 2 2 9 2 2 2 2 2 2 2 2 2 9 9 2 2 2 2 2 2 2
left_child=2 3 11 9 8 10 23 13 -3 -2 25 -1 -13 -6 15 -5 17 -16 -18 20 -17 -19 -21 24 -7 -4 27 -20 -28 -23
right_child=1 4 5 14 7 6 -8 -9 -10 -11 -12 12 -14 -15 16 19 18 21 26 22 -22 29 -24 -25 -26 -27 28 -29 -30 -31
leaf_value=0 0 0 0 0 0 -0.0011582280753993834 6.4919988887443916e-05 0 0 0 0 0 0 0 -0.0016088183267066571 0.0015909844843689847 0.00096741986277479883 -0.01995157925494967 -0.0079358650482627812 0.0096343965247441699 -0.023276014016341828 0.0003239879371225385 -0.0074771003587532419 0 0.022006333432588288 0 -0.033431026723150174 0.014306864393402941 -0.088515498469977333 0.0016615137708539285
leaf_weight=92164 2407 5633 37266 12315 31701 453 5396 35031 618 30339 64376 7843 4892 22059 124 94 1118 154 230 264 402 621 1859 10230 350 1792 1198 159 826 886
leaf_count=92164 2407 5633 37266 12315 31701 453 5396 35031 618 30339 64376 7843 4892 22059 124 94 1118 154 230 264 402 621 1859 10230 350 1792 1198 159 826 886
internal_value=0.00190759 -0.00145334 0.00412125 -0.00561457 0.000866985 0.00598016 0.0104568 0.000286065 0.00911854 -0.00816741 0.00526758 0.00199716 0.00572774 -0.00109561 -0.00148642 -0.00302665 0.00284048 0.0131373 -0.00236477 -0.0136502 0.00221774 0.0159843 -0.0173575 0.0143116 0.00317559 0.00710226 -0.00694157 0.00784062 -0.00978261 0.0186223
internal_weight=372800 148038 224762 52996 95042 119863 16429 88791 6251 32746 103434 104899 12735 53760 20250 14934 5316 1785 3531 2619 496 1661 2123 11033 803 39058 2413 389 2024 1507
internal_count=372800 148038 224762 52996 95042 119863 16429 88791 6251 32746 103434 104899 12735 53760 20250 14934 5316 1785 3531 2619 496 1661 2123 11033 803 39058 2413 389 2024 1507
cat_boundaries=0 1 2 3 4 5
cat_threshold=129 1 1 164 168
is_linear=0
shrinkage=0.05


Tree=87
num_leaves=31
num_cat=5
split_feature=1 14 14 3 2 9 14 1 0 2 2 9 3 14 2 2 1 3 2 13 1 9 9 2 14 15 15 7 2 13
split_gain=1113.75 577.087 354.989 218.147 182.233 152.503 199.001 104.051 90.6666 89.2687 84.4473 80.7448 66.3671 54.0335 48.5855 143.377 102.342 74.1474 64.2219 61.627 79.5113 44.6127 43.0754 42.9589 56.6606 42.3225 40.595 40.042 39.9188 39.3916
threshold=1.0000000180025095e-35 0.10000000000000499 0.95000000000000295 9.7850000000000019 0.98499999999999954 0 2.9999999999999996 6.5000000000000009 1 0.87999999999999956 1.0600000000000016 2 5.9250000000000007 1.7000000000000013 3.2599999999999993 2.9950000000000014 2.5000000000000004 10.995000000000003 4.0050000000000008 -0.74999999999999989 1.5000000000000002 3 4 0.98499999999999954 1.0499999999999974 1.0000000180025095e-35 1.0000000180025095e-35 1.0000000180025095e-35 4.5600000000000014 -1.0000000180025095e-35
decision_type=2 2 2 2 2 9 2 2 1 2 2 9 2 2 2 2 2 2 2 2 2 9 9 2 2 2 2 2 2 2
left_child=2 3 11 9 8 10 23 13 -3 -2 26 -1 -13 -6 15 -5 17 -16 -18 20 -17 -19 -21 24 -7 27 -4 -23 -27 -20
right_child=1 4 5 14 7 6 -8 -9 -10 -11 -12 12 -14 -15 16 19 18 21 29 22 -22 25 -24 -25 -26 28 -28 -29 -30 -31
leaf_value=0 0 0 0 0 0 -0.0011003166716294142 6.1673989443071723e-05 0 0 0 0 0 0 0 -0.0015283774103713233 0.00151143526015054 0.00091904886963605219 -0.018954000292202192 -0.041767080113574932 0.0091526766985069608 -0.022112213315524733 0.00030631775062914815 -0.0071032453408155782 0 0.020906016760958875 0.00022396544672976805 0 0.0014606006007498286 0.0037945204771847375 -0.018653654664941323
leaf_weight=92164 2407 5633 37266 12315 31701 453 5396 35031 618 30339 64376 7843 4892 22059 124 94 1118 154 257 264 402 740 1859 10230 350 132 1792 434 201 2156
leaf_count=92164 2407 5633 37266 12315 31701 453 5396 35031 618 30339 64376 7843 4892 22059 124 94 1118 154 257 264 402 740 1859 10230 350 132 1792 434 201 2156
internal_value=0.0019033 -0.00146415 0.00412125 -0.00564477 0.000866985 0.00598016 0.0104568 0.000286065 0.00911854 -0.00816741 0.00526758 0.00199716 0.00572774 -0.00109561 -0.00156543 -0.00302665 0.0025395 0.0122969 -0.00239309 -0.0136502 0.00221774 0.0150813 -0.0173575 0.0143116 0.00317559 0.0176335 0.00710226 0.0132879 0.0334835 -0.00698301
internal_weight=372800 148038 224762 52996 95042 119863 16429 88791 6251 32746 103434 104899 12735 53760 20250 14934 5316 1785 3531 2619 496 1661 2123 11033 803 1507 39058 1174 333 2413
internal_count=372800 148038 224762 52996 95042 119863 16429 88791 6251 32746 103434 104899 12735 53760 20250 14934 5316 1785 3531 2619 496 1661 2123 11033 803 1507 39058 1174 333 2413
cat_boundaries=0 1 2 3 4 5
cat_threshold=129 1 1 164 168
is_linear=0
shrinkage=0.05


Tree=88
num_leaves=31
num_cat=5
split_feature=1 14 14 3 2 9 14 1 0 2 2 9 3 14 2 2 1 3 13 1 2 1 2 2 9 9 2 14 15 15
split_gain=1110.25 572.747 354.989 222.41 182.233 152.503 199.001 104.051 90.6666 89.2687 84.4473 80.7448 66.3671 54.0335 52.4846 142.529 90.8951 72.817 62.903 78.7388 55.6034 48.8458 82.3732 52.9792 43.3959 43.0754 42.9589 56.6606 40.595 38.1123
threshold=1.0000000180025095e-35 0.10000000000000499 0.95000000000000295 9.7850000000000019 0.98499999999999954 0 2.9999999999999996 6.5000000000000009 1 0.87999999999999956 1.0600000000000016 2 5.9250000000000007 1.7000000000000013 3.2599999999999993 2.9950000000000014 2.5000000000000004 10.995000000000003 -0.74999999999999989 1.5000000000000002 4.0050000000000008 5.5000000000000009 7.0200000000000005 7.4950000000000019 3 4 0.98499999999999954 1.0499999999999974 1.0000000180025095e-35 1.0000000180025095e-35
decision_type=2 2 2 2 2 9 2 2 1 2 2 9 2 2 2 2 2 2 2 2 2 2 2 2 9 9 2 2 2 2
left_child=2 3 11 9 8 10 26 13 -3 -2 28 -1 -13 -6 15 -5 17 -16 19 -17 -18 23 -23 -22 -19 -20 27 -7 -4 -26
right_child=1 4 5 14 7 6 -8 -9 -10 -11 -12 12 -14 -15 16 18 20 24 25 -21 21 22 -24 -25 29 -27 -28 -29 -30 -31
leaf_value=0 0 0 0 0 0 -0.0010453008380479434 5.8590289970918147e-05 0 0 0 0 0 0 0 -0.0014519585398527547 0.0014358634971430085 0.00087309642615425182 -0.018006300277592081 0.0086950428635816125 -0.021006602649748497 -0.0093056138494742365 -0.029671121381313916 -0.12285152664422959 0.013431603818654093 0.00044351393063474801 -0.0067480830737748024 0 0.019860715922910933 0 0.00041142958958904078
leaf_weight=92164 2407 5633 37266 12315 31701 453 5396 35031 618 30339 64376 7843 4892 22059 124 94 1118 154 264 402 509 928 643 333 1174 1859 10230 350 1792 333
leaf_count=92164 2407 5633 37266 12315 31701 453 5396 35031 618 30339 64376 7843 4892 22059 124 94 1118 154 264 402 509 928 643 333 1174 1859 10230 350 1792 333
internal_value=0.00190679 -0.00145537 0.00412125 -0.00562024 0.000866985 0.00598016 0.0104568 0.000286065 0.00911854 -0.00816741 0.00526758 0.00199716 0.00572774 -0.00109561 -0.00150123 -0.00301995 0.00276524 0.0119608 -0.0136121 0.00241935 -0.00188332 -0.00615416 -0.0113622 0.00356295 0.01472 -0.0173575 0.0143116 0.00317559 0.00710226 0.017238
internal_weight=372800 148038 224762 52996 95042 119863 16429 88791 6251 32746 103434 104899 12735 53760 20250 14934 5316 1785 2619 496 3531 2413 1571 842 1661 2123 11033 803 39058 1507
internal_count=372800 148038 224762 52996 95042 119863 16429 88791 6251 32746 103434 104899 12735 53760 20250 14934 5316 1785 2619 496 3531 2413 1571 842 1661 2123 11033 803 39058 1507
cat_boundaries=0 1 2 3 4 5
cat_threshold=129 1 1 164 168
is_linear=0
shrinkage=0.05


Tree=89
num_leaves=31
num_cat=5
split_feature=1 14 14 3 2 9 14 1 0 2 2 9 3 14 2 14 15 2 2 3 1 2 13 1 9 2 1 1 13 9
split_gain=1120.5 585.681 354.989 209.875 181.851 152.503 199.001 103.687 90.5707 89.2687 84.4473 80.7448 66.3671 53.8694 42.9589 56.6606 40.595 37.734 137.711 81.6283 81.2068 119.391 61.2081 78.7388 54.024 51.7138 125.637 109.643 47.3664 41.9001
threshold=1.0000000180025095e-35 0.099999999999996994 0.95000000000000295 9.7850000000000019 0.98499999999999954 0 2.9999999999999996 6.5000000000000009 1 0.87999999999999956 1.0600000000000016 2 5.9250000000000007 1.7000000000000013 0.98499999999999954 1.0499999999999974 1.0000000180025095e-35 3.2599999999999993 2.9950000000000014 10.155000000000003 3.5000000000000004 7.0200000000000005 -0.74999999999999989 1.5000000000000002 3 6.1250000000000009 1.5000000000000002 1.5000000000000002 -1.0000000180025095e-35 4
decision_type=2 2 2 2 2 9 2 2 1 2 2 9 2 2 2 2 2 2 2 2 2 2 2 2 9 2 2 2 2 9
left_child=2 3 11 9 8 10 14 13 -3 -2 16 -1 -13 -6 15 -7 -4 18 -5 -19 24 28 23 -20 25 27 -27 -21 -22 -24
right_child=1 4 5 17 7 6 -8 -9 -10 -11 -12 12 -14 -15 -16 -17 -18 19 22 20 21 -23 29 -25 -26 26 -28 -29 -30 -31
leaf_value=0 0 0 0 0 0 -0.00099303579614554638 5.5660775472372235e-05 0 0 0 0 0 0 0 0 0.018867680126765388 0 -0.0088605464414609654 0.0013640703222858597 0.00035075951786510688 -0.078187565312248228 -0.075206751528049856 0.008260290720402531 -0.019956272517261078 -0.017934680380287782 -0.00013522970947378867 0.010874587057429108 -0.0017692276567488731 0.0025212574376551667 -0.0064106789200860607
leaf_weight=92164 2407 5634 37266 12314 31704 453 5396 35043 618 30339 64376 7843 4892 22059 10230 350 1792 298 94 644 133 810 264 402 230 232 360 745 1851 1857
leaf_count=92164 2407 5634 37266 12314 31704 453 5396 35043 618 30339 64376 7843 4892 22059 10230 350 1792 298 94 644 133 810 264 402 230 232 360 745 1851 1857
internal_value=0.00189659 -0.00148104 0.00412125 -0.00569366 0.000866839 0.00598016 0.0104568 0.00028658 0.00910909 -0.00816741 0.00526758 0.00199716 0.00572774 -0.00109276 0.0143116 0.00317559 0.00710226 -0.00169022 -0.00297703 0.00193287 0.00344655 -0.00221904 -0.0133932 0.00241935 0.0106061 0.0132346 0.0256757 0.00802736 0.00438508 -0.017091
internal_weight=372800 148038 224762 52980 95058 119863 16429 88806 6252 32746 103434 104899 12735 53763 11033 803 39058 20234 14931 5303 5005 2794 2617 496 2211 1981 592 1389 1984 2121
internal_count=372800 148038 224762 52980 95058 119863 16429 88806 6252 32746 103434 104899 12735 53763 11033 803 39058 20234 14931 5303 5005 2794 2617 496 2211 1981 592 1389 1984 2121
cat_boundaries=0 1 2 3 4 5
cat_threshold=129 1 1 11 168
is_linear=0
shrinkage=0.05


Tree=90
num_leaves=31
num_cat=4
split_feature=1 14 14 3 2 9 14 1 0 2 2 9 3 10 14 14 13 15 2 14 2 2 3 1 2 13 1 9 2 1
split_gain=1096.49 583.324 336.643 212.123 181.851 111.269 217.77 103.687 90.5707 89.2687 88.9956 80.7448 66.3671 61.4729 53.8694 49.6321 47.8606 41.8636 40.7885 57.9908 38.9876 136.05 82.2349 82.0973 117.504 62.1811 77.97 58.4124 51.8285 106.038
threshold=1.0000000180025095e-35 0.099999999999996994 0.95000000000000295 9.7850000000000019 0.98499999999999954 0 2.5999999999999979 6.5000000000000009 1 0.87999999999999956 1.0600000000000016 2 5.9250000000000007 13.000000000000002 1.7000000000000013 4.4500000000000179 1.0000000180025095e-35 1.0000000180025095e-35 0.98499999999999954 1.0499999999999974 3.2599999999999993 2.9950000000000014 10.155000000000003 4.5000000000000009 7.0200000000000005 -0.74999999999999989 1.5000000000000002 3 6.1250000000000009 1.5000000000000002
decision_type=2 2 2 2 2 9 2 2 1 2 2 9 2 2 2 2 2 2 2 2 2 2 2 2 2 2 2 9 2 2
left_child=2 3 11 9 8 6 18 14 -3 -2 17 -1 -13 16 -6 -15 -8 -7 19 -4 21 -5 -22 27 -25 26 -23 28 29 -24
right_child=1 4 5 20 7 10 13 -9 -10 -11 -12 12 -14 15 -16 -17 -18 -19 -20 -21 22 25 23 24 -26 -27 -28 -29 -30 -31
leaf_value=0 0 0 -0.00094338400633826912 0 0 0 5.2877736698753625e-05 0 0 0 0 0 0 -0.0021384231640001017 0 0.058135377298646297 0.040611576835999898 0 0 0.017924296120427115 -0.0084175191193879197 0.0012958668061715641 0.00033322154197185094 0.0011636803469296409 -0.096125905690177496 -0.0060901449740817576 -0.018958458891398022 -0.017230858365399327 0.0085126528698324499 -0.0011832765128394374
leaf_weight=92164 2407 5634 392 12314 31704 37909 2756 35043 618 30339 66114 7843 4892 560 22059 267 1001 1898 8641 325 298 94 644 1735 710 2121 402 279 693 944
leaf_count=92164 2407 5634 392 12314 31704 37909 2756 35043 618 30339 66114 7843 4892 560 22059 267 1001 1898 8641 325 298 94 644 1735 710 2121 402 279 693 944
internal_value=0.00186494 -0.00147631 0.00406563 -0.00568045 0.000866839 0.00587587 0.0100774 0.00028658 0.00910909 -0.00816741 0.00532139 0.00199716 0.00572774 0.0011562 -0.00109276 -0.011185 0.00387277 0.00718969 0.0144582 0.00299861 -0.00165563 -0.00296363 0.00202715 0.00354645 -0.00300613 -0.0133168 0.00262097 0.00980469 0.0124182 0.0074937
internal_weight=372800 148038 224762 52980 95058 119863 13942 88806 6252 32746 105921 104899 12735 4584 53763 827 3757 39807 9358 717 20234 14931 5303 5005 2445 2617 496 2560 2281 1588
internal_count=372800 148038 224762 52980 95058 119863 13942 88806 6252 32746 105921 104899 12735 4584 53763 827 3757 39807 9358 717 20234 14931 5303 5005 2445 2617 496 2560 2281 1588
cat_boundaries=0 1 2 3 4
cat_threshold=108 1 1 11
is_linear=0
shrinkage=0.05


Tree=91
num_leaves=31
num_cat=5
split_feature=1 14 14 3 2 9 14 1 0 2 2 9 3 14 15 2 14 4 2 2 3 1 2 13 1 9 9 13 2 1
split_gain=1118.66 588.718 351.429 207.002 181.851 147.801 151.603 103.687 90.5707 89.2687 88.9956 80.7448 66.3671 53.8694 41.8636 40.7885 57.9908 39.251 34.4162 136.05 80.3017 68.5481 105.726 62.1811 77.97 53.9015 41.6929 41.5031 36.258 113.241
threshold=1.0000000180025095e-35 0.099999999999996994 0.95000000000000295 9.7850000000000019 0.98499999999999954 0 2.5999999999999979 6.5000000000000009 1 0.87999999999999956 1.0600000000000016 2 5.9250000000000007 1.7000000000000013 1.0000000180025095e-35 0.98499999999999954 1.0499999999999974 0.97387466162284198 3.2599999999999993 2.9950000000000014 10.155000000000003 4.5000000000000009 7.0200000000000005 -0.74999999999999989 1.5000000000000002 3 4 -1.0000000180025095e-35 6.6250000000000009 1.5000000000000002
decision_type=2 2 2 2 2 9 2 2 1 2 2 9 2 2 2 2 2 2 2 2 2 2 2 2 2 9 9 2 2 2
left_child=2 3 11 9 8 6 15 13 -3 -2 14 -1 -13 -6 -7 16 -4 -8 19 -5 -20 25 27 24 -21 28 -25 -23 -22 -30
right_child=1 4 5 18 7 10 17 -9 -10 -11 -12 12 -14 -15 -16 -17 -18 -19 20 23 21 22 -24 26 -26 -27 -28 -29 29 -31
leaf_value=0 0 0 -0.00089621480602135567 0 0 0 0.000105997994199904 0 0 0 0 0 0 0 0 0 0.017028081314405759 0.05096980606283167 -0.0079966431634185212 0.0012310734658629863 0.00028371714836321614 -0.071748179015710942 -0.091319610405668619 0.008151783433086493 -0.018010535946828121 -0.016369315447129364 -0.0057856377253776682 0.002337010548425944 -0.00056826246177302806 0.0099945662865215338
leaf_weight=92164 2407 5634 392 12314 31704 37909 4244 35043 618 30339 66114 7843 4892 22059 1898 8641 325 340 298 94 1629 116 710 264 402 279 1857 1619 220 432
leaf_count=92164 2407 5634 392 12314 31704 37909 4244 35043 618 30339 66114 7843 4892 22059 1898 8641 325 340 298 94 1629 116 710 264 402 279 1857 1619 220 432
internal_value=0.00188774 -0.00148712 0.00411057 -0.00571065 0.000866839 0.00596014 0.0108013 0.00028658 0.00910909 -0.00816741 0.00532139 0.00199716 0.00572774 -0.00109276 0.00718969 0.0144582 0.00299861 0.00335951 -0.0017347 -0.00296363 0.00172544 0.00322677 -0.00276074 -0.0133168 0.00262097 0.00894531 -0.0170438 0.00389049 0.0114579 0.0214724
internal_weight=372800 148038 224762 52980 95058 119863 13942 88806 6252 32746 105921 104899 12735 53763 39807 9358 717 4584 20234 14931 5303 5005 2445 2617 496 2560 2121 1735 2281 652
internal_count=372800 148038 224762 52980 95058 119863 13942 88806 6252 32746 105921 104899 12735 53763 39807 9358 717 4584 20234 14931 5303 5005 2445 2617 496 2560 2121 1735 2281 652
cat_boundaries=0 1 2 3 4 5
cat_threshold=108 1 1 11 168
is_linear=0
shrinkage=0.05


Tree=92
num_leaves=31
num_cat=4
split_feature=1 14 14 3 2 9 14 1 0 2 2 9 3 14 15 2 14 2 2 1 13 1 13 9 4 3 13 7 2 1
split_gain=1115.07 584.67 351.133 210.837 181.851 147.028 152.797 103.687 90.5707 89.2687 88.9956 80.7448 66.3671 53.8694 41.8636 40.7885 57.9908 37.818 136.05 64.5879 62.1811 77.97 48.723 41.6929 36.6792 35.7515 35.7233 40.2173 33.9267 70.7587
threshold=1.0000000180025095e-35 0.099999999999996994 0.95000000000000295 9.7850000000000019 0.98499999999999954 0 2.5999999999999979 6.5000000000000009 1 0.87999999999999956 1.0600000000000016 2 5.9250000000000007 1.7000000000000013 1.0000000180025095e-35 0.98499999999999954 1.0499999999999974 3.2599999999999993 2.9950000000000014 2.5000000000000004 -0.74999999999999989 1.5000000000000002 -1.0000000180025095e-35 3 0.97387466162284198 10.155000000000003 -1.0000000180025095e-35 1.0000000180025095e-35 5.0050000000000017 5.5000000000000009
decision_type=2 2 2 2 2 9 2 2 1 2 2 9 2 2 2 2 2 2 2 2 2 2 2 9 2 2 2 2 2 2
left_child=2 3 11 9 8 6 15 13 -3 -2 14 -1 -13 -6 -7 16 -4 18 -5 26 21 -20 -21 -22 -8 -24 -19 -28 -27 -30
right_child=1 4 5 17 7 10 24 -9 -10 -11 -12 12 -14 -15 -16 -17 -18 19 20 22 23 -23 25 -25 -26 28 27 -29 29 -31
leaf_value=0 0 0 -0.00085140406572028777 0 0 0 0.00010069809448990881 0 0 0 0 0 0 0 0 0 0.016176677248685468 0.0098202560322333664 0.0011695197925698398 -0.034259057738386778 0.0077441942614321696 -0.017110009149486717 -0.042488049805965968 -0.0054963558391087856 0.048421315759690088 0.0021129881460046464 0.00013557796231912224 0.00061970756755441725 0.0098394241784922412 -0.068608462267842771
leaf_weight=92164 2407 5634 392 12314 31704 37909 4244 35043 618 30339 66114 7843 4892 22059 1898 8641 325 128 94 284 264 402 181 1857 340 1647 1083 571 481 928
leaf_count=92164 2407 5634 392 12314 31704 37909 4244 35043 618 30339 66114 7843 4892 22059 1898 8641 325 128 94 284 264 402 181 1857 340 1647 1083 571 481 928
internal_value=0.00189042 -0.00147901 0.00410968 -0.005688 0.000866839 0.00595847 0.010787 0.00028658 0.00910909 -0.00816741 0.00532139 0.00199716 0.00572774 -0.00109276 0.00718969 0.0144582 0.00299861 -0.0016754 -0.00296363 0.00195173 -0.0133168 0.00262097 -0.00197387 -0.0170438 0.00331588 -0.000231696 0.00970819 0.00773881 0.00104712 -0.00464869
internal_weight=372800 148038 224762 52980 95058 119863 13942 88806 6252 32746 105921 104899 12735 53763 39807 9358 717 20234 14931 5303 2617 496 3521 2121 4584 3237 1782 1654 3056 1409
internal_count=372800 148038 224762 52980 95058 119863 13942 88806 6252 32746 105921 104899 12735 53763 39807 9358 717 20234 14931 5303 2617 496 3521 2121 4584 3237 1782 1654 3056 1409
cat_boundaries=0 1 2 3 4
cat_threshold=108 1 1 168
is_linear=0
shrinkage=0.05


Tree=93
num_leaves=31
num_cat=4
split_feature=1 14 14 3 2 9 14 1 0 2 2 9 3 14 15 2 14 2 2 13 1 1 2 9 2 1 1 1 3 4
split_gain=1114.35 583.997 350.985 211.479 181.851 146.642 153.396 103.687 90.5707 89.2687 88.9956 80.7448 66.3671 53.8694 41.8636 40.7885 57.9908 38.4006 136.05 62.1811 77.97 60.1042 119.497 53.3262 50.6715 96.2545 84.8528 59.5407 48.4712 65.7352
threshold=1.0000000180025095e-35 0.099999999999996994 0.95000000000000295 9.7850000000000019 0.98499999999999954 0 2.5999999999999979 6.5000000000000009 1 0.87999999999999956 1.0600000000000016 2 5.9250000000000007 1.7000000000000013 1.0000000180025095e-35 0.98499999999999954 1.0499999999999974 3.2599999999999993 2.9950000000000014 -0.74999999999999989 1.5000000000000002 5.5000000000000009 8.0300000000000029 3 6.785000000000001 1.5000000000000002 1.5000000000000002 3.5000000000000004 20.005000000000006 0.57178659947367472
decision_type=2 2 2 2 2 9 2 2 1 2 2 9 2 2 2 2 2 2 2 2 2 2 2 9 2 2 2 2 2 2
left_child=2 3 11 9 8 6 15 13 -3 -2 14 -1 -13 -6 -7 16 -4 18 -5 20 -20 23 -23 24 26 -26 28 -27 29 -19
right_child=1 4 5 17 7 10 -8 -9 -10 -11 -12 12 -14 -15 -16 -17 -18 21 19 -21 -22 22 -24 -25 25 27 -28 -29 -30 -31
leaf_value=0 0 0 -0.00080883386243427342 0 0 0 0.0011744018772176957 0 0 0 0 0 0 0 0 0 0.015367843386251197 0.00017413810992085167 0.0011110438029413472 -0.0052215380471533459 -0.016254508692012382 0.00054144478089579451 -0.13084763758893045 -0.01820774630669857 -0.00054662823680033396 0.008876350323731198 -0.0019590214516945095 0.0078464592813547226 0.00049097242527696989 -5.9103200051013888e-05
leaf_weight=92164 2407 5634 392 12314 31704 37909 4584 35043 618 30339 66114 7843 4892 22059 1898 8641 325 312 94 2121 402 1756 515 337 224 352 1225 182 262 138
leaf_count=92164 2407 5634 392 12314 31704 37909 4584 35043 618 30339 66114 7843 4892 22059 1898 8641 325 312 94 2121 402 1756 515 337 224 352 1225 182 262 138
internal_value=0.00189069 -0.00147766 0.00410924 -0.00568422 0.000866839 0.00595763 0.0107798 0.00028658 0.00910909 -0.00816741 0.00532139 0.00199716 0.00572774 -0.00109276 0.00718969 0.0144582 0.00299861 -0.00166551 -0.00296363 -0.0133168 0.00262097 0.00198944 -0.00416116 0.00659631 0.00892791 0.0199208 0.00467217 0.0314607 0.0183989 0.00844444
internal_weight=372800 148038 224762 52980 95058 119863 13942 88806 6252 32746 105921 104899 12735 53763 39807 9358 717 20234 14931 2617 496 5303 2271 3032 2695 758 1937 534 712 450
internal_count=372800 148038 224762 52980 95058 119863 13942 88806 6252 32746 105921 104899 12735 53763 39807 9358 717 20234 14931 2617 496 5303 2271 3032 2695 758 1937 534 712 450
cat_boundaries=0 1 2 3 4
cat_threshold=108 1 1 11
is_linear=0
shrinkage=0.05


Tree=94
num_leaves=31
num_cat=4
split_feature=1 14 14 3 2 9 14 1 0 2 2 9 3 14 15 2 14 4 2 2 13 1 1 2 9 2 1 1 1 3
split_gain=1108.16 585.344 344.948 210.195 181.851 131.251 178.959 103.687 90.5707 89.2687 88.9956 80.7448 66.3671 53.8694 41.8636 40.7885 57.9908 39.6241 37.2399 136.05 62.1811 77.97 60.3515 116.333 52.9538 51.3601 96.2545 80.9657 59.5407 48.6964
threshold=1.0000000180025095e-35 0.099999999999996994 0.95000000000000295 9.7850000000000019 0.98499999999999954 0 2.5999999999999979 6.5000000000000009 1 0.87999999999999956 1.0600000000000016 2 5.9250000000000007 1.7000000000000013 1.0000000180025095e-35 0.98499999999999954 1.0499999999999974 0.97387466162284198 3.2599999999999993 2.9950000000000014 -0.74999999999999989 1.5000000000000002 5.5000000000000009 8.0300000000000029 3 6.785000000000001 1.5000000000000002 1.5000000000000002 3.5000000000000004 20.005000000000006
decision_type=2 2 2 2 2 9 2 2 1 2 2 9 2 2 2 2 2 2 2 2 2 2 2 2 9 2 2 2 2 2
left_child=2 3 11 9 8 6 15 13 -3 -2 14 -1 -13 -6 -7 16 -4 -8 19 -5 21 -21 24 -24 25 27 -27 29 -28 -20
right_child=1 4 5 18 7 10 17 -9 -10 -11 -12 12 -14 -15 -16 -17 -18 -19 22 20 -22 -23 23 -25 -26 26 28 -29 -30 -31
leaf_value=0 0 0 -0.00076839216931255975 0 0 0 3.6943095904528583e-05 0 0 0 0 0 0 0 0 0 0.014599451216938637 0.045941529877844701 0.00016543120442480408 0.0010554916127942793 -0.0049604611447956809 -0.015441783257411768 0.00051437254185100485 -0.12430525570948392 -0.017297358991363643 -0.00051929682496031917 0.0084325328075446349 -0.0018610703791097861 0.0074541363172869858 0.00046642380401311638
leaf_weight=92164 2407 5634 392 12314 31704 37909 4244 35043 618 30339 66114 7843 4892 22059 1898 8641 325 340 450 94 2121 402 1756 515 337 224 352 1225 182 262
leaf_count=92164 2407 5634 392 12314 31704 37909 4244 35043 618 30339 66114 7843 4892 22059 1898 8641 325 340 450 94 2121 402 1756 515 337 224 352 1225 182 262
internal_value=0.00187862 -0.00148036 0.00409099 -0.00569177 0.000866839 0.00592343 0.010486 0.00028658 0.00910909 -0.00816741 0.00532139 0.00199716 0.00572774 -0.00109276 0.00718969 0.0144582 0.00299861 0.00239965 -0.00168528 -0.00296363 -0.0133168 0.00262097 0.00191401 -0.00424923 0.00653034 0.00885397 0.0199208 0.00456892 0.0314607 0.0179775
internal_weight=372800 148038 224762 52980 95058 119863 13942 88806 6252 32746 105921 104899 12735 53763 39807 9358 717 4584 20234 14931 2617 496 5303 2271 3032 2695 758 1937 534 712
internal_count=372800 148038 224762 52980 95058 119863 13942 88806 6252 32746 105921 104899 12735 53763 39807 9358 717 4584 20234 14931 2617 496 5303 2271 3032 2695 758 1937 534 712
cat_boundaries=0 1 2 3 4
cat_threshold=108 1 1 11
is_linear=0
shrinkage=0.05


Tree=95
num_leaves=31
num_cat=4
split_feature=1 14 14 3 2 9 14 1 0 2 2 9 3 14 15 2 14 2 2 13 1 1 2 9 2 1 1 1 4 3
split_gain=1099.58 574.612 344.948 220.577 181.851 131.251 178.959 103.687 90.5707 89.2687 88.9956 80.7448 66.3671 53.8694 41.8636 40.7885 57.9908 40.0848 132.469 64.3372 77.97 47.5576 98.8592 55.5951 50.1954 93.5049 78.4831 56.6943 53.8301 46.8891
threshold=1.0000000180025095e-35 0.099999999999996994 0.95000000000000295 9.7850000000000019 0.98499999999999954 0 2.5999999999999979 6.5000000000000009 1 0.87999999999999956 1.0600000000000016 2 5.9250000000000007 1.7000000000000013 1.0000000180025095e-35 0.98499999999999954 1.0499999999999974 3.1550000000000007 2.9950000000000014 -0.74999999999999989 1.5000000000000002 5.5000000000000009 8.0300000000000029 3 6.785000000000001 1.5000000000000002 1.5000000000000002 3.5000000000000004 0.72085188119920351 22.835000000000004
decision_type=2 2 2 2 2 9 2 2 1 2 2 9 2 2 2 2 2 2 2 2 2 2 2 9 2 2 2 2 2 2
left_child=2 3 11 9 8 6 15 13 -3 -2 14 -1 -13 -6 -7 16 -4 18 -5 20 -20 23 -23 24 26 -26 28 -27 -19 -30
right_child=1 4 5 17 7 10 -8 -9 -10 -11 -12 12 -14 -15 -16 -17 -18 21 19 -21 -22 22 -24 -25 25 27 -28 -29 29 -31
leaf_value=0 0 0 -0.00072997256084693179 0 0 0 0.001113834628561583 0 0 0 0 0 0 0 0 0 0.013869478656091706 0.00024164944012597945 0.0010027170321545654 -0.0047124380875558985 -0.014669694094541176 0.00071145552872426971 -0.11808999292400975 -0.01715660939524501 -0.00049333198371230298 0.0080109061671673979 -0.0018458134379690017 0.0070814295014226319 -6.4419600269705057e-05 0.00022351941761287187
leaf_weight=92164 2407 5634 392 12314 31704 37909 4584 35043 618 30339 66114 7843 4892 22059 1898 8641 325 536 94 1965 402 1800 515 360 224 352 1263 182 147 80
leaf_count=92164 2407 5634 392 12314 31704 37909 4584 35043 618 30339 66114 7843 4892 22059 1898 8641 325 536 94 1965 402 1800 515 360 224 352 1263 182 147 80
internal_value=0.0018872 -0.00145875 0.00409099 -0.00563137 0.000866839 0.00592343 0.010486 0.00028658 0.00910909 -0.00816741 0.00532139 0.00199716 0.00572774 -0.00109276 0.00718969 0.0144582 0.00299861 -0.00152713 -0.00287986 -0.0134701 0.00262097 0.00213409 -0.00330454 0.00613868 0.00851825 0.0195251 0.00444225 0.0308989 0.0171035 -0.00330396
internal_weight=372800 148038 224762 52980 95058 119863 13942 88806 6252 32746 105921 104899 12735 53763 39807 9358 717 20234 14775 2461 496 5459 2315 3144 2784 758 2026 534 763 227
internal_count=372800 148038 224762 52980 95058 119863 13942 88806 6252 32746 105921 104899 12735 53763 39807 9358 717 20234 14775 2461 496 5459 2315 3144 2784 758 2026 534 763 227
cat_boundaries=0 1 2 3 4
cat_threshold=108 1 1 11
is_linear=0
shrinkage=0.05


Tree=96
num_leaves=31
num_cat=5
split_feature=1 14 14 3 2 2 1 0 2 9 3 9 14 9 14 14 15 3 2 2 13 1 1 13 9 13 3 7 2 3
split_gain=1082.46 575.614 330.158 219.593 181.851 105.529 103.687 90.5707 89.2687 80.7448 66.3671 59.9045 53.8694 51.6168 260.255 53.6074 41.0204 39.2954 38.4215 130.78 66.9376 76.4438 44.5819 43.8036 42.5349 39.6768 37.8127 37.3662 32.2614 69.2927
threshold=1.0000000180025095e-35 0.099999999999996994 0.95000000000000295 9.7850000000000019 0.98499999999999954 1.2600000000000009 6.5000000000000009 0 0.87999999999999956 1 5.9250000000000007 2 1.7000000000000013 3 2.4000000000000017 4.2000000000000108 1.0000000180025095e-35 30.845000000000002 3.1550000000000007 2.9950000000000014 -0.74999999999999989 1.5000000000000002 2.5000000000000004 -1.0000000180025095e-35 4 -1.0000000180025095e-35 10.155000000000003 1.0000000180025095e-35 6.4850000000000003 12.835000000000003
decision_type=2 2 2 2 2 2 2 1 2 9 2 9 2 9 2 2 2 2 2 2 2 2 2 2 9 2 2 2 2 2
left_child=2 3 9 8 7 11 12 -3 -2 -1 -11 16 -6 14 -7 -16 -4 -17 19 -5 21 -21 25 -24 -22 -20 -25 -27 -8 -30
right_child=1 4 5 18 6 13 28 -9 -10 10 -12 -13 -14 -15 15 17 -18 -19 22 20 24 -23 23 26 -26 27 -28 -29 29 -31
leaf_value=0 0 0 0 0 0 0 0 0 0 0 0 0 0 0 -0.0021384231640001017 0.088691904209681233 0 -0.001023140277278341 0.0092482175884267999 0.00095258118054684102 -0.0044768161831781009 -0.013936209389814115 -0.032634468494040995 -0.040159471657325696 -0.0099821169189362128 2.0187254675896327e-05 0.00067322578297748239 0.00056537748449566607 0.015391156104252457 -0.039686063740732629
leaf_weight=92164 2407 5634 38183 12314 31704 6387 32871 618 30339 7843 4892 5599 22059 64565 1995 343 1808 983 128 94 1656 402 284 181 309 1167 3117 582 319 1853
leaf_count=92164 2407 5634 38183 12314 31704 6387 32871 618 30339 7843 4892 5599 22059 64565 1995 343 1808 983 128 94 1656 402 284 181 309 1167 3117 582 319 1853
internal_value=0.00185904 -0.00146077 0.00404561 -0.00563703 0.000866839 0.00583833 0.00028658 0.00910909 -0.00816741 0.00199716 0.00572774 0.00773196 -0.00109276 0.00467599 0.00807779 -0.00326709 0.00704732 0.00452489 -0.00154196 -0.00286633 -0.0133889 0.00302419 0.0020425 -0.00122836 -0.0175318 0.0082845 0.000394178 0.0063179 0.00240276 -0.00349908
internal_weight=372800 148038 224762 52980 95058 119863 88806 6252 32746 104899 12735 45590 53763 74273 9708 3321 39991 1326 20234 14775 2461 496 5459 3582 1965 1877 3298 1749 35043 2172
internal_count=372800 148038 224762 52980 95058 119863 88806 6252 32746 104899 12735 45590 53763 74273 9708 3321 39991 1326 20234 14775 2461 496 5459 3582 1965 1877 3298 1749 35043 2172
cat_boundaries=0 1 2 3 4 5
cat_threshold=1 1 129 106 1
is_linear=0
shrinkage=0.05


Tree=97
num_leaves=31
num_cat=5
split_feature=1 14 14 3 2 9 14 1 0 2 2 9 3 14 2 14 2 2 13 1 1 2 9 2 1 1 1 4 3 9
split_gain=1100.42 569.06 348.328 225.53 181.991 139.576 163.785 103.18 90.5707 89.2687 88.4592 80.7448 66.3671 53.8694 40.1063 52.5141 40.066 123.313 67.2439 74.9326 45.0945 91.2835 55.4049 49.3212 92.5972 78.4831 55.761 53.8301 46.8891 40.8076
threshold=1.0000000180025095e-35 0.099999999999996994 0.95000000000000295 9.7850000000000019 0.98499999999999954 0 2.4000000000000017 6.5000000000000009 1 0.87999999999999956 1.0600000000000016 2 5.9250000000000007 1.7000000000000013 0.98499999999999954 1.0499999999999974 3.1550000000000007 2.9950000000000014 -0.74999999999999989 1.5000000000000002 5.5000000000000009 8.0300000000000029 3 6.785000000000001 1.5000000000000002 1.5000000000000002 3.5000000000000004 0.72085188119920351 22.835000000000004 4
decision_type=2 2 2 2 2 9 2 2 1 2 2 9 2 2 2 2 2 2 2 2 2 2 9 2 2 2 2 2 2 9
left_child=2 3 11 9 8 6 14 13 -3 -2 -7 -1 -13 -6 15 -4 17 -5 19 -19 22 -22 23 25 -25 27 -26 -18 -29 -20
right_child=1 4 5 16 7 10 -8 -9 -10 -11 -12 12 -14 -15 -16 -17 20 18 29 -21 21 -23 -24 24 26 -27 -28 28 -30 -31
leaf_value=0 0 0 -0.00069347393280458521 0 0 0 0.000105997994199904 0 0 0 0 0 0 0 0 0.013176004723287123 0.00020179074662449726 0.0009049521215194978 -0.0042529753740191967 -0.013239398920323409 0.00064222146313916992 -0.11055376985310722 -0.015924550303789368 -0.00046967474726048456 0.0076093514960752229 -0.0016404229931798798 0.0075263890941280834 -6.2207982990014618e-05 0.00018407457250745331 -0.0094830110729894005
leaf_weight=92164 2407 5634 404 12314 31704 39696 4659 35043 618 30339 65508 7843 4892 22059 9290 306 536 94 1656 402 1800 515 360 224 352 1263 182 147 80 309
leaf_count=92164 2407 5634 404 12314 31704 39696 4659 35043 618 30339 65508 7843 4892 22059 9290 306 536 94 1656 402 1800 515 360 224 352 1263 182 147 80 309
internal_value=0.00189659 -0.00145064 0.00410123 -0.00560306 0.000863683 0.00594262 0.0105154 0.000283202 0.00910909 -0.00816741 0.00530395 0.00199716 0.00572774 -0.00109276 0.01413 0.00267606 -0.001453 -0.00280541 -0.0130232 0.00342742 0.00220736 -0.00308855 0.00610687 0.00848246 0.0193931 0.00444225 0.0307116 0.0171035 -0.00330396 -0.0171756
internal_weight=372800 148038 224762 52980 95058 119863 14659 88806 6252 32746 105204 104899 12735 53763 10000 710 20234 14775 2461 496 5459 2315 3144 2784 758 2026 534 763 227 1965
internal_count=372800 148038 224762 52980 95058 119863 14659 88806 6252 32746 105204 104899 12735 53763 10000 710 20234 14775 2461 496 5459 2315 3144 2784 758 2026 534 763 227 1965
cat_boundaries=0 1 2 3 4 5
cat_threshold=106 1 1 11 1
is_linear=0
shrinkage=0.05


Tree=98
num_leaves=31
num_cat=5
split_feature=1 14 14 3 2 9 14 1 0 2 2 9 3 14 2 14 14 2 2 13 1 9 1 2 9 2 1 1 1 7
split_gain=1105.25 575.056 348.328 219.593 181.991 139.576 163.785 103.18 90.5707 89.2687 88.4592 80.7448 66.3671 53.8694 40.1063 52.5141 37.4721 34.9684 123.313 67.2439 74.9326 40.8076 36.9427 85.4403 49.1779 44.5527 76.4027 69.7454 69.4573 63.8461
threshold=1.0000000180025095e-35 0.099999999999996994 0.95000000000000295 9.7850000000000019 0.98499999999999954 0 2.4000000000000017 6.5000000000000009 1 0.87999999999999956 1.0600000000000016 2 5.9250000000000007 1.7000000000000013 0.98499999999999954 1.0499999999999974 1.300000000000008 3.1550000000000007 2.9950000000000014 -0.74999999999999989 1.5000000000000002 3 5.5000000000000009 8.0300000000000029 4 5.6200000000000037 1.5000000000000002 1.5000000000000002 2.5000000000000004 1.0000000180025095e-35
decision_type=2 2 2 2 2 9 2 2 1 2 2 9 2 2 2 2 2 2 2 2 2 9 2 2 9 2 2 2 2 2
left_child=2 3 11 9 8 6 14 13 -3 -2 16 -1 -13 -6 15 -4 -7 18 -5 20 -20 -21 24 -24 -19 26 -26 29 -29 -27
right_child=1 4 5 17 7 10 -8 -9 -10 -11 -12 12 -14 -15 -16 -17 -18 22 19 21 -22 -23 23 -25 25 27 -28 28 -30 -31
leaf_value=0 0 0 -0.00065880023616435594 0 0 0 0.00010069809448990881 0 0 0 0 0 0 0 0 0.012517204487122763 0 -0.017558260269572606 0.00085970451544352682 -0.0040403266053182342 -0.012577428974307237 -0.0090088605193399292 0.0006101103899822214 -0.10502608136045187 0.00017307853405056363 -0.00043202941561615863 -0.0038872590829140963 0.0069435709548558711 0.0074362805654428323 0.0010584394239845031
leaf_weight=92164 2407 5634 404 12314 31704 28725 4659 35043 618 30339 65508 7843 4892 22059 9290 306 10971 313 94 1656 402 309 1800 515 689 203 1120 257 448 114
leaf_count=92164 2407 5634 404 12314 31704 28725 4659 35043 618 30339 65508 7843 4892 22059 9290 306 10971 313 94 1656 402 309 1800 515 689 203 1120 257 448 114
internal_value=0.00189177 -0.0014628 0.00410123 -0.00563703 0.000863683 0.00594262 0.0105154 0.000283202 0.00910909 -0.00816741 0.00530395 0.00199716 0.00572774 -0.00109276 0.01413 0.00267606 0.00716697 -0.00154196 -0.00280541 -0.0130232 0.00342742 -0.0171756 0.00187763 -0.00291577 0.00540712 0.00747976 0.0027916 0.0158513 0.0246099 -0.00362776
internal_weight=372800 148038 224762 52980 95058 119863 14659 88806 6252 32746 105204 104899 12735 53763 10000 710 39696 20234 14775 2461 496 1965 5459 2315 3144 2831 1809 1022 705 317
internal_count=372800 148038 224762 52980 95058 119863 14659 88806 6252 32746 105204 104899 12735 53763 10000 710 39696 20234 14775 2461 496 1965 5459 2315 3144 2831 1809 1022 705 317
cat_boundaries=0 1 2 3 4 5
cat_threshold=106 1 1 1 160
is_linear=0
shrinkage=0.05


Tree=99
num_leaves=31
num_cat=4
split_feature=1 14 14 3 2 9 14 1 0 2 2 9 3 14 2 14 14 2 2 13 1 3 9 1 2 7 13 1 2 3
split_gain=1105.25 575.056 348.328 219.593 181.991 139.576 163.785 103.18 90.5707 89.2687 88.4592 80.7448 66.3671 53.8694 40.1063 52.5141 37.4721 34.2657 123.233 67.7906 74.9326 50.1874 37.591 34.1381 51.5363 46.2486 42.1749 41.9342 53.7996 34.0264
threshold=1.0000000180025095e-35 0.099999999999996994 0.95000000000000295 9.7850000000000019 0.98499999999999954 0 2.4000000000000017 6.5000000000000009 1 0.87999999999999956 1.0600000000000016 2 5.9250000000000007 1.7000000000000013 0.98499999999999954 1.0499999999999974 1.300000000000008 3.0950000000000002 2.9950000000000014 -0.74999999999999989 1.5000000000000002 10.155000000000003 3 3.5000000000000004 7.0200000000000005 1.0000000180025095e-35 -1.0000000180025095e-35 6.5000000000000009 12.319999999999999 4.3449999999999998
decision_type=2 2 2 2 2 9 2 2 1 2 2 9 2 2 2 2 2 2 2 2 2 2 9 2 2 2 2 2 2 2
left_child=2 3 11 9 8 6 14 13 -3 -2 16 -1 -13 -6 15 -4 29 18 -5 20 -20 -19 -21 25 26 -23 -25 28 -26 -7
right_child=1 4 5 17 7 10 -8 -9 -10 -11 -12 12 -14 -15 -16 -17 -18 21 19 22 -22 23 -24 24 27 -27 -28 -29 -30 -31
leaf_value=0 0 0 -0.00062586022435613805 0 0 0 9.5663189765413367e-05 0 0 0 0 0 0 0 0 0.011891344262766624 0 -0.0073847767623895118 0.0008167192896713527 -0.0038383102750523205 -0.011948557525591874 0.00015612939314681997 -0.008945497769465233 -0.067555266036804951 -0.014733127561417892 0.001092366250629423 0.0021243762200044538 -0.10033055534180968 0.019859904072702418 0
leaf_weight=92164 2407 5634 404 12314 31704 2968 4659 35043 618 30339 65508 7843 4892 22059 9290 306 10971 298 94 1636 402 1652 305 133 155 676 1914 565 90 25757
leaf_count=92164 2407 5634 404 12314 31704 2968 4659 35043 618 30339 65508 7843 4892 22059 9290 306 10971 298 94 1636 402 1652 305 133 155 676 1914 565 90 25757
internal_value=0.00189177 -0.0014628 0.00410123 -0.00563703 0.000863683 0.00594262 0.0105154 0.000283202 0.00910909 -0.00816741 0.00530395 0.00199716 0.00572774 -0.00109276 0.01413 0.00267606 0.00716697 -0.00154196 -0.00279642 -0.0130693 0.00342742 0.00183294 -0.0172849 0.00297975 -0.000682534 0.00747423 0.00354177 -0.011358 0.00591837 0.00621758
internal_weight=372800 148038 224762 52980 95058 119863 14659 88806 6252 32746 105204 104899 12735 53763 10000 710 39696 20234 14751 2437 496 5483 1941 5185 2857 2328 2047 810 245 28725
internal_count=372800 148038 224762 52980 95058 119863 14659 88806 6252 32746 105204 104899 12735 53763 10000 710 39696 20234 14751 2437 496 5483 1941 5185 2857 2328 2047 810 245 28725
cat_boundaries=0 1 2 3 4
cat_threshold=106 1 1 1
is_linear=0
shrinkage=0.05


Tree=100
num_leaves=31
num_cat=5
split_feature=1 14 14 3 2 9 14 1 0 2 2 9 3 14 2 2 13 1 2 14 1 2 1 7 1 9 3 4 9 14
split_gain=1098.81 567.069 348.328 227.526 181.991 139.576 163.785 103.18 90.5707 89.2687 88.4592 80.7448 66.3671 53.8694 41.0518 123.233 67.7906 74.9326 40.1063 52.5141 38.1565 40.6365 97.4592 81.408 68.5724 38.784 61.697 50.6725 37.591 37.4721
threshold=1.0000000180025095e-35 0.099999999999996994 0.95000000000000295 9.7850000000000019 0.98499999999999954 0 2.4000000000000017 6.5000000000000009 1 0.87999999999999956 1.0600000000000016 2 5.9250000000000007 1.7000000000000013 3.0950000000000002 2.9950000000000014 -0.74999999999999989 1.5000000000000002 0.98499999999999954 1.0499999999999974 2.5000000000000004 5.0050000000000017 1.5000000000000002 1.0000000180025095e-35 1.5000000000000002 3 22.520000000000003 0.72986233575078574 4 1.300000000000008
decision_type=2 2 2 2 2 9 2 2 1 2 2 9 2 2 2 2 2 2 2 2 2 2 2 2 2 9 2 2 9 2
left_child=2 3 11 9 8 6 18 13 -3 -2 29 -1 -13 -6 15 -5 17 -17 19 -4 21 24 23 -23 25 26 27 -16 -18 -7
right_child=1 4 5 14 7 10 -8 -9 -10 -11 -12 12 -14 -15 20 16 28 -19 -20 -21 -22 22 -24 -25 -26 -27 -28 -29 -30 -31
leaf_value=0 0 0 -0.00059456721313833115 0 0 0 9.0880030277142702e-05 0 0 0 0 0 0 0 0.00017524081293339712 0.00077588332518778729 -0.0036463947612997041 -0.011351129649312286 0 0.011296777049628294 -0.0006763497216743298 -0.00041823441449269084 0.0065402049031132005 0.00095818048565484706 -0.0052422941092645893 -0.010237611021245286 0.00034099286460096415 -7.5557980200380303e-05 -0.0084982228809919735 0
leaf_weight=92164 2407 5634 404 12314 31704 28725 4659 35043 618 30339 65508 7843 4892 22059 311 94 1636 402 9290 306 3596 221 304 130 468 135 190 128 305 10971
leaf_count=92164 2407 5634 404 12314 31704 28725 4659 35043 618 30339 65508 7843 4892 22059 311 94 1636 402 9290 306 3596 221 304 130 468 135 190 128 305 10971
internal_value=0.0018982 -0.00144659 0.00410123 -0.00559173 0.000863683 0.00594262 0.0105154 0.000283202 0.00910909 -0.00816741 0.00530395 0.00199716 0.00572774 -0.00109276 -0.00142335 -0.00279642 -0.0130693 0.00342742 0.01413 0.00267606 0.00227065 0.00802862 0.0180916 0.00014245 0.00267857 0.011911 0.0169797 0.00694761 -0.0172849 0.00716697
internal_weight=372800 148038 224762 52980 95058 119863 14659 88806 6252 32746 105204 104899 12735 53763 20234 14751 2437 496 10000 710 5483 1887 655 351 1232 764 629 439 1941 39696
internal_count=372800 148038 224762 52980 95058 119863 14659 88806 6252 32746 105204 104899 12735 53763 20234 14751 2437 496 10000 710 5483 1887 655 351 1232 764 629 439 1941 39696
cat_boundaries=0 1 2 3 4 5
cat_threshold=106 1 1 1 1
is_linear=0
shrinkage=0.05


Tree=101
num_leaves=31
num_cat=4
split_feature=1 14 14 3 2 9 14 1 0 2 2 9 3 14 2 2 13 1 1 2 14 9 13 7 1 2 14 3 13 3
split_gain=1091.87 558.48 348.328 236.279 181.991 139.576 163.785 103.18 90.5707 89.2687 88.4592 80.7448 66.3671 53.8694 45.4179 119.693 67.6335 74.9326 44.6307 40.1063 52.5141 39.1902 38.3151 45.4329 40.2695 63.6907 37.4721 34.0264 33.7606 36.9723
threshold=1.0000000180025095e-35 0.099999999999996994 0.95000000000000295 9.7850000000000019 0.98499999999999954 0 2.4000000000000017 6.5000000000000009 1 0.87999999999999956 1.0600000000000016 2 5.9250000000000007 1.7000000000000013 3.0049999999999994 2.9950000000000014 -0.74999999999999989 1.5000000000000002 2.5000000000000004 0.98499999999999954 1.0499999999999974 3 -1.0000000180025095e-35 1.0000000180025095e-35 1.5000000000000002 5.6800000000000024 1.300000000000008 4.3449999999999998 -1.0000000180025095e-35 10.155000000000003
decision_type=2 2 2 2 2 9 2 2 1 2 2 9 2 2 2 2 2 2 2 2 2 9 2 2 2 2 2 2 2 2
left_child=2 3 11 9 8 6 19 13 -3 -2 26 -1 -13 -6 15 -5 17 -17 22 20 -4 -18 -16 -24 -25 -26 27 -7 -20 -30
right_child=1 4 5 14 7 10 -8 -9 -10 -11 -12 12 -14 -15 18 16 21 -19 28 -21 -22 -23 23 24 25 -27 -28 -29 29 -31
leaf_value=0 0 0 -0.00056483885248141458 0 0 0 8.6336028763285558e-05 0 0 0 0 0 0 0 0.0087759918904108617 0.00073708915892839455 -0.0038589203871940703 -0.010783573166846673 -0.027758643340699975 0 0.010731938197146879 -0.0078179001340708491 3.426297309363502e-05 0.00041612981957304121 -0.0046262388649122464 0.0059735212879436176 0 0 -0.037472057646451541 0.00062595354556664877
leaf_weight=92164 2407 5634 404 12314 31704 2968 4659 35043 618 30339 65508 7843 4892 22059 128 94 1585 402 284 9290 306 303 1205 319 156 111 10971 25757 181 3152
leaf_count=92164 2407 5634 404 12314 31704 2968 4659 35043 618 30339 65508 7843 4892 22059 128 94 1585 402 284 9290 306 303 1205 319 156 111 10971 25757 181 3152
internal_value=0.00190518 -0.00142902 0.00410123 -0.00554266 0.000863683 0.00594262 0.0105154 0.000283202 0.00910909 -0.00816741 0.00530395 0.00199716 0.00572774 -0.00109276 -0.00129485 -0.00274867 -0.0130034 0.00342742 0.00256503 0.01413 0.00267606 -0.0173199 0.0087285 0.00683975 0.0182594 0.00393258 0.00716697 0.00621758 -0.000705004 0.000705071
internal_weight=372800 148038 224762 52980 95058 119863 14659 88806 6252 32746 105204 104899 12735 53763 20234 14698 2384 496 5536 10000 710 1888 1919 1791 586 267 39696 28725 3617 3333
internal_count=372800 148038 224762 52980 95058 119863 14659 88806 6252 32746 105204 104899 12735 53763 20234 14698 2384 496 5536 10000 710 1888 1919 1791 586 267 39696 28725 3617 3333
cat_boundaries=0 1 2 3 4
cat_threshold=106 1 1 1
is_linear=0
shrinkage=0.05


Tree=102
num_leaves=31
num_cat=4
split_feature=1 14 14 3 2 9 14 1 0 2 2 9 3 14 2 2 13 1 1 2 14 9 13 7 1 2 14 3 2 3
split_gain=1089.2 555.194 348.328 239.689 181.991 139.576 163.785 103.18 90.5707 89.2687 88.4592 80.7448 66.3671 53.8694 48.5583 119.693 67.6335 74.9326 41.3237 40.1063 52.5141 39.1902 38.4663 44.5239 39.3159 63.6907 37.4721 34.0264 33.6934 62.9945
threshold=1.0000000180025095e-35 0.099999999999996994 0.95000000000000295 9.7850000000000019 0.98499999999999954 0 2.4000000000000017 6.5000000000000009 1 0.87999999999999956 1.0600000000000016 2 5.9250000000000007 1.7000000000000013 3.0049999999999994 2.9950000000000014 -0.74999999999999989 1.5000000000000002 2.5000000000000004 0.98499999999999954 1.0499999999999974 3 -1.0000000180025095e-35 1.0000000180025095e-35 1.5000000000000002 5.6800000000000024 1.300000000000008 4.3449999999999998 6.4850000000000003 11.415000000000001
decision_type=2 2 2 2 2 9 2 2 1 2 2 9 2 2 2 2 2 2 2 2 2 9 2 2 2 2 2 2 2 2
left_child=2 3 11 9 8 6 19 13 -3 -2 26 -1 -13 -6 15 -5 17 -17 22 20 -4 -18 -16 -24 -25 -26 27 -7 -9 -30
right_child=1 4 5 14 7 10 -8 28 -10 -11 -12 12 -14 -15 18 16 21 -19 -20 -21 -22 -23 23 24 25 -27 -28 -29 29 -31
leaf_value=0 0 0 -0.00053659690985734384 0 0 0 8.201922732512128e-05 0 0 0 0 0 0 0 0.0083371922958903177 0.00070023470098197211 -0.0036659743678343682 -0.01024439450850434 -0.00042668324574750565 0 0.010195341287289534 -0.007427005127367309 3.2549824438954378e-05 0.00039532332859438802 -0.0043949269216666314 0.0056748452235464431 0 0 0.015469505598460255 -0.033587224884788672
leaf_weight=92164 2407 5634 404 12314 31704 2968 4659 32871 618 30339 65508 7843 4892 22059 128 94 1585 402 3617 9290 306 303 1205 319 156 111 10971 25757 275 1897
leaf_count=92164 2407 5634 404 12314 31704 2968 4659 32871 618 30339 65508 7843 4892 22059 128 94 1585 402 3617 9290 306 303 1205 319 156 111 10971 25757 275 1897
internal_value=0.00190786 -0.00142227 0.00410123 -0.00552378 0.000863683 0.00594262 0.0105154 0.000283202 0.00910909 -0.00816741 0.00530395 0.00199716 0.00572774 -0.00109276 -0.00124543 -0.00274867 -0.0130034 0.00342742 0.00274566 0.01413 0.00267606 -0.0173199 0.00867639 0.00678392 0.0180887 0.00393258 0.00716697 0.00621758 0.0023942 -0.0036372
internal_weight=372800 148038 224762 52980 95058 119863 14659 88806 6252 32746 105204 104899 12735 53763 20234 14698 2384 496 5536 10000 710 1888 1919 1791 586 267 39696 28725 35043 2172
internal_count=372800 148038 224762 52980 95058 119863 14659 88806 6252 32746 105204 104899 12735 53763 20234 14698 2384 496 5536 10000 710 1888 1919 1791 586 267 39696 28725 35043 2172
cat_boundaries=0 1 2 3 4
cat_threshold=106 1 1 1
is_linear=0
shrinkage=0.05


Tree=103
num_leaves=31
num_cat=5
split_feature=1 14 14 3 2 9 14 1 0 2 2 9 3 14 2 14 2 2 13 1 9 14 2 3 5 3 2 3 9 1
split_gain=1099.35 566.699 348.328 227.526 182.083 139.576 163.785 102.843 90.5707 89.2687 88.4592 80.7448 66.3671 53.8694 40.1063 52.5141 37.7441 119.693 67.6335 74.9326 39.1902 37.4721 34.6653 53.6137 39.8544 34.0264 30.4644 30.8812 30.3194 34.7249
threshold=1.0000000180025095e-35 0.099999999999996994 0.95000000000000295 9.7850000000000019 0.98499999999999954 0 2.4000000000000017 6.5000000000000009 1 0.87999999999999956 1.0600000000000016 2 5.9250000000000007 1.7000000000000013 0.98499999999999954 1.0499999999999974 3.0049999999999994 2.9950000000000014 -0.74999999999999989 1.5000000000000002 3 1.300000000000008 6.4850000000000003 12.835000000000003 0.77023320773058968 4.3449999999999998 1.8000000000000063 37.945000000000007 4 8.5000000000000018
decision_type=2 2 2 2 2 9 2 2 1 2 2 9 2 2 2 2 2 2 2 2 9 2 2 2 2 2 2 2 9 2
left_child=2 3 11 9 8 6 14 13 -3 -2 21 -1 -13 -6 15 -4 17 28 19 -19 -20 25 24 -24 -9 -7 -8 -28 29 -5
right_child=1 4 5 16 7 10 26 22 -10 -11 -12 12 -14 -15 -16 -17 -18 18 20 -21 -22 -23 23 -25 -26 -27 27 -29 -30 -31
leaf_value=0 0 0 -0.00050976706436447669 0.032829019996806839 0 0 0.041295372546587883 0 0 0 0 0 0 0 0 0.0096855742229250592 0.00012292415525285704 0.0006652229659328768 -0.0034826756494426517 -0.009732174783079129 -0.0070556548709989455 0 0.013848123019116832 -0.036022399309456568 0 0 -0.0011293006630090812 0.005294781953411154 0 0.037349898545554823
leaf_weight=92164 2407 5634 404 572 31704 2968 1416 28822 618 30339 65508 7843 4892 22059 9290 306 5536 94 1585 402 303 10971 319 1853 4049 25757 2462 781 11502 240
leaf_count=92164 2407 5634 404 572 31704 2968 1416 28822 618 30339 65508 7843 4892 22059 9290 306 5536 94 1585 402 303 10971 319 1853 4049 25757 2462 781 11502 240
internal_value=0.00189767 -0.00144794 0.00410123 -0.00559173 0.000861579 0.00594262 0.0105154 0.000280949 0.00910909 -0.00816741 0.00530395 0.00199716 0.00572774 -0.00109276 0.01413 0.00267606 -0.00142335 -0.00274867 -0.0130034 0.00342742 -0.0173199 0.00716697 0.00238849 -0.00372928 0.00279274 0.00621758 0.00277957 0.000107925 -0.000763359 0.00851582
internal_weight=372800 148038 224762 52980 95058 119863 14659 88806 6252 32746 105204 104899 12735 53763 10000 710 20234 14698 2384 496 1888 39696 35043 2172 32871 28725 4659 3243 12314 812
internal_count=372800 148038 224762 52980 95058 119863 14659 88806 6252 32746 105204 104899 12735 53763 10000 710 20234 14698 2384 496 1888 39696 35043 2172 32871 28725 4659 3243 12314 812
cat_boundaries=0 1 2 3 4 5
cat_threshold=106 1 1 1 40
is_linear=0
shrinkage=0.05


Tree=104
num_leaves=31
num_cat=5
split_feature=1 14 14 3 2 9 14 1 0 2 2 9 3 14 2 14 2 2 2 13 1 9 14 2 3 14 5 3 0 14
split_gain=1088.04 567.618 336.933 225.862 182.269 112.498 205.61 102.169 90.5707 89.2687 88.4592 80.7448 66.3671 53.8694 45.7003 45.7232 40.5006 37.4996 119.217 67.6335 74.9326 39.1902 37.4721 36.6507 47.0461 44.7398 39.8544 34.0264 30.4772 45.2537
threshold=1.0000000180025095e-35 0.099999999999996994 0.95000000000000295 9.7850000000000019 0.98499999999999954 0 2.149999999999999 6.5000000000000009 1 0.87999999999999956 1.0600000000000016 2 5.9250000000000007 1.7000000000000013 0.98499999999999954 1.0499999999999974 1.8699999999999999 3.0049999999999994 2.9950000000000014 -0.74999999999999989 1.5000000000000002 3 1.300000000000008 6.4850000000000003 20.255000000000006 2.9999999999999996 0.77023320773058968 4.3449999999999998 4 4.5999999999999988
decision_type=2 2 2 2 2 9 2 2 1 2 2 9 2 2 2 2 2 2 2 2 2 9 2 2 2 2 2 2 1 2
left_child=2 3 11 9 8 6 14 13 -3 -2 22 -1 -13 -6 15 -4 28 18 -5 20 -20 -21 27 26 -25 -26 -9 -7 29 -8
right_child=1 4 5 17 7 10 16 23 -10 -11 -12 12 -14 -15 -16 -17 -18 -19 19 21 -22 -23 -24 24 25 -27 -28 -29 -30 -31
leaf_value=0 0 0 -0.00048427871114625282 0 0 0 0.034305375426278838 0 0 0 0 0 0 0 0 0.0092012955117788068 -0.00026225760236645647 0.00011677794749020975 0.00063196181763622858 -0.0033085418669705213 -0.0092455660439251693 -0.0067028721274490005 0 0.012990293548018172 -0.11142388077590311 -0.02123668217661703 0 0 -0.0038424927471773177 0.098310323307488789
leaf_weight=92164 2407 5634 404 12314 31704 2968 850 28822 618 30339 65508 7843 4892 22059 9266 275 3248 5536 94 1585 402 303 10971 681 440 1051 4049 25757 324 292
leaf_count=92164 2407 5634 404 12314 31704 2968 850 28822 618 30339 65508 7843 4892 22059 9266 275 3248 5536 94 1585 402 303 10971 681 440 1051 4049 25757 324 292
internal_value=0.00187433 -0.00145402 0.00406652 -0.00560117 0.000857371 0.00587754 0.00998364 0.000276445 0.00910909 -0.00816741 0.00530395 0.00199716 0.00572774 -0.00109276 0.0140674 0.00154639 0.00138948 -0.00144806 -0.00276908 -0.0130034 0.00342742 -0.0173199 0.00716697 0.00237708 -0.00391344 -0.00888665 0.00279274 0.00621758 0.00828786 0.0121278
internal_weight=372800 148038 224762 52980 95058 119863 14659 88806 6252 32746 105204 104899 12735 53763 9945 679 4714 20234 14698 2384 496 1888 39696 35043 2172 1491 32871 28725 1466 1142
internal_count=372800 148038 224762 52980 95058 119863 14659 88806 6252 32746 105204 104899 12735 53763 9945 679 4714 20234 14698 2384 496 1888 39696 35043 2172 1491 32871 28725 1466 1142
cat_boundaries=0 1 2 3 4 5
cat_threshold=106 1 1 1 1
is_linear=0
shrinkage=0.05


Tree=105
num_leaves=31
num_cat=5
split_feature=1 14 14 3 2 9 14 1 0 2 2 9 3 14 2 14 2 5 5 2 2 13 1 9 14 3 2 0 1 2
split_gain=1085.77 567.064 334.402 225.862 182.409 106.823 218.263 101.666 90.5707 89.2687 88.4592 80.7448 66.3671 53.8694 50.8778 39.7934 38.1759 44.2913 39.8544 37.4996 119.217 67.6335 74.9326 39.1902 37.4721 34.0264 32.995 29.9705 29.1123 67.6985
threshold=1.0000000180025095e-35 0.099999999999996994 0.95000000000000295 9.7850000000000019 0.98499999999999954 0 2.3000000000000083 6.5000000000000009 1 0.87999999999999956 1.0600000000000016 2 5.9250000000000007 1.7000000000000013 0.98499999999999954 1.0499999999999974 6.4850000000000003 0.79467767141292855 0.77023320773058968 3.0049999999999994 2.9950000000000014 -0.74999999999999989 1.5000000000000002 3 1.300000000000008 4.3449999999999998 1.8699999999999999 4 5.5000000000000009 7.1900000000000004
decision_type=2 2 2 2 2 9 2 2 1 2 2 9 2 2 2 2 2 2 2 2 2 2 2 9 2 2 2 1 2 2
left_child=2 3 11 9 8 6 14 13 -3 -2 24 -1 -13 -6 15 -4 18 -18 -9 20 -5 22 -22 -23 25 -7 -8 -15 -21 -30
right_child=1 4 5 19 7 10 26 16 -10 -11 -12 12 -14 27 -16 -17 17 -19 -20 28 21 23 -24 -25 -26 -27 -28 -29 29 -31
leaf_value=0 0 0 -0.00046006477558894018 0 0 0 0.035073578701739327 0 0 0 0 0 0 0 0 0.0087412307361898652 -0.024237364962787028 0.053429509206417231 0 0.00025498628177469398 0.000600363726754416 -0.003143114773621997 -0.0087832877417289065 -0.0063677285210765495 0 0 -0.00024914472224813367 -0.00067430711073818714 0.00066578431232625643 -0.085301411114393058
leaf_weight=92164 2407 5634 404 12314 31704 2968 1445 28822 618 30339 65508 7843 4892 20653 9290 292 1919 253 4049 3198 94 1585 402 303 10971 25757 3228 1406 1708 630
leaf_count=92164 2407 5634 404 12314 31704 2968 1445 28822 618 30339 65508 7843 4892 20653 9290 292 1919 253 4049 3198 94 1585 402 303 10971 25757 3228 1406 1708 630
internal_value=0.00186883 -0.00145605 0.00405874 -0.00560117 0.000854215 0.00586294 0.00986434 0.000273067 0.00910909 -0.00816741 0.00530395 0.00199716 0.00572774 -0.00109276 0.0140447 0.00100575 0.00236852 -0.00405157 0.00279274 -0.00144806 -0.00276908 -0.0130034 0.00342742 -0.0173199 0.00716697 0.00621758 0.000952279 0.00080466 0.00205925 -0.00218135
internal_weight=372800 148038 224762 52980 95058 119863 14659 88806 6252 32746 105204 104899 12735 53763 9986 696 35043 2172 32871 20234 14698 2384 496 1888 39696 28725 4673 22059 5536 2338
internal_count=372800 148038 224762 52980 95058 119863 14659 88806 6252 32746 105204 104899 12735 53763 9986 696 35043 2172 32871 20234 14698 2384 496 1888 39696 28725 4673 22059 5536 2338
cat_boundaries=0 1 2 3 4 5
cat_threshold=106 1 1 1 1
is_linear=0
shrinkage=0.05


Tree=106
num_leaves=31
num_cat=5
split_feature=1 14 14 3 2 9 14 1 0 2 2 9 14 3 2 2 14 2 2 13 1 9 9 15 14 2 3 5 3 2
split_gain=1061.7 582.959 334.402 226.527 178.294 106.823 218.263 93.7625 90.5707 89.2687 88.4592 80.7448 67.2049 66.3671 50.8778 42.5102 39.7934 38.0629 119.217 67.6335 74.9326 39.1902 37.6448 51.1549 37.4721 35.3306 46.2077 35.3936 34.0264 32.995
threshold=1.0000000180025095e-35 0.099999999999996994 0.95000000000000295 9.7850000000000019 0.98499999999999954 0 2.3000000000000083 6.5000000000000009 1 0.87999999999999956 1.0600000000000016 2 1.7000000000000013 5.9250000000000007 0.98499999999999954 2.0849999999999995 1.0499999999999974 3.0049999999999994 2.9950000000000014 -0.74999999999999989 1.5000000000000002 3 4 1.0000000180025095e-35 1.300000000000008 8.3550000000000022 11.990000000000002 0.77023320773058968 4.3449999999999998 1.8699999999999999
decision_type=2 2 2 2 2 9 2 2 1 2 2 9 2 2 2 2 2 2 2 2 2 9 9 2 2 2 2 2 2 2
left_child=2 3 11 9 8 6 14 12 -3 -2 24 -1 -6 -13 16 22 -4 18 -5 20 -20 -21 23 -14 28 27 -27 -9 -7 -8
right_child=1 4 5 17 7 10 29 25 -10 -11 -12 13 15 -15 -16 -17 -18 -19 19 21 -22 -23 -24 -25 -26 26 -28 -29 -30 -31
leaf_value=0 0 0 -0.00043706153680949321 0 0 0 0.033319899766652353 0 0 0 0 0 -0.0030371308115813276 0 0 -0.0009171814353546346 0.0083041691993803735 9.6991344594637988e-05 0.00057034554041669467 -0.0029859590349408994 -0.0083441233546424631 -0.0060493420950227198 0 0.02429222061172729 0 0.014950765334757088 -0.059828843296819346 0 0 -0.00023668748613572702
leaf_weight=92164 2407 5634 404 12314 31704 2968 1445 29410 618 30339 65508 7843 1152 4892 9290 10341 292 5536 94 1585 402 303 10201 365 10971 233 1240 4160 25757 3228
leaf_count=92164 2407 5634 404 12314 31704 2968 1445 29410 618 30339 65508 7843 1152 4892 9290 10341 292 5536 94 1585 402 303 10201 365 10971 233 1240 4160 25757 3228
internal_value=0.00189324 -0.00139457 0.00405874 -0.0055974 0.000947842 0.00586294 0.00986434 0.000373286 0.00910909 -0.00816741 0.00530395 0.00199716 -0.000938378 0.00572774 0.0140447 0.00118092 0.00100575 -0.00143817 -0.00276908 -0.0130034 0.00342742 -0.0173199 0.00324287 -0.00409299 0.00716697 0.00238564 -0.00519348 0.0027182 0.00621758 0.000952279
internal_weight=372800 148038 224762 52980 95058 119863 14659 88806 6252 32746 105204 104899 53763 12735 9986 22059 696 20234 14698 2384 496 1888 11718 1517 39696 35043 1473 33570 28725 4673
internal_count=372800 148038 224762 52980 95058 119863 14659 88806 6252 32746 105204 104899 53763 12735 9986 22059 696 20234 14698 2384 496 1888 11718 1517 39696 35043 1473 33570 28725 4673
cat_boundaries=0 1 2 3 4 5
cat_threshold=106 1 1 1 130
is_linear=0
shrinkage=0.05


Tree=107
num_leaves=31
num_cat=5
split_feature=1 14 14 3 2 9 14 1 0 2 2 9 14 3 2 2 14 2 2 13 1 9 9 15 14 2 12 3 5 3
split_gain=1061.7 582.959 334.402 226.527 178.294 106.823 218.263 93.4968 90.5707 89.2687 88.4592 80.7448 67.3745 66.3671 50.8778 42.3235 39.7934 38.0629 119.217 67.6335 74.9326 39.1902 37.6448 51.1549 37.4721 35.9395 41.5731 36.1029 35.3936 34.0264
threshold=1.0000000180025095e-35 0.099999999999996994 0.95000000000000295 9.7850000000000019 0.98499999999999954 0 2.3000000000000083 6.5000000000000009 1 0.87999999999999956 1.0600000000000016 2 1.7000000000000013 5.9250000000000007 0.98499999999999954 2.0849999999999995 1.0499999999999974 3.0049999999999994 2.9950000000000014 -0.74999999999999989 1.5000000000000002 3 4 1.0000000180025095e-35 1.300000000000008 8.3550000000000022 1.0000000180025095e-35 23.010000000000002 0.77023320773058968 4.3449999999999998
decision_type=2 2 2 2 2 9 2 2 1 2 2 9 2 2 2 2 2 2 2 2 2 9 9 2 2 2 2 2 2 2
left_child=2 3 11 9 8 6 14 12 -3 -2 24 -1 -6 -13 16 22 -4 18 -5 20 -20 -21 23 -14 29 28 -27 -28 -9 -7
right_child=1 4 5 17 7 10 -8 25 -10 -11 -12 13 15 -15 -16 -17 -18 -19 19 21 -22 -23 -24 -25 -26 26 27 -29 -30 -31
leaf_value=0 0 0 -0.00041520845996901852 0 0 0 0.00015211516332815921 0 0 0 0 0 -0.0028852742710022612 0 0 -0.00087132236358690288 0.0078889607394113555 9.214177736490137e-05 0.00054182826339586041 -0.0028366610831938536 -0.0079269171869103434 -0.0057468749902715834 0 0.023077609581140926 0 -0.084530145170254534 0.026690279324583979 -0.026853355422746673 0 0
leaf_weight=92164 2407 5634 404 12314 31704 2968 4673 29410 618 30339 65508 7843 1152 4892 9290 10341 292 5536 94 1585 402 303 10201 365 10971 533 372 568 4160 25757
leaf_count=92164 2407 5634 404 12314 31704 2968 4673 29410 618 30339 65508 7843 1152 4892 9290 10341 292 5536 94 1585 402 303 10201 365 10971 533 372 568 4160 25757
internal_value=0.00189324 -0.00139457 0.00405874 -0.0055974 0.000947842 0.00586294 0.00986434 0.000373286 0.00910909 -0.00816741 0.00530395 0.00199716 -0.000936518 0.00572774 0.0140447 0.00118546 0.00100575 -0.00143817 -0.00276908 -0.0130034 0.00342742 -0.0173199 0.00324287 -0.00409299 0.00716697 0.00238279 -0.00526137 0.00106383 0.0027182 0.00621758
internal_weight=372800 148038 224762 52980 95058 119863 14659 88806 6252 32746 105204 104899 53763 12735 9986 22059 696 20234 14698 2384 496 1888 11718 1517 39696 35043 1473 940 33570 28725
internal_count=372800 148038 224762 52980 95058 119863 14659 88806 6252 32746 105204 104899 53763 12735 9986 22059 696 20234 14698 2384 496 1888 11718 1517 39696 35043 1473 940 33570 28725
cat_boundaries=0 1 2 3 4 5
cat_threshold=106 1 1 1 130
is_linear=0
shrinkage=0.05


Tree=108
num_leaves=31
num_cat=6
split_feature=1 14 14 3 2 9 14 1 0 2 2 9 14 3 2 14 2 1 2 7 2 9 9 15 14 2 5 9 3 5
split_gain=1059.86 592.689 334.402 221.234 177.239 106.823 218.263 91.1023 90.5707 89.2687 88.4592 80.7448 71.3355 66.3671 50.8778 39.7934 38.1424 41.1645 125.387 110.941 76.8552 66.2927 37.6448 51.1549 37.4721 35.9395 38.248 35.7854 48.4227 35.3936
threshold=1.0000000180025095e-35 0.099999999999996994 0.95000000000000295 9.7850000000000019 0.98499999999999954 0 2.3000000000000083 6.5000000000000009 1 0.87999999999999956 1.0600000000000016 2 1.7000000000000013 5.9250000000000007 0.98499999999999954 1.0499999999999974 2.0849999999999995 1.5000000000000002 8.0300000000000029 1.0000000180025095e-35 3.444999999999999 3 4 1.0000000180025095e-35 1.300000000000008 8.3550000000000022 0.78124631997264793 5 12.835000000000003 0.77023320773058968
decision_type=2 2 2 2 2 9 2 2 1 2 2 9 2 2 2 2 2 2 2 2 2 9 9 2 2 2 2 9 2 2
left_child=2 3 11 9 8 6 14 12 -3 -2 24 -1 -6 -13 15 -4 22 18 19 -18 -21 -22 23 -14 -7 29 -27 28 -19 -9
right_child=1 4 5 -5 7 10 -8 25 -10 -11 -12 13 16 -15 -16 -17 17 27 -20 20 21 -23 -24 -25 -26 26 -28 -29 -30 -31
leaf_value=0 0 0 -0.0003944480369705676 0 0 0 0.00014450940516175126 0 0 0 0 0 -0.0027410105574521481 0 0 0.007494512702440787 -0.0027750570657695153 0.011199959512756881 0.0025859492078646241 -0.02051469763745389 0.0043747927143240051 0.033038763037301126 0 0.021923729102083879 0 -0.030087866095398531 0.060922217759250066 0.0014611639175138506 -0.021479424318986109 0
leaf_weight=92164 2407 5634 404 20234 31704 28725 4673 29410 618 30339 65508 7843 1152 4892 9290 292 1757 586 429 254 360 231 10201 365 10971 1323 150 2974 3750 4160
leaf_count=92164 2407 5634 404 20234 31704 28725 4673 29410 618 30339 65508 7843 1152 4892 9290 292 1757 586 429 254 360 231 10201 365 10971 1323 150 2974 3750 4160
internal_value=0.00189512 -0.00138985 0.00405874 -0.0056276 0.000972038 0.00586294 0.00986434 0.000399185 0.00910909 -0.00816741 0.00530395 0.00199716 -0.000893737 0.00572774 0.0140447 0.00100575 0.00128972 -0.000923508 0.00397559 -0.000153728 0.0147337 0.0246193 0.00324287 -0.00409299 0.00716697 0.00238279 -0.00526137 -0.00295486 -0.00584445 0.0027182
internal_weight=372800 148038 224762 52980 95058 119863 14659 88806 6252 32746 105204 104899 53763 12735 9986 696 22059 10341 3031 2602 845 591 11718 1517 39696 35043 1473 7310 4336 33570
internal_count=372800 148038 224762 52980 95058 119863 14659 88806 6252 32746 105204 104899 53763 12735 9986 696 22059 10341 3031 2602 845 591 11718 1517 39696 35043 1473 7310 4336 33570
cat_boundaries=0 1 2 3 4 5 6
cat_threshold=106 1 1 1 130 65
is_linear=0
shrinkage=0.05


Tree=109
num_leaves=31
num_cat=6
split_feature=1 14 14 3 2 9 14 1 0 2 2 9 2 14 3 2 9 15 14 3 2 2 13 1 9 2 1 2 9 2
split_gain=1060.07 590.424 331.953 221.234 177.789 101.45 212.624 95.0056 90.5707 89.2687 88.4592 80.7448 70.1558 67.5444 66.3671 42.1372 37.6448 51.1549 37.4721 34.0264 33.6743 119.217 67.6335 74.9326 39.1902 32.995 32.0553 139.249 61.024 60.4557
threshold=1.0000000180025095e-35 0.099999999999996994 0.95000000000000295 9.7850000000000019 0.98499999999999954 0 2.3000000000000083 6.5000000000000009 1 0.87999999999999956 1.0600000000000016 2 0.98499999999999954 1.7000000000000013 5.9250000000000007 2.0849999999999995 3 1.0000000180025095e-35 1.300000000000008 4.3449999999999998 3.0049999999999994 2.9950000000000014 -0.74999999999999989 1.5000000000000002 4 1.8699999999999999 2.5000000000000004 8.0300000000000029 5 5.0050000000000017
decision_type=2 2 2 2 2 9 2 2 1 2 2 9 2 2 2 2 9 2 2 2 2 2 2 2 9 2 2 2 9 2
left_child=2 3 11 9 8 6 12 13 -3 -2 18 -1 -4 -6 -13 16 17 -15 19 -7 21 -5 23 -23 -24 -8 27 -17 -29 -28
right_child=1 4 5 20 7 10 25 -9 -10 -11 -12 14 -14 15 -16 26 -18 -19 -20 -21 -22 22 24 -25 -26 -27 29 28 -30 -31
leaf_value=0 0 0 -0.00013021293268125067 0 0 0 0.031639073549895237 0 0 0 0 0 0 -0.0026039600295795409 0 -0.00083861616426111072 0 0.020827542646979686 0 0 8.7534688496654361e-05 0.00051473685022607185 -0.0026948280290341633 -0.0075305713275648284 -0.0054595312407580039 -0.0002396843402534362 -0.0010572394794029594 0.0046529364246616746 0.00086035684321891239 -0.039553936916900359
leaf_weight=92164 2407 5634 696 12314 31704 2968 1445 35043 618 30339 65508 7843 9290 1152 4892 4644 10201 365 10971 25757 5536 94 1585 402 303 3228 3372 496 255 1574
leaf_count=92164 2407 5634 696 12314 31704 2968 1445 35043 618 30339 65508 7843 9290 1152 4892 4644 10201 365 10971 25757 5536 94 1585 402 303 3228 3372 496 255 1574
internal_value=0.00188734 -0.00139795 0.00405117 -0.0056276 0.000959414 0.00584876 0.00974845 0.000385672 0.00910909 -0.00816741 0.00530395 0.00199716 0.0138744 -0.000934658 0.00572774 0.00118999 0.00324287 -0.00409299 0.00716697 0.00621758 -0.00151725 -0.00276908 -0.0130034 0.00342742 -0.0173199 0.000952279 -0.00113625 0.00152919 0.0215047 -0.00404367
internal_weight=372800 148038 224762 52980 95058 119863 14659 88806 6252 32746 105204 104899 9986 53763 12735 22059 11718 1517 39696 28725 20234 14698 2384 496 1888 4673 10341 5395 751 4946
internal_count=372800 148038 224762 52980 95058 119863 14659 88806 6252 32746 105204 104899 9986 53763 12735 22059 11718 1517 39696 28725 20234 14698 2384 496 1888 4673 10341 5395 751 4946
cat_boundaries=0 1 2 3 4 5 6
cat_threshold=106 1 1 130 1 1
is_linear=0
shrinkage=0.05


Tree=110
num_leaves=31
num_cat=5
split_feature=1 14 14 3 2 9 14 1 0 2 2 9 2 14 3 2 9 15 14 2 2 13 9 3 2 2 3 5 4 14
split_gain=1063.75 597.289 331.953 215.355 177.606 101.45 212.624 94.5836 90.5707 89.2687 88.4592 80.7448 70.1558 68.226 66.3671 41.3961 37.6448 51.1549 37.4721 35.5011 134.41 46.0425 39.1902 34.0264 32.995 30.8605 40.0181 39.8544 38.2788 31.5153
threshold=1.0000000180025095e-35 0.099999999999996994 0.95000000000000295 9.7850000000000019 0.98499999999999954 0 2.3000000000000083 6.5000000000000009 1 0.87999999999999956 1.0600000000000016 2 0.98499999999999954 1.7000000000000013 5.9250000000000007 2.0849999999999995 3 1.0000000180025095e-35 1.300000000000008 3.0049999999999994 2.9950000000000014 -0.74999999999999989 4 4.3449999999999998 1.8699999999999999 6.4850000000000003 20.255000000000006 0.77023320773058968 0.5428067531915105 2.9999999999999996
decision_type=2 2 2 2 2 9 2 2 1 2 2 9 2 2 2 2 9 2 2 2 2 2 9 2 2 2 2 2 2 2
left_child=2 3 11 9 8 6 12 13 -3 -2 18 -1 -4 -6 -13 16 17 -15 23 20 -5 -22 -23 -7 -8 27 -27 -9 29 -28
right_child=1 4 5 19 7 10 24 25 -10 -11 -12 14 -14 15 -16 -17 -18 -19 -20 -21 21 22 -24 -25 -26 26 28 -29 -30 -31
leaf_value=0 0 0 -0.00012370228604718925 0 0 0 0.030057119872400475 0 0 0 0 0 0 -0.0024737620281005636 0 -0.00076477778073062448 0 0.019786165514630701 0 8.3157954071816373e-05 -3.165005876903937e-06 -0.0025600866275824531 -0.0051865546787201013 0 -0.00022770012324076439 0.0098226022138275249 -0.10926436665470476 0 0.055831147598375 -0.036381532507999803
leaf_weight=92164 2407 5634 696 12314 31704 2968 1445 28822 618 30339 65508 7843 9290 1152 4892 10341 10201 365 10971 5536 496 1585 303 25757 3228 681 380 4049 273 838
leaf_count=92164 2407 5634 696 12314 31704 2968 1445 28822 618 30339 65508 7843 9290 1152 4892 10341 10201 365 10971 5536 496 1585 303 25757 3228 681 380 4049 273 838
internal_value=0.00188358 -0.00140741 0.00405117 -0.00566157 0.000963622 0.00584876 0.00974845 0.000390176 0.00910909 -0.00816741 0.00530395 0.00199716 0.0138744 -0.000927218 0.00572774 0.00120812 0.00324287 -0.00409299 0.00716697 -0.00160621 -0.00289155 -0.0137584 -0.0173199 0.00621758 0.000952279 0.00241132 -0.00336096 0.00279274 -0.00794769 -0.0117406
internal_weight=372800 148038 224762 52980 95058 119863 14659 88806 6252 32746 105204 104899 9986 53763 12735 22059 11718 1517 39696 20234 14698 2384 1888 28725 4673 35043 2172 32871 1491 1218
internal_count=372800 148038 224762 52980 95058 119863 14659 88806 6252 32746 105204 104899 9986 53763 12735 22059 11718 1517 39696 20234 14698 2384 1888 28725 4673 35043 2172 32871 1491 1218
cat_boundaries=0 1 2 3 4 5
cat_threshold=106 1 1 130 1
is_linear=0
shrinkage=0.05


Tree=111
num_leaves=31
num_cat=6
split_feature=1 14 14 3 2 9 14 1 0 2 2 9 2 14 3 2 9 15 14 2 2 13 9 3 2 2 5 5 9 3
split_gain=1064.28 597.44 331.953 215.031 177.652 101.45 212.624 94.689 90.5707 89.2687 88.4592 80.7448 70.1558 68.0553 66.3671 41.2335 38.234 49.8583 37.4721 35.2286 134.41 46.0425 39.1902 34.0264 32.995 30.8605 39.8544 36.242 28.6251 30.5556
threshold=1.0000000180025095e-35 0.099999999999996994 0.95000000000000295 9.7850000000000019 0.98499999999999954 0 2.3000000000000083 6.5000000000000009 1 0.87999999999999956 1.0600000000000016 2 0.98499999999999954 1.7000000000000013 5.9250000000000007 2.0849999999999995 3 1.0000000180025095e-35 1.300000000000008 3.0049999999999994 2.9950000000000014 -0.74999999999999989 4 4.3449999999999998 1.8699999999999999 6.4850000000000003 0.77023320773058968 0.79467767141292855 5 32.165000000000006
decision_type=2 2 2 2 2 9 2 2 1 2 2 9 2 2 2 2 9 2 2 2 2 2 9 2 2 2 2 2 9 2
left_child=2 3 11 9 8 6 12 13 -3 -2 18 -1 -4 -6 -13 16 17 -15 23 20 28 -22 -23 -7 -8 26 -9 -27 -5 -30
right_child=1 4 5 19 7 10 24 25 -10 -11 -12 14 -14 15 -16 -17 -18 -19 -20 -21 21 22 -24 -25 -26 27 -28 -29 29 -31
leaf_value=0 0 0 -0.00011751717174482979 0.033713666989677184 0 0 0.028554263878780441 0 0 0 0 0 0 -0.0023500739266955357 0 -0.00072653889169409518 0 0.018796857238899164 0 7.9000056368222504e-05 -3.0067555830570749e-06 -0.0024320822962033309 -0.0049272269447840971 0 -0.00021631511707872615 -0.020401246459533829 0 0.050266903635404994 0 -0.034343332582110912
leaf_weight=92164 2407 5634 696 621 31704 2968 1445 28822 618 30339 65508 7843 9290 1152 4892 10341 10201 365 10971 5536 496 1585 303 25757 3228 1919 4049 253 11444 249
leaf_count=92164 2407 5634 696 621 31704 2968 1445 28822 618 30339 65508 7843 9290 1152 4892 10341 10201 365 10971 5536 496 1585 303 25757 3228 1919 4049 253 11444 249
internal_value=0.00188305 -0.00140876 0.00405117 -0.00566346 0.00096257 0.00584876 0.00974845 0.00038905 0.00910909 -0.00816741 0.00530395 0.00199716 0.0138744 -0.000929078 0.00572774 0.00120359 0.00323434 -0.00415848 0.00716697 -0.00161115 -0.00289155 -0.0137584 -0.0173199 0.00621758 0.000952279 0.00241132 0.00279274 -0.00336096 -0.000787721 -0.00134581
internal_weight=372800 148038 224762 52980 95058 119863 14659 88806 6252 32746 105204 104899 9986 53763 12735 22059 11718 1517 39696 20234 14698 2384 1888 28725 4673 35043 32871 2172 12314 11693
internal_count=372800 148038 224762 52980 95058 119863 14659 88806 6252 32746 105204 104899 9986 53763 12735 22059 11718 1517 39696 20234 14698 2384 1888 28725 4673 35043 32871 2172 12314 11693
cat_boundaries=0 1 2 3 4 5 6
cat_threshold=106 1 1 130 1 32
is_linear=0
shrinkage=0.05


Tree=112
num_leaves=31
num_cat=6
split_feature=1 14 14 3 2 9 14 1 0 2 2 9 2 14 3 2 9 15 14 2 2 13 9 3 2 13 2 5 9 3
split_gain=1064.1 599.562 331.809 213.736 177.468 101.138 213.329 96.1434 90.5707 89.2687 88.4592 80.7448 70.1558 67.5444 66.3671 40.7475 40.0288 44.452 37.4721 34.1492 134.41 46.0425 39.1902 34.0264 32.4945 29.458 29.8483 41.5503 28.6251 30.5556
threshold=1.0000000180025095e-35 0.099999999999996994 0.95000000000000295 9.7850000000000019 0.98499999999999954 0 2.3000000000000083 6.5000000000000009 1 0.87999999999999956 1.0600000000000016 2 0.98499999999999954 1.7000000000000013 5.9250000000000007 2.0849999999999995 3 1.0000000180025095e-35 1.300000000000008 3.0049999999999994 2.9950000000000014 -0.74999999999999989 4 4.3449999999999998 1.8699999999999999 2.7500000000000004 4.7150000000000007 0.77023320773058968 5 32.165000000000006
decision_type=2 2 2 2 2 9 2 2 1 2 2 9 2 2 2 2 9 2 2 2 2 2 9 2 2 2 2 2 9 2
left_child=2 3 11 9 8 6 12 13 -3 -2 18 -1 -4 -6 -13 16 17 -15 23 20 28 -22 -23 -7 -8 26 27 -9 -5 -30
right_child=1 4 5 19 7 10 24 25 -10 -11 -12 14 -14 15 -16 -17 -18 -19 -20 -21 21 22 -24 -25 -26 -27 -28 -29 29 -31
leaf_value=0 0 0 -0.00011164131315758442 0.032027983640193318 0 0 0.027126550684841422 0 0 0 0 0 0 -0.0022325702303607588 0 -0.00069021194710939269 0 0.017857014376954205 0 7.5050053549813314e-05 -2.8564178039036662e-06 -0.0023104781813931665 -0.0046808655975448922 0 -0.00020549936122478985 0.24907053775811577 -0.0066921638030240918 0 0 -0.032626165953005368
leaf_weight=92164 2407 5634 696 621 31704 2968 1445 26966 618 30339 65508 7843 9290 1152 4892 10341 10201 365 10971 5536 496 1585 303 25757 3228 116 4191 3770 11444 249
leaf_count=92164 2407 5634 696 621 31704 2968 1445 26966 618 30339 65508 7843 9290 1152 4892 10341 10201 365 10971 5536 496 1585 303 25757 3228 116 4191 3770 11444 249
internal_value=0.00188278 -0.00140876 0.00405073 -0.00567101 0.000966778 0.00584793 0.00974163 0.000393554 0.00910909 -0.00816741 0.00530395 0.00199716 0.0138744 -0.000934658 0.00572774 0.00118999 0.00320874 -0.00435494 0.00716697 -0.00163092 -0.00289155 -0.0137584 -0.0173199 0.00621758 0.00093088 0.0024313 0.00234775 0.00288749 -0.000787721 -0.00134581
internal_weight=372800 148038 224762 52980 95058 119863 14659 88806 6252 32746 105204 104899 9986 53763 12735 22059 11718 1517 39696 20234 14698 2384 1888 28725 4673 35043 34927 30736 12314 11693
internal_count=372800 148038 224762 52980 95058 119863 14659 88806 6252 32746 105204 104899 9986 53763 12735 22059 11718 1517 39696 20234 14698 2384 1888 28725 4673 35043 34927 30736 12314 11693
cat_boundaries=0 1 2 3 4 5 6
cat_threshold=106 1 1 130 1 32
is_linear=0
shrinkage=0.05


Tree=113
num_leaves=31
num_cat=6
split_feature=1 14 14 3 2 9 14 1 0 2 2 9 14 2 3 2 14 2 2 13 9 3 2 9 3 1 2 9 2 3
split_gain=1046.53 612.362 331.809 213.736 174.409 101.138 213.329 91.7679 90.5707 89.2687 88.4592 80.7448 77.5802 70.1558 66.3671 50.0902 37.4721 34.1492 134.41 46.0425 39.1902 34.0264 32.4945 28.6251 30.5556 28.3323 126.266 54.8414 53.5453 35.5847
threshold=1.0000000180025095e-35 0.099999999999996994 0.95000000000000295 9.7850000000000019 0.98499999999999954 0 2.3000000000000083 6.5000000000000009 1 0.87999999999999956 1.0600000000000016 2 1.7000000000000013 0.98499999999999954 5.9250000000000007 2.0849999999999995 1.300000000000008 3.0049999999999994 2.9950000000000014 -0.74999999999999989 3 4.3449999999999998 1.8699999999999999 4 32.165000000000006 2.5000000000000004 8.0300000000000029 5 5.0050000000000017 20.945000000000004
decision_type=2 2 2 2 2 9 2 2 1 2 2 9 2 2 2 2 2 2 2 2 9 2 2 9 2 2 2 9 2 2
left_child=2 3 11 9 8 6 13 12 -3 -2 16 -1 -6 -4 -13 -14 21 18 23 -20 -21 -7 -8 -5 -25 26 -17 -28 -27 -30
right_child=1 4 5 17 7 10 22 -9 -10 -11 -12 14 15 -15 -16 25 -18 -19 19 20 -22 -23 -24 24 -26 28 27 -29 29 -31
leaf_value=0 0 0 -0.00010605924749970131 0.030426584458183654 0 0 0.025770223150599361 0 0 0 0 0 0 0 0 -0.00068760892507135636 0 7.1297550872323484e-05 -2.7135969137059849e-06 -0.0021949542723235073 -0.0044468223176676478 0 -0.00019522439316355035 0 -0.030994857655355097 -0.0008953010744561056 0.0045293660344053075 0.0009264154320346885 0.0060099508295465729 -0.04782799769531048
leaf_weight=92164 2407 5634 696 621 31704 2968 1445 35043 618 30339 65508 7843 11718 9290 4892 4644 10971 5536 496 1585 303 25757 3228 11444 249 3372 496 255 345 1229
leaf_count=92164 2407 5634 696 621 31704 2968 1445 35043 618 30339 65508 7843 11718 9290 4892 4644 10971 5536 496 1585 303 25757 3228 11444 249 3372 496 255 345 1229
internal_value=0.00190075 -0.0013635 0.00405073 -0.00567101 0.00103726 0.00584793 0.00974163 0.000469 0.00910909 -0.00816741 0.00530395 0.00199716 -0.000828637 0.0138744 0.00572774 0.00144839 0.00716697 -0.00163092 -0.00289155 -0.0137584 -0.0173199 0.00621758 0.00093088 -0.000787721 -0.00134581 -0.0010879 0.00141798 0.0204394 -0.00382127 -0.0114358
internal_weight=372800 148038 224762 52980 95058 119863 14659 88806 6252 32746 105204 104899 53763 9986 12735 22059 39696 20234 14698 2384 1888 28725 4673 12314 11693 10341 5395 751 4946 1574
internal_count=372800 148038 224762 52980 95058 119863 14659 88806 6252 32746 105204 104899 53763 9986 12735 22059 39696 20234 14698 2384 1888 28725 4673 12314 11693 10341 5395 751 4946 1574
cat_boundaries=0 1 2 3 4 5 6
cat_threshold=106 1 1 1 32 1
is_linear=0
shrinkage=0.05


Tree=114
num_leaves=31
num_cat=4
split_feature=1 14 14 3 2 9 14 1 0 2 2 9 14 2 3 2 14 1 3 2 2 1 2 2 3 9 1 2 1 7
split_gain=1050.72 622.749 331.809 205.732 174 101.138 213.329 90.836 90.5707 89.2687 88.4592 80.7448 79.2283 70.1558 66.3671 48.2807 37.4721 34.7092 34.0264 32.4945 29.54 36.6899 29.6168 123.801 37.3288 48.3616 34.0076 64.1753 54.6002 69.4873
threshold=1.0000000180025095e-35 0.099999999999996994 0.95000000000000295 9.7850000000000019 0.98499999999999954 0 2.3000000000000083 6.5000000000000009 1 0.87999999999999956 1.0600000000000016 2 1.7000000000000013 0.98499999999999954 5.9250000000000007 2.0849999999999995 1.300000000000008 30.500000000000004 4.3449999999999998 1.8699999999999999 0.34500000000000069 1.5000000000000002 3.0049999999999994 2.5350000000000006 12.835000000000003 3 5.5000000000000009 5.6200000000000037 1.5000000000000002 1.0000000180025095e-35
decision_type=2 2 2 2 2 9 2 2 1 2 2 9 2 2 2 2 2 2 2 2 2 2 2 2 2 9 2 2 2 2
left_child=2 3 11 9 8 6 13 12 -3 -2 16 -1 -6 -4 -13 -14 18 20 -7 -8 21 -5 23 -22 -25 -26 27 -24 29 -29
right_child=1 4 5 17 7 10 19 -9 -10 -11 -12 14 15 -15 -16 -17 -18 -19 -20 -21 22 -23 26 24 25 -27 -28 28 -30 -31
leaf_value=0 0 0 -0.00010075628512471458 0.00025201501064587336 0 0 0.02448171199306939 0 0 0 0 0 0 0 0 -0.00058760554796344344 0 0.00054145703855628118 0 -0.00018546317350537285 0 0 -2.3070757274801237e-05 -0.00094455808192122075 -0.0021834270700708093 0.014210995177708526 -0.027377240951904448 -0.00046881801841778262 0.0061356143894580667 0.00080842436807085924
leaf_weight=92164 2407 5634 696 100 31704 2968 1445 35043 618 30339 65508 7843 11718 9290 4892 10341 10971 1534 25757 3228 10560 353 2065 1008 1345 249 1887 215 795 123
leaf_count=92164 2407 5634 696 100 31704 2968 1445 35043 618 30339 65508 7843 11718 9290 4892 10341 10971 1534 25757 3228 10560 353 2065 1008 1345 249 1887 215 795 123
internal_value=0.00189646 -0.00137431 0.00405073 -0.0057182 0.00104673 0.00584793 0.00974163 0.000479134 0.00910909 -0.00816741 0.00530395 0.00199716 -0.000811897 0.0138744 0.00572774 0.00148919 0.00716697 -0.00175447 0.00621758 0.00093088 -0.00234759 0.0102649 -0.00266071 -0.00391278 -0.0136818 -0.0184442 0.000580138 0.00372108 0.0132833 -0.0035503
internal_weight=372800 148038 224762 52980 95058 119863 14659 88806 6252 32746 105204 104899 53763 9986 12735 22059 39696 20234 28725 4673 18700 453 18247 13162 2602 1594 5085 3198 1133 338
internal_count=372800 148038 224762 52980 95058 119863 14659 88806 6252 32746 105204 104899 53763 9986 12735 22059 39696 20234 28725 4673 18700 453 18247 13162 2602 1594 5085 3198 1133 338
cat_boundaries=0 1 2 3 4
cat_threshold=106 1 1 1
is_linear=0
shrinkage=0.05


Tree=115
num_leaves=31
num_cat=6
split_feature=1 14 14 3 2 9 14 1 0 2 2 9 14 2 3 2 2 2 15 1 14 9 3 2 9 3 9 2 10 2
split_gain=1049.76 622.248 331.665 206.367 173.955 100.827 214.035 90.7327 90.5707 89.2687 88.4592 80.7448 79.4125 70.1558 66.3671 48.0817 41.6309 93.6332 68.2191 75.1493 37.4721 34.4785 34.0264 31.9979 31.9747 28.3935 28.2406 51.9034 47.2954 37.8534
threshold=1.0000000180025095e-35 0.099999999999996994 0.95000000000000295 9.7850000000000019 0.98499999999999954 0 2.3000000000000083 6.5000000000000009 1 0.87999999999999956 1.0600000000000016 2 1.7000000000000013 0.98499999999999954 5.9250000000000007 2.0849999999999995 3.0049999999999994 2.9950000000000014 0.75000000000000011 1.5000000000000002 1.300000000000008 3 4.3449999999999998 1.8699999999999999 4 32.165000000000006 5 1.8600000000000001 7.5000000000000009 1.2600000000000009
decision_type=2 2 2 2 2 9 2 2 1 2 2 9 2 2 2 2 2 2 2 2 2 9 2 2 9 2 9 2 2 2
left_child=2 3 11 9 8 6 13 12 -3 -2 20 -1 -6 -4 -13 -14 17 24 21 -20 22 -19 -7 -8 -5 -26 29 28 -28 -11
right_child=1 4 5 16 7 10 23 -9 -10 26 -12 14 15 -15 -16 -17 -18 18 19 -21 -22 -23 -24 -25 25 -27 27 -29 -30 -31
leaf_value=0 0 0 -9.5718470868477734e-05 0.02889296212767737 0 0 0.023257626393415911 0 0 0 0 0 0 0 0 -0.00055822527056527133 0.00014054578857780609 -0.0019760352052037911 0.00053681500061969478 -0.0071062277682816593 0 -0.0049257307758825593 0 -0.00017619001483010422 0 -0.029445114772587346 -0.00069111412946410594 0 -0.00075723949091044916 0
leaf_weight=92164 2407 5634 696 621 31704 2968 1445 35043 618 12898 65508 7843 11718 9290 4892 10341 5536 1510 127 463 10971 284 25757 3228 11444 249 577 1323 518 15023
leaf_count=92164 2407 5634 696 621 31704 2968 1445 35043 618 12898 65508 7843 11718 9290 4892 10341 5536 1510 127 463 10971 284 25757 3228 11444 249 577 1323 518 15023
internal_value=0.001897 -0.00137228 0.00405028 -0.00571442 0.00104778 0.00584709 0.00973481 0.00048026 0.00910909 -0.00816741 0.00530395 0.00199716 -0.000810037 0.0138744 0.00572774 0.00149372 -0.00174459 -0.00313648 -0.0122064 0.00254237 0.00716697 -0.0170569 0.00621758 0.00090948 -0.00138054 -0.00196958 -0.00890273 -0.0141269 -0.0222374 -0.00844223
internal_weight=372800 148038 224762 52980 95058 119863 14659 88806 6252 32746 105204 104899 53763 9986 12735 22059 20234 14698 2384 590 39696 1794 28725 4673 12314 11693 30339 2418 1095 27921
internal_count=372800 148038 224762 52980 95058 119863 14659 88806 6252 32746 105204 104899 53763 9986 12735 22059 20234 14698 2384 590 39696 1794 28725 4673 12314 11693 30339 2418 1095 27921
cat_boundaries=0 1 2 3 4 5 6
cat_threshold=106 1 1 1 32 139
is_linear=0
shrinkage=0.05


Tree=116
num_leaves=31
num_cat=6
split_feature=1 14 14 3 2 9 14 0 1 2 2 14 9 2 3 2 15 4 2 2 15 1 9 2 4 9 1 2 14 9
split_gain=1055.7 634.977 331.378 196.329 173.592 101.209 254.379 90.5707 89.9088 89.2687 84.3885 80.8938 80.7448 71.941 66.3671 46.5045 40.1751 36.9023 35.6805 96.8447 75.8307 80.4966 34.2166 31.451 32.5779 31.1617 35.0561 30.4107 28.4486 28.2406
threshold=1.0000000180025095e-35 0.099999999999996994 0.95000000000000295 9.7850000000000019 0.98499999999999954 0 2.3000000000000083 1 6.5000000000000009 0.87999999999999956 1.0600000000000016 1.7000000000000013 2 0.98499999999999954 5.9250000000000007 2.0849999999999995 1.0000000180025095e-35 0.97387466162284198 3.0950000000000002 2.9950000000000014 0.75000000000000011 1.5000000000000002 3 1.7850000000000004 -0.55011510741598568 4 8.5000000000000018 0.58500000000000008 1.600000000000001 5
decision_type=2 2 2 2 2 9 2 1 2 2 2 2 9 2 2 2 2 2 2 2 2 2 9 2 2 9 2 2 2 9
left_child=2 3 12 9 7 6 13 -3 11 -2 16 -6 -1 28 -14 -13 27 23 19 25 22 -22 -21 24 -8 26 -5 -7 -4 -11
right_child=1 4 5 18 8 10 17 -9 -10 29 -12 15 14 -15 -16 -17 -18 -19 -20 20 21 -23 -24 -25 -26 -27 -28 -29 -30 -31
leaf_value=0 0 0 -0.00033544524976585185 0.024934509136179922 0 0 0.031213625635868693 0 0 0 0 0 0 0 0 -0.00053031400703700828 0 0.036499539091426482 0.00013650226520289799 -0.0018763325832124424 0.00050997425058870729 -0.0067509163798675775 -0.0048118001309177599 -0.00084872087022715061 -0.0071580957903187754 0 0.032031160581246741 0 0.0071590674526749278 -0.00065655842299090067
leaf_weight=92164 2407 5634 431 572 31704 8037 681 618 35043 27921 65225 11718 7843 9566 4892 10341 1862 324 5483 1553 134 464 286 3199 757 11502 240 29464 317 2418
leaf_count=92164 2407 5634 431 572 31704 8037 681 618 35043 27921 65225 11718 7843 9566 4892 10341 1862 324 5483 1553 134 464 286 3199 757 11502 240 29464 317 2418
internal_value=0.00189002 -0.00138849 0.00404939 -0.00577482 0.0010562 0.00584542 0.00964998 0.00910909 0.000489269 -0.00816741 0.00528834 -0.000795157 0.00199716 0.0141313 0.00572774 0.00152999 0.00711709 0.000352751 -0.00190274 -0.00318284 -0.0122897 0.00317726 -0.0173192 -0.000787147 0.00535466 -0.00138054 0.0080292 0.00676115 -0.000802139 -0.00890273
internal_weight=372800 148038 224762 52980 95058 119863 15275 6252 88806 32746 104588 53763 104899 10314 12735 22059 39363 4961 20234 14751 2437 598 1839 4637 1438 12314 812 37501 748 30339
internal_count=372800 148038 224762 52980 95058 119863 15275 6252 88806 32746 104588 53763 104899 10314 12735 22059 39363 4961 20234 14751 2437 598 1839 4637 1438 12314 812 37501 748 30339
cat_boundaries=0 1 2 3 4 5 6
cat_threshold=46 1 1 1 40 139
is_linear=0
shrinkage=0.05


Tree=117
num_leaves=31
num_cat=5
split_feature=1 14 14 2 3 9 14 0 1 2 14 2 9 2 3 2 2 2 13 15 9 4 11 9 2 1 3 1 17 2
split_gain=1025.87 598.298 334.98 172.867 163.307 108.961 236.112 90.5707 88.2722 84.3885 83.8973 81.2231 80.7448 71.941 66.3671 43.429 40.6579 122.083 46.0425 40.1751 39.1902 34.6577 34.1829 41.6088 34.047 50.9981 59.2903 34.2351 80.1134 79.7039
threshold=1.0000000180025095e-35 0.099999999999996994 0.95000000000000295 0.98499999999999954 9.7850000000000019 0 2.3000000000000083 1 6.5000000000000009 1.0600000000000016 1.7000000000000013 0.87999999999999956 2 0.98499999999999954 5.9250000000000007 2.0849999999999995 3.0049999999999994 2.9950000000000014 -0.74999999999999989 1.0000000180025095e-35 3 0.97387466162284198 1.0000000180025095e-35 4 2.1050000000000009 2.5000000000000004 2.8950000000000005 1.5000000000000002 0.85000000000000864 1.9949999999999994
decision_type=2 2 2 2 2 9 2 1 2 2 2 2 9 2 2 2 2 2 2 2 9 2 2 9 2 2 2 2 2 2
left_child=2 4 12 7 11 6 13 -3 10 19 -5 -2 -1 -4 -14 -12 17 -6 -19 -7 -20 -8 24 -24 27 26 -26 28 29 -13
right_child=1 3 5 8 16 9 21 -9 -10 -11 15 22 14 -15 -16 -17 -18 18 20 -21 -22 -23 23 -25 25 -27 -28 -29 -30 -31
leaf_value=0 0 0 -0.00031867298727755928 0 0 0 -4.9507699922477465e-05 0 0 0 0 0 0 0 0 -0.00050379830668516041 0.00012669338588876535 -7.6894755323797532e-06 -0.0017834168157829788 0 -0.0044388542305425441 0.034674562136855151 0 0 0.0028451273142150657 0.0041831427361901348 -0.039061212140243641 0 -0.038790860156250002 0.00012409527652063878
leaf_weight=92164 2407 5634 748 31704 12314 37501 4637 618 35043 65225 11718 1671 7843 9566 4892 10341 5536 496 1585 1862 303 324 1344 11359 115 1083 491 12763 379 1134
leaf_count=92164 2407 5634 748 31704 12314 37501 4637 618 35043 65225 11718 1671 7843 9566 4892 10341 5536 496 1585 1862 303 324 1344 11359 115 1083 491 12763 379 1134
internal_value=0.00193187 -0.0013 0.00406052 0.00107303 -0.00555776 0.00586628 0.00981354 0.00910909 0.000507286 0.00528834 -0.000765396 -0.00773988 0.00199716 0.0141313 0.00572774 0.00160252 -0.00202629 -0.00340182 -0.0137584 0.00711709 -0.0173199 0.000856682 -0.00844128 -0.0104188 -0.0070169 -0.00026643 -0.0118812 -0.00773186 -0.00309359 -0.000178253
internal_weight=372800 148038 224762 95058 52980 119863 15275 6252 88806 104588 53763 32746 104899 10314 12735 22059 20234 14698 2384 39363 1888 4961 30339 12703 17636 1689 606 15947 3184 2805
internal_count=372800 148038 224762 95058 52980 119863 15275 6252 88806 104588 53763 32746 104899 10314 12735 22059 20234 14698 2384 39363 1888 4961 30339 12703 17636 1689 606 15947 3184 2805
cat_boundaries=0 1 2 3 4 5
cat_threshold=46 1 1 1 130
is_linear=0
shrinkage=0.05


Tree=118
num_leaves=31
num_cat=6
split_feature=1 14 14 3 2 9 14 0 1 14 2 2 9 2 3 2 15 2 2 15 4 1 7 2 2 9 9 1 9 3
split_gain=1029.24 610.747 334.98 176.211 172.188 108.961 236.112 90.5707 86.7516 86.7629 84.3885 83.7677 80.7448 71.941 66.3671 40.6413 40.1751 38.0267 106.849 48.6339 34.6577 34.587 116.358 89.3525 88.4981 94.2419 34.4785 34.094 31.7975 43.8569
threshold=1.0000000180025095e-35 0.099999999999996994 0.95000000000000295 9.7850000000000019 0.98499999999999954 0 2.3000000000000083 1 6.5000000000000009 1.7000000000000013 1.0600000000000016 0.87999999999999956 2 0.98499999999999954 5.9250000000000007 2.0849999999999995 1.0000000180025095e-35 3.0049999999999994 2.9950000000000014 0.75000000000000011 0.97387466162284198 1.5000000000000002 1.0000000180025095e-35 8.3550000000000022 3.444999999999999 3 4 1.5000000000000002 5 12.835000000000003
decision_type=2 2 2 2 2 9 2 1 2 2 2 2 9 2 2 2 2 2 2 2 2 2 2 2 2 9 9 2 9 2
left_child=2 3 12 11 7 6 13 -3 9 -6 16 -2 -1 -4 -14 -11 -7 18 -5 26 -8 22 23 -17 -24 -26 -20 -21 29 -23
right_child=1 4 5 17 8 10 20 -9 -10 15 -12 -13 14 -15 -16 21 -18 -19 19 27 -22 28 24 -25 25 -27 -28 -29 -30 -31
leaf_value=0 0 0 -0.00030273933791368131 0 0 0 -4.7032314926353597e-05 0 0 0 0 0 0 0 0 -0.0023419193704251775 0 0.00012035871659432651 -0.0016942459749938301 0.00048486001183588594 0.032940834030012398 0.011047488309441099 -0.019194577913525336 0.0017155170545290477 0.0047534919471268538 0.0073548338081108004 -0.0042169115190154151 -0.0064129860870975833 0.0019942390557584825 -0.01928727086596646
leaf_weight=92164 2407 5634 748 12314 31704 37501 4637 618 35043 11718 65225 30339 7843 9566 4892 1758 1862 5536 1510 127 324 586 254 230 507 282 284 463 2974 3750
leaf_count=92164 2407 5634 748 12314 31704 37501 4637 618 35043 11718 65225 30339 7843 9566 4892 1758 1862 5536 1510 127 324 586 254 230 507 282 284 463 2974 3750
internal_value=0.00192838 -0.00130879 0.00406052 -0.00561061 0.00108881 0.00586628 0.00981354 0.00910909 0.000524176 -0.000737496 0.00528834 -0.0078773 0.00199716 0.0141313 0.00572774 0.00167052 0.00711709 -0.00194228 -0.00327255 -0.0129614 0.000856682 -0.000614061 0.00387661 -0.00321932 0.0174017 0.0256654 -0.0170569 -0.000508475 -0.00247606 -0.00520018
internal_weight=372800 148038 224762 52980 95058 119863 15275 6252 88806 53763 104588 32746 104899 10314 12735 22059 39363 20234 14698 2384 4961 10341 3031 1988 1043 789 1794 590 7310 4336
internal_count=372800 148038 224762 52980 95058 119863 15275 6252 88806 53763 104588 32746 104899 10314 12735 22059 39363 20234 14698 2384 4961 10341 3031 1988 1043 789 1794 590 7310 4336
cat_boundaries=0 1 2 3 4 5 6
cat_threshold=46 1 1 1 1 65
is_linear=0
shrinkage=0.05


Tree=119
num_leaves=31
num_cat=5
split_feature=1 14 14 3 2 9 14 0 1 2 2 9 14 2 3 2 15 4 2 2 15 9 1 2 11 9 2 1 3 1
split_gain=1033.91 597.718 334.98 181.533 173.818 108.961 236.112 90.5707 90.4233 84.3885 83.7677 80.7448 79.9664 71.941 66.3671 47.4872 40.1751 34.6577 34.2643 90.957 32.7858 43.3625 34.5606 30.4107 29.2474 41.6088 37.9196 49.1567 58.0854 28.7418
threshold=1.0000000180025095e-35 0.099999999999996994 0.95000000000000295 9.7850000000000019 0.98499999999999954 0 2.3000000000000083 1 6.5000000000000009 1.0600000000000016 0.87999999999999956 2 1.7000000000000013 0.98499999999999954 5.9250000000000007 2.0849999999999995 1.0000000180025095e-35 0.97387466162284198 3.0049999999999994 2.5350000000000006 0.75000000000000011 3 1.5000000000000002 0.58500000000000008 1.0000000180025095e-35 4 2.1050000000000009 2.5000000000000004 2.8950000000000005 13.500000000000002
decision_type=2 2 2 2 2 9 2 1 2 2 2 9 2 2 2 2 2 2 2 2 2 9 2 2 2 9 2 2 2 2
left_child=2 3 11 10 7 6 13 -3 12 16 -2 -1 -6 -4 -13 -14 23 -8 19 -5 21 -21 -22 -7 26 -26 29 28 -28 -12
right_child=1 4 5 18 8 9 17 -9 -10 -11 24 14 15 -15 -16 -17 -18 -19 -20 20 22 -23 -24 -25 25 -27 27 -29 -30 -31
leaf_value=0 0 0 -0.00028760237101799722 0 0 0 -4.4680699180035916e-05 0 0 0 0 0 0 0 0 -0.00039522777836655811 0 0.031293792328511781 0.00011434078076461018 -0.0017068533258764618 0.00046061701124409108 0.013311278815171468 -0.0060923367827427025 0 0 0 0.0027028709485043124 0.0039739855993806278 -0.037108151533231458 0
leaf_weight=92164 2407 5634 748 11854 31704 8037 4637 618 35043 65225 12668 7843 11718 9566 4892 10341 1862 324 5536 1899 127 353 465 29464 1344 11359 115 1083 491 3279
leaf_count=92164 2407 5634 748 11854 31704 8037 4637 618 35043 65225 12668 7843 11718 9566 4892 10341 1862 324 5536 1899 127 353 465 29464 1344 11359 115 1083 491 3279
internal_value=0.00192355 -0.00132094 0.00406052 -0.00557663 0.00105094 0.00586628 0.00981354 0.00910909 0.000483638 0.00528834 -0.0078773 0.00199716 -0.000804457 0.0141313 0.00572774 0.00150732 0.00711709 0.000856682 -0.00185332 -0.00311607 -0.0111463 -0.0138988 -0.000675676 0.00676115 -0.0085896 -0.0104188 -0.00727206 -0.000148017 -0.0115512 -0.00802659
internal_weight=372800 148038 224762 52980 95058 119863 15275 6252 88806 104588 32746 104899 53763 10314 12735 22059 39363 4961 20234 14698 2844 2252 592 37501 30339 12703 17636 1689 606 15947
internal_count=372800 148038 224762 52980 95058 119863 15275 6252 88806 104588 32746 104899 53763 10314 12735 22059 39363 4961 20234 14698 2844 2252 592 37501 30339 12703 17636 1689 606 15947
cat_boundaries=0 1 2 3 4 5
cat_threshold=46 1 1 1 130
is_linear=0
shrinkage=0.05


Tree=120
num_leaves=31
num_cat=5
split_feature=1 14 14 3 2 9 14 0 1 2 2 9 14 2 3 2 15 2 2 4 15 9 1 2 11 9 2 1 3 1
split_gain=1033.99 598.058 334.835 181.717 173.818 108.645 236.829 90.5707 90.4233 84.3885 83.8247 80.7448 79.9664 71.941 66.3671 47.4872 40.1751 34.2643 90.957 33.4045 32.7858 43.3625 34.5606 30.4107 29.1421 41.6088 37.3518 48.6476 58.0854 28.7418
threshold=1.0000000180025095e-35 0.099999999999996994 0.95000000000000295 9.7850000000000019 0.98499999999999954 0 2.3000000000000083 1 6.5000000000000009 1.0600000000000016 0.87999999999999956 2 1.7000000000000013 0.98499999999999954 5.9250000000000007 2.0849999999999995 1.0000000180025095e-35 3.0049999999999994 2.5350000000000006 0.97387466162284198 0.75000000000000011 3 1.5000000000000002 0.58500000000000008 1.0000000180025095e-35 4 2.1050000000000009 2.5000000000000004 2.8950000000000005 13.500000000000002
decision_type=2 2 2 2 2 9 2 1 2 2 2 9 2 2 2 2 2 2 2 2 2 9 2 2 2 9 2 2 2 2
left_child=2 3 11 10 7 6 13 -3 12 16 -2 -1 -6 -4 -13 -14 23 18 -5 -8 21 -20 -22 -7 26 -26 29 28 -28 -12
right_child=1 4 5 17 8 9 19 -9 -10 -11 24 14 15 -15 -16 -17 -18 -19 20 -21 22 -23 -24 -25 25 -27 27 -29 -30 -31
leaf_value=0 0 0 -0.00027322225246709735 0 0 0 -4.2446664221034125e-05 0 0 0 0 0 0 0 0 -0.00037546638944823134 0 0.0001086237417263769 -0.0016215106595826368 0.029729102712086192 0.00043758616068189098 0.012645714874412895 -0.0057877199436055628 0 0 0 0.0025677274010790967 0.0037752863194115967 -0.035252743956569889 0
leaf_weight=92164 2407 5634 748 11854 31704 8037 4637 618 35043 65225 12668 7843 11718 9566 4892 10341 1862 5536 1899 324 127 353 465 29464 1344 11359 115 1083 491 3279
leaf_count=92164 2407 5634 748 11854 31704 8037 4637 618 35043 65225 12668 7843 11718 9566 4892 10341 1862 5536 1899 324 127 353 465 29464 1344 11359 115 1083 491 3279
internal_value=0.00192302 -0.00132162 0.00406007 -0.00557852 0.00105094 0.00586545 0.009807 0.00910909 0.000483638 0.00528834 -0.00788035 0.00199716 -0.000804457 0.0141313 0.00572774 0.00150732 0.00711709 -0.00185332 -0.00311607 0.000836525 -0.0111463 -0.0138988 -0.000675676 0.00676115 -0.0085929 -0.0104188 -0.00727773 -0.000207223 -0.0115512 -0.00802659
internal_weight=372800 148038 224762 52980 95058 119863 15275 6252 88806 104588 32746 104899 53763 10314 12735 22059 39363 20234 14698 4961 2844 2252 592 37501 30339 12703 17636 1689 606 15947
internal_count=372800 148038 224762 52980 95058 119863 15275 6252 88806 104588 32746 104899 53763 10314 12735 22059 39363 20234 14698 4961 2844 2252 592 37501 30339 12703 17636 1689 606 15947
cat_boundaries=0 1 2 3 4 5
cat_threshold=46 1 1 1 130
is_linear=0
shrinkage=0.05


Tree=121
num_leaves=31
num_cat=5
split_feature=1 14 14 3 2 9 14 0 1 2 2 9 14 2 3 2 15 2 2 4 15 9 1 2 11 9 2 1 3 1
split_gain=1033.99 598.058 334.835 180.754 173.818 108.645 236.829 90.5707 90.4233 84.3885 83.7108 80.7448 79.9664 71.941 66.3671 47.4872 40.1751 33.7299 90.957 33.4045 32.7858 43.3625 34.5606 30.4107 29.3529 41.6088 38.4916 45.4708 56.3013 28.7418
threshold=1.0000000180025095e-35 0.099999999999996994 0.95000000000000295 9.7850000000000019 0.98499999999999954 0 2.3000000000000083 1 6.5000000000000009 1.0600000000000016 0.87999999999999956 2 1.7000000000000013 0.98499999999999954 5.9250000000000007 2.0849999999999995 1.0000000180025095e-35 3.0049999999999994 2.5350000000000006 0.97387466162284198 0.75000000000000011 3 1.5000000000000002 0.58500000000000008 1.0000000180025095e-35 4 2.1050000000000009 2.5000000000000004 2.8950000000000005 13.500000000000002
decision_type=2 2 2 2 2 9 2 1 2 2 2 9 2 2 2 2 2 2 2 2 2 9 2 2 2 9 2 2 2 2
left_child=2 3 11 10 7 6 13 -3 12 16 -2 -1 -6 -4 -13 -14 23 18 -5 -8 21 -20 -22 -7 26 -26 29 28 -28 -12
right_child=1 4 5 17 8 9 19 -9 -10 -11 24 14 15 -15 -16 -17 -18 -19 20 -21 22 -23 -24 -25 25 -27 27 -29 -30 -31
leaf_value=0 0 0 -0.00025956113984374249 0 0 0 -4.032433100998242e-05 0 0 0 0 0 0 0 0 -0.00035669306997582195 0 0.00010319255464006361 -0.0015404351266035067 0.028242647576481879 0.00041570685264780138 0.01201342913069225 -0.005498333946425283 0 0 0 0.0024393410310251419 0.0035865220034410165 -0.033490106758741388 0
leaf_weight=92164 2407 5634 748 11854 31704 8037 4637 618 35043 65225 12668 7843 11718 9566 4892 10341 1862 5536 1899 324 127 353 465 29464 1344 11359 115 1083 491 3279
leaf_count=92164 2407 5634 748 11854 31704 8037 4637 618 35043 65225 12668 7843 11718 9566 4892 10341 1862 5536 1899 324 127 353 465 29464 1344 11359 115 1083 491 3279
internal_value=0.00192302 -0.00132162 0.00406007 -0.00557852 0.00105094 0.00586545 0.009807 0.00910909 0.000483638 0.00528834 -0.00787424 0.00199716 -0.000804457 0.0141313 0.00572774 0.00150732 0.00711709 -0.0018632 -0.00311607 0.000836525 -0.0111463 -0.0138988 -0.000675676 0.00676115 -0.00858631 -0.0104188 -0.00726639 -8.88099e-05 -0.0110561 -0.00802659
internal_weight=372800 148038 224762 52980 95058 119863 15275 6252 88806 104588 32746 104899 53763 10314 12735 22059 39363 20234 14698 4961 2844 2252 592 37501 30339 12703 17636 1689 606 15947
internal_count=372800 148038 224762 52980 95058 119863 15275 6252 88806 104588 32746 104899 53763 10314 12735 22059 39363 20234 14698 4961 2844 2252 592 37501 30339 12703 17636 1689 606 15947
cat_boundaries=0 1 2 3 4 5
cat_threshold=46 1 1 1 130
is_linear=0
shrinkage=0.05


Tree=122
num_leaves=31
num_cat=6
split_feature=1 14 14 3 2 9 14 0 1 2 2 9 14 2 3 2 15 2 2 13 9 4 2 9 11 9 2 1 3 1
split_gain=1039.97 605.916 334.835 175.875 173.818 108.645 236.829 90.5707 90.4233 84.3885 83.9388 80.7448 79.9664 71.941 66.3671 47.4872 40.1751 35.6612 103.771 39.7225 33.7149 33.4045 30.4107 30.2438 28.932 41.6088 36.2291 43.5283 56.3013 28.7418
threshold=1.0000000180025095e-35 0.099999999999996994 0.95000000000000295 9.7850000000000019 0.98499999999999954 0 2.3000000000000083 1 6.5000000000000009 1.0600000000000016 0.87999999999999956 2 1.7000000000000013 0.98499999999999954 5.9250000000000007 2.0849999999999995 1.0000000180025095e-35 3.0049999999999994 2.9950000000000014 -0.74999999999999989 3 0.97387466162284198 0.58500000000000008 4 1.0000000180025095e-35 5 2.1050000000000009 2.5000000000000004 2.8950000000000005 13.500000000000002
decision_type=2 2 2 2 2 9 2 1 2 2 2 9 2 2 2 2 2 2 2 2 9 2 2 9 2 9 2 2 2 2
left_child=2 3 11 10 7 6 13 -3 12 16 -2 -1 -6 -4 -13 -14 22 18 23 -20 -21 -8 -7 -5 26 -26 29 28 -28 -12
right_child=1 4 5 17 8 9 21 -9 -10 -11 24 14 15 -15 -16 -17 -18 -19 19 20 -22 -23 -24 -25 25 -27 27 -29 -30 -31
leaf_value=0 0 0 -0.00024658308285155535 0.026173332352271275 0 0 -3.8308114459483293e-05 0 0 0 0 0 0 0 0 -0.00033885841647702809 0 9.8032926908064868e-05 -9.7243503576244239e-05 -0.0013660937206410096 -0.005156109605884124 0.026830515197657785 0 0 0 0 0.0023173739794738846 0.0034071959032689657 -0.031815601420804328 0
leaf_weight=92164 2407 5634 748 621 31704 8037 4637 618 35043 65225 12668 7843 11718 9566 4892 10341 1862 5536 496 1585 303 324 29464 11693 1344 11359 115 1083 491 3279
leaf_count=92164 2407 5634 748 621 31704 8037 4637 618 35043 65225 12668 7843 11718 9566 4892 10341 1862 5536 496 1585 303 324 29464 11693 1344 11359 115 1083 491 3279
internal_value=0.00191685 -0.00133716 0.00406007 -0.00562193 0.00105094 0.00586545 0.009807 0.00910909 0.000483638 0.00528834 -0.00788646 0.00199716 -0.000804457 0.0141313 0.00572774 0.00150732 0.00711709 -0.0019571 -0.00324534 -0.0127936 -0.0161017 0.000836525 0.00676115 -0.00139678 -0.00859949 -0.0104188 -0.00728907 -0.000325636 -0.0110561 -0.00802659
internal_weight=372800 148038 224762 52980 95058 119863 15275 6252 88806 104588 32746 104899 53763 10314 12735 22059 39363 20234 14698 2384 1888 4961 37501 12314 30339 12703 17636 1689 606 15947
internal_count=372800 148038 224762 52980 95058 119863 15275 6252 88806 104588 32746 104899 53763 10314 12735 22059 39363 20234 14698 2384 1888 4961 37501 12314 30339 12703 17636 1689 606 15947
cat_boundaries=0 1 2 3 4 5 6
cat_threshold=46 1 1 1 32 130
is_linear=0
shrinkage=0.05


Tree=123
num_leaves=31
num_cat=5
split_feature=1 14 14 3 2 9 14 0 1 2 2 9 14 2 3 2 15 2 2 15 9 1 2 11 9 2 1 3 1 10
split_gain=1033.24 600.825 333.104 182.042 173.728 104.894 245.526 90.5707 90.2173 84.3885 84.11 80.7448 80.3367 71.941 66.3671 47.0929 40.1751 33.7299 90.957 32.7858 43.3625 34.5606 30.4107 28.6184 41.6088 34.5771 46.1417 48.9972 28.7418 99.5342
threshold=1.0000000180025095e-35 0.099999999999996994 0.95000000000000295 9.7850000000000019 0.98499999999999954 0 2.3000000000000083 1 6.5000000000000009 1.0600000000000016 0.87999999999999956 2 1.7000000000000013 0.98499999999999954 5.9250000000000007 2.0849999999999995 1.0000000180025095e-35 3.0049999999999994 2.5350000000000006 0.75000000000000011 3 1.5000000000000002 0.58500000000000008 1.0000000180025095e-35 4 2.1050000000000009 2.5000000000000004 2.8950000000000005 13.500000000000002 6.5000000000000009
decision_type=2 2 2 2 2 9 2 1 2 2 2 9 2 2 2 2 2 2 2 2 9 2 2 2 9 2 2 2 2 2
left_child=2 3 11 10 7 6 13 -3 12 16 -2 -1 -6 -4 -13 -14 22 18 -5 20 -20 -21 -7 25 -25 28 27 -27 -12 -30
right_child=1 4 5 17 8 9 -8 -9 -10 -11 23 14 15 -15 -16 -17 -18 -19 19 21 -22 -23 -24 24 -26 26 -28 -29 29 -31
leaf_value=0 0 0 -0.00023425392870897758 0 0 0 0.00026513879576582671 0 0 0 0 0 0 0 0 -0.00032191549565317447 0 9.3131280562663854e-05 -0.0013951086842412808 0.00039978368519422158 0.011670563154451842 -0.0052185550739252129 0 0 0 0.0022015052805001902 0.0032368361081055175 -0.030224821349764109 0 -0.0021434374999999999
leaf_weight=92164 2407 5634 748 11854 31704 8037 4961 618 35043 65225 12668 7843 11718 9566 4892 10341 1862 5536 1899 127 353 465 29464 1344 11359 115 1083 491 2595 684
leaf_count=92164 2407 5634 748 11854 31704 8037 4961 618 35043 65225 12668 7843 11718 9566 4892 10341 1862 5536 1899 127 353 465 29464 1344 11359 115 1083 491 2595 684
internal_value=0.00191845 -0.001325 0.00405473 -0.00559173 0.00105304 0.00585543 0.00972849 0.00910909 0.000485891 0.00528834 -0.00789562 0.00199716 -0.000800737 0.0141313 0.00572774 0.00151639 0.00711709 -0.0018632 -0.00311607 -0.0111463 -0.0138988 -0.000675676 0.00676115 -0.00860938 -0.0104188 -0.00730608 -0.000503256 -0.0115512 -0.00802659 -0.0121988
internal_weight=372800 148038 224762 52980 95058 119863 15275 6252 88806 104588 32746 104899 53763 10314 12735 22059 39363 20234 14698 2844 2252 592 37501 30339 12703 17636 1689 606 15947 3279
internal_count=372800 148038 224762 52980 95058 119863 15275 6252 88806 104588 32746 104899 53763 10314 12735 22059 39363 20234 14698 2844 2252 592 37501 30339 12703 17636 1689 606 15947 3279
cat_boundaries=0 1 2 3 4 5
cat_threshold=46 1 1 1 130
is_linear=0
shrinkage=0.05


Tree=124
num_leaves=31
num_cat=6
split_feature=1 14 14 2 3 9 14 0 1 2 14 9 2 2 3 2 15 11 9 2 2 15 9 1 2 2 1 3 14 9
split_gain=1014.26 579.125 333.104 173.456 169.813 104.894 245.526 90.5707 89.6008 84.3885 81.4528 80.7448 80.2999 71.941 66.3671 45.9199 40.1751 36.0889 41.6088 33.7299 90.957 32.7858 43.3625 34.5606 30.4107 28.5657 49.7447 40.0474 28.4486 27.1696
threshold=1.0000000180025095e-35 0.099999999999996994 0.95000000000000295 0.98499999999999954 9.7850000000000019 0 2.3000000000000083 1 6.5000000000000009 1.0600000000000016 1.7000000000000013 2 0.87999999999999956 0.98499999999999954 5.9250000000000007 2.0849999999999995 1.0000000180025095e-35 1.0000000180025095e-35 3 3.0049999999999994 2.5350000000000006 0.75000000000000011 4 1.5000000000000002 0.58500000000000008 2.1050000000000009 2.5000000000000004 2.8950000000000005 1.600000000000001 5
decision_type=2 2 2 2 2 9 2 1 2 2 2 9 2 2 2 2 2 2 9 2 2 2 9 2 2 2 2 2 2 9
left_child=2 4 11 7 12 6 13 -3 10 16 -5 -1 -2 28 -13 -12 24 25 -19 20 29 22 -22 -23 -7 -14 27 -27 -4 -6
right_child=1 3 5 8 19 9 -8 -9 -10 -11 15 14 17 -15 -16 -17 -18 18 -20 -21 21 23 -24 -25 -26 26 -28 -29 -30 -31
leaf_value=0 0 0 -0.00022254123227352868 0 0.024667090054468044 0 0.0002518818559775354 0 0 0 0 0 0 0 0 -0.0003058197208705149 0 0 0 8.8474716534525663e-05 -0.0013253532500292155 0.00037979450093450495 0.01108703499672925 -0.0049576273202289528 0 0.0020914300164751806 0.0030749943027002418 -0.028713580282275903 0.0068972458350452133 0
leaf_weight=92164 2407 5634 431 31704 601 8037 4961 618 35043 65225 11718 7843 15947 9566 4892 10341 1862 1344 11359 5536 1899 127 353 465 29464 115 1083 491 317 11253
leaf_count=92164 2407 5634 431 31704 601 8037 4961 618 35043 65225 11718 7843 15947 9566 4892 10341 1862 1344 11359 5536 1899 127 353 465 29464 115 1083 491 317 11253
internal_value=0.00193817 -0.00127535 0.00405473 0.00105935 -0.00546433 0.00585543 0.00972849 0.00910909 0.000492647 0.00528834 -0.000789576 0.00199716 -0.00768949 0.0141313 0.00572774 0.00154359 0.00711709 -0.00838689 -0.0104188 -0.0018632 -0.00311607 -0.0111463 -0.0138988 -0.000675676 0.00676115 -0.00692334 -0.000740083 -0.0122112 -0.000802139 -0.00118947
internal_weight=372800 148038 224762 95058 52980 119863 15275 6252 88806 104588 53763 104899 32746 10314 12735 22059 39363 30339 12703 20234 14698 2844 2252 592 37501 17636 1689 606 748 11854
internal_count=372800 148038 224762 95058 52980 119863 15275 6252 88806 104588 53763 104899 32746 10314 12735 22059 39363 30339 12703 20234 14698 2844 2252 592 37501 17636 1689 606 748 11854
cat_boundaries=0 1 2 3 4 5 6
cat_threshold=46 1 1 130 1 32
is_linear=0
shrinkage=0.05


Tree=125
num_leaves=31
num_cat=6
split_feature=1 14 14 2 3 9 14 0 1 2 14 9 2 2 3 2 15 11 9 2 2 15 9 1 2 2 1 3 14 9
split_gain=1015.13 582.333 332.097 173.41 167.23 102.737 250.671 90.5707 89.4983 84.3885 81.6395 80.7448 80.2999 71.941 66.3671 45.7258 40.1751 36.0889 41.6088 31.3775 90.957 32.7858 43.3625 34.5606 30.4107 28.5657 49.7447 40.0474 28.4486 27.1696
threshold=1.0000000180025095e-35 0.099999999999996994 0.95000000000000295 0.98499999999999954 9.7850000000000019 0 2.3000000000000083 1 6.5000000000000009 1.0600000000000016 1.7000000000000013 2 0.87999999999999956 0.98499999999999954 5.9250000000000007 2.0849999999999995 1.0000000180025095e-35 1.0000000180025095e-35 3 3.0049999999999994 2.5350000000000006 0.75000000000000011 4 1.5000000000000002 0.58500000000000008 2.1050000000000009 2.5000000000000004 2.8950000000000005 1.600000000000001 5
decision_type=2 2 2 2 2 9 2 1 2 2 2 9 2 2 2 2 2 2 9 2 2 2 9 2 2 2 2 2 2 9
left_child=2 4 11 7 12 6 13 -3 10 16 -5 -1 -2 28 -13 -12 24 25 -19 20 29 22 -22 -23 -7 -14 27 -27 -4 -6
right_child=1 3 5 8 19 9 -8 -9 -10 -11 15 14 17 -15 -16 -17 -18 18 -20 -21 21 23 -24 -25 -26 26 -28 -29 -30 -31
leaf_value=0 0 0 -0.00021141417065985229 0 0.02343373555174464 0 0.00023928776317865864 0 0 0 0 0 0 0 0 -0.00029052873482698915 0 0 0 8.4050980707794931e-05 -0.0012590855875277531 0.00036080477588777975 0.010532683246892788 -0.004709745954217504 0 0.0019868585156514215 0.0029212445875652295 -0.027277901268162111 0.0065523835432929507 0
leaf_weight=92164 2407 5634 431 31704 601 8037 4961 618 35043 65225 11718 7843 15947 9566 4892 10341 1862 1344 11359 5536 1899 127 353 465 29464 115 1083 491 317 11253
leaf_count=92164 2407 5634 431 31704 601 8037 4961 618 35043 65225 11718 7843 15947 9566 4892 10341 1862 1344 11359 5536 1899 127 353 465 29464 115 1083 491 317 11253
internal_value=0.00193415 -0.00128075 0.00405162 0.00106041 -0.00548131 0.00584959 0.0096827 0.00910909 0.000493773 0.00528834 -0.000787716 0.00199716 -0.00768949 0.0141313 0.00572774 0.00154812 0.00711709 -0.00838689 -0.0104188 -0.00190768 -0.00311607 -0.0111463 -0.0138988 -0.000675676 0.00676115 -0.00692334 -0.000740083 -0.0122112 -0.000802139 -0.00118947
internal_weight=372800 148038 224762 95058 52980 119863 15275 6252 88806 104588 53763 104899 32746 10314 12735 22059 39363 30339 12703 20234 14698 2844 2252 592 37501 17636 1689 606 748 11854
internal_count=372800 148038 224762 95058 52980 119863 15275 6252 88806 104588 53763 104899 32746 10314 12735 22059 39363 30339 12703 20234 14698 2844 2252 592 37501 17636 1689 606 748 11854
cat_boundaries=0 1 2 3 4 5 6
cat_threshold=46 1 1 130 1 32
is_linear=0
shrinkage=0.05


Tree=126
num_leaves=31
num_cat=5
split_feature=1 14 14 3 2 9 14 0 1 2 14 9 2 2 3 2 15 11 9 2 2 2 1 3 14 4 2 5 4 9
split_gain=982.258 545.704 329.513 201.096 173.229 97.291 264.146 90.5707 89.0886 84.3885 82.3887 80.7448 80.2999 71.941 66.3671 44.9536 40.1751 36.0889 41.6088 30.4107 30.1059 28.5657 49.7447 40.0474 28.4486 26.7656 26.5793 48.4346 36.4214 32.7545
threshold=1.0000000180025095e-35 0.099999999999996994 0.95000000000000295 9.7850000000000019 0.98499999999999954 0 2.3000000000000083 1 6.5000000000000009 1.0600000000000016 1.7000000000000013 2 0.87999999999999956 0.98499999999999954 5.9250000000000007 2.0849999999999995 1.0000000180025095e-35 1.0000000180025095e-35 3 0.58500000000000008 1.7850000000000004 2.1050000000000009 2.5000000000000004 2.8950000000000005 1.600000000000001 -0.55011510741598568 2.7850000000000006 0.81537853675899896 1.0000000180025095e-35 4
decision_type=2 2 2 2 2 9 2 1 2 2 2 9 2 2 2 2 2 2 9 2 2 2 2 2 2 2 2 2 2 9
left_child=2 3 11 12 7 6 13 -3 10 16 26 -1 -2 24 -13 -12 19 21 -19 -7 25 -14 23 -23 -4 -8 -6 29 -29 -28
right_child=1 4 5 -5 8 9 20 -9 -10 -11 15 14 17 -15 -16 -17 -18 18 -20 -21 -22 22 -24 -25 -26 -27 27 28 -30 -31
leaf_value=0 0 0 -0.00020084346212685965 0 0 0 0.029628243924515088 0 0 0 0 0 0 0 0 -0.0002760022980856425 0 0 0 0 -0.00083098525627592562 0.0018875155898688508 0.0027751823581869681 -0.025914006204754005 0.0062247643661283054 0.0027906984291876436 -0.02493917377638338 -0.00053713717495923897 0.0029761943413702859 -0.00053713717495923897
leaf_weight=92164 2407 5634 431 20234 24114 8037 681 618 35043 65225 11718 7843 15947 9566 4892 10341 1862 1344 11359 29464 3409 115 1083 491 317 871 4932 469 277 1912
leaf_count=92164 2407 5634 431 20234 24114 8037 681 618 35043 65225 11718 7843 15947 9566 4892 10341 1862 1344 11359 29464 3409 115 1083 491 317 871 4932 469 277 1912
internal_value=0.0019607 -0.00120172 0.00404361 -0.00526803 0.00106461 0.00583458 0.00956493 0.00910909 0.000498277 0.00528834 -0.000780276 0.00199716 -0.00768949 0.0141313 0.00572774 0.00156625 0.00711709 -0.00838689 -0.0104188 0.00676115 9.07075e-05 -0.00692334 -0.000740083 -0.0122112 -0.000802139 0.0058634 -0.00241294 -0.00499341 0.00710456 -0.0063121
internal_weight=372800 148038 224762 52980 95058 119863 15275 6252 88806 104588 53763 104899 32746 10314 12735 22059 39363 30339 12703 37501 4961 17636 1689 606 748 1552 31704 7590 746 6844
internal_count=372800 148038 224762 52980 95058 119863 15275 6252 88806 104588 53763 104899 32746 10314 12735 22059 39363 30339 12703 37501 4961 17636 1689 606 748 1552 31704 7590 746 6844
cat_boundaries=0 1 2 3 4 5
cat_threshold=46 1 1 130 1
is_linear=0
shrinkage=0.05


Tree=127
num_leaves=31
num_cat=5
split_feature=1 14 14 3 2 9 14 0 2 9 2 1 14 2 3 2 15 11 9 2 1 3 2 14 1 2 2 9 2 7
split_gain=956.075 558.415 332.96 197.625 168.638 104.585 246.257 90.5707 84.3885 80.7448 79.2987 78.9611 75.5797 71.941 66.3671 41.1915 40.1751 38.2272 41.6088 38.1634 34.5976 31.5907 30.4107 28.4486 28.3328 95.9243 44.9839 44.1387 34.5531 40.9028
threshold=1.0000000180025095e-35 0.099999999999996994 0.95000000000000295 9.7850000000000019 0.98499999999999954 0 2.3000000000000083 1 1.0600000000000016 2 0.87999999999999956 6.5000000000000009 1.7000000000000013 0.98499999999999954 5.9250000000000007 2.0849999999999995 1.0000000180025095e-35 1.0000000180025095e-35 3 2.1050000000000009 2.5000000000000004 2.8950000000000005 0.58500000000000008 1.600000000000001 2.5000000000000004 8.0300000000000029 5.0050000000000017 4 3.2249999999999983 1.0000000180025095e-35
decision_type=2 2 2 2 2 9 2 1 2 9 2 2 2 2 2 2 2 2 9 2 2 2 2 2 2 2 2 9 2 2
left_child=2 3 9 10 7 6 13 -3 16 -1 -2 12 -6 23 -11 -14 22 19 -19 -12 21 -21 -7 -4 25 28 -26 -27 -17 -30
right_child=1 4 5 -5 11 8 -8 -9 -10 14 17 -13 15 -15 -16 24 -18 18 -20 20 -22 -23 -24 -25 26 27 -28 -29 29 -31
leaf_value=0 0 0 -0.00019080128902051666 0 0 0 0.00026887263783352197 0 0 0 0 0 0 0 0 -0.018677373536655474 0 0 0 0.0017931398103754083 0.0026364232402776196 -0.024618305894516301 0 0.0059135261478218907 -0.00070822522172348239 0.0054236503865761846 -0.03608752602302958 0.001036341559504228 -0.00049018633950413399 0.0037429177249902247
leaf_weight=92164 2407 5634 431 20234 31704 8037 4961 618 65225 7843 15947 35043 11718 9566 4892 1997 1862 1344 11359 115 1083 491 29464 317 3372 496 1574 255 1516 1131
leaf_count=92164 2407 5634 431 20234 31704 8037 4961 618 65225 7843 15947 35043 11718 9566 4892 1997 1862 1344 11359 115 1083 491 29464 317 3372 496 1574 255 1516 1131
internal_value=0.00199933 -0.00112066 0.00405429 -0.00523405 0.00117192 0.0058546 0.00972195 0.00910909 0.00528834 0.00199716 -0.00763452 0.000613134 -0.000590555 0.0141313 0.00572774 0.00165692 0.00711709 -0.00832757 -0.0104188 -0.00682127 0.000325636 -0.00924092 0.00676115 -0.000802139 -0.000643071 0.00186284 -0.00337647 0.0184421 -0.00081826 0.00292784
internal_weight=372800 148038 224762 52980 95058 119863 15275 6252 104588 104899 32746 88806 53763 10314 12735 22059 39363 30339 12703 17636 1689 606 37501 748 10341 5395 4946 751 4644 2647
internal_count=372800 148038 224762 52980 95058 119863 15275 6252 104588 104899 32746 88806 53763 10314 12735 22059 39363 30339 12703 17636 1689 606 37501 748 10341 5395 4946 751 4644 2647
cat_boundaries=0 1 2 3 4 5
cat_threshold=46 1 1 130 1
is_linear=0
shrinkage=0.05


Tree=128
num_leaves=31
num_cat=5
split_feature=1 14 14 3 2 9 14 0 2 9 2 1 14 2 3 2 15 11 9 2 5 2 14 9 10 14 3 5 2 4
split_gain=959.573 560.975 332.96 199.55 168.817 104.585 246.257 90.5707 84.3885 80.7448 79.8541 79.3467 74.8622 71.941 66.3671 41.9308 40.1751 37.0317 41.6088 32.6601 30.7434 30.4107 28.4486 25.8287 33.77 25.7047 24.7855 24.7537 24.6593 26.1748
threshold=1.0000000180025095e-35 0.099999999999996994 0.95000000000000295 9.7850000000000019 0.98499999999999954 0 2.3000000000000083 1 1.0600000000000016 2 0.87999999999999956 6.5000000000000009 1.7000000000000013 0.98499999999999954 5.9250000000000007 2.0849999999999995 1.0000000180025095e-35 1.0000000180025095e-35 3 2.1050000000000009 -0.98442422532924934 0.58500000000000008 1.600000000000001 4 2.5000000000000004 7.599999999999997 22.050000000000004 0.97859653660919488 1.7850000000000004 -0.55011510741598568
decision_type=2 2 2 2 2 9 2 1 2 9 2 2 2 2 2 2 2 2 9 2 2 2 2 9 2 2 2 2 2 2
left_child=2 3 9 10 7 6 13 23 16 -1 -2 12 -6 22 -11 -14 21 19 -19 -12 -21 -7 -4 26 -25 -17 -3 -5 29 -8
right_child=1 4 5 27 11 8 28 -9 -10 14 17 -13 15 -15 -16 25 -18 18 -20 20 -22 -23 -24 24 -26 -27 -28 -29 -30 -31
leaf_value=0 0 0 -0.00018126122456949082 0 0 0 0.028133388096397649 0 0 0 0 0 0 0 0 -0.00049764960045270423 0 0 0 0.0071123345828344167 -0.0014115386110178374 0 0.0056178498404307947 0.00124879975053796 0.03345953524261213 0.061258273968070057 0 0.0019290937500000003 -0.00080287962535380536 0.0026377198758365862
leaf_weight=92164 2407 3642 431 19892 31704 8037 681 618 65225 7843 15947 35043 11718 9566 4892 10117 1862 1344 11359 99 1590 29464 317 263 1353 224 376 342 3409 871
leaf_count=92164 2407 3642 431 19892 31704 8037 681 618 65225 7843 15947 35043 11718 9566 4892 10117 1862 1344 11359 99 1590 29464 317 263 1353 224 376 342 3409 871
internal_value=0.00199557 -0.00113012 0.00405429 -0.00525293 0.00116771 0.0058546 0.00972195 0.00910909 0.00528834 0.00199716 -0.00766506 0.00060863 -0.000597995 0.0141313 0.00572774 0.00163879 0.00711709 -0.00836053 -0.0104188 -0.00687798 -0.00026643 0.00676115 -0.000802139 0.0111022 0.0164822 -0.000681752 0.00887537 -0.00134921 0.000574481 0.00579897
internal_weight=372800 148038 224762 52980 95058 119863 15275 6252 104588 104899 32746 88806 53763 10314 12735 22059 39363 30339 12703 17636 1689 37501 748 5634 1616 10341 4018 20234 4961 1552
internal_count=372800 148038 224762 52980 95058 119863 15275 6252 104588 104899 32746 88806 53763 10314 12735 22059 39363 30339 12703 17636 1689 37501 748 5634 1616 10341 4018 20234 4961 1552
cat_boundaries=0 1 2 3 4 5
cat_threshold=46 1 1 130 1
is_linear=0
shrinkage=0.05


Tree=129
num_leaves=31
num_cat=5
split_feature=1 14 14 3 2 9 14 0 2 9 1 2 14 2 3 2 15 11 9 2 1 3 2 14 2 3 5 9 10 1
split_gain=961.892 557.164 334.113 197.89 166.552 107.075 240.434 89.934 84.3885 80.7448 79.927 79.4651 73.7924 71.941 66.3671 43.052 40.1751 37.8665 41.6088 36.4675 33.3248 31.5907 30.4107 28.4486 24.3828 44.9844 39.9848 24.299 31.3887 23.9935
threshold=1.0000000180025095e-35 0.099999999999996994 0.95000000000000295 9.7850000000000019 0.98499999999999954 0 2.3000000000000083 1 1.0600000000000016 2 6.5000000000000009 0.87999999999999956 1.7000000000000013 0.98499999999999954 5.9250000000000007 2.0849999999999995 1.0000000180025095e-35 1.0000000180025095e-35 3 2.1050000000000009 2.5000000000000004 2.8950000000000005 0.58500000000000008 1.600000000000001 6.3799999999999981 11.990000000000002 0.77023320773058968 4 2.5000000000000004 2.5000000000000004
decision_type=2 2 2 2 2 9 2 1 2 9 2 2 2 2 2 2 2 2 9 2 2 2 2 2 2 2 2 9 2 2
left_child=2 3 9 11 7 6 13 27 16 -1 12 -2 -6 23 -11 -14 22 19 -19 -13 21 -21 -7 -4 26 -26 -12 28 -3 -17
right_child=1 4 5 -5 10 8 -8 -9 -10 14 24 17 15 -15 -16 29 -18 18 -20 20 -22 -23 -24 -25 25 -27 -28 -29 -30 -31
leaf_value=0 0 0.0011863597630110635 -0.00017219816334101628 0 0 0 0.00029557298720953615 0 0 0 0 0 0 0 0 0.00053015693967591873 0 0 0 0.0017740597504075301 0.0025751790088146308 -0.023316813669239597 0 0.0053369573484092553 0.0071527351115171058 -0.024641878852554224 0 0 0.031574013821896944 -0.0045350780125001057
leaf_weight=92164 2407 237 431 20234 31704 8037 4961 618 65225 7843 28804 15947 11718 9566 4892 5395 1862 1344 11359 115 1083 491 29464 317 280 1912 4047 4205 1192 4946
leaf_count=92164 2407 237 431 20234 31704 8037 4961 618 65225 7843 28804 15947 11718 9566 4892 5395 1862 1344 11359 115 1083 491 29464 317 280 1912 4047 4205 1192 4946
internal_value=0.00199665 -0.00113282 0.00405785 -0.0052416 0.00115719 0.00586127 0.00977429 0.00904511 0.00528834 0.00199716 0.000601874 -0.00764368 -0.000609155 0.0141313 0.00572774 0.00161159 0.00711709 -0.00833745 -0.0104188 -0.00683829 0.000148017 -0.00924092 0.00676115 -0.000802139 0.00245984 -0.00264599 0.00280052 0.0110312 0.016713 -0.000739774
internal_weight=372800 148038 224762 52980 95058 119863 15275 6252 104588 104899 88806 32746 53763 10314 12735 22059 39363 30339 12703 17636 1689 606 37501 748 35043 2192 32851 5634 1429 10341
internal_count=372800 148038 224762 52980 95058 119863 15275 6252 104588 104899 88806 32746 53763 10314 12735 22059 39363 30339 12703 17636 1689 606 37501 748 35043 2192 32851 5634 1429 10341
cat_boundaries=0 1 2 3 4 5
cat_threshold=46 1 1 130 172
is_linear=0
shrinkage=0.05


Tree=130
num_leaves=31
num_cat=4
split_feature=1 14 14 3 2 9 14 0 2 9 2 1 14 2 3 2 15 11 9 2 2 14 2 3 5 4 14 2 4 4
split_gain=970.858 557.843 332.96 200.977 151.794 104.585 246.257 86.1611 84.3885 80.7448 80.3557 79.5333 73.9701 71.941 66.3671 42.8641 40.1751 35.9719 41.6088 31.7475 30.4107 28.4486 25.2066 41.3219 39.9848 33.375 26.4008 24.6593 26.1748 26.1473
threshold=1.0000000180025095e-35 0.099999999999996994 0.95000000000000295 9.7850000000000019 0.98499999999999954 0 2.3000000000000083 1 1.0600000000000016 2 0.87999999999999956 6.5000000000000009 1.7000000000000013 0.98499999999999954 5.9250000000000007 2.0849999999999995 1.0000000180025095e-35 1.0000000180025095e-35 3 4.4599999999999982 0.58500000000000008 1.600000000000001 6.3799999999999981 20.255000000000006 0.77023320773058968 0.5428067531915105 2.9999999999999996 1.7850000000000004 -0.55011510741598568 -0.013089595571345017
decision_type=2 2 2 2 2 9 2 1 2 9 2 2 2 2 2 2 2 2 9 2 2 2 2 2 2 2 2 2 2 2
left_child=2 3 9 10 7 6 13 -3 16 -1 -2 12 -6 21 -11 -14 20 19 -19 -12 -7 -4 24 -24 -13 26 -25 28 -8 -30
right_child=1 4 5 -5 11 8 27 -9 -10 14 17 22 15 -15 -16 -17 -18 18 -20 -21 -22 -23 23 25 -26 -27 -28 -29 29 -31
leaf_value=0 0 0 -0.00016358825517396547 0 0 0 0.026711940042217289 0 0 0 0 0 0 0 0 -0.00036498617706595129 0 0 0 0.028414027977619518 0 0.0050701094809887937 0.011014031257408392 -0.10132933714008407 0 0.052382265230902551 -0.031179422019729987 -0.00077751429344659188 -0.017920457395477003 0.019644834190423149
leaf_weight=92164 2407 5634 431 20234 31704 8037 681 618 65225 7843 17545 28804 11718 9566 4892 10341 1862 1344 11359 91 29464 317 686 383 4047 278 845 3409 312 559
leaf_count=92164 2407 5634 431 20234 31704 8037 681 618 65225 7843 17545 28804 11718 9566 4892 10341 1862 1344 11359 91 29464 317 686 383 4047 278 845 3409 312 559
internal_value=0.0019835 -0.00116051 0.00405429 -0.0052718 0.00113089 0.0058546 0.00972195 0.00866123 0.00528834 0.00199716 -0.00769254 0.000600748 -0.000607295 0.0141313 0.00572774 0.00161612 0.00711709 -0.00839019 -0.0104188 -0.00692901 0.00676115 -0.000802139 0.00245413 -0.00273723 0.00280052 -0.00737052 -0.0109121 0.000574481 0.00579897 5.74053e-05
internal_weight=372800 148038 224762 52980 95058 119863 15275 6252 104588 104899 32746 88806 53763 10314 12735 22059 39363 30339 12703 17636 37501 748 35043 2192 32851 1506 1228 4961 1552 871
internal_count=372800 148038 224762 52980 95058 119863 15275 6252 104588 104899 32746 88806 53763 10314 12735 22059 39363 30339 12703 17636 37501 748 35043 2192 32851 1506 1228 4961 1552 871
cat_boundaries=0 1 2 3 4
cat_threshold=46 1 1 130
is_linear=0
shrinkage=0.05


Tree=131
num_leaves=31
num_cat=7
split_feature=1 14 14 3 2 9 14 0 2 9 2 1 14 2 3 2 15 11 9 2 2 14 5 0 3 17 2 9 9 13
split_gain=970.582 560.007 334.691 201.17 151.37 108.33 236.484 86.1611 84.3885 80.7448 80.4115 80.283 74.5047 73.1407 66.3671 42.3029 40.1751 35.8551 41.6088 30.4107 29.4347 27.5463 23.6982 23.6723 32.9299 28.5073 27.3123 33.2857 30.6917 23.6223
threshold=1.0000000180025095e-35 0.099999999999996994 0.95000000000000295 9.7850000000000019 0.98499999999999954 0 2.3000000000000083 1 1.0600000000000016 2 0.87999999999999956 6.5000000000000009 1.7000000000000013 0.98499999999999954 5.9250000000000007 2.0849999999999995 1.0000000180025095e-35 1.0000000180025095e-35 3 0.58500000000000008 4.4599999999999982 1.600000000000001 0.97859653660919488 4 6.0200000000000005 0.85000000000000864 1.8699999999999999 5 6 2.7500000000000004
decision_type=2 2 2 2 2 9 2 1 2 9 2 2 2 2 2 2 2 2 9 2 2 2 2 1 2 2 2 9 9 2
left_child=2 3 9 10 7 6 13 -3 16 -1 -2 12 -6 21 -11 -14 19 20 -19 -7 -12 -4 -5 24 26 -26 28 -28 -20 -13
right_child=1 4 5 22 11 8 -8 -9 -10 14 17 29 15 -15 -16 -17 -18 18 23 -21 -22 -23 -24 -25 25 -27 27 -29 -30 -31
leaf_value=0 0 0 -0.00015540884241526721 0 0 0 0.00031967005252138891 0 0 0 0 0 0 0 0 -0.00034673686821265481 0 0 0 0 0.026993326578738541 0.0048166040069393514 0.0018326390625000002 -0.00062042423376903848 0 0 3.2827921149545038e-05 -0.038776874619180959 -0.00062042423376903848 0.23661701087020998
leaf_weight=92164 2407 5634 431 19892 31704 8037 4961 618 65225 7843 17545 34927 11718 9566 4892 10341 1862 1344 3014 29464 91 317 342 689 2604 1394 138 3154 366 116
leaf_count=92164 2407 5634 431 19892 31704 8037 4961 618 65225 7843 17545 34927 11718 9566 4892 10341 1862 1344 3014 29464 91 317 342 689 2604 1394 138 3154 366 116
internal_value=0.00198914 -0.00115443 0.00405963 -0.00527369 0.00114141 0.00586461 0.00980046 0.00866123 0.00528834 0.00199716 -0.0076956 0.000612008 -0.000601715 0.0141216 0.00572774 0.00162972 0.00711709 -0.00839349 -0.0104188 0.00676115 -0.00693468 -0.000935829 -0.00135416 -0.0113994 -0.0108294 -0.00724112 -0.0129796 -0.0162211 -0.00982249 0.0024741
internal_weight=372800 148038 224762 52980 95058 119863 15275 6252 104588 104899 32746 88806 53763 10314 12735 22059 39363 30339 12703 37501 17636 748 20234 11359 10670 3998 6672 3292 3380 35043
internal_count=372800 148038 224762 52980 95058 119863 15275 6252 104588 104899 32746 88806 53763 10314 12735 22059 39363 30339 12703 37501 17636 748 20234 11359 10670 3998 6672 3292 3380 35043
cat_boundaries=0 1 2 3 4 5 6 7
cat_threshold=46 1 1 130 1 44 9
is_linear=0
shrinkage=0.05


Tree=132
num_leaves=31
num_cat=4
split_feature=1 14 14 2 3 9 14 0 2 9 1 14 2 3 2 2 15 3 2 2 9 1 2 2 2 2 3 3 1 1
split_gain=843.746 400.763 334.691 151.412 111.869 108.33 236.484 86.1611 84.3885 80.7448 80.1341 74.5047 73.1407 66.3671 56.1412 42.3029 40.1751 37.5021 30.4107 29.8825 37.9886 46.7026 81.6382 87.4656 73.1641 123.963 47.8119 37.8815 39.2896 27.8331
threshold=1.0000000180025095e-35 0.099999999999996994 0.95000000000000295 0.98499999999999954 10.020000000000001 0 2.3000000000000083 1 1.0600000000000016 2 6.5000000000000009 1.7000000000000013 0.98499999999999954 5.9250000000000007 0.79499999999999871 2.0849999999999995 1.0000000180025095e-35 10.710000000000003 0.58500000000000008 3.0049999999999994 3 1.5000000000000002 2.2399999999999998 1.2 1.2 2.9950000000000014 14.995000000000003 21.855000000000004 30.500000000000004 8.5000000000000018
decision_type=2 2 2 2 2 9 2 1 2 9 2 2 2 2 2 2 2 2 2 2 9 2 2 2 2 2 2 2 2 2
left_child=2 4 9 7 14 6 12 -3 16 -1 11 -5 -4 -11 -2 -13 18 -6 -7 20 29 24 23 27 -22 -26 -27 28 -23 -19
right_child=1 3 5 10 17 8 -8 -9 -10 13 -12 15 -14 -15 -16 -17 -18 19 -20 -21 21 22 -24 -25 25 26 -28 -29 -30 -31
leaf_value=0 0 0 -0.00014763840029450383 0 0.0021550156250000002 0 0.00030368654989531944 0 0 0 0 0 0 0 0 -0.00032940002480202348 0 0.017508851595939564 0 0.00015343447737837802 0.00025201501064587336 0 -0.0013332763753138744 0.0019954086622544767 -0.036872589034736981 -2.0106631140415223e-05 4.1836818267071421e-05 0.00049306587532283678 -2.7072851927814062e-05 0.037207495778560605
leaf_weight=92164 2420 5634 748 31704 292 8037 4961 618 65225 7843 35043 11718 9566 4892 33267 10341 1862 471 29464 5218 677 2201 1802 4316 1278 99 216 289 210 224
leaf_count=92164 2420 5634 748 31704 292 8037 4961 618 65225 7843 35043 11718 9566 4892 33267 10341 1862 471 29464 5218 677 2201 1802 4316 1278 99 216 289 210 224
internal_value=0.00212916 -0.000801821 0.00405963 0.00114036 -0.00428652 0.00586461 0.00980046 0.00866123 0.00528834 0.00199716 0.000610882 -0.000601715 0.0141216 0.00572774 -0.0058859 0.00162972 0.00711709 -0.000985948 0.00676115 -0.0012911 -0.00268607 -0.00339701 -0.0050465 -0.00260832 0.00299559 -0.00285625 0.0252381 -0.00966667 -0.0117171 0.00858156
internal_weight=372800 148038 224762 95058 52980 119863 15275 6252 104588 104899 88806 53763 10314 12735 35687 22059 39363 17293 37501 17001 11783 11088 8818 7016 2270 1593 315 2700 2411 695
internal_count=372800 148038 224762 95058 52980 119863 15275 6252 104588 104899 88806 53763 10314 12735 35687 22059 39363 17293 37501 17001 11783 11088 8818 7016 2270 1593 315 2700 2411 695
cat_boundaries=0 1 2 3 4
cat_threshold=46 1 1 40
is_linear=0
shrinkage=0.05


Tree=133
num_leaves=31
num_cat=4
split_feature=1 14 14 2 3 9 14 0 2 9 1 14 2 3 2 2 15 2 14 4 5 9 14 15 2 4 4 12 5 2
split_gain=846.728 405.236 333.969 151.412 108.131 106.762 240.086 86.1611 84.3885 80.7448 80.1341 74.5047 73.1407 66.3671 53.8526 42.3029 40.1751 30.4107 27.5463 23.612 43.6153 23.1639 24.7646 26.3038 23.1606 26.1748 26.1473 26.1702 22.9019 46.1798
threshold=1.0000000180025095e-35 0.099999999999996994 0.95000000000000295 0.98499999999999954 9.7850000000000019 0 2.3000000000000083 1 1.0600000000000016 2 6.5000000000000009 1.7000000000000013 0.98499999999999954 5.9250000000000007 0.79499999999999871 2.0849999999999995 1.0000000180025095e-35 0.58500000000000008 1.600000000000001 -0.039259815759068444 0.11753739745783749 3 2.9999999999999996 1.0000000180025095e-35 1.7850000000000004 -0.55011510741598568 -0.013089595571345017 1.0000000180025095e-35 0.77023320773058968 6.3799999999999981
decision_type=2 2 2 2 2 9 2 1 2 9 2 2 2 2 2 2 2 2 2 2 2 9 2 2 2 2 2 2 2 2
left_child=2 4 9 7 14 6 12 -3 16 -1 11 -5 18 -11 -2 -13 17 -7 -4 21 -21 22 23 -17 25 -8 -27 -28 29 -12
right_child=1 3 5 10 -6 8 24 -9 -10 13 28 15 -14 -15 -16 19 -18 -19 -20 20 -22 -23 -24 -25 -26 26 27 -29 -30 -31
leaf_value=0 0 0 -0.00014025648027977863 0 0 0 0.025345175209985606 0 0 0 0 0 0 0 0 -0.0036866067289296092 0 0 0.004583155726607108 0.00036444537755197078 0.0086001051642752187 0.002129355000262385 -0.00079161976626198065 -0.020306794393917374 -0.00076980640889509773 -0.017055602355823981 0.032248009748637889 -0.0081379441665083256 0 -0.016725612873135509
leaf_weight=92164 2339 5634 431 31704 20234 8037 681 618 65225 7843 28804 11718 9566 4892 30407 1712 1862 29464 317 3728 426 1603 2693 179 3409 312 210 349 4320 1919
leaf_count=92164 2339 5634 431 31704 20234 8037 681 618 65225 7843 28804 11718 9566 4892 30407 1712 1862 29464 317 3728 426 1603 2693 179 3409 312 210 349 4320 1919
internal_value=0.00212352 -0.000812629 0.0040574 0.00114036 -0.00431672 0.00586044 0.00976775 0.00866123 0.00528834 0.00199716 0.000610882 -0.000601715 0.0141216 0.00572774 -0.00609235 0.00162972 0.00711709 0.00676115 -0.000935829 -0.000701093 0.00221473 -0.0026588 -0.00446234 -0.00885775 0.000735739 0.00579897 5.74053e-05 0.00652952 0.00247125 0.00295056
internal_weight=372800 148038 224762 95058 52980 119863 15275 6252 104588 104899 88806 53763 10314 12735 32746 22059 39363 37501 748 10341 4154 6187 4584 1891 4961 1552 871 559 35043 30723
internal_count=372800 148038 224762 95058 52980 119863 15275 6252 104588 104899 88806 53763 10314 12735 32746 22059 39363 37501 748 10341 4154 6187 4584 1891 4961 1552 871 559 35043 30723
cat_boundaries=0 1 2 3 4
cat_threshold=46 1 1 37
is_linear=0
shrinkage=0.05


Tree=134
num_leaves=31
num_cat=4
split_feature=1 14 14 2 9 14 3 0 2 9 1 14 2 3 2 15 2 1 2 9 7 2 2 17 15 2 14 13 4 4
split_gain=840.347 412.297 337.875 149.512 115.368 220.96 108.131 86.1611 84.3885 80.7448 78.9689 80.3267 73.1407 66.3671 53.8526 40.1751 36.5464 30.7646 96.4137 57.6711 35.5431 65.4795 63.1787 35.4783 31.675 30.4107 27.5463 27.0472 25.7225 23.8231
threshold=1.0000000180025095e-35 0.099999999999996994 0.95000000000000295 0.98499999999999954 0 2.3000000000000083 9.7850000000000019 1 1.0600000000000016 2 6.5000000000000009 1.7000000000000013 0.98499999999999954 5.9250000000000007 0.79499999999999871 1.0000000180025095e-35 2.0849999999999995 1.5000000000000002 4.5600000000000014 3 1.0000000180025095e-35 8.3550000000000022 13.040000000000001 2.9000000000000017 1.0000000180025095e-35 0.58500000000000008 1.600000000000001 1.0000000180025095e-35 -0.18008953548299469 0.87777193418473665
decision_type=2 2 2 2 9 2 2 1 2 9 2 2 2 2 2 2 2 2 2 9 2 2 2 2 2 2 2 2 2 2
left_child=2 6 9 7 5 12 14 -3 15 -1 11 -5 26 -11 -2 25 -13 18 23 20 21 28 -22 29 -19 -6 -4 -26 -20 -18
right_child=1 3 4 10 8 -7 -8 -9 -10 13 -12 16 -14 -15 -16 -17 17 24 19 -21 22 -23 -24 -25 27 -27 -28 -29 -30 -31
leaf_value=0 0 0 -0.00013324365626578969 0 0 0.00032699254284530838 0 0 0 0 0 0 0 0 0 0 -0.0029458454909760848 -0.0001405602244648903 -0.00055041329476721024 0.00050234829162579405 0.0053354893478676285 0.0011106050286192048 -0.00029743693690261201 -0.024299849806862197 -0.020124593054502194 0 0.004353997940276755 0.061580384857995919 0.0012187027770546701 0.009942284845544257
leaf_weight=92164 2339 5634 431 31704 8037 4961 20234 618 65225 7843 35043 11718 9566 4892 30407 1862 1205 5182 139 463 283 145 81 331 2006 29464 317 122 110 274
leaf_count=92164 2339 5634 431 31704 8037 4961 20234 618 65225 7843 35043 11718 9566 4892 30407 1862 1205 5182 139 463 283 145 81 331 2006 29464 317 122 110 274
internal_value=0.00214284 -0.000782232 0.00406942 0.0011877 0.00588297 0.00994439 -0.00431672 0.00866123 0.00528834 0.00199716 0.000661554 -0.000542194 0.0141216 0.00572774 -0.00609235 0.00711709 0.00177479 -0.000391645 0.00384362 0.0147011 0.0230469 0.0129442 0.0346154 -0.00348066 -0.00214774 0.00676115 -0.000935829 -0.00728383 -0.00261044 -0.000169033
internal_weight=372800 148038 224762 95058 119863 15275 52980 6252 104588 104899 88806 53763 10314 12735 32746 39363 22059 10341 3031 1221 758 394 364 1810 7310 37501 748 2128 249 1479
internal_count=372800 148038 224762 95058 119863 15275 52980 6252 104588 104899 88806 53763 10314 12735 32746 39363 22059 10341 3031 1221 758 394 364 1810 7310 37501 748 2128 249 1479
cat_boundaries=0 1 2 3 4
cat_threshold=46 1 1 1
is_linear=0
shrinkage=0.05


Tree=135
num_leaves=31
num_cat=4
split_feature=1 14 14 2 9 14 3 0 2 9 1 14 2 3 2 15 2 2 14 2 1 9 13 3 5 2 3 2 4 4
split_gain=840.306 410.251 334.98 150.06 108.961 235.051 108.131 86.1611 84.3885 80.7448 80.2258 77.9351 73.1407 66.3671 53.8526 40.1751 38.8342 30.4107 27.5463 23.8074 145.98 51.7611 26.8521 23.6298 23.4031 38.6994 38.8952 23.0488 25.2642 24.3249
threshold=1.0000000180025095e-35 0.099999999999996994 0.95000000000000295 0.98499999999999954 0 2.3000000000000083 9.7850000000000019 1 1.0600000000000016 2 6.5000000000000009 1.7000000000000013 0.98499999999999954 5.9250000000000007 0.79499999999999871 1.0000000180025095e-35 2.0849999999999995 0.58500000000000008 1.600000000000001 8.0300000000000029 2.5000000000000004 3 1.0000000180025095e-35 140.64500000000001 0.77023320773058968 6.3799999999999981 8.1300000000000026 1.7850000000000004 -0.55011510741598568 -0.013089595571345017
decision_type=2 2 2 2 9 2 2 1 2 9 2 2 2 2 2 2 2 2 2 2 2 9 2 2 2 2 2 2 2 2
left_child=2 6 9 7 5 12 14 -3 15 -1 11 -5 18 -11 -2 17 -13 -6 -4 22 21 23 -18 -21 25 -12 -27 28 -7 -30
right_child=1 3 4 10 8 27 -8 -9 -10 13 24 16 -14 -15 -16 -17 19 -19 -20 20 -22 -23 -24 -25 -26 26 -28 -29 29 -31
leaf_value=0 0 0 -0.0001265814734525002 0 0 0.02406156682234404 0 0 0 0 0 0 0 0 0 0 -0.00076872660212813366 0 0.004136298043262915 0.0046517968897221264 -0.020345316127386298 0.0009033701034774855 0.061964657861938222 0.0092512622285015455 0 0.028358207268041294 -0.023558245048949596 -0.00074766571559260829 -0.016219171865175051 0.017002674536206998
leaf_weight=92164 2339 5634 431 31704 8037 681 20234 618 65225 7843 28804 11718 9566 4892 30407 1862 8721 29464 317 386 692 255 177 110 4320 91 1828 3409 312 559
leaf_count=92164 2339 5634 431 31704 8037 681 20234 618 65225 7843 28804 11718 9566 4892 30407 1862 8721 29464 317 386 692 255 177 110 4320 91 1828 3409 312 559
internal_value=0.00213399 -0.000791013 0.00406052 0.00117402 0.00586628 0.00981354 -0.00431672 0.00866123 0.00528834 0.00199716 0.000646916 -0.000566375 0.0141216 0.00572774 -0.00609235 0.00711709 0.00171585 0.00676115 -0.000935829 -0.000517358 0.00544006 0.0207057 -0.00148348 0.0298419 0.00250835 0.00299287 -0.00388223 0.000876839 0.00592784 0.000287026
internal_weight=372800 148038 224762 95058 119863 15275 52980 6252 104588 104899 88806 53763 10314 12735 32746 39363 22059 37501 748 10341 1443 751 8898 496 35043 30723 1919 4961 1552 871
internal_count=372800 148038 224762 95058 119863 15275 52980 6252 104588 104899 88806 53763 10314 12735 32746 39363 22059 37501 748 10341 1443 751 8898 496 35043 30723 1919 4961 1552 871
cat_boundaries=0 1 2 3 4
cat_threshold=46 1 1 1
is_linear=0
shrinkage=0.05


Tree=136
num_leaves=31
num_cat=5
split_feature=1 14 14 2 9 14 3 0 2 9 1 14 2 3 2 15 2 2 14 1 2 9 2 2 3 7 1 9 3 5
split_gain=840.884 412.455 338.601 149.47 116.998 217.505 108.131 86.1611 84.3885 80.7448 78.629 80.6978 73.1407 66.3671 53.8526 40.1751 36.2006 30.4107 27.5463 23.6763 93.7524 39.4406 32.8037 32.3537 37.5022 33.3735 90.4827 56.3383 30.0249 23.3644
threshold=1.0000000180025095e-35 0.099999999999996994 0.95000000000000295 0.98499999999999954 0 2.3000000000000083 9.7850000000000019 1 1.0600000000000016 2 6.5000000000000009 1.7000000000000013 0.98499999999999954 5.9250000000000007 0.79499999999999871 1.0000000180025095e-35 2.0849999999999995 0.58500000000000008 1.600000000000001 2.5000000000000004 8.0300000000000029 3 5.0050000000000017 3.444999999999999 12.385000000000003 1.0000000180025095e-35 1.5000000000000002 4 20.945000000000004 0.77023320773058968
decision_type=2 2 2 2 9 2 2 1 2 9 2 2 2 2 2 2 2 2 2 2 2 9 2 2 2 2 2 9 2 2
left_child=2 6 9 7 5 12 14 -3 15 -1 11 -5 18 -11 -2 17 -13 -6 -4 20 23 -22 -21 24 -18 -25 27 -27 -24 -12
right_child=1 3 4 10 8 -7 -8 -9 -10 13 29 16 -14 -15 -16 -17 19 -19 -20 22 21 -23 28 25 -26 26 -28 -29 -30 -31
leaf_value=0 0 0 -0.00012025239977987519 0 0 0.00034802620148267341 0 0 0 0 0 0 0 0 0 0 0.0053293826443888536 0 0.0039294831410997709 -0.00027220968980022847 0.0049934617570633333 0.00085820159830360962 0.0079870749948342673 -0.00036021681898716911 -0.021532263592183055 0.0039625134126213268 -0.0080844364472999145 0.031535088125533274 -0.042037097350502921 0
leaf_weight=92164 2339 5634 431 31704 8037 4961 20234 618 65225 7843 30723 11718 9566 4892 30407 1862 546 29464 317 3372 496 255 345 1463 1525 360 519 231 1229 4320
leaf_count=92164 2339 5634 431 31704 8037 4961 20234 618 65225 7843 30723 11718 9566 4892 30407 1862 546 29464 317 3372 496 255 345 1463 1525 360 519 231 1229 4320
internal_value=0.00214445 -0.000781556 0.00407164 0.00118875 0.00588714 0.0099771 -0.00431672 0.00866123 0.00528834 0.00199716 0.00066268 -0.000538474 0.0141216 0.00572774 -0.00609235 0.00711709 0.00178385 0.00676115 -0.000935829 -0.000372304 0.00191844 0.0183089 -0.00287101 -0.000732127 -0.00538387 0.00301205 0.00954955 0.0229272 -0.008831 0.00250549
internal_weight=372800 148038 224762 95058 119863 15275 52980 6252 104588 104899 88806 53763 10314 12735 32746 39363 22059 37501 748 10341 5395 751 4946 4644 2071 2573 1110 591 1574 35043
internal_count=372800 148038 224762 95058 119863 15275 52980 6252 104588 104899 88806 53763 10314 12735 32746 39363 22059 37501 748 10341 5395 751 4946 4644 2071 2573 1110 591 1574 35043
cat_boundaries=0 1 2 3 4 5
cat_threshold=46 1 1 1 1
is_linear=0
shrinkage=0.05


Tree=137
num_leaves=31
num_cat=5
split_feature=1 14 14 2 9 14 3 0 2 9 1 14 2 3 2 15 2 2 2 1 9 14 9 3 2 1 7 2 7 5
split_gain=840.884 412.455 338.601 149.47 116.998 217.505 108.131 86.1611 84.3885 80.7448 78.629 80.6978 73.1407 66.3671 53.8526 40.1751 36.2006 30.4107 27.7867 117.333 32.0489 27.5463 27.2384 37.117 27.3802 56.7076 108.075 57.3635 30.4904 23.3644
threshold=1.0000000180025095e-35 0.099999999999996994 0.95000000000000295 0.98499999999999954 0 2.3000000000000083 9.7850000000000019 1 1.0600000000000016 2 6.5000000000000009 1.7000000000000013 0.98499999999999954 5.9250000000000007 0.79499999999999871 1.0000000180025095e-35 2.0849999999999995 0.58500000000000008 8.0300000000000029 3.5000000000000004 3 1.600000000000001 4 12.385000000000003 3.444999999999999 1.5000000000000002 1.0000000180025095e-35 4.5600000000000014 1.0000000180025095e-35 0.77023320773058968
decision_type=2 2 2 2 9 2 2 1 2 9 2 2 2 2 2 2 2 2 2 2 9 2 9 2 2 2 2 2 2 2
left_child=2 6 9 7 5 12 14 -3 15 -1 11 -5 21 -11 -2 17 -13 -6 22 20 -20 -4 23 -18 -25 26 -26 -28 -27 -12
right_child=1 3 4 10 8 -7 -8 -9 -10 13 29 16 -14 -15 -16 -17 18 -19 19 -21 -22 -23 -24 24 25 28 27 -29 -30 -31
leaf_value=0 0 0 -0.00011423977979088142 0 0 0.00033062489140853971 0 0 0 0 0 0 0 0 0 0 0.012345230330890827 0 0.0033265061898311468 -0.05051107516421615 0.0015426437256603677 0.0037330089840447835 0.0023076804176784807 -0.026340252766507002 -0.00043800261536517396 -0.015514403064989546 4.7708346470654031e-05 0.0043037097293144198 -0.019050428616945038 0
leaf_weight=92164 2339 5634 431 31704 8037 4961 20234 618 65225 7843 30723 11718 9566 4892 30407 1862 805 29464 639 456 348 317 3655 1777 407 1057 140 199 858 4320
leaf_count=92164 2339 5634 431 31704 8037 4961 20234 618 65225 7843 30723 11718 9566 4892 30407 1862 805 29464 639 456 348 317 3655 1777 407 1057 140 199 858 4320
internal_value=0.00214445 -0.000781556 0.00407164 0.00118875 0.00588714 0.0099771 -0.00431672 0.00866123 0.00528834 0.00199716 0.00066268 -0.000538474 0.0141216 0.00572774 -0.00609235 0.00711709 0.00178385 0.00676115 -0.000372304 0.00606376 0.0157548 -0.000935829 -0.00141605 -0.00372168 -0.0055205 -0.00231116 0.00938338 0.030236 -0.00686684 0.00250549
internal_weight=372800 148038 224762 95058 119863 15275 52980 6252 104588 104899 88806 53763 10314 12735 32746 39363 22059 37501 10341 1443 987 748 8898 5243 4438 2661 746 339 1915 35043
internal_count=372800 148038 224762 95058 119863 15275 52980 6252 104588 104899 88806 53763 10314 12735 32746 39363 22059 37501 10341 1443 987 748 8898 5243 4438 2661 746 339 1915 35043
cat_boundaries=0 1 2 3 4 5
cat_threshold=46 1 1 1 1
is_linear=0
shrinkage=0.05


Tree=138
num_leaves=31
num_cat=3
split_feature=1 14 14 2 9 14 3 0 2 9 1 14 2 3 2 15 2 2 14 2 5 2 12 1 4 2 3 14 11 2
split_gain=841.311 410.094 335.702 150.102 110.546 231.487 108.131 86.1611 84.3885 80.7448 80.077 77.9351 73.1407 66.3671 53.8526 40.1751 38.8342 30.4107 27.5463 25.1135 23.3644 39.2514 26.9372 26.2623 23.0583 21.9999 21.8138 21.7517 23.2002 22.9642
threshold=1.0000000180025095e-35 0.099999999999996994 0.95000000000000295 0.98499999999999954 0 2.3000000000000083 9.7850000000000019 1 1.0600000000000016 2 6.5000000000000009 1.7000000000000013 0.98499999999999954 5.9250000000000007 0.79499999999999871 1.0000000180025095e-35 2.0849999999999995 0.58500000000000008 1.600000000000001 1.7850000000000004 0.77023320773058968 6.3799999999999981 1.0000000180025095e-35 14.500000000000002 -0.55011510741598568 6.3100000000000014 105.95500000000001 2.9999999999999996 1.0000000180025095e-35 8.8650000000000038
decision_type=2 2 2 2 9 2 2 1 2 9 2 2 2 2 2 2 2 2 2 2 2 2 2 2 2 2 2 2 2 2
left_child=2 6 9 7 5 12 14 -3 15 -1 11 -5 18 -11 -2 17 -13 -6 -4 24 21 -12 27 -24 -7 -22 -10 28 -23 -29
right_child=1 3 4 10 8 19 -8 -9 26 13 20 16 -14 -15 -16 -17 -18 -19 -20 -21 25 22 23 -25 -26 -27 -28 29 -30 -31
leaf_value=0 0 0 -0.00010852779080133735 0 0 0.022824555926582304 0 0 0 0 0 0 0 0 0 0 -0.00019876499950066131 0 0.0035463585348425421 -0.00074421498445753859 0 -0.016373871485942715 -0.015722264617783224 0.040851116358334098 0.00098412699277051758 0.049171637506212777 0 0.0842304454103322 -0.13512178539104924 -0.070674387533713467
leaf_weight=92164 2339 5634 431 31704 8037 681 20234 618 63484 7843 28804 11718 9566 4892 30407 1862 10341 29464 317 3409 4046 175 634 544 871 274 1741 95 200 271
leaf_count=92164 2339 5634 431 31704 8037 681 20234 618 63484 7843 28804 11718 9566 4892 30407 1862 10341 29464 317 3409 4046 175 634 544 871 274 1741 95 200 271
internal_value=0.00213506 -0.000791689 0.00406274 0.00117297 0.00587045 0.00984625 -0.00431672 0.00866123 0.00528834 0.00199716 0.00064579 -0.000566375 0.0141216 0.00572774 -0.00609235 0.00711709 0.00171585 0.00676115 -0.000935829 0.000977625 0.00250549 0.00298962 -0.00393434 0.000764007 0.00625 -0.0009375 0.00418551 -0.0114035 -0.0198667 -0.00273224
internal_weight=372800 148038 224762 95058 119863 15275 52980 6252 104588 104899 88806 53763 10314 12735 32746 39363 22059 37501 748 4961 35043 30723 1919 1178 1552 4320 65225 741 375 366
internal_count=372800 148038 224762 95058 119863 15275 52980 6252 104588 104899 88806 53763 10314 12735 32746 39363 22059 37501 748 4961 35043 30723 1919 1178 1552 4320 65225 741 375 366
cat_boundaries=0 1 2 3
cat_threshold=46 1 1
is_linear=0
shrinkage=0.05


Tree=139
num_leaves=31
num_cat=3
split_feature=1 14 14 2 9 14 3 0 2 9 1 14 2 3 2 15 2 2 14 5 2 3 3 13 2 3 4 13 5 3
split_gain=843.695 410.566 338.601 149.976 116.998 217.505 108.131 86.1611 84.3885 80.7448 80.2777 78.1178 73.1407 66.3671 53.8526 40.1751 38.6558 30.4107 27.5463 25.0417 35.4697 30.5553 21.8138 21.589 21.4198 26.1656 23.0583 21.2938 20.9218 23.4053
threshold=1.0000000180025095e-35 0.099999999999996994 0.95000000000000295 0.98499999999999954 0 2.3000000000000083 9.7850000000000019 1 1.0600000000000016 2 6.5000000000000009 1.7000000000000013 0.98499999999999954 5.9250000000000007 0.79499999999999871 1.0000000180025095e-35 2.0849999999999995 0.58500000000000008 1.600000000000001 0.77023320773058968 6.3799999999999981 9.4800000000000022 105.95500000000001 1.2500000000000002 1.7850000000000004 96.635000000000005 -0.55011510741598568 1.7500000000000002 0.97859653660919488 20.945000000000004
decision_type=2 2 2 2 9 2 2 1 2 9 2 2 2 2 2 2 2 2 2 2 2 2 2 2 2 2 2 2 2 2
left_child=2 6 9 7 5 12 14 23 15 -1 11 -5 18 -11 -2 17 -13 -6 -4 20 27 -22 -10 -3 26 -26 -7 -12 -8 -30
right_child=1 3 4 10 8 24 28 -9 22 13 19 16 -14 -15 -16 -17 -18 -19 -20 -21 21 -23 -24 -25 25 -27 -28 -29 29 -31
leaf_value=0 0 0 -0.00010310140126127048 0 0 0.021683328130253178 0 0 0 0 0 0 0 0 0 0 -0.00018882674952562796 0 0.0033690406081004157 0 0.004087899334127911 -0.033555068076062657 0 0.14611096894147924 -0.00083624190658828008 0.044360434525366706 0.00093492064313198679 0.1842559854458885 0.0017410071093750001 -0.00029525851562500007
leaf_weight=92164 2339 5442 431 31704 8037 681 19892 618 63484 7843 28645 11718 9566 4892 30407 1862 10341 29464 317 4320 173 1746 1741 192 2899 510 871 159 187 155
leaf_count=92164 2339 5442 431 31704 8037 681 19892 618 63484 7843 28645 11718 9566 4892 30407 1862 10341 29464 317 4320 173 1746 1741 192 2899 510 871 159 187 155
internal_value=0.00214123 -0.000789662 0.00407164 0.00117612 0.00588714 0.0099771 -0.00431672 0.00866123 0.00528834 0.00199716 0.000649168 -0.000564515 0.0141216 0.00572774 -0.00609235 0.00711709 0.00172039 0.00676115 -0.000935829 0.0025112 0.0030124 -0.00356957 0.00418551 0.0106053 0.00138077 -0.000836022 0.00625 0.00345091 -0.00144312 0.0108187
internal_weight=372800 148038 224762 95058 119863 15275 52980 6252 104588 104899 88806 53763 10314 12735 32746 39363 22059 37501 748 35043 30723 1919 65225 5634 4961 3409 1552 28804 20234 342
internal_count=372800 148038 224762 95058 119863 15275 52980 6252 104588 104899 88806 53763 10314 12735 32746 39363 22059 37501 748 35043 30723 1919 65225 5634 4961 3409 1552 28804 20234 342
cat_boundaries=0 1 2 3
cat_threshold=46 1 1
is_linear=0
shrinkage=0.05


Tree=140
num_leaves=31
num_cat=4
split_feature=1 14 14 2 9 14 3 0 2 1 9 14 2 3 2 15 2 2 14 5 2 12 1 2 4 3 13 9 4 14
split_gain=841.369 411.195 337.295 149.807 114.072 223.743 108.131 86.1611 84.3885 80.8746 80.7448 78.1178 73.1407 66.3671 53.8526 40.1751 38.6558 30.4107 27.5463 25.2024 33.3224 28.464 31.8768 23.0456 23.0583 21.8138 21.589 21.5496 21.4594 21.1244
threshold=1.0000000180025095e-35 0.099999999999996994 0.95000000000000295 0.98499999999999954 0 2.3000000000000083 9.7850000000000019 1 1.0600000000000016 6.5000000000000009 2 1.7000000000000013 0.98499999999999954 5.9250000000000007 0.79499999999999871 1.0000000180025095e-35 2.0849999999999995 0.58500000000000008 1.600000000000001 0.77023320773058968 4.6200000000000037 1.0000000180025095e-35 14.500000000000002 1.7850000000000004 -0.55011510741598568 105.95500000000001 1.2500000000000002 3 0.66098293165790345 6.5500000000000016
decision_type=2 2 2 2 9 2 2 1 2 2 9 2 2 2 2 2 2 2 2 2 2 2 2 2 2 2 2 9 2 2
left_child=2 6 10 7 5 12 14 26 15 11 -1 -5 18 -12 -2 17 -13 -6 -4 20 29 28 27 24 -7 -10 -3 -23 -22 -11
right_child=1 3 4 9 8 23 -8 -9 25 19 13 16 -14 -15 -16 -17 -18 -19 -20 -21 21 22 -24 -25 -26 -27 -28 -29 -30 -31
leaf_value=0 0 0 -9.7946331198206962e-05 0 0 0.020599161723740524 0 0 0 0 0 0 0 0 0 0 -0.00017938541204934877 0 0.0032005885776953957 0 -0.040360051794385884 -0.027827350471300551 0.033972675112164584 -0.00066519213990524776 0.00088817461097538968 0 0.13880542049440528 0.015014252291739706 0.025177568660703798 0.14917409831308137
leaf_weight=92164 2339 5442 431 31704 8037 681 20234 618 63484 26824 7843 11718 9566 4892 30407 1862 10341 29464 317 4320 1121 856 1085 3409 871 1741 192 399 213 225
leaf_count=92164 2339 5442 431 31704 8037 681 20234 618 63484 26824 7843 11718 9566 4892 30407 1862 10341 29464 317 4320 1121 856 1085 3409 871 1741 192 399 213 225
internal_value=0.00213989 -0.00078696 0.00406764 0.00118033 0.00587963 0.00991822 -0.00431672 0.00866123 0.00528834 0.000653672 0.00199716 -0.000564515 0.0141216 0.00572774 -0.00609235 0.00711709 0.00172039 0.00676115 -0.000935829 0.00252262 0.00302542 -0.00144257 0.00188034 0.00119935 0.00625 0.00418551 0.0106053 -0.00354582 -0.00727136 0.0036323
internal_weight=372800 148038 224762 95058 119863 15275 52980 6252 104588 88806 104899 53763 10314 12735 32746 39363 22059 37501 748 35043 30723 3674 2340 4961 1552 65225 5634 1255 1334 27049
internal_count=372800 148038 224762 95058 119863 15275 52980 6252 104588 88806 104899 53763 10314 12735 32746 39363 22059 37501 748 35043 30723 3674 2340 4961 1552 65225 5634 1255 1334 27049
cat_boundaries=0 1 2 3 4
cat_threshold=46 1 1 129
is_linear=0
shrinkage=0.05


Tree=141
num_leaves=31
num_cat=3
split_feature=1 14 14 2 9 14 3 0 2 1 9 14 2 3 2 15 2 2 14 5 2 3 2 4 3 13 13 5 3 3
split_gain=840.901 411.51 337.295 149.723 114.072 223.743 108.131 86.1611 84.3885 81.1739 80.7448 78.1178 73.1407 66.3671 53.8526 40.1751 38.6558 30.4107 27.5463 25.2829 32.6302 41.8055 23.0456 23.0583 21.8138 21.6488 21.589 20.9218 23.4053 21.3353
threshold=1.0000000180025095e-35 0.099999999999996994 0.95000000000000295 0.98499999999999954 0 2.3000000000000083 9.7850000000000019 1 1.0600000000000016 6.5000000000000009 2 1.7000000000000013 0.98499999999999954 5.9250000000000007 0.79499999999999871 1.0000000180025095e-35 2.0849999999999995 0.58500000000000008 1.600000000000001 0.77023320773058968 8.2100000000000026 9.4800000000000022 1.7850000000000004 -0.55011510741598568 105.95500000000001 1.7500000000000002 1.2500000000000002 0.97859653660919488 20.945000000000004 54.750000000000007
decision_type=2 2 2 2 9 2 2 1 2 2 9 2 2 2 2 2 2 2 2 2 2 2 2 2 2 2 2 2 2 2
left_child=2 6 10 7 5 12 14 26 15 11 -1 -5 18 -12 -2 17 -13 -6 -4 20 25 -22 23 -7 -10 -11 -3 29 -29 -8
right_child=1 3 4 9 8 22 27 -9 24 19 13 16 -14 -15 -16 -17 -18 -19 -20 -21 21 -23 -24 -25 -26 -27 -28 28 -30 -31
leaf_value=0 0 0 -9.304901463829662e-05 0 0 0.019569203637553503 0 0 0 0 0 0 0 0 0 0 -0.00017041614144688302 0 0.0030405591488106287 0 0.0058231186824018307 -0.050543562771001631 -0.00063193253290998533 0.00084376588042661682 0 0.16889735361781008 0.13186514946968503 0.0016539567539062502 -0.00028049558984375009 0.0079066792090238154
leaf_weight=92164 2339 5442 431 31704 8037 681 19769 618 63484 29240 7843 11718 9566 4892 30407 1862 10341 29464 317 4320 162 1159 3409 871 1741 162 192 187 155 123
leaf_count=92164 2339 5442 431 31704 8037 681 19769 618 63484 29240 7843 11718 9566 4892 30407 1862 10341 29464 317 4320 162 1159 3409 871 1741 162 192 187 155 123
internal_value=0.00214042 -0.000785609 0.00406764 0.00118244 0.00587963 0.00991822 -0.00431672 0.00866123 0.00528834 0.000655924 0.00199716 -0.000564515 0.0141216 0.00572774 -0.00609235 0.00711709 0.00172039 0.00676115 -0.000935829 0.00252832 0.00303193 -0.00465556 0.00119935 0.00625 0.00418551 0.00337732 0.0106053 -0.00144312 0.0108187 -0.00165393
internal_weight=372800 148038 224762 95058 119863 15275 52980 6252 104588 88806 104899 53763 10314 12735 32746 39363 22059 37501 748 35043 30723 1321 4961 1552 65225 29402 5634 20234 342 19892
internal_count=372800 148038 224762 95058 119863 15275 52980 6252 104588 88806 104899 53763 10314 12735 32746 39363 22059 37501 748 35043 30723 1321 4961 1552 65225 29402 5634 20234 342 19892
cat_boundaries=0 1 2 3
cat_threshold=46 1 1
is_linear=0
shrinkage=0.05


Tree=142
num_leaves=31
num_cat=3
split_feature=1 14 14 2 9 14 3 0 2 1 9 14 2 3 2 15 2 2 14 5 2 12 1 2 2 4 5 3 3 13
split_gain=839.422 412.297 337.005 149.512 113.427 225.141 108.131 86.1611 84.3885 81.6762 80.7448 78.3007 73.1407 66.3671 53.8526 40.1751 38.4777 30.4107 27.5463 25.4443 31.2122 24.3615 26.4451 22.4856 22.2446 21.9686 21.9315 22.2701 21.8138 21.589
threshold=1.0000000180025095e-35 0.099999999999996994 0.95000000000000295 0.98499999999999954 0 2.3000000000000083 9.7850000000000019 1 1.0600000000000016 6.5000000000000009 2 1.7000000000000013 0.98499999999999954 5.9250000000000007 0.79499999999999871 1.0000000180025095e-35 2.0849999999999995 0.58500000000000008 1.600000000000001 0.77023320773058968 4.6200000000000037 1.0000000180025095e-35 14.500000000000002 8.8650000000000038 1.7850000000000004 -0.55011510741598568 0.97859653660919488 20.945000000000004 105.95500000000001 1.2500000000000002
decision_type=2 2 2 2 9 2 2 1 2 2 9 2 2 2 2 2 2 2 2 2 2 2 2 2 2 2 2 2 2 2
left_child=2 6 10 7 5 12 14 29 15 11 -1 -5 18 -12 -2 17 -13 -6 -4 20 -11 23 -23 -22 25 -7 -8 -28 -10 -3
right_child=1 3 4 9 8 24 26 -9 28 19 13 16 -14 -15 -16 -17 -18 -19 -20 -21 21 22 -24 -25 -26 -27 27 -29 -30 -31
leaf_value=0 0 0 -8.8396563906381793e-05 0 0 0.01859074345567582 0 0 0 0 0 0 0 0 0 0 -0.00016189533437453997 0 0.0028885311913700975 0 -0.0093909122527629021 -0.01080083329229059 0.033174976175427452 -0.082701405394146277 -0.00060033590626448611 0.00080157758640528884 0.0015712589162109377 -0.00026647081035156259 0 0.12527189199620076
leaf_weight=92164 2339 5442 431 31704 8037 681 19892 618 63484 27049 7843 11718 9566 4892 30407 1862 10341 29464 317 4320 855 1255 1085 479 3409 871 187 155 1741 192
leaf_count=92164 2339 5442 431 31704 8037 681 19892 618 63484 27049 7843 11718 9566 4892 30407 1862 10341 29464 317 4320 855 1255 1085 479 3409 871 187 155 1741 192
internal_value=0.00214123 -0.000782232 0.00406675 0.0011877 0.00587796 0.00990514 -0.00431672 0.00866123 0.00528834 0.000661554 0.00199716 -0.000562655 0.0141216 0.00572774 -0.00609235 0.00711709 0.00172492 0.00676115 -0.000935829 0.00253974 0.00304495 -0.00127926 0.00179487 -0.00667166 0.00115904 0.00612113 -0.00144312 0.0111111 0.00418551 0.0106053
internal_weight=372800 148038 224762 95058 119863 15275 52980 6252 104588 88806 104899 53763 10314 12735 32746 39363 22059 37501 748 35043 30723 3674 2340 1334 4961 1552 20234 342 65225 5634
internal_count=372800 148038 224762 95058 119863 15275 52980 6252 104588 88806 104899 53763 10314 12735 32746 39363 22059 37501 748 35043 30723 3674 2340 1334 4961 1552 20234 342 65225 5634
cat_boundaries=0 1 2 3
cat_threshold=46 1 1
is_linear=0
shrinkage=0.05


Tree=143
num_leaves=31
num_cat=4
split_feature=1 14 14 2 9 14 3 0 2 1 9 14 2 3 2 15 2 2 14 5 2 5 3 3 14 14 12 9 5 8
split_gain=839.588 411.667 336.281 149.041 111.822 228.656 108.131 86.0056 84.3885 81.2261 80.7448 78.3007 73.1407 66.3671 53.8526 40.1751 38.4777 30.4107 27.5463 25.3232 32.2587 21.9315 22.2701 21.8138 21.1244 24.7921 21.0364 26.4605 21.5827 21.9783
threshold=1.0000000180025095e-35 0.099999999999996994 0.95000000000000295 0.98499999999999954 0 2.3000000000000083 9.7850000000000019 1 1.0600000000000016 6.5000000000000009 2 1.7000000000000013 0.98499999999999954 5.9250000000000007 0.79499999999999871 1.0000000180025095e-35 2.0849999999999995 0.58500000000000008 1.600000000000001 0.77023320773058968 4.6200000000000037 0.97859653660919488 20.945000000000004 105.95500000000001 6.5500000000000016 5.9500000000000037 1.0000000180025095e-35 3 -0.12186934340514737 1.0000000180025095e-35
decision_type=2 2 2 2 9 2 2 1 2 2 9 2 2 2 2 2 2 2 2 2 2 2 2 2 2 2 2 9 2 2
left_child=2 6 10 7 5 12 14 -3 15 11 -1 -5 18 -12 -2 17 -13 -6 -4 20 24 -8 -23 -10 25 -11 -22 28 -28 -30
right_child=1 3 4 9 8 -7 21 -9 23 19 13 16 -14 -15 -16 -17 -18 -19 -20 -21 26 22 -24 -25 -26 -27 27 -29 29 -31
leaf_value=0 0 0 -8.3976735711062693e-05 0 0 0.00043222537600830159 0 0 0 0 0 0 0 0 0 0 -0.0001538005676558152 0 0.0027441046318015918 0 -0.02697685656527193 0.0014926959704003907 -0.00025314726983398448 0 0.13426552937131558 -0.002778468973764272 -0.02641963790704124 0.03353357786759853 -0.014906725377656999 0.058710078739567788
leaf_weight=92164 2339 5634 431 31704 8037 4961 19892 618 63484 26560 7843 11718 9566 4892 30407 1862 10341 29464 317 4320 1334 187 155 1741 225 264 847 1008 124 361
leaf_count=92164 2339 5634 431 31704 8037 4961 19892 618 63484 26560 7843 11718 9566 4892 30407 1862 10341 29464 317 4320 1334 187 155 1741 225 264 847 1008 124 361
internal_value=0.00213881 -0.000784934 0.00406452 0.00118349 0.00587379 0.00987242 -0.00431672 0.00864523 0.00528834 0.000658176 0.00199716 -0.000562655 0.0141216 0.00572774 -0.00609235 0.00711709 0.00172492 0.00676115 -0.000935829 0.00253118 0.00303519 -0.00144312 0.0111111 0.00418551 0.0036323 0.00350432 -0.00136091 0.00149573 -0.00312966 0.00525773
internal_weight=372800 148038 224762 95058 119863 15275 52980 6252 104588 88806 104899 53763 10314 12735 32746 39363 22059 37501 748 35043 30723 20234 342 65225 27049 26824 3674 2340 1332 485
internal_count=372800 148038 224762 95058 119863 15275 52980 6252 104588 88806 104899 53763 10314 12735 32746 39363 22059 37501 748 35043 30723 20234 342 65225 27049 26824 3674 2340 1332 485
cat_boundaries=0 1 2 3 4
cat_threshold=46 1 1 1
is_linear=0
shrinkage=0.05


Tree=144
num_leaves=31
num_cat=3
split_feature=1 14 14 2 9 14 3 0 2 9 1 14 2 3 2 15 2 2 14 5 2 1 3 3 3 4 2 11 3 1
split_gain=841.46 411.287 336.281 149.293 111.822 228.656 107.672 86.0056 84.3885 80.7448 80.3295 78.3007 73.1407 66.3671 53.8526 40.1751 38.4777 30.4107 27.5463 25.0818 33.5832 21.9427 28.018 21.8138 20.7971 40.3871 47.7829 28.2076 23.2232 27.444
threshold=1.0000000180025095e-35 0.099999999999996994 0.95000000000000295 0.98499999999999954 0 2.3000000000000083 9.7850000000000019 1 1.0600000000000016 2 6.5000000000000009 1.7000000000000013 0.98499999999999954 5.9250000000000007 0.79499999999999871 1.0000000180025095e-35 2.0849999999999995 0.58500000000000008 1.600000000000001 0.77023320773058968 4.6200000000000037 14.500000000000002 33.140000000000008 105.95500000000001 6.9850000000000003 -0.25671049665402423 1.9949999999999994 1.0000000180025095e-35 5.9250000000000007 2.5000000000000004
decision_type=2 2 2 2 9 2 2 1 2 9 2 2 2 2 2 2 2 2 2 2 2 2 2 2 2 2 2 2 2 2
left_child=2 6 9 7 5 12 14 -3 15 -1 11 24 18 -11 -2 17 -13 -6 -4 20 -12 -22 -23 -10 25 26 -5 -28 29 -29
right_child=1 3 4 10 8 -7 -8 -9 23 13 19 16 -14 -15 -16 -17 -18 -19 -20 -21 21 22 -24 -25 -26 -27 27 28 -30 -31
leaf_value=0 0 0 -7.9777898925509556e-05 0 0 0.00041061410720788646 0 0 0 0 0 0 0 0 0 0 -0.00014611053927302554 0 0.00260689940021151 0 -0.018136646451344392 -0.0056901296685495763 0.060391898931397139 0 0 0 2.6780591414416373e-05 -0.043164637268111566 2.6780591414416373e-05 2.6780591414416373e-05
leaf_weight=92164 2339 5634 431 1283 8037 4961 20234 618 63484 7843 27049 11718 9566 4892 30407 1862 10341 29464 317 4320 1910 1107 657 1741 27685 1915 255 139 298 129
leaf_count=92164 2339 5634 431 1283 8037 4961 20234 618 63484 7843 27049 11718 9566 4892 30407 1862 10341 29464 317 4320 1910 1107 657 1741 27685 1915 255 139 298 129
internal_value=0.00213667 -0.000790338 0.00406452 0.00117718 0.00587379 0.00987242 -0.0043205 0.00864523 0.00528834 0.00199716 0.00065142 -0.000562655 0.0141216 0.00572774 -0.00609235 0.00711709 0.00172492 0.00676115 -0.000935829 0.00251405 0.00301566 -0.00146979 0.00255102 0.00418551 -0.0021543 0.00120677 0.00598859 0.015408 0.00918728 -0.00149254
internal_weight=372800 148038 224762 95058 119863 15275 52980 6252 104588 104899 88806 53763 10314 12735 32746 39363 22059 37501 748 35043 30723 3674 1764 65225 31704 4019 2104 821 566 268
internal_count=372800 148038 224762 95058 119863 15275 52980 6252 104588 104899 88806 53763 10314 12735 32746 39363 22059 37501 748 35043 30723 3674 1764 65225 31704 4019 2104 821 566 268
cat_boundaries=0 1 2 3
cat_threshold=46 1 1
is_linear=0
shrinkage=0.05


Tree=145
num_leaves=31
num_cat=3
split_feature=1 14 14 2 9 14 3 0 2 1 9 14 2 3 2 15 2 2 14 5 2 3 3 4 2 11 3 1 2 1
split_gain=839.822 412.39 336.281 148.999 111.822 228.656 107.672 86.0056 84.3885 81.1284 80.7448 78.1734 73.1407 66.3671 53.8526 40.1751 38.4777 30.4107 27.5463 25.3232 31.4647 21.8138 21.0669 40.7705 48.5395 27.7121 22.3767 26.2247 21.9046 79.9128
threshold=1.0000000180025095e-35 0.099999999999996994 0.95000000000000295 0.98499999999999954 0 2.3000000000000083 9.7850000000000019 1 1.0600000000000016 6.5000000000000009 2 1.7000000000000013 0.98499999999999954 5.9250000000000007 0.79499999999999871 1.0000000180025095e-35 2.0849999999999995 0.58500000000000008 1.600000000000001 0.77023320773058968 4.6200000000000037 105.95500000000001 6.9850000000000003 -0.25671049665402423 1.9949999999999994 1.0000000180025095e-35 5.9250000000000007 2.5000000000000004 8.8650000000000038 2.5000000000000004
decision_type=2 2 2 2 9 2 2 1 2 2 9 2 2 2 2 2 2 2 2 2 2 2 2 2 2 2 2 2 2 2
left_child=2 6 10 7 5 12 14 -3 15 11 -1 22 18 -12 -2 17 -13 -6 -4 20 -11 -10 23 24 -5 -26 27 -27 -24 -30
right_child=1 3 4 9 8 -7 -8 -9 21 19 13 16 -14 -15 -16 -17 -18 -19 -20 -21 -22 -23 28 -25 25 26 -28 -29 29 -31
leaf_value=0 0 0 -7.5789003979234086e-05 0 0 0.00039008340184749213 0 0 0 0 0 0 0 0 0 0 -0.00013880501230937315 0 0.0024765544302009336 0 -0.0042941324956550899 0 0 0 2.5441561843695553e-05 -0.041006405404705987 2.5441561843695553e-05 2.5441561843695553e-05 0.0076854002857346454 -0.032073948672043176
leaf_weight=92164 2339 5634 431 1283 8037 4961 20234 618 63484 27049 7843 11718 9566 4892 30407 1862 10341 29464 317 4320 3674 1741 27077 1915 255 139 298 129 310 298
leaf_count=92164 2339 5634 431 1283 8037 4961 20234 618 63484 27049 7843 11718 9566 4892 30407 1862 10341 29464 317 4320 3674 1741 27077 1915 255 139 298 129 310 298
internal_value=0.00213855 -0.000785609 0.00406452 0.00118454 0.00587379 0.00987242 -0.0043205 0.00864523 0.00528834 0.000659302 0.00199716 -0.000560795 0.0141216 0.00572774 -0.00609235 0.00711709 0.00172492 0.00676115 -0.000935829 0.00253118 0.00303519 0.00418551 -0.00215115 0.00123165 0.00603612 0.0155298 0.00936396 -0.0011194 -0.00264223 0.00674342
internal_weight=372800 148038 224762 95058 119863 15275 52980 6252 104588 88806 104899 53763 10314 12735 32746 39363 22059 37501 748 35043 30723 65225 31704 4019 2104 821 566 268 27685 608
internal_count=372800 148038 224762 95058 119863 15275 52980 6252 104588 88806 104899 53763 10314 12735 32746 39363 22059 37501 748 35043 30723 65225 31704 4019 2104 821 566 268 27685 608
cat_boundaries=0 1 2 3
cat_threshold=46 1 1
is_linear=0
shrinkage=0.05


Tree=146
num_leaves=31
num_cat=3
split_feature=1 14 14 2 9 14 3 0 2 1 9 14 2 3 2 15 2 2 14 5 2 3 3 4 2 11 3 1 2 1
split_gain=839.12 412.863 336.281 148.873 111.822 228.656 107.672 86.0056 84.3885 81.3305 80.7448 78.3564 73.1407 66.3671 53.8526 40.1751 38.3001 30.4107 27.5463 25.4039 30.7739 21.8138 21.0669 40.7705 48.5395 27.7121 22.3767 26.2247 21.9046 79.9128
threshold=1.0000000180025095e-35 0.099999999999996994 0.95000000000000295 0.98499999999999954 0 2.3000000000000083 9.7850000000000019 1 1.0600000000000016 6.5000000000000009 2 1.7000000000000013 0.98499999999999954 5.9250000000000007 0.79499999999999871 1.0000000180025095e-35 2.0849999999999995 0.58500000000000008 1.600000000000001 0.77023320773058968 4.6200000000000037 105.95500000000001 6.9850000000000003 -0.25671049665402423 1.9949999999999994 1.0000000180025095e-35 5.9250000000000007 2.5000000000000004 8.8650000000000038 2.5000000000000004
decision_type=2 2 2 2 9 2 2 1 2 2 9 2 2 2 2 2 2 2 2 2 2 2 2 2 2 2 2 2 2 2
left_child=2 6 10 7 5 12 14 -3 15 11 -1 22 18 -12 -2 17 -13 -6 -4 20 -11 -10 23 24 -5 -26 27 -27 -24 -30
right_child=1 3 4 9 8 -7 -8 -9 21 19 13 16 -14 -15 -16 -17 -18 -19 -20 -21 -22 -23 28 -25 25 26 -28 -29 29 -31
leaf_value=0 0 0 -7.1999553780272384e-05 0 0 0.00037057923175511749 0 0 0 0 0 0 0 0 0 0 -0.00013186476169390615 0 0.0023527267086908888 0 -0.0040794258708723328 0 0 0 2.4169483751510778e-05 -0.038956085134470686 2.4169483751510778e-05 2.4169483751510778e-05 0.0073011302714479087 -0.030470251238441017
leaf_weight=92164 2339 5634 431 1283 8037 4961 20234 618 63484 27049 7843 11718 9566 4892 30407 1862 10341 29464 317 4320 3674 1741 27077 1915 255 139 298 129 310 298
leaf_count=92164 2339 5634 431 1283 8037 4961 20234 618 63484 27049 7843 11718 9566 4892 30407 1862 10341 29464 317 4320 3674 1741 27077 1915 255 139 298 129 310 298
internal_value=0.00213935 -0.000783583 0.00406452 0.0011877 0.00587379 0.00987242 -0.0043205 0.00864523 0.00528834 0.00066268 0.00199716 -0.000558935 0.0141216 0.00572774 -0.00609235 0.00711709 0.00172945 0.00676115 -0.000935829 0.00253688 0.0030417 0.00418551 -0.00215115 0.00123165 0.00603612 0.0155298 0.00936396 -0.0011194 -0.00264223 0.00674342
internal_weight=372800 148038 224762 95058 119863 15275 52980 6252 104588 88806 104899 53763 10314 12735 32746 39363 22059 37501 748 35043 30723 65225 31704 4019 2104 821 566 268 27685 608
internal_count=372800 148038 224762 95058 119863 15275 52980 6252 104588 88806 104899 53763 10314 12735 32746 39363 22059 37501 748 35043 30723 65225 31704 4019 2104 821 566 268 27685 608
cat_boundaries=0 1 2 3
cat_threshold=46 1 1
is_linear=0
shrinkage=0.05


Tree=147
num_leaves=31
num_cat=4
split_feature=1 14 14 2 9 14 3 0 2 1 9 14 2 3 2 15 2 2 5 2 0 14 3 3 4 2 11 3 1 12
split_gain=838.892 412.705 335.847 148.915 110.864 227.639 107.672 86.0056 84.3885 81.6762 80.7448 78.6113 76.7991 66.3671 53.8526 40.1751 38.3001 30.4107 25.4443 30.4313 25.2135 26.2627 21.8138 21.1455 40.7705 48.5395 27.7121 22.3767 26.2247 20.9204
threshold=1.0000000180025095e-35 0.099999999999996994 0.95000000000000295 0.98499999999999954 0 2.3000000000000083 9.7850000000000019 1 1.0600000000000016 6.5000000000000009 2 1.7000000000000013 0.98499999999999954 5.9250000000000007 0.79499999999999871 1.0000000180025095e-35 2.0849999999999995 0.58500000000000008 0.77023320773058968 4.6200000000000037 3 1.600000000000001 105.95500000000001 6.9850000000000003 -0.25671049665402423 1.9949999999999994 1.0000000180025095e-35 5.9250000000000007 2.5000000000000004 1.0000000180025095e-35
decision_type=2 2 2 2 9 2 2 1 2 2 9 2 2 2 2 2 2 2 2 2 1 2 2 2 2 2 2 2 2 2
left_child=2 6 10 7 5 12 14 -3 15 11 -1 23 20 -12 -2 17 -13 -6 19 -11 21 -4 -10 24 25 -5 -27 28 -28 -21
right_child=1 3 4 9 8 -7 -8 -9 22 18 13 16 -14 -15 -16 -17 -18 -19 -20 29 -22 -23 -24 -25 -26 26 27 -29 -30 -31
leaf_value=0 0 0 -6.8399576091258756e-05 0 0 0.00035205027016736159 0 0 0 0 0 0 0 0 0 0 -0.00012527152360921058 0 0 -0.024616042146999455 -6.8399576091258756e-05 0.0027435590085624463 0 0 0 2.2961009563935238e-05 -0.037008280877747157 2.2961009563935238e-05 2.2961009563935238e-05 0.0045541718433511165
leaf_weight=92164 2339 5634 358 1283 8037 4961 20234 618 63484 27049 7843 11718 9566 4892 30407 1862 10341 29464 4320 1334 122 268 1741 27685 1915 255 139 298 129 2340
leaf_count=92164 2339 5634 358 1283 8037 4961 20234 618 63484 27049 7843 11718 9566 4892 30407 1862 10341 29464 4320 1334 122 268 1741 27685 1915 255 139 298 129 2340
internal_value=0.00213828 -0.000784258 0.00406319 0.00118664 0.00587129 0.0098528 -0.0043205 0.00864523 0.00528834 0.000661554 0.00199716 -0.000562655 0.0140925 0.00572774 -0.00609235 0.00711709 0.00172945 0.00676115 0.00253974 0.00304495 -0.0013369 0.00271565 0.00418551 -0.00215746 0.00123165 0.00603612 0.0155298 0.00936396 -0.0011194 -0.00122482
internal_weight=372800 148038 224762 95058 119863 15275 52980 6252 104588 88806 104899 53763 10314 12735 32746 39363 22059 37501 35043 30723 748 626 65225 31704 4019 2104 821 566 268 3674
internal_count=372800 148038 224762 95058 119863 15275 52980 6252 104588 88806 104899 53763 10314 12735 32746 39363 22059 37501 35043 30723 748 626 65225 31704 4019 2104 821 566 268 3674
cat_boundaries=0 1 2 3 4
cat_threshold=46 1 1 1
is_linear=0
shrinkage=0.05


Tree=148
num_leaves=31
num_cat=4
split_feature=1 14 14 2 9 14 3 0 2 1 9 14 2 3 2 15 2 2 5 2 0 14 3 3 4 2 11 3 1 2
split_gain=838.658 412.863 335.847 148.873 110.864 227.639 107.672 86.0056 84.3885 81.8266 80.7448 78.6113 76.7991 66.3671 53.8526 40.1751 38.3001 30.4107 25.4847 30.0907 25.2135 26.2627 21.8138 21.1455 40.7705 48.5395 27.7121 22.3767 26.2247 20.4287
threshold=1.0000000180025095e-35 0.099999999999996994 0.95000000000000295 0.98499999999999954 0 2.3000000000000083 9.7850000000000019 1 1.0600000000000016 6.5000000000000009 2 1.7000000000000013 0.98499999999999954 5.9250000000000007 0.79499999999999871 1.0000000180025095e-35 2.0849999999999995 0.58500000000000008 0.77023320773058968 4.6200000000000037 3 1.600000000000001 105.95500000000001 6.9850000000000003 -0.25671049665402423 1.9949999999999994 1.0000000180025095e-35 5.9250000000000007 2.5000000000000004 8.8650000000000038
decision_type=2 2 2 2 9 2 2 1 2 2 9 2 2 2 2 2 2 2 2 2 1 2 2 2 2 2 2 2 2 2
left_child=2 6 10 7 5 12 14 -3 15 11 -1 23 20 -12 -2 17 -13 -6 19 -11 21 -4 -10 24 25 -5 -27 28 -28 -25
right_child=1 3 4 9 8 -7 -8 -9 22 18 13 16 -14 -15 -16 -17 -18 -19 -20 -21 -22 -23 -24 29 -26 26 27 -29 -30 -31
leaf_value=0 0 0 -6.4979597286695827e-05 0 0 0.00033444775665899352 0 0 0 0 0 0 0 0 0 0 -0.00011900794742875087 0 0 -0.0033676462299694803 -6.4979597286695827e-05 0.0026063810581343216 0 0 0 2.1812959085738475e-05 -0.035157866833859797 2.1812959085738475e-05 2.1812959085738475e-05 0.0053620832732567238
leaf_weight=92164 2339 5634 358 1283 8037 4961 20234 618 63484 27049 7843 11718 9566 4892 30407 1862 10341 29464 4320 3674 122 268 1741 27077 1915 255 139 298 129 608
leaf_count=92164 2339 5634 358 1283 8037 4961 20234 618 63484 27049 7843 11718 9566 4892 30407 1862 10341 29464 4320 3674 122 268 1741 27077 1915 255 139 298 129 608
internal_value=0.00213855 -0.000783583 0.00406319 0.0011877 0.00587129 0.0098528 -0.0043205 0.00864523 0.00528834 0.00066268 0.00199716 -0.000562655 0.0140925 0.00572774 -0.00609235 0.00711709 0.00172945 0.00676115 0.00254259 0.0030482 -0.0013369 0.00271565 0.00418551 -0.00215746 0.00123165 0.00603612 0.0155298 0.00936396 -0.0011194 -0.00264945
internal_weight=372800 148038 224762 95058 119863 15275 52980 6252 104588 88806 104899 53763 10314 12735 32746 39363 22059 37501 35043 30723 748 626 65225 31704 4019 2104 821 566 268 27685
internal_count=372800 148038 224762 95058 119863 15275 52980 6252 104588 88806 104899 53763 10314 12735 32746 39363 22059 37501 35043 30723 748 626 65225 31704 4019 2104 821 566 268 27685
cat_boundaries=0 1 2 3 4
cat_threshold=46 1 1 1
is_linear=0
shrinkage=0.05


Tree=149
num_leaves=31
num_cat=4
split_feature=1 14 14 2 3 9 14 0 2 1 9 14 2 3 2 15 2 2 5 2 0 14 2 4 4 12 3 3 4 2
split_gain=835.581 412.863 332.96 148.873 107.672 104.585 241.938 86.0056 84.3885 82.3241 80.7448 79.1785 76.7991 66.3671 53.8526 40.1751 38.1229 30.4107 25.5657 29.4152 25.2135 26.2627 23.9041 24.123 24.3249 26.1702 21.8138 21.2637 40.7705 48.5395
threshold=1.0000000180025095e-35 0.099999999999996994 0.95000000000000295 0.98499999999999954 9.7850000000000019 0 2.3000000000000083 1 1.0600000000000016 6.5000000000000009 2 1.7000000000000013 0.98499999999999954 5.9250000000000007 0.79499999999999871 1.0000000180025095e-35 2.0849999999999995 0.58500000000000008 0.77023320773058968 4.6200000000000037 3 1.600000000000001 1.7850000000000004 -0.55011510741598568 -0.013089595571345017 1.0000000180025095e-35 105.95500000000001 6.9850000000000003 -0.25671049665402423 1.9949999999999994
decision_type=2 2 2 2 2 9 2 1 2 2 9 2 2 2 2 2 2 2 2 2 1 2 2 2 2 2 2 2 2 2
left_child=2 4 10 7 14 6 12 -3 15 11 -1 27 20 -12 -2 17 -13 -7 19 -11 21 -4 23 -8 -25 -26 -10 28 29 -5
right_child=1 3 5 9 -6 8 22 -9 26 18 13 16 -14 -15 -16 -17 -18 -19 -20 -21 -22 -23 -24 24 25 -27 -28 -29 -30 -31
leaf_value=0 0 0 -6.1730617422361034e-05 0 0 0 0.017546706275709756 0 0 0 0 0 0 0 0 0 -0.00011305755005731611 0 0 -0.0031992639184710071 -6.1730617422361034e-05 0.0024760620052276085 -0.0006848191181335196 -0.015779274119428605 0.029398065059741064 -0.0089685911596478311 0 0 0 2.0722311131451551e-05
leaf_weight=92164 2339 5634 358 1283 20234 8037 681 618 63484 27049 7843 11718 9566 4892 30407 1862 10341 29464 4320 3674 122 268 3409 312 210 349 1741 27685 1915 821
leaf_count=92164 2339 5634 358 1283 20234 8037 681 618 63484 27049 7843 11718 9566 4892 30407 1862 10341 29464 4320 3674 122 268 3409 312 210 349 1741 27685 1915 821
internal_value=0.00213318 -0.000783583 0.00405429 0.0011877 -0.0043205 0.0058546 0.00972195 0.00864523 0.00528834 0.00066268 0.00199716 -0.000566375 0.0140925 0.00572774 -0.00609235 0.00711709 0.00173399 0.00676115 0.0025483 0.00305471 -0.0013369 0.00271565 0.00065511 0.00579897 0.000287026 0.00652952 0.00418551 -0.00216692 0.00123165 0.00603612
internal_weight=372800 148038 224762 95058 52980 119863 15275 6252 104588 88806 104899 53763 10314 12735 32746 39363 22059 37501 35043 30723 748 626 4961 1552 871 559 65225 31704 4019 2104
internal_count=372800 148038 224762 95058 52980 119863 15275 6252 104588 88806 104899 53763 10314 12735 32746 39363 22059 37501 35043 30723 748 626 4961 1552 871 559 65225 31704 4019 2104
cat_boundaries=0 1 2 3 4
cat_threshold=46 1 1 1
is_linear=0
shrinkage=0.05


Tree=150
num_leaves=31
num_cat=4
split_feature=1 14 14 2 9 14 3 0 2 1 14 9 2 3 2 15 2 2 5 2 0 14 2 4 3 3 4 2 11 3
split_gain=835.457 415.548 336.571 148.16 112.462 224.132 107.672 86.0056 84.3885 81.4027 81.7758 80.7448 76.7991 66.3671 53.8526 40.1751 35.685 30.4107 25.6874 28.4164 25.2135 26.2627 22.2446 21.9686 21.8138 21.2637 40.7705 48.5395 27.7121 22.3767
threshold=1.0000000180025095e-35 0.099999999999996994 0.95000000000000295 0.98499999999999954 0 2.3000000000000083 9.7850000000000019 1 1.0600000000000016 6.5000000000000009 1.7000000000000013 2 0.98499999999999954 5.9250000000000007 0.79499999999999871 1.0000000180025095e-35 2.0849999999999995 0.58500000000000008 0.77023320773058968 4.6200000000000037 3 1.600000000000001 1.7850000000000004 -0.55011510741598568 105.95500000000001 6.9850000000000003 -0.25671049665402423 1.9949999999999994 1.0000000180025095e-35 5.9250000000000007
decision_type=2 2 2 2 9 2 2 1 2 2 2 9 2 2 2 2 2 2 2 2 1 2 2 2 2 2 2 2 2 2
left_child=2 6 11 7 5 12 14 -3 15 10 25 -1 20 -13 -2 17 -12 -6 19 -11 21 -4 23 -7 -10 26 27 -5 -29 -30
right_child=1 3 4 9 8 22 -8 -9 24 18 16 13 -14 -15 -16 -17 -18 -19 -20 -21 -22 -23 -24 -25 -26 -27 -28 28 29 -31
leaf_value=0 0 0 -5.8644086551242989e-05 0 0 0.016669370961924269 0 0 0 0 0 0 0 0 0 0 -0.00010740467255445086 0 0 -0.0030393007225474563 -5.8644086551242989e-05 0.002352258904966226 -0.00065057816222684358 0.0013713084823993027 0 0 0 1.9686195574878975e-05 -0.00051592563271344845 1.9686195574878975e-05
leaf_weight=92164 2339 5634 358 1283 8037 681 20234 618 63484 27049 11718 7843 9566 4892 30407 1862 10341 29464 4320 3674 122 268 3409 871 1741 27685 1915 255 268 298
leaf_count=92164 2339 5634 358 1283 8037 681 20234 618 63484 27049 11718 7843 9566 4892 30407 1862 10341 29464 4320 3674 122 268 3409 871 1741 27685 1915 255 268 298
internal_value=0.00214445 -0.000772099 0.00406541 0.00120558 0.00587546 0.00988551 -0.0043205 0.00864523 0.00528834 0.000681823 -0.000540334 0.00199716 0.0140925 0.00572774 -0.00609235 0.00711709 0.00179745 0.00676115 0.00255686 0.00306448 -0.0013369 0.00271565 0.00115904 0.00612113 0.00418551 -0.00216692 0.00123165 0.00603612 0.0155298 0.00936396
internal_weight=372800 148038 224762 95058 119863 15275 52980 6252 104588 88806 53763 104899 10314 12735 32746 39363 22059 37501 35043 30723 748 626 4961 1552 65225 31704 4019 2104 821 566
internal_count=372800 148038 224762 95058 119863 15275 52980 6252 104588 88806 53763 104899 10314 12735 32746 39363 22059 37501 35043 30723 748 626 4961 1552 65225 31704 4019 2104 821 566
cat_boundaries=0 1 2 3 4
cat_threshold=46 1 1 1
is_linear=0
shrinkage=0.05


Tree=151
num_leaves=31
num_cat=4
split_feature=1 14 14 2 9 14 3 0 2 1 14 9 2 3 2 15 2 2 5 2 0 14 2 4 3 3 4 2 11 3
split_gain=834.99 415.865 336.571 148.076 112.462 224.132 107.672 86.0056 84.3885 81.703 81.7758 80.7448 76.7991 66.3671 53.8526 40.1751 35.685 30.4107 25.7687 27.76 25.2135 26.2627 22.2446 21.9686 21.8138 21.2637 40.7705 48.5395 27.7121 22.3767
threshold=1.0000000180025095e-35 0.099999999999996994 0.95000000000000295 0.98499999999999954 0 2.3000000000000083 9.7850000000000019 1 1.0600000000000016 6.5000000000000009 1.7000000000000013 2 0.98499999999999954 5.9250000000000007 0.79499999999999871 1.0000000180025095e-35 2.0849999999999995 0.58500000000000008 0.77023320773058968 4.6200000000000037 3 1.600000000000001 1.7850000000000004 -0.55011510741598568 105.95500000000001 6.9850000000000003 -0.25671049665402423 1.9949999999999994 1.0000000180025095e-35 5.9250000000000007
decision_type=2 2 2 2 9 2 2 1 2 2 2 9 2 2 2 2 2 2 2 2 1 2 2 2 2 2 2 2 2 2
left_child=2 6 11 7 5 12 14 -3 15 10 25 -1 20 -13 -2 17 -12 -6 19 -11 21 -4 23 -7 -10 26 27 -5 -29 -30
right_child=1 3 4 9 8 22 -8 -9 24 18 16 13 -14 -15 -16 -17 -18 -19 -20 -21 -22 -23 -24 -25 -26 -27 -28 28 29 -31
leaf_value=0 0 0 -5.5711882223680837e-05 0 0 0.015835902413828064 0 0 0 0 0 0 0 0 0 0 -0.00010203443892672914 0 0 -0.0028873356864200814 -5.5711882223680837e-05 0.0022346459597179127 -0.00061804925411550139 0.0013027430582793376 0 0 0 1.8701885796135026e-05 -0.00049012935107777607 1.8701885796135026e-05
leaf_weight=92164 2339 5634 358 1283 8037 681 20234 618 63484 27049 11718 7843 9566 4892 30407 1862 10341 29464 4320 3674 122 268 3409 871 1741 27685 1915 255 268 298
leaf_count=92164 2339 5634 358 1283 8037 681 20234 618 63484 27049 11718 7843 9566 4892 30407 1862 10341 29464 4320 3674 122 268 3409 871 1741 27685 1915 255 268 298
internal_value=0.00214498 -0.000770748 0.00406541 0.00120768 0.00587546 0.00988551 -0.0043205 0.00864523 0.00528834 0.000684075 -0.000540334 0.00199716 0.0140925 0.00572774 -0.00609235 0.00711709 0.00179745 0.00676115 0.00256257 0.00307099 -0.0013369 0.00271565 0.00115904 0.00612113 0.00418551 -0.00216692 0.00123165 0.00603612 0.0155298 0.00936396
internal_weight=372800 148038 224762 95058 119863 15275 52980 6252 104588 88806 53763 104899 10314 12735 32746 39363 22059 37501 35043 30723 748 626 4961 1552 65225 31704 4019 2104 821 566
internal_count=372800 148038 224762 95058 119863 15275 52980 6252 104588 88806 53763 104899 10314 12735 32746 39363 22059 37501 35043 30723 748 626 4961 1552 65225 31704 4019 2104 821 566
cat_boundaries=0 1 2 3 4
cat_threshold=46 1 1 1
is_linear=0
shrinkage=0.05


Tree=152
num_leaves=31
num_cat=4
split_feature=1 14 14 2 9 14 3 0 2 1 14 9 2 3 2 15 2 2 5 2 0 14 2 4 3 3 4 2 11 3
split_gain=834.524 416.181 336.571 147.992 112.462 224.132 107.672 86.0056 84.3885 82.0039 81.7758 80.7448 76.7991 66.3671 53.8526 40.1751 35.685 30.4107 25.8501 27.1114 25.2135 26.2627 22.2446 21.9686 21.8138 21.2637 40.7705 48.5395 27.7121 22.3767
threshold=1.0000000180025095e-35 0.099999999999996994 0.95000000000000295 0.98499999999999954 0 2.3000000000000083 9.7850000000000019 1 1.0600000000000016 6.5000000000000009 1.7000000000000013 2 0.98499999999999954 5.9250000000000007 0.79499999999999871 1.0000000180025095e-35 2.0849999999999995 0.58500000000000008 0.77023320773058968 4.6200000000000037 3 1.600000000000001 1.7850000000000004 -0.55011510741598568 105.95500000000001 6.9850000000000003 -0.25671049665402423 1.9949999999999994 1.0000000180025095e-35 5.9250000000000007
decision_type=2 2 2 2 9 2 2 1 2 2 2 9 2 2 2 2 2 2 2 2 1 2 2 2 2 2 2 2 2 2
left_child=2 6 11 7 5 12 14 -3 15 10 25 -1 20 -13 -2 17 -12 -6 19 -11 21 -4 23 -7 -10 26 27 -5 -29 -30
right_child=1 3 4 9 8 22 -8 -9 24 18 16 13 -14 -15 -16 -17 -18 -19 -20 -21 -22 -23 -24 -25 -26 -27 -28 28 29 -31
leaf_value=0 0 0 -5.2926288112496799e-05 0 0 0.015044107293136655 0 0 0 0 0 0 0 0 0 0 -9.6932716980391303e-05 0 0 -0.0027429689020990774 -5.2926288112496799e-05 0.0021229136617320178 -0.00058714679140972625 0.0012376059053653687 0 0 0 1.7766791506328272e-05 -0.00046562288352388725 1.7766791506328272e-05
leaf_weight=92164 2339 5634 358 1283 8037 681 20234 618 63484 27049 11718 7843 9566 4892 30407 1862 10341 29464 4320 3674 122 268 3409 871 1741 27685 1915 255 268 298
leaf_count=92164 2339 5634 358 1283 8037 681 20234 618 63484 27049 11718 7843 9566 4892 30407 1862 10341 29464 4320 3674 122 268 3409 871 1741 27685 1915 255 268 298
internal_value=0.00214552 -0.000769397 0.00406541 0.00120979 0.00587546 0.00988551 -0.0043205 0.00864523 0.00528834 0.000686328 -0.000540334 0.00199716 0.0140925 0.00572774 -0.00609235 0.00711709 0.00179745 0.00676115 0.00256827 0.0030775 -0.0013369 0.00271565 0.00115904 0.00612113 0.00418551 -0.00216692 0.00123165 0.00603612 0.0155298 0.00936396
internal_weight=372800 148038 224762 95058 119863 15275 52980 6252 104588 88806 53763 104899 10314 12735 32746 39363 22059 37501 35043 30723 748 626 4961 1552 65225 31704 4019 2104 821 566
internal_count=372800 148038 224762 95058 119863 15275 52980 6252 104588 88806 53763 104899 10314 12735 32746 39363 22059 37501 35043 30723 748 626 4961 1552 65225 31704 4019 2104 821 566
cat_boundaries=0 1 2 3 4
cat_threshold=46 1 1 1
is_linear=0
shrinkage=0.05


Tree=153
num_leaves=31
num_cat=4
split_feature=1 14 14 2 9 14 3 0 2 1 14 9 2 3 2 15 2 2 5 2 0 14 2 4 3 3 4 2 11 3
split_gain=834.524 416.181 336.571 147.992 112.462 224.132 107.672 86.0056 84.3885 82.0039 81.7758 80.7448 76.7991 66.3671 53.8526 40.1751 35.685 30.4107 25.8501 27.1114 25.2135 26.2627 22.2446 21.9686 21.8138 21.2637 40.7705 48.5395 27.7121 22.3767
threshold=1.0000000180025095e-35 0.099999999999996994 0.95000000000000295 0.98499999999999954 0 2.3000000000000083 9.7850000000000019 1 1.0600000000000016 6.5000000000000009 1.7000000000000013 2 0.98499999999999954 5.9250000000000007 0.79499999999999871 1.0000000180025095e-35 2.0849999999999995 0.58500000000000008 0.77023320773058968 4.6200000000000037 3 1.600000000000001 1.7850000000000004 -0.55011510741598568 105.95500000000001 6.9850000000000003 -0.25671049665402423 1.9949999999999994 1.0000000180025095e-35 5.9250000000000007
decision_type=2 2 2 2 9 2 2 1 2 2 2 9 2 2 2 2 2 2 2 2 1 2 2 2 2 2 2 2 2 2
left_child=2 6 11 7 5 12 14 -3 15 10 25 -1 20 -13 -2 17 -12 -6 19 -11 21 -4 23 -7 -10 26 27 -5 -29 -30
right_child=1 3 4 9 8 22 -8 -9 24 18 16 13 -14 -15 -16 -17 -18 -19 -20 -21 -22 -23 -24 -25 -26 -27 -28 28 29 -31
leaf_value=0 0 0 -5.0279973706871965e-05 0 0 0.014291901928479823 0 0 0 0 0 0 0 0 0 0 -9.2086081131370623e-05 0 0 -0.0026058204569941248 -5.0279973706871965e-05 0.0020167679786454173 -0.0005577894518392399 0.0011757256100971003 0 0 0 1.687845193101186e-05 -0.00044234173934769289 1.687845193101186e-05
leaf_weight=92164 2339 5634 358 1283 8037 681 20234 618 63484 27049 11718 7843 9566 4892 30407 1862 10341 29464 4320 3674 122 268 3409 871 1741 27685 1915 255 268 298
leaf_count=92164 2339 5634 358 1283 8037 681 20234 618 63484 27049 11718 7843 9566 4892 30407 1862 10341 29464 4320 3674 122 268 3409 871 1741 27685 1915 255 268 298
internal_value=0.00214552 -0.000769397 0.00406541 0.00120979 0.00587546 0.00988551 -0.0043205 0.00864523 0.00528834 0.000686328 -0.000540334 0.00199716 0.0140925 0.00572774 -0.00609235 0.00711709 0.00179745 0.00676115 0.00256827 0.0030775 -0.0013369 0.00271565 0.00115904 0.00612113 0.00418551 -0.00216692 0.00123165 0.00603612 0.0155298 0.00936396
internal_weight=372800 148038 224762 95058 119863 15275 52980 6252 104588 88806 53763 104899 10314 12735 32746 39363 22059 37501 35043 30723 748 626 4961 1552 65225 31704 4019 2104 821 566
internal_count=372800 148038 224762 95058 119863 15275 52980 6252 104588 88806 53763 104899 10314 12735 32746 39363 22059 37501 35043 30723 748 626 4961 1552 65225 31704 4019 2104 821 566
cat_boundaries=0 1 2 3 4
cat_threshold=46 1 1 1
is_linear=0
shrinkage=0.05


Tree=154
num_leaves=31
num_cat=4
split_feature=1 14 14 2 9 14 3 0 2 1 14 9 2 3 2 15 2 2 5 2 0 14 3 2 3 4 2 11 3 1
split_gain=833.75 416.498 336.281 147.909 111.822 225.532 107.672 86.0056 84.3885 82.0563 81.963 80.7448 76.7991 66.3671 53.8526 40.1751 35.5139 30.4107 25.8908 26.7899 25.2135 26.2627 21.8138 21.4577 21.2637 40.7705 48.5395 27.7121 22.3767 26.2247
threshold=1.0000000180025095e-35 0.099999999999996994 0.95000000000000295 0.98499999999999954 0 2.3000000000000083 9.7850000000000019 1 1.0600000000000016 6.5000000000000009 1.7000000000000013 2 0.98499999999999954 5.9250000000000007 0.79499999999999871 1.0000000180025095e-35 2.0849999999999995 0.58500000000000008 0.77023320773058968 4.6200000000000037 3 1.600000000000001 105.95500000000001 1.7850000000000004 6.9850000000000003 -0.25671049665402423 1.9949999999999994 1.0000000180025095e-35 5.9250000000000007 2.5000000000000004
decision_type=2 2 2 2 9 2 2 1 2 2 2 9 2 2 2 2 2 2 2 2 1 2 2 2 2 2 2 2 2 2
left_child=2 6 11 7 5 12 14 -3 15 10 24 -1 20 -13 -2 17 -12 -6 19 -11 21 -4 -10 -7 25 26 -5 -28 29 -29
right_child=1 3 4 9 8 23 -8 -9 22 18 16 13 -14 -15 -16 -17 -18 -19 -20 -21 -22 -23 -24 -25 -26 -27 27 28 -30 -31
leaf_value=0 0 0 -4.7765975021528367e-05 0 0 0.013250370506653748 0 0 0 0 0 0 0 0 0 0 -8.7481777074804878e-05 0 0 -0.0024755294341444198 -4.7765975021528367e-05 0.0019159295797131493 0 -0.00052989997924727801 0 0 1.6034529334461266e-05 -0.033305308627390243 1.6034529334461266e-05 0.00011538717590801921
leaf_weight=92164 2339 5634 358 1283 8037 1552 20234 618 63484 27049 11718 7843 9566 4892 30407 1862 10341 29464 4320 3674 122 268 1741 3409 27685 1915 255 139 298 129
leaf_count=92164 2339 5634 358 1283 8037 1552 20234 618 63484 27049 11718 7843 9566 4892 30407 1862 10341 29464 4320 3674 122 268 1741 3409 27685 1915 255 139 298 129
internal_value=0.00214552 -0.000768046 0.00406452 0.00121189 0.00587379 0.00987242 -0.0043205 0.00864523 0.00528834 0.00068858 -0.000538474 0.00199716 0.0140925 0.00572774 -0.00609235 0.00711709 0.00180199 0.00676115 0.00257113 0.00308075 -0.0013369 0.00271565 0.00418551 0.00111873 -0.00216692 0.00123165 0.00603612 0.0155298 0.00936396 -0.0011194
internal_weight=372800 148038 224762 95058 119863 15275 52980 6252 104588 88806 53763 104899 10314 12735 32746 39363 22059 37501 35043 30723 748 626 65225 4961 31704 4019 2104 821 566 268
internal_count=372800 148038 224762 95058 119863 15275 52980 6252 104588 88806 53763 104899 10314 12735 32746 39363 22059 37501 35043 30723 748 626 65225 4961 31704 4019 2104 821 566 268
cat_boundaries=0 1 2 3 4
cat_threshold=46 1 1 1
is_linear=0
shrinkage=0.05


Tree=155
num_leaves=31
num_cat=4
split_feature=1 14 14 2 9 14 3 0 2 1 14 9 2 3 2 15 2 2 5 2 0 14 3 3 4 2 11 3 1 4
split_gain=832.517 416.815 335.558 147.825 110.228 229.049 107.672 86.0056 84.3885 82.3578 81.963 80.7448 76.7991 66.3671 53.8526 40.1751 35.5139 30.4107 25.9724 26.1528 25.2135 26.2627 21.8138 21.2637 40.7705 48.5395 27.7121 22.3767 26.2247 20.4134
threshold=1.0000000180025095e-35 0.099999999999996994 0.95000000000000295 0.98499999999999954 0 2.3000000000000083 9.7850000000000019 1 1.0600000000000016 6.5000000000000009 1.7000000000000013 2 0.98499999999999954 5.9250000000000007 0.79499999999999871 1.0000000180025095e-35 2.0849999999999995 0.58500000000000008 0.77023320773058968 4.6200000000000037 3 1.600000000000001 105.95500000000001 6.9850000000000003 -0.25671049665402423 1.9949999999999994 1.0000000180025095e-35 5.9250000000000007 2.5000000000000004 0.45981126417599555
decision_type=2 2 2 2 9 2 2 1 2 2 2 9 2 2 2 2 2 2 2 2 1 2 2 2 2 2 2 2 2 2
left_child=2 6 11 7 5 12 14 -3 15 10 23 -1 20 -13 -2 17 -12 -6 19 -11 21 -4 -10 24 25 -5 -27 28 -28 -9
right_child=1 3 4 9 8 -7 -8 29 22 18 16 13 -14 -15 -16 -17 -18 -19 -20 -21 -22 -23 -24 -25 -26 26 27 -29 -30 -31
leaf_value=0 0 0 -4.5377676270451947e-05 0 0 0.00032472009962345957 0 -0.00026670101704728832 0 0 0 0 0 0 0 0 -8.3107688221062403e-05 0 0 -0.0023517529624371963 -4.5377676270451947e-05 0.0018201331007274947 0 0 0 1.5232802867738203e-05 -0.031640043196020727 1.5232802867738203e-05 0.00010961781711261824 0
leaf_weight=92164 2339 5634 358 1283 8037 4961 20234 484 63484 27049 11718 7843 9566 4892 30407 1862 10341 29464 4320 3674 122 268 1741 27685 1915 255 139 298 129 134
leaf_count=92164 2339 5634 358 1283 8037 4961 20234 484 63484 27049 11718 7843 9566 4892 30407 1862 10341 29464 4320 3674 122 268 1741 27685 1915 255 139 298 129 134
internal_value=0.00214472 -0.000766695 0.0040623 0.001214 0.00586962 0.00983971 -0.0043205 0.00864523 0.00528834 0.000690832 -0.000538474 0.00199716 0.0140925 0.00572774 -0.00609235 0.00711709 0.00180199 0.00676115 0.00257683 0.00308726 -0.0013369 0.00271565 0.00418551 -0.00216692 0.00123165 0.00603612 0.0155298 0.00936396 -0.0011194 -0.00906149
internal_weight=372800 148038 224762 95058 119863 15275 52980 6252 104588 88806 53763 104899 10314 12735 32746 39363 22059 37501 35043 30723 748 626 65225 31704 4019 2104 821 566 268 618
internal_count=372800 148038 224762 95058 119863 15275 52980 6252 104588 88806 53763 104899 10314 12735 32746 39363 22059 37501 35043 30723 748 626 65225 31704 4019 2104 821 566 268 618
cat_boundaries=0 1 2 3 4
cat_threshold=46 1 1 1
is_linear=0
shrinkage=0.05


Tree=156
num_leaves=31
num_cat=4
split_feature=1 14 14 2 9 14 3 2 1 14 9 2 3 3 2 15 9 2 2 5 2 0 14 4 10 3 3 4 2 11
split_gain=821.838 424.136 335.558 175.742 110.228 229.049 107.672 84.3885 82.5087 81.963 80.7448 76.7991 66.3671 61.6455 53.8526 40.1751 38.8135 35.5139 30.4107 26.0133 25.8371 25.2135 26.2627 24.5819 24.411 21.8138 21.2637 40.7705 48.5395 27.7121
threshold=1.0000000180025095e-35 0.099999999999996994 0.95000000000000295 0.98499999999999954 0 2.3000000000000083 9.7850000000000019 1.0600000000000016 6.5000000000000009 1.7000000000000013 1 0.98499999999999954 5.9250000000000007 31.655000000000005 0.79499999999999871 1.0000000180025095e-35 2 2.0849999999999995 0.58500000000000008 0.77023320773058968 4.6200000000000037 3 1.600000000000001 0.5094157245188784 2.5000000000000004 105.95500000000001 6.9850000000000003 -0.25671049665402423 1.9949999999999994 1.0000000180025095e-35
decision_type=2 2 2 2 9 2 2 2 2 2 9 2 2 2 2 2 9 2 2 2 2 1 2 2 2 2 2 2 2 2
left_child=2 6 10 13 5 11 14 15 9 26 -1 21 -12 24 -2 18 23 -11 -6 20 -10 22 -4 -15 -3 -9 27 28 -5 -30
right_child=1 3 4 8 7 -7 -8 25 19 17 12 -13 -14 16 -16 -17 -18 -19 -20 -21 -22 -23 -24 -25 -26 -27 -28 -29 29 -31
leaf_value=0 0 0 -4.310879245692935e-05 0 0 0.00030848409464228661 0 0 0 0 0 0 0 -0.0013890310585207672 0 0 0.043441080917387589 -7.8952303810009294e-05 0 0 -0.0022341653143153339 -4.310879245692935e-05 0.0017291264456911204 0.047500000000000001 0 0 0 0 1.4471162724351291e-05 1.4471162724351291e-05
leaf_weight=92164 2339 1525 358 1283 8037 4961 20234 63484 27049 11718 7843 9566 4892 324 30407 1862 108 10341 29464 4320 3674 122 268 89 4206 1741 27685 1915 255 566
leaf_count=92164 2339 1525 358 1283 8037 4961 20234 63484 27049 11718 7843 9566 4892 324 30407 1862 108 10341 29464 4320 3674 122 268 89 4206 1741 27685 1915 255 566
internal_value=0.00215705 -0.000735622 0.0040623 0.00126239 0.00586962 0.00983971 -0.0043205 0.00528834 0.000691958 -0.000538474 0.00199716 0.0140925 0.00572774 0.009365 -0.00609235 0.00711709 -0.00710173 0.00180199 0.00676115 0.00257969 0.00309052 -0.0013369 0.00271565 -0.013948 0.010862 0.00418551 -0.00216692 0.00123165 0.00603612 0.0155298
internal_weight=372800 148038 224762 95058 119863 15275 52980 104588 88806 53763 104899 10314 12735 6252 32746 39363 521 22059 37501 35043 30723 748 626 413 5731 65225 31704 4019 2104 821
internal_count=372800 148038 224762 95058 119863 15275 52980 104588 88806 53763 104899 10314 12735 6252 32746 39363 521 22059 37501 35043 30723 748 626 413 5731 65225 31704 4019 2104 821
cat_boundaries=0 1 2 3 4
cat_threshold=46 1 33 1
is_linear=0
shrinkage=0.05


Tree=157
num_leaves=31
num_cat=3
split_feature=1 14 14 2 9 14 3 2 1 14 9 2 3 3 2 15 2 2 5 3 0 14 2 10 3 3 4 2 11 3
split_gain=822.416 423.736 335.558 172.747 110.228 229.049 107.672 84.3885 82.811 81.963 80.7448 76.7991 67.716 66.3671 53.8526 40.1751 35.5139 30.4107 26.0951 26.0456 25.2135 26.2627 25.2114 24.411 21.8138 21.2637 40.7705 48.5395 27.7121 22.3767
threshold=1.0000000180025095e-35 0.099999999999996994 0.95000000000000295 0.98499999999999954 0 2.3000000000000083 9.7850000000000019 1.0600000000000016 6.5000000000000009 1.7000000000000013 1 0.98499999999999954 31.655000000000005 5.9250000000000007 0.79499999999999871 1.0000000180025095e-35 2.0849999999999995 0.58500000000000008 0.77023320773058968 32.940000000000005 2 1.600000000000001 4.6200000000000037 2.5000000000000004 105.95500000000001 6.9850000000000003 -0.25671049665402423 1.9949999999999994 1.0000000180025095e-35 5.9250000000000007
decision_type=2 2 2 2 9 2 2 2 2 2 9 2 2 2 2 2 2 2 2 2 1 2 2 2 2 2 2 2 2 2
left_child=2 6 10 12 5 11 14 15 9 25 -1 20 23 -12 -2 17 -11 -6 22 -14 21 -4 -10 -3 -9 26 27 -5 -29 -30
right_child=1 3 4 8 7 -7 -8 24 18 16 13 -13 19 -15 -16 -17 -18 -19 -20 -21 -22 -23 -24 -25 -26 -27 -28 28 29 -31
leaf_value=0 0 0 -4.0953352834082886e-05 0 0 0.00029305988991017227 0 0 0 0 0 0 -0.00018391441326888193 0 0 0 -7.5004688619506607e-05 0 0 0.045268122543779314 -4.0953352834082886e-05 0.0016426701234065644 -0.0021224570485995652 0 0 0 0 1.3747604588133727e-05 -0.00043219846016755766 1.3747604588133727e-05
leaf_weight=92164 2339 1525 358 1283 8037 4961 20234 63484 27049 11718 7843 9566 407 4892 30407 1862 10341 29464 4320 114 122 268 3674 4206 1741 27685 1915 255 268 298
leaf_count=92164 2339 1525 358 1283 8037 4961 20234 63484 27049 11718 7843 9566 407 4892 30407 1862 10341 29464 4320 114 122 268 3674 4206 1741 27685 1915 255 268 298
internal_value=0.00215638 -0.000737311 0.0040623 0.00125976 0.00586962 0.00983971 -0.0043205 0.00528834 0.00069421 -0.000538474 0.00199716 0.0140925 0.00929303 0.00572774 -0.00609235 0.00711709 0.00180199 0.00676115 0.0025854 -0.00796545 -0.0013369 0.00271565 0.00309703 0.010862 0.00418551 -0.00216692 0.00123165 0.00603612 0.0155298 0.00936396
internal_weight=372800 148038 224762 95058 119863 15275 52980 104588 88806 53763 104899 10314 6252 12735 32746 39363 22059 37501 35043 521 748 626 30723 5731 65225 31704 4019 2104 821 566
internal_count=372800 148038 224762 95058 119863 15275 52980 104588 88806 53763 104899 10314 6252 12735 32746 39363 22059 37501 35043 521 748 626 30723 5731 65225 31704 4019 2104 821 566
cat_boundaries=0 1 2 3
cat_threshold=46 1 1
is_linear=0
shrinkage=0.05


Tree=158
num_leaves=31
num_cat=3
split_feature=1 14 14 2 9 14 3 2 1 14 9 3 2 3 2 15 2 2 4 5 0 14 2 3 10 3 3 4 2 11
split_gain=823.806 422.778 335.558 167.555 110.228 229.049 107.672 84.3885 83.1139 81.963 80.7448 79.2118 76.7991 66.3671 53.8526 40.1751 35.5139 30.4107 29.9698 26.177 25.2135 26.2627 25.0077 32.3733 24.411 21.8138 21.2637 40.7705 48.5395 27.7121
threshold=1.0000000180025095e-35 0.099999999999996994 0.95000000000000295 0.98499999999999954 0 2.3000000000000083 9.7850000000000019 1.0600000000000016 6.5000000000000009 1.7000000000000013 1 31.655000000000005 0.98499999999999954 5.9250000000000007 0.79499999999999871 1.0000000180025095e-35 2.0849999999999995 0.58500000000000008 0.5094157245188784 0.77023320773058968 2 1.600000000000001 6.3799999999999981 9.4800000000000022 2.5000000000000004 105.95500000000001 6.9850000000000003 -0.25671049665402423 1.9949999999999994 1.0000000180025095e-35
decision_type=2 2 2 2 9 2 2 2 2 2 9 2 2 2 2 2 2 2 2 2 1 2 2 2 2 2 2 2 2 2
left_child=2 6 10 11 5 12 14 15 9 26 -1 24 20 -12 -2 17 -11 -6 -13 22 21 -4 -10 -24 -3 -9 27 28 -5 -30
right_child=1 3 4 8 7 -7 -8 25 19 16 13 18 -14 -15 -16 -17 -18 -19 -20 -21 -22 -23 23 -25 -26 -27 -28 -29 29 -31
leaf_value=0 0 0 -3.8905685192378741e-05 0 0 0.00027840689541466367 0 0 0 0 0 -0.00047293900588026851 0 0 0 0 -7.1254454188529606e-05 0 0.045134195720663448 0 -3.8905685192378741e-05 0.0015605366172362356 0.009222953530946789 -0.022172206494505534 0 0 0 0 1.306022435872704e-05 1.306022435872704e-05
leaf_weight=92164 2339 1525 358 1283 8037 4961 20234 63484 28804 11718 7843 407 9566 4892 30407 1862 10341 29464 114 4320 122 268 173 1746 4206 1741 27685 1915 255 566
leaf_count=92164 2339 1525 358 1283 8037 4961 20234 63484 28804 11718 7843 407 9566 4892 30407 1862 10341 29464 114 4320 122 268 173 1746 4206 1741 27685 1915 255 566
internal_value=0.00215477 -0.000741364 0.0040623 0.00125345 0.00586962 0.00983971 -0.0043205 0.00528834 0.000696462 -0.000538474 0.00199716 0.00916507 0.0140925 0.00572774 -0.00609235 0.00711709 0.00180199 0.00676115 -0.00950096 0.0025911 -0.0013369 0.00271565 0.00310354 -0.00242314 0.010862 0.00418551 -0.00216692 0.00123165 0.00603612 0.0155298
internal_weight=372800 148038 224762 95058 119863 15275 52980 104588 88806 53763 104899 6252 10314 12735 32746 39363 22059 37501 521 35043 748 626 30723 1919 5731 65225 31704 4019 2104 821
internal_count=372800 148038 224762 95058 119863 15275 52980 104588 88806 53763 104899 6252 10314 12735 32746 39363 22059 37501 521 35043 748 626 30723 1919 5731 65225 31704 4019 2104 821
cat_boundaries=0 1 2 3
cat_threshold=46 1 1
is_linear=0
shrinkage=0.05


Tree=159
num_leaves=31
num_cat=4
split_feature=1 14 14 2 9 14 3 2 1 14 9 3 2 3 2 15 2 2 4 5 0 14 10 2 9 3 3 4 2 11
split_gain=822.879 423.417 335.558 167.376 110.228 229.049 107.672 84.3885 83.7213 81.963 80.7448 79.2118 76.7991 66.3671 53.8526 40.1751 35.5139 30.4107 29.9698 26.3412 25.2135 26.2627 24.411 23.3805 22.8575 21.8138 21.2637 40.7705 48.5395 27.7121
threshold=1.0000000180025095e-35 0.099999999999996994 0.95000000000000295 0.98499999999999954 0 2.3000000000000083 9.7850000000000019 1.0600000000000016 6.5000000000000009 1.7000000000000013 1 31.655000000000005 0.98499999999999954 5.9250000000000007 0.79499999999999871 1.0000000180025095e-35 2.0849999999999995 0.58500000000000008 0.5094157245188784 0.77023320773058968 2 1.600000000000001 2.5000000000000004 4.6200000000000037 3 105.95500000000001 6.9850000000000003 -0.25671049665402423 1.9949999999999994 1.0000000180025095e-35
decision_type=2 2 2 2 9 2 2 2 2 2 9 2 2 2 2 2 2 2 2 2 1 2 2 2 9 2 2 2 2 2
left_child=2 6 10 11 5 12 14 15 9 26 -1 22 20 -12 -2 17 -11 -6 -13 23 21 -4 -3 -10 -25 -9 27 28 -5 -30
right_child=1 3 4 8 7 -7 -8 25 19 16 13 18 -14 -15 -16 -17 -18 -19 -20 -21 -22 -23 -24 24 -26 -27 -28 -29 29 -31
leaf_value=0 0 0 -3.696040093275981e-05 0 0 0.00026448655064393049 0 0 0 0 0 -0.00044929205558625896 0 0 0 0 -6.7691731479102576e-05 0 0.042877485934630276 0 -3.696040093275981e-05 0.0014825097863744253 0 -0.0095795839356125068 0.017598114403034985 0 0 0 1.2407213140790689e-05 1.2407213140790689e-05
leaf_weight=92164 2339 1525 358 1283 8037 4961 20234 63484 27049 11718 7843 407 9566 4892 30407 1862 10341 29464 114 4320 122 268 4206 2634 1040 1741 27685 1915 255 566
leaf_count=92164 2339 1525 358 1283 8037 4961 20234 63484 27049 11718 7843 407 9566 4892 30407 1862 10341 29464 114 4320 122 268 4206 2634 1040 1741 27685 1915 255 566
internal_value=0.00215585 -0.000738662 0.0040623 0.00125765 0.00586962 0.00983971 -0.0043205 0.00528834 0.000700966 -0.000538474 0.00199716 0.00916507 0.0140925 0.00572774 -0.00609235 0.00711709 0.00180199 0.00676115 -0.00950096 0.00260252 -0.0013369 0.00271565 0.010862 0.00311656 -0.000626021 0.00418551 -0.00216692 0.00123165 0.00603612 0.0155298
internal_weight=372800 148038 224762 95058 119863 15275 52980 104588 88806 53763 104899 6252 10314 12735 32746 39363 22059 37501 521 35043 748 626 5731 30723 3674 65225 31704 4019 2104 821
internal_count=372800 148038 224762 95058 119863 15275 52980 104588 88806 53763 104899 6252 10314 12735 32746 39363 22059 37501 521 35043 748 626 5731 30723 3674 65225 31704 4019 2104 821
cat_boundaries=0 1 2 3 4
cat_threshold=46 1 1 193
is_linear=0
shrinkage=0.05


Tree=160
num_leaves=31
num_cat=4
split_feature=1 14 14 2 9 14 3 2 1 14 9 2 3 3 2 15 2 9 2 5 0 14 10 4 2 3 3 4 2 11
split_gain=822.416 423.736 335.558 169.324 110.228 229.049 107.672 84.3885 83.5692 81.963 80.7448 76.7991 74.7953 66.3671 53.8526 40.1751 35.5139 33.7227 30.4107 26.3001 25.2135 26.2627 24.411 23.8405 23.6808 21.8138 21.2637 40.7705 48.5395 27.7121
threshold=1.0000000180025095e-35 0.099999999999996994 0.95000000000000295 0.98499999999999954 0 2.3000000000000083 9.7850000000000019 1.0600000000000016 6.5000000000000009 1.7000000000000013 1 0.98499999999999954 31.655000000000005 5.9250000000000007 0.79499999999999871 1.0000000180025095e-35 2.0849999999999995 2 0.58500000000000008 0.77023320773058968 3 1.600000000000001 2.5000000000000004 0.5094157245188784 4.6200000000000037 105.95500000000001 6.9850000000000003 -0.25671049665402423 1.9949999999999994 1.0000000180025095e-35
decision_type=2 2 2 2 9 2 2 2 2 2 9 2 2 2 2 2 2 9 2 2 1 2 2 2 2 2 2 2 2 2
left_child=2 6 10 12 5 11 14 15 9 26 -1 20 22 -12 -2 18 -11 23 -6 24 21 -4 -3 -14 -10 -9 27 28 -5 -30
right_child=1 3 4 8 7 -7 -8 25 19 16 13 -13 17 -15 -16 -17 -18 -19 -20 -21 -22 -23 -24 -25 -26 -27 -28 -29 29 -31
leaf_value=0 0 0 -3.5112380886121815e-05 0 0 0.00025126222311173398 0 0 0 0 0 0 -0.0023619061224848265 0 0 0 -6.4307144905145777e-05 0.038879832661454297 0 0 -3.5112380886121815e-05 0.0014083842970557038 0 0.040733611637898764 -0.0016665367178969829 0 0 0 1.1786852483751154e-05 1.1786852483751154e-05
leaf_weight=92164 2339 1525 358 1283 8037 4961 20234 63484 27049 11718 7843 9566 324 4892 30407 1862 10341 108 29464 4320 122 268 4206 89 3674 1741 27685 1915 255 566
leaf_count=92164 2339 1525 358 1283 8037 4961 20234 63484 27049 11718 7843 9566 324 4892 30407 1862 10341 108 29464 4320 122 268 4206 89 3674 1741 27685 1915 255 566
internal_value=0.00215638 -0.000737311 0.0040623 0.00125976 0.00586962 0.00983971 -0.0043205 0.00528834 0.00069984 -0.000538474 0.00199716 0.0140925 0.00921305 0.00572774 -0.00609235 0.00711709 0.00180199 -0.00892514 0.00676115 0.00259966 -0.0013369 0.00271565 0.010862 -0.0152482 0.0031133 0.00418551 -0.00216692 0.00123165 0.00603612 0.0155298
internal_weight=372800 148038 224762 95058 119863 15275 52980 104588 88806 53763 104899 10314 6252 12735 32746 39363 22059 521 37501 35043 748 626 5731 413 30723 65225 31704 4019 2104 821
internal_count=372800 148038 224762 95058 119863 15275 52980 104588 88806 53763 104899 10314 6252 12735 32746 39363 22059 521 37501 35043 748 626 5731 413 30723 65225 31704 4019 2104 821
cat_boundaries=0 1 2 3 4
cat_threshold=46 1 33 1
is_linear=0
shrinkage=0.05


Tree=161
num_leaves=31
num_cat=4
split_feature=1 14 14 2 9 14 3 2 1 14 9 3 2 3 2 15 2 2 4 5 2 1 9 13 0 14 10 15 1 7
split_gain=819.41 425.816 335.558 166.709 110.228 229.049 107.672 84.3885 82.7394 84.4151 80.7448 79.2118 76.7991 66.3671 53.8526 40.1751 33.3276 30.4107 29.9698 26.4235 25.232 103.923 28.5066 26.0751 25.2135 26.2627 24.411 23.1522 29.8321 24.5462
threshold=1.0000000180025095e-35 0.099999999999996994 0.95000000000000295 0.98499999999999954 0 2.3000000000000083 9.7850000000000019 1.0600000000000016 6.5000000000000009 1.7000000000000013 1 31.655000000000005 0.98499999999999954 5.9250000000000007 0.79499999999999871 1.0000000180025095e-35 2.0849999999999995 0.58500000000000008 0.5094157245188784 0.77023320773058968 8.0300000000000029 3.5000000000000004 2 1.0000000180025095e-35 3 1.600000000000001 2.5000000000000004 1.0000000180025095e-35 1.5000000000000002 1.0000000180025095e-35
decision_type=2 2 2 2 9 2 2 2 2 2 9 2 2 2 2 2 2 2 2 2 2 2 9 2 1 2 2 2 2 2
left_child=2 6 10 11 5 12 14 15 9 -5 -1 26 24 -12 -2 17 -11 -6 -13 -10 23 22 -22 27 25 -4 -3 -18 29 -29
right_child=1 3 4 8 7 -7 -8 -9 19 16 13 18 -14 -15 -16 -17 20 -19 -20 -21 21 -23 -24 -25 -26 -27 -28 28 -30 -31
leaf_value=0 0 0 -3.3356761841815725e-05 0 0 0.00023869911195614725 0 0 0 0 0 -0.0020297477150653595 0 0 0 0 -5.5745380694355308e-05 0 0.038696931056003823 0 0.0032978540921803747 -0.047847848194164565 0.0016031847512181273 0.061397723998616593 -3.3356761841815725e-05 0.0013379650822029189 0 -0.00070467671574439561 -0.020126733849517589 0.0031418075310537088
leaf_weight=92164 2339 1525 358 31704 8037 4961 20234 65225 30723 11718 7843 407 9566 4892 30407 1862 6422 29464 114 4320 639 456 348 177 122 268 4206 254 1712 333
leaf_count=92164 2339 1525 358 31704 8037 4961 20234 65225 30723 11718 7843 407 9566 4892 30407 1862 6422 29464 114 4320 639 456 348 177 122 268 4206 254 1712 333
internal_value=0.00215987 -0.000728529 0.0040623 0.00127343 0.00586962 0.00983971 -0.0043205 0.00528834 0.000717857 -0.000514294 0.00199716 0.00916507 0.0140925 0.00572774 -0.00609235 0.00711709 0.00186092 0.00676115 -0.00950096 0.00260822 -0.00020791 0.00592516 0.0150456 -0.00120252 -0.0013369 0.00271565 0.010862 -0.00158812 -0.00589387 0.00383305
internal_weight=372800 148038 224762 95058 119863 15275 52980 104588 88806 53763 104899 6252 10314 12735 32746 39363 22059 37501 521 35043 10341 1443 987 8898 748 626 5731 8721 2299 587
internal_count=372800 148038 224762 95058 119863 15275 52980 104588 88806 53763 104899 6252 10314 12735 32746 39363 22059 37501 521 35043 10341 1443 987 8898 748 626 5731 8721 2299 587
cat_boundaries=0 1 2 3 4
cat_threshold=46 1 1 1
is_linear=0
shrinkage=0.05


Tree=162
num_leaves=31
num_cat=3
split_feature=1 14 14 2 9 14 3 2 1 14 9 2 3 2 15 2 2 5 0 14 2 3 3 14 3 4 2 11 3 1
split_gain=808.356 433.538 335.558 206.582 110.228 229.049 107.672 84.3885 83.8273 82.3379 80.7448 76.7991 66.3671 53.8526 40.1751 35.173 30.4107 26.4235 25.2135 26.2627 22.7855 22.742 21.8138 21.4924 21.2637 40.7705 48.5395 27.7121 22.3767 26.2247
threshold=1.0000000180025095e-35 0.099999999999996994 0.95000000000000295 0.98499999999999954 0 2.3000000000000083 9.7850000000000019 1.0600000000000016 6.5000000000000009 1.7000000000000013 1 0.98499999999999954 5.9250000000000007 0.79499999999999871 1.0000000180025095e-35 2.0849999999999995 0.58500000000000008 0.77023320773058968 2 1.600000000000001 4.6200000000000037 9.4800000000000022 105.95500000000001 1.1000000000000123 6.9850000000000003 -0.25671049665402423 1.9949999999999994 1.0000000180025095e-35 5.9250000000000007 2.5000000000000004
decision_type=2 2 2 2 9 2 2 2 2 2 9 2 2 2 2 2 2 2 1 2 2 2 2 2 2 2 2 2 2 2
left_child=2 6 10 -3 5 11 13 14 9 24 -1 18 -12 -2 16 -11 -6 20 19 -4 -10 -22 -9 -23 25 26 -5 -28 29 -29
right_child=1 3 4 8 7 -7 -8 22 17 15 12 -13 -14 -15 -16 -17 -18 -19 -20 -21 21 23 -24 -25 -26 -27 27 28 -30 -31
leaf_value=0 0 0 -3.1688923749724939e-05 0 0 0.00022676415635833986 0 0 0 0 0 0 0 0 0 -0.00012022277210011288 0 0 -3.1688923749724939e-05 0.0012710668280927707 0.0070776426920055556 -0.032283607002354574 0 0.0024592331358356482 0 0 1.1197509859563596e-05 -0.030039017385846689 1.1197509859563596e-05 0.00012316057662998422
leaf_weight=92164 2339 6252 358 1283 8037 4961 20234 63484 27049 11718 7843 9566 4892 30407 1862 10341 29464 4320 122 268 227 969 1741 2478 27685 1915 255 139 298 129
leaf_count=92164 2339 6252 358 1283 8037 4961 20234 63484 27049 11718 7843 9566 4892 30407 1862 10341 29464 4320 122 268 227 969 1741 2478 27685 1915 255 139 298 129
internal_value=0.00217275 -0.000696105 0.0040623 0.00132393 0.00586962 0.00983971 -0.0043205 0.00528834 0.00070547 -0.000534754 0.00199716 0.0140925 0.00572774 -0.00609235 0.00711709 0.00181105 0.00676115 0.00260822 -0.0013369 0.00271565 0.00312307 -0.000571584 0.00418551 -0.00158109 -0.00216692 0.00123165 0.00603612 0.0155298 0.00936396 -0.0011194
internal_weight=372800 148038 224762 95058 119863 15275 52980 104588 88806 53763 104899 10314 12735 32746 39363 22059 37501 35043 748 626 30723 3674 65225 3447 31704 4019 2104 821 566 268
internal_count=372800 148038 224762 95058 119863 15275 52980 104588 88806 53763 104899 10314 12735 32746 39363 22059 37501 35043 748 626 30723 3674 65225 3447 31704 4019 2104 821 566 268
cat_boundaries=0 1 2 3
cat_threshold=46 1 1
is_linear=0
shrinkage=0.05


Tree=163
num_leaves=31
num_cat=3
split_feature=1 14 14 2 9 14 3 2 1 14 9 2 3 2 15 2 2 5 0 14 2 3 3 4 2 11 3 1 5 3
split_gain=808.815 433.215 335.558 206.681 110.228 229.049 107.672 84.3885 83.5231 82.3379 80.7448 76.7991 66.3671 53.8526 40.1751 35.173 30.4107 26.3412 25.2135 26.2627 23.3805 21.8138 21.2637 40.7705 48.5395 27.7121 22.3767 26.2247 19.9689 20.4502
threshold=1.0000000180025095e-35 0.099999999999996994 0.95000000000000295 0.98499999999999954 0 2.3000000000000083 9.7850000000000019 1.0600000000000016 6.5000000000000009 1.7000000000000013 1 0.98499999999999954 5.9250000000000007 0.79499999999999871 1.0000000180025095e-35 2.0849999999999995 0.58500000000000008 0.77023320773058968 2 1.600000000000001 4.6200000000000037 105.95500000000001 6.9850000000000003 -0.25671049665402423 1.9949999999999994 1.0000000180025095e-35 5.9250000000000007 2.5000000000000004 0.97859653660919488 20.945000000000004
decision_type=2 2 2 2 9 2 2 2 2 2 9 2 2 2 2 2 2 2 1 2 2 2 2 2 2 2 2 2 2 2
left_child=2 6 10 -3 5 11 13 14 9 22 -1 18 -12 -2 16 -11 -6 20 19 -4 -10 -9 23 24 -5 -26 27 -27 -8 -30
right_child=1 3 4 8 7 -7 28 21 17 15 12 -13 -14 -15 -16 -17 -18 -19 -20 -21 -22 -23 -24 -25 25 26 -28 -29 29 -31
leaf_value=0 0 0 -3.0104477562238691e-05 0 0 0.00021542594854042285 0 0 0 0 0 0 0 0 0 -0.00011421163349510725 0 0 -3.0104477562238691e-05 0.0012075134866881333 -0.00091936302052077245 0 0 0 1.0637634366585417e-05 -0.028537066516554355 1.0637634366585417e-05 0.000117002547798485 0.0014180611718803712 -0.00024048990634228525
leaf_weight=92164 2339 6252 358 1283 8037 4961 19892 63484 27049 11718 7843 9566 4892 30407 1862 10341 29464 4320 122 268 3674 1741 27685 1915 255 139 298 129 187 155
leaf_count=92164 2339 6252 358 1283 8037 4961 19892 63484 27049 11718 7843 9566 4892 30407 1862 10341 29464 4320 122 268 3674 1741 27685 1915 255 139 298 129 187 155
internal_value=0.00217221 -0.000697456 0.0040623 0.00132182 0.00586962 0.00983971 -0.0043205 0.00528834 0.000703218 -0.000534754 0.00199716 0.0140925 0.00572774 -0.00609235 0.00711709 0.00181105 0.00676115 0.00260252 -0.0013369 0.00271565 0.00311656 0.00418551 -0.00216692 0.00123165 0.00603612 0.0155298 0.00936396 -0.0011194 -0.001453 0.0105263
internal_weight=372800 148038 224762 95058 119863 15275 52980 104588 88806 53763 104899 10314 12735 32746 39363 22059 37501 35043 748 626 30723 65225 31704 4019 2104 821 566 268 20234 342
internal_count=372800 148038 224762 95058 119863 15275 52980 104588 88806 53763 104899 10314 12735 32746 39363 22059 37501 35043 748 626 30723 65225 31704 4019 2104 821 566 268 20234 342
cat_boundaries=0 1 2 3
cat_threshold=46 1 1
is_linear=0
shrinkage=0.05


Tree=164
num_leaves=31
num_cat=3
split_feature=1 14 14 2 9 14 3 2 1 14 9 2 3 2 15 2 2 5 0 14 2 3 3 4 2 11 3 1 5 2
split_gain=807.897 433.41 335.558 206.533 110.228 229.049 107.901 84.3885 83.477 82.7136 80.7448 76.7991 66.3671 53.8526 40.1751 34.8338 30.4107 26.3824 25.2135 26.2627 23.082 21.8138 21.2637 40.7705 48.5395 27.7121 22.3767 26.2247 20.9387 20.0413
threshold=1.0000000180025095e-35 0.099999999999996994 0.95000000000000295 0.98499999999999954 0 2.3000000000000083 9.7850000000000019 1.0600000000000016 6.5000000000000009 1.7000000000000013 1 0.98499999999999954 5.9250000000000007 0.79499999999999871 1.0000000180025095e-35 2.0849999999999995 0.58500000000000008 0.77023320773058968 2 1.600000000000001 4.6200000000000037 105.95500000000001 6.9850000000000003 -0.25671049665402423 1.9949999999999994 1.0000000180025095e-35 5.9250000000000007 2.5000000000000004 0.97859653660919488 3.6750000000000012
decision_type=2 2 2 2 9 2 2 2 2 2 9 2 2 2 2 2 2 2 1 2 2 2 2 2 2 2 2 2 2 2
left_child=2 6 10 -3 5 11 13 14 9 22 -1 18 -12 -2 16 -11 -6 20 19 -4 -10 -9 23 24 -5 -26 27 -27 -8 -17
right_child=1 3 4 8 7 -7 28 21 17 15 12 -13 -14 -15 -16 29 -18 -19 -20 -21 -22 -23 -24 -25 25 26 -28 -29 -30 -31
leaf_value=0 0 0 -2.8599253684126757e-05 0 0 0.00020465465111340169 0 0 0 0 0 0 0 0 0 -0.0048912771461393379 0 0 -2.8599253684126757e-05 0.0011471378123537269 -0.0008733948694947338 0 0 0 1.0105752648256145e-05 -0.02711021319072664 1.0105752648256145e-05 0.00011115242040856074 0.0013471581132863527 0.00045423301017654132
leaf_weight=92164 2339 6252 358 1283 8037 4961 19892 63484 27049 11718 7843 9566 4892 30407 1862 3981 29464 4320 122 268 3674 1741 27685 1915 255 139 298 129 342 6360
leaf_count=92164 2339 6252 358 1283 8037 4961 19892 63484 27049 11718 7843 9566 4892 30407 1862 3981 29464 4320 122 268 3674 1741 27685 1915 255 139 298 129 342 6360
internal_value=0.00217328 -0.000694754 0.0040623 0.00132498 0.00586962 0.00983971 -0.00431861 0.00528834 0.000706596 -0.000531034 0.00199716 0.0140925 0.00572774 -0.00609235 0.00711709 0.00182012 0.00676115 0.00260537 -0.0013369 0.00271565 0.00311981 0.00418551 -0.00216692 0.00123165 0.00603612 0.0155298 0.00936396 -0.0011194 -0.00144806 -0.000294942
internal_weight=372800 148038 224762 95058 119863 15275 52980 104588 88806 53763 104899 10314 12735 32746 39363 22059 37501 35043 748 626 30723 65225 31704 4019 2104 821 566 268 20234 10341
internal_count=372800 148038 224762 95058 119863 15275 52980 104588 88806 53763 104899 10314 12735 32746 39363 22059 37501 35043 748 626 30723 65225 31704 4019 2104 821 566 268 20234 10341
cat_boundaries=0 1 2 3
cat_threshold=46 1 1
is_linear=0
shrinkage=0.05


Tree=165
num_leaves=31
num_cat=4
split_feature=1 14 14 2 9 14 3 2 1 14 9 2 3 2 15 2 2 5 0 14 2 3 3 4 2 11 3 1 2 9
split_gain=809.044 433.505 335.558 206.681 110.228 229.049 107.442 84.3885 83.7743 82.1503 80.7448 76.7991 66.3671 53.8526 40.1751 35.3433 30.4107 26.3824 25.2135 26.2627 23.082 21.8138 21.2637 40.7705 48.5395 27.7121 22.3767 26.2247 19.9755 36.8518
threshold=1.0000000180025095e-35 0.099999999999996994 0.95000000000000295 0.98499999999999954 0 2.3000000000000083 9.7850000000000019 1.0600000000000016 6.5000000000000009 1.7000000000000013 1 0.98499999999999954 5.9250000000000007 0.79499999999999871 1.0000000180025095e-35 2.0849999999999995 0.58500000000000008 0.77023320773058968 2 1.600000000000001 4.6200000000000037 105.95500000000001 6.9850000000000003 -0.25671049665402423 1.9949999999999994 1.0000000180025095e-35 5.9250000000000007 2.5000000000000004 3.0049999999999994 3
decision_type=2 2 2 2 9 2 2 2 2 2 9 2 2 2 2 2 2 2 1 2 2 2 2 2 2 2 2 2 2 9
left_child=2 6 10 -3 5 11 13 14 9 22 -1 18 -12 -2 16 -11 -6 20 19 -4 -10 -9 23 24 -5 -26 27 -27 29 -8
right_child=1 3 4 8 7 -7 28 21 17 15 12 -13 -14 -15 -16 -17 -18 -19 -20 -21 -22 -23 -24 -25 25 26 -28 -29 -30 -31
leaf_value=0 0 0 -2.7169290999920419e-05 0 0 0.0001944219185577316 0.019896729115612029 0 0 0 0 0 0 0 0 -8.4484868061662779e-05 0 0 -2.7169290999920419e-05 0.0010897809217360389 -0.00082972512601999719 0 0 0 9.6004650158433395e-06 -0.025754702531190311 9.6004650158433395e-06 0.00010559479938813271 6.7638336246411687e-05 0
leaf_weight=92164 2339 6252 358 1283 8037 4961 962 63484 27049 11718 7843 9566 4892 30407 1862 10341 29464 4320 122 268 3674 1741 27685 1915 255 139 298 129 5536 13736
leaf_count=92164 2339 6252 358 1283 8037 4961 962 63484 27049 11718 7843 9566 4892 30407 1862 10341 29464 4320 122 268 3674 1741 27685 1915 255 139 298 129 5536 13736
internal_value=0.00217194 -0.000698132 0.0040623 0.00132182 0.00586962 0.00983971 -0.00432239 0.00528834 0.000703218 -0.000536614 0.00199716 0.0140925 0.00572774 -0.00609235 0.00711709 0.00180652 0.00676115 0.00260537 -0.0013369 0.00271565 0.00311981 0.00418551 -0.00216692 0.00123165 0.00603612 0.0155298 0.00936396 -0.0011194 -0.00145794 -0.0024221
internal_weight=372800 148038 224762 95058 119863 15275 52980 104588 88806 53763 104899 10314 12735 32746 39363 22059 37501 35043 748 626 30723 65225 31704 4019 2104 821 566 268 20234 14698
internal_count=372800 148038 224762 95058 119863 15275 52980 104588 88806 53763 104899 10314 12735 32746 39363 22059 37501 35043 748 626 30723 65225 31704 4019 2104 821 566 268 20234 14698
cat_boundaries=0 1 2 3 4
cat_threshold=46 1 1 40
is_linear=0
shrinkage=0.05


Tree=166
num_leaves=31
num_cat=4
split_feature=1 14 14 2 9 14 3 2 1 14 9 2 3 2 15 2 2 5 0 14 2 3 3 4 2 11 3 1 2 9
split_gain=808.126 434.151 335.558 206.483 110.228 229.049 107.442 84.3885 83.378 82.9018 80.7448 76.7991 66.3671 53.8526 40.1751 34.6648 30.4107 26.3824 25.2135 26.2627 23.082 21.8138 21.2637 40.7705 48.5395 27.7121 22.3767 26.2247 19.9755 36.8518
threshold=1.0000000180025095e-35 0.099999999999996994 0.95000000000000295 0.98499999999999954 0 2.3000000000000083 9.7850000000000019 1.0600000000000016 6.5000000000000009 1.7000000000000013 1 0.98499999999999954 5.9250000000000007 0.79499999999999871 1.0000000180025095e-35 2.0849999999999995 0.58500000000000008 0.77023320773058968 2 1.600000000000001 4.6200000000000037 105.95500000000001 6.9850000000000003 -0.25671049665402423 1.9949999999999994 1.0000000180025095e-35 5.9250000000000007 2.5000000000000004 3.0049999999999994 3
decision_type=2 2 2 2 9 2 2 2 2 2 9 2 2 2 2 2 2 2 1 2 2 2 2 2 2 2 2 2 2 9
left_child=2 6 10 -3 5 11 13 14 9 22 -1 18 -12 -2 16 -11 -6 20 19 -4 -10 -9 23 24 -5 -26 27 -27 29 -8
right_child=1 3 4 8 7 -7 28 21 17 15 12 -13 -14 -15 -16 -17 -18 -19 -20 -21 -22 -23 -24 -25 25 26 -28 -29 -30 -31
leaf_value=0 0 0 -2.5810826449924398e-05 0 0 0.00018470082262984501 0.018901892659831429 0 0 0 0 0 0 0 0 -8.0260624658579088e-05 0 0 -2.5810826449924398e-05 0.0010352918756492359 -0.00078823886971899737 0 0 0 9.1204417650511715e-06 -0.024466967404630793 9.1204417650511715e-06 0.00010031505941872609 6.425641943408889e-05 0
leaf_weight=92164 2339 6252 358 1283 8037 4961 962 63484 27049 11718 7843 9566 4892 30407 1862 10341 29464 4320 122 268 3674 1741 27685 1915 255 139 298 129 5536 13736
leaf_count=92164 2339 6252 358 1283 8037 4961 962 63484 27049 11718 7843 9566 4892 30407 1862 10341 29464 4320 122 268 3674 1741 27685 1915 255 139 298 129 5536 13736
internal_value=0.00217302 -0.00069543 0.0040623 0.00132603 0.00586962 0.00983971 -0.00432239 0.00528834 0.000707722 -0.000529174 0.00199716 0.0140925 0.00572774 -0.00609235 0.00711709 0.00182465 0.00676115 0.00260537 -0.0013369 0.00271565 0.00311981 0.00418551 -0.00216692 0.00123165 0.00603612 0.0155298 0.00936396 -0.0011194 -0.00145794 -0.0024221
internal_weight=372800 148038 224762 95058 119863 15275 52980 104588 88806 53763 104899 10314 12735 32746 39363 22059 37501 35043 748 626 30723 65225 31704 4019 2104 821 566 268 20234 14698
internal_count=372800 148038 224762 95058 119863 15275 52980 104588 88806 53763 104899 10314 12735 32746 39363 22059 37501 35043 748 626 30723 65225 31704 4019 2104 821 566 268 20234 14698
cat_boundaries=0 1 2 3 4
cat_threshold=46 1 1 40
is_linear=0
shrinkage=0.05


Tree=167
num_leaves=31
num_cat=4
split_feature=1 14 14 2 9 14 3 2 1 14 9 2 3 2 15 2 2 5 0 14 2 3 3 4 2 11 3 1 2 9
split_gain=807.897 434.313 335.558 206.434 110.228 229.049 107.442 84.3885 83.5299 82.9018 80.7448 76.7991 66.3671 53.8526 40.1751 34.6648 30.4107 26.4235 25.2135 26.2627 22.7855 21.8138 21.2637 40.7705 48.5395 27.7121 22.3767 26.2247 19.9755 36.8518
threshold=1.0000000180025095e-35 0.099999999999996994 0.95000000000000295 0.98499999999999954 0 2.3000000000000083 9.7850000000000019 1.0600000000000016 6.5000000000000009 1.7000000000000013 1 0.98499999999999954 5.9250000000000007 0.79499999999999871 1.0000000180025095e-35 2.0849999999999995 0.58500000000000008 0.77023320773058968 2 1.600000000000001 4.6200000000000037 105.95500000000001 6.9850000000000003 -0.25671049665402423 1.9949999999999994 1.0000000180025095e-35 5.9250000000000007 2.5000000000000004 3.0049999999999994 3
decision_type=2 2 2 2 9 2 2 2 2 2 9 2 2 2 2 2 2 2 1 2 2 2 2 2 2 2 2 2 2 9
left_child=2 6 10 -3 5 11 13 14 9 22 -1 18 -12 -2 16 -11 -6 20 19 -4 -10 -9 23 24 -5 -26 27 -27 29 -8
right_child=1 3 4 8 7 -7 28 21 17 15 12 -13 -14 -15 -16 -17 -18 -19 -20 -21 -22 -23 -24 -25 25 26 -28 -29 -30 -31
leaf_value=0 0 0 -2.4520285127428181e-05 0 0 0.00017546578149835277 0.017956798026839856 0 0 0 0 0 0 0 0 -7.6247593425649024e-05 0 0 -2.4520285127428181e-05 0.00098352728186677503 -0.00074882692623304747 0 0 0 8.6644196767986117e-06 -0.023243619034399251 8.6644196767986117e-06 9.5299306447789775e-05 6.1043598462379173e-05 0
leaf_weight=92164 2339 6252 358 1283 8037 4961 962 63484 27049 11718 7843 9566 4892 30407 1862 10341 29464 4320 122 268 3674 1741 27685 1915 255 139 298 129 5536 13736
leaf_count=92164 2339 6252 358 1283 8037 4961 962 63484 27049 11718 7843 9566 4892 30407 1862 10341 29464 4320 122 268 3674 1741 27685 1915 255 139 298 129 5536 13736
internal_value=0.00217328 -0.000694754 0.0040623 0.00132708 0.00586962 0.00983971 -0.00432239 0.00528834 0.000708849 -0.000529174 0.00199716 0.0140925 0.00572774 -0.00609235 0.00711709 0.00182465 0.00676115 0.00260822 -0.0013369 0.00271565 0.00312307 0.00418551 -0.00216692 0.00123165 0.00603612 0.0155298 0.00936396 -0.0011194 -0.00145794 -0.0024221
internal_weight=372800 148038 224762 95058 119863 15275 52980 104588 88806 53763 104899 10314 12735 32746 39363 22059 37501 35043 748 626 30723 65225 31704 4019 2104 821 566 268 20234 14698
internal_count=372800 148038 224762 95058 119863 15275 52980 104588 88806 53763 104899 10314 12735 32746 39363 22059 37501 35043 748 626 30723 65225 31704 4019 2104 821 566 268 20234 14698
cat_boundaries=0 1 2 3 4
cat_threshold=46 1 1 40
is_linear=0
shrinkage=0.05


Tree=168
num_leaves=31
num_cat=4
split_feature=1 14 14 2 9 14 3 2 1 14 9 2 3 2 15 2 2 5 0 14 2 3 10 2 1 9 1 3 5 1
split_gain=812.492 440.592 335.558 206.384 110.228 229.049 102.684 84.3885 83.6819 82.9018 80.7448 76.7991 66.3671 53.8526 40.1751 34.6648 30.4107 26.4648 25.2135 26.2627 22.4909 21.8138 21.6221 30.9546 161.111 39.544 39.3237 30.9148 30.4182 31.627
threshold=1.0000000180025095e-35 0.099999999999996994 0.95000000000000295 0.98499999999999954 0 2.3000000000000083 9.7850000000000019 1.0600000000000016 6.5000000000000009 1.7000000000000013 1 0.98499999999999954 5.9250000000000007 0.79499999999999871 1.0000000180025095e-35 2.0849999999999995 0.58500000000000008 0.77023320773058968 2 1.600000000000001 4.6200000000000037 105.95500000000001 4.5000000000000009 1.2 1.5000000000000002 3 30.500000000000004 20.255000000000006 0.9686892750424313 16.500000000000004
decision_type=2 2 2 2 9 2 2 2 2 2 9 2 2 2 2 2 2 2 1 2 2 2 2 2 2 9 2 2 2 2
left_child=2 6 10 -3 5 11 13 14 9 -5 -1 18 -12 -2 16 -11 -6 20 19 -4 -10 -9 23 24 -8 -26 -27 28 29 -25
right_child=1 3 4 8 7 -7 22 21 17 15 12 -13 -14 -15 -16 -17 -18 -19 -20 -21 -22 -23 -24 27 25 26 -28 -29 -30 -31
leaf_value=0 0 0 -2.329427087105677e-05 0 0 0.00016669249242343511 0.00023941426011357968 0 0 0 0 0 0 0 0 -7.243521375436823e-05 0 0 -2.329427087105677e-05 0.00093435091777343551 -0.00071138557992139512 0 -4.0856962745523531e-05 3.9744977353717296e-05 0.017028011440602498 0 -2.5719209331423359e-05 -0.00059263900443969346 0.011422511248204526 0.0019094223399594623
leaf_weight=92164 2339 6252 358 31704 8037 4961 719 63484 27049 11718 7843 9566 4892 30407 1862 10341 29464 4320 122 268 3674 1741 7162 5441 135 2527 235 2710 101 1204
leaf_count=92164 2339 6252 358 31704 8037 4961 719 63484 27049 11718 7843 9566 4892 30407 1862 10341 29464 4320 122 268 3674 1741 7162 5441 135 2527 235 2710 101 1204
internal_value=0.00216792 -0.000708264 0.0040623 0.00132814 0.00586962 0.00983971 -0.00436202 0.00528834 0.000709975 -0.000529174 0.00199716 0.0140925 0.00572774 -0.00609235 0.00711709 0.00182465 0.00676115 0.00261108 -0.0013369 0.00271565 0.00312632 0.00418551 -0.00156173 -0.000351897 -0.0042865 -0.00954436 -0.0108225 0.00115271 0.00296472 0.00255079
internal_weight=372800 148038 224762 95058 119863 15275 52980 104588 88806 53763 104899 10314 12735 32746 39363 22059 37501 35043 748 626 30723 65225 20234 13072 3616 2897 2762 9456 6746 6645
internal_count=372800 148038 224762 95058 119863 15275 52980 104588 88806 53763 104899 10314 12735 32746 39363 22059 37501 35043 748 626 30723 65225 20234 13072 3616 2897 2762 9456 6746 6645
cat_boundaries=0 1 2 3 4
cat_threshold=46 1 1 32
is_linear=0
shrinkage=0.05


Tree=169
num_leaves=31
num_cat=3
split_feature=1 14 14 2 3 9 14 1 2 14 9 2 3 2 15 2 2 5 0 14 3 2 3 3 4 2 11 3 1 2
split_gain=766.678 386.078 335.558 206.088 151.287 110.228 229.049 84.5969 84.3885 82.9018 80.7448 76.7991 66.3671 53.8526 40.1751 34.6648 30.4107 26.7126 25.2135 26.2627 21.8138 21.7328 31.0782 21.2637 40.7705 48.5395 27.7121 22.3767 26.2247 19.5526
threshold=1.0000000180025095e-35 0.099999999999996994 0.95000000000000295 0.98499999999999954 9.7850000000000019 0 2.3000000000000083 6.5000000000000009 1.0600000000000016 1.7000000000000013 1 0.98499999999999954 5.9250000000000007 0.79499999999999871 1.0000000180025095e-35 2.0849999999999995 0.58500000000000008 0.77023320773058968 2 1.600000000000001 105.95500000000001 6.3799999999999981 9.4800000000000022 6.9850000000000003 -0.25671049665402423 1.9949999999999994 1.0000000180025095e-35 5.9250000000000007 2.5000000000000004 1.7850000000000004
decision_type=2 2 2 2 2 9 2 2 2 2 9 2 2 2 2 2 2 2 1 2 2 2 2 2 2 2 2 2 2 2
left_child=2 4 10 -3 13 6 11 9 14 23 -1 18 -12 -2 16 -11 -7 21 19 -4 -10 -9 -23 24 25 -5 -27 28 -28 -8
right_child=1 3 5 7 -6 8 29 17 20 15 12 -13 -14 -15 -16 -17 -18 -19 -20 -21 -22 22 -24 -25 -26 26 27 -29 -30 -31
leaf_value=0 0 0 -2.2129557327503932e-05 0 0 0 0.012421489749499854 0 0 0 0 0 0 0 0 -6.8813453066651761e-05 0 0 -2.2129557327503932e-05 0.00088763337188476623 0 0.009213776472070093 -0.020191576529312562 0 0 8.231198692958682e-06 -0.022081438082679289 8.231198692958682e-06 9.0534341125400291e-05 -0.00066976721210611039
leaf_weight=92164 2339 6252 358 1283 20234 8037 1552 28804 63484 11718 7843 9566 4892 30407 1862 10341 29464 4320 122 268 1741 173 1746 27685 1915 255 139 298 129 3409
leaf_count=92164 2339 6252 358 1283 20234 8037 1552 28804 63484 11718 7843 9566 4892 30407 1862 10341 29464 4320 122 268 1741 173 1746 27685 1915 255 139 298 129 3409
internal_value=0.0022221 -0.000571813 0.0040623 0.00133445 -0.00399207 0.00586962 0.00983971 0.000716731 0.00528834 -0.000529174 0.00199716 0.0140925 0.00572774 -0.00609235 0.00711709 0.00182465 0.00676115 0.0026282 -0.0013369 0.00271565 0.00418551 0.00314585 -0.00200625 -0.00216692 0.00123165 0.00603612 0.0155298 0.00936396 -0.0011194 0.00101794
internal_weight=372800 148038 224762 95058 52980 119863 15275 88806 104588 53763 104899 10314 12735 32746 39363 22059 37501 35043 748 626 65225 30723 1919 31704 4019 2104 821 566 268 4961
internal_count=372800 148038 224762 95058 52980 119863 15275 88806 104588 53763 104899 10314 12735 32746 39363 22059 37501 35043 748 626 65225 30723 1919 31704 4019 2104 821 566 268 4961
cat_boundaries=0 1 2 3
cat_threshold=46 1 1
is_linear=0
shrinkage=0.05


Tree=170
num_leaves=31
num_cat=3
split_feature=1 14 14 2 3 9 14 1 2 14 9 2 3 2 15 2 2 5 0 14 3 3 4 2 11 3 1 2 3 6
split_gain=765.419 386.535 334.98 205.939 151.287 108.961 231.883 85.0563 84.3885 82.9018 80.7448 76.7991 66.3671 53.8526 40.1751 34.6648 30.4107 26.837 25.2135 26.2627 21.8138 21.2637 40.7705 48.5395 27.7121 22.3767 26.2247 20.5139 28.8612 19.5213
threshold=1.0000000180025095e-35 0.099999999999996994 0.95000000000000295 0.98499999999999954 9.7850000000000019 0 2.3000000000000083 6.5000000000000009 1.0600000000000016 1.7000000000000013 1 0.98499999999999954 5.9250000000000007 0.79499999999999871 1.0000000180025095e-35 2.0849999999999995 0.58500000000000008 0.77023320773058968 2 1.600000000000001 105.95500000000001 6.9850000000000003 -0.25671049665402423 1.9949999999999994 1.0000000180025095e-35 5.9250000000000007 2.5000000000000004 6.3799999999999981 9.4800000000000022 2.5000000000000004
decision_type=2 2 2 2 2 9 2 2 2 2 9 2 2 2 2 2 2 2 1 2 2 2 2 2 2 2 2 2 2 2
left_child=2 4 10 -3 13 6 11 9 14 21 -1 18 -12 -2 16 -11 -7 27 19 -4 -10 22 23 -5 -25 26 -26 -9 -29 -16
right_child=1 3 5 7 -6 8 -8 17 20 15 12 -13 -14 -15 29 -17 -18 -19 -20 -21 -22 -23 -24 24 25 -27 -28 28 -30 -31
leaf_value=0 0 0 -2.1023079461128736e-05 0 0 0 0.00019184622840756889 0 0 0 0 0 0 0 0 -6.5372780413319739e-05 0 0 -2.1023079461128736e-05 0.00084325170329052623 0 0 0 7.8196387583107483e-06 -0.020977366178545329 7.8196387583107483e-06 8.6007624069130281e-05 0.0087530876484665891 -0.019181997702846922 0.039971704793667039
leaf_weight=92164 2339 6252 358 1283 20234 8037 4961 28804 63484 11718 7843 9566 4892 30407 854 10341 29464 4320 122 268 1741 27685 1915 255 139 298 129 173 1746 1008
leaf_count=92164 2339 6252 358 1283 20234 8037 4961 28804 63484 11718 7843 9566 4892 30407 854 10341 29464 4320 122 268 1741 27685 1915 255 139 298 129 173 1746 1008
internal_value=0.00222183 -0.000569786 0.00406052 0.0013376 -0.00399207 0.00586628 0.00981354 0.000720109 0.00528834 -0.000529174 0.00199716 0.0140925 0.00572774 -0.00609235 0.00711709 0.00182465 0.00676115 0.00263676 -0.0013369 0.00271565 0.00418551 -0.00216692 0.00123165 0.00603612 0.0155298 0.00936396 -0.0011194 0.00315562 -0.00184992 0.0142857
internal_weight=372800 148038 224762 95058 52980 119863 15275 88806 104588 53763 104899 10314 12735 32746 39363 22059 37501 35043 748 626 65225 31704 4019 2104 821 566 268 30723 1919 1862
internal_count=372800 148038 224762 95058 52980 119863 15275 88806 104588 53763 104899 10314 12735 32746 39363 22059 37501 35043 748 626 65225 31704 4019 2104 821 566 268 30723 1919 1862
cat_boundaries=0 1 2 3
cat_threshold=46 1 1
is_linear=0
shrinkage=0.05


Tree=171
num_leaves=31
num_cat=4
split_feature=1 14 14 2 3 9 14 1 14 9 2 3 2 2 2 5 3 0 14 3 4 2 11 3 1 1 2 10 3 9
split_gain=737.568 387.299 308.995 205.692 151.287 117.609 231.883 85.3166 83.2789 80.7448 76.7991 66.3671 64.5176 53.8526 34.328 26.9617 25.7793 25.2135 26.2627 21.2637 40.7705 48.5395 27.7121 22.3767 26.2247 20.1568 30.3073 27.5895 21.146 21.1278
threshold=1.0000000180025095e-35 0.099999999999996994 0.95000000000000295 0.98499999999999954 9.7850000000000019 0 2.3000000000000083 6.5000000000000009 1.7000000000000013 1 0.98499999999999954 5.9250000000000007 0.58500000000000008 0.79499999999999871 2.0849999999999995 0.77023320773058968 3.2350000000000003 2 1.600000000000001 6.9850000000000003 -0.25671049665402423 1.9949999999999994 1.0000000180025095e-35 5.9250000000000007 2.5000000000000004 35.500000000000007 2.1900000000000008 13.000000000000002 6.0200000000000005 3
decision_type=2 2 2 2 2 9 2 2 2 9 2 2 2 2 2 2 2 1 2 2 2 2 2 2 2 2 2 2 2 9
left_child=2 4 9 -3 13 6 10 8 19 -1 17 -11 -7 -2 -10 25 -14 18 -4 20 21 -5 -23 24 -24 26 27 -9 -28 -27
right_child=1 3 5 7 -6 12 -8 15 14 11 -12 -13 16 -15 -16 -17 -18 -19 -20 -21 -22 22 23 -25 -26 29 28 -29 -30 -31
leaf_value=0 0 0 -1.99719254880723e-05 0 0 0 0.00018225391698719045 0 0 0 0 0 0 0 -6.2104141392654855e-05 0 0 -1.99719254880723e-05 0.00080108911812599721 0 0 7.4286568203952097e-06 -0.019928497869618061 7.4286568203952097e-06 8.1707242865673761e-05 0.044547057342852692 0.0040592064594580117 0.0024130418366689918 -0.00022905230962288995 0
leaf_weight=92164 2339 6252 358 1283 20234 8478 4961 16651 11718 7843 9566 4892 1107 30407 10341 4320 95003 122 268 27685 1915 255 139 298 129 966 204 765 8683 3454
leaf_count=92164 2339 6252 358 1283 20234 8478 4961 16651 11718 7843 9566 4892 1107 30407 10341 4320 95003 122 268 27685 1915 255 139 298 129 966 204 765 8683 3454
internal_value=0.00217395 -0.000566409 0.00397888 0.00134286 -0.00399207 0.00571319 0.00981354 0.000725739 -0.000525454 0.00199716 0.0140925 0.00572774 0.00511291 -0.00609235 0.00183372 0.00264532 0.00474456 -0.0013369 0.00271565 -0.00216692 0.00123165 0.00603612 0.0155298 0.00936396 -0.0011194 0.00316538 0.00264038 0.00385278 0.000264431 0.00628959
internal_weight=372800 148038 224762 95058 52980 119863 15275 88806 53763 104899 10314 12735 104588 32746 22059 35043 96110 748 626 31704 4019 2104 821 566 268 30723 26303 17416 8887 4420
internal_count=372800 148038 224762 95058 52980 119863 15275 88806 53763 104899 10314 12735 104588 32746 22059 35043 96110 748 626 31704 4019 2104 821 566 268 30723 26303 17416 8887 4420
cat_boundaries=0 1 2 3 4
cat_threshold=46 1 1 142
is_linear=0
shrinkage=0.05


Tree=172
num_leaves=31
num_cat=4
split_feature=1 14 14 2 3 9 14 1 14 9 2 3 2 2 2 5 3 0 14 3 4 2 11 3 1 1 2 9 3 2
split_gain=742.619 383.794 308.995 206.83 151.287 117.609 231.883 81.5729 83.4677 80.7448 76.7991 66.3671 64.5176 53.8526 34.1603 25.9724 25.7793 25.2135 26.2627 21.2637 40.7705 48.5395 27.7121 22.3767 26.2247 20.7749 32.5159 21.2691 20.9677 19.9032
threshold=1.0000000180025095e-35 0.099999999999996994 0.95000000000000295 0.98499999999999954 9.7850000000000019 0 2.3000000000000083 6.5000000000000009 1.7000000000000013 1 0.98499999999999954 5.9250000000000007 0.58500000000000008 0.79499999999999871 2.0849999999999995 0.77023320773058968 3.2350000000000003 2 1.600000000000001 6.9850000000000003 -0.25671049665402423 1.9949999999999994 1.0000000180025095e-35 5.9250000000000007 2.5000000000000004 20.500000000000004 2.2050000000000001 3 6.0200000000000005 3.444999999999999
decision_type=2 2 2 2 2 9 2 2 2 9 2 2 2 2 2 2 2 1 2 2 2 2 2 2 2 2 2 9 2 2
left_child=2 4 9 -3 13 6 10 8 19 -1 17 -11 -7 -2 -10 25 -14 18 -4 20 21 -5 -23 24 -24 26 -9 -27 -28 -16
right_child=1 3 5 7 -6 12 -8 15 14 11 -12 -13 16 -15 29 -17 -18 -19 -20 -21 -22 22 23 -25 -26 27 28 -29 -30 -31
leaf_value=0 0 0 -1.8973329213668685e-05 0 0 0 0.00017314122113783095 0 0 0 0 0 0 0 -0.0050176807621056365 0 0 -1.8973329213668685e-05 0.00076103466221969516 0 0 7.0572239793754489e-06 -0.018932072976137162 7.0572239793754489e-06 7.7621880722390072e-05 0.031520706777933942 0.0046327030035235289 0 -0.0021782775413360508 0.00045606954989902971
leaf_weight=92164 2339 6252 358 1283 20234 8478 4961 13690 11718 7843 9566 4892 1107 30407 3908 4320 95003 122 268 27685 1915 255 139 298 129 2217 152 7856 6808 6433
leaf_count=92164 2339 6252 358 1283 20234 8478 4961 13690 11718 7843 9566 4892 1107 30407 3908 4320 95003 122 268 27685 1915 255 139 298 129 2217 152 7856 6808 6433
internal_value=0.00216778 -0.000581945 0.00397888 0.00131867 -0.00399207 0.00571319 0.00981354 0.00069984 -0.000523594 0.00199716 0.0140925 0.00572774 0.00511291 -0.00609235 0.00183825 0.00257683 0.00474456 -0.0013369 0.00271565 -0.00216692 0.00123165 0.00603612 0.0155298 0.00936396 -0.0011194 0.00308726 0.00217918 0.00494887 -0.000603448 -0.000256261
internal_weight=372800 148038 224762 95058 52980 119863 15275 88806 53763 104899 10314 12735 104588 32746 22059 35043 96110 748 626 31704 4019 2104 821 566 268 30723 20650 10073 6960 10341
internal_count=372800 148038 224762 95058 52980 119863 15275 88806 53763 104899 10314 12735 104588 32746 22059 35043 96110 748 626 31704 4019 2104 821 566 268 30723 20650 10073 6960 10341
cat_boundaries=0 1 2 3 4
cat_threshold=46 1 1 142
is_linear=0
shrinkage=0.05


Tree=173
num_leaves=31
num_cat=4
split_feature=1 14 14 2 3 9 14 9 1 14 2 3 2 2 2 5 3 0 14 3 4 2 11 3 1 1 2 3 9 13
split_gain=740.641 385.163 308.995 206.384 151.287 117.609 231.883 80.7448 80.4479 85.3679 76.7991 66.3671 64.5176 53.8526 32.5052 25.9316 25.7793 25.2135 26.2627 21.2637 40.7705 48.5395 27.7121 22.3767 26.2247 20.4061 32.2936 20.9349 20.5829 19.5156
threshold=1.0000000180025095e-35 0.099999999999996994 0.95000000000000295 0.98499999999999954 9.7850000000000019 0 2.3000000000000083 1 6.5000000000000009 1.7000000000000013 0.98499999999999954 5.9250000000000007 0.58500000000000008 0.79499999999999871 2.0849999999999995 0.77023320773058968 3.2350000000000003 2 1.600000000000001 6.9850000000000003 -0.25671049665402423 1.9949999999999994 1.0000000180025095e-35 5.9250000000000007 2.5000000000000004 20.500000000000004 2.2050000000000001 6.0200000000000005 3 1.2500000000000002
decision_type=2 2 2 2 2 9 2 9 2 2 2 2 2 2 2 2 2 1 2 2 2 2 2 2 2 2 2 2 9 2
left_child=2 4 7 29 13 6 10 -1 9 19 17 -9 -7 -2 -11 25 -14 18 -4 20 21 -5 -23 24 -24 26 -10 -28 -27 -3
right_child=1 3 5 8 -6 12 -8 11 15 14 -12 -13 16 -15 -16 -17 -18 -19 -20 -21 -22 22 23 -25 -26 28 27 -29 -30 -31
leaf_value=0 0 0 -1.8024662752985249e-05 0 0 0 0.0001644841600809394 0 0 0 0 0 0 0 -6.6611992610554613e-05 0 0 -1.8024662752985249e-05 0.000722982929108712 0 0 6.7043627804066764e-06 -0.017985469327330302 6.7043627804066764e-06 7.3740786686270565e-05 0.029944671439037243 0.0044010678533473518 -0.002069363664269248 0 0.11900829739639072
leaf_weight=92164 2339 6046 358 1283 20234 8478 4961 7843 13690 11718 9566 4892 1107 30407 10341 4320 95003 122 268 27685 1915 255 139 298 129 2217 152 6808 7856 206
leaf_count=92164 2339 6046 358 1283 20234 8478 4961 7843 13690 11718 9566 4892 1107 30407 10341 4320 95003 122 268 27685 1915 255 139 298 129 2217 152 6808 7856 206
internal_value=0.0021702 -0.000575866 0.00397888 0.00132814 -0.00399207 0.00571319 0.00981354 0.00199716 0.000709975 -0.000504994 0.0140925 0.00572774 0.00511291 -0.00609235 0.00188358 0.00257398 0.00474456 -0.0013369 0.00271565 -0.00216692 0.00123165 0.00603612 0.0155298 0.00936396 -0.0011194 0.00308401 0.00218402 -0.00058908 0.00492902 0.0101088
internal_weight=372800 148038 224762 95058 52980 119863 15275 104899 88806 53763 10314 12735 104588 32746 22059 35043 96110 748 626 31704 4019 2104 821 566 268 30723 20650 6960 10073 6252
internal_count=372800 148038 224762 95058 52980 119863 15275 104899 88806 53763 10314 12735 104588 32746 22059 35043 96110 748 626 31704 4019 2104 821 566 268 30723 20650 6960 10073 6252
cat_boundaries=0 1 2 3 4
cat_threshold=46 1 1 142
is_linear=0
shrinkage=0.05


Tree=174
num_leaves=31
num_cat=3
split_feature=1 14 14 2 3 9 14 1 14 9 2 3 2 2 2 5 3 0 14 3 4 2 11 3 1 1 2 3 3 3
split_gain=740.421 385.316 308.995 202.593 151.287 117.609 231.883 81.3451 85.3679 80.7448 76.7991 66.3671 64.5176 53.8526 32.5052 26.177 25.7793 25.2135 26.2627 21.2637 40.7705 48.5395 27.7121 22.3767 26.2247 19.7887 26.942 21.8439 20.9371 19.7135
threshold=1.0000000180025095e-35 0.099999999999996994 0.95000000000000295 0.98499999999999954 9.7850000000000019 0 2.3000000000000083 6.5000000000000009 1.7000000000000013 1 0.98499999999999954 5.9250000000000007 0.58500000000000008 0.79499999999999871 2.0849999999999995 0.77023320773058968 3.2350000000000003 2 1.600000000000001 6.9850000000000003 -0.25671049665402423 1.9949999999999994 1.0000000180025095e-35 5.9250000000000007 2.5000000000000004 35.500000000000007 2.1900000000000008 10.995000000000003 6.0200000000000005 20.255000000000006
decision_type=2 2 2 2 2 9 2 2 2 9 2 2 2 2 2 2 2 1 2 2 2 2 2 2 2 2 2 2 2 2
left_child=2 4 9 29 13 6 10 8 19 -1 17 -11 -7 -2 -10 25 -14 18 -4 20 21 -5 -23 24 -24 26 27 -9 -28 -3
right_child=1 3 5 7 -6 12 -8 15 14 11 -12 -13 16 -15 -16 -17 -18 -19 -20 -21 -22 22 23 -25 -26 -27 28 -29 -30 -31
leaf_value=0 0 0 -1.7123429615335987e-05 0 0 0 0.00015625995207689243 0 0 0 0 0 0 0 -6.3281392980024667e-05 0 0 -1.7123429615335987e-05 0.00068683378265327897 0 0 6.3691446413863421e-06 -0.017086195860963788 6.3691446413863421e-06 7.0053747351957042e-05 0 0.0038294655450706941 0 -1.7455556824110527e-05 0
leaf_weight=92164 2339 5042 358 1283 20234 8478 4961 5397 11718 7843 9566 4892 1107 30407 10341 4320 95003 122 268 27685 1915 255 139 298 129 4420 204 12019 8683 1210
leaf_count=92164 2339 5042 358 1283 20234 8478 4961 5397 11718 7843 9566 4892 1107 30407 10341 4320 95003 122 268 27685 1915 255 139 298 129 4420 204 12019 8683 1210
internal_value=0.00217047 -0.00057519 0.00397888 0.00132919 -0.00399207 0.00571319 0.00981354 0.000716731 -0.000504994 0.00199716 0.0140925 0.00572774 0.00511291 -0.00609235 0.00188358 0.0025911 0.00474456 -0.0013369 0.00271565 -0.00216692 0.00123165 0.00603612 0.0155298 0.00936396 -0.0011194 0.00310354 0.00258336 0.00372646 0.000343198 0.0100288
internal_weight=372800 148038 224762 95058 52980 119863 15275 88806 53763 104899 10314 12735 104588 32746 22059 35043 96110 748 626 31704 4019 2104 821 566 268 30723 26303 17416 8887 6252
internal_count=372800 148038 224762 95058 52980 119863 15275 88806 53763 104899 10314 12735 104588 32746 22059 35043 96110 748 626 31704 4019 2104 821 566 268 30723 26303 17416 8887 6252
cat_boundaries=0 1 2 3
cat_threshold=46 1 1
is_linear=0
shrinkage=0.05


Tree=175
num_leaves=31
num_cat=3
split_feature=1 14 14 2 3 9 14 1 14 9 2 3 2 2 2 5 3 0 14 3 4 2 11 3 1 1 2 3 3 3
split_gain=740.421 385.316 308.995 202.593 151.287 117.609 231.883 81.3451 85.3679 80.7448 76.7991 66.3671 64.5176 53.8526 32.5052 26.177 25.7793 25.2135 26.2627 21.2637 40.7705 48.5395 27.7121 22.3767 26.2247 19.7887 26.942 21.8439 20.9371 19.7135
threshold=1.0000000180025095e-35 0.099999999999996994 0.95000000000000295 0.98499999999999954 9.7850000000000019 0 2.3000000000000083 6.5000000000000009 1.7000000000000013 1 0.98499999999999954 5.9250000000000007 0.58500000000000008 0.79499999999999871 2.0849999999999995 0.77023320773058968 3.2350000000000003 2 1.600000000000001 6.9850000000000003 -0.25671049665402423 1.9949999999999994 1.0000000180025095e-35 5.9250000000000007 2.5000000000000004 35.500000000000007 2.1900000000000008 10.995000000000003 6.0200000000000005 20.255000000000006
decision_type=2 2 2 2 2 9 2 2 2 9 2 2 2 2 2 2 2 1 2 2 2 2 2 2 2 2 2 2 2 2
left_child=2 4 9 29 13 6 10 8 19 -1 17 -11 -7 -2 -10 25 -14 18 -4 20 21 -5 -23 24 -24 26 27 -9 -28 -3
right_child=1 3 5 7 -6 12 -8 15 14 11 -12 -13 16 -15 -16 -17 -18 -19 -20 -21 -22 22 23 -25 -26 -27 28 -29 -30 -31
leaf_value=0 0 0 -1.6267258134569189e-05 0 0 0 0.00014844695447304779 0 0 0 0 0 0 0 -6.011732333102149e-05 0 0 -1.6267258134569189e-05 0.00065249209352061244 0 0 6.0506874093170248e-06 -0.016231886067915598 6.0506874093170248e-06 6.6551059984359189e-05 0 0.00363799226781716 0 -1.6582778982905004e-05 0
leaf_weight=92164 2339 5042 358 1283 20234 8478 4961 5397 11718 7843 9566 4892 1107 30407 10341 4320 95003 122 268 27685 1915 255 139 298 129 4420 204 12019 8683 1210
leaf_count=92164 2339 5042 358 1283 20234 8478 4961 5397 11718 7843 9566 4892 1107 30407 10341 4320 95003 122 268 27685 1915 255 139 298 129 4420 204 12019 8683 1210
internal_value=0.00217047 -0.00057519 0.00397888 0.00132919 -0.00399207 0.00571319 0.00981354 0.000716731 -0.000504994 0.00199716 0.0140925 0.00572774 0.00511291 -0.00609235 0.00188358 0.0025911 0.00474456 -0.0013369 0.00271565 -0.00216692 0.00123165 0.00603612 0.0155298 0.00936396 -0.0011194 0.00310354 0.00258336 0.00372646 0.000343198 0.0100288
internal_weight=372800 148038 224762 95058 52980 119863 15275 88806 53763 104899 10314 12735 104588 32746 22059 35043 96110 748 626 31704 4019 2104 821 566 268 30723 26303 17416 8887 6252
internal_count=372800 148038 224762 95058 52980 119863 15275 88806 53763 104899 10314 12735 104588 32746 22059 35043 96110 748 626 31704 4019 2104 821 566 268 30723 26303 17416 8887 6252
cat_boundaries=0 1 2 3
cat_threshold=46 1 1
is_linear=0
shrinkage=0.05


Tree=176
num_leaves=31
num_cat=3
split_feature=1 14 14 2 3 9 14 1 14 9 2 3 2 2 2 5 3 0 14 2 4 4 12 3 4 2 11 3 1 4
split_gain=737.53 385.316 306.227 202.593 151.287 111.14 246.313 81.3451 85.3679 80.7448 76.7991 66.3671 64.5176 53.8526 32.5052 26.177 25.7793 25.2135 26.2627 21.4988 23.7554 25.6321 26.8459 21.2637 40.7705 48.5395 27.7121 22.3767 26.2247 19.8534
threshold=1.0000000180025095e-35 0.099999999999996994 0.95000000000000295 0.98499999999999954 9.7850000000000019 0 2.3000000000000083 6.5000000000000009 1.7000000000000013 1 0.98499999999999954 5.9250000000000007 0.58500000000000008 0.79499999999999871 2.0849999999999995 0.77023320773058968 3.2350000000000003 2 1.600000000000001 1.7850000000000004 -0.55011510741598568 -0.013089595571345017 1.0000000180025095e-35 6.9850000000000003 -0.25671049665402423 1.9949999999999994 1.0000000180025095e-35 5.9250000000000007 2.5000000000000004 0.89974614281087761
decision_type=2 2 2 2 2 9 2 2 2 9 2 2 2 2 2 2 2 1 2 2 2 2 2 2 2 2 2 2 2 2
left_child=2 4 9 -3 13 6 10 8 23 -1 17 -11 -7 -2 -10 -9 -14 18 -4 20 -8 -22 -23 24 25 -5 -27 28 -28 -21
right_child=1 3 5 7 -6 12 19 15 14 11 -12 -13 16 -15 -16 -17 -18 -19 -20 29 21 22 -24 -25 -26 26 27 -29 -30 -31
leaf_value=0 0 0 -1.5453895227840727e-05 0 0 0 0.012076529965768846 0 0 0 0 0 0 0 -5.7111457164471524e-05 0 0 -1.5453895227840727e-05 0.00061986748884458327 -0.00081633814451259666 -0.016745456432551244 0.026173015787659928 -0.010275307620759545 0 0 5.7481530388511736e-06 -0.015420291764519818 5.7481530388511736e-06 6.3223506985141221e-05 0.045763406659409825
leaf_weight=92164 2339 6252 358 1283 20234 8478 681 30723 11718 7843 9566 4892 1107 30407 10341 4320 95003 122 268 3013 312 210 349 27685 1915 255 139 298 129 396
leaf_count=92164 2339 6252 358 1283 20234 8478 681 30723 11718 7843 9566 4892 1107 30407 10341 4320 95003 122 268 3013 312 210 349 27685 1915 255 139 298 129 396
internal_value=0.0021651 -0.00057519 0.00396998 0.00132919 -0.00399207 0.0056965 0.0096827 0.000716731 -0.000504994 0.00199716 0.0140925 0.00572774 0.00511291 -0.00609235 0.00188358 0.0025911 0.00474456 -0.0013369 0.00271565 0.000534166 0.00541237 -5.74053e-05 0.00635063 -0.00216692 0.00123165 0.00603612 0.0155298 0.00936396 -0.0011194 -0.00168671
internal_weight=372800 148038 224762 95058 52980 119863 15275 88806 53763 104899 10314 12735 104588 32746 22059 35043 96110 748 626 4961 1552 871 559 31704 4019 2104 821 566 268 3409
internal_count=372800 148038 224762 95058 52980 119863 15275 88806 53763 104899 10314 12735 104588 32746 22059 35043 96110 748 626 4961 1552 871 559 31704 4019 2104 821 566 268 3409
cat_boundaries=0 1 2 3
cat_threshold=46 1 1
is_linear=0
shrinkage=0.05


Tree=177
num_leaves=31
num_cat=3
split_feature=1 14 14 2 3 9 14 1 14 9 2 3 2 2 2 5 3 0 14 3 4 2 11 3 1 1 2 3 3 3
split_gain=737.53 385.316 306.227 202.593 151.287 111.14 246.313 81.3451 85.3679 80.7448 76.7991 66.3671 64.5176 53.8526 32.5052 26.177 25.7793 25.2135 26.2627 21.2637 40.7705 48.5395 27.7121 22.3767 26.2247 19.7887 26.942 21.8439 20.9371 19.7135
threshold=1.0000000180025095e-35 0.099999999999996994 0.95000000000000295 0.98499999999999954 9.7850000000000019 0 2.3000000000000083 6.5000000000000009 1.7000000000000013 1 0.98499999999999954 5.9250000000000007 0.58500000000000008 0.79499999999999871 2.0849999999999995 0.77023320773058968 3.2350000000000003 2 1.600000000000001 6.9850000000000003 -0.25671049665402423 1.9949999999999994 1.0000000180025095e-35 5.9250000000000007 2.5000000000000004 35.500000000000007 2.1900000000000008 10.995000000000003 6.0200000000000005 20.255000000000006
decision_type=2 2 2 2 2 9 2 2 2 9 2 2 2 2 2 2 2 1 2 2 2 2 2 2 2 2 2 2 2 2
left_child=2 4 9 29 13 6 10 8 19 -1 17 -11 -7 -2 -10 25 -14 18 -4 20 21 -5 -23 24 -24 26 27 -9 -28 -3
right_child=1 3 5 7 -6 12 -8 15 14 11 -12 -13 16 -15 -16 -17 -18 -19 -20 -21 -22 22 23 -25 -26 -27 28 -29 -30 -31
leaf_value=0 0 0 -1.4681200466448692e-05 0 0 0 0.00012607736963893729 0 0 0 0 0 0 0 -5.4255884306247953e-05 0 0 -1.4681200466448692e-05 0.00058887411440235464 0 0 5.460745386908615e-06 -0.014649277176293824 5.460745386908615e-06 6.0062331635884162e-05 0 0.0034560926544263018 0 -1.5753640033759752e-05 0
leaf_weight=92164 2339 5042 358 1283 20234 8478 4961 5397 11718 7843 9566 4892 1107 30407 10341 4320 95003 122 268 27685 1915 255 139 298 129 4420 204 12019 8683 1210
leaf_count=92164 2339 5042 358 1283 20234 8478 4961 5397 11718 7843 9566 4892 1107 30407 10341 4320 95003 122 268 27685 1915 255 139 298 129 4420 204 12019 8683 1210
internal_value=0.0021651 -0.00057519 0.00396998 0.00132919 -0.00399207 0.0056965 0.0096827 0.000716731 -0.000504994 0.00199716 0.0140925 0.00572774 0.00511291 -0.00609235 0.00188358 0.0025911 0.00474456 -0.0013369 0.00271565 -0.00216692 0.00123165 0.00603612 0.0155298 0.00936396 -0.0011194 0.00310354 0.00258336 0.00372646 0.000343198 0.0100288
internal_weight=372800 148038 224762 95058 52980 119863 15275 88806 53763 104899 10314 12735 104588 32746 22059 35043 96110 748 626 31704 4019 2104 821 566 268 30723 26303 17416 8887 6252
internal_count=372800 148038 224762 95058 52980 119863 15275 88806 53763 104899 10314 12735 104588 32746 22059 35043 96110 748 626 31704 4019 2104 821 566 268 30723 26303 17416 8887 6252
cat_boundaries=0 1 2 3
cat_threshold=46 1 1
is_linear=0
shrinkage=0.05


Tree=178
num_leaves=31
num_cat=3
split_feature=1 14 14 2 3 9 14 1 14 9 2 3 2 2 2 5 3 0 14 3 4 2 11 3 1 1 2 3 3 3
split_gain=737.53 385.316 306.227 202.593 151.287 111.14 246.313 81.3451 85.3679 80.7448 76.7991 66.3671 64.5176 53.8526 32.5052 26.177 25.7793 25.2135 26.2627 21.2637 40.7705 48.5395 27.7121 22.3767 26.2247 19.7887 26.942 21.8439 20.9371 19.7135
threshold=1.0000000180025095e-35 0.099999999999996994 0.95000000000000295 0.98499999999999954 9.7850000000000019 0 2.3000000000000083 6.5000000000000009 1.7000000000000013 1 0.98499999999999954 5.9250000000000007 0.58500000000000008 0.79499999999999871 2.0849999999999995 0.77023320773058968 3.2350000000000003 2 1.600000000000001 6.9850000000000003 -0.25671049665402423 1.9949999999999994 1.0000000180025095e-35 5.9250000000000007 2.5000000000000004 35.500000000000007 2.1900000000000008 10.995000000000003 6.0200000000000005 20.255000000000006
decision_type=2 2 2 2 2 9 2 2 2 9 2 2 2 2 2 2 2 1 2 2 2 2 2 2 2 2 2 2 2 2
left_child=2 4 9 29 13 6 10 8 19 -1 17 -11 -7 -2 -10 25 -14 18 -4 20 21 -5 -23 24 -24 26 27 -9 -28 -3
right_child=1 3 5 7 -6 12 -8 15 14 11 -12 -13 16 -15 -16 -17 -18 -19 -20 -21 -22 22 23 -25 -26 -27 28 -29 -30 -31
leaf_value=0 0 0 -1.3947140443126259e-05 0 0 0 0.00011977350115699043 0 0 0 0 0 0 0 -5.1543090090933057e-05 0 0 -1.3947140443126259e-05 0.00055943040868223777 0 0 5.1877081175631846e-06 -0.013916813317479133 5.1877081175631846e-06 5.705921505408995e-05 0 0.0032832880217049869 0 -1.4965958032071766e-05 0
leaf_weight=92164 2339 5042 358 1283 20234 8478 4961 5397 11718 7843 9566 4892 1107 30407 10341 4320 95003 122 268 27685 1915 255 139 298 129 4420 204 12019 8683 1210
leaf_count=92164 2339 5042 358 1283 20234 8478 4961 5397 11718 7843 9566 4892 1107 30407 10341 4320 95003 122 268 27685 1915 255 139 298 129 4420 204 12019 8683 1210
internal_value=0.0021651 -0.00057519 0.00396998 0.00132919 -0.00399207 0.0056965 0.0096827 0.000716731 -0.000504994 0.00199716 0.0140925 0.00572774 0.00511291 -0.00609235 0.00188358 0.0025911 0.00474456 -0.0013369 0.00271565 -0.00216692 0.00123165 0.00603612 0.0155298 0.00936396 -0.0011194 0.00310354 0.00258336 0.00372646 0.000343198 0.0100288
internal_weight=372800 148038 224762 95058 52980 119863 15275 88806 53763 104899 10314 12735 104588 32746 22059 35043 96110 748 626 31704 4019 2104 821 566 268 30723 26303 17416 8887 6252
internal_count=372800 148038 224762 95058 52980 119863 15275 88806 53763 104899 10314 12735 104588 32746 22059 35043 96110 748 626 31704 4019 2104 821 566 268 30723 26303 17416 8887 6252
cat_boundaries=0 1 2 3
cat_threshold=46 1 1
is_linear=0
shrinkage=0.05


Tree=179
num_leaves=31
num_cat=3
split_feature=1 14 14 2 3 9 14 1 14 9 2 3 2 2 2 5 3 0 14 3 4 2 11 3 1 1 2 3 3 3
split_gain=737.53 385.316 306.227 202.593 151.287 111.14 246.313 81.3451 85.3679 80.7448 76.7991 66.3671 64.5176 53.8526 32.5052 26.177 25.7793 25.2135 26.2627 21.2637 40.7705 48.5395 27.7121 22.3767 26.2247 19.7887 26.942 21.8439 20.9371 19.7135
threshold=1.0000000180025095e-35 0.099999999999996994 0.95000000000000295 0.98499999999999954 9.7850000000000019 0 2.3000000000000083 6.5000000000000009 1.7000000000000013 1 0.98499999999999954 5.9250000000000007 0.58500000000000008 0.79499999999999871 2.0849999999999995 0.77023320773058968 3.2350000000000003 2 1.600000000000001 6.9850000000000003 -0.25671049665402423 1.9949999999999994 1.0000000180025095e-35 5.9250000000000007 2.5000000000000004 35.500000000000007 2.1900000000000008 10.995000000000003 6.0200000000000005 20.255000000000006
decision_type=2 2 2 2 2 9 2 2 2 9 2 2 2 2 2 2 2 1 2 2 2 2 2 2 2 2 2 2 2 2
left_child=2 4 9 29 13 6 10 8 19 -1 17 -11 -7 -2 -10 25 -14 18 -4 20 21 -5 -23 24 -24 26 27 -9 -28 -3
right_child=1 3 5 7 -6 12 -8 15 14 11 -12 -13 16 -15 -16 -17 -18 -19 -20 -21 -22 22 23 -25 -26 -27 28 -29 -30 -31
leaf_value=0 0 0 -1.3249783420969945e-05 0 0 0 0.0001137848260991409 0 0 0 0 0 0 0 -4.8965935586386958e-05 0 0 -1.3249783420969945e-05 0.00053145888824812637 0 0 4.9283227116850258e-06 -0.013220972651605174 4.9283227116850258e-06 5.4206254301385453e-05 0 0.0031191236206197376 0 -1.4217660130468177e-05 0
leaf_weight=92164 2339 5042 358 1283 20234 8478 4961 5397 11718 7843 9566 4892 1107 30407 10341 4320 95003 122 268 27685 1915 255 139 298 129 4420 204 12019 8683 1210
leaf_count=92164 2339 5042 358 1283 20234 8478 4961 5397 11718 7843 9566 4892 1107 30407 10341 4320 95003 122 268 27685 1915 255 139 298 129 4420 204 12019 8683 1210
internal_value=0.0021651 -0.00057519 0.00396998 0.00132919 -0.00399207 0.0056965 0.0096827 0.000716731 -0.000504994 0.00199716 0.0140925 0.00572774 0.00511291 -0.00609235 0.00188358 0.0025911 0.00474456 -0.0013369 0.00271565 -0.00216692 0.00123165 0.00603612 0.0155298 0.00936396 -0.0011194 0.00310354 0.00258336 0.00372646 0.000343198 0.0100288
internal_weight=372800 148038 224762 95058 52980 119863 15275 88806 53763 104899 10314 12735 104588 32746 22059 35043 96110 748 626 31704 4019 2104 821 566 268 30723 26303 17416 8887 6252
internal_count=372800 148038 224762 95058 52980 119863 15275 88806 53763 104899 10314 12735 104588 32746 22059 35043 96110 748 626 31704 4019 2104 821 566 268 30723 26303 17416 8887 6252
cat_boundaries=0 1 2 3
cat_threshold=46 1 1
is_linear=0
shrinkage=0.05


Tree=180
num_leaves=31
num_cat=3
split_feature=1 14 14 2 3 9 14 2 1 14 9 3 2 2 2 5 3 3 4 2 11 3 1 1 2 3 3 3 14 9
split_gain=730.6 386.23 300.864 202.299 151.287 99.0503 232.766 132.483 80.7597 86.5182 80.7448 66.3671 64.5176 53.8526 31.5319 26.177 25.7793 21.2637 40.7705 48.5395 27.7121 22.3767 26.2247 19.7887 26.942 21.8439 20.9371 19.7135 34.0176 40.8007
threshold=1.0000000180025095e-35 0.099999999999996994 0.95000000000000295 0.98499999999999954 9.7850000000000019 0 2.3000000000000083 0.98499999999999954 6.5000000000000009 1.7000000000000013 1 5.9250000000000007 0.58500000000000008 0.79499999999999871 2.0849999999999995 0.77023320773058968 3.2350000000000003 6.9850000000000003 -0.25671049665402423 1.9949999999999994 1.0000000180025095e-35 5.9250000000000007 2.5000000000000004 35.500000000000007 2.1900000000000008 10.995000000000003 6.0200000000000005 20.255000000000006 5.9500000000000037 2
decision_type=2 2 2 2 2 9 2 2 2 2 9 2 2 2 2 2 2 2 2 2 2 2 2 2 2 2 2 2 2 9
left_child=2 4 10 27 13 6 7 -4 9 17 -1 -12 -7 -2 -11 23 -14 18 19 -5 -21 22 -22 24 25 -10 -26 -3 29 -29
right_child=1 3 5 8 -6 12 -8 -9 15 14 11 -13 16 -15 -16 -17 -18 -19 -20 20 21 -23 -24 -25 26 -27 -28 28 -30 -31
leaf_value=0 0 0 -1.2587294249921449e-05 0 0 0 0.00010809558479418385 0 0 0 0 0 0 0 -4.6517638807069832e-05 0 0 0 0 4.6819065761007742e-06 -0.012559924019024915 4.6819065761007742e-06 5.1495941586316181e-05 0 0.0029631674395887504 0 -1.3506777123944769e-05 0 0.15498132695052491 0.0013507975192641826
leaf_weight=92164 2339 5042 748 1283 20234 8478 4961 9566 5397 11718 7843 4892 1107 30407 10341 4320 95003 27685 1915 255 139 298 129 4420 204 12019 8683 466 130 614
leaf_count=92164 2339 5042 748 1283 20234 8478 4961 9566 5397 11718 7843 4892 1107 30407 10341 4320 95003 27685 1915 255 139 298 129 4420 204 12019 8683 466 130 614
internal_value=0.00215625 -0.000571137 0.00395263 0.0013355 -0.00399207 0.00566397 0.00942754 0.0137144 0.000723487 -0.000493834 0.00199716 0.00572774 0.00511291 -0.00609235 0.00191078 0.0025911 0.00474456 -0.00216692 0.00123165 0.00603612 0.0155298 0.00936396 -0.0011194 0.00310354 0.00258336 0.00372646 0.000343198 0.0100288 0.00429752 0.00138889
internal_weight=372800 148038 224762 95058 52980 119863 15275 10314 88806 53763 104899 12735 104588 32746 22059 35043 96110 31704 4019 2104 821 566 268 30723 26303 17416 8887 6252 1210 1080
internal_count=372800 148038 224762 95058 52980 119863 15275 10314 88806 53763 104899 12735 104588 32746 22059 35043 96110 31704 4019 2104 821 566 268 30723 26303 17416 8887 6252 1210 1080
cat_boundaries=0 1 2 3
cat_threshold=46 1 1
is_linear=0
shrinkage=0.05


Tree=181
num_leaves=31
num_cat=3
split_feature=1 14 14 2 3 9 14 2 9 1 14 3 2 2 2 5 3 3 4 2 11 3 1 1 2 3 3 3 14 9
split_gain=730.382 386.383 300.864 202.25 151.287 99.0503 232.766 132.483 80.7448 80.6624 86.7107 66.3671 64.5176 53.8526 31.3711 26.177 25.7793 21.2637 40.7705 48.5395 27.7121 22.3767 26.2247 19.7887 26.942 21.8439 20.9371 19.7135 34.0176 40.8007
threshold=1.0000000180025095e-35 0.099999999999996994 0.95000000000000295 0.98499999999999954 9.7850000000000019 0 2.3000000000000083 0.98499999999999954 1 6.5000000000000009 1.7000000000000013 5.9250000000000007 0.58500000000000008 0.79499999999999871 2.0849999999999995 0.77023320773058968 3.2350000000000003 6.9850000000000003 -0.25671049665402423 1.9949999999999994 1.0000000180025095e-35 5.9250000000000007 2.5000000000000004 35.500000000000007 2.1900000000000008 10.995000000000003 6.0200000000000005 20.255000000000006 5.9500000000000037 2
decision_type=2 2 2 2 2 9 2 2 9 2 2 2 2 2 2 2 2 2 2 2 2 2 2 2 2 2 2 2 2 9
left_child=2 4 8 27 13 6 7 -4 -1 10 17 -10 -7 -2 -12 23 -14 18 19 -5 -21 22 -22 24 25 -11 -26 -3 29 -29
right_child=1 3 5 9 -6 12 -8 -9 11 15 14 -13 16 -15 -16 -17 -18 -19 -20 20 21 -23 -24 -25 26 -27 -28 28 -30 -31
leaf_value=0 0 0 -1.1957929537425377e-05 0 0 0 0.00010269080555447466 0 0 0 0 0 0 0 -4.4191756866718283e-05 0 0 0 0 4.4478112472957355e-06 -0.011931927818073668 4.4478112472957355e-06 4.8921144507000368e-05 0 0.0028150090676093129 0 -1.2831438267747531e-05 0 0.14723226060299865 0.0012832576433009753
leaf_weight=92164 2339 5042 748 1283 20234 8478 4961 9566 7843 5397 11718 4892 1107 30407 10341 4320 95003 27685 1915 255 139 298 129 4420 204 12019 8683 466 130 614
leaf_count=92164 2339 5042 748 1283 20234 8478 4961 9566 7843 5397 11718 4892 1107 30407 10341 4320 95003 27685 1915 255 139 298 129 4420 204 12019 8683 466 130 614
internal_value=0.00215652 -0.000570462 0.00395263 0.00133655 -0.00399207 0.00566397 0.00942754 0.0137144 0.00199716 0.000724613 -0.000491974 0.00572774 0.00511291 -0.00609235 0.00191532 0.0025911 0.00474456 -0.00216692 0.00123165 0.00603612 0.0155298 0.00936396 -0.0011194 0.00310354 0.00258336 0.00372646 0.000343198 0.0100288 0.00429752 0.00138889
internal_weight=372800 148038 224762 95058 52980 119863 15275 10314 104899 88806 53763 12735 104588 32746 22059 35043 96110 31704 4019 2104 821 566 268 30723 26303 17416 8887 6252 1210 1080
internal_count=372800 148038 224762 95058 52980 119863 15275 10314 104899 88806 53763 12735 104588 32746 22059 35043 96110 31704 4019 2104 821 566 268 30723 26303 17416 8887 6252 1210 1080
cat_boundaries=0 1 2 3
cat_threshold=46 1 1
is_linear=0
shrinkage=0.05


Tree=182
num_leaves=31
num_cat=2
split_feature=1 14 14 2 3 9 14 2 9 1 14 3 3 2 2 2 4 5 3 10 3 4 2 11 3 1 2 10 1 2
split_gain=743.75 377.133 300.864 160.063 151.287 99.0503 232.766 132.483 80.7448 80.6171 87.0963 77.8601 66.3671 64.5176 53.8526 31.0508 29.9698 26.218 25.7793 22.8644 21.2637 40.7705 48.5395 27.7121 22.3767 26.2247 19.7695 25.4409 20.5786 24.7431
threshold=1.0000000180025095e-35 0.099999999999996994 0.95000000000000295 0.98499999999999954 9.7850000000000019 0 2.3000000000000083 0.98499999999999954 1 6.5000000000000009 1.7000000000000013 31.655000000000005 5.9250000000000007 0.58500000000000008 0.79499999999999871 2.0849999999999995 0.5094157245188784 0.77023320773058968 3.2350000000000003 2.5000000000000004 6.9850000000000003 -0.25671049665402423 1.9949999999999994 1.0000000180025095e-35 5.9250000000000007 2.5000000000000004 11.900000000000004 13.000000000000002 20.500000000000004 2.2050000000000001
decision_type=2 2 2 2 2 9 2 2 9 2 2 2 2 2 2 2 2 2 2 2 2 2 2 2 2 2 2 2 2 2
left_child=2 4 8 11 14 6 7 -4 -1 10 20 19 -10 -7 -2 -12 -13 26 -15 -3 21 22 -5 -24 25 -25 28 -28 29 -11
right_child=1 3 5 9 -6 13 -8 -9 12 17 15 16 -14 18 -16 -17 -18 -19 -20 -21 -22 -23 23 24 -26 -27 27 -29 -30 -31
leaf_value=0 0 0 -1.1360033060554108e-05 0 0 0 9.7556265276750923e-05 0 0 0 0 -0.0019282603293120917 0 0 0 -4.198216902338015e-05 0.036762084503203632 0 0 0 0 0 4.2254206849309488e-06 -0.011335331427169987 4.2254206849309488e-06 4.647508728165035e-05 -0.055289158129129407 0.021653300151922922 0 -0.00045724752258151613
leaf_weight=92164 2339 1525 748 1283 20234 8478 4961 9566 7843 13690 11718 407 4892 1107 30407 10341 114 4320 95003 4206 27685 1915 255 139 298 129 531 180 9830 6492
leaf_count=92164 2339 1525 748 1283 20234 8478 4961 9566 7843 13690 11718 407 4892 1107 30407 10341 114 4320 95003 4206 27685 1915 255 139 298 129 531 180 9830 6492
internal_value=0.00214016 -0.000611667 0.00395263 0.00127238 -0.00399207 0.00566397 0.00942754 0.0137144 0.00199716 0.000727991 -0.000488254 0.00900512 0.00572774 0.00511291 -0.00609235 0.00192438 -0.00950096 0.00259396 0.00474456 0.0106875 -0.00216692 0.00123165 0.00603612 0.0155298 0.00936396 -0.0011194 0.00310679 -0.00513361 0.00330201 0.00238827
internal_weight=372800 148038 224762 95058 52980 119863 15275 10314 104899 88806 53763 6252 12735 104588 32746 22059 521 35043 96110 5731 31704 4019 2104 821 566 268 30723 711 30012 20182
internal_count=372800 148038 224762 95058 52980 119863 15275 10314 104899 88806 53763 6252 12735 104588 32746 22059 521 35043 96110 5731 31704 4019 2104 821 566 268 30723 711 30012 20182
cat_boundaries=0 1 2
cat_threshold=46 1
is_linear=0
shrinkage=0.05


Tree=183
num_leaves=31
num_cat=3
split_feature=1 14 14 2 3 9 14 2 1 14 9 3 2 2 2 5 3 3 9 3 4 2 11 3 1 2 10 1 2 3
split_gain=730.382 386.383 300.864 198.545 151.287 99.0503 232.766 132.483 80.9159 87.0963 80.7448 66.3671 64.5176 53.8526 31.0508 26.3001 25.7793 22.0726 36.1223 21.2637 40.7705 48.5395 27.7121 22.3767 26.2247 19.8007 23.7305 20.4327 24.338 20.3819
threshold=1.0000000180025095e-35 0.099999999999996994 0.95000000000000295 0.98499999999999954 9.7850000000000019 0 2.3000000000000083 0.98499999999999954 6.5000000000000009 1.7000000000000013 1 5.9250000000000007 0.58500000000000008 0.79499999999999871 2.0849999999999995 0.77023320773058968 3.2350000000000003 20.255000000000006 2 6.9850000000000003 -0.25671049665402423 1.9949999999999994 1.0000000180025095e-35 5.9250000000000007 2.5000000000000004 11.900000000000004 13.000000000000002 20.500000000000004 2.2050000000000001 18.980000000000004
decision_type=2 2 2 2 2 9 2 2 2 2 9 2 2 2 2 2 2 2 9 2 2 2 2 2 2 2 2 2 2 2
left_child=2 4 10 17 13 6 7 -4 9 19 -1 -12 -7 -2 -11 25 -14 -3 -19 20 21 -5 -23 24 -24 27 -27 28 -10 -29
right_child=1 3 5 8 -6 12 -8 -9 15 14 11 -13 16 -15 -16 -17 -18 18 -20 -21 -22 22 23 -25 -26 26 -28 29 -30 -31
leaf_value=0 0 0 -1.0792031407526402e-05 0 0 0 9.2678452012913382e-05 0 0 0 0 0 0 0 -3.9883060572210033e-05 0 0 0 0.014953576779337025 0 0 4.0141496506844006e-06 -0.010768564855811485 4.0141496506844006e-06 4.4151332917567833e-05 -0.052524700222672929 0.020570635144326777 0 -0.00043438514645244037 0.0045296987452545746
leaf_weight=92164 2339 5042 748 1283 20234 8478 4961 9566 13690 11718 7843 4892 1107 30407 10341 4320 95003 539 671 27685 1915 255 139 298 129 531 180 6447 6492 3383
leaf_count=92164 2339 5042 748 1283 20234 8478 4961 9566 13690 11718 7843 4892 1107 30407 10341 4320 95003 539 671 27685 1915 255 139 298 129 531 180 6447 6492 3383
internal_value=0.00215652 -0.000570462 0.00395263 0.00133655 -0.00399207 0.00566397 0.00942754 0.0137144 0.000730243 -0.000488254 0.00199716 0.00572774 0.00511291 -0.00609235 0.00192438 0.00259966 0.00474456 0.00994882 0.0038843 -0.00216692 0.00123165 0.00603612 0.0155298 0.00936396 -0.0011194 0.0031133 -0.00513361 0.00330868 0.00239818 0.00517803
internal_weight=372800 148038 224762 95058 52980 119863 15275 10314 88806 53763 104899 12735 104588 32746 22059 35043 96110 6252 1210 31704 4019 2104 821 566 268 30723 711 30012 20182 9830
internal_count=372800 148038 224762 95058 52980 119863 15275 10314 88806 53763 104899 12735 104588 32746 22059 35043 96110 6252 1210 31704 4019 2104 821 566 268 30723 711 30012 20182 9830
cat_boundaries=0 1 2 3
cat_threshold=46 1 1
is_linear=0
shrinkage=0.05


Tree=184
num_leaves=31
num_cat=3
split_feature=1 14 14 2 3 9 14 2 9 3 1 14 3 2 2 2 9 3 10 5 4 3 4 2 11 3 1 14 3 7
split_gain=759.869 364.282 298.132 163.161 151.287 93.1199 247.223 132.483 80.7448 79.3476 68.4278 87.0963 66.3671 64.5176 53.8526 31.0508 28.6172 25.7793 22.8644 22.8467 22.0421 21.2637 40.7705 48.5395 27.7121 22.3767 26.2247 20.5513 55.4678 40.3894
threshold=1.0000000180025095e-35 0.099999999999996994 0.95000000000000295 0.98499999999999954 9.7850000000000019 0 2.3000000000000083 0.98499999999999954 1 31.655000000000005 6.5000000000000009 1.7000000000000013 5.9250000000000007 0.58500000000000008 0.79499999999999871 2.0849999999999995 2 3.2350000000000003 2.5000000000000004 0.77023320773058968 0.5094157245188784 6.9850000000000003 -0.25671049665402423 1.9949999999999994 1.0000000180025095e-35 5.9250000000000007 2.5000000000000004 4.2000000000000108 33.690000000000005 1.0000000180025095e-35
decision_type=2 2 2 2 2 9 2 2 9 2 2 2 2 2 2 2 9 2 2 2 2 2 2 2 2 2 2 2 2 2
left_child=2 4 8 9 14 6 7 -4 -1 18 11 21 -10 -7 -2 -13 20 -15 -3 -12 -11 22 23 -5 -25 26 -26 29 -29 -8
right_child=1 3 5 10 -6 13 27 -9 12 16 19 15 -14 17 -16 -17 -18 -19 -20 -21 -22 -23 -24 24 25 -27 -28 28 -30 -31
leaf_value=0 0 0 -1.0252429837150082e-05 0 0 0 -0.0017635077748643672 0 0 -0.0020459104141417129 0 0 0 0 0 -3.7888907543598418e-05 0.036254359833505334 0 0 0 0.03492398027804345 0 0 3.8134421681501809e-06 -0.010230136613020913 3.8134421681501809e-06 4.194376627168944e-05 0.082215988616255453 -0.00068431640616001819 0.0003739922251356333
leaf_weight=92164 2339 1525 748 1283 20234 8478 2133 9566 7843 324 30723 11718 4892 1107 30407 10341 108 95003 4206 4320 89 27685 1915 255 139 298 129 533 1304 991
leaf_count=92164 2339 1525 748 1283 20234 8478 2133 9566 7843 324 30723 11718 4892 1107 30407 10341 108 95003 4206 4320 89 27685 1915 255 139 298 129 533 1304 991
internal_value=0.00211172 -0.00066976 0.00394373 0.00118191 -0.00399207 0.00564728 0.0092967 0.0137144 0.00199716 0.00898912 0.000632277 -0.000488254 0.00572774 0.00511291 -0.00609235 0.00192438 -0.0096929 0.00474456 0.0106875 0.0023514 -0.0154846 -0.00216692 0.00123165 0.00603612 0.0155298 0.00936396 -0.0011194 0.000131022 0.00432771 -0.00233675
internal_weight=372800 148038 224762 95058 52980 119863 15275 10314 104899 6252 88806 53763 12735 104588 32746 22059 521 96110 5731 35043 413 31704 4019 2104 821 566 268 4961 1837 3124
internal_count=372800 148038 224762 95058 52980 119863 15275 10314 104899 6252 88806 53763 12735 104588 32746 22059 521 96110 5731 35043 413 31704 4019 2104 821 566 268 4961 1837 3124
cat_boundaries=0 1 2 3
cat_threshold=46 1 33
is_linear=0
shrinkage=0.05


Tree=185
num_leaves=31
num_cat=4
split_feature=1 14 14 2 3 9 14 2 9 3 1 14 3 2 2 2 9 3 10 5 4 3 4 2 11 3 1 14 9 2
split_gain=761.482 364.282 299.633 163.161 151.287 96.359 239.218 132.483 80.7448 79.3476 68.4278 87.0963 66.3671 64.5176 53.8526 31.0508 28.6172 25.7793 22.8644 22.8467 22.0421 21.2637 40.7705 48.5395 27.7121 22.3767 26.2247 19.491 53.773 22.5621
threshold=1.0000000180025095e-35 0.099999999999996994 0.95000000000000295 0.98499999999999954 9.7850000000000019 0 2.3000000000000083 0.98499999999999954 1 31.655000000000005 6.5000000000000009 1.7000000000000013 5.9250000000000007 0.58500000000000008 0.79499999999999871 2.0849999999999995 2 3.2350000000000003 2.5000000000000004 0.77023320773058968 0.5094157245188784 6.9850000000000003 -0.25671049665402423 1.9949999999999994 1.0000000180025095e-35 5.9250000000000007 2.5000000000000004 1.1000000000000123 3 1.7450000000000012
decision_type=2 2 2 2 2 9 2 2 9 2 2 2 2 2 2 2 9 2 2 2 2 2 2 2 2 2 2 2 9 2
left_child=2 4 8 9 14 6 7 -4 -1 18 11 21 -10 -7 -2 -13 20 -15 -3 -12 -11 22 23 -5 -25 26 -26 28 29 -19
right_child=1 3 5 10 -6 13 -8 -9 12 16 19 15 -14 17 -16 -17 -18 27 -20 -21 -22 -23 -24 24 25 -27 -28 -29 -30 -31
leaf_value=0 0 0 -9.7398083452925792e-06 0 0 0 8.5199338721752139e-05 0 0 -0.0019436148934346273 0 0 0 0 0 -3.5994462166416555e-05 0.034441641841830073 0 0 0 0.033177781264141275 0 0 3.6227700597426719e-06 -0.0097186297823698697 3.6227700597426719e-06 3.984657795810497e-05 0 0 0
leaf_weight=92164 2339 1525 748 1283 20234 8478 4961 9566 7843 324 30723 11718 4892 1107 30407 10341 108 22900 4206 4320 89 27685 1915 255 139 298 129 39688 2597 29818
leaf_count=92164 2339 1525 748 1283 20234 8478 4961 9566 7843 324 30723 11718 4892 1107 30407 10341 108 22900 4206 4320 89 27685 1915 255 139 298 129 39688 2597 29818
internal_value=0.00211467 -0.00066976 0.00394862 0.00118191 -0.00399207 0.00565646 0.00936866 0.0137144 0.00199716 0.00898912 0.000632277 -0.000488254 0.00572774 0.00511291 -0.00609235 0.00192438 -0.0096929 0.00474456 0.0106875 0.0023514 -0.0154846 -0.00216692 0.00123165 0.00603612 0.0155298 0.00936396 -0.0011194 0.00465617 0.00404953 0.00370107
internal_weight=372800 148038 224762 95058 52980 119863 15275 10314 104899 6252 88806 53763 12735 104588 32746 22059 521 96110 5731 35043 413 31704 4019 2104 821 566 268 95003 55315 52718
internal_count=372800 148038 224762 95058 52980 119863 15275 10314 104899 6252 88806 53763 12735 104588 32746 22059 521 96110 5731 35043 413 31704 4019 2104 821 566 268 95003 55315 52718
cat_boundaries=0 1 2 3 4
cat_threshold=46 1 33 1
is_linear=0
shrinkage=0.05


Tree=186
num_leaves=31
num_cat=4
split_feature=1 14 14 2 3 9 14 2 3 9 1 14 3 2 2 2 9 3 10 5 3 4 2 11 3 1 4 14 9 2
split_gain=761.705 364.134 299.633 162.537 151.287 96.359 239.218 132.483 80.8492 80.7448 68.4278 87.0963 66.3671 64.5176 53.8526 31.0508 29.0823 25.7793 22.8644 22.8467 21.2637 40.7705 48.5395 27.7121 22.3767 26.2247 20.3142 19.491 53.773 22.5621
threshold=1.0000000180025095e-35 0.099999999999996994 0.95000000000000295 0.98499999999999954 9.7850000000000019 0 2.3000000000000083 0.98499999999999954 31.655000000000005 1 6.5000000000000009 1.7000000000000013 5.9250000000000007 0.58500000000000008 0.79499999999999871 2.0849999999999995 2 3.2350000000000003 2.5000000000000004 0.77023320773058968 6.9850000000000003 -0.25671049665402423 1.9949999999999994 1.0000000180025095e-35 5.9250000000000007 2.5000000000000004 0.5094157245188784 1.1000000000000123 3 1.7450000000000012
decision_type=2 2 2 2 2 9 2 2 2 9 2 2 2 2 2 2 9 2 2 2 2 2 2 2 2 2 2 2 9 2
left_child=2 4 9 8 14 6 7 -4 18 -1 11 20 -11 -7 -2 -13 26 -15 -3 -12 21 22 -5 -24 25 -25 -10 28 29 -19
right_child=1 3 5 10 -6 13 -8 -9 16 12 19 15 -14 17 -16 -17 -18 27 -20 -21 -22 -23 23 24 -26 -27 -28 -29 -30 -31
leaf_value=0 0 0 -9.2528179280279508e-06 0 0 0 8.093937178566453e-05 0 -0.0018464341487628958 0 0 0 0 0 0 -3.419473905809656e-05 0.032719559749738572 0 0 0 0 0 3.4416315567555381e-06 -0.0092326982932513738 3.4416315567555381e-06 3.7854249060199717e-05 0.031518892200934213 0 0 0
leaf_weight=92164 2339 1525 748 1283 20234 8478 4961 9566 324 7843 30723 11718 4892 1107 30407 10341 108 22900 4206 4320 27685 1915 255 139 298 129 89 39688 2597 29818
leaf_count=92164 2339 1525 748 1283 20234 8478 4961 9566 324 7843 30723 11718 4892 1107 30407 10341 108 22900 4206 4320 27685 1915 255 139 298 129 89 39688 2597 29818
internal_value=0.0021144 -0.000670436 0.00394862 0.00118086 -0.00399207 0.00565646 0.00936866 0.0137144 0.00897313 0.00199716 0.000632277 -0.000488254 0.00572774 0.00511291 -0.00609235 0.00192438 -0.00988484 0.00474456 0.0106875 0.0023514 -0.00216692 0.00123165 0.00603612 0.0155298 0.00936396 -0.0011194 -0.015721 0.00465617 0.00404953 0.00370107
internal_weight=372800 148038 224762 95058 52980 119863 15275 10314 6252 104899 88806 53763 12735 104588 32746 22059 521 96110 5731 35043 31704 4019 2104 821 566 268 413 95003 55315 52718
internal_count=372800 148038 224762 95058 52980 119863 15275 10314 6252 104899 88806 53763 12735 104588 32746 22059 521 96110 5731 35043 31704 4019 2104 821 566 268 413 95003 55315 52718
cat_boundaries=0 1 2 3 4
cat_threshold=46 1 33 1
is_linear=0
shrinkage=0.05


Tree=187
num_leaves=31
num_cat=4
split_feature=1 14 14 2 3 9 14 3 9 2 1 14 3 2 2 2 9 3 0 14 10 5 3 4 2 11 3 1 4 14
split_gain=767.662 363.985 304.985 161.915 151.287 108.288 252.949 82.3649 80.7448 76.7991 68.4278 87.0963 66.3671 64.5176 53.8526 31.0508 27.3008 25.7793 25.2135 26.2627 22.8644 22.8467 21.2637 40.7705 48.5395 27.7121 22.3767 26.2247 20.3142 19.491
threshold=1.0000000180025095e-35 0.099999999999996994 0.95000000000000295 0.98499999999999954 9.7850000000000019 0 2.3000000000000083 31.655000000000005 1 0.98499999999999954 6.5000000000000009 1.7000000000000013 5.9250000000000007 0.58500000000000008 0.79499999999999871 2.0849999999999995 2 3.2350000000000003 3 1.600000000000001 2.5000000000000004 0.77023320773058968 6.9850000000000003 -0.25671049665402423 1.9949999999999994 1.0000000180025095e-35 5.9250000000000007 2.5000000000000004 0.5094157245188784 1.1000000000000123
decision_type=2 2 2 2 2 9 2 2 9 2 2 2 2 2 2 2 9 2 1 2 2 2 2 2 2 2 2 2 2 2
left_child=2 4 8 7 14 6 9 20 -1 18 11 22 -10 -7 -2 -13 28 -15 19 -4 -3 -12 23 24 -5 -26 27 -27 -9 -19
right_child=1 3 5 10 -6 13 -8 16 12 -11 21 15 -14 17 -16 -17 -18 29 -20 -21 -22 -23 -24 -25 25 26 -28 -29 -30 -31
leaf_value=0 0 0 -8.7901770316265532e-06 0 0 0 7.6892403196381307e-05 -0.0017541124413247508 0 0 0 0 0 0 0 -3.2485002105192565e-05 0.031083581762251646 0 -8.7901770316265532e-06 0.00050868306105402166 0 0 0 0 3.2695499789177615e-06 -0.008771063378588807 3.2695499789177615e-06 3.5961536607189737e-05 0.029942947590887503 0
leaf_weight=92164 2339 1525 358 1283 20234 8478 4961 324 7843 9566 30723 11718 4892 1107 30407 10341 108 55315 122 268 4206 4320 27685 1915 255 139 298 129 89 39688
leaf_count=92164 2339 1525 358 1283 20234 8478 4961 324 7843 9566 30723 11718 4892 1107 30407 10341 108 55315 122 268 4206 4320 27685 1915 255 139 298 129 89 39688
internal_value=0.0021246 -0.000671111 0.00396597 0.00117981 -0.00399207 0.00568899 0.00962381 0.00895713 0.00199716 0.0140925 0.000632277 -0.000488254 0.00572774 0.00511291 -0.00609235 0.00192438 -0.0100768 0.00474456 -0.0013369 0.00271565 0.0106875 0.0023514 -0.00216692 0.00123165 0.00603612 0.0155298 0.00936396 -0.0011194 -0.015721 0.00465617
internal_weight=372800 148038 224762 95058 52980 119863 15275 6252 104899 10314 88806 53763 12735 104588 32746 22059 521 96110 748 626 5731 35043 31704 4019 2104 821 566 268 413 95003
internal_count=372800 148038 224762 95058 52980 119863 15275 6252 104899 10314 88806 53763 12735 104588 32746 22059 521 96110 748 626 5731 35043 31704 4019 2104 821 566 268 413 95003
cat_boundaries=0 1 2 3 4
cat_threshold=46 1 33 1
is_linear=0
shrinkage=0.05


Tree=188
num_leaves=31
num_cat=4
split_feature=1 14 14 2 3 9 14 2 3 9 1 14 3 2 2 2 4 3 3 4 2 11 10 5 14 9 2 13 4 0
split_gain=758.589 366.21 299.633 160.594 151.287 96.359 239.218 132.483 83.8947 80.7448 67.001 85.2845 66.3671 64.5176 53.8526 30.8912 27.4167 25.7793 25.5376 47.0413 63.0541 29.4464 22.8644 22.8467 19.491 53.773 22.5621 19.47 18.9296 18.9771
threshold=1.0000000180025095e-35 0.099999999999996994 0.95000000000000295 0.98499999999999954 9.7850000000000019 0 2.3000000000000083 0.98499999999999954 31.655000000000005 1 6.5000000000000009 1.7000000000000013 5.9250000000000007 0.58500000000000008 0.79499999999999871 2.0849999999999995 0.5094157245188784 3.2350000000000003 6.9850000000000003 -0.36852933211706668 1.9949999999999994 1.0000000180025095e-35 2.5000000000000004 0.77023320773058968 1.1000000000000123 2 1.7450000000000012 2.7500000000000004 0.97387466162284198 3
decision_type=2 2 2 2 2 9 2 2 2 9 2 2 2 2 2 2 2 2 2 2 2 2 2 2 2 9 2 2 2 1
left_child=2 4 9 8 14 6 7 -4 22 -1 11 18 -11 -7 -2 -13 -10 -15 19 20 -5 -22 -3 27 25 26 -19 -12 29 -8
right_child=1 3 5 10 -6 13 28 -9 16 12 23 15 -14 17 -16 -17 -18 24 -20 -21 21 -23 -24 -25 -26 -27 -28 -29 -30 -31
leaf_value=0 0 0 -8.3506681800452253e-06 0 0 0 0.00016406836247029614 0 -0.0014523437179632878 0 0 0 0 0 0 -3.0860751999933765e-05 0.028445800211343127 0 0 0 3.1060724799718729e-06 3.1060724799718729e-06 0 0 0 0 0 0.19663844952588233 0.022875872461854397 -0.0041010938151395159
leaf_weight=92164 2339 1525 748 1162 20234 8478 4051 9566 407 7843 30607 11718 4892 1107 30407 10341 114 22900 27685 2094 218 545 4206 4320 39688 2597 29818 116 324 586
leaf_count=92164 2339 1525 748 1162 20234 8478 4051 9566 407 7843 30607 11718 4892 1107 30407 10341 114 22900 27685 2094 218 545 4206 4320 39688 2597 29818 116 324 586
internal_value=0.00211816 -0.000660979 0.00394862 0.00119559 -0.00399207 0.00565646 0.00936866 0.0137144 0.00894114 0.00199716 0.000650294 -0.000458494 0.00572774 0.00511291 -0.00609235 0.00192892 -0.0102687 0.00474456 -0.00211961 0.00160488 0.00724675 0.0184142 0.0106875 0.0023514 0.00465617 0.00404953 0.00370107 0.00283013 0.000352751 -0.000463662
internal_weight=372800 148038 224762 95058 52980 119863 15275 10314 6252 104899 88806 53763 12735 104588 32746 22059 521 96110 31704 4019 1925 763 5731 35043 95003 55315 52718 30723 4961 4637
internal_count=372800 148038 224762 95058 52980 119863 15275 10314 6252 104899 88806 53763 12735 104588 32746 22059 521 96110 31704 4019 1925 763 5731 35043 95003 55315 52718 30723 4961 4637
cat_boundaries=0 1 2 3 4
cat_threshold=46 1 1 1
is_linear=0
shrinkage=0.05


Tree=189
num_leaves=31
num_cat=4
split_feature=1 14 14 2 3 9 14 2 3 9 1 14 3 2 2 2 4 3 3 4 2 11 10 5 14 9 2 4 0 15
split_gain=759.479 365.616 299.633 160.769 151.287 96.359 239.218 132.483 83.8947 80.7448 66.4578 85.2845 66.3671 64.5176 53.8526 30.8912 27.4167 25.7793 25.5376 47.0413 63.0541 29.4464 22.8644 22.6937 19.491 53.773 22.5621 18.9296 18.9771 48.0427
threshold=1.0000000180025095e-35 0.099999999999996994 0.95000000000000295 0.98499999999999954 9.7850000000000019 0 2.3000000000000083 0.98499999999999954 31.655000000000005 1 6.5000000000000009 1.7000000000000013 5.9250000000000007 0.58500000000000008 0.79499999999999871 2.0849999999999995 0.5094157245188784 3.2350000000000003 6.9850000000000003 -0.36852933211706668 1.9949999999999994 1.0000000180025095e-35 2.5000000000000004 0.77023320773058968 1.1000000000000123 2 1.7450000000000012 0.97387466162284198 3 1.2500000000000002
decision_type=2 2 2 2 2 9 2 2 2 9 2 2 2 2 2 2 2 2 2 2 2 2 2 2 2 9 2 2 1 2
left_child=2 4 9 8 14 6 7 -4 22 -1 11 18 -11 -7 -2 -13 -10 -15 19 20 -5 -22 -3 -12 25 26 -19 28 29 -8
right_child=1 3 5 10 -6 13 27 -9 16 12 23 15 -14 17 -16 -17 -18 24 -20 -21 21 -23 -24 -25 -26 -27 -28 -29 -30 -31
leaf_value=0 0 0 -7.9331347710429636e-06 0 0 0 -9.9861566709802402e-05 0 -0.0013797265320651233 0 0 0 0 0 0 -2.9317714399934582e-05 0.027023510200775969 0 0 0 2.9507688559732794e-06 2.9507688559732794e-06 0 0 0 0 0 0.021732078838761677 -0.0038960391243825403 0.10634089067101969
leaf_weight=92164 2339 1525 748 1162 20234 8478 3819 9566 407 7843 30723 11718 4892 1107 30407 10341 114 22900 27685 2094 218 545 4206 4320 39688 2597 29818 324 586 232
leaf_count=92164 2339 1525 748 1162 20234 8478 3819 9566 407 7843 30723 11718 4892 1107 30407 10341 114 22900 27685 2094 218 545 4206 4320 39688 2597 29818 324 586 232
internal_value=0.00211709 -0.000663681 0.00394862 0.00119138 -0.00399207 0.00565646 0.00936866 0.0137144 0.00894114 0.00199716 0.00064579 -0.000458494 0.00572774 0.00511291 -0.00609235 0.00192892 -0.0102687 0.00474456 -0.00211961 0.00160488 0.00724675 0.0184142 0.0106875 0.00233998 0.00465617 0.00404953 0.00370107 0.000352751 -0.000463662 0.000752901
internal_weight=372800 148038 224762 95058 52980 119863 15275 10314 6252 104899 88806 53763 12735 104588 32746 22059 521 96110 31704 4019 1925 763 5731 35043 95003 55315 52718 4961 4637 4051
internal_count=372800 148038 224762 95058 52980 119863 15275 10314 6252 104899 88806 53763 12735 104588 32746 22059 521 96110 31704 4019 1925 763 5731 35043 95003 55315 52718 4961 4637 4051
cat_boundaries=0 1 2 3 4
cat_threshold=46 1 1 1
is_linear=0
shrinkage=0.05


Tree=190
num_leaves=31
num_cat=4
split_feature=1 14 14 2 3 9 14 2 3 9 1 14 3 2 2 2 4 3 3 4 2 11 10 5 14 9 2 4 0 15
split_gain=759.332 365.616 299.496 160.769 151.287 96.0622 239.94 132.483 83.8947 80.7448 66.4578 85.2845 66.3671 64.5176 53.8526 30.8912 27.4167 25.7793 25.5376 47.0413 63.0541 29.4464 22.8644 22.6937 19.491 53.773 22.5621 18.995 18.8799 46.2916
threshold=1.0000000180025095e-35 0.099999999999996994 0.95000000000000295 0.98499999999999954 9.7850000000000019 0 2.3000000000000083 0.98499999999999954 31.655000000000005 1 6.5000000000000009 1.7000000000000013 5.9250000000000007 0.58500000000000008 0.79499999999999871 2.0849999999999995 0.5094157245188784 3.2350000000000003 6.9850000000000003 -0.36852933211706668 1.9949999999999994 1.0000000180025095e-35 2.5000000000000004 0.77023320773058968 1.1000000000000123 2 1.7450000000000012 0.97387466162284198 3 1.2500000000000002
decision_type=2 2 2 2 2 9 2 2 2 9 2 2 2 2 2 2 2 2 2 2 2 2 2 2 2 9 2 2 1 2
left_child=2 4 9 8 14 6 7 -4 22 -1 11 18 -11 -7 -2 -13 -10 -15 19 20 -5 -22 -3 -12 25 26 -19 28 29 -8
right_child=1 3 5 10 -6 13 27 -9 16 12 23 15 -14 17 -16 -17 -18 24 -20 -21 21 -23 -24 -25 -26 -27 -28 -29 -30 -31
leaf_value=0 0 0 -7.5364780324908163e-06 0 0 0 -9.4868488374311166e-05 0 -0.0013107402054618673 0 0 0 0 0 0 -2.7851828679936742e-05 0.02567233469073717 0 0 0 2.8032304131746156e-06 2.8032304131746156e-06 0 0 0 0 0 0.020645474896823592 -0.0037012371681634129 0.10102384613746872
leaf_weight=92164 2339 1525 748 1162 20234 8478 3819 9566 407 7843 30723 11718 4892 1107 30407 10341 114 22900 27685 2094 218 545 4206 4320 39688 2597 29818 324 586 232
leaf_count=92164 2339 1525 748 1162 20234 8478 3819 9566 407 7843 30723 11718 4892 1107 30407 10341 114 22900 27685 2094 218 545 4206 4320 39688 2597 29818 324 586 232
internal_value=0.00211682 -0.000663681 0.00394818 0.00119138 -0.00399207 0.00565562 0.00936212 0.0137144 0.00894114 0.00199716 0.00064579 -0.000458494 0.00572774 0.00511291 -0.00609235 0.00192892 -0.0102687 0.00474456 -0.00211961 0.00160488 0.00724675 0.0184142 0.0106875 0.00233998 0.00465617 0.00404953 0.00370107 0.000332594 -0.000485228 0.000728215
internal_weight=372800 148038 224762 95058 52980 119863 15275 10314 6252 104899 88806 53763 12735 104588 32746 22059 521 96110 31704 4019 1925 763 5731 35043 95003 55315 52718 4961 4637 4051
internal_count=372800 148038 224762 95058 52980 119863 15275 10314 6252 104899 88806 53763 12735 104588 32746 22059 521 96110 31704 4019 1925 763 5731 35043 95003 55315 52718 4961 4637 4051
cat_boundaries=0 1 2 3 4
cat_threshold=46 1 1 1
is_linear=0
shrinkage=0.05


Tree=191
num_leaves=31
num_cat=3
split_feature=1 14 14 2 3 9 14 2 3 9 1 14 3 2 2 2 4 3 3 4 2 11 10 5 14 9 2 4 8 2
split_gain=758.454 365.616 298.677 160.769 151.287 94.2913 244.297 132.483 83.8947 80.7448 66.4578 85.2845 66.3671 64.5176 53.8526 30.8912 27.4167 25.7793 25.5376 47.0413 63.0541 29.4464 22.8644 22.6937 19.491 53.773 22.5621 19.3896 18.645 18.3184
threshold=1.0000000180025095e-35 0.099999999999996994 0.95000000000000295 0.98499999999999954 9.7850000000000019 0 2.3000000000000083 0.98499999999999954 31.655000000000005 1 6.5000000000000009 1.7000000000000013 5.9250000000000007 0.58500000000000008 0.79499999999999871 2.0849999999999995 0.5094157245188784 3.2350000000000003 6.9850000000000003 -0.36852933211706668 1.9949999999999994 1.0000000180025095e-35 2.5000000000000004 0.77023320773058968 1.1000000000000123 2 1.7450000000000012 0.97387466162284198 1.0000000180025095e-35 8.0300000000000029
decision_type=2 2 2 2 2 9 2 2 2 9 2 2 2 2 2 2 2 2 2 2 2 2 2 2 2 9 2 2 2 2
left_child=2 4 9 8 14 6 7 -4 22 -1 11 18 -11 -7 -2 -13 -10 -15 19 20 -5 -22 -3 -12 25 26 -19 -8 -23 -17
right_child=1 3 5 10 -6 13 27 -9 16 12 23 15 -14 17 -16 29 -18 24 -20 -21 21 28 -24 -25 -26 -27 -28 -29 -30 -31
leaf_value=0 0 0 -7.1596541308662755e-06 0 0 0 -0.00034787590918709425 0 -0.0012452031951887738 0 0 0 0 0 0 -0.00040840470721750408 0.024388717956200314 0 0 0 2.6630688925158848e-06 2.6630688925158848e-06 0 0 0 0 0 0.019613201151982413 -0.01115920773260809 0.0012714131100040273
leaf_weight=92164 2339 1525 748 1162 20234 8478 4637 9566 407 7843 30723 11718 4892 1107 30407 8898 114 22900 27685 2094 218 421 4206 4320 39688 2597 29818 324 124 1443
leaf_count=92164 2339 1525 748 1162 20234 8478 4637 9566 407 7843 30723 11718 4892 1107 30407 8898 114 22900 27685 2094 218 421 4206 4320 39688 2597 29818 324 124 1443
internal_value=0.00211521 -0.000663681 0.00394551 0.00119138 -0.00399207 0.00565062 0.00932287 0.0137144 0.00894114 0.00199716 0.00064579 -0.000458494 0.00572774 0.00511291 -0.00609235 0.00192892 -0.0102687 0.00474456 -0.00211961 0.00160488 0.00724675 0.0184142 0.0106875 0.00233998 0.00465617 0.00404953 0.00370107 0.000211651 0.0122018 -6.28566e-05
internal_weight=372800 148038 224762 95058 52980 119863 15275 10314 6252 104899 88806 53763 12735 104588 32746 22059 521 96110 31704 4019 1925 763 5731 35043 95003 55315 52718 4961 545 10341
internal_count=372800 148038 224762 95058 52980 119863 15275 10314 6252 104899 88806 53763 12735 104588 32746 22059 521 96110 31704 4019 1925 763 5731 35043 95003 55315 52718 4961 545 10341
cat_boundaries=0 1 2 3
cat_threshold=46 1 1
is_linear=0
shrinkage=0.05


Tree=192
num_leaves=31
num_cat=3
split_feature=1 14 14 2 3 9 14 2 3 9 1 14 3 2 2 2 4 3 4 2 11 3 10 5 14 9 2 4 2 1
split_gain=758.898 365.319 298.677 160.856 151.287 94.2913 244.297 132.483 83.8947 80.7448 66.6346 84.58 66.3671 64.5176 53.8526 31.3711 27.4167 25.8364 47.4937 63.9507 28.9515 25.7793 22.8644 22.6937 19.491 53.773 22.5621 19.3896 18.3112 72.9618
threshold=1.0000000180025095e-35 0.099999999999996994 0.95000000000000295 0.98499999999999954 9.7850000000000019 0 2.3000000000000083 0.98499999999999954 31.655000000000005 1 6.5000000000000009 1.7000000000000013 5.9250000000000007 0.58500000000000008 0.79499999999999871 2.0849999999999995 0.5094157245188784 6.9850000000000003 -0.36852933211706668 1.9949999999999994 1.0000000180025095e-35 3.2350000000000003 2.5000000000000004 0.77023320773058968 1.1000000000000123 2 1.7450000000000012 0.97387466162284198 8.8650000000000038 2.5000000000000004
decision_type=2 2 2 2 2 9 2 2 2 9 2 2 2 2 2 2 2 2 2 2 2 2 2 2 2 9 2 2 2 2
left_child=2 4 9 8 14 6 7 -4 22 -1 11 17 -11 -7 -2 -13 -10 18 19 -5 -21 -15 -3 -12 25 26 -23 -8 -19 -30
right_child=1 3 5 10 -6 13 27 -9 16 12 23 15 -14 21 -16 -17 -18 28 -20 20 -22 24 -24 -25 -26 -27 -28 -29 29 -31
leaf_value=0 0 0 -6.8016714243229619e-06 0 0 0 -0.00033048211372773952 0 -0.0011829430354293351 0 0 0 0 0 0 -6.0390018850664532e-06 0.023169282058390295 0 0 2.5299154478900905e-06 2.5299154478900905e-06 0 0 0 0 0 0 0.018632541094383292 0.0066679695942126749 -0.0292148428401818
leaf_weight=92164 2339 1525 748 1162 20234 8478 4637 9566 407 7843 30723 11718 4892 1107 30407 10341 114 27077 2094 218 545 22900 4206 4320 39688 2597 29818 324 310 298
leaf_count=92164 2339 1525 748 1162 20234 8478 4637 9566 407 7843 30723 11718 4892 1107 30407 10341 114 27077 2094 218 545 22900 4206 4320 39688 2597 29818 324 310 298
internal_value=0.00211467 -0.000665032 0.00394551 0.00118927 -0.00399207 0.00565062 0.00932287 0.0137144 0.00894114 0.00199716 0.000643538 -0.000462214 0.00572774 0.00511291 -0.00609235 0.00191532 -0.0102687 -0.00211645 0.00162976 0.0072987 0.0185452 0.00474456 0.0106875 0.00233998 0.00465617 0.00404953 0.00370107 0.000211651 -0.00266029 0.00592105
internal_weight=372800 148038 224762 95058 52980 119863 15275 10314 6252 104899 88806 53763 12735 104588 32746 22059 521 31704 4019 1925 763 96110 5731 35043 95003 55315 52718 4961 27685 608
internal_count=372800 148038 224762 95058 52980 119863 15275 10314 6252 104899 88806 53763 12735 104588 32746 22059 521 31704 4019 1925 763 96110 5731 35043 95003 55315 52718 4961 27685 608
cat_boundaries=0 1 2 3
cat_threshold=46 1 1
is_linear=0
shrinkage=0.05


Tree=193
num_leaves=31
num_cat=5
split_feature=1 14 14 2 3 9 14 2 9 1 14 3 2 2 2 3 4 2 11 3 3 9 5 14 9 2 3 9 14 8
split_gain=746.792 373.374 298.541 199.769 151.287 93.9978 245.027 132.483 80.7448 67.0776 85.243 66.3671 64.5176 53.8526 31.3711 26.0544 47.4937 63.9507 28.9515 25.7793 24.0559 33.7177 22.6937 19.491 53.773 22.5621 18.2603 17.9581 17.9449 17.3067
threshold=1.0000000180025095e-35 0.099999999999996994 0.95000000000000295 0.98499999999999954 9.7850000000000019 0 2.3000000000000083 0.98499999999999954 1 6.5000000000000009 1.7000000000000013 5.9250000000000007 0.58500000000000008 0.79499999999999871 2.0849999999999995 6.9850000000000003 -0.36852933211706668 1.9949999999999994 1.0000000180025095e-35 3.2350000000000003 20.255000000000006 2 0.77023320773058968 1.1000000000000123 3 1.7450000000000012 13.905000000000003 4 3.2000000000000104 1.0000000180025095e-35
decision_type=2 2 2 2 2 9 2 2 9 2 2 2 2 2 2 2 2 2 2 2 2 9 2 2 9 2 2 9 2 2
left_child=2 4 8 20 13 6 7 -4 -1 10 15 -10 27 -2 -12 16 17 -5 -19 -14 -3 -22 -11 24 25 -21 -9 -7 -24 -20
right_child=1 3 5 9 -6 12 -8 26 11 22 14 -13 19 -15 -16 -17 -18 18 29 23 21 -23 28 -25 -26 -27 -28 -29 -30 -31
leaf_value=0 0 0 -6.4615878531068142e-06 0 0 -0.0025000000000000005 0.0001084987688129948 0 0 0 0 0 0 0 -5.7370517908106329e-06 0 0 2.4034196754955859e-06 2.4034196754955859e-06 0 0 0.011037835694222998 0 0 0 0 0 0 0.025977407712054368 -0.010601373841750078
leaf_weight=92164 2339 5042 748 1162 20234 316 4961 5032 7843 30723 11718 4892 1107 30407 10341 27685 2094 218 421 22900 539 671 3924 39688 2597 29818 4534 8162 396 124
leaf_count=92164 2339 5042 748 1162 20234 316 4961 5032 7843 30723 11718 4892 1107 30407 10341 27685 2094 218 421 22900 539 671 3924 39688 2597 29818 4534 8162 396 124
internal_value=0.00212889 -0.000628555 0.00394506 0.00124608 -0.00399207 0.00564978 0.00931632 0.0137144 0.00199716 0.000637907 -0.000471514 0.00572774 0.00511291 -0.00609235 0.00191532 -0.00213222 0.00162976 0.0072987 0.0185452 0.00474456 0.00988484 0.00355372 0.00233998 0.00465617 0.00404953 0.00370107 0.015299 0.00929464 -0.00105324 0.0123853
internal_weight=372800 148038 224762 95058 52980 119863 15275 10314 104899 88806 53763 12735 104588 32746 22059 31704 4019 1925 763 96110 6252 1210 35043 95003 55315 52718 9566 8478 4320 545
internal_count=372800 148038 224762 95058 52980 119863 15275 10314 104899 88806 53763 12735 104588 32746 22059 31704 4019 1925 763 96110 6252 1210 35043 95003 55315 52718 9566 8478 4320 545
cat_boundaries=0 1 2 3 4 5
cat_threshold=46 1 1 1 192
is_linear=0
shrinkage=0.05


Tree=194
num_leaves=31
num_cat=5
split_feature=1 14 14 2 3 9 14 2 3 9 3 1 14 2 2 2 4 3 4 2 11 3 5 10 14 9 2 0 3 9
split_gain=761.205 363.393 298.132 160.097 151.287 93.1199 247.223 132.483 83.6155 80.7448 66.3671 66.2631 85.243 64.5176 53.8526 31.3711 27.4167 26.0544 47.4937 63.9507 28.9515 25.7793 24.3517 23.7113 19.491 53.773 22.5621 18.2846 18.2603 17.9581
threshold=1.0000000180025095e-35 0.099999999999996994 0.95000000000000295 0.98499999999999954 9.7850000000000019 0 2.3000000000000083 0.98499999999999954 31.655000000000005 1 5.9250000000000007 6.5000000000000009 1.7000000000000013 0.58500000000000008 0.79499999999999871 2.0849999999999995 0.5094157245188784 6.9850000000000003 -0.36852933211706668 1.9949999999999994 1.0000000180025095e-35 3.2350000000000003 0.77023320773058968 2.5000000000000004 1.1000000000000123 2 1.7450000000000012 3 13.905000000000003 4
decision_type=2 2 2 2 2 9 2 2 2 9 2 2 2 2 2 2 2 2 2 2 2 2 2 2 2 9 2 1 2 9
left_child=2 4 9 8 14 6 7 -4 23 -1 -11 12 17 29 -2 -14 27 18 19 -5 -21 -15 -13 -3 25 26 -23 -10 -9 -7
right_child=1 3 5 11 -6 13 -8 28 16 10 -12 22 15 21 -16 -17 -18 -19 -20 20 -22 24 -24 -25 -26 -27 -28 -29 -30 -31
leaf_value=0 0 0 -6.1385084604514732e-06 0 0 -0.0023750000000000004 0.00010307383037234506 0 -0.0011237958836578684 0 0 0 0 0 0 -5.4501992012678808e-06 0.022010817955470781 0 0 2.2832486917208065e-06 2.2832486917208065e-06 0 0 0 0 0 0 -0.0013378589849530938 0 0
leaf_weight=92164 2339 1525 748 1162 20234 316 4961 5032 133 7843 4892 30723 11718 1107 30407 10341 114 27685 2094 218 545 22900 4320 4206 39688 2597 29818 274 4534 8162
leaf_count=92164 2339 1525 748 1162 20234 316 4961 5032 133 7843 4892 30723 11718 1107 30407 10341 114 27685 2094 218 545 22900 4320 4206 39688 2597 29818 274 4534 8162
internal_value=0.00211011 -0.000673813 0.00394373 0.0011756 -0.00399207 0.00564728 0.0092967 0.0137144 0.00890915 0.00199716 0.00572774 0.000631151 -0.000471514 0.00511291 -0.00609235 0.00191532 -0.0102687 -0.00213222 0.00162976 0.0072987 0.0185452 0.00474456 0.00232286 0.0106526 0.00465617 0.00404953 0.00370107 -0.0163391 0.015299 0.00929464
internal_weight=372800 148038 224762 95058 52980 119863 15275 10314 6252 104899 12735 88806 53763 104588 32746 22059 521 31704 4019 1925 763 96110 35043 5731 95003 55315 52718 407 9566 8478
internal_count=372800 148038 224762 95058 52980 119863 15275 10314 6252 104899 12735 88806 53763 104588 32746 22059 521 31704 4019 1925 763 96110 35043 5731 95003 55315 52718 407 9566 8478
cat_boundaries=0 1 2 3 4 5
cat_threshold=46 1 1 1 192
is_linear=0
shrinkage=0.05


Tree=195
num_leaves=31
num_cat=5
split_feature=1 14 14 2 3 9 14 2 3 9 3 1 14 2 2 2 4 3 4 2 11 3 5 10 14 9 2 0 3 9
split_gain=761.205 363.393 298.132 160.097 151.287 93.1199 247.223 132.483 83.6155 80.7448 66.3671 66.2631 85.243 64.5176 53.8526 31.3711 27.4167 26.0544 47.4937 63.9507 28.9515 25.7793 24.3517 23.7113 19.491 53.773 22.5621 18.2846 18.2603 17.9581
threshold=1.0000000180025095e-35 0.099999999999996994 0.95000000000000295 0.98499999999999954 9.7850000000000019 0 2.3000000000000083 0.98499999999999954 31.655000000000005 1 5.9250000000000007 6.5000000000000009 1.7000000000000013 0.58500000000000008 0.79499999999999871 2.0849999999999995 0.5094157245188784 6.9850000000000003 -0.36852933211706668 1.9949999999999994 1.0000000180025095e-35 3.2350000000000003 0.77023320773058968 2.5000000000000004 1.1000000000000123 2 1.7450000000000012 3 13.905000000000003 4
decision_type=2 2 2 2 2 9 2 2 2 9 2 2 2 2 2 2 2 2 2 2 2 2 2 2 2 9 2 1 2 9
left_child=2 4 9 8 14 6 7 -4 23 -1 -11 12 17 29 -2 -14 27 18 19 -5 -21 -15 -13 -3 25 26 -23 -10 -9 -7
right_child=1 3 5 11 -6 13 -8 28 16 10 -12 22 15 21 -16 -17 -18 -19 -20 20 -22 24 -24 -25 -26 -27 -28 -29 -30 -31
leaf_value=0 0 0 -5.8315830374288989e-06 0 0 -0.00225625 9.7920138853727803e-05 0 -0.0010676060894749748 0 0 0 0 0 0 -5.1776892412036537e-06 0.020910277057697241 0 0 2.1690862571347665e-06 2.1690862571347665e-06 0 0 0 0 0 0 -0.0012709660357054391 0 0
leaf_weight=92164 2339 1525 748 1162 20234 316 4961 5032 133 7843 4892 30723 11718 1107 30407 10341 114 27685 2094 218 545 22900 4320 4206 39688 2597 29818 274 4534 8162
leaf_count=92164 2339 1525 748 1162 20234 316 4961 5032 133 7843 4892 30723 11718 1107 30407 10341 114 27685 2094 218 545 22900 4320 4206 39688 2597 29818 274 4534 8162
internal_value=0.00211011 -0.000673813 0.00394373 0.0011756 -0.00399207 0.00564728 0.0092967 0.0137144 0.00890915 0.00199716 0.00572774 0.000631151 -0.000471514 0.00511291 -0.00609235 0.00191532 -0.0102687 -0.00213222 0.00162976 0.0072987 0.0185452 0.00474456 0.00232286 0.0106526 0.00465617 0.00404953 0.00370107 -0.0163391 0.015299 0.00929464
internal_weight=372800 148038 224762 95058 52980 119863 15275 10314 6252 104899 12735 88806 53763 104588 32746 22059 521 31704 4019 1925 763 96110 35043 5731 95003 55315 52718 407 9566 8478
internal_count=372800 148038 224762 95058 52980 119863 15275 10314 6252 104899 12735 88806 53763 104588 32746 22059 521 31704 4019 1925 763 96110 35043 5731 95003 55315 52718 407 9566 8478
cat_boundaries=0 1 2 3 4 5
cat_threshold=46 1 1 1 192
is_linear=0
shrinkage=0.05


Tree=196
num_leaves=31
num_cat=3
split_feature=1 14 14 2 3 9 14 2 3 9 2 3 1 14 2 2 4 3 4 2 11 3 14 3 7 5 10 14 9 2
split_gain=762.085 363.393 298.95 160.097 151.287 94.7622 276.016 121.145 83.6155 80.7448 66.5754 66.3671 66.2631 85.243 53.8526 31.3711 27.4167 26.0544 47.4937 63.9507 28.9515 25.9975 25.2296 64.7047 32.0235 24.3517 23.7113 21.9983 40.1788 22.5621
threshold=1.0000000180025095e-35 0.099999999999996994 0.95000000000000295 0.98499999999999954 9.7850000000000019 0 2.3000000000000083 0.98499999999999954 31.655000000000005 1 0.58500000000000008 5.9250000000000007 6.5000000000000009 1.7000000000000013 0.79499999999999871 2.0849999999999995 0.5094157245188784 6.9850000000000003 -0.36852933211706668 1.9949999999999994 1.0000000180025095e-35 3.2350000000000003 4.4500000000000179 33.690000000000005 1.0000000180025095e-35 0.77023320773058968 2.5000000000000004 1.1000000000000123 2 1.7450000000000012
decision_type=2 2 2 2 2 9 2 2 2 9 2 2 2 2 2 2 2 2 2 2 2 2 2 2 2 2 2 2 9 2
left_child=2 4 9 8 14 10 7 -7 26 -1 -4 -11 13 17 -2 -15 -10 18 19 -5 -21 -12 24 -24 -8 -14 -3 28 -23 -30
right_child=1 3 5 12 -6 6 22 -9 16 11 21 -13 25 15 -16 -17 -18 -19 -20 20 -22 27 23 -25 -26 -27 -28 -29 29 -31
leaf_value=0 0 0 0 0 0 -5.5400038855574543e-06 -0.0016675075929318596 0 -0.001014225785001226 0 0 0 0 0 0 -4.9188047791415281e-06 0.019864763204812383 0 0 2.060631944278028e-06 2.060631944278028e-06 0 0.062651278356976078 -0.00064227579266272798 0.00036311740706814095 0 0 0 0 0
leaf_weight=92164 2339 1525 8421 1162 20234 787 2282 10191 407 7843 1107 4892 30723 11718 30407 10341 114 27685 2094 218 545 2171 667 1368 1134 4320 4206 39017 22900 29818
leaf_count=92164 2339 1525 8421 1162 20234 787 2282 10191 407 7843 1107 4892 30723 11718 30407 10341 114 27685 2094 218 545 2171 667 1368 1134 4320 4206 39017 22900 29818
internal_value=0.00211172 -0.000673813 0.0039464 0.0011756 -0.00399207 0.00565229 0.00918243 0.0137548 0.00890915 0.00199716 0.00509019 0.00572774 0.000631151 -0.000471514 -0.00609235 0.00191532 -0.0102687 -0.00213222 0.00162976 0.0072987 0.0185452 0.00471304 -9.17263e-06 0.00439803 -0.00263466 0.00232286 0.0106526 0.00462324 0.00397803 0.00370107
internal_weight=372800 148038 224762 95058 52980 119863 16429 10978 6252 104899 103434 12735 88806 53763 32746 22059 521 31704 4019 1925 763 95013 5451 2035 3416 35043 5731 93906 54889 52718
internal_count=372800 148038 224762 95058 52980 119863 16429 10978 6252 104899 103434 12735 88806 53763 32746 22059 521 31704 4019 1925 763 95013 5451 2035 3416 35043 5731 93906 54889 52718
cat_boundaries=0 1 2 3
cat_threshold=129 1 128
is_linear=0
shrinkage=0.05


Tree=197
num_leaves=31
num_cat=3
split_feature=1 14 14 2 3 9 14 2 3 9 2 3 1 14 2 2 4 3 4 2 11 3 5 10 14 9 2 14 3 7
split_gain=765.171 363.393 301.823 160.097 151.287 100.785 260.831 113.581 83.6155 80.7448 66.5754 66.3671 66.2631 85.243 53.8526 31.3711 27.4167 26.0544 47.4937 63.9507 28.9515 25.9975 24.3517 23.7113 21.9983 40.1788 22.5621 19.8788 63.6873 24.5394
threshold=1.0000000180025095e-35 0.099999999999996994 0.95000000000000295 0.98499999999999954 9.7850000000000019 0 2.149999999999999 0.98499999999999954 31.655000000000005 1 0.58500000000000008 5.9250000000000007 6.5000000000000009 1.7000000000000013 0.79499999999999871 2.0849999999999995 0.5094157245188784 6.9850000000000003 -0.36852933211706668 1.9949999999999994 1.0000000180025095e-35 3.2350000000000003 0.77023320773058968 2.5000000000000004 1.1000000000000123 2 1.7450000000000012 4.4500000000000179 33.690000000000005 1.0000000180025095e-35
decision_type=2 2 2 2 2 9 2 2 2 9 2 2 2 2 2 2 2 2 2 2 2 2 2 2 2 9 2 2 2 2
left_child=2 4 9 8 14 10 7 -7 23 -1 -4 -11 13 17 -2 -15 -10 18 19 -5 -21 -12 -14 -3 25 -23 -27 29 -29 -8
right_child=1 3 5 12 -6 6 27 -9 16 11 21 -13 22 15 -16 -17 -18 -19 -20 20 -22 24 -24 -25 -26 26 -28 28 -30 -31
leaf_value=0 0 0 0 0 0 -5.2630036912795821e-06 -0.0015841322132852664 0 -0.0009635144957511649 0 0 0 0 0 0 -4.6728645401838971e-06 0.018871525044571763 0 0 1.9576003470641265e-06 1.9576003470641265e-06 0 0 0 0 0 0 0.05951871443912729 -0.00061016200302959158 0.00034496153671473393
leaf_weight=92164 2339 1525 8421 1162 20234 769 2305 10166 407 7843 1107 4892 30723 11718 30407 10341 114 27685 2094 218 545 2171 4320 4206 39017 22900 29818 667 1368 1154
leaf_count=92164 2339 1525 8421 1162 20234 769 2305 10166 407 7843 1107 4892 30723 11718 30407 10341 114 27685 2094 218 545 2171 4320 4206 39017 22900 29818 667 1368 1154
internal_value=0.00211736 -0.000673813 0.00395574 0.0011756 -0.00399207 0.00566981 0.00931018 0.0137814 0.00890915 0.00199716 0.00509019 0.00572774 0.000631151 -0.000471514 -0.00609235 0.00191532 -0.0102687 -0.00213222 0.00162976 0.0072987 0.0185452 0.00471304 0.00232286 0.0106526 0.00462324 0.00397803 0.00370107 0.000427739 0.00434889 -0.00187916
internal_weight=372800 148038 224762 95058 52980 119863 16429 10935 6252 104899 103434 12735 88806 53763 32746 22059 521 31704 4019 1925 763 95013 35043 5731 93906 54889 52718 5494 2035 3459
internal_count=372800 148038 224762 95058 52980 119863 16429 10935 6252 104899 103434 12735 88806 53763 32746 22059 521 31704 4019 1925 763 95013 35043 5731 93906 54889 52718 5494 2035 3459
cat_boundaries=0 1 2 3
cat_threshold=129 1 128
is_linear=0
shrinkage=0.05


Tree=198
num_leaves=31
num_cat=4
split_feature=1 14 14 2 3 9 14 2 3 9 2 3 1 14 2 2 4 3 4 2 11 3 5 10 14 9 2 0 14 3
split_gain=764.509 363.393 301.206 160.097 151.287 99.4792 264.041 113.581 83.6155 80.7448 66.5754 66.3671 66.2631 85.243 53.8526 31.3711 27.4167 26.0544 47.4937 63.9507 28.9515 25.9975 24.3517 23.7113 21.9983 40.1788 22.5621 18.2846 18.2528 58.721
threshold=1.0000000180025095e-35 0.099999999999996994 0.95000000000000295 0.98499999999999954 9.7850000000000019 0 2.149999999999999 0.98499999999999954 31.655000000000005 1 0.58500000000000008 5.9250000000000007 6.5000000000000009 1.7000000000000013 0.79499999999999871 2.0849999999999995 0.5094157245188784 6.9850000000000003 -0.36852933211706668 1.9949999999999994 1.0000000180025095e-35 3.2350000000000003 0.77023320773058968 2.5000000000000004 1.1000000000000123 2 1.7450000000000012 3 4.4500000000000179 33.690000000000005
decision_type=2 2 2 2 2 9 2 2 2 9 2 2 2 2 2 2 2 2 2 2 2 2 2 2 2 9 2 1 2 2
left_child=2 4 9 8 14 10 7 -7 23 -1 -4 -11 13 17 -2 -15 27 18 19 -5 -21 -12 -14 -3 25 -23 -27 -10 -8 -30
right_child=1 3 5 12 -6 6 28 -9 16 11 21 -13 22 15 -16 -17 -18 -19 -20 20 -22 24 -24 -25 -26 26 -28 -29 29 -31
leaf_value=0 0 0 0 0 0 -4.9998535067156021e-06 -0.0014596975484703709 0 -0.00091533877096360667 0 0 0 0 0 0 -4.4392213131738691e-06 0.017927948792343173 0 0 1.8597203297109202e-06 1.8597203297109202e-06 0 0 0 0 0 0 -0.0011085307198825474 0.056542778717170929 -0.00057965390287811197
leaf_weight=92164 2339 1525 8421 1162 20234 769 3459 10166 133 7843 1107 4892 30723 11718 30407 10341 114 27685 2094 218 545 2171 4320 4206 39017 22900 29818 274 667 1368
leaf_count=92164 2339 1525 8421 1162 20234 769 3459 10166 133 7843 1107 4892 30723 11718 30407 10341 114 27685 2094 218 545 2171 4320 4206 39017 22900 29818 274 667 1368
internal_value=0.00211615 -0.000673813 0.00395374 0.0011756 -0.00399207 0.00566605 0.0092828 0.0137814 0.00890915 0.00199716 0.00509019 0.00572774 0.000631151 -0.000471514 -0.00609235 0.00191532 -0.0102687 -0.00213222 0.00162976 0.0072987 0.0185452 0.00471304 0.00232286 0.0106526 0.00462324 0.00397803 0.00370107 -0.0163391 0.000345832 0.00410319
internal_weight=372800 148038 224762 95058 52980 119863 16429 10935 6252 104899 103434 12735 88806 53763 32746 22059 521 31704 4019 1925 763 95013 35043 5731 93906 54889 52718 407 5494 2035
internal_count=372800 148038 224762 95058 52980 119863 16429 10935 6252 104899 103434 12735 88806 53763 32746 22059 521 31704 4019 1925 763 95013 35043 5731 93906 54889 52718 407 5494 2035
cat_boundaries=0 1 2 3 4
cat_threshold=129 1 128 1
is_linear=0
shrinkage=0.05


Tree=199
num_leaves=31
num_cat=4
split_feature=1 14 14 2 3 9 14 2 3 9 2 3 1 14 2 2 4 3 4 2 11 3 5 10 14 9 2 0 4 10
split_gain=765.686 363.393 302.303 160.097 151.287 101.807 258.817 121.204 83.6155 80.7448 66.5754 66.3671 66.2631 85.243 53.8526 31.3711 27.4167 26.0544 47.4937 63.9507 28.9515 25.9975 24.3517 23.7113 21.9983 40.1788 22.5621 18.2846 18.2363 18.1563
threshold=1.0000000180025095e-35 0.099999999999996994 0.95000000000000295 0.98499999999999954 9.7850000000000019 0 2.3000000000000083 0.98499999999999954 31.655000000000005 1 0.58500000000000008 5.9250000000000007 6.5000000000000009 1.7000000000000013 0.79499999999999871 2.0849999999999995 0.5094157245188784 6.9850000000000003 -0.36852933211706668 1.9949999999999994 1.0000000180025095e-35 3.2350000000000003 0.77023320773058968 2.5000000000000004 1.1000000000000123 2 1.7450000000000012 3 0.84221522938863924 1.5000000000000002
decision_type=2 2 2 2 2 9 2 2 2 9 2 2 2 2 2 2 2 2 2 2 2 2 2 2 2 9 2 1 2 2
left_child=2 4 9 8 14 10 7 28 23 -1 -4 -11 13 17 -2 -15 27 18 19 -5 -21 -12 -14 -3 25 -23 -27 -10 -7 -8
right_child=1 3 5 12 -6 6 29 -9 16 11 21 -13 22 15 -16 -17 -18 -19 -20 20 -22 24 -24 -25 -26 26 -28 -29 -30 -31
leaf_value=0 0 0 0 0 0 -4.7498608313798222e-06 0.064501644626693333 0 -0.00086957183241542627 0 0 0 0 0 0 -4.2172602475132331e-06 0.017031551352726017 0 0 1.7667343132253741e-06 1.7667343132253741e-06 0 0 0 0 0 0 -0.0010531041838884201 0.049745340065634941 1.3009222791068995e-05
leaf_weight=92164 2339 1525 8421 1162 20234 660 114 10191 133 7843 1107 4892 30723 11718 30407 10341 114 27685 2094 218 545 2171 4320 4206 39017 22900 29818 274 127 5337
leaf_count=92164 2339 1525 8421 1162 20234 660 114 10191 133 7843 1107 4892 30723 11718 30407 10341 114 27685 2094 218 545 2171 4320 4206 39017 22900 29818 274 127 5337
internal_value=0.00211829 -0.000673813 0.0039573 0.0011756 -0.00399207 0.00567273 0.00933147 0.0137593 0.00890915 0.00199716 0.00509019 0.00572774 0.000631151 -0.000471514 -0.00609235 0.00191532 -0.0102687 -0.00213222 0.00162976 0.0072987 0.0185452 0.00471304 0.00232286 0.0106526 0.00462324 0.00397803 0.00370107 -0.0163391 -0.00514612 0.000431114
internal_weight=372800 148038 224762 95058 52980 119863 16429 10978 6252 104899 103434 12735 88806 53763 32746 22059 521 31704 4019 1925 763 95013 35043 5731 93906 54889 52718 407 787 5451
internal_count=372800 148038 224762 95058 52980 119863 16429 10978 6252 104899 103434 12735 88806 53763 32746 22059 521 31704 4019 1925 763 95013 35043 5731 93906 54889 52718 407 787 5451
cat_boundaries=0 1 2 3 4
cat_threshold=129 1 128 1
is_linear=0
shrinkage=0.05


Tree=200
num_leaves=31
num_cat=4
split_feature=1 14 14 2 3 9 14 2 3 9 2 3 1 14 2 2 4 3 4 2 11 3 5 10 14 9 2 0 3 2
split_gain=765.244 363.393 301.891 160.097 151.287 100.931 258.822 124.247 83.6155 80.7448 66.5754 66.3671 66.2631 85.243 53.8526 31.3711 27.4167 26.0544 47.4937 63.9507 28.9515 25.9975 24.3517 23.7113 21.9983 40.1788 22.5621 18.2846 17.9658 17.6563
threshold=1.0000000180025095e-35 0.099999999999996994 0.95000000000000295 0.98499999999999954 9.7850000000000019 0 2.3000000000000083 0.98499999999999954 31.655000000000005 1 0.58500000000000008 5.9250000000000007 6.5000000000000009 1.7000000000000013 0.79499999999999871 2.0849999999999995 0.5094157245188784 6.9850000000000003 -0.36852933211706668 1.9949999999999994 1.0000000180025095e-35 3.2350000000000003 0.77023320773058968 2.5000000000000004 1.1000000000000123 2 1.7450000000000012 3 13.905000000000003 8.0300000000000029
decision_type=2 2 2 2 2 9 2 2 2 9 2 2 2 2 2 2 2 2 2 2 2 2 2 2 2 9 2 1 2 2
left_child=2 4 9 8 14 10 7 -7 23 -1 -4 -11 13 17 -2 -15 27 18 19 -5 -21 -12 -14 -3 25 -23 -27 -10 -9 -24
right_child=1 3 5 12 -6 6 -8 28 16 11 21 -13 22 15 -16 -17 -18 -19 -20 20 -22 24 29 -25 -26 26 -28 -29 -30 -31
leaf_value=0 0 0 0 0 0 -4.5123677898108309e-06 0.00016323460688301707 0 -0.00082609324079465491 0 0 0 0 0 0 -4.0063972351400693e-06 0.016179973785089712 0 0 1.6783975975641053e-06 1.6783975975641053e-06 0 0 0 0 0 0 -0.001000448974693999 0 0.049892824232680266
leaf_weight=92164 2339 1525 8421 1162 20234 787 5451 5367 133 7843 1107 4892 30723 11718 30407 10341 114 27685 2094 218 545 2171 4155 4206 39017 22900 29818 274 4824 165
leaf_count=92164 2339 1525 8421 1162 20234 787 5451 5367 133 7843 1107 4892 30723 11718 30407 10341 114 27685 2094 218 545 2171 4155 4206 39017 22900 29818 274 4824 165
internal_value=0.00211749 -0.000673813 0.00395596 0.0011756 -0.00399207 0.00567022 0.00931322 0.0137411 0.00890915 0.00199716 0.00509019 0.00572774 0.000631151 -0.000471514 -0.00609235 0.00191532 -0.0102687 -0.00213222 0.00162976 0.0072987 0.0185452 0.00471304 0.00232286 0.0106526 0.00462324 0.00397803 0.00370107 -0.0163391 0.0152193 -0.00119213
internal_weight=372800 148038 224762 95058 52980 119863 16429 10978 6252 104899 103434 12735 88806 53763 32746 22059 521 31704 4019 1925 763 95013 35043 5731 93906 54889 52718 407 10191 4320
internal_count=372800 148038 224762 95058 52980 119863 16429 10978 6252 104899 103434 12735 88806 53763 32746 22059 521 31704 4019 1925 763 95013 35043 5731 93906 54889 52718 407 10191 4320
cat_boundaries=0 1 2 3 4
cat_threshold=129 1 128 1
is_linear=0
shrinkage=0.05


Tree=201
num_leaves=31
num_cat=4
split_feature=1 14 14 2 3 9 14 2 3 9 2 3 1 14 2 2 4 3 4 2 11 3 5 10 14 9 2 0 3 2
split_gain=765.244 363.393 301.891 160.097 151.287 100.931 258.822 124.247 83.6155 80.7448 66.5754 66.3671 66.2631 85.243 53.8526 31.3711 27.4167 26.0544 47.4937 63.9507 28.9515 25.9975 24.3517 23.7113 21.9983 40.1788 22.5621 18.2846 17.9658 17.6563
threshold=1.0000000180025095e-35 0.099999999999996994 0.95000000000000295 0.98499999999999954 9.7850000000000019 0 2.3000000000000083 0.98499999999999954 31.655000000000005 1 0.58500000000000008 5.9250000000000007 6.5000000000000009 1.7000000000000013 0.79499999999999871 2.0849999999999995 0.5094157245188784 6.9850000000000003 -0.36852933211706668 1.9949999999999994 1.0000000180025095e-35 3.2350000000000003 0.77023320773058968 2.5000000000000004 1.1000000000000123 2 1.7450000000000012 3 13.905000000000003 8.0300000000000029
decision_type=2 2 2 2 2 9 2 2 2 9 2 2 2 2 2 2 2 2 2 2 2 2 2 2 2 9 2 1 2 2
left_child=2 4 9 8 14 10 7 -7 23 -1 -4 -11 13 17 -2 -15 27 18 19 -5 -21 -12 -14 -3 25 -23 -27 -10 -9 -24
right_child=1 3 5 12 -6 6 -8 28 16 11 21 -13 22 15 -16 -17 -18 -19 -20 20 -22 24 29 -25 -26 26 -28 -29 -30 -31
leaf_value=0 0 0 0 0 0 -4.2867494003202899e-06 0.00015507287653886427 0 -0.00078478857875492216 0 0 0 0 0 0 -3.8060773733805675e-06 0.015370975095835227 0 0 1.5944777176859001e-06 1.5944777176859001e-06 0 0 0 0 0 0 -0.0009504265259592991 0 0.047398183021046258
leaf_weight=92164 2339 1525 8421 1162 20234 787 5451 5367 133 7843 1107 4892 30723 11718 30407 10341 114 27685 2094 218 545 2171 4155 4206 39017 22900 29818 274 4824 165
leaf_count=92164 2339 1525 8421 1162 20234 787 5451 5367 133 7843 1107 4892 30723 11718 30407 10341 114 27685 2094 218 545 2171 4155 4206 39017 22900 29818 274 4824 165
internal_value=0.00211749 -0.000673813 0.00395596 0.0011756 -0.00399207 0.00567022 0.00931322 0.0137411 0.00890915 0.00199716 0.00509019 0.00572774 0.000631151 -0.000471514 -0.00609235 0.00191532 -0.0102687 -0.00213222 0.00162976 0.0072987 0.0185452 0.00471304 0.00232286 0.0106526 0.00462324 0.00397803 0.00370107 -0.0163391 0.0152193 -0.00119213
internal_weight=372800 148038 224762 95058 52980 119863 16429 10978 6252 104899 103434 12735 88806 53763 32746 22059 521 31704 4019 1925 763 95013 35043 5731 93906 54889 52718 407 10191 4320
internal_count=372800 148038 224762 95058 52980 119863 16429 10978 6252 104899 103434 12735 88806 53763 32746 22059 521 31704 4019 1925 763 95013 35043 5731 93906 54889 52718 407 10191 4320
cat_boundaries=0 1 2 3 4
cat_threshold=129 1 128 1
is_linear=0
shrinkage=0.05


Tree=202
num_leaves=31
num_cat=4
split_feature=1 14 14 2 3 9 14 2 3 9 2 3 1 14 2 2 4 5 3 4 2 11 3 10 14 9 2 0 3 8
split_gain=767.108 362.063 301.754 160.489 151.287 100.64 259.535 124.247 83.6155 80.7448 66.5754 66.3671 65.0507 85.243 53.8526 31.3711 27.4167 26.9483 26.0544 47.4937 63.9507 28.9515 25.9975 23.7113 21.9983 40.1788 22.5621 18.2846 17.9658 17.3067
threshold=1.0000000180025095e-35 0.099999999999996994 0.95000000000000295 0.98499999999999954 9.7850000000000019 0 2.3000000000000083 0.98499999999999954 31.655000000000005 1 0.58500000000000008 5.9250000000000007 6.5000000000000009 1.7000000000000013 0.79499999999999871 2.0849999999999995 0.5094157245188784 0.77023320773058968 6.9850000000000003 -0.36852933211706668 1.9949999999999994 1.0000000180025095e-35 3.2350000000000003 2.5000000000000004 1.1000000000000123 2 1.7450000000000012 3 13.905000000000003 1.0000000180025095e-35
decision_type=2 2 2 2 2 9 2 2 2 9 2 2 2 2 2 2 2 2 2 2 2 2 2 2 2 9 2 1 2 2
left_child=2 4 9 8 14 10 7 -7 23 -1 -4 -11 13 18 -2 -15 27 -14 19 20 -5 -22 -12 -3 25 -24 -27 -10 -9 -23
right_child=1 3 5 12 -6 6 -8 28 16 11 22 -13 17 15 -16 -17 -18 -19 -20 -21 21 29 24 -25 -26 26 -28 -29 -30 -31
leaf_value=0 0 0 0 0 0 -4.0724119303042755e-06 0.00014731923271192328 0 -0.000745549149817176 0 0 0 0 0 0 -3.6157735047115392e-06 0.014602426341043468 0 0 0 1.5147538318016051e-06 1.5147538318016051e-06 0 0 0 0 0 -0.00090290519966133419 0 -0.01007207364452249
leaf_weight=92164 2339 1525 8421 1162 20234 787 5451 5367 133 7843 1107 4892 30723 11718 30407 10341 114 4320 27685 2094 218 421 2171 4206 39017 22900 29818 274 4824 124
leaf_count=92164 2339 1525 8421 1162 20234 787 5451 5367 133 7843 1107 4892 30723 11718 30407 10341 114 4320 27685 2094 218 421 2171 4206 39017 22900 29818 274 4824 124
internal_value=0.00211481 -0.000679893 0.00395552 0.00116613 -0.00399207 0.00566939 0.00930714 0.0137411 0.00890915 0.00199716 0.00509019 0.00572774 0.000621017 -0.000471514 -0.00609235 0.00191532 -0.0102687 0.00229718 -0.00213222 0.00162976 0.0072987 0.0185452 0.00471304 0.0106526 0.00462324 0.00397803 0.00370107 -0.0163391 0.0152193 0.0123853
internal_weight=372800 148038 224762 95058 52980 119863 16429 10978 6252 104899 103434 12735 88806 53763 32746 22059 521 35043 31704 4019 1925 763 95013 5731 93906 54889 52718 407 10191 545
internal_count=372800 148038 224762 95058 52980 119863 16429 10978 6252 104899 103434 12735 88806 53763 32746 22059 521 35043 31704 4019 1925 763 95013 5731 93906 54889 52718 407 10191 545
cat_boundaries=0 1 2 3 4
cat_threshold=129 1 128 1
is_linear=0
shrinkage=0.05


Tree=203
num_leaves=31
num_cat=4
split_feature=1 14 14 2 3 9 14 2 3 9 2 3 1 14 2 2 4 5 3 4 2 11 3 10 14 9 2 0 3 8
split_gain=766.666 362.063 301.343 160.489 151.287 99.7687 261.68 124.247 83.6155 80.7448 66.5754 66.3671 65.0507 85.243 53.8526 31.3711 27.4167 26.9483 26.0544 47.4937 63.9507 28.9515 25.9975 23.7113 21.9983 40.1788 22.5621 18.2846 17.9658 17.3067
threshold=1.0000000180025095e-35 0.099999999999996994 0.95000000000000295 0.98499999999999954 9.7850000000000019 0 2.3000000000000083 0.98499999999999954 31.655000000000005 1 0.58500000000000008 5.9250000000000007 6.5000000000000009 1.7000000000000013 0.79499999999999871 2.0849999999999995 0.5094157245188784 0.77023320773058968 6.9850000000000003 -0.36852933211706668 1.9949999999999994 1.0000000180025095e-35 3.2350000000000003 2.5000000000000004 1.1000000000000123 2 1.7450000000000012 3 13.905000000000003 1.0000000180025095e-35
decision_type=2 2 2 2 2 9 2 2 2 9 2 2 2 2 2 2 2 2 2 2 2 2 2 2 2 9 2 1 2 2
left_child=2 4 9 8 14 10 7 -7 23 -1 -4 -11 13 18 -2 -15 27 -14 19 20 -5 -22 -12 -3 25 -24 -27 -10 -9 -23
right_child=1 3 5 12 -6 6 -8 28 16 11 22 -13 17 15 -16 -17 -18 -19 -20 -21 21 29 24 -25 -26 26 -28 -29 -30 -31
leaf_value=0 0 0 0 0 0 -3.8687913337890611e-06 0.00013995327107632627 0 -0.00070827169232631727 0 0 0 0 0 0 -3.4349848294756849e-06 0.013872305023991295 0 0 0 1.4390161402115249e-06 1.4390161402115249e-06 0 0 0 0 0 -0.00085775993967826753 0 -0.0095684699622963672
leaf_weight=92164 2339 1525 8421 1162 20234 787 5451 5367 133 7843 1107 4892 30723 11718 30407 10341 114 4320 27685 2094 218 421 2171 4206 39017 22900 29818 274 4824 124
leaf_count=92164 2339 1525 8421 1162 20234 787 5451 5367 133 7843 1107 4892 30723 11718 30407 10341 114 4320 27685 2094 218 421 2171 4206 39017 22900 29818 274 4824 124
internal_value=0.002114 -0.000679893 0.00395418 0.00116613 -0.00399207 0.00566689 0.00928889 0.0137411 0.00890915 0.00199716 0.00509019 0.00572774 0.000621017 -0.000471514 -0.00609235 0.00191532 -0.0102687 0.00229718 -0.00213222 0.00162976 0.0072987 0.0185452 0.00471304 0.0106526 0.00462324 0.00397803 0.00370107 -0.0163391 0.0152193 0.0123853
internal_weight=372800 148038 224762 95058 52980 119863 16429 10978 6252 104899 103434 12735 88806 53763 32746 22059 521 35043 31704 4019 1925 763 95013 5731 93906 54889 52718 407 10191 545
internal_count=372800 148038 224762 95058 52980 119863 16429 10978 6252 104899 103434 12735 88806 53763 32746 22059 521 35043 31704 4019 1925 763 95013 5731 93906 54889 52718 407 10191 545
cat_boundaries=0 1 2 3 4
cat_threshold=129 1 128 1
is_linear=0
shrinkage=0.05


Tree=204
num_leaves=31
num_cat=4
split_feature=1 14 14 2 3 9 14 2 3 9 2 3 1 14 2 2 4 5 3 4 2 11 3 10 14 9 2 0 3 8
split_gain=766.666 362.063 301.343 160.489 151.287 99.7687 261.68 124.247 83.6155 80.7448 66.5754 66.3671 65.0507 85.243 53.8526 31.3711 27.4167 26.9483 26.0544 47.4937 63.9507 28.9515 25.9975 23.7113 21.9983 40.1788 22.5621 18.2846 17.9658 17.3067
threshold=1.0000000180025095e-35 0.099999999999996994 0.95000000000000295 0.98499999999999954 9.7850000000000019 0 2.3000000000000083 0.98499999999999954 31.655000000000005 1 0.58500000000000008 5.9250000000000007 6.5000000000000009 1.7000000000000013 0.79499999999999871 2.0849999999999995 0.5094157245188784 0.77023320773058968 6.9850000000000003 -0.36852933211706668 1.9949999999999994 1.0000000180025095e-35 3.2350000000000003 2.5000000000000004 1.1000000000000123 2 1.7450000000000012 3 13.905000000000003 1.0000000180025095e-35
decision_type=2 2 2 2 2 9 2 2 2 9 2 2 2 2 2 2 2 2 2 2 2 2 2 2 2 9 2 1 2 2
left_child=2 4 9 8 14 10 7 -7 23 -1 -4 -11 13 18 -2 -15 27 -14 19 20 -5 -22 -12 -3 25 -24 -27 -10 -9 -23
right_child=1 3 5 12 -6 6 -8 28 16 11 22 -13 17 15 -16 -17 -18 -19 -20 -21 21 29 24 -25 -26 26 -28 -29 -30 -31
leaf_value=0 0 0 0 0 0 -3.6753517670996082e-06 0.00013295560752251136 0 -0.00067285810771000132 0 0 0 0 0 0 -3.2632355880024558e-06 0.01317868977279173 0 0 0 1.3670653332009488e-06 1.3670653332009488e-06 0 0 0 0 0 -0.000814871942694354 0 -0.00909004646418155
leaf_weight=92164 2339 1525 8421 1162 20234 787 5451 5367 133 7843 1107 4892 30723 11718 30407 10341 114 4320 27685 2094 218 421 2171 4206 39017 22900 29818 274 4824 124
leaf_count=92164 2339 1525 8421 1162 20234 787 5451 5367 133 7843 1107 4892 30723 11718 30407 10341 114 4320 27685 2094 218 421 2171 4206 39017 22900 29818 274 4824 124
internal_value=0.002114 -0.000679893 0.00395418 0.00116613 -0.00399207 0.00566689 0.00928889 0.0137411 0.00890915 0.00199716 0.00509019 0.00572774 0.000621017 -0.000471514 -0.00609235 0.00191532 -0.0102687 0.00229718 -0.00213222 0.00162976 0.0072987 0.0185452 0.00471304 0.0106526 0.00462324 0.00397803 0.00370107 -0.0163391 0.0152193 0.0123853
internal_weight=372800 148038 224762 95058 52980 119863 16429 10978 6252 104899 103434 12735 88806 53763 32746 22059 521 35043 31704 4019 1925 763 95013 5731 93906 54889 52718 407 10191 545
internal_count=372800 148038 224762 95058 52980 119863 16429 10978 6252 104899 103434 12735 88806 53763 32746 22059 521 35043 31704 4019 1925 763 95013 5731 93906 54889 52718 407 10191 545
cat_boundaries=0 1 2 3 4
cat_threshold=129 1 128 1
is_linear=0
shrinkage=0.05


Tree=205
num_leaves=31
num_cat=4
split_feature=1 14 14 2 3 9 14 2 9 2 3 1 14 2 2 5 3 4 2 11 3 3 9 14 9 2 3 8 10 4
split_gain=753.244 370.829 301.069 199.117 151.287 99.1901 263.115 124.247 80.7448 66.5754 66.3671 65.0507 85.243 53.8526 31.3711 26.9483 26.0544 47.4937 63.9507 28.9515 25.9975 25.0796 32.5462 21.9983 40.1788 22.5621 17.9658 17.3067 17.1933 24.0018
threshold=1.0000000180025095e-35 0.099999999999996994 0.95000000000000295 0.98499999999999954 9.7850000000000019 0 2.3000000000000083 0.98499999999999954 1 0.58500000000000008 5.9250000000000007 6.5000000000000009 1.7000000000000013 0.79499999999999871 2.0849999999999995 0.77023320773058968 6.9850000000000003 -0.36852933211706668 1.9949999999999994 1.0000000180025095e-35 3.2350000000000003 20.255000000000006 2 1.1000000000000123 3 1.7450000000000012 13.905000000000003 1.0000000180025095e-35 13.000000000000002 -0.1478094111296103
decision_type=2 2 2 2 2 9 2 2 9 2 2 2 2 2 2 2 2 2 2 2 2 2 9 2 9 2 2 2 2 2
left_child=2 4 8 21 13 9 7 -7 -1 -4 -10 12 16 -2 28 -13 17 18 -5 -20 -11 -3 -23 24 -22 -26 -9 -21 -14 -30
right_child=1 3 5 11 -6 6 -8 26 10 20 -12 15 14 -15 -16 -17 -18 -19 19 27 23 22 -24 -25 25 -27 -28 -29 29 -31
leaf_value=0 0 0 0 0 0 -3.4915841787446281e-06 0.00012630782714638801 0 0 0 0 0 0 0 -3.1000738086039981e-06 0 0 0 1.2987120665409011e-06 1.2987120665409011e-06 0 0 0.0085514915657618536 0 0 0 0 -0.0086355441409724735 0.0011622067976638018 0.031008055778363183
leaf_weight=92164 2339 5042 8421 1162 20234 787 5451 5367 7843 1107 4892 30723 10696 30407 10341 4320 27685 2094 218 421 2171 539 671 39017 22900 29818 4824 124 547 475
leaf_count=92164 2339 5042 8421 1162 20234 787 5451 5367 7843 1107 4892 30723 10696 30407 10341 4320 27685 2094 218 421 2171 539 671 39017 22900 29818 4824 124 547 475
internal_value=0.00212929 -0.000640038 0.00395329 0.0012282 -0.00399207 0.00566522 0.00927672 0.0137411 0.00199716 0.00509019 0.00572774 0.000621017 -0.000471514 -0.00609235 0.00191532 0.00229718 -0.00213222 0.00162976 0.0072987 0.0185452 0.00471304 0.00985285 0.00338843 0.00462324 0.00397803 0.00370107 0.0152193 0.0123853 0.00368664 0.00988258
internal_weight=372800 148038 224762 95058 52980 119863 16429 10978 104899 103434 12735 88806 53763 32746 22059 35043 31704 4019 1925 763 95013 6252 1210 93906 54889 52718 10191 545 11718 1022
internal_count=372800 148038 224762 95058 52980 119863 16429 10978 104899 103434 12735 88806 53763 32746 22059 35043 31704 4019 1925 763 95013 6252 1210 93906 54889 52718 10191 545 11718 1022
cat_boundaries=0 1 2 3 4
cat_threshold=129 1 1 128
is_linear=0
shrinkage=0.05


Tree=206
num_leaves=31
num_cat=4
split_feature=1 14 14 2 3 9 14 2 3 9 1 14 2 3 2 4 5 2 3 4 2 11 3 10 14 9 2 0 3 8
split_gain=774.663 356.619 301.069 160.777 151.287 99.1901 263.115 124.247 83.3368 80.7448 68.1457 78.6909 66.5754 66.3671 53.8526 27.4167 26.9483 26.6074 26.0544 47.4937 63.9507 28.9515 25.9975 23.9844 21.9983 40.1788 22.5621 18.2846 17.9658 17.3067
threshold=1.0000000180025095e-35 0.099999999999996994 0.95000000000000295 0.98499999999999954 9.7850000000000019 0 2.3000000000000083 0.98499999999999954 31.655000000000005 1 6.5000000000000009 1.7000000000000013 0.58500000000000008 5.9250000000000007 0.79499999999999871 0.5094157245188784 0.77023320773058968 2.0849999999999995 6.9850000000000003 -0.36852933211706668 1.9949999999999994 1.0000000180025095e-35 3.2350000000000003 2.5000000000000004 1.1000000000000123 2 1.7450000000000012 3 13.905000000000003 1.0000000180025095e-35
decision_type=2 2 2 2 2 9 2 2 2 9 2 2 2 2 2 2 2 2 2 2 2 2 2 2 2 9 2 1 2 2
left_child=2 4 9 8 14 12 7 -7 23 -1 11 18 -4 -11 -2 27 -12 -13 19 20 -5 -22 -14 -3 25 -24 -27 -10 -9 -23
right_child=1 3 5 10 -6 6 -8 28 15 13 16 17 22 -15 -16 -17 -18 -19 -20 -21 21 29 24 -25 -26 26 -28 -29 -30 -31
leaf_value=0 0 0 0 0 0 -3.3170049698073968e-06 0.00011999243578906805 0 -0.00063921520232450128 0 0 0 0 0 0 0.012519755284152147 0 -2.945070118176574e-06 0 0 1.2337764632138561e-06 1.2337764632138561e-06 0 0 0 0 0 -0.00077412834555963626 0 -0.0082037669339238509
leaf_weight=92164 2339 1525 8421 1162 20234 787 5451 5367 133 7843 30723 11718 1107 4892 30407 114 4320 10341 27685 2094 218 421 2171 4206 39017 22900 29818 274 4824 124
leaf_count=92164 2339 1525 8421 1162 20234 787 5451 5367 133 7843 30723 11718 1107 4892 30407 114 4320 10341 27685 2094 218 421 2171 4206 39017 22900 29818 274 4824 124
internal_value=0.00210354 -0.000704887 0.00395329 0.00112721 -0.00399207 0.00566522 0.00927672 0.0137411 0.00887716 0.00199716 0.000581605 -0.000536614 0.00509019 0.00572774 -0.00609235 -0.0102687 0.00229718 0.00175665 -0.00213222 0.00162976 0.0072987 0.0185452 0.00471304 0.0106177 0.00462324 0.00397803 0.00370107 -0.0163391 0.0152193 0.0123853
internal_weight=372800 148038 224762 95058 52980 119863 16429 10978 6252 104899 88806 53763 103434 12735 32746 521 35043 22059 31704 4019 1925 763 95013 5731 93906 54889 52718 407 10191 545
internal_count=372800 148038 224762 95058 52980 119863 16429 10978 6252 104899 88806 53763 103434 12735 32746 521 35043 22059 31704 4019 1925 763 95013 5731 93906 54889 52718 407 10191 545
cat_boundaries=0 1 2 3 4
cat_threshold=129 1 128 1
is_linear=0
shrinkage=0.05


Tree=207
num_leaves=31
num_cat=4
split_feature=1 14 14 2 3 9 14 2 3 9 1 14 2 3 2 4 5 2 3 4 2 11 3 10 14 9 2 0 3 8
split_gain=774.663 356.619 301.069 160.777 151.287 99.1901 263.115 124.247 83.3368 80.7448 68.1457 78.6909 66.5754 66.3671 53.8526 27.4167 26.9483 26.6074 26.0544 47.4937 63.9507 28.9515 25.9975 23.9844 21.9983 40.1788 22.5621 18.2846 17.9658 17.3067
threshold=1.0000000180025095e-35 0.099999999999996994 0.95000000000000295 0.98499999999999954 9.7850000000000019 0 2.3000000000000083 0.98499999999999954 31.655000000000005 1 6.5000000000000009 1.7000000000000013 0.58500000000000008 5.9250000000000007 0.79499999999999871 0.5094157245188784 0.77023320773058968 2.0849999999999995 6.9850000000000003 -0.36852933211706668 1.9949999999999994 1.0000000180025095e-35 3.2350000000000003 2.5000000000000004 1.1000000000000123 2 1.7450000000000012 3 13.905000000000003 1.0000000180025095e-35
decision_type=2 2 2 2 2 9 2 2 2 9 2 2 2 2 2 2 2 2 2 2 2 2 2 2 2 9 2 1 2 2
left_child=2 4 9 8 14 12 7 -7 23 -1 11 18 -4 -11 -2 27 -12 -13 19 20 -5 -22 -14 -3 25 -24 -27 -10 -9 -23
right_child=1 3 5 10 -6 6 -8 28 15 13 16 17 22 -15 -16 -17 -18 -19 -20 -21 21 29 24 -25 -26 26 -28 -29 -30 -31
leaf_value=0 0 0 0 0 0 -3.151154721317027e-06 0.00011399281399961381 0 -0.00060725444220827629 0 0 0 0 0 0 0.011893767519944538 0 -2.7978166122655248e-06 0 0 1.1720876400531634e-06 1.1720876400531634e-06 0 0 0 0 0 -0.00073542192828165455 0 -0.0077935785872276569
leaf_weight=92164 2339 1525 8421 1162 20234 787 5451 5367 133 7843 30723 11718 1107 4892 30407 114 4320 10341 27685 2094 218 421 2171 4206 39017 22900 29818 274 4824 124
leaf_count=92164 2339 1525 8421 1162 20234 787 5451 5367 133 7843 30723 11718 1107 4892 30407 114 4320 10341 27685 2094 218 421 2171 4206 39017 22900 29818 274 4824 124
internal_value=0.00210354 -0.000704887 0.00395329 0.00112721 -0.00399207 0.00566522 0.00927672 0.0137411 0.00887716 0.00199716 0.000581605 -0.000536614 0.00509019 0.00572774 -0.00609235 -0.0102687 0.00229718 0.00175665 -0.00213222 0.00162976 0.0072987 0.0185452 0.00471304 0.0106177 0.00462324 0.00397803 0.00370107 -0.0163391 0.0152193 0.0123853
internal_weight=372800 148038 224762 95058 52980 119863 16429 10978 6252 104899 88806 53763 103434 12735 32746 521 35043 22059 31704 4019 1925 763 95013 5731 93906 54889 52718 407 10191 545
internal_count=372800 148038 224762 95058 52980 119863 16429 10978 6252 104899 88806 53763 103434 12735 32746 521 35043 22059 31704 4019 1925 763 95013 5731 93906 54889 52718 407 10191 545
cat_boundaries=0 1 2 3 4
cat_threshold=129 1 128 1
is_linear=0
shrinkage=0.05


Tree=208
num_leaves=31
num_cat=4
split_feature=1 14 14 2 3 9 14 2 3 9 1 14 2 3 2 4 5 2 3 4 2 11 3 10 14 9 2 0 3 8
split_gain=774.663 356.619 301.069 160.777 151.287 99.1901 263.115 124.247 83.3368 80.7448 68.1457 78.6909 66.5754 66.3671 53.8526 27.4167 26.9483 26.6074 26.0544 47.4937 63.9507 28.9515 25.9975 23.9844 21.9983 40.1788 22.5621 18.2846 17.9658 17.3067
threshold=1.0000000180025095e-35 0.099999999999996994 0.95000000000000295 0.98499999999999954 9.7850000000000019 0 2.3000000000000083 0.98499999999999954 31.655000000000005 1 6.5000000000000009 1.7000000000000013 0.58500000000000008 5.9250000000000007 0.79499999999999871 0.5094157245188784 0.77023320773058968 2.0849999999999995 6.9850000000000003 -0.36852933211706668 1.9949999999999994 1.0000000180025095e-35 3.2350000000000003 2.5000000000000004 1.1000000000000123 2 1.7450000000000012 3 13.905000000000003 1.0000000180025095e-35
decision_type=2 2 2 2 2 9 2 2 2 9 2 2 2 2 2 2 2 2 2 2 2 2 2 2 2 9 2 1 2 2
left_child=2 4 9 8 14 12 7 -7 23 -1 11 18 -4 -11 -2 27 -12 -13 19 20 -5 -22 -14 -3 25 -24 -27 -10 -9 -23
right_child=1 3 5 10 -6 6 -8 28 15 13 16 17 22 -15 -16 -17 -18 -19 -20 -21 21 29 24 -25 -26 26 -28 -29 -30 -31
leaf_value=0 0 0 0 0 0 -2.9935969852511757e-06 0.00010829317329963395 0 -0.00057689172009786236 0 0 0 0 0 0 0.011299079143947311 0 -2.6579257816516934e-06 0 0 1.1134832580505055e-06 1.1134832580505055e-06 0 0 0 0 0 -0.00069865083186757178 0 -0.0074038996578662756
leaf_weight=92164 2339 1525 8421 1162 20234 787 5451 5367 133 7843 30723 11718 1107 4892 30407 114 4320 10341 27685 2094 218 421 2171 4206 39017 22900 29818 274 4824 124
leaf_count=92164 2339 1525 8421 1162 20234 787 5451 5367 133 7843 30723 11718 1107 4892 30407 114 4320 10341 27685 2094 218 421 2171 4206 39017 22900 29818 274 4824 124
internal_value=0.00210354 -0.000704887 0.00395329 0.00112721 -0.00399207 0.00566522 0.00927672 0.0137411 0.00887716 0.00199716 0.000581605 -0.000536614 0.00509019 0.00572774 -0.00609235 -0.0102687 0.00229718 0.00175665 -0.00213222 0.00162976 0.0072987 0.0185452 0.00471304 0.0106177 0.00462324 0.00397803 0.00370107 -0.0163391 0.0152193 0.0123853
internal_weight=372800 148038 224762 95058 52980 119863 16429 10978 6252 104899 88806 53763 103434 12735 32746 521 35043 22059 31704 4019 1925 763 95013 5731 93906 54889 52718 407 10191 545
internal_count=372800 148038 224762 95058 52980 119863 16429 10978 6252 104899 88806 53763 103434 12735 32746 521 35043 22059 31704 4019 1925 763 95013 5731 93906 54889 52718 407 10191 545
cat_boundaries=0 1 2 3 4
cat_threshold=129 1 128 1
is_linear=0
shrinkage=0.05


Tree=209
num_leaves=31
num_cat=4
split_feature=1 14 14 2 3 9 14 2 3 9 1 14 2 3 2 4 5 2 3 4 2 11 3 10 14 9 2 0 3 8
split_gain=774.663 356.619 301.069 160.777 151.287 99.1901 263.115 124.247 83.3368 80.7448 68.1457 78.6909 66.5754 66.3671 53.8526 27.4167 26.9483 26.6074 26.0544 47.4937 63.9507 28.9515 25.9975 23.9844 21.9983 40.1788 22.5621 18.2846 17.9658 17.3067
threshold=1.0000000180025095e-35 0.099999999999996994 0.95000000000000295 0.98499999999999954 9.7850000000000019 0 2.3000000000000083 0.98499999999999954 31.655000000000005 1 6.5000000000000009 1.7000000000000013 0.58500000000000008 5.9250000000000007 0.79499999999999871 0.5094157245188784 0.77023320773058968 2.0849999999999995 6.9850000000000003 -0.36852933211706668 1.9949999999999994 1.0000000180025095e-35 3.2350000000000003 2.5000000000000004 1.1000000000000123 2 1.7450000000000012 3 13.905000000000003 1.0000000180025095e-35
decision_type=2 2 2 2 2 9 2 2 2 9 2 2 2 2 2 2 2 2 2 2 2 2 2 2 2 9 2 1 2 2
left_child=2 4 9 8 14 12 7 -7 23 -1 11 18 -4 -11 -2 27 -12 -13 19 20 -5 -22 -14 -3 25 -24 -27 -10 -9 -23
right_child=1 3 5 10 -6 6 -8 28 15 13 16 17 22 -15 -16 -17 -18 -19 -20 -21 21 29 24 -25 -26 26 -28 -29 -30 -31
leaf_value=0 0 0 0 0 0 -2.843917135988617e-06 0.00010287851463465226 0 -0.00054804713409296922 0 0 0 0 0 0 0.010734125186749944 0 -2.5250294925671659e-06 0 0 1.0578090951479802e-06 1.0578090951479802e-06 0 0 0 0 0 -0.00066371829027419324 0 -0.0070337046749729629
leaf_weight=92164 2339 1525 8421 1162 20234 787 5451 5367 133 7843 30723 11718 1107 4892 30407 114 4320 10341 27685 2094 218 421 2171 4206 39017 22900 29818 274 4824 124
leaf_count=92164 2339 1525 8421 1162 20234 787 5451 5367 133 7843 30723 11718 1107 4892 30407 114 4320 10341 27685 2094 218 421 2171 4206 39017 22900 29818 274 4824 124
internal_value=0.00210354 -0.000704887 0.00395329 0.00112721 -0.00399207 0.00566522 0.00927672 0.0137411 0.00887716 0.00199716 0.000581605 -0.000536614 0.00509019 0.00572774 -0.00609235 -0.0102687 0.00229718 0.00175665 -0.00213222 0.00162976 0.0072987 0.0185452 0.00471304 0.0106177 0.00462324 0.00397803 0.00370107 -0.0163391 0.0152193 0.0123853
internal_weight=372800 148038 224762 95058 52980 119863 16429 10978 6252 104899 88806 53763 103434 12735 32746 521 35043 22059 31704 4019 1925 763 95013 5731 93906 54889 52718 407 10191 545
internal_count=372800 148038 224762 95058 52980 119863 16429 10978 6252 104899 88806 53763 103434 12735 32746 521 35043 22059 31704 4019 1925 763 95013 5731 93906 54889 52718 407 10191 545
cat_boundaries=0 1 2 3 4
cat_threshold=129 1 128 1
is_linear=0
shrinkage=0.05


Tree=210
num_leaves=31
num_cat=4
split_feature=1 14 14 2 3 9 14 2 3 9 1 14 2 3 2 4 5 2 3 4 2 11 3 10 14 9 2 0 3 8
split_gain=774.663 356.619 301.069 160.777 151.287 99.1901 263.115 124.247 83.3368 80.7448 68.1457 78.6909 66.5754 66.3671 53.8526 27.4167 26.9483 26.6074 26.0544 47.4937 63.9507 28.9515 25.9975 23.9844 21.9983 40.1788 22.5621 18.2846 17.9658 17.3067
threshold=1.0000000180025095e-35 0.099999999999996994 0.95000000000000295 0.98499999999999954 9.7850000000000019 0 2.3000000000000083 0.98499999999999954 31.655000000000005 1 6.5000000000000009 1.7000000000000013 0.58500000000000008 5.9250000000000007 0.79499999999999871 0.5094157245188784 0.77023320773058968 2.0849999999999995 6.9850000000000003 -0.36852933211706668 1.9949999999999994 1.0000000180025095e-35 3.2350000000000003 2.5000000000000004 1.1000000000000123 2 1.7450000000000012 3 13.905000000000003 1.0000000180025095e-35
decision_type=2 2 2 2 2 9 2 2 2 9 2 2 2 2 2 2 2 2 2 2 2 2 2 2 2 9 2 1 2 2
left_child=2 4 9 8 14 12 7 -7 23 -1 11 18 -4 -11 -2 27 -12 -13 19 20 -5 -22 -14 -3 25 -24 -27 -10 -9 -23
right_child=1 3 5 10 -6 6 -8 28 15 13 16 17 22 -15 -16 -17 -18 -19 -20 -21 21 29 24 -25 -26 26 -28 -29 -30 -31
leaf_value=0 0 0 0 0 0 -2.7017212791891858e-06 9.77345889029202e-05 0 -0.00052064477738832083 0 0 0 0 0 0 0.010197418927412445 0 -2.3987780179368646e-06 0 0 1.0049186403905813e-06 1.0049186403905813e-06 0 0 0 0 0 -0.00063053237576048355 0 -0.0066820194412243131
leaf_weight=92164 2339 1525 8421 1162 20234 787 5451 5367 133 7843 30723 11718 1107 4892 30407 114 4320 10341 27685 2094 218 421 2171 4206 39017 22900 29818 274 4824 124
leaf_count=92164 2339 1525 8421 1162 20234 787 5451 5367 133 7843 30723 11718 1107 4892 30407 114 4320 10341 27685 2094 218 421 2171 4206 39017 22900 29818 274 4824 124
internal_value=0.00210354 -0.000704887 0.00395329 0.00112721 -0.00399207 0.00566522 0.00927672 0.0137411 0.00887716 0.00199716 0.000581605 -0.000536614 0.00509019 0.00572774 -0.00609235 -0.0102687 0.00229718 0.00175665 -0.00213222 0.00162976 0.0072987 0.0185452 0.00471304 0.0106177 0.00462324 0.00397803 0.00370107 -0.0163391 0.0152193 0.0123853
internal_weight=372800 148038 224762 95058 52980 119863 16429 10978 6252 104899 88806 53763 103434 12735 32746 521 35043 22059 31704 4019 1925 763 95013 5731 93906 54889 52718 407 10191 545
internal_count=372800 148038 224762 95058 52980 119863 16429 10978 6252 104899 88806 53763 103434 12735 32746 521 35043 22059 31704 4019 1925 763 95013 5731 93906 54889 52718 407 10191 545
cat_boundaries=0 1 2 3 4
cat_threshold=129 1 128 1
is_linear=0
shrinkage=0.05


Tree=211
num_leaves=31
num_cat=4
split_feature=1 14 14 2 3 9 14 2 3 9 1 14 2 3 2 4 5 2 3 4 2 11 3 10 14 9 2 0 3 8
split_gain=774.367 356.619 300.795 160.777 151.287 98.6131 264.553 124.247 83.3368 80.7448 68.1457 78.6909 66.5754 66.3671 53.8526 27.4167 26.9483 26.6074 26.0544 47.4937 63.9507 28.9515 25.9975 23.9844 21.9983 40.1788 22.5621 18.2846 17.9658 17.3067
threshold=1.0000000180025095e-35 0.099999999999996994 0.95000000000000295 0.98499999999999954 9.7850000000000019 0 2.3000000000000083 0.98499999999999954 31.655000000000005 1 6.5000000000000009 1.7000000000000013 0.58500000000000008 5.9250000000000007 0.79499999999999871 0.5094157245188784 0.77023320773058968 2.0849999999999995 6.9850000000000003 -0.36852933211706668 1.9949999999999994 1.0000000180025095e-35 3.2350000000000003 2.5000000000000004 1.1000000000000123 2 1.7450000000000012 3 13.905000000000003 1.0000000180025095e-35
decision_type=2 2 2 2 2 9 2 2 2 9 2 2 2 2 2 2 2 2 2 2 2 2 2 2 2 9 2 1 2 2
left_child=2 4 9 8 14 12 7 -7 23 -1 11 18 -4 -11 -2 27 -12 -13 19 20 -5 -22 -14 -3 25 -24 -27 -10 -9 -23
right_child=1 3 5 10 -6 6 -8 28 15 13 16 17 22 -15 -16 -17 -18 -19 -20 -21 21 29 24 -25 -26 26 -28 -29 -30 -31
leaf_value=0 0 0 0 0 0 -2.5666352152297264e-06 9.2847859457773085e-05 0 -0.00049461253851890478 0 0 0 0 0 0 0.0096875479810418219 0 -2.2788391170425194e-06 0 0 9.5467270837105214e-07 9.5467270837105214e-07 0 0 0 0 0 -0.00059900575697245943 0 -0.0063479184691631
leaf_weight=92164 2339 1525 8421 1162 20234 787 5451 5367 133 7843 30723 11718 1107 4892 30407 114 4320 10341 27685 2094 218 421 2171 4206 39017 22900 29818 274 4824 124
leaf_count=92164 2339 1525 8421 1162 20234 787 5451 5367 133 7843 30723 11718 1107 4892 30407 114 4320 10341 27685 2094 218 421 2171 4206 39017 22900 29818 274 4824 124
internal_value=0.002103 -0.000704887 0.0039524 0.00112721 -0.00399207 0.00566355 0.00926455 0.0137411 0.00887716 0.00199716 0.000581605 -0.000536614 0.00509019 0.00572774 -0.00609235 -0.0102687 0.00229718 0.00175665 -0.00213222 0.00162976 0.0072987 0.0185452 0.00471304 0.0106177 0.00462324 0.00397803 0.00370107 -0.0163391 0.0152193 0.0123853
internal_weight=372800 148038 224762 95058 52980 119863 16429 10978 6252 104899 88806 53763 103434 12735 32746 521 35043 22059 31704 4019 1925 763 95013 5731 93906 54889 52718 407 10191 545
internal_count=372800 148038 224762 95058 52980 119863 16429 10978 6252 104899 88806 53763 103434 12735 32746 521 35043 22059 31704 4019 1925 763 95013 5731 93906 54889 52718 407 10191 545
cat_boundaries=0 1 2 3 4
cat_threshold=129 1 128 1
is_linear=0
shrinkage=0.05


Tree=212
num_leaves=31
num_cat=4
split_feature=1 14 14 2 3 9 14 2 3 9 1 14 2 3 2 4 5 2 3 4 2 11 3 10 14 9 2 0 3 8
split_gain=774.367 356.619 300.795 160.777 151.287 98.6131 264.553 124.247 83.3368 80.7448 68.1457 78.6909 66.5754 66.3671 53.8526 27.4167 26.9483 26.6074 26.0544 47.4937 63.9507 28.9515 25.9975 23.9844 21.9983 40.1788 22.5621 18.2846 17.9658 17.3067
threshold=1.0000000180025095e-35 0.099999999999996994 0.95000000000000295 0.98499999999999954 9.7850000000000019 0 2.3000000000000083 0.98499999999999954 31.655000000000005 1 6.5000000000000009 1.7000000000000013 0.58500000000000008 5.9250000000000007 0.79499999999999871 0.5094157245188784 0.77023320773058968 2.0849999999999995 6.9850000000000003 -0.36852933211706668 1.9949999999999994 1.0000000180025095e-35 3.2350000000000003 2.5000000000000004 1.1000000000000123 2 1.7450000000000012 3 13.905000000000003 1.0000000180025095e-35
decision_type=2 2 2 2 2 9 2 2 2 9 2 2 2 2 2 2 2 2 2 2 2 2 2 2 2 9 2 1 2 2
left_child=2 4 9 8 14 12 7 -7 23 -1 11 18 -4 -11 -2 27 -12 -13 19 20 -5 -22 -14 -3 25 -24 -27 -10 -9 -23
right_child=1 3 5 10 -6 6 -8 28 15 13 16 17 22 -15 -16 -17 -18 -19 -20 -21 21 29 24 -25 -26 26 -28 -29 -30 -31
leaf_value=0 0 0 0 0 0 -2.4383034544682399e-06 8.8205466484886363e-05 0 -0.00046988191159295949 0 0 0 0 0 0 0.0092031705819897291 0 -2.1648971611887282e-06 0 0 9.0693907295249958e-07 9.0693907295249958e-07 0 0 0 0 0 -0.00056905546912383641 0 -0.0060305225457049473
leaf_weight=92164 2339 1525 8421 1162 20234 787 5451 5367 133 7843 30723 11718 1107 4892 30407 114 4320 10341 27685 2094 218 421 2171 4206 39017 22900 29818 274 4824 124
leaf_count=92164 2339 1525 8421 1162 20234 787 5451 5367 133 7843 30723 11718 1107 4892 30407 114 4320 10341 27685 2094 218 421 2171 4206 39017 22900 29818 274 4824 124
internal_value=0.002103 -0.000704887 0.0039524 0.00112721 -0.00399207 0.00566355 0.00926455 0.0137411 0.00887716 0.00199716 0.000581605 -0.000536614 0.00509019 0.00572774 -0.00609235 -0.0102687 0.00229718 0.00175665 -0.00213222 0.00162976 0.0072987 0.0185452 0.00471304 0.0106177 0.00462324 0.00397803 0.00370107 -0.0163391 0.0152193 0.0123853
internal_weight=372800 148038 224762 95058 52980 119863 16429 10978 6252 104899 88806 53763 103434 12735 32746 521 35043 22059 31704 4019 1925 763 95013 5731 93906 54889 52718 407 10191 545
internal_count=372800 148038 224762 95058 52980 119863 16429 10978 6252 104899 88806 53763 103434 12735 32746 521 35043 22059 31704 4019 1925 763 95013 5731 93906 54889 52718 407 10191 545
cat_boundaries=0 1 2 3 4
cat_threshold=129 1 128 1
is_linear=0
shrinkage=0.05


Tree=213
num_leaves=31
num_cat=4
split_feature=1 14 14 2 3 9 14 2 3 9 1 14 2 3 2 4 5 2 3 4 2 11 3 10 14 9 2 0 3 8
split_gain=774.367 356.619 300.795 160.777 151.287 98.6131 264.553 124.247 83.3368 80.7448 68.1457 78.6909 66.5754 66.3671 53.8526 27.4167 26.9483 26.6074 26.0544 47.4937 63.9507 28.9515 25.9975 23.9844 21.9983 40.1788 22.5621 18.2846 17.9658 17.3067
threshold=1.0000000180025095e-35 0.099999999999996994 0.95000000000000295 0.98499999999999954 9.7850000000000019 0 2.3000000000000083 0.98499999999999954 31.655000000000005 1 6.5000000000000009 1.7000000000000013 0.58500000000000008 5.9250000000000007 0.79499999999999871 0.5094157245188784 0.77023320773058968 2.0849999999999995 6.9850000000000003 -0.36852933211706668 1.9949999999999994 1.0000000180025095e-35 3.2350000000000003 2.5000000000000004 1.1000000000000123 2 1.7450000000000012 3 13.905000000000003 1.0000000180025095e-35
decision_type=2 2 2 2 2 9 2 2 2 9 2 2 2 2 2 2 2 2 2 2 2 2 2 2 2 9 2 1 2 2
left_child=2 4 9 8 14 12 7 -7 23 -1 11 18 -4 -11 -2 27 -12 -13 19 20 -5 -22 -14 -3 25 -24 -27 -10 -9 -23
right_child=1 3 5 10 -6 6 -8 28 15 13 16 17 22 -15 -16 -17 -18 -19 -20 -21 21 29 24 -25 -26 26 -28 -29 -30 -31
leaf_value=0 0 0 0 0 0 -2.316388281744828e-06 8.379519316064066e-05 0 -0.00044638781601331152 0 0 0 0 0 0 0.0087430120528902422 0 -2.0566523031284589e-06 0 0 8.6159211930487472e-07 8.6159211930487472e-07 0 0 0 0 0 -0.00054060269566764464 0 -0.0057289964184197018
leaf_weight=92164 2339 1525 8421 1162 20234 787 5451 5367 133 7843 30723 11718 1107 4892 30407 114 4320 10341 27685 2094 218 421 2171 4206 39017 22900 29818 274 4824 124
leaf_count=92164 2339 1525 8421 1162 20234 787 5451 5367 133 7843 30723 11718 1107 4892 30407 114 4320 10341 27685 2094 218 421 2171 4206 39017 22900 29818 274 4824 124
internal_value=0.002103 -0.000704887 0.0039524 0.00112721 -0.00399207 0.00566355 0.00926455 0.0137411 0.00887716 0.00199716 0.000581605 -0.000536614 0.00509019 0.00572774 -0.00609235 -0.0102687 0.00229718 0.00175665 -0.00213222 0.00162976 0.0072987 0.0185452 0.00471304 0.0106177 0.00462324 0.00397803 0.00370107 -0.0163391 0.0152193 0.0123853
internal_weight=372800 148038 224762 95058 52980 119863 16429 10978 6252 104899 88806 53763 103434 12735 32746 521 35043 22059 31704 4019 1925 763 95013 5731 93906 54889 52718 407 10191 545
internal_count=372800 148038 224762 95058 52980 119863 16429 10978 6252 104899 88806 53763 103434 12735 32746 521 35043 22059 31704 4019 1925 763 95013 5731 93906 54889 52718 407 10191 545
cat_boundaries=0 1 2 3 4
cat_threshold=129 1 128 1
is_linear=0
shrinkage=0.05


Tree=214
num_leaves=31
num_cat=4
split_feature=1 14 14 2 3 9 14 2 3 9 1 14 2 3 2 4 5 2 3 4 2 11 3 10 14 9 2 0 3 8
split_gain=774.367 356.619 300.795 160.777 151.287 98.6131 264.553 124.247 83.3368 80.7448 68.1457 78.6909 66.5754 66.3671 53.8526 27.4167 26.9483 26.6074 26.0544 47.4937 63.9507 28.9515 25.9975 23.9844 21.9983 40.1788 22.5621 18.2846 17.9658 17.3067
threshold=1.0000000180025095e-35 0.099999999999996994 0.95000000000000295 0.98499999999999954 9.7850000000000019 0 2.3000000000000083 0.98499999999999954 31.655000000000005 1 6.5000000000000009 1.7000000000000013 0.58500000000000008 5.9250000000000007 0.79499999999999871 0.5094157245188784 0.77023320773058968 2.0849999999999995 6.9850000000000003 -0.36852933211706668 1.9949999999999994 1.0000000180025095e-35 3.2350000000000003 2.5000000000000004 1.1000000000000123 2 1.7450000000000012 3 13.905000000000003 1.0000000180025095e-35
decision_type=2 2 2 2 2 9 2 2 2 9 2 2 2 2 2 2 2 2 2 2 2 2 2 2 2 9 2 1 2 2
left_child=2 4 9 8 14 12 7 -7 23 -1 11 18 -4 -11 -2 27 -12 -13 19 20 -5 -22 -14 -3 25 -24 -27 -10 -9 -23
right_child=1 3 5 10 -6 6 -8 28 15 13 16 17 22 -15 -16 -17 -18 -19 -20 -21 21 29 24 -25 -26 26 -28 -29 -30 -31
leaf_value=0 0 0 0 0 0 -2.2005688676575868e-06 7.960543350261085e-05 0 -0.00042406842521264596 0 0 0 0 0 0 0.0083058614502457325 0 -1.9538196879720361e-06 0 0 8.1851251333963094e-07 8.1851251333963094e-07 0 0 0 0 0 -0.00051357256088426244 0 -0.0054425465974987158
leaf_weight=92164 2339 1525 8421 1162 20234 787 5451 5367 133 7843 30723 11718 1107 4892 30407 114 4320 10341 27685 2094 218 421 2171 4206 39017 22900 29818 274 4824 124
leaf_count=92164 2339 1525 8421 1162 20234 787 5451 5367 133 7843 30723 11718 1107 4892 30407 114 4320 10341 27685 2094 218 421 2171 4206 39017 22900 29818 274 4824 124
internal_value=0.002103 -0.000704887 0.0039524 0.00112721 -0.00399207 0.00566355 0.00926455 0.0137411 0.00887716 0.00199716 0.000581605 -0.000536614 0.00509019 0.00572774 -0.00609235 -0.0102687 0.00229718 0.00175665 -0.00213222 0.00162976 0.0072987 0.0185452 0.00471304 0.0106177 0.00462324 0.00397803 0.00370107 -0.0163391 0.0152193 0.0123853
internal_weight=372800 148038 224762 95058 52980 119863 16429 10978 6252 104899 88806 53763 103434 12735 32746 521 35043 22059 31704 4019 1925 763 95013 5731 93906 54889 52718 407 10191 545
internal_count=372800 148038 224762 95058 52980 119863 16429 10978 6252 104899 88806 53763 103434 12735 32746 521 35043 22059 31704 4019 1925 763 95013 5731 93906 54889 52718 407 10191 545
cat_boundaries=0 1 2 3 4
cat_threshold=129 1 128 1
is_linear=0
shrinkage=0.05


Tree=215
num_leaves=31
num_cat=4
split_feature=1 14 14 2 3 9 14 2 3 9 1 14 2 3 2 4 5 2 3 4 2 11 3 10 14 9 2 0 3 8
split_gain=774.367 356.619 300.795 160.777 151.287 98.6131 264.553 124.247 83.3368 80.7448 68.1457 78.6909 66.5754 66.3671 53.8526 27.4167 26.9483 26.6074 26.0544 47.4937 63.9507 28.9515 25.9975 23.9844 21.9983 40.1788 22.5621 18.2846 17.9658 17.3067
threshold=1.0000000180025095e-35 0.099999999999996994 0.95000000000000295 0.98499999999999954 9.7850000000000019 0 2.3000000000000083 0.98499999999999954 31.655000000000005 1 6.5000000000000009 1.7000000000000013 0.58500000000000008 5.9250000000000007 0.79499999999999871 0.5094157245188784 0.77023320773058968 2.0849999999999995 6.9850000000000003 -0.36852933211706668 1.9949999999999994 1.0000000180025095e-35 3.2350000000000003 2.5000000000000004 1.1000000000000123 2 1.7450000000000012 3 13.905000000000003 1.0000000180025095e-35
decision_type=2 2 2 2 2 9 2 2 2 9 2 2 2 2 2 2 2 2 2 2 2 2 2 2 2 9 2 1 2 2
left_child=2 4 9 8 14 12 7 -7 23 -1 11 18 -4 -11 -2 27 -12 -13 19 20 -5 -22 -14 -3 25 -24 -27 -10 -9 -23
right_child=1 3 5 10 -6 6 -8 28 15 13 16 17 22 -15 -16 -17 -18 -19 -20 -21 21 29 24 -25 -26 26 -28 -29 -30 -31
leaf_value=0 0 0 0 0 0 -2.0905404242747074e-06 7.5625161827480583e-05 0 -0.00040286500395201366 0 0 0 0 0 0 0.0078905683777334475 0 -1.8561287035756548e-06 0 0 7.7758688767264946e-07 7.7758688767264946e-07 0 0 0 0 0 -0.00048789393284004922 0 -0.0051704192676237772
leaf_weight=92164 2339 1525 8421 1162 20234 787 5451 5367 133 7843 30723 11718 1107 4892 30407 114 4320 10341 27685 2094 218 421 2171 4206 39017 22900 29818 274 4824 124
leaf_count=92164 2339 1525 8421 1162 20234 787 5451 5367 133 7843 30723 11718 1107 4892 30407 114 4320 10341 27685 2094 218 421 2171 4206 39017 22900 29818 274 4824 124
internal_value=0.002103 -0.000704887 0.0039524 0.00112721 -0.00399207 0.00566355 0.00926455 0.0137411 0.00887716 0.00199716 0.000581605 -0.000536614 0.00509019 0.00572774 -0.00609235 -0.0102687 0.00229718 0.00175665 -0.00213222 0.00162976 0.0072987 0.0185452 0.00471304 0.0106177 0.00462324 0.00397803 0.00370107 -0.0163391 0.0152193 0.0123853
internal_weight=372800 148038 224762 95058 52980 119863 16429 10978 6252 104899 88806 53763 103434 12735 32746 521 35043 22059 31704 4019 1925 763 95013 5731 93906 54889 52718 407 10191 545
internal_count=372800 148038 224762 95058 52980 119863 16429 10978 6252 104899 88806 53763 103434 12735 32746 521 35043 22059 31704 4019 1925 763 95013 5731 93906 54889 52718 407 10191 545
cat_boundaries=0 1 2 3 4
cat_threshold=129 1 128 1
is_linear=0
shrinkage=0.05


Tree=216
num_leaves=31
num_cat=4
split_feature=1 14 14 2 3 9 14 2 3 9 1 14 2 3 2 4 5 2 3 4 2 11 3 10 14 9 2 0 3 8
split_gain=774.367 356.619 300.795 160.777 151.287 98.6131 264.553 124.247 83.3368 80.7448 68.1457 78.6909 66.5754 66.3671 53.8526 27.4167 26.9483 26.6074 26.0544 47.4937 63.9507 28.9515 25.9975 23.9844 21.9983 40.1788 22.5621 18.2846 17.9658 17.3067
threshold=1.0000000180025095e-35 0.099999999999996994 0.95000000000000295 0.98499999999999954 9.7850000000000019 0 2.3000000000000083 0.98499999999999954 31.655000000000005 1 6.5000000000000009 1.7000000000000013 0.58500000000000008 5.9250000000000007 0.79499999999999871 0.5094157245188784 0.77023320773058968 2.0849999999999995 6.9850000000000003 -0.36852933211706668 1.9949999999999994 1.0000000180025095e-35 3.2350000000000003 2.5000000000000004 1.1000000000000123 2 1.7450000000000012 3 13.905000000000003 1.0000000180025095e-35
decision_type=2 2 2 2 2 9 2 2 2 9 2 2 2 2 2 2 2 2 2 2 2 2 2 2 2 9 2 1 2 2
left_child=2 4 9 8 14 12 7 -7 23 -1 11 18 -4 -11 -2 27 -12 -13 19 20 -5 -22 -14 -3 25 -24 -27 -10 -9 -23
right_child=1 3 5 10 -6 6 -8 28 15 13 16 17 22 -15 -16 -17 -18 -19 -20 -21 21 29 24 -25 -26 26 -28 -29 -30 -31
leaf_value=0 0 0 0 0 0 -1.9860134030609717e-06 7.1843903736107389e-05 0 -0.00038272175375441298 0 0 0 0 0 0 0.0074960399588467732 0 -1.7633222683943739e-06 0 0 7.3870754328901702e-07 7.3870754328901702e-07 0 0 0 0 0 -0.00046349923619804677 0 -0.0049118983042425908
leaf_weight=92164 2339 1525 8421 1162 20234 787 5451 5367 133 7843 30723 11718 1107 4892 30407 114 4320 10341 27685 2094 218 421 2171 4206 39017 22900 29818 274 4824 124
leaf_count=92164 2339 1525 8421 1162 20234 787 5451 5367 133 7843 30723 11718 1107 4892 30407 114 4320 10341 27685 2094 218 421 2171 4206 39017 22900 29818 274 4824 124
internal_value=0.002103 -0.000704887 0.0039524 0.00112721 -0.00399207 0.00566355 0.00926455 0.0137411 0.00887716 0.00199716 0.000581605 -0.000536614 0.00509019 0.00572774 -0.00609235 -0.0102687 0.00229718 0.00175665 -0.00213222 0.00162976 0.0072987 0.0185452 0.00471304 0.0106177 0.00462324 0.00397803 0.00370107 -0.0163391 0.0152193 0.0123853
internal_weight=372800 148038 224762 95058 52980 119863 16429 10978 6252 104899 88806 53763 103434 12735 32746 521 35043 22059 31704 4019 1925 763 95013 5731 93906 54889 52718 407 10191 545
internal_count=372800 148038 224762 95058 52980 119863 16429 10978 6252 104899 88806 53763 103434 12735 32746 521 35043 22059 31704 4019 1925 763 95013 5731 93906 54889 52718 407 10191 545
cat_boundaries=0 1 2 3 4
cat_threshold=129 1 128 1
is_linear=0
shrinkage=0.05


Tree=217
num_leaves=31
num_cat=4
split_feature=1 14 14 2 3 9 14 2 3 9 1 14 2 3 2 4 5 2 3 4 2 11 3 10 14 9 2 0 3 8
split_gain=774.367 356.619 300.795 160.777 151.287 98.6131 264.553 124.247 83.3368 80.7448 68.1457 78.6909 66.5754 66.3671 53.8526 27.4167 26.9483 26.6074 26.0544 47.4937 63.9507 28.9515 25.9975 23.9844 21.9983 40.1788 22.5621 18.2846 17.9658 17.3067
threshold=1.0000000180025095e-35 0.099999999999996994 0.95000000000000295 0.98499999999999954 9.7850000000000019 0 2.3000000000000083 0.98499999999999954 31.655000000000005 1 6.5000000000000009 1.7000000000000013 0.58500000000000008 5.9250000000000007 0.79499999999999871 0.5094157245188784 0.77023320773058968 2.0849999999999995 6.9850000000000003 -0.36852933211706668 1.9949999999999994 1.0000000180025095e-35 3.2350000000000003 2.5000000000000004 1.1000000000000123 2 1.7450000000000012 3 13.905000000000003 1.0000000180025095e-35
decision_type=2 2 2 2 2 9 2 2 2 9 2 2 2 2 2 2 2 2 2 2 2 2 2 2 2 9 2 1 2 2
left_child=2 4 9 8 14 12 7 -7 23 -1 11 18 -4 -11 -2 27 -12 -13 19 20 -5 -22 -14 -3 25 -24 -27 -10 -9 -23
right_child=1 3 5 10 -6 6 -8 28 15 13 16 17 22 -15 -16 -17 -18 -19 -20 -21 21 29 24 -25 -26 26 -28 -29 -30 -31
leaf_value=0 0 0 0 0 0 -1.8867127329079231e-06 6.8251708549299522e-05 0 -0.00036358566606669229 0 0 0 0 0 0 0.0071212379609044366 0 -1.6751561549732676e-06 0 0 7.0177216612456619e-07 7.0177216612456619e-07 0 0 0 0 0 -0.00044032427438814444 0 -0.0046663033890304633
leaf_weight=92164 2339 1525 8421 1162 20234 787 5451 5367 133 7843 30723 11718 1107 4892 30407 114 4320 10341 27685 2094 218 421 2171 4206 39017 22900 29818 274 4824 124
leaf_count=92164 2339 1525 8421 1162 20234 787 5451 5367 133 7843 30723 11718 1107 4892 30407 114 4320 10341 27685 2094 218 421 2171 4206 39017 22900 29818 274 4824 124
internal_value=0.002103 -0.000704887 0.0039524 0.00112721 -0.00399207 0.00566355 0.00926455 0.0137411 0.00887716 0.00199716 0.000581605 -0.000536614 0.00509019 0.00572774 -0.00609235 -0.0102687 0.00229718 0.00175665 -0.00213222 0.00162976 0.0072987 0.0185452 0.00471304 0.0106177 0.00462324 0.00397803 0.00370107 -0.0163391 0.0152193 0.0123853
internal_weight=372800 148038 224762 95058 52980 119863 16429 10978 6252 104899 88806 53763 103434 12735 32746 521 35043 22059 31704 4019 1925 763 95013 5731 93906 54889 52718 407 10191 545
internal_count=372800 148038 224762 95058 52980 119863 16429 10978 6252 104899 88806 53763 103434 12735 32746 521 35043 22059 31704 4019 1925 763 95013 5731 93906 54889 52718 407 10191 545
cat_boundaries=0 1 2 3 4
cat_threshold=129 1 128 1
is_linear=0
shrinkage=0.05


Tree=218
num_leaves=31
num_cat=4
split_feature=1 14 14 2 3 9 14 2 3 9 1 14 2 3 2 4 5 2 3 4 2 11 3 10 14 9 2 0 3 8
split_gain=774.367 356.619 300.795 160.777 151.287 98.6131 264.553 124.247 83.3368 80.7448 68.1457 78.6909 66.5754 66.3671 53.8526 27.4167 26.9483 26.6074 26.0544 47.4937 63.9507 28.9515 25.9975 23.9844 21.9983 40.1788 22.5621 18.2846 17.9658 17.3067
threshold=1.0000000180025095e-35 0.099999999999996994 0.95000000000000295 0.98499999999999954 9.7850000000000019 0 2.3000000000000083 0.98499999999999954 31.655000000000005 1 6.5000000000000009 1.7000000000000013 0.58500000000000008 5.9250000000000007 0.79499999999999871 0.5094157245188784 0.77023320773058968 2.0849999999999995 6.9850000000000003 -0.36852933211706668 1.9949999999999994 1.0000000180025095e-35 3.2350000000000003 2.5000000000000004 1.1000000000000123 2 1.7450000000000012 3 13.905000000000003 1.0000000180025095e-35
decision_type=2 2 2 2 2 9 2 2 2 9 2 2 2 2 2 2 2 2 2 2 2 2 2 2 2 9 2 1 2 2
left_child=2 4 9 8 14 12 7 -7 23 -1 11 18 -4 -11 -2 27 -12 -13 19 20 -5 -22 -14 -3 25 -24 -27 -10 -9 -23
right_child=1 3 5 10 -6 6 -8 28 15 13 16 17 22 -15 -16 -17 -18 -19 -20 -21 21 29 24 -25 -26 26 -28 -29 -30 -31
leaf_value=0 0 0 0 0 0 -1.7923770962625268e-06 6.4839123121834824e-05 0 -0.00034540638276335766 0 0 0 0 0 0 0.006765176062859213 0 -1.5913983472226612e-06 0 0 6.6668355781833788e-07 6.6668355781833788e-07 0 0 0 0 0 -0.00041830806066873723 0 -0.0044329882195789372
leaf_weight=92164 2339 1525 8421 1162 20234 787 5451 5367 133 7843 30723 11718 1107 4892 30407 114 4320 10341 27685 2094 218 421 2171 4206 39017 22900 29818 274 4824 124
leaf_count=92164 2339 1525 8421 1162 20234 787 5451 5367 133 7843 30723 11718 1107 4892 30407 114 4320 10341 27685 2094 218 421 2171 4206 39017 22900 29818 274 4824 124
internal_value=0.002103 -0.000704887 0.0039524 0.00112721 -0.00399207 0.00566355 0.00926455 0.0137411 0.00887716 0.00199716 0.000581605 -0.000536614 0.00509019 0.00572774 -0.00609235 -0.0102687 0.00229718 0.00175665 -0.00213222 0.00162976 0.0072987 0.0185452 0.00471304 0.0106177 0.00462324 0.00397803 0.00370107 -0.0163391 0.0152193 0.0123853
internal_weight=372800 148038 224762 95058 52980 119863 16429 10978 6252 104899 88806 53763 103434 12735 32746 521 35043 22059 31704 4019 1925 763 95013 5731 93906 54889 52718 407 10191 545
internal_count=372800 148038 224762 95058 52980 119863 16429 10978 6252 104899 88806 53763 103434 12735 32746 521 35043 22059 31704 4019 1925 763 95013 5731 93906 54889 52718 407 10191 545
cat_boundaries=0 1 2 3 4
cat_threshold=129 1 128 1
is_linear=0
shrinkage=0.05


Tree=219
num_leaves=31
num_cat=4
split_feature=1 14 14 2 3 9 14 2 3 9 1 14 2 3 2 5 2 3 4 2 11 3 4 10 14 9 2 0 3 8
split_gain=774.591 356.473 300.795 160.157 151.287 98.6131 264.553 124.247 84.8755 80.7448 68.1457 78.6909 66.5754 66.3671 53.8526 26.9483 26.6074 26.0544 47.4937 63.9507 28.9515 25.9975 25.7103 23.9844 21.9983 40.1788 22.5621 18.2846 17.9658 17.3067
threshold=1.0000000180025095e-35 0.099999999999996994 0.95000000000000295 0.98499999999999954 9.7850000000000019 0 2.3000000000000083 0.98499999999999954 31.655000000000005 1 6.5000000000000009 1.7000000000000013 0.58500000000000008 5.9250000000000007 0.79499999999999871 0.77023320773058968 2.0849999999999995 6.9850000000000003 -0.36852933211706668 1.9949999999999994 1.0000000180025095e-35 3.2350000000000003 0.5094157245188784 2.5000000000000004 1.1000000000000123 2 1.7450000000000012 3 13.905000000000003 1.0000000180025095e-35
decision_type=2 2 2 2 2 9 2 2 2 9 2 2 2 2 2 2 2 2 2 2 2 2 2 2 2 9 2 1 2 2
left_child=2 4 9 8 14 12 7 -7 23 -1 11 17 -4 -11 -2 -12 -13 18 19 -5 -21 -14 27 -3 25 -23 -27 -10 -9 -22
right_child=1 3 5 10 -6 6 -8 28 22 13 15 16 21 -15 -16 -17 -18 -19 -20 20 29 24 -24 -25 -26 26 -28 -29 -30 -31
leaf_value=0 0 0 0 0 0 -1.7027582414494006e-06 6.1597166965743355e-05 0 -0.00032813606362518978 0 0 0 0 0 0 0 -1.5118284298620832e-06 0 0 6.3334937992742094e-07 6.3334937992742094e-07 0 0.0064269172597162527 0 0 0 0 -0.00039739265763530038 0 -0.0042113388085999902
leaf_weight=92164 2339 1525 8421 1162 20234 787 5451 5367 133 7843 30723 11718 1107 4892 30407 4320 10341 27685 2094 218 421 2171 114 4206 39017 22900 29818 274 4824 124
leaf_count=92164 2339 1525 8421 1162 20234 787 5451 5367 133 7843 30723 11718 1107 4892 30407 4320 10341 27685 2094 218 421 2171 114 4206 39017 22900 29818 274 4824 124
internal_value=0.00210274 -0.000705562 0.0039524 0.00112615 -0.00399207 0.00566355 0.00926455 0.0137411 0.00886116 0.00199716 0.000581605 -0.000536614 0.00509019 0.00572774 -0.00609235 0.00229718 0.00175665 -0.00213222 0.00162976 0.0072987 0.0185452 0.00471304 -0.0104607 0.0106177 0.00462324 0.00397803 0.00370107 -0.0163391 0.0152193 0.0123853
internal_weight=372800 148038 224762 95058 52980 119863 16429 10978 6252 104899 88806 53763 103434 12735 32746 35043 22059 31704 4019 1925 763 95013 521 5731 93906 54889 52718 407 10191 545
internal_count=372800 148038 224762 95058 52980 119863 16429 10978 6252 104899 88806 53763 103434 12735 32746 35043 22059 31704 4019 1925 763 95013 521 5731 93906 54889 52718 407 10191 545
cat_boundaries=0 1 2 3 4
cat_threshold=129 1 128 1
is_linear=0
shrinkage=0.05


Tree=220
num_leaves=31
num_cat=4
split_feature=1 14 14 2 3 9 14 2 3 9 1 14 2 3 2 5 2 3 4 2 11 3 4 10 14 9 2 0 3 8
split_gain=774.591 356.473 300.795 160.157 151.287 98.6131 264.553 124.247 84.8755 80.7448 68.1457 78.6909 66.5754 66.3671 53.8526 26.9483 26.6074 26.0544 47.4937 63.9507 28.9515 25.9975 25.7103 23.9844 21.9983 40.1788 22.5621 18.2846 17.9658 17.3067
threshold=1.0000000180025095e-35 0.099999999999996994 0.95000000000000295 0.98499999999999954 9.7850000000000019 0 2.3000000000000083 0.98499999999999954 31.655000000000005 1 6.5000000000000009 1.7000000000000013 0.58500000000000008 5.9250000000000007 0.79499999999999871 0.77023320773058968 2.0849999999999995 6.9850000000000003 -0.36852933211706668 1.9949999999999994 1.0000000180025095e-35 3.2350000000000003 0.5094157245188784 2.5000000000000004 1.1000000000000123 2 1.7450000000000012 3 13.905000000000003 1.0000000180025095e-35
decision_type=2 2 2 2 2 9 2 2 2 9 2 2 2 2 2 2 2 2 2 2 2 2 2 2 2 9 2 1 2 2
left_child=2 4 9 8 14 12 7 -7 23 -1 11 17 -4 -11 -2 -12 -13 18 19 -5 -21 -14 27 -3 25 -23 -27 -10 -9 -22
right_child=1 3 5 10 -6 6 -8 28 22 13 15 16 21 -15 -16 -17 -18 -19 -20 20 29 24 -24 -25 -26 26 -28 -29 -30 -31
leaf_value=0 0 0 0 0 0 -1.6176203293769304e-06 5.8517308617456191e-05 0 -0.00031172926044393027 0 0 0 0 0 0 0 -1.4362370083675914e-06 0 0 6.0168191093104985e-07 6.0168191093104985e-07 0 0.0061055713967304416 0 0 0 0 -0.00037752302475353537 0 -0.0040007718681699892
leaf_weight=92164 2339 1525 8421 1162 20234 787 5451 5367 133 7843 30723 11718 1107 4892 30407 4320 10341 27685 2094 218 421 2171 114 4206 39017 22900 29818 274 4824 124
leaf_count=92164 2339 1525 8421 1162 20234 787 5451 5367 133 7843 30723 11718 1107 4892 30407 4320 10341 27685 2094 218 421 2171 114 4206 39017 22900 29818 274 4824 124
internal_value=0.00210274 -0.000705562 0.0039524 0.00112615 -0.00399207 0.00566355 0.00926455 0.0137411 0.00886116 0.00199716 0.000581605 -0.000536614 0.00509019 0.00572774 -0.00609235 0.00229718 0.00175665 -0.00213222 0.00162976 0.0072987 0.0185452 0.00471304 -0.0104607 0.0106177 0.00462324 0.00397803 0.00370107 -0.0163391 0.0152193 0.0123853
internal_weight=372800 148038 224762 95058 52980 119863 16429 10978 6252 104899 88806 53763 103434 12735 32746 35043 22059 31704 4019 1925 763 95013 521 5731 93906 54889 52718 407 10191 545
internal_count=372800 148038 224762 95058 52980 119863 16429 10978 6252 104899 88806 53763 103434 12735 32746 35043 22059 31704 4019 1925 763 95013 521 5731 93906 54889 52718 407 10191 545
cat_boundaries=0 1 2 3 4
cat_threshold=129 1 128 1
is_linear=0
shrinkage=0.05


Tree=221
num_leaves=31
num_cat=4
split_feature=1 14 14 2 3 9 14 2 9 1 14 2 3 2 5 3 9 2 3 4 2 11 3 14 9 2 3 8 14 3
split_gain=761.393 365.171 300.795 198.747 151.287 98.6131 264.553 124.247 80.7448 68.1457 78.6909 66.5754 66.3671 53.8526 26.9483 26.655 30.8275 26.6074 26.0544 47.4937 63.9507 28.9515 25.9975 21.9983 40.1788 22.5621 17.9658 17.3067 17.2161 54.8931
threshold=1.0000000180025095e-35 0.099999999999996994 0.95000000000000295 0.98499999999999954 9.7850000000000019 0 2.3000000000000083 0.98499999999999954 1 6.5000000000000009 1.7000000000000013 0.58500000000000008 5.9250000000000007 0.79499999999999871 0.77023320773058968 20.255000000000006 2 2.0849999999999995 6.9850000000000003 -0.36852933211706668 1.9949999999999994 1.0000000180025095e-35 3.2350000000000003 1.1000000000000123 3 1.7450000000000012 13.905000000000003 1.0000000180025095e-35 4.4500000000000179 33.690000000000005
decision_type=2 2 2 2 2 9 2 2 9 2 2 2 2 2 2 2 9 2 2 2 2 2 2 2 9 2 2 2 2 2
left_child=2 4 8 15 13 11 7 -7 -1 10 18 -4 -10 -2 -11 -3 -17 -12 19 20 -5 -22 -13 24 -24 -26 -9 -23 -8 -30
right_child=1 3 5 9 -6 6 28 26 12 14 17 22 -14 -15 -16 16 -18 -19 -20 -21 21 27 23 -25 25 -27 -28 -29 29 -31
leaf_value=0 0 0 0 0 0 -1.5367393129080838e-06 -0.0014950062958828435 0 0 0 0 0 0 0 0 0 0.0061747438497522962 -1.3644251579514322e-06 0 0 5.7159781538449734e-07 5.7159781538449734e-07 0 0 0 0 0 -0.0038007332747614919 0.053607346156476388 -0.00065896483257019741
leaf_weight=92164 2339 5042 8421 1162 20234 787 3416 5367 7843 30723 11718 1107 4892 30407 4320 539 671 10341 27685 2094 218 421 2171 39017 22900 29818 4824 124 667 1368
leaf_count=92164 2339 5042 8421 1162 20234 787 3416 5367 7843 30723 11718 1107 4892 30407 4320 539 671 10341 27685 2094 218 421 2171 39017 22900 29818 4824 124 667 1368
internal_value=0.00211856 -0.000665707 0.0039524 0.00118822 -0.00399207 0.00566355 0.00926455 0.0137411 0.00199716 0.000581605 -0.000536614 0.00509019 0.00572774 -0.00609235 0.00229718 0.00980486 0.0031405 0.00175665 -0.00213222 0.00162976 0.0072987 0.0185452 0.00471304 0.00462324 0.00397803 0.00370107 0.0152193 0.0123853 0.000266006 0.00390663
internal_weight=372800 148038 224762 95058 52980 119863 16429 10978 104899 88806 53763 103434 12735 32746 35043 6252 1210 22059 31704 4019 1925 763 95013 93906 54889 52718 10191 545 5451 2035
internal_count=372800 148038 224762 95058 52980 119863 16429 10978 104899 88806 53763 103434 12735 32746 35043 6252 1210 22059 31704 4019 1925 763 95013 93906 54889 52718 10191 545 5451 2035
cat_boundaries=0 1 2 3 4
cat_threshold=129 1 1 128
is_linear=0
shrinkage=0.05


Tree=222
num_leaves=31
num_cat=4
split_feature=1 14 14 2 3 9 14 2 3 9 1 14 2 3 2 5 2 3 4 2 11 3 4 10 14 9 2 0 3 8
split_gain=774.591 356.473 300.795 160.157 151.287 98.6131 264.553 124.247 84.8755 80.7448 68.1457 78.6909 66.5754 66.3671 53.8526 26.9483 26.6074 26.0544 47.4937 63.9507 28.9515 25.9975 25.7103 23.9844 21.9983 40.1788 22.5621 18.2846 17.9658 17.3067
threshold=1.0000000180025095e-35 0.099999999999996994 0.95000000000000295 0.98499999999999954 9.7850000000000019 0 2.3000000000000083 0.98499999999999954 31.655000000000005 1 6.5000000000000009 1.7000000000000013 0.58500000000000008 5.9250000000000007 0.79499999999999871 0.77023320773058968 2.0849999999999995 6.9850000000000003 -0.36852933211706668 1.9949999999999994 1.0000000180025095e-35 3.2350000000000003 0.5094157245188784 2.5000000000000004 1.1000000000000123 2 1.7450000000000012 3 13.905000000000003 1.0000000180025095e-35
decision_type=2 2 2 2 2 9 2 2 2 9 2 2 2 2 2 2 2 2 2 2 2 2 2 2 2 9 2 1 2 2
left_child=2 4 9 8 14 12 7 -7 23 -1 11 17 -4 -11 -2 -12 -13 18 19 -5 -21 -14 27 -3 25 -23 -27 -10 -9 -22
right_child=1 3 5 10 -6 6 -8 28 22 13 15 16 21 -15 -16 -17 -18 -19 -20 20 29 24 -24 -25 -26 26 -28 -29 -30 -31
leaf_value=0 0 0 0 0 0 -1.4599023472626797e-06 0.00013034175798072313 0 -0.00029614279742173379 0 0 0 0 0 0 0 -1.296203900053028e-06 0 0 5.4301792461527239e-07 5.4301792461527239e-07 0 0.0058002928268939217 0 0 0 0 -0.00035864687351585861 0 -0.0036106966110234177
leaf_weight=92164 2339 1525 8421 1162 20234 787 5451 5367 133 7843 30723 11718 1107 4892 30407 4320 10341 27685 2094 218 421 2171 114 4206 39017 22900 29818 274 4824 124
leaf_count=92164 2339 1525 8421 1162 20234 787 5451 5367 133 7843 30723 11718 1107 4892 30407 4320 10341 27685 2094 218 421 2171 114 4206 39017 22900 29818 274 4824 124
internal_value=0.00210274 -0.000705562 0.0039524 0.00112615 -0.00399207 0.00566355 0.00926455 0.0137411 0.00886116 0.00199716 0.000581605 -0.000536614 0.00509019 0.00572774 -0.00609235 0.00229718 0.00175665 -0.00213222 0.00162976 0.0072987 0.0185452 0.00471304 -0.0104607 0.0106177 0.00462324 0.00397803 0.00370107 -0.0163391 0.0152193 0.0123853
internal_weight=372800 148038 224762 95058 52980 119863 16429 10978 6252 104899 88806 53763 103434 12735 32746 35043 22059 31704 4019 1925 763 95013 521 5731 93906 54889 52718 407 10191 545
internal_count=372800 148038 224762 95058 52980 119863 16429 10978 6252 104899 88806 53763 103434 12735 32746 35043 22059 31704 4019 1925 763 95013 521 5731 93906 54889 52718 407 10191 545
cat_boundaries=0 1 2 3 4
cat_threshold=129 1 128 1
is_linear=0
shrinkage=0.05


Tree=223
num_leaves=31
num_cat=4
split_feature=1 14 14 2 3 9 14 2 3 9 1 14 2 3 2 5 2 3 4 2 11 3 4 10 14 9 2 0 3 8
split_gain=774.295 356.473 300.521 160.157 151.287 98.0377 265.996 124.247 84.8755 80.7448 68.1457 78.6909 66.5754 66.3671 53.8526 26.9483 26.6074 26.0544 47.4937 63.9507 28.9515 25.9975 25.7103 23.9844 21.9983 40.1788 22.5621 18.2846 17.9658 17.3067
threshold=1.0000000180025095e-35 0.099999999999996994 0.95000000000000295 0.98499999999999954 9.7850000000000019 0 2.3000000000000083 0.98499999999999954 31.655000000000005 1 6.5000000000000009 1.7000000000000013 0.58500000000000008 5.9250000000000007 0.79499999999999871 0.77023320773058968 2.0849999999999995 6.9850000000000003 -0.36852933211706668 1.9949999999999994 1.0000000180025095e-35 3.2350000000000003 0.5094157245188784 2.5000000000000004 1.1000000000000123 2 1.7450000000000012 3 13.905000000000003 1.0000000180025095e-35
decision_type=2 2 2 2 2 9 2 2 2 9 2 2 2 2 2 2 2 2 2 2 2 2 2 2 2 9 2 1 2 2
left_child=2 4 9 8 14 12 7 -7 23 -1 11 17 -4 -11 -2 -12 -13 18 19 -5 -21 -14 27 -3 25 -23 -27 -10 -9 -22
right_child=1 3 5 10 -6 6 -8 28 22 13 15 16 21 -15 -16 -17 -18 -19 -20 20 29 24 -24 -25 -26 26 -28 -29 -30 -31
leaf_value=0 0 0 0 0 0 -1.3869072298995457e-06 0.00012382467008168475 0 -0.00028133565755064709 0 0 0 0 0 0 0 -1.2313937050478787e-06 0 0 5.1586702838450875e-07 5.1586702838450875e-07 0 0.0055102781855492283 0 0 0 0 -0.00034071452984006569 0 -0.0034301617804722464
leaf_weight=92164 2339 1525 8421 1162 20234 787 5451 5367 133 7843 30723 11718 1107 4892 30407 4320 10341 27685 2094 218 421 2171 114 4206 39017 22900 29818 274 4824 124
leaf_count=92164 2339 1525 8421 1162 20234 787 5451 5367 133 7843 30723 11718 1107 4892 30407 4320 10341 27685 2094 218 421 2171 114 4206 39017 22900 29818 274 4824 124
internal_value=0.0021022 -0.000705562 0.00395151 0.00112615 -0.00399207 0.00566188 0.00925239 0.0137411 0.00886116 0.00199716 0.000581605 -0.000536614 0.00509019 0.00572774 -0.00609235 0.00229718 0.00175665 -0.00213222 0.00162976 0.0072987 0.0185452 0.00471304 -0.0104607 0.0106177 0.00462324 0.00397803 0.00370107 -0.0163391 0.0152193 0.0123853
internal_weight=372800 148038 224762 95058 52980 119863 16429 10978 6252 104899 88806 53763 103434 12735 32746 35043 22059 31704 4019 1925 763 95013 521 5731 93906 54889 52718 407 10191 545
internal_count=372800 148038 224762 95058 52980 119863 16429 10978 6252 104899 88806 53763 103434 12735 32746 35043 22059 31704 4019 1925 763 95013 521 5731 93906 54889 52718 407 10191 545
cat_boundaries=0 1 2 3 4
cat_threshold=129 1 128 1
is_linear=0
shrinkage=0.05


Tree=224
num_leaves=31
num_cat=4
split_feature=1 14 14 2 3 9 14 2 3 9 1 14 2 3 2 5 2 3 4 2 11 3 4 10 14 9 2 0 3 8
split_gain=774.295 356.473 300.521 160.157 151.287 98.0377 265.996 124.247 84.8755 80.7448 68.1457 78.6909 66.5754 66.3671 53.8526 26.9483 26.6074 26.0544 47.4937 63.9507 28.9515 25.9975 25.7103 23.9844 21.9983 40.1788 22.5621 18.2846 17.9658 17.3067
threshold=1.0000000180025095e-35 0.099999999999996994 0.95000000000000295 0.98499999999999954 9.7850000000000019 0 2.3000000000000083 0.98499999999999954 31.655000000000005 1 6.5000000000000009 1.7000000000000013 0.58500000000000008 5.9250000000000007 0.79499999999999871 0.77023320773058968 2.0849999999999995 6.9850000000000003 -0.36852933211706668 1.9949999999999994 1.0000000180025095e-35 3.2350000000000003 0.5094157245188784 2.5000000000000004 1.1000000000000123 2 1.7450000000000012 3 13.905000000000003 1.0000000180025095e-35
decision_type=2 2 2 2 2 9 2 2 2 9 2 2 2 2 2 2 2 2 2 2 2 2 2 2 2 9 2 1 2 2
left_child=2 4 9 8 14 12 7 -7 23 -1 11 17 -4 -11 -2 -12 -13 18 19 -5 -21 -14 27 -3 25 -23 -27 -10 -9 -22
right_child=1 3 5 10 -6 6 -8 28 22 13 15 16 21 -15 -16 -17 -18 -19 -20 20 29 24 -24 -25 -26 26 -28 -29 -30 -31
leaf_value=0 0 0 0 0 0 -1.3175618684045684e-06 0.00011763343657760217 0 -0.00026726887467311467 0 0 0 0 0 0 0 -1.1698240197977051e-06 0 0 4.9007367696528329e-07 4.9007367696528329e-07 0 0.0052347642762717644 0 0 0 0 -0.00032367880334806238 0 -0.0032586536914486321
leaf_weight=92164 2339 1525 8421 1162 20234 787 5451 5367 133 7843 30723 11718 1107 4892 30407 4320 10341 27685 2094 218 421 2171 114 4206 39017 22900 29818 274 4824 124
leaf_count=92164 2339 1525 8421 1162 20234 787 5451 5367 133 7843 30723 11718 1107 4892 30407 4320 10341 27685 2094 218 421 2171 114 4206 39017 22900 29818 274 4824 124
internal_value=0.0021022 -0.000705562 0.00395151 0.00112615 -0.00399207 0.00566188 0.00925239 0.0137411 0.00886116 0.00199716 0.000581605 -0.000536614 0.00509019 0.00572774 -0.00609235 0.00229718 0.00175665 -0.00213222 0.00162976 0.0072987 0.0185452 0.00471304 -0.0104607 0.0106177 0.00462324 0.00397803 0.00370107 -0.0163391 0.0152193 0.0123853
internal_weight=372800 148038 224762 95058 52980 119863 16429 10978 6252 104899 88806 53763 103434 12735 32746 35043 22059 31704 4019 1925 763 95013 521 5731 93906 54889 52718 407 10191 545
internal_count=372800 148038 224762 95058 52980 119863 16429 10978 6252 104899 88806 53763 103434 12735 32746 35043 22059 31704 4019 1925 763 95013 521 5731 93906 54889 52718 407 10191 545
cat_boundaries=0 1 2 3 4
cat_threshold=129 1 128 1
is_linear=0
shrinkage=0.05


Tree=225
num_leaves=31
num_cat=4
split_feature=1 14 14 2 3 9 14 2 3 9 1 14 2 3 2 5 2 3 4 2 11 3 4 10 14 9 2 0 3 8
split_gain=774.295 356.473 300.521 160.157 151.287 98.0377 265.996 124.247 84.8755 80.7448 68.1457 78.6909 66.5754 66.3671 53.8526 26.9483 26.6074 26.0544 47.4937 63.9507 28.9515 25.9975 25.7103 23.9844 21.9983 40.1788 22.5621 18.2846 17.9658 17.3067
threshold=1.0000000180025095e-35 0.099999999999996994 0.95000000000000295 0.98499999999999954 9.7850000000000019 0 2.3000000000000083 0.98499999999999954 31.655000000000005 1 6.5000000000000009 1.7000000000000013 0.58500000000000008 5.9250000000000007 0.79499999999999871 0.77023320773058968 2.0849999999999995 6.9850000000000003 -0.36852933211706668 1.9949999999999994 1.0000000180025095e-35 3.2350000000000003 0.5094157245188784 2.5000000000000004 1.1000000000000123 2 1.7450000000000012 3 13.905000000000003 1.0000000180025095e-35
decision_type=2 2 2 2 2 9 2 2 2 9 2 2 2 2 2 2 2 2 2 2 2 2 2 2 2 9 2 1 2 2
left_child=2 4 9 8 14 12 7 -7 23 -1 11 17 -4 -11 -2 -12 -13 18 19 -5 -21 -14 27 -3 25 -23 -27 -10 -9 -22
right_child=1 3 5 10 -6 6 -8 28 22 13 15 16 21 -15 -16 -17 -18 -19 -20 20 29 24 -24 -25 -26 26 -28 -29 -30 -31
leaf_value=0 0 0 0 0 0 -1.2516837749843398e-06 0.00011175176474872429 0 -0.00025390543093945899 0 0 0 0 0 0 0 -1.1113328188094851e-06 0 0 4.6556999311701922e-07 4.6556999311701922e-07 0 0.0049730260624581751 0 0 0 0 -0.00030749486318065928 0 -0.0030957210068762011
leaf_weight=92164 2339 1525 8421 1162 20234 787 5451 5367 133 7843 30723 11718 1107 4892 30407 4320 10341 27685 2094 218 421 2171 114 4206 39017 22900 29818 274 4824 124
leaf_count=92164 2339 1525 8421 1162 20234 787 5451 5367 133 7843 30723 11718 1107 4892 30407 4320 10341 27685 2094 218 421 2171 114 4206 39017 22900 29818 274 4824 124
internal_value=0.0021022 -0.000705562 0.00395151 0.00112615 -0.00399207 0.00566188 0.00925239 0.0137411 0.00886116 0.00199716 0.000581605 -0.000536614 0.00509019 0.00572774 -0.00609235 0.00229718 0.00175665 -0.00213222 0.00162976 0.0072987 0.0185452 0.00471304 -0.0104607 0.0106177 0.00462324 0.00397803 0.00370107 -0.0163391 0.0152193 0.0123853
internal_weight=372800 148038 224762 95058 52980 119863 16429 10978 6252 104899 88806 53763 103434 12735 32746 35043 22059 31704 4019 1925 763 95013 521 5731 93906 54889 52718 407 10191 545
internal_count=372800 148038 224762 95058 52980 119863 16429 10978 6252 104899 88806 53763 103434 12735 32746 35043 22059 31704 4019 1925 763 95013 521 5731 93906 54889 52718 407 10191 545
cat_boundaries=0 1 2 3 4
cat_threshold=129 1 128 1
is_linear=0
shrinkage=0.05


Tree=226
num_leaves=31
num_cat=4
split_feature=1 14 14 2 3 9 14 2 3 9 1 14 2 3 2 5 2 3 4 2 11 3 4 10 14 9 2 0 3 8
split_gain=774.295 356.473 300.521 160.157 151.287 98.0377 265.996 124.247 84.8755 80.7448 68.1457 78.6909 66.5754 66.3671 53.8526 26.9483 26.6074 26.0544 47.4937 63.9507 28.9515 25.9975 25.7103 23.9844 21.9983 40.1788 22.5621 18.2846 17.9658 17.3067
threshold=1.0000000180025095e-35 0.099999999999996994 0.95000000000000295 0.98499999999999954 9.7850000000000019 0 2.3000000000000083 0.98499999999999954 31.655000000000005 1 6.5000000000000009 1.7000000000000013 0.58500000000000008 5.9250000000000007 0.79499999999999871 0.77023320773058968 2.0849999999999995 6.9850000000000003 -0.36852933211706668 1.9949999999999994 1.0000000180025095e-35 3.2350000000000003 0.5094157245188784 2.5000000000000004 1.1000000000000123 2 1.7450000000000012 3 13.905000000000003 1.0000000180025095e-35
decision_type=2 2 2 2 2 9 2 2 2 9 2 2 2 2 2 2 2 2 2 2 2 2 2 2 2 9 2 1 2 2
left_child=2 4 9 8 14 12 7 -7 23 -1 11 17 -4 -11 -2 -12 -13 18 19 -5 -21 -14 27 -3 25 -23 -27 -10 -9 -22
right_child=1 3 5 10 -6 6 -8 28 22 13 15 16 21 -15 -16 -17 -18 -19 -20 20 29 24 -24 -25 -26 26 -28 -29 -30 -31
leaf_value=0 0 0 0 0 0 -1.189099586235123e-06 0.0001061641765112864 0 -0.00024121015939248603 0 0 0 0 0 0 0 -1.0557661778709537e-06 0 0 4.4229149346116824e-07 4.4229149346116824e-07 0 0.0047243747593352647 0 0 0 0 -0.00029212012002162631 0 -0.0029409349565323929
leaf_weight=92164 2339 1525 8421 1162 20234 787 5451 5367 133 7843 30723 11718 1107 4892 30407 4320 10341 27685 2094 218 421 2171 114 4206 39017 22900 29818 274 4824 124
leaf_count=92164 2339 1525 8421 1162 20234 787 5451 5367 133 7843 30723 11718 1107 4892 30407 4320 10341 27685 2094 218 421 2171 114 4206 39017 22900 29818 274 4824 124
internal_value=0.0021022 -0.000705562 0.00395151 0.00112615 -0.00399207 0.00566188 0.00925239 0.0137411 0.00886116 0.00199716 0.000581605 -0.000536614 0.00509019 0.00572774 -0.00609235 0.00229718 0.00175665 -0.00213222 0.00162976 0.0072987 0.0185452 0.00471304 -0.0104607 0.0106177 0.00462324 0.00397803 0.00370107 -0.0163391 0.0152193 0.0123853
internal_weight=372800 148038 224762 95058 52980 119863 16429 10978 6252 104899 88806 53763 103434 12735 32746 35043 22059 31704 4019 1925 763 95013 521 5731 93906 54889 52718 407 10191 545
internal_count=372800 148038 224762 95058 52980 119863 16429 10978 6252 104899 88806 53763 103434 12735 32746 35043 22059 31704 4019 1925 763 95013 521 5731 93906 54889 52718 407 10191 545
cat_boundaries=0 1 2 3 4
cat_threshold=129 1 128 1
is_linear=0
shrinkage=0.05


Tree=227
num_leaves=31
num_cat=4
split_feature=1 14 14 2 3 9 14 2 3 9 1 14 2 3 2 5 2 3 4 2 11 3 4 10 14 9 2 0 3 8
split_gain=774.295 356.473 300.521 160.157 151.287 98.0377 265.996 124.247 84.8755 80.7448 68.1457 78.6909 66.5754 66.3671 53.8526 26.9483 26.6074 26.0544 47.4937 63.9507 28.9515 25.9975 25.7103 23.9844 21.9983 40.1788 22.5621 18.2846 17.9658 17.3067
threshold=1.0000000180025095e-35 0.099999999999996994 0.95000000000000295 0.98499999999999954 9.7850000000000019 0 2.3000000000000083 0.98499999999999954 31.655000000000005 1 6.5000000000000009 1.7000000000000013 0.58500000000000008 5.9250000000000007 0.79499999999999871 0.77023320773058968 2.0849999999999995 6.9850000000000003 -0.36852933211706668 1.9949999999999994 1.0000000180025095e-35 3.2350000000000003 0.5094157245188784 2.5000000000000004 1.1000000000000123 2 1.7450000000000012 3 13.905000000000003 1.0000000180025095e-35
decision_type=2 2 2 2 2 9 2 2 2 9 2 2 2 2 2 2 2 2 2 2 2 2 2 2 2 9 2 1 2 2
left_child=2 4 9 8 14 12 7 -7 23 -1 11 17 -4 -11 -2 -12 -13 18 19 -5 -21 -14 27 -3 25 -23 -27 -10 -9 -22
right_child=1 3 5 10 -6 6 -8 28 22 13 15 16 21 -15 -16 -17 -18 -19 -20 20 29 24 -24 -25 -26 26 -28 -29 -30 -31
leaf_value=0 0 0 0 0 0 -1.1296446069233667e-06 0.00010085596768572014 0 -0.00022914965142286172 0 0 0 0 0 0 0 -1.0029778689801816e-06 0 0 4.2017691878810988e-07 4.2017691878810988e-07 0 0.0044881560213684999 0 0 0 0 -0.00027751411402054499 0 -0.0027938882087057749
leaf_weight=92164 2339 1525 8421 1162 20234 787 5451 5367 133 7843 30723 11718 1107 4892 30407 4320 10341 27685 2094 218 421 2171 114 4206 39017 22900 29818 274 4824 124
leaf_count=92164 2339 1525 8421 1162 20234 787 5451 5367 133 7843 30723 11718 1107 4892 30407 4320 10341 27685 2094 218 421 2171 114 4206 39017 22900 29818 274 4824 124
internal_value=0.0021022 -0.000705562 0.00395151 0.00112615 -0.00399207 0.00566188 0.00925239 0.0137411 0.00886116 0.00199716 0.000581605 -0.000536614 0.00509019 0.00572774 -0.00609235 0.00229718 0.00175665 -0.00213222 0.00162976 0.0072987 0.0185452 0.00471304 -0.0104607 0.0106177 0.00462324 0.00397803 0.00370107 -0.0163391 0.0152193 0.0123853
internal_weight=372800 148038 224762 95058 52980 119863 16429 10978 6252 104899 88806 53763 103434 12735 32746 35043 22059 31704 4019 1925 763 95013 521 5731 93906 54889 52718 407 10191 545
internal_count=372800 148038 224762 95058 52980 119863 16429 10978 6252 104899 88806 53763 103434 12735 32746 35043 22059 31704 4019 1925 763 95013 521 5731 93906 54889 52718 407 10191 545
cat_boundaries=0 1 2 3 4
cat_threshold=129 1 128 1
is_linear=0
shrinkage=0.05


Tree=228
num_leaves=31
num_cat=4
split_feature=1 14 14 2 3 9 14 2 3 9 1 14 2 3 2 5 2 3 4 2 11 3 4 10 14 9 2 0 3 8
split_gain=774.295 356.473 300.521 160.157 151.287 98.0377 265.996 124.247 84.8755 80.7448 68.1457 78.6909 66.5754 66.3671 53.8526 26.9483 26.6074 26.0544 47.4937 63.9507 28.9515 25.9975 25.7103 23.9844 21.9983 40.1788 22.5621 18.2846 17.9658 17.3067
threshold=1.0000000180025095e-35 0.099999999999996994 0.95000000000000295 0.98499999999999954 9.7850000000000019 0 2.3000000000000083 0.98499999999999954 31.655000000000005 1 6.5000000000000009 1.7000000000000013 0.58500000000000008 5.9250000000000007 0.79499999999999871 0.77023320773058968 2.0849999999999995 6.9850000000000003 -0.36852933211706668 1.9949999999999994 1.0000000180025095e-35 3.2350000000000003 0.5094157245188784 2.5000000000000004 1.1000000000000123 2 1.7450000000000012 3 13.905000000000003 1.0000000180025095e-35
decision_type=2 2 2 2 2 9 2 2 2 9 2 2 2 2 2 2 2 2 2 2 2 2 2 2 2 9 2 1 2 2
left_child=2 4 9 8 14 12 7 -7 23 -1 11 17 -4 -11 -2 -12 -13 18 19 -5 -21 -14 27 -3 25 -23 -27 -10 -9 -22
right_child=1 3 5 10 -6 6 -8 28 22 13 15 16 21 -15 -16 -17 -18 -19 -20 20 29 24 -24 -25 -26 26 -28 -29 -30 -31
leaf_value=0 0 0 0 0 0 -1.0731623765771984e-06 9.5813169301434131e-05 0 -0.00021769216885171865 0 0 0 0 0 0 0 -9.5282897553117254e-07 0 0 3.991680728487044e-07 3.991680728487044e-07 0 0.0042637482203000737 0 0 0 0 -0.00026363840831951775 0 -0.0026541937982704879
leaf_weight=92164 2339 1525 8421 1162 20234 787 5451 5367 133 7843 30723 11718 1107 4892 30407 4320 10341 27685 2094 218 421 2171 114 4206 39017 22900 29818 274 4824 124
leaf_count=92164 2339 1525 8421 1162 20234 787 5451 5367 133 7843 30723 11718 1107 4892 30407 4320 10341 27685 2094 218 421 2171 114 4206 39017 22900 29818 274 4824 124
internal_value=0.0021022 -0.000705562 0.00395151 0.00112615 -0.00399207 0.00566188 0.00925239 0.0137411 0.00886116 0.00199716 0.000581605 -0.000536614 0.00509019 0.00572774 -0.00609235 0.00229718 0.00175665 -0.00213222 0.00162976 0.0072987 0.0185452 0.00471304 -0.0104607 0.0106177 0.00462324 0.00397803 0.00370107 -0.0163391 0.0152193 0.0123853
internal_weight=372800 148038 224762 95058 52980 119863 16429 10978 6252 104899 88806 53763 103434 12735 32746 35043 22059 31704 4019 1925 763 95013 521 5731 93906 54889 52718 407 10191 545
internal_count=372800 148038 224762 95058 52980 119863 16429 10978 6252 104899 88806 53763 103434 12735 32746 35043 22059 31704 4019 1925 763 95013 521 5731 93906 54889 52718 407 10191 545
cat_boundaries=0 1 2 3 4
cat_threshold=129 1 128 1
is_linear=0
shrinkage=0.05


Tree=229
num_leaves=31
num_cat=4
split_feature=1 14 14 2 3 9 14 2 3 9 1 14 2 3 2 5 2 3 4 2 11 3 4 10 14 9 2 0 3 8
split_gain=774 356.473 300.248 160.157 151.287 97.4641 267.442 124.247 84.8755 80.7448 68.1457 78.6909 66.5754 66.3671 53.8526 26.9483 26.6074 26.0544 47.4937 63.9507 28.9515 25.9975 25.7103 23.9844 21.9983 40.1788 22.5621 18.2846 17.9658 17.3067
threshold=1.0000000180025095e-35 0.099999999999996994 0.95000000000000295 0.98499999999999954 9.7850000000000019 0 2.3000000000000083 0.98499999999999954 31.655000000000005 1 6.5000000000000009 1.7000000000000013 0.58500000000000008 5.9250000000000007 0.79499999999999871 0.77023320773058968 2.0849999999999995 6.9850000000000003 -0.36852933211706668 1.9949999999999994 1.0000000180025095e-35 3.2350000000000003 0.5094157245188784 2.5000000000000004 1.1000000000000123 2 1.7450000000000012 3 13.905000000000003 1.0000000180025095e-35
decision_type=2 2 2 2 2 9 2 2 2 9 2 2 2 2 2 2 2 2 2 2 2 2 2 2 2 9 2 1 2 2
left_child=2 4 9 8 14 12 7 -7 23 -1 11 17 -4 -11 -2 -12 -13 18 19 -5 -21 -14 27 -3 25 -23 -27 -10 -9 -22
right_child=1 3 5 10 -6 6 -8 28 22 13 15 16 21 -15 -16 -17 -18 -19 -20 20 29 24 -24 -25 -26 26 -28 -29 -30 -31
leaf_value=0 0 0 0 0 0 -1.0195042577483384e-06 9.1022510836363821e-05 0 -0.00020680756040913274 0 0 0 0 0 0 0 -9.0518752675627929e-07 0 0 3.7920966920626918e-07 3.7920966920626918e-07 0 0.0040505608092850703 0 0 0 0 -0.00025045648790354182 0 -0.0025214841083569641
leaf_weight=92164 2339 1525 8421 1162 20234 787 5451 5367 133 7843 30723 11718 1107 4892 30407 4320 10341 27685 2094 218 421 2171 114 4206 39017 22900 29818 274 4824 124
leaf_count=92164 2339 1525 8421 1162 20234 787 5451 5367 133 7843 30723 11718 1107 4892 30407 4320 10341 27685 2094 218 421 2171 114 4206 39017 22900 29818 274 4824 124
internal_value=0.00210166 -0.000705562 0.00395062 0.00112615 -0.00399207 0.00566021 0.00924022 0.0137411 0.00886116 0.00199716 0.000581605 -0.000536614 0.00509019 0.00572774 -0.00609235 0.00229718 0.00175665 -0.00213222 0.00162976 0.0072987 0.0185452 0.00471304 -0.0104607 0.0106177 0.00462324 0.00397803 0.00370107 -0.0163391 0.0152193 0.0123853
internal_weight=372800 148038 224762 95058 52980 119863 16429 10978 6252 104899 88806 53763 103434 12735 32746 35043 22059 31704 4019 1925 763 95013 521 5731 93906 54889 52718 407 10191 545
internal_count=372800 148038 224762 95058 52980 119863 16429 10978 6252 104899 88806 53763 103434 12735 32746 35043 22059 31704 4019 1925 763 95013 521 5731 93906 54889 52718 407 10191 545
cat_boundaries=0 1 2 3 4
cat_threshold=129 1 128 1
is_linear=0
shrinkage=0.05


Tree=230
num_leaves=31
num_cat=4
split_feature=1 14 14 2 3 9 14 2 3 9 1 14 2 3 2 5 2 3 4 2 11 3 4 10 14 9 2 0 3 8
split_gain=774 356.473 300.248 160.157 151.287 97.4641 267.442 124.247 84.8755 80.7448 68.1457 78.6909 66.5754 66.3671 53.8526 26.9483 26.6074 26.0544 47.4937 63.9507 28.9515 25.9975 25.7103 23.9844 21.9983 40.1788 22.5621 18.2846 17.9658 17.3067
threshold=1.0000000180025095e-35 0.099999999999996994 0.95000000000000295 0.98499999999999954 9.7850000000000019 0 2.3000000000000083 0.98499999999999954 31.655000000000005 1 6.5000000000000009 1.7000000000000013 0.58500000000000008 5.9250000000000007 0.79499999999999871 0.77023320773058968 2.0849999999999995 6.9850000000000003 -0.36852933211706668 1.9949999999999994 1.0000000180025095e-35 3.2350000000000003 0.5094157245188784 2.5000000000000004 1.1000000000000123 2 1.7450000000000012 3 13.905000000000003 1.0000000180025095e-35
decision_type=2 2 2 2 2 9 2 2 2 9 2 2 2 2 2 2 2 2 2 2 2 2 2 2 2 9 2 1 2 2
left_child=2 4 9 8 14 12 7 -7 23 -1 11 17 -4 -11 -2 -12 -13 18 19 -5 -21 -14 27 -3 25 -23 -27 -10 -9 -22
right_child=1 3 5 10 -6 6 -8 28 22 13 15 16 21 -15 -16 -17 -18 -19 -20 20 29 24 -24 -25 -26 26 -28 -29 -30 -31
leaf_value=0 0 0 0 0 0 -9.6852904486092157e-07 8.6471385294545352e-05 0 -0.00019646718238867608 0 0 0 0 0 0 0 -8.5992815042068575e-07 0 0 3.6024918574595568e-07 3.6024918574595568e-07 0 0.0038480327688208138 0 0 0 0 -0.00023793366350836475 0 -0.0023954099029391165
leaf_weight=92164 2339 1525 8421 1162 20234 787 5451 5367 133 7843 30723 11718 1107 4892 30407 4320 10341 27685 2094 218 421 2171 114 4206 39017 22900 29818 274 4824 124
leaf_count=92164 2339 1525 8421 1162 20234 787 5451 5367 133 7843 30723 11718 1107 4892 30407 4320 10341 27685 2094 218 421 2171 114 4206 39017 22900 29818 274 4824 124
internal_value=0.00210166 -0.000705562 0.00395062 0.00112615 -0.00399207 0.00566021 0.00924022 0.0137411 0.00886116 0.00199716 0.000581605 -0.000536614 0.00509019 0.00572774 -0.00609235 0.00229718 0.00175665 -0.00213222 0.00162976 0.0072987 0.0185452 0.00471304 -0.0104607 0.0106177 0.00462324 0.00397803 0.00370107 -0.0163391 0.0152193 0.0123853
internal_weight=372800 148038 224762 95058 52980 119863 16429 10978 6252 104899 88806 53763 103434 12735 32746 35043 22059 31704 4019 1925 763 95013 521 5731 93906 54889 52718 407 10191 545
internal_count=372800 148038 224762 95058 52980 119863 16429 10978 6252 104899 88806 53763 103434 12735 32746 35043 22059 31704 4019 1925 763 95013 521 5731 93906 54889 52718 407 10191 545
cat_boundaries=0 1 2 3 4
cat_threshold=129 1 128 1
is_linear=0
shrinkage=0.05


Tree=231
num_leaves=31
num_cat=4
split_feature=1 14 14 2 3 9 14 2 3 9 1 14 2 3 2 5 2 3 4 2 11 3 4 10 14 9 2 0 3 8
split_gain=774 356.473 300.248 160.157 151.287 97.4641 267.442 124.247 84.8755 80.7448 68.1457 78.6909 66.5754 66.3671 53.8526 26.9483 26.6074 26.0544 47.4937 63.9507 28.9515 25.9975 25.7103 23.9844 21.9983 40.1788 22.5621 18.2846 17.9658 17.3067
threshold=1.0000000180025095e-35 0.099999999999996994 0.95000000000000295 0.98499999999999954 9.7850000000000019 0 2.3000000000000083 0.98499999999999954 31.655000000000005 1 6.5000000000000009 1.7000000000000013 0.58500000000000008 5.9250000000000007 0.79499999999999871 0.77023320773058968 2.0849999999999995 6.9850000000000003 -0.36852933211706668 1.9949999999999994 1.0000000180025095e-35 3.2350000000000003 0.5094157245188784 2.5000000000000004 1.1000000000000123 2 1.7450000000000012 3 13.905000000000003 1.0000000180025095e-35
decision_type=2 2 2 2 2 9 2 2 2 9 2 2 2 2 2 2 2 2 2 2 2 2 2 2 2 9 2 1 2 2
left_child=2 4 9 8 14 12 7 -7 23 -1 11 17 -4 -11 -2 -12 -13 18 19 -5 -21 -14 27 -3 25 -23 -27 -10 -9 -22
right_child=1 3 5 10 -6 6 -8 28 22 13 15 16 21 -15 -16 -17 -18 -19 -20 20 29 24 -24 -25 -26 26 -28 -29 -30 -31
leaf_value=0 0 0 0 0 0 -9.2010259261787546e-07 8.2147816029820578e-05 0 -0.00018664382326924228 0 0 0 0 0 0 0 -8.16931742897431e-07 0 0 3.4223672645865787e-07 3.4223672645865787e-07 0 0.003655631130379772 0 0 0 0 -0.00022603698033294651 0 -0.0022756394077921628
leaf_weight=92164 2339 1525 8421 1162 20234 787 5451 5367 133 7843 30723 11718 1107 4892 30407 4320 10341 27685 2094 218 421 2171 114 4206 39017 22900 29818 274 4824 124
leaf_count=92164 2339 1525 8421 1162 20234 787 5451 5367 133 7843 30723 11718 1107 4892 30407 4320 10341 27685 2094 218 421 2171 114 4206 39017 22900 29818 274 4824 124
internal_value=0.00210166 -0.000705562 0.00395062 0.00112615 -0.00399207 0.00566021 0.00924022 0.0137411 0.00886116 0.00199716 0.000581605 -0.000536614 0.00509019 0.00572774 -0.00609235 0.00229718 0.00175665 -0.00213222 0.00162976 0.0072987 0.0185452 0.00471304 -0.0104607 0.0106177 0.00462324 0.00397803 0.00370107 -0.0163391 0.0152193 0.0123853
internal_weight=372800 148038 224762 95058 52980 119863 16429 10978 6252 104899 88806 53763 103434 12735 32746 35043 22059 31704 4019 1925 763 95013 521 5731 93906 54889 52718 407 10191 545
internal_count=372800 148038 224762 95058 52980 119863 16429 10978 6252 104899 88806 53763 103434 12735 32746 35043 22059 31704 4019 1925 763 95013 521 5731 93906 54889 52718 407 10191 545
cat_boundaries=0 1 2 3 4
cat_threshold=129 1 128 1
is_linear=0
shrinkage=0.05


Tree=232
num_leaves=31
num_cat=4
split_feature=1 14 14 2 3 9 14 2 3 9 1 14 2 3 2 5 2 3 4 2 11 3 4 10 14 9 2 0 3 8
split_gain=774 356.473 300.248 160.157 151.287 97.4641 267.442 124.247 84.8755 80.7448 68.1457 78.6909 66.5754 66.3671 53.8526 26.9483 26.6074 26.0544 47.4937 63.9507 28.9515 25.9975 25.7103 23.9844 21.9983 40.1788 22.5621 18.2846 17.9658 17.3067
threshold=1.0000000180025095e-35 0.099999999999996994 0.95000000000000295 0.98499999999999954 9.7850000000000019 0 2.3000000000000083 0.98499999999999954 31.655000000000005 1 6.5000000000000009 1.7000000000000013 0.58500000000000008 5.9250000000000007 0.79499999999999871 0.77023320773058968 2.0849999999999995 6.9850000000000003 -0.36852933211706668 1.9949999999999994 1.0000000180025095e-35 3.2350000000000003 0.5094157245188784 2.5000000000000004 1.1000000000000123 2 1.7450000000000012 3 13.905000000000003 1.0000000180025095e-35
decision_type=2 2 2 2 2 9 2 2 2 9 2 2 2 2 2 2 2 2 2 2 2 2 2 2 2 9 2 1 2 2
left_child=2 4 9 8 14 12 7 -7 23 -1 11 17 -4 -11 -2 -12 -13 18 19 -5 -21 -14 27 -3 25 -23 -27 -10 -9 -22
right_child=1 3 5 10 -6 6 -8 28 22 13 15 16 21 -15 -16 -17 -18 -19 -20 20 29 24 -24 -25 -26 26 -28 -29 -30 -31
leaf_value=0 0 0 0 0 0 -8.7409746298698177e-07 7.8040425228331772e-05 0 -0.00017731163210578019 0 0 0 0 0 0 0 -7.7608515575144921e-07 0 0 3.2512489013572501e-07 3.2512489013572501e-07 0 0.0034728495738607815 0 0 0 0 -0.00021473513131629917 0 -0.0021618574374025535
leaf_weight=92164 2339 1525 8421 1162 20234 787 5451 5367 133 7843 30723 11718 1107 4892 30407 4320 10341 27685 2094 218 421 2171 114 4206 39017 22900 29818 274 4824 124
leaf_count=92164 2339 1525 8421 1162 20234 787 5451 5367 133 7843 30723 11718 1107 4892 30407 4320 10341 27685 2094 218 421 2171 114 4206 39017 22900 29818 274 4824 124
internal_value=0.00210166 -0.000705562 0.00395062 0.00112615 -0.00399207 0.00566021 0.00924022 0.0137411 0.00886116 0.00199716 0.000581605 -0.000536614 0.00509019 0.00572774 -0.00609235 0.00229718 0.00175665 -0.00213222 0.00162976 0.0072987 0.0185452 0.00471304 -0.0104607 0.0106177 0.00462324 0.00397803 0.00370107 -0.0163391 0.0152193 0.0123853
internal_weight=372800 148038 224762 95058 52980 119863 16429 10978 6252 104899 88806 53763 103434 12735 32746 35043 22059 31704 4019 1925 763 95013 521 5731 93906 54889 52718 407 10191 545
internal_count=372800 148038 224762 95058 52980 119863 16429 10978 6252 104899 88806 53763 103434 12735 32746 35043 22059 31704 4019 1925 763 95013 521 5731 93906 54889 52718 407 10191 545
cat_boundaries=0 1 2 3 4
cat_threshold=129 1 128 1
is_linear=0
shrinkage=0.05


Tree=233
num_leaves=31
num_cat=4
split_feature=1 14 14 2 3 9 14 2 3 9 1 14 2 3 2 5 2 3 4 2 11 3 4 10 14 9 2 0 3 8
split_gain=774 356.473 300.248 160.157 151.287 97.4641 267.442 124.247 84.8755 80.7448 68.1457 78.6909 66.5754 66.3671 53.8526 26.9483 26.6074 26.0544 47.4937 63.9507 28.9515 25.9975 25.7103 23.9844 21.9983 40.1788 22.5621 18.2846 17.9658 17.3067
threshold=1.0000000180025095e-35 0.099999999999996994 0.95000000000000295 0.98499999999999954 9.7850000000000019 0 2.3000000000000083 0.98499999999999954 31.655000000000005 1 6.5000000000000009 1.7000000000000013 0.58500000000000008 5.9250000000000007 0.79499999999999871 0.77023320773058968 2.0849999999999995 6.9850000000000003 -0.36852933211706668 1.9949999999999994 1.0000000180025095e-35 3.2350000000000003 0.5094157245188784 2.5000000000000004 1.1000000000000123 2 1.7450000000000012 3 13.905000000000003 1.0000000180025095e-35
decision_type=2 2 2 2 2 9 2 2 2 9 2 2 2 2 2 2 2 2 2 2 2 2 2 2 2 9 2 1 2 2
left_child=2 4 9 8 14 12 7 -7 23 -1 11 17 -4 -11 -2 -12 -13 18 19 -5 -21 -14 27 -3 25 -23 -27 -10 -9 -22
right_child=1 3 5 10 -6 6 -8 28 22 13 15 16 21 -15 -16 -17 -18 -19 -20 20 29 24 -24 -25 -26 26 -28 -29 -30 -31
leaf_value=0 0 0 0 0 0 -8.3039258983763261e-07 7.4138403966916844e-05 0 -0.00016844605050049118 0 0 0 0 0 0 0 -7.3728089796665239e-07 0 0 3.0886864562893874e-07 3.0886864562893874e-07 0 0.0032992070951677445 0 0 0 0 -0.00020399837475048425 0 -0.0020537645655324234
leaf_weight=92164 2339 1525 8421 1162 20234 787 5451 5367 133 7843 30723 11718 1107 4892 30407 4320 10341 27685 2094 218 421 2171 114 4206 39017 22900 29818 274 4824 124
leaf_count=92164 2339 1525 8421 1162 20234 787 5451 5367 133 7843 30723 11718 1107 4892 30407 4320 10341 27685 2094 218 421 2171 114 4206 39017 22900 29818 274 4824 124
internal_value=0.00210166 -0.000705562 0.00395062 0.00112615 -0.00399207 0.00566021 0.00924022 0.0137411 0.00886116 0.00199716 0.000581605 -0.000536614 0.00509019 0.00572774 -0.00609235 0.00229718 0.00175665 -0.00213222 0.00162976 0.0072987 0.0185452 0.00471304 -0.0104607 0.0106177 0.00462324 0.00397803 0.00370107 -0.0163391 0.0152193 0.0123853
internal_weight=372800 148038 224762 95058 52980 119863 16429 10978 6252 104899 88806 53763 103434 12735 32746 35043 22059 31704 4019 1925 763 95013 521 5731 93906 54889 52718 407 10191 545
internal_count=372800 148038 224762 95058 52980 119863 16429 10978 6252 104899 88806 53763 103434 12735 32746 35043 22059 31704 4019 1925 763 95013 521 5731 93906 54889 52718 407 10191 545
cat_boundaries=0 1 2 3 4
cat_threshold=129 1 128 1
is_linear=0
shrinkage=0.05


Tree=234
num_leaves=31
num_cat=4
split_feature=1 14 14 2 3 9 14 2 3 9 1 14 2 3 2 5 2 3 4 2 11 3 4 10 14 9 2 0 3 8
split_gain=774 356.473 300.248 160.157 151.287 97.4641 267.442 124.247 84.8755 80.7448 68.1457 78.6909 66.5754 66.3671 53.8526 26.9483 26.6074 26.0544 47.4937 63.9507 28.9515 25.9975 25.7103 23.9844 21.9983 40.1788 22.5621 18.2846 17.9658 17.3067
threshold=1.0000000180025095e-35 0.099999999999996994 0.95000000000000295 0.98499999999999954 9.7850000000000019 0 2.3000000000000083 0.98499999999999954 31.655000000000005 1 6.5000000000000009 1.7000000000000013 0.58500000000000008 5.9250000000000007 0.79499999999999871 0.77023320773058968 2.0849999999999995 6.9850000000000003 -0.36852933211706668 1.9949999999999994 1.0000000180025095e-35 3.2350000000000003 0.5094157245188784 2.5000000000000004 1.1000000000000123 2 1.7450000000000012 3 13.905000000000003 1.0000000180025095e-35
decision_type=2 2 2 2 2 9 2 2 2 9 2 2 2 2 2 2 2 2 2 2 2 2 2 2 2 9 2 1 2 2
left_child=2 4 9 8 14 12 7 -7 23 -1 11 17 -4 -11 -2 -12 -13 18 19 -5 -21 -14 27 -3 25 -23 -27 -10 -9 -22
right_child=1 3 5 10 -6 6 -8 28 22 13 15 16 21 -15 -16 -17 -18 -19 -20 20 29 24 -24 -25 -26 26 -28 -29 -30 -31
leaf_value=0 0 0 0 0 0 -7.8887296034575095e-07 7.0431483768573774e-05 0 -0.00016002374797546663 0 0 0 0 0 0 0 -7.0041685306665444e-07 0 0 2.9342521334749177e-07 2.9342521334749177e-07 0 0.0031342467404093578 0 0 0 0 -0.00019379845601296005 0 -0.0019510763372558027
leaf_weight=92164 2339 1525 8421 1162 20234 787 5451 5367 133 7843 30723 11718 1107 4892 30407 4320 10341 27685 2094 218 421 2171 114 4206 39017 22900 29818 274 4824 124
leaf_count=92164 2339 1525 8421 1162 20234 787 5451 5367 133 7843 30723 11718 1107 4892 30407 4320 10341 27685 2094 218 421 2171 114 4206 39017 22900 29818 274 4824 124
internal_value=0.00210166 -0.000705562 0.00395062 0.00112615 -0.00399207 0.00566021 0.00924022 0.0137411 0.00886116 0.00199716 0.000581605 -0.000536614 0.00509019 0.00572774 -0.00609235 0.00229718 0.00175665 -0.00213222 0.00162976 0.0072987 0.0185452 0.00471304 -0.0104607 0.0106177 0.00462324 0.00397803 0.00370107 -0.0163391 0.0152193 0.0123853
internal_weight=372800 148038 224762 95058 52980 119863 16429 10978 6252 104899 88806 53763 103434 12735 32746 35043 22059 31704 4019 1925 763 95013 521 5731 93906 54889 52718 407 10191 545
internal_count=372800 148038 224762 95058 52980 119863 16429 10978 6252 104899 88806 53763 103434 12735 32746 35043 22059 31704 4019 1925 763 95013 521 5731 93906 54889 52718 407 10191 545
cat_boundaries=0 1 2 3 4
cat_threshold=129 1 128 1
is_linear=0
shrinkage=0.05


Tree=235
num_leaves=31
num_cat=4
split_feature=1 14 14 2 3 9 14 2 3 9 1 14 2 3 2 5 2 3 4 2 11 3 4 10 14 9 2 0 3 8
split_gain=774 356.473 300.248 160.157 151.287 97.4641 267.442 124.247 84.8755 80.7448 68.1457 78.6909 66.5754 66.3671 53.8526 26.9483 26.6074 26.0544 47.4937 63.9507 28.9515 25.9975 25.7103 23.9844 21.9983 40.1788 22.5621 18.2846 17.9658 17.3067
threshold=1.0000000180025095e-35 0.099999999999996994 0.95000000000000295 0.98499999999999954 9.7850000000000019 0 2.3000000000000083 0.98499999999999954 31.655000000000005 1 6.5000000000000009 1.7000000000000013 0.58500000000000008 5.9250000000000007 0.79499999999999871 0.77023320773058968 2.0849999999999995 6.9850000000000003 -0.36852933211706668 1.9949999999999994 1.0000000180025095e-35 3.2350000000000003 0.5094157245188784 2.5000000000000004 1.1000000000000123 2 1.7450000000000012 3 13.905000000000003 1.0000000180025095e-35
decision_type=2 2 2 2 2 9 2 2 2 9 2 2 2 2 2 2 2 2 2 2 2 2 2 2 2 9 2 1 2 2
left_child=2 4 9 8 14 12 7 -7 23 -1 11 17 -4 -11 -2 -12 -13 18 19 -5 -21 -14 27 -3 25 -23 -27 -10 -9 -22
right_child=1 3 5 10 -6 6 -8 28 22 13 15 16 21 -15 -16 -17 -18 -19 -20 20 29 24 -24 -25 -26 26 -28 -29 -30 -31
leaf_value=0 0 0 0 0 0 -7.4942931232846339e-07 6.6909909580142873e-05 0 -0.00015202256057669328 0 0 0 0 0 0 0 -6.6539601041304412e-07 0 0 2.7875395268011718e-07 2.7875395268011718e-07 0 0.0029775344033888874 0 0 0 0 -0.00018410853321231205 0 -0.0018535225203930141
leaf_weight=92164 2339 1525 8421 1162 20234 787 5451 5367 133 7843 30723 11718 1107 4892 30407 4320 10341 27685 2094 218 421 2171 114 4206 39017 22900 29818 274 4824 124
leaf_count=92164 2339 1525 8421 1162 20234 787 5451 5367 133 7843 30723 11718 1107 4892 30407 4320 10341 27685 2094 218 421 2171 114 4206 39017 22900 29818 274 4824 124
internal_value=0.00210166 -0.000705562 0.00395062 0.00112615 -0.00399207 0.00566021 0.00924022 0.0137411 0.00886116 0.00199716 0.000581605 -0.000536614 0.00509019 0.00572774 -0.00609235 0.00229718 0.00175665 -0.00213222 0.00162976 0.0072987 0.0185452 0.00471304 -0.0104607 0.0106177 0.00462324 0.00397803 0.00370107 -0.0163391 0.0152193 0.0123853
internal_weight=372800 148038 224762 95058 52980 119863 16429 10978 6252 104899 88806 53763 103434 12735 32746 35043 22059 31704 4019 1925 763 95013 521 5731 93906 54889 52718 407 10191 545
internal_count=372800 148038 224762 95058 52980 119863 16429 10978 6252 104899 88806 53763 103434 12735 32746 35043 22059 31704 4019 1925 763 95013 521 5731 93906 54889 52718 407 10191 545
cat_boundaries=0 1 2 3 4
cat_threshold=129 1 128 1
is_linear=0
shrinkage=0.05


Tree=236
num_leaves=31
num_cat=4
split_feature=1 14 14 2 3 9 14 2 3 9 1 14 2 3 2 5 2 3 4 2 11 3 4 10 14 9 2 0 3 8
split_gain=774 356.473 300.248 160.157 151.287 97.4641 267.442 124.247 84.8755 80.7448 68.1457 78.6909 66.5754 66.3671 53.8526 26.9483 26.6074 26.0544 47.4937 63.9507 28.9515 25.9975 25.7103 23.9844 21.9983 40.1788 22.5621 18.2846 17.9658 17.3067
threshold=1.0000000180025095e-35 0.099999999999996994 0.95000000000000295 0.98499999999999954 9.7850000000000019 0 2.3000000000000083 0.98499999999999954 31.655000000000005 1 6.5000000000000009 1.7000000000000013 0.58500000000000008 5.9250000000000007 0.79499999999999871 0.77023320773058968 2.0849999999999995 6.9850000000000003 -0.36852933211706668 1.9949999999999994 1.0000000180025095e-35 3.2350000000000003 0.5094157245188784 2.5000000000000004 1.1000000000000123 2 1.7450000000000012 3 13.905000000000003 1.0000000180025095e-35
decision_type=2 2 2 2 2 9 2 2 2 9 2 2 2 2 2 2 2 2 2 2 2 2 2 2 2 9 2 1 2 2
left_child=2 4 9 8 14 12 7 -7 23 -1 11 17 -4 -11 -2 -12 -13 18 19 -5 -21 -14 27 -3 25 -23 -27 -10 -9 -22
right_child=1 3 5 10 -6 6 -8 28 22 13 15 16 21 -15 -16 -17 -18 -19 -20 20 29 24 -24 -25 -26 26 -28 -29 -30 -31
leaf_value=0 0 0 0 0 0 -7.1195784671204025e-07 6.3564414101136007e-05 0 -0.00014442143254785861 0 0 0 0 0 0 0 -6.3212620989294705e-07 0 0 2.6481625504611134e-07 2.6481625504611134e-07 0 0.0028286576832194433 0 0 0 0 -0.00017490310655169644 0 -0.0017608463943733612
leaf_weight=92164 2339 1525 8421 1162 20234 787 5451 5367 133 7843 30723 11718 1107 4892 30407 4320 10341 27685 2094 218 421 2171 114 4206 39017 22900 29818 274 4824 124
leaf_count=92164 2339 1525 8421 1162 20234 787 5451 5367 133 7843 30723 11718 1107 4892 30407 4320 10341 27685 2094 218 421 2171 114 4206 39017 22900 29818 274 4824 124
internal_value=0.00210166 -0.000705562 0.00395062 0.00112615 -0.00399207 0.00566021 0.00924022 0.0137411 0.00886116 0.00199716 0.000581605 -0.000536614 0.00509019 0.00572774 -0.00609235 0.00229718 0.00175665 -0.00213222 0.00162976 0.0072987 0.0185452 0.00471304 -0.0104607 0.0106177 0.00462324 0.00397803 0.00370107 -0.0163391 0.0152193 0.0123853
internal_weight=372800 148038 224762 95058 52980 119863 16429 10978 6252 104899 88806 53763 103434 12735 32746 35043 22059 31704 4019 1925 763 95013 521 5731 93906 54889 52718 407 10191 545
internal_count=372800 148038 224762 95058 52980 119863 16429 10978 6252 104899 88806 53763 103434 12735 32746 35043 22059 31704 4019 1925 763 95013 521 5731 93906 54889 52718 407 10191 545
cat_boundaries=0 1 2 3 4
cat_threshold=129 1 128 1
is_linear=0
shrinkage=0.05


Tree=237
num_leaves=31
num_cat=4
split_feature=1 14 14 2 3 9 14 2 3 9 1 14 2 3 2 5 2 3 4 2 11 3 4 10 14 9 2 0 3 8
split_gain=774 356.473 300.248 160.157 151.287 97.4641 267.442 124.247 84.8755 80.7448 68.1457 78.6909 66.5754 66.3671 53.8526 26.9483 26.6074 26.0544 47.4937 63.9507 28.9515 25.9975 25.7103 23.9844 21.9983 40.1788 22.5621 18.2846 17.9658 17.3067
threshold=1.0000000180025095e-35 0.099999999999996994 0.95000000000000295 0.98499999999999954 9.7850000000000019 0 2.3000000000000083 0.98499999999999954 31.655000000000005 1 6.5000000000000009 1.7000000000000013 0.58500000000000008 5.9250000000000007 0.79499999999999871 0.77023320773058968 2.0849999999999995 6.9850000000000003 -0.36852933211706668 1.9949999999999994 1.0000000180025095e-35 3.2350000000000003 0.5094157245188784 2.5000000000000004 1.1000000000000123 2 1.7450000000000012 3 13.905000000000003 1.0000000180025095e-35
decision_type=2 2 2 2 2 9 2 2 2 9 2 2 2 2 2 2 2 2 2 2 2 2 2 2 2 9 2 1 2 2
left_child=2 4 9 8 14 12 7 -7 23 -1 11 17 -4 -11 -2 -12 -13 18 19 -5 -21 -14 27 -3 25 -23 -27 -10 -9 -22
right_child=1 3 5 10 -6 6 -8 28 22 13 15 16 21 -15 -16 -17 -18 -19 -20 20 29 24 -24 -25 -26 26 -28 -29 -30 -31
leaf_value=0 0 0 0 0 0 -6.7635995437643817e-07 6.0386193396078097e-05 0 -0.00013720036092046566 0 0 0 0 0 0 0 -6.0051989939635677e-07 0 0 2.5157544229380573e-07 2.5157544229380573e-07 0 0.0026872247990584689 0 0 0 0 -0.00016615795122411163 0 -0.0016728040746546936
leaf_weight=92164 2339 1525 8421 1162 20234 787 5451 5367 133 7843 30723 11718 1107 4892 30407 4320 10341 27685 2094 218 421 2171 114 4206 39017 22900 29818 274 4824 124
leaf_count=92164 2339 1525 8421 1162 20234 787 5451 5367 133 7843 30723 11718 1107 4892 30407 4320 10341 27685 2094 218 421 2171 114 4206 39017 22900 29818 274 4824 124
internal_value=0.00210166 -0.000705562 0.00395062 0.00112615 -0.00399207 0.00566021 0.00924022 0.0137411 0.00886116 0.00199716 0.000581605 -0.000536614 0.00509019 0.00572774 -0.00609235 0.00229718 0.00175665 -0.00213222 0.00162976 0.0072987 0.0185452 0.00471304 -0.0104607 0.0106177 0.00462324 0.00397803 0.00370107 -0.0163391 0.0152193 0.0123853
internal_weight=372800 148038 224762 95058 52980 119863 16429 10978 6252 104899 88806 53763 103434 12735 32746 35043 22059 31704 4019 1925 763 95013 521 5731 93906 54889 52718 407 10191 545
internal_count=372800 148038 224762 95058 52980 119863 16429 10978 6252 104899 88806 53763 103434 12735 32746 35043 22059 31704 4019 1925 763 95013 521 5731 93906 54889 52718 407 10191 545
cat_boundaries=0 1 2 3 4
cat_threshold=129 1 128 1
is_linear=0
shrinkage=0.05


Tree=238
num_leaves=31
num_cat=4
split_feature=1 14 14 2 3 9 14 2 3 9 1 14 2 3 2 5 2 3 4 2 11 3 4 10 14 9 2 0 3 8
split_gain=774 356.473 300.248 160.157 151.287 97.4641 267.442 124.247 84.8755 80.7448 68.1457 78.6909 66.5754 66.3671 53.8526 26.9483 26.6074 26.0544 47.4937 63.9507 28.9515 25.9975 25.7103 23.9844 21.9983 40.1788 22.5621 18.2846 17.9658 17.3067
threshold=1.0000000180025095e-35 0.099999999999996994 0.95000000000000295 0.98499999999999954 9.7850000000000019 0 2.3000000000000083 0.98499999999999954 31.655000000000005 1 6.5000000000000009 1.7000000000000013 0.58500000000000008 5.9250000000000007 0.79499999999999871 0.77023320773058968 2.0849999999999995 6.9850000000000003 -0.36852933211706668 1.9949999999999994 1.0000000180025095e-35 3.2350000000000003 0.5094157245188784 2.5000000000000004 1.1000000000000123 2 1.7450000000000012 3 13.905000000000003 1.0000000180025095e-35
decision_type=2 2 2 2 2 9 2 2 2 9 2 2 2 2 2 2 2 2 2 2 2 2 2 2 2 9 2 1 2 2
left_child=2 4 9 8 14 12 7 -7 23 -1 11 17 -4 -11 -2 -12 -13 18 19 -5 -21 -14 27 -3 25 -23 -27 -10 -9 -22
right_child=1 3 5 10 -6 6 -8 28 22 13 15 16 21 -15 -16 -17 -18 -19 -20 20 29 24 -24 -25 -26 26 -28 -29 -30 -31
leaf_value=0 0 0 0 0 0 -6.425419566576163e-07 5.7366883726273081e-05 0 -0.00013034034287444241 0 0 0 0 0 0 0 -5.7049390442820427e-07 0 0 2.3899667017911544e-07 2.3899667017911544e-07 0 0.0025528635591055451 0 0 0 0 -0.00015785005366290603 0 -0.0015891638709219615
leaf_weight=92164 2339 1525 8421 1162 20234 787 5451 5367 133 7843 30723 11718 1107 4892 30407 4320 10341 27685 2094 218 421 2171 114 4206 39017 22900 29818 274 4824 124
leaf_count=92164 2339 1525 8421 1162 20234 787 5451 5367 133 7843 30723 11718 1107 4892 30407 4320 10341 27685 2094 218 421 2171 114 4206 39017 22900 29818 274 4824 124
internal_value=0.00210166 -0.000705562 0.00395062 0.00112615 -0.00399207 0.00566021 0.00924022 0.0137411 0.00886116 0.00199716 0.000581605 -0.000536614 0.00509019 0.00572774 -0.00609235 0.00229718 0.00175665 -0.00213222 0.00162976 0.0072987 0.0185452 0.00471304 -0.0104607 0.0106177 0.00462324 0.00397803 0.00370107 -0.0163391 0.0152193 0.0123853
internal_weight=372800 148038 224762 95058 52980 119863 16429 10978 6252 104899 88806 53763 103434 12735 32746 35043 22059 31704 4019 1925 763 95013 521 5731 93906 54889 52718 407 10191 545
internal_count=372800 148038 224762 95058 52980 119863 16429 10978 6252 104899 88806 53763 103434 12735 32746 35043 22059 31704 4019 1925 763 95013 521 5731 93906 54889 52718 407 10191 545
cat_boundaries=0 1 2 3 4
cat_threshold=129 1 128 1
is_linear=0
shrinkage=0.05


Tree=239
num_leaves=31
num_cat=4
split_feature=1 14 14 2 3 9 14 2 3 9 1 14 2 3 2 5 2 3 4 2 11 3 4 10 14 9 2 0 3 8
split_gain=774 356.473 300.248 160.157 151.287 97.4641 267.442 124.247 84.8755 80.7448 68.1457 78.6909 66.5754 66.3671 53.8526 26.9483 26.6074 26.0544 47.4937 63.9507 28.9515 25.9975 25.7103 23.9844 21.9983 40.1788 22.5621 18.2846 17.9658 17.3067
threshold=1.0000000180025095e-35 0.099999999999996994 0.95000000000000295 0.98499999999999954 9.7850000000000019 0 2.3000000000000083 0.98499999999999954 31.655000000000005 1 6.5000000000000009 1.7000000000000013 0.58500000000000008 5.9250000000000007 0.79499999999999871 0.77023320773058968 2.0849999999999995 6.9850000000000003 -0.36852933211706668 1.9949999999999994 1.0000000180025095e-35 3.2350000000000003 0.5094157245188784 2.5000000000000004 1.1000000000000123 2 1.7450000000000012 3 13.905000000000003 1.0000000180025095e-35
decision_type=2 2 2 2 2 9 2 2 2 9 2 2 2 2 2 2 2 2 2 2 2 2 2 2 2 9 2 1 2 2
left_child=2 4 9 8 14 12 7 -7 23 -1 11 17 -4 -11 -2 -12 -13 18 19 -5 -21 -14 27 -3 25 -23 -27 -10 -9 -22
right_child=1 3 5 10 -6 6 -8 28 22 13 15 16 21 -15 -16 -17 -18 -19 -20 20 29 24 -24 -25 -26 26 -28 -29 -30 -31
leaf_value=0 0 0 0 0 0 -6.1041485882473546e-07 5.4498539539959984e-05 0 -0.00012382332573072027 0 0 0 0 0 0 0 -5.4196920920568381e-07 0 0 2.270468366701597e-07 2.270468366701597e-07 0 0.0024252203811502672 0 0 0 0 -0.00014995755097976075 0 -0.0015097056773758612
leaf_weight=92164 2339 1525 8421 1162 20234 787 5451 5367 133 7843 30723 11718 1107 4892 30407 4320 10341 27685 2094 218 421 2171 114 4206 39017 22900 29818 274 4824 124
leaf_count=92164 2339 1525 8421 1162 20234 787 5451 5367 133 7843 30723 11718 1107 4892 30407 4320 10341 27685 2094 218 421 2171 114 4206 39017 22900 29818 274 4824 124
internal_value=0.00210166 -0.000705562 0.00395062 0.00112615 -0.00399207 0.00566021 0.00924022 0.0137411 0.00886116 0.00199716 0.000581605 -0.000536614 0.00509019 0.00572774 -0.00609235 0.00229718 0.00175665 -0.00213222 0.00162976 0.0072987 0.0185452 0.00471304 -0.0104607 0.0106177 0.00462324 0.00397803 0.00370107 -0.0163391 0.0152193 0.0123853
internal_weight=372800 148038 224762 95058 52980 119863 16429 10978 6252 104899 88806 53763 103434 12735 32746 35043 22059 31704 4019 1925 763 95013 521 5731 93906 54889 52718 407 10191 545
internal_count=372800 148038 224762 95058 52980 119863 16429 10978 6252 104899 88806 53763 103434 12735 32746 35043 22059 31704 4019 1925 763 95013 521 5731 93906 54889 52718 407 10191 545
cat_boundaries=0 1 2 3 4
cat_threshold=129 1 128 1
is_linear=0
shrinkage=0.05


Tree=240
num_leaves=31
num_cat=4
split_feature=1 14 14 2 3 9 14 2 3 9 1 14 2 3 2 5 2 3 4 2 11 3 4 10 14 9 2 0 3 8
split_gain=774 356.473 300.248 160.157 151.287 97.4641 267.442 124.247 84.8755 80.7448 68.1457 78.6909 66.5754 66.3671 53.8526 26.9483 26.6074 26.0544 47.4937 63.9507 28.9515 25.9975 25.7103 23.9844 21.9983 40.1788 22.5621 18.2846 17.9658 17.3067
threshold=1.0000000180025095e-35 0.099999999999996994 0.95000000000000295 0.98499999999999954 9.7850000000000019 0 2.3000000000000083 0.98499999999999954 31.655000000000005 1 6.5000000000000009 1.7000000000000013 0.58500000000000008 5.9250000000000007 0.79499999999999871 0.77023320773058968 2.0849999999999995 6.9850000000000003 -0.36852933211706668 1.9949999999999994 1.0000000180025095e-35 3.2350000000000003 0.5094157245188784 2.5000000000000004 1.1000000000000123 2 1.7450000000000012 3 13.905000000000003 1.0000000180025095e-35
decision_type=2 2 2 2 2 9 2 2 2 9 2 2 2 2 2 2 2 2 2 2 2 2 2 2 2 9 2 1 2 2
left_child=2 4 9 8 14 12 7 -7 23 -1 11 17 -4 -11 -2 -12 -13 18 19 -5 -21 -14 27 -3 25 -23 -27 -10 -9 -22
right_child=1 3 5 10 -6 6 -8 28 22 13 15 16 21 -15 -16 -17 -18 -19 -20 20 29 24 -24 -25 -26 26 -28 -29 -30 -31
leaf_value=0 0 0 0 0 0 -5.7989411588349865e-07 5.1773612562960873e-05 0 -0.00011763215944418427 0 0 0 0 0 0 0 -5.1487074874678746e-07 0 0 2.1569449483665173e-07 2.1569449483665173e-07 0 0.0023039593620927559 0 0 0 0 -0.00014245967343077271 0 -0.0014342203935070687
leaf_weight=92164 2339 1525 8421 1162 20234 787 5451 5367 133 7843 30723 11718 1107 4892 30407 4320 10341 27685 2094 218 421 2171 114 4206 39017 22900 29818 274 4824 124
leaf_count=92164 2339 1525 8421 1162 20234 787 5451 5367 133 7843 30723 11718 1107 4892 30407 4320 10341 27685 2094 218 421 2171 114 4206 39017 22900 29818 274 4824 124
internal_value=0.00210166 -0.000705562 0.00395062 0.00112615 -0.00399207 0.00566021 0.00924022 0.0137411 0.00886116 0.00199716 0.000581605 -0.000536614 0.00509019 0.00572774 -0.00609235 0.00229718 0.00175665 -0.00213222 0.00162976 0.0072987 0.0185452 0.00471304 -0.0104607 0.0106177 0.00462324 0.00397803 0.00370107 -0.0163391 0.0152193 0.0123853
internal_weight=372800 148038 224762 95058 52980 119863 16429 10978 6252 104899 88806 53763 103434 12735 32746 35043 22059 31704 4019 1925 763 95013 521 5731 93906 54889 52718 407 10191 545
internal_count=372800 148038 224762 95058 52980 119863 16429 10978 6252 104899 88806 53763 103434 12735 32746 35043 22059 31704 4019 1925 763 95013 521 5731 93906 54889 52718 407 10191 545
cat_boundaries=0 1 2 3 4
cat_threshold=129 1 128 1
is_linear=0
shrinkage=0.05


Tree=241
num_leaves=31
num_cat=4
split_feature=1 14 14 2 3 9 14 2 3 9 1 14 2 3 2 5 2 3 4 2 11 3 4 10 14 9 2 0 3 8
split_gain=774 356.473 300.248 160.157 151.287 97.4641 267.442 124.247 84.8755 80.7448 68.1457 78.6909 66.5754 66.3671 53.8526 26.9483 26.6074 26.0544 47.4937 63.9507 28.9515 25.9975 25.7103 23.9844 21.9983 40.1788 22.5621 18.2846 17.9658 17.3067
threshold=1.0000000180025095e-35 0.099999999999996994 0.95000000000000295 0.98499999999999954 9.7850000000000019 0 2.3000000000000083 0.98499999999999954 31.655000000000005 1 6.5000000000000009 1.7000000000000013 0.58500000000000008 5.9250000000000007 0.79499999999999871 0.77023320773058968 2.0849999999999995 6.9850000000000003 -0.36852933211706668 1.9949999999999994 1.0000000180025095e-35 3.2350000000000003 0.5094157245188784 2.5000000000000004 1.1000000000000123 2 1.7450000000000012 3 13.905000000000003 1.0000000180025095e-35
decision_type=2 2 2 2 2 9 2 2 2 9 2 2 2 2 2 2 2 2 2 2 2 2 2 2 2 9 2 1 2 2
left_child=2 4 9 8 14 12 7 -7 23 -1 11 17 -4 -11 -2 -12 -13 18 19 -5 -21 -14 27 -3 25 -23 -27 -10 -9 -22
right_child=1 3 5 10 -6 6 -8 28 22 13 15 16 21 -15 -16 -17 -18 -19 -20 20 29 24 -24 -25 -26 26 -28 -29 -30 -31
leaf_value=0 0 0 0 0 0 -5.5089941008932372e-07 4.9184931934814768e-05 0 -0.00011175055147197505 0 0 0 0 0 0 0 -4.8912721131166845e-07 0 0 2.0490977009481913e-07 2.0490977009481913e-07 0 0.0021887613939881203 0 0 0 0 -0.00013533668975923408 0 -0.0013625093738317163
leaf_weight=92164 2339 1525 8421 1162 20234 787 5451 5367 133 7843 30723 11718 1107 4892 30407 4320 10341 27685 2094 218 421 2171 114 4206 39017 22900 29818 274 4824 124
leaf_count=92164 2339 1525 8421 1162 20234 787 5451 5367 133 7843 30723 11718 1107 4892 30407 4320 10341 27685 2094 218 421 2171 114 4206 39017 22900 29818 274 4824 124
internal_value=0.00210166 -0.000705562 0.00395062 0.00112615 -0.00399207 0.00566021 0.00924022 0.0137411 0.00886116 0.00199716 0.000581605 -0.000536614 0.00509019 0.00572774 -0.00609235 0.00229718 0.00175665 -0.00213222 0.00162976 0.0072987 0.0185452 0.00471304 -0.0104607 0.0106177 0.00462324 0.00397803 0.00370107 -0.0163391 0.0152193 0.0123853
internal_weight=372800 148038 224762 95058 52980 119863 16429 10978 6252 104899 88806 53763 103434 12735 32746 35043 22059 31704 4019 1925 763 95013 521 5731 93906 54889 52718 407 10191 545
internal_count=372800 148038 224762 95058 52980 119863 16429 10978 6252 104899 88806 53763 103434 12735 32746 35043 22059 31704 4019 1925 763 95013 521 5731 93906 54889 52718 407 10191 545
cat_boundaries=0 1 2 3 4
cat_threshold=129 1 128 1
is_linear=0
shrinkage=0.05


Tree=242
num_leaves=31
num_cat=4
split_feature=1 14 14 2 3 9 14 2 3 9 1 14 2 3 2 5 2 3 4 2 11 3 4 10 14 9 2 0 3 8
split_gain=773.556 356.473 299.838 160.157 151.287 96.6068 269.62 124.247 84.8755 80.7448 68.1457 78.6909 66.5754 66.3671 53.8526 26.9483 26.6074 26.0544 47.4937 63.9507 28.9515 25.9975 25.7103 23.9844 21.9983 40.1788 22.5621 18.2846 17.9658 17.3067
threshold=1.0000000180025095e-35 0.099999999999996994 0.95000000000000295 0.98499999999999954 9.7850000000000019 0 2.3000000000000083 0.98499999999999954 31.655000000000005 1 6.5000000000000009 1.7000000000000013 0.58500000000000008 5.9250000000000007 0.79499999999999871 0.77023320773058968 2.0849999999999995 6.9850000000000003 -0.36852933211706668 1.9949999999999994 1.0000000180025095e-35 3.2350000000000003 0.5094157245188784 2.5000000000000004 1.1000000000000123 2 1.7450000000000012 3 13.905000000000003 1.0000000180025095e-35
decision_type=2 2 2 2 2 9 2 2 2 9 2 2 2 2 2 2 2 2 2 2 2 2 2 2 2 9 2 1 2 2
left_child=2 4 9 8 14 12 7 -7 23 -1 11 17 -4 -11 -2 -12 -13 18 19 -5 -21 -14 27 -3 25 -23 -27 -10 -9 -22
right_child=1 3 5 10 -6 6 -8 28 22 13 15 16 21 -15 -16 -17 -18 -19 -20 20 29 24 -24 -25 -26 26 -28 -29 -30 -31
leaf_value=0 0 0 0 0 0 -5.2335443958485756e-07 4.6725685338072646e-05 0 -0.0001061630238983763 0 0 0 0 0 0 0 -4.646708507471953e-07 0 0 1.9466428159007816e-07 1.9466428159007816e-07 0 0.0020793233242887123 0 0 0 0 -0.00012856985527127238 0 -0.0012943839051401285
leaf_weight=92164 2339 1525 8421 1162 20234 787 5451 5367 133 7843 30723 11718 1107 4892 30407 4320 10341 27685 2094 218 421 2171 114 4206 39017 22900 29818 274 4824 124
leaf_count=92164 2339 1525 8421 1162 20234 787 5451 5367 133 7843 30723 11718 1107 4892 30407 4320 10341 27685 2094 218 421 2171 114 4206 39017 22900 29818 274 4824 124
internal_value=0.00210086 -0.000705562 0.00394929 0.00112615 -0.00399207 0.00565771 0.00922197 0.0137411 0.00886116 0.00199716 0.000581605 -0.000536614 0.00509019 0.00572774 -0.00609235 0.00229718 0.00175665 -0.00213222 0.00162976 0.0072987 0.0185452 0.00471304 -0.0104607 0.0106177 0.00462324 0.00397803 0.00370107 -0.0163391 0.0152193 0.0123853
internal_weight=372800 148038 224762 95058 52980 119863 16429 10978 6252 104899 88806 53763 103434 12735 32746 35043 22059 31704 4019 1925 763 95013 521 5731 93906 54889 52718 407 10191 545
internal_count=372800 148038 224762 95058 52980 119863 16429 10978 6252 104899 88806 53763 103434 12735 32746 35043 22059 31704 4019 1925 763 95013 521 5731 93906 54889 52718 407 10191 545
cat_boundaries=0 1 2 3 4
cat_threshold=129 1 128 1
is_linear=0
shrinkage=0.05


Tree=243
num_leaves=31
num_cat=4
split_feature=1 14 14 2 3 9 14 2 3 9 1 14 2 3 2 5 2 3 4 2 11 3 4 10 14 9 2 0 3 8
split_gain=773.556 356.473 299.838 160.157 151.287 96.6068 269.62 124.247 84.8755 80.7448 68.1457 78.6909 66.5754 66.3671 53.8526 26.9483 26.6074 26.0544 47.4937 63.9507 28.9515 25.9975 25.7103 23.9844 21.9983 40.1788 22.5621 18.2846 17.9658 17.3067
threshold=1.0000000180025095e-35 0.099999999999996994 0.95000000000000295 0.98499999999999954 9.7850000000000019 0 2.3000000000000083 0.98499999999999954 31.655000000000005 1 6.5000000000000009 1.7000000000000013 0.58500000000000008 5.9250000000000007 0.79499999999999871 0.77023320773058968 2.0849999999999995 6.9850000000000003 -0.36852933211706668 1.9949999999999994 1.0000000180025095e-35 3.2350000000000003 0.5094157245188784 2.5000000000000004 1.1000000000000123 2 1.7450000000000012 3 13.905000000000003 1.0000000180025095e-35
decision_type=2 2 2 2 2 9 2 2 2 9 2 2 2 2 2 2 2 2 2 2 2 2 2 2 2 9 2 1 2 2
left_child=2 4 9 8 14 12 7 -7 23 -1 11 17 -4 -11 -2 -12 -13 18 19 -5 -21 -14 27 -3 25 -23 -27 -10 -9 -22
right_child=1 3 5 10 -6 6 -8 28 22 13 15 16 21 -15 -16 -17 -18 -19 -20 20 29 24 -24 -25 -26 26 -28 -29 -30 -31
leaf_value=0 0 0 0 0 0 -4.9718671760561466e-07 4.4389401071170956e-05 0 -0.00010085487270345749 0 0 0 0 0 0 0 -4.4143730820733751e-07 0 0 1.8493106751057426e-07 1.8493106751057426e-07 0 0.001975357158074276 0 0 0 0 -0.00012214136250770876 0 -0.0012296647098831216
leaf_weight=92164 2339 1525 8421 1162 20234 787 5451 5367 133 7843 30723 11718 1107 4892 30407 4320 10341 27685 2094 218 421 2171 114 4206 39017 22900 29818 274 4824 124
leaf_count=92164 2339 1525 8421 1162 20234 787 5451 5367 133 7843 30723 11718 1107 4892 30407 4320 10341 27685 2094 218 421 2171 114 4206 39017 22900 29818 274 4824 124
internal_value=0.00210086 -0.000705562 0.00394929 0.00112615 -0.00399207 0.00565771 0.00922197 0.0137411 0.00886116 0.00199716 0.000581605 -0.000536614 0.00509019 0.00572774 -0.00609235 0.00229718 0.00175665 -0.00213222 0.00162976 0.0072987 0.0185452 0.00471304 -0.0104607 0.0106177 0.00462324 0.00397803 0.00370107 -0.0163391 0.0152193 0.0123853
internal_weight=372800 148038 224762 95058 52980 119863 16429 10978 6252 104899 88806 53763 103434 12735 32746 35043 22059 31704 4019 1925 763 95013 521 5731 93906 54889 52718 407 10191 545
internal_count=372800 148038 224762 95058 52980 119863 16429 10978 6252 104899 88806 53763 103434 12735 32746 35043 22059 31704 4019 1925 763 95013 521 5731 93906 54889 52718 407 10191 545
cat_boundaries=0 1 2 3 4
cat_threshold=129 1 128 1
is_linear=0
shrinkage=0.05


Tree=244
num_leaves=31
num_cat=4
split_feature=1 14 14 2 3 9 14 2 3 9 1 14 2 3 2 5 2 3 4 2 11 3 4 10 14 9 2 0 3 8
split_gain=773.556 356.473 299.838 160.157 151.287 96.6068 269.62 124.247 84.8755 80.7448 68.1457 78.6909 66.5754 66.3671 53.8526 26.9483 26.6074 26.0544 47.4937 63.9507 28.9515 25.9975 25.7103 23.9844 21.9983 40.1788 22.5621 18.2846 17.9658 17.3067
threshold=1.0000000180025095e-35 0.099999999999996994 0.95000000000000295 0.98499999999999954 9.7850000000000019 0 2.3000000000000083 0.98499999999999954 31.655000000000005 1 6.5000000000000009 1.7000000000000013 0.58500000000000008 5.9250000000000007 0.79499999999999871 0.77023320773058968 2.0849999999999995 6.9850000000000003 -0.36852933211706668 1.9949999999999994 1.0000000180025095e-35 3.2350000000000003 0.5094157245188784 2.5000000000000004 1.1000000000000123 2 1.7450000000000012 3 13.905000000000003 1.0000000180025095e-35
decision_type=2 2 2 2 2 9 2 2 2 9 2 2 2 2 2 2 2 2 2 2 2 2 2 2 2 9 2 1 2 2
left_child=2 4 9 8 14 12 7 -7 23 -1 11 17 -4 -11 -2 -12 -13 18 19 -5 -21 -14 27 -3 25 -23 -27 -10 -9 -22
right_child=1 3 5 10 -6 6 -8 28 22 13 15 16 21 -15 -16 -17 -18 -19 -20 20 29 24 -24 -25 -26 26 -28 -29 -30 -31
leaf_value=0 0 0 0 0 0 -4.7232738172533398e-07 4.2169931017610468e-05 0 -9.5812129068284621e-05 0 0 0 0 0 0 0 -4.193654427941951e-07 0 0 1.7568451413504554e-07 1.7568451413504554e-07 0 0.0018765893001705615 0 0 0 0 -0.00011603429438232331 0 -0.0011681814743889629
leaf_weight=92164 2339 1525 8421 1162 20234 787 5451 5367 133 7843 30723 11718 1107 4892 30407 4320 10341 27685 2094 218 421 2171 114 4206 39017 22900 29818 274 4824 124
leaf_count=92164 2339 1525 8421 1162 20234 787 5451 5367 133 7843 30723 11718 1107 4892 30407 4320 10341 27685 2094 218 421 2171 114 4206 39017 22900 29818 274 4824 124
internal_value=0.00210086 -0.000705562 0.00394929 0.00112615 -0.00399207 0.00565771 0.00922197 0.0137411 0.00886116 0.00199716 0.000581605 -0.000536614 0.00509019 0.00572774 -0.00609235 0.00229718 0.00175665 -0.00213222 0.00162976 0.0072987 0.0185452 0.00471304 -0.0104607 0.0106177 0.00462324 0.00397803 0.00370107 -0.0163391 0.0152193 0.0123853
internal_weight=372800 148038 224762 95058 52980 119863 16429 10978 6252 104899 88806 53763 103434 12735 32746 35043 22059 31704 4019 1925 763 95013 521 5731 93906 54889 52718 407 10191 545
internal_count=372800 148038 224762 95058 52980 119863 16429 10978 6252 104899 88806 53763 103434 12735 32746 35043 22059 31704 4019 1925 763 95013 521 5731 93906 54889 52718 407 10191 545
cat_boundaries=0 1 2 3 4
cat_threshold=129 1 128 1
is_linear=0
shrinkage=0.05


Tree=245
num_leaves=31
num_cat=4
split_feature=1 14 14 2 3 9 14 2 3 9 1 14 2 3 2 5 2 3 4 2 11 3 4 10 14 9 2 0 3 8
split_gain=773.556 356.473 299.838 160.157 151.287 96.6068 269.62 124.247 84.8755 80.7448 68.1457 78.6909 66.5754 66.3671 53.8526 26.9483 26.6074 26.0544 47.4937 63.9507 28.9515 25.9975 25.7103 23.9844 21.9983 40.1788 22.5621 18.2846 17.9658 17.3067
threshold=1.0000000180025095e-35 0.099999999999996994 0.95000000000000295 0.98499999999999954 9.7850000000000019 0 2.3000000000000083 0.98499999999999954 31.655000000000005 1 6.5000000000000009 1.7000000000000013 0.58500000000000008 5.9250000000000007 0.79499999999999871 0.77023320773058968 2.0849999999999995 6.9850000000000003 -0.36852933211706668 1.9949999999999994 1.0000000180025095e-35 3.2350000000000003 0.5094157245188784 2.5000000000000004 1.1000000000000123 2 1.7450000000000012 3 13.905000000000003 1.0000000180025095e-35
decision_type=2 2 2 2 2 9 2 2 2 9 2 2 2 2 2 2 2 2 2 2 2 2 2 2 2 9 2 1 2 2
left_child=2 4 9 8 14 12 7 -7 23 -1 11 17 -4 -11 -2 -12 -13 18 19 -5 -21 -14 27 -3 25 -23 -27 -10 -9 -22
right_child=1 3 5 10 -6 6 -8 28 22 13 15 16 21 -15 -16 -17 -18 -19 -20 20 29 24 -24 -25 -26 26 -28 -29 -30 -31
leaf_value=0 0 0 0 0 0 -4.4871101263906726e-07 4.0061434466731609e-05 0 -9.1021522614870374e-05 0 0 0 0 0 0 0 -3.9839717065337514e-07 0 0 1.6690028842829324e-07 1.6690028842829324e-07 0 0.0017827598351620344 0 0 0 0 -0.00011023257966320715 0 -0.0011097724006695175
leaf_weight=92164 2339 1525 8421 1162 20234 787 5451 5367 133 7843 30723 11718 1107 4892 30407 4320 10341 27685 2094 218 421 2171 114 4206 39017 22900 29818 274 4824 124
leaf_count=92164 2339 1525 8421 1162 20234 787 5451 5367 133 7843 30723 11718 1107 4892 30407 4320 10341 27685 2094 218 421 2171 114 4206 39017 22900 29818 274 4824 124
internal_value=0.00210086 -0.000705562 0.00394929 0.00112615 -0.00399207 0.00565771 0.00922197 0.0137411 0.00886116 0.00199716 0.000581605 -0.000536614 0.00509019 0.00572774 -0.00609235 0.00229718 0.00175665 -0.00213222 0.00162976 0.0072987 0.0185452 0.00471304 -0.0104607 0.0106177 0.00462324 0.00397803 0.00370107 -0.0163391 0.0152193 0.0123853
internal_weight=372800 148038 224762 95058 52980 119863 16429 10978 6252 104899 88806 53763 103434 12735 32746 35043 22059 31704 4019 1925 763 95013 521 5731 93906 54889 52718 407 10191 545
internal_count=372800 148038 224762 95058 52980 119863 16429 10978 6252 104899 88806 53763 103434 12735 32746 35043 22059 31704 4019 1925 763 95013 521 5731 93906 54889 52718 407 10191 545
cat_boundaries=0 1 2 3 4
cat_threshold=129 1 128 1
is_linear=0
shrinkage=0.05


Tree=246
num_leaves=31
num_cat=4
split_feature=1 14 14 2 3 9 14 2 3 9 1 14 2 3 2 5 2 3 4 2 11 3 4 10 14 9 2 0 3 3
split_gain=773.112 356.473 299.428 160.157 151.287 95.7533 271.806 124.247 84.8755 80.7448 68.1457 78.6909 66.5754 66.3671 53.8526 26.9483 26.6074 26.0544 47.4937 63.9507 28.9515 25.9975 25.7103 23.9844 21.9983 40.1788 22.5621 18.2846 17.9658 17.5335
threshold=1.0000000180025095e-35 0.099999999999996994 0.95000000000000295 0.98499999999999954 9.7850000000000019 0 2.3000000000000083 0.98499999999999954 31.655000000000005 1 6.5000000000000009 1.7000000000000013 0.58500000000000008 5.9250000000000007 0.79499999999999871 0.77023320773058968 2.0849999999999995 6.9850000000000003 -0.36852933211706668 1.9949999999999994 1.0000000180025095e-35 3.2350000000000003 0.5094157245188784 2.5000000000000004 1.1000000000000123 2 1.7450000000000012 3 13.905000000000003 140.64500000000001
decision_type=2 2 2 2 2 9 2 2 2 9 2 2 2 2 2 2 2 2 2 2 2 2 2 2 2 9 2 1 2 2
left_child=2 4 9 8 14 12 7 -7 23 -1 11 17 -4 -11 -2 -12 -13 18 19 -5 -21 -14 27 -3 25 -23 -27 -10 -9 -8
right_child=1 3 5 10 -6 6 29 28 22 13 15 16 21 -15 -16 -17 -18 -19 -20 20 -22 24 -24 -25 -26 26 -28 -29 -30 -31
leaf_value=0 0 0 0 0 0 -4.2627546200711384e-07 4.4688080636055291e-05 0 -8.6470446484126855e-05 0 0 0 0 0 0 0 -3.7847731211848591e-07 0 0 1.5855527400687859e-07 1.5855527400687859e-07 0 0.0016936218434039309 0 0 0 0 -0.00010472095068004678 0 -0.0014179199621418448
leaf_weight=92164 2339 1525 8421 1162 20234 787 5303 5367 133 7843 30723 11718 1107 4892 30407 4320 10341 27685 2094 218 545 2171 114 4206 39017 22900 29818 274 4824 148
leaf_count=92164 2339 1525 8421 1162 20234 787 5303 5367 133 7843 30723 11718 1107 4892 30407 4320 10341 27685 2094 218 545 2171 114 4206 39017 22900 29818 274 4824 148
internal_value=0.00210005 -0.000705562 0.00394795 0.00112615 -0.00399207 0.00565521 0.00920372 0.0137411 0.00886116 0.00199716 0.000581605 -0.000536614 0.00509019 0.00572774 -0.00609235 0.00229718 0.00175665 -0.00213222 0.00162976 0.0072987 0.0185452 0.00471304 -0.0104607 0.0106177 0.00462324 0.00397803 0.00370107 -0.0163391 0.0152193 8.25537e-05
internal_weight=372800 148038 224762 95058 52980 119863 16429 10978 6252 104899 88806 53763 103434 12735 32746 35043 22059 31704 4019 1925 763 95013 521 5731 93906 54889 52718 407 10191 5451
internal_count=372800 148038 224762 95058 52980 119863 16429 10978 6252 104899 88806 53763 103434 12735 32746 35043 22059 31704 4019 1925 763 95013 521 5731 93906 54889 52718 407 10191 5451
cat_boundaries=0 1 2 3 4
cat_threshold=129 1 128 1
is_linear=0
shrinkage=0.05


Tree=247
num_leaves=31
num_cat=4
split_feature=1 14 14 2 3 9 14 2 3 9 1 14 2 3 2 5 2 3 4 2 11 3 4 10 14 9 2 0 3 8
split_gain=773.556 356.473 299.838 160.157 151.287 96.6068 269.62 124.247 84.8755 80.7448 68.1457 78.6909 66.5754 66.3671 53.8526 26.9483 26.6074 26.0544 47.4937 63.9507 28.9515 25.9975 25.7103 23.9844 21.9983 40.1788 22.5621 18.2846 17.9658 17.3067
threshold=1.0000000180025095e-35 0.099999999999996994 0.95000000000000295 0.98499999999999954 9.7850000000000019 0 2.3000000000000083 0.98499999999999954 31.655000000000005 1 6.5000000000000009 1.7000000000000013 0.58500000000000008 5.9250000000000007 0.79499999999999871 0.77023320773058968 2.0849999999999995 6.9850000000000003 -0.36852933211706668 1.9949999999999994 1.0000000180025095e-35 3.2350000000000003 0.5094157245188784 2.5000000000000004 1.1000000000000123 2 1.7450000000000012 3 13.905000000000003 1.0000000180025095e-35
decision_type=2 2 2 2 2 9 2 2 2 9 2 2 2 2 2 2 2 2 2 2 2 2 2 2 2 9 2 1 2 2
left_child=2 4 9 8 14 12 7 -7 23 -1 11 17 -4 -11 -2 -12 -13 18 19 -5 -21 -14 27 -3 25 -23 -27 -10 -9 -22
right_child=1 3 5 10 -6 6 -8 28 22 13 15 16 21 -15 -16 -17 -18 -19 -20 20 29 24 -24 -25 -26 26 -28 -29 -30 -31
leaf_value=0 0 0 0 0 0 -4.0496168890675817e-07 3.582395871158939e-05 0 -8.2146924159920515e-05 0 0 0 0 0 0 0 -3.5955344651061874e-07 0 0 1.5062751030653467e-07 1.5062751030653467e-07 0 0.001608940751233734 0 0 0 0 -9.948490314604444e-05 0 -0.0010542917083997405
leaf_weight=92164 2339 1525 8421 1162 20234 787 5451 5367 133 7843 30723 11718 1107 4892 30407 4320 10341 27685 2094 218 421 2171 114 4206 39017 22900 29818 274 4824 124
leaf_count=92164 2339 1525 8421 1162 20234 787 5451 5367 133 7843 30723 11718 1107 4892 30407 4320 10341 27685 2094 218 421 2171 114 4206 39017 22900 29818 274 4824 124
internal_value=0.00210086 -0.000705562 0.00394929 0.00112615 -0.00399207 0.00565771 0.00922197 0.0137411 0.00886116 0.00199716 0.000581605 -0.000536614 0.00509019 0.00572774 -0.00609235 0.00229718 0.00175665 -0.00213222 0.00162976 0.0072987 0.0185452 0.00471304 -0.0104607 0.0106177 0.00462324 0.00397803 0.00370107 -0.0163391 0.0152193 0.0123853
internal_weight=372800 148038 224762 95058 52980 119863 16429 10978 6252 104899 88806 53763 103434 12735 32746 35043 22059 31704 4019 1925 763 95013 521 5731 93906 54889 52718 407 10191 545
internal_count=372800 148038 224762 95058 52980 119863 16429 10978 6252 104899 88806 53763 103434 12735 32746 35043 22059 31704 4019 1925 763 95013 521 5731 93906 54889 52718 407 10191 545
cat_boundaries=0 1 2 3 4
cat_threshold=129 1 128 1
is_linear=0
shrinkage=0.05


Tree=248
num_leaves=31
num_cat=4
split_feature=1 14 14 2 3 9 14 2 3 9 1 14 2 3 2 5 2 3 4 2 11 3 4 10 14 9 2 0 3 8
split_gain=773.556 356.473 299.838 160.157 151.287 96.6068 269.62 124.247 84.8755 80.7448 68.1457 78.6909 66.5754 66.3671 53.8526 26.9483 26.6074 26.0544 47.4937 63.9507 28.9515 25.9975 25.7103 23.9844 21.9983 40.1788 22.5621 18.2846 17.9658 17.3067
threshold=1.0000000180025095e-35 0.099999999999996994 0.95000000000000295 0.98499999999999954 9.7850000000000019 0 2.3000000000000083 0.98499999999999954 31.655000000000005 1 6.5000000000000009 1.7000000000000013 0.58500000000000008 5.9250000000000007 0.79499999999999871 0.77023320773058968 2.0849999999999995 6.9850000000000003 -0.36852933211706668 1.9949999999999994 1.0000000180025095e-35 3.2350000000000003 0.5094157245188784 2.5000000000000004 1.1000000000000123 2 1.7450000000000012 3 13.905000000000003 1.0000000180025095e-35
decision_type=2 2 2 2 2 9 2 2 2 9 2 2 2 2 2 2 2 2 2 2 2 2 2 2 2 9 2 1 2 2
left_child=2 4 9 8 14 12 7 -7 23 -1 11 17 -4 -11 -2 -12 -13 18 19 -5 -21 -14 27 -3 25 -23 -27 -10 -9 -22
right_child=1 3 5 10 -6 6 -8 28 22 13 15 16 21 -15 -16 -17 -18 -19 -20 20 29 24 -24 -25 -26 26 -28 -29 -30 -31
leaf_value=0 0 0 0 0 0 -3.8471360446142025e-07 3.4032760776009364e-05 0 -7.8039577951924494e-05 0 0 0 0 0 0 0 -3.4157577418758581e-07 0 0 1.4309613479120793e-07 1.4309613479120793e-07 0 0.0015284937136720467 0 0 0 0 -9.4510657988742229e-05 0 -0.0010015771229797521
leaf_weight=92164 2339 1525 8421 1162 20234 787 5451 5367 133 7843 30723 11718 1107 4892 30407 4320 10341 27685 2094 218 421 2171 114 4206 39017 22900 29818 274 4824 124
leaf_count=92164 2339 1525 8421 1162 20234 787 5451 5367 133 7843 30723 11718 1107 4892 30407 4320 10341 27685 2094 218 421 2171 114 4206 39017 22900 29818 274 4824 124
internal_value=0.00210086 -0.000705562 0.00394929 0.00112615 -0.00399207 0.00565771 0.00922197 0.0137411 0.00886116 0.00199716 0.000581605 -0.000536614 0.00509019 0.00572774 -0.00609235 0.00229718 0.00175665 -0.00213222 0.00162976 0.0072987 0.0185452 0.00471304 -0.0104607 0.0106177 0.00462324 0.00397803 0.00370107 -0.0163391 0.0152193 0.0123853
internal_weight=372800 148038 224762 95058 52980 119863 16429 10978 6252 104899 88806 53763 103434 12735 32746 35043 22059 31704 4019 1925 763 95013 521 5731 93906 54889 52718 407 10191 545
internal_count=372800 148038 224762 95058 52980 119863 16429 10978 6252 104899 88806 53763 103434 12735 32746 35043 22059 31704 4019 1925 763 95013 521 5731 93906 54889 52718 407 10191 545
cat_boundaries=0 1 2 3 4
cat_threshold=129 1 128 1
is_linear=0
shrinkage=0.05


Tree=249
num_leaves=31
num_cat=4
split_feature=1 14 14 2 3 9 14 2 3 9 1 14 2 3 2 5 2 3 4 2 11 3 4 10 14 9 2 0 3 8
split_gain=773.556 356.473 299.838 160.157 151.287 96.6068 269.62 124.247 84.8755 80.7448 68.1457 78.6909 66.5754 66.3671 53.8526 26.9483 26.6074 26.0544 47.4937 63.9507 28.9515 25.9975 25.7103 23.9844 21.9983 40.1788 22.5621 18.2846 17.9658 17.3067
threshold=1.0000000180025095e-35 0.099999999999996994 0.95000000000000295 0.98499999999999954 9.7850000000000019 0 2.3000000000000083 0.98499999999999954 31.655000000000005 1 6.5000000000000009 1.7000000000000013 0.58500000000000008 5.9250000000000007 0.79499999999999871 0.77023320773058968 2.0849999999999995 6.9850000000000003 -0.36852933211706668 1.9949999999999994 1.0000000180025095e-35 3.2350000000000003 0.5094157245188784 2.5000000000000004 1.1000000000000123 2 1.7450000000000012 3 13.905000000000003 1.0000000180025095e-35
decision_type=2 2 2 2 2 9 2 2 2 9 2 2 2 2 2 2 2 2 2 2 2 2 2 2 2 9 2 1 2 2
left_child=2 4 9 8 14 12 7 -7 23 -1 11 17 -4 -11 -2 -12 -13 18 19 -5 -21 -14 27 -3 25 -23 -27 -10 -9 -22
right_child=1 3 5 10 -6 6 -8 28 22 13 15 16 21 -15 -16 -17 -18 -19 -20 20 29 24 -24 -25 -26 26 -28 -29 -30 -31
leaf_value=0 0 0 0 0 0 -3.6547792423834925e-07 3.2331122737211392e-05 0 -7.4137599054328277e-05 0 0 0 0 0 0 0 -3.2449698547654116e-07 0 0 1.3594132805164753e-07 1.3594132805164753e-07 0 0.0014520690279884452 0 0 0 0 -8.978512508930512e-05 0 -0.0009514982668307637
leaf_weight=92164 2339 1525 8421 1162 20234 787 5451 5367 133 7843 30723 11718 1107 4892 30407 4320 10341 27685 2094 218 421 2171 114 4206 39017 22900 29818 274 4824 124
leaf_count=92164 2339 1525 8421 1162 20234 787 5451 5367 133 7843 30723 11718 1107 4892 30407 4320 10341 27685 2094 218 421 2171 114 4206 39017 22900 29818 274 4824 124
internal_value=0.00210086 -0.000705562 0.00394929 0.00112615 -0.00399207 0.00565771 0.00922197 0.0137411 0.00886116 0.00199716 0.000581605 -0.000536614 0.00509019 0.00572774 -0.00609235 0.00229718 0.00175665 -0.00213222 0.00162976 0.0072987 0.0185452 0.00471304 -0.0104607 0.0106177 0.00462324 0.00397803 0.00370107 -0.0163391 0.0152193 0.0123853
internal_weight=372800 148038 224762 95058 52980 119863 16429 10978 6252 104899 88806 53763 103434 12735 32746 35043 22059 31704 4019 1925 763 95013 521 5731 93906 54889 52718 407 10191 545
internal_count=372800 148038 224762 95058 52980 119863 16429 10978 6252 104899 88806 53763 103434 12735 32746 35043 22059 31704 4019 1925 763 95013 521 5731 93906 54889 52718 407 10191 545
cat_boundaries=0 1 2 3 4
cat_threshold=129 1 128 1
is_linear=0
shrinkage=0.05


Tree=250
num_leaves=31
num_cat=4
split_feature=1 14 14 2 3 9 14 2 3 9 1 14 2 3 2 5 2 3 4 2 11 3 4 10 14 9 2 0 3 8
split_gain=773.556 356.473 299.838 160.157 151.287 96.6068 269.62 124.247 84.8755 80.7448 68.1457 78.6909 66.5754 66.3671 53.8526 26.9483 26.6074 26.0544 47.4937 63.9507 28.9515 25.9975 25.7103 23.9844 21.9983 40.1788 22.5621 18.2846 17.9658 17.3067
threshold=1.0000000180025095e-35 0.099999999999996994 0.95000000000000295 0.98499999999999954 9.7850000000000019 0 2.3000000000000083 0.98499999999999954 31.655000000000005 1 6.5000000000000009 1.7000000000000013 0.58500000000000008 5.9250000000000007 0.79499999999999871 0.77023320773058968 2.0849999999999995 6.9850000000000003 -0.36852933211706668 1.9949999999999994 1.0000000180025095e-35 3.2350000000000003 0.5094157245188784 2.5000000000000004 1.1000000000000123 2 1.7450000000000012 3 13.905000000000003 1.0000000180025095e-35
decision_type=2 2 2 2 2 9 2 2 2 9 2 2 2 2 2 2 2 2 2 2 2 2 2 2 2 9 2 1 2 2
left_child=2 4 9 8 14 12 7 -7 23 -1 11 17 -4 -11 -2 -12 -13 18 19 -5 -21 -14 27 -3 25 -23 -27 -10 -9 -22
right_child=1 3 5 10 -6 6 -8 28 22 13 15 16 21 -15 -16 -17 -18 -19 -20 20 29 24 -24 -25 -26 26 -28 -29 -30 -31
leaf_value=0 0 0 0 0 0 -3.4720402802643175e-07 3.0714566600348329e-05 0 -7.0430719101611863e-05 0 0 0 0 0 0 0 -3.0827213620132635e-07 0 0 1.2914426164906512e-07 1.2914426164906512e-07 0 0.0013794655765890229 0 0 0 0 -8.5295868834839851e-05 0 -0.00090392335348922774
leaf_weight=92164 2339 1525 8421 1162 20234 787 5451 5367 133 7843 30723 11718 1107 4892 30407 4320 10341 27685 2094 218 421 2171 114 4206 39017 22900 29818 274 4824 124
leaf_count=92164 2339 1525 8421 1162 20234 787 5451 5367 133 7843 30723 11718 1107 4892 30407 4320 10341 27685 2094 218 421 2171 114 4206 39017 22900 29818 274 4824 124
internal_value=0.00210086 -0.000705562 0.00394929 0.00112615 -0.00399207 0.00565771 0.00922197 0.0137411 0.00886116 0.00199716 0.000581605 -0.000536614 0.00509019 0.00572774 -0.00609235 0.00229718 0.00175665 -0.00213222 0.00162976 0.0072987 0.0185452 0.00471304 -0.0104607 0.0106177 0.00462324 0.00397803 0.00370107 -0.0163391 0.0152193 0.0123853
internal_weight=372800 148038 224762 95058 52980 119863 16429 10978 6252 104899 88806 53763 103434 12735 32746 35043 22059 31704 4019 1925 763 95013 521 5731 93906 54889 52718 407 10191 545
internal_count=372800 148038 224762 95058 52980 119863 16429 10978 6252 104899 88806 53763 103434 12735 32746 35043 22059 31704 4019 1925 763 95013 521 5731 93906 54889 52718 407 10191 545
cat_boundaries=0 1 2 3 4
cat_threshold=129 1 128 1
is_linear=0
shrinkage=0.05


Tree=251
num_leaves=31
num_cat=4
split_feature=1 14 14 2 3 9 14 2 3 9 1 14 2 3 2 5 2 3 4 2 11 3 4 10 14 9 2 0 3 8
split_gain=773.556 356.473 299.838 160.157 151.287 96.6068 269.62 124.247 84.8755 80.7448 68.1457 78.6909 66.5754 66.3671 53.8526 26.9483 26.6074 26.0544 47.4937 63.9507 28.9515 25.9975 25.7103 23.9844 21.9983 40.1788 22.5621 18.2846 17.9658 17.3067
threshold=1.0000000180025095e-35 0.099999999999996994 0.95000000000000295 0.98499999999999954 9.7850000000000019 0 2.3000000000000083 0.98499999999999954 31.655000000000005 1 6.5000000000000009 1.7000000000000013 0.58500000000000008 5.9250000000000007 0.79499999999999871 0.77023320773058968 2.0849999999999995 6.9850000000000003 -0.36852933211706668 1.9949999999999994 1.0000000180025095e-35 3.2350000000000003 0.5094157245188784 2.5000000000000004 1.1000000000000123 2 1.7450000000000012 3 13.905000000000003 1.0000000180025095e-35
decision_type=2 2 2 2 2 9 2 2 2 9 2 2 2 2 2 2 2 2 2 2 2 2 2 2 2 9 2 1 2 2
left_child=2 4 9 8 14 12 7 -7 23 -1 11 17 -4 -11 -2 -12 -13 18 19 -5 -21 -14 27 -3 25 -23 -27 -10 -9 -22
right_child=1 3 5 10 -6 6 -8 28 22 13 15 16 21 -15 -16 -17 -18 -19 -20 20 29 24 -24 -25 -26 26 -28 -29 -30 -31
leaf_value=0 0 0 0 0 0 -3.2984382662511016e-07 2.9178838270332852e-05 0 -6.6909183146531272e-05 0 0 0 0 0 0 0 -2.9285852939375804e-07 0 0 1.226870485666119e-07 1.226870485666119e-07 0 0.0013104922977595691 0 0 0 0 -8.103107539309787e-05 0 -0.00085872718581476721
leaf_weight=92164 2339 1525 8421 1162 20234 787 5451 5367 133 7843 30723 11718 1107 4892 30407 4320 10341 27685 2094 218 421 2171 114 4206 39017 22900 29818 274 4824 124
leaf_count=92164 2339 1525 8421 1162 20234 787 5451 5367 133 7843 30723 11718 1107 4892 30407 4320 10341 27685 2094 218 421 2171 114 4206 39017 22900 29818 274 4824 124
internal_value=0.00210086 -0.000705562 0.00394929 0.00112615 -0.00399207 0.00565771 0.00922197 0.0137411 0.00886116 0.00199716 0.000581605 -0.000536614 0.00509019 0.00572774 -0.00609235 0.00229718 0.00175665 -0.00213222 0.00162976 0.0072987 0.0185452 0.00471304 -0.0104607 0.0106177 0.00462324 0.00397803 0.00370107 -0.0163391 0.0152193 0.0123853
internal_weight=372800 148038 224762 95058 52980 119863 16429 10978 6252 104899 88806 53763 103434 12735 32746 35043 22059 31704 4019 1925 763 95013 521 5731 93906 54889 52718 407 10191 545
internal_count=372800 148038 224762 95058 52980 119863 16429 10978 6252 104899 88806 53763 103434 12735 32746 35043 22059 31704 4019 1925 763 95013 521 5731 93906 54889 52718 407 10191 545
cat_boundaries=0 1 2 3 4
cat_threshold=129 1 128 1
is_linear=0
shrinkage=0.05


Tree=252
num_leaves=31
num_cat=4
split_feature=1 14 14 2 3 9 14 2 3 9 1 14 2 3 2 5 2 3 4 2 11 3 4 10 14 9 2 0 3 8
split_gain=773.556 356.473 299.838 160.157 151.287 96.6068 269.62 124.247 84.8755 80.7448 68.1457 78.6909 66.5754 66.3671 53.8526 26.9483 26.6074 26.0544 47.4937 63.9507 28.9515 25.9975 25.7103 23.9844 21.9983 40.1788 22.5621 18.2846 17.9658 17.3067
threshold=1.0000000180025095e-35 0.099999999999996994 0.95000000000000295 0.98499999999999954 9.7850000000000019 0 2.3000000000000083 0.98499999999999954 31.655000000000005 1 6.5000000000000009 1.7000000000000013 0.58500000000000008 5.9250000000000007 0.79499999999999871 0.77023320773058968 2.0849999999999995 6.9850000000000003 -0.36852933211706668 1.9949999999999994 1.0000000180025095e-35 3.2350000000000003 0.5094157245188784 2.5000000000000004 1.1000000000000123 2 1.7450000000000012 3 13.905000000000003 1.0000000180025095e-35
decision_type=2 2 2 2 2 9 2 2 2 9 2 2 2 2 2 2 2 2 2 2 2 2 2 2 2 9 2 1 2 2
left_child=2 4 9 8 14 12 7 -7 23 -1 11 17 -4 -11 -2 -12 -13 18 19 -5 -21 -14 27 -3 25 -23 -27 -10 -9 -22
right_child=1 3 5 10 -6 6 -8 28 22 13 15 16 21 -15 -16 -17 -18 -19 -20 20 29 24 -24 -25 -26 26 -28 -29 -30 -31
leaf_value=0 0 0 0 0 0 -3.1335163529385461e-07 2.7719896356814822e-05 0 -6.3563723989204702e-05 0 0 0 0 0 0 0 -2.7821560292240479e-07 0 0 1.165526961382813e-07 1.165526961382813e-07 0 0.0012449676828715896 0 0 0 0 -7.6979521623442976e-05 0 -0.00081579082652402657
leaf_weight=92164 2339 1525 8421 1162 20234 787 5451 5367 133 7843 30723 11718 1107 4892 30407 4320 10341 27685 2094 218 421 2171 114 4206 39017 22900 29818 274 4824 124
leaf_count=92164 2339 1525 8421 1162 20234 787 5451 5367 133 7843 30723 11718 1107 4892 30407 4320 10341 27685 2094 218 421 2171 114 4206 39017 22900 29818 274 4824 124
internal_value=0.00210086 -0.000705562 0.00394929 0.00112615 -0.00399207 0.00565771 0.00922197 0.0137411 0.00886116 0.00199716 0.000581605 -0.000536614 0.00509019 0.00572774 -0.00609235 0.00229718 0.00175665 -0.00213222 0.00162976 0.0072987 0.0185452 0.00471304 -0.0104607 0.0106177 0.00462324 0.00397803 0.00370107 -0.0163391 0.0152193 0.0123853
internal_weight=372800 148038 224762 95058 52980 119863 16429 10978 6252 104899 88806 53763 103434 12735 32746 35043 22059 31704 4019 1925 763 95013 521 5731 93906 54889 52718 407 10191 545
internal_count=372800 148038 224762 95058 52980 119863 16429 10978 6252 104899 88806 53763 103434 12735 32746 35043 22059 31704 4019 1925 763 95013 521 5731 93906 54889 52718 407 10191 545
cat_boundaries=0 1 2 3 4
cat_threshold=129 1 128 1
is_linear=0
shrinkage=0.05


Tree=253
num_leaves=31
num_cat=4
split_feature=1 14 14 2 3 9 14 2 3 9 1 14 2 3 2 5 2 3 4 2 11 3 4 10 14 9 2 0 3 8
split_gain=773.556 356.473 299.838 160.157 151.287 96.6068 269.62 124.247 84.8755 80.7448 68.1457 78.6909 66.5754 66.3671 53.8526 26.9483 26.6074 26.0544 47.4937 63.9507 28.9515 25.9975 25.7103 23.9844 21.9983 40.1788 22.5621 18.2846 17.9658 17.3067
threshold=1.0000000180025095e-35 0.099999999999996994 0.95000000000000295 0.98499999999999954 9.7850000000000019 0 2.3000000000000083 0.98499999999999954 31.655000000000005 1 6.5000000000000009 1.7000000000000013 0.58500000000000008 5.9250000000000007 0.79499999999999871 0.77023320773058968 2.0849999999999995 6.9850000000000003 -0.36852933211706668 1.9949999999999994 1.0000000180025095e-35 3.2350000000000003 0.5094157245188784 2.5000000000000004 1.1000000000000123 2 1.7450000000000012 3 13.905000000000003 1.0000000180025095e-35
decision_type=2 2 2 2 2 9 2 2 2 9 2 2 2 2 2 2 2 2 2 2 2 2 2 2 2 9 2 1 2 2
left_child=2 4 9 8 14 12 7 -7 23 -1 11 17 -4 -11 -2 -12 -13 18 19 -5 -21 -14 27 -3 25 -23 -27 -10 -9 -22
right_child=1 3 5 10 -6 6 -8 28 22 13 15 16 21 -15 -16 -17 -18 -19 -20 20 29 24 -24 -25 -26 26 -28 -29 -30 -31
leaf_value=0 0 0 0 0 0 -2.976840535291619e-07 2.633390153897186e-05 0 -6.0385537789744464e-05 0 0 0 0 0 0 0 -2.6430482277794987e-07 0 0 1.1072506133136723e-07 1.1072506133136723e-07 0 0.0011827192987280079 0 0 0 0 -7.3130545542270822e-05 0 -0.0007750012851978239
leaf_weight=92164 2339 1525 8421 1162 20234 787 5451 5367 133 7843 30723 11718 1107 4892 30407 4320 10341 27685 2094 218 421 2171 114 4206 39017 22900 29818 274 4824 124
leaf_count=92164 2339 1525 8421 1162 20234 787 5451 5367 133 7843 30723 11718 1107 4892 30407 4320 10341 27685 2094 218 421 2171 114 4206 39017 22900 29818 274 4824 124
internal_value=0.00210086 -0.000705562 0.00394929 0.00112615 -0.00399207 0.00565771 0.00922197 0.0137411 0.00886116 0.00199716 0.000581605 -0.000536614 0.00509019 0.00572774 -0.00609235 0.00229718 0.00175665 -0.00213222 0.00162976 0.0072987 0.0185452 0.00471304 -0.0104607 0.0106177 0.00462324 0.00397803 0.00370107 -0.0163391 0.0152193 0.0123853
internal_weight=372800 148038 224762 95058 52980 119863 16429 10978 6252 104899 88806 53763 103434 12735 32746 35043 22059 31704 4019 1925 763 95013 521 5731 93906 54889 52718 407 10191 545
internal_count=372800 148038 224762 95058 52980 119863 16429 10978 6252 104899 88806 53763 103434 12735 32746 35043 22059 31704 4019 1925 763 95013 521 5731 93906 54889 52718 407 10191 545
cat_boundaries=0 1 2 3 4
cat_threshold=129 1 128 1
is_linear=0
shrinkage=0.05


Tree=254
num_leaves=31
num_cat=4
split_feature=1 14 14 2 3 9 14 2 3 9 1 14 2 3 2 5 2 3 4 2 11 3 4 10 14 9 2 0 3 8
split_gain=773.556 356.473 299.838 160.157 151.287 96.6068 269.62 124.247 84.8755 80.7448 68.1457 78.6909 66.5754 66.3671 53.8526 26.9483 26.6074 26.0544 47.4937 63.9507 28.9515 25.9975 25.7103 23.9844 21.9983 40.1788 22.5621 18.2846 17.9658 17.3067
threshold=1.0000000180025095e-35 0.099999999999996994 0.95000000000000295 0.98499999999999954 9.7850000000000019 0 2.3000000000000083 0.98499999999999954 31.655000000000005 1 6.5000000000000009 1.7000000000000013 0.58500000000000008 5.9250000000000007 0.79499999999999871 0.77023320773058968 2.0849999999999995 6.9850000000000003 -0.36852933211706668 1.9949999999999994 1.0000000180025095e-35 3.2350000000000003 0.5094157245188784 2.5000000000000004 1.1000000000000123 2 1.7450000000000012 3 13.905000000000003 1.0000000180025095e-35
decision_type=2 2 2 2 2 9 2 2 2 9 2 2 2 2 2 2 2 2 2 2 2 2 2 2 2 9 2 1 2 2
left_child=2 4 9 8 14 12 7 -7 23 -1 11 17 -4 -11 -2 -12 -13 18 19 -5 -21 -14 27 -3 25 -23 -27 -10 -9 -22
right_child=1 3 5 10 -6 6 -8 28 22 13 15 16 21 -15 -16 -17 -18 -19 -20 20 29 24 -24 -25 -26 26 -28 -29 -30 -31
leaf_value=0 0 0 0 0 0 -2.8279985085270378e-07 2.5017206462024656e-05 0 -5.7366260900257242e-05 0 0 0 0 0 0 0 -2.5108958163766458e-07 0 0 1.0518880826479888e-07 1.0518880826479888e-07 0 0.0011235833337916057 0 0 0 0 -6.9474018265157269e-05 0 -0.00073625122093793358
leaf_weight=92164 2339 1525 8421 1162 20234 787 5451 5367 133 7843 30723 11718 1107 4892 30407 4320 10341 27685 2094 218 421 2171 114 4206 39017 22900 29818 274 4824 124
leaf_count=92164 2339 1525 8421 1162 20234 787 5451 5367 133 7843 30723 11718 1107 4892 30407 4320 10341 27685 2094 218 421 2171 114 4206 39017 22900 29818 274 4824 124
internal_value=0.00210086 -0.000705562 0.00394929 0.00112615 -0.00399207 0.00565771 0.00922197 0.0137411 0.00886116 0.00199716 0.000581605 -0.000536614 0.00509019 0.00572774 -0.00609235 0.00229718 0.00175665 -0.00213222 0.00162976 0.0072987 0.0185452 0.00471304 -0.0104607 0.0106177 0.00462324 0.00397803 0.00370107 -0.0163391 0.0152193 0.0123853
internal_weight=372800 148038 224762 95058 52980 119863 16429 10978 6252 104899 88806 53763 103434 12735 32746 35043 22059 31704 4019 1925 763 95013 521 5731 93906 54889 52718 407 10191 545
internal_count=372800 148038 224762 95058 52980 119863 16429 10978 6252 104899 88806 53763 103434 12735 32746 35043 22059 31704 4019 1925 763 95013 521 5731 93906 54889 52718 407 10191 545
cat_boundaries=0 1 2 3 4
cat_threshold=129 1 128 1
is_linear=0
shrinkage=0.05


Tree=255
num_leaves=31
num_cat=4
split_feature=1 14 14 2 3 9 14 2 3 9 1 14 2 3 2 5 2 3 4 2 11 3 4 10 14 9 2 0 3 8
split_gain=773.556 356.473 299.838 160.157 151.287 96.6068 269.62 124.247 84.8755 80.7448 68.1457 78.6909 66.5754 66.3671 53.8526 26.9483 26.6074 26.0544 47.4937 63.9507 28.9515 25.9975 25.7103 23.9844 21.9983 40.1788 22.5621 18.2846 17.9658 17.3067
threshold=1.0000000180025095e-35 0.099999999999996994 0.95000000000000295 0.98499999999999954 9.7850000000000019 0 2.3000000000000083 0.98499999999999954 31.655000000000005 1 6.5000000000000009 1.7000000000000013 0.58500000000000008 5.9250000000000007 0.79499999999999871 0.77023320773058968 2.0849999999999995 6.9850000000000003 -0.36852933211706668 1.9949999999999994 1.0000000180025095e-35 3.2350000000000003 0.5094157245188784 2.5000000000000004 1.1000000000000123 2 1.7450000000000012 3 13.905000000000003 1.0000000180025095e-35
decision_type=2 2 2 2 2 9 2 2 2 9 2 2 2 2 2 2 2 2 2 2 2 2 2 2 2 9 2 1 2 2
left_child=2 4 9 8 14 12 7 -7 23 -1 11 17 -4 -11 -2 -12 -13 18 19 -5 -21 -14 27 -3 25 -23 -27 -10 -9 -22
right_child=1 3 5 10 -6 6 -8 28 22 13 15 16 21 -15 -16 -17 -18 -19 -20 20 29 24 -24 -25 -26 26 -28 -29 -30 -31
leaf_value=0 0 0 0 0 0 -2.6865985831006857e-07 2.3766346138925921e-05 0 -5.4497947855244383e-05 0 0 0 0 0 0 0 -2.3853510255356095e-07 0 0 9.9929367851558924e-08 9.9929367851558924e-08 0 0.0010674041671020263 0 0 0 0 -6.6000317351899403e-05 0 -0.00069943865989103855
leaf_weight=92164 2339 1525 8421 1162 20234 787 5451 5367 133 7843 30723 11718 1107 4892 30407 4320 10341 27685 2094 218 421 2171 114 4206 39017 22900 29818 274 4824 124
leaf_count=92164 2339 1525 8421 1162 20234 787 5451 5367 133 7843 30723 11718 1107 4892 30407 4320 10341 27685 2094 218 421 2171 114 4206 39017 22900 29818 274 4824 124
internal_value=0.00210086 -0.000705562 0.00394929 0.00112615 -0.00399207 0.00565771 0.00922197 0.0137411 0.00886116 0.00199716 0.000581605 -0.000536614 0.00509019 0.00572774 -0.00609235 0.00229718 0.00175665 -0.00213222 0.00162976 0.0072987 0.0185452 0.00471304 -0.0104607 0.0106177 0.00462324 0.00397803 0.00370107 -0.0163391 0.0152193 0.0123853
internal_weight=372800 148038 224762 95058 52980 119863 16429 10978 6252 104899 88806 53763 103434 12735 32746 35043 22059 31704 4019 1925 763 95013 521 5731 93906 54889 52718 407 10191 545
internal_count=372800 148038 224762 95058 52980 119863 16429 10978 6252 104899 88806 53763 103434 12735 32746 35043 22059 31704 4019 1925 763 95013 521 5731 93906 54889 52718 407 10191 545
cat_boundaries=0 1 2 3 4
cat_threshold=129 1 128 1
is_linear=0
shrinkage=0.05


Tree=256
num_leaves=31
num_cat=4
split_feature=1 14 14 2 3 9 14 2 9 1 14 2 3 2 5 3 9 2 3 4 2 11 3 14 9 2 3 8 2 10
split_gain=760.366 365.171 299.838 198.747 151.287 96.6068 269.62 124.247 80.7448 68.1457 78.6909 66.5754 66.3671 53.8526 26.9483 26.655 30.8275 26.6074 26.0544 47.4937 63.9507 28.9515 25.9975 21.9983 40.1788 22.5621 17.9658 17.3067 17.1248 22.8872
threshold=1.0000000180025095e-35 0.099999999999996994 0.95000000000000295 0.98499999999999954 9.7850000000000019 0 2.3000000000000083 0.98499999999999954 1 6.5000000000000009 1.7000000000000013 0.58500000000000008 5.9250000000000007 0.79499999999999871 0.77023320773058968 20.255000000000006 2 2.0849999999999995 6.9850000000000003 -0.36852933211706668 1.9949999999999994 1.0000000180025095e-35 3.2350000000000003 1.1000000000000123 3 1.7450000000000012 13.905000000000003 1.0000000180025095e-35 11.900000000000004 13.000000000000002
decision_type=2 2 2 2 2 9 2 2 9 2 2 2 2 2 2 2 9 2 2 2 2 2 2 2 9 2 2 2 2 2
left_child=2 4 8 15 13 11 7 -7 -1 10 18 -4 -10 -2 28 -3 -17 -12 19 20 -5 -22 -13 24 -24 -26 -9 -23 -11 -30
right_child=1 3 5 9 -6 6 -8 26 12 14 17 22 -14 -15 -16 16 -18 -19 -20 -21 21 27 23 -25 25 -27 -28 -29 29 -31
leaf_value=0 0 0 0 0 0 -2.5522686539456515e-07 2.2578028831982123e-05 0 0 0 0 0 0 0 0 0 0.003071890884925166 -2.2660834742560534e-07 0 0 9.4932899458980987e-08 9.4932899458980987e-08 0 0 0 0 0 -0.00066446672689648436 -0.049898465211539289 0.019542103387110439
leaf_weight=92164 2339 5042 8421 1162 20234 787 5451 5367 7843 30012 11718 1107 4892 30407 4320 539 671 10341 27685 2094 218 421 2171 39017 22900 29818 4824 124 531 180
leaf_count=92164 2339 5042 8421 1162 20234 787 5451 5367 7843 30012 11718 1107 4892 30407 4320 539 671 10341 27685 2094 218 421 2171 39017 22900 29818 4824 124 531 180
internal_value=0.00211668 -0.000665707 0.00394929 0.00118822 -0.00399207 0.00565771 0.00922197 0.0137411 0.00199716 0.000581605 -0.000536614 0.00509019 0.00572774 -0.00609235 0.00229718 0.00980486 0.0031405 0.00175665 -0.00213222 0.00162976 0.0072987 0.0185452 0.00471304 0.00462324 0.00397803 0.00370107 0.0152193 0.0123853 0.00281711 -0.00485232
internal_weight=372800 148038 224762 95058 52980 119863 16429 10978 104899 88806 53763 103434 12735 32746 35043 6252 1210 22059 31704 4019 1925 763 95013 93906 54889 52718 10191 545 30723 711
internal_count=372800 148038 224762 95058 52980 119863 16429 10978 104899 88806 53763 103434 12735 32746 35043 6252 1210 22059 31704 4019 1925 763 95013 93906 54889 52718 10191 545 30723 711
cat_boundaries=0 1 2 3 4
cat_threshold=129 1 1 128
is_linear=0
shrinkage=0.05


Tree=257
num_leaves=31
num_cat=4
split_feature=1 14 14 2 3 9 14 2 3 9 1 14 2 3 2 5 2 3 4 2 11 3 4 10 14 9 2 0 3 8
split_gain=772.658 357.059 299.838 159.983 151.287 96.6068 269.62 124.247 84.8755 80.7448 68.6958 78.6909 66.5754 66.3671 53.8526 27.1149 26.6074 26.0544 47.4937 63.9507 28.9515 25.9975 25.7103 23.9844 21.9983 40.1788 22.5621 18.2846 17.9658 17.3067
threshold=1.0000000180025095e-35 0.099999999999996994 0.95000000000000295 0.98499999999999954 9.7850000000000019 0 2.3000000000000083 0.98499999999999954 31.655000000000005 1 6.5000000000000009 1.7000000000000013 0.58500000000000008 5.9250000000000007 0.79499999999999871 0.77023320773058968 2.0849999999999995 6.9850000000000003 -0.36852933211706668 1.9949999999999994 1.0000000180025095e-35 3.2350000000000003 0.5094157245188784 2.5000000000000004 1.1000000000000123 2 1.7450000000000012 3 13.905000000000003 1.0000000180025095e-35
decision_type=2 2 2 2 2 9 2 2 2 9 2 2 2 2 2 2 2 2 2 2 2 2 2 2 2 9 2 1 2 2
left_child=2 4 9 8 14 12 7 -7 23 -1 11 17 -4 -11 -2 -12 -13 18 19 -5 -21 -14 27 -3 25 -23 -27 -10 -9 -22
right_child=1 3 5 10 -6 6 -8 28 22 13 15 16 21 -15 -16 -17 -18 -19 -20 20 29 24 -24 -25 -26 26 -28 -29 -30 -31
leaf_value=0 0 0 0 0 0 -2.4246552212483692e-07 2.1449127390382738e-05 0 -5.1773050462482168e-05 0 0 0 0 0 0 0 -2.1527793005460262e-07 0 0 9.0186254486031931e-08 9.0186254486031931e-08 0 0.0010140339587469238 0 0 0 0 -0.0001505810153597853 0 -0.0006312433905516613
leaf_weight=92164 2339 1525 8421 1162 20234 787 5451 5367 133 7843 30723 11718 1107 4892 30407 4320 10341 27685 2094 218 421 2171 114 4206 39017 22900 29818 274 4824 124
leaf_count=92164 2339 1525 8421 1162 20234 787 5451 5367 133 7843 30723 11718 1107 4892 30407 4320 10341 27685 2094 218 421 2171 114 4206 39017 22900 29818 274 4824 124
internal_value=0.00210193 -0.00070286 0.00394929 0.00113036 -0.00399207 0.00565771 0.00922197 0.0137411 0.00886116 0.00199716 0.000586109 -0.000536614 0.00509019 0.00572774 -0.00609235 0.00230859 0.00175665 -0.00213222 0.00162976 0.0072987 0.0185452 0.00471304 -0.0104607 0.0106177 0.00462324 0.00397803 0.00370107 -0.0163391 0.0152193 0.0123853
internal_weight=372800 148038 224762 95058 52980 119863 16429 10978 6252 104899 88806 53763 103434 12735 32746 35043 22059 31704 4019 1925 763 95013 521 5731 93906 54889 52718 407 10191 545
internal_count=372800 148038 224762 95058 52980 119863 16429 10978 6252 104899 88806 53763 103434 12735 32746 35043 22059 31704 4019 1925 763 95013 521 5731 93906 54889 52718 407 10191 545
cat_boundaries=0 1 2 3 4
cat_threshold=129 1 128 1
is_linear=0
shrinkage=0.05


Tree=258
num_leaves=31
num_cat=4
split_feature=1 14 14 2 3 9 14 2 3 9 1 14 2 3 2 5 2 3 4 2 11 3 4 10 14 9 2 0 3 8
split_gain=772.658 357.059 299.838 159.983 151.287 96.6068 269.62 124.247 84.8755 80.7448 68.6958 78.6909 66.5754 66.3671 53.8526 27.1149 26.6074 26.0544 47.4937 63.9507 28.9515 25.9975 25.7103 23.9844 21.9983 40.1788 22.5621 18.2846 17.9658 17.3067
threshold=1.0000000180025095e-35 0.099999999999996994 0.95000000000000295 0.98499999999999954 9.7850000000000019 0 2.3000000000000083 0.98499999999999954 31.655000000000005 1 6.5000000000000009 1.7000000000000013 0.58500000000000008 5.9250000000000007 0.79499999999999871 0.77023320773058968 2.0849999999999995 6.9850000000000003 -0.36852933211706668 1.9949999999999994 1.0000000180025095e-35 3.2350000000000003 0.5094157245188784 2.5000000000000004 1.1000000000000123 2 1.7450000000000012 3 13.905000000000003 1.0000000180025095e-35
decision_type=2 2 2 2 2 9 2 2 2 9 2 2 2 2 2 2 2 2 2 2 2 2 2 2 2 9 2 1 2 2
left_child=2 4 9 8 14 12 7 -7 23 -1 11 17 -4 -11 -2 -12 -13 18 19 -5 -21 -14 27 -3 25 -23 -27 -10 -9 -22
right_child=1 3 5 10 -6 6 -8 28 22 13 15 16 21 -15 -16 -17 -18 -19 -20 20 29 24 -24 -25 -26 26 -28 -29 -30 -31
leaf_value=0 0 0 0 0 0 -2.3034224601859505e-07 2.0376671020860827e-05 0 -4.9184397939358056e-05 0 0 0 0 0 0 0 -2.0451403355270516e-07 0 0 8.5676941761730342e-08 8.5676941761730342e-08 0 0.00096333226080957957 0 0 0 0 -0.00014305196459180047 0 -0.00059968122102407873
leaf_weight=92164 2339 1525 8421 1162 20234 787 5451 5367 133 7843 30723 11718 1107 4892 30407 4320 10341 27685 2094 218 421 2171 114 4206 39017 22900 29818 274 4824 124
leaf_count=92164 2339 1525 8421 1162 20234 787 5451 5367 133 7843 30723 11718 1107 4892 30407 4320 10341 27685 2094 218 421 2171 114 4206 39017 22900 29818 274 4824 124
internal_value=0.00210193 -0.00070286 0.00394929 0.00113036 -0.00399207 0.00565771 0.00922197 0.0137411 0.00886116 0.00199716 0.000586109 -0.000536614 0.00509019 0.00572774 -0.00609235 0.00230859 0.00175665 -0.00213222 0.00162976 0.0072987 0.0185452 0.00471304 -0.0104607 0.0106177 0.00462324 0.00397803 0.00370107 -0.0163391 0.0152193 0.0123853
internal_weight=372800 148038 224762 95058 52980 119863 16429 10978 6252 104899 88806 53763 103434 12735 32746 35043 22059 31704 4019 1925 763 95013 521 5731 93906 54889 52718 407 10191 545
internal_count=372800 148038 224762 95058 52980 119863 16429 10978 6252 104899 88806 53763 103434 12735 32746 35043 22059 31704 4019 1925 763 95013 521 5731 93906 54889 52718 407 10191 545
cat_boundaries=0 1 2 3 4
cat_threshold=129 1 128 1
is_linear=0
shrinkage=0.05


Tree=259
num_leaves=31
num_cat=4
split_feature=1 14 14 2 3 9 14 2 3 9 1 14 2 3 2 5 2 3 4 2 11 3 4 10 14 9 2 0 3 8
split_gain=772.658 357.059 299.838 159.983 151.287 96.6068 269.62 124.247 84.8755 80.7448 68.6958 78.6909 66.5754 66.3671 53.8526 27.1149 26.6074 26.0544 47.4937 63.9507 28.9515 25.9975 25.7103 23.9844 21.9983 40.1788 22.5621 18.2846 17.9658 17.3067
threshold=1.0000000180025095e-35 0.099999999999996994 0.95000000000000295 0.98499999999999954 9.7850000000000019 0 2.3000000000000083 0.98499999999999954 31.655000000000005 1 6.5000000000000009 1.7000000000000013 0.58500000000000008 5.9250000000000007 0.79499999999999871 0.77023320773058968 2.0849999999999995 6.9850000000000003 -0.36852933211706668 1.9949999999999994 1.0000000180025095e-35 3.2350000000000003 0.5094157245188784 2.5000000000000004 1.1000000000000123 2 1.7450000000000012 3 13.905000000000003 1.0000000180025095e-35
decision_type=2 2 2 2 2 9 2 2 2 9 2 2 2 2 2 2 2 2 2 2 2 2 2 2 2 9 2 1 2 2
left_child=2 4 9 8 14 12 7 -7 23 -1 11 17 -4 -11 -2 -12 -13 18 19 -5 -21 -14 27 -3 25 -23 -27 -10 -9 -22
right_child=1 3 5 10 -6 6 -8 28 22 13 15 16 21 -15 -16 -17 -18 -19 -20 20 29 24 -24 -25 -26 26 -28 -29 -30 -31
leaf_value=0 0 0 0 0 0 -2.188251337176653e-07 1.9357837469818897e-05 0 -4.6725178042390148e-05 0 0 0 0 0 0 0 -1.9428833187284946e-07 0 0 8.1393094673643824e-08 8.1393094673643824e-08 0 0.00091516564776910063 0 0 0 0 -0.00013589936636221323 0 -0.00056969715997287618
leaf_weight=92164 2339 1525 8421 1162 20234 787 5451 5367 133 7843 30723 11718 1107 4892 30407 4320 10341 27685 2094 218 421 2171 114 4206 39017 22900 29818 274 4824 124
leaf_count=92164 2339 1525 8421 1162 20234 787 5451 5367 133 7843 30723 11718 1107 4892 30407 4320 10341 27685 2094 218 421 2171 114 4206 39017 22900 29818 274 4824 124
internal_value=0.00210193 -0.00070286 0.00394929 0.00113036 -0.00399207 0.00565771 0.00922197 0.0137411 0.00886116 0.00199716 0.000586109 -0.000536614 0.00509019 0.00572774 -0.00609235 0.00230859 0.00175665 -0.00213222 0.00162976 0.0072987 0.0185452 0.00471304 -0.0104607 0.0106177 0.00462324 0.00397803 0.00370107 -0.0163391 0.0152193 0.0123853
internal_weight=372800 148038 224762 95058 52980 119863 16429 10978 6252 104899 88806 53763 103434 12735 32746 35043 22059 31704 4019 1925 763 95013 521 5731 93906 54889 52718 407 10191 545
internal_count=372800 148038 224762 95058 52980 119863 16429 10978 6252 104899 88806 53763 103434 12735 32746 35043 22059 31704 4019 1925 763 95013 521 5731 93906 54889 52718 407 10191 545
cat_boundaries=0 1 2 3 4
cat_threshold=129 1 128 1
is_linear=0
shrinkage=0.05


Tree=260
num_leaves=31
num_cat=4
split_feature=1 14 14 2 3 9 14 2 3 9 1 14 2 3 2 5 2 3 4 2 11 3 4 10 14 9 2 0 3 8
split_gain=772.658 357.059 299.838 159.983 151.287 96.6068 269.62 124.247 84.8755 80.7448 68.6958 78.6909 66.5754 66.3671 53.8526 27.1149 26.6074 26.0544 47.4937 63.9507 28.9515 25.9975 25.7103 23.9844 21.9983 40.1788 22.5621 18.2846 17.9658 17.3067
threshold=1.0000000180025095e-35 0.099999999999996994 0.95000000000000295 0.98499999999999954 9.7850000000000019 0 2.3000000000000083 0.98499999999999954 31.655000000000005 1 6.5000000000000009 1.7000000000000013 0.58500000000000008 5.9250000000000007 0.79499999999999871 0.77023320773058968 2.0849999999999995 6.9850000000000003 -0.36852933211706668 1.9949999999999994 1.0000000180025095e-35 3.2350000000000003 0.5094157245188784 2.5000000000000004 1.1000000000000123 2 1.7450000000000012 3 13.905000000000003 1.0000000180025095e-35
decision_type=2 2 2 2 2 9 2 2 2 9 2 2 2 2 2 2 2 2 2 2 2 2 2 2 2 9 2 1 2 2
left_child=2 4 9 8 14 12 7 -7 23 -1 11 17 -4 -11 -2 -12 -13 18 19 -5 -21 -14 27 -3 25 -23 -27 -10 -9 -22
right_child=1 3 5 10 -6 6 -8 28 22 13 15 16 21 -15 -16 -17 -18 -19 -20 20 29 24 -24 -25 -26 26 -28 -29 -30 -31
leaf_value=0 0 0 0 0 0 -2.0788387703178201e-07 1.8389945596325453e-05 0 -4.4388919140270645e-05 0 0 0 0 0 0 0 -1.8457391527948453e-07 0 0 7.7323439939961635e-08 7.7323439939961635e-08 0 0.00086940736538064782 0 0 0 0 -0.0001291043980440998 0 -0.000541212301974231
leaf_weight=92164 2339 1525 8421 1162 20234 787 5451 5367 133 7843 30723 11718 1107 4892 30407 4320 10341 27685 2094 218 421 2171 114 4206 39017 22900 29818 274 4824 124
leaf_count=92164 2339 1525 8421 1162 20234 787 5451 5367 133 7843 30723 11718 1107 4892 30407 4320 10341 27685 2094 218 421 2171 114 4206 39017 22900 29818 274 4824 124
internal_value=0.00210193 -0.00070286 0.00394929 0.00113036 -0.00399207 0.00565771 0.00922197 0.0137411 0.00886116 0.00199716 0.000586109 -0.000536614 0.00509019 0.00572774 -0.00609235 0.00230859 0.00175665 -0.00213222 0.00162976 0.0072987 0.0185452 0.00471304 -0.0104607 0.0106177 0.00462324 0.00397803 0.00370107 -0.0163391 0.0152193 0.0123853
internal_weight=372800 148038 224762 95058 52980 119863 16429 10978 6252 104899 88806 53763 103434 12735 32746 35043 22059 31704 4019 1925 763 95013 521 5731 93906 54889 52718 407 10191 545
internal_count=372800 148038 224762 95058 52980 119863 16429 10978 6252 104899 88806 53763 103434 12735 32746 35043 22059 31704 4019 1925 763 95013 521 5731 93906 54889 52718 407 10191 545
cat_boundaries=0 1 2 3 4
cat_threshold=129 1 128 1
is_linear=0
shrinkage=0.05


Tree=261
num_leaves=31
num_cat=4
split_feature=1 14 14 2 3 9 14 2 3 9 1 14 2 3 2 5 2 3 4 2 11 3 4 10 14 9 2 0 3 8
split_gain=772.658 357.059 299.838 159.983 151.287 96.6068 269.62 124.247 84.8755 80.7448 68.6958 78.6909 66.5754 66.3671 53.8526 27.1149 26.6074 26.0544 47.4937 63.9507 28.9515 25.9975 25.7103 23.9844 21.9983 40.1788 22.5621 18.2846 17.9658 17.3067
threshold=1.0000000180025095e-35 0.099999999999996994 0.95000000000000295 0.98499999999999954 9.7850000000000019 0 2.3000000000000083 0.98499999999999954 31.655000000000005 1 6.5000000000000009 1.7000000000000013 0.58500000000000008 5.9250000000000007 0.79499999999999871 0.77023320773058968 2.0849999999999995 6.9850000000000003 -0.36852933211706668 1.9949999999999994 1.0000000180025095e-35 3.2350000000000003 0.5094157245188784 2.5000000000000004 1.1000000000000123 2 1.7450000000000012 3 13.905000000000003 1.0000000180025095e-35
decision_type=2 2 2 2 2 9 2 2 2 9 2 2 2 2 2 2 2 2 2 2 2 2 2 2 2 9 2 1 2 2
left_child=2 4 9 8 14 12 7 -7 23 -1 11 17 -4 -11 -2 -12 -13 18 19 -5 -21 -14 27 -3 25 -23 -27 -10 -9 -22
right_child=1 3 5 10 -6 6 -8 28 22 13 15 16 21 -15 -16 -17 -18 -19 -20 20 29 24 -24 -25 -26 26 -28 -29 -30 -31
leaf_value=0 0 0 0 0 0 -1.9748968318019288e-07 1.7470448316508903e-05 0 -4.2169473183257112e-05 0 0 0 0 0 0 0 -1.7534521951634299e-07 0 0 7.3457267942963554e-08 7.3457267942963554e-08 0 0.00082593699711161483 0 0 0 0 -0.00012264917814189814 0 -0.00051415168687551915
leaf_weight=92164 2339 1525 8421 1162 20234 787 5451 5367 133 7843 30723 11718 1107 4892 30407 4320 10341 27685 2094 218 421 2171 114 4206 39017 22900 29818 274 4824 124
leaf_count=92164 2339 1525 8421 1162 20234 787 5451 5367 133 7843 30723 11718 1107 4892 30407 4320 10341 27685 2094 218 421 2171 114 4206 39017 22900 29818 274 4824 124
internal_value=0.00210193 -0.00070286 0.00394929 0.00113036 -0.00399207 0.00565771 0.00922197 0.0137411 0.00886116 0.00199716 0.000586109 -0.000536614 0.00509019 0.00572774 -0.00609235 0.00230859 0.00175665 -0.00213222 0.00162976 0.0072987 0.0185452 0.00471304 -0.0104607 0.0106177 0.00462324 0.00397803 0.00370107 -0.0163391 0.0152193 0.0123853
internal_weight=372800 148038 224762 95058 52980 119863 16429 10978 6252 104899 88806 53763 103434 12735 32746 35043 22059 31704 4019 1925 763 95013 521 5731 93906 54889 52718 407 10191 545
internal_count=372800 148038 224762 95058 52980 119863 16429 10978 6252 104899 88806 53763 103434 12735 32746 35043 22059 31704 4019 1925 763 95013 521 5731 93906 54889 52718 407 10191 545
cat_boundaries=0 1 2 3 4
cat_threshold=129 1 128 1
is_linear=0
shrinkage=0.05


Tree=262
num_leaves=31
num_cat=4
split_feature=1 14 14 2 3 9 14 2 3 9 1 14 2 3 2 5 2 3 4 2 11 3 4 10 14 9 2 0 3 8
split_gain=772.658 357.059 299.838 159.983 151.287 96.6068 269.62 124.247 84.8755 80.7448 68.6958 78.6909 66.5754 66.3671 53.8526 27.1149 26.6074 26.0544 47.4937 63.9507 28.9515 25.9975 25.7103 23.9844 21.9983 40.1788 22.5621 18.2846 17.9658 17.3067
threshold=1.0000000180025095e-35 0.099999999999996994 0.95000000000000295 0.98499999999999954 9.7850000000000019 0 2.3000000000000083 0.98499999999999954 31.655000000000005 1 6.5000000000000009 1.7000000000000013 0.58500000000000008 5.9250000000000007 0.79499999999999871 0.77023320773058968 2.0849999999999995 6.9850000000000003 -0.36852933211706668 1.9949999999999994 1.0000000180025095e-35 3.2350000000000003 0.5094157245188784 2.5000000000000004 1.1000000000000123 2 1.7450000000000012 3 13.905000000000003 1.0000000180025095e-35
decision_type=2 2 2 2 2 9 2 2 2 9 2 2 2 2 2 2 2 2 2 2 2 2 2 2 2 9 2 1 2 2
left_child=2 4 9 8 14 12 7 -7 23 -1 11 17 -4 -11 -2 -12 -13 18 19 -5 -21 -14 27 -3 25 -23 -27 -10 -9 -22
right_child=1 3 5 10 -6 6 -8 28 22 13 15 16 21 -15 -16 -17 -18 -19 -20 20 29 24 -24 -25 -26 26 -28 -29 -30 -31
leaf_value=0 0 0 0 0 0 -1.8761519902118325e-07 1.6596925900685954e-05 0 -4.0060999524094255e-05 0 0 0 0 0 0 0 -1.6657795853802781e-07 0 0 6.9784404545815373e-08 6.9784404545815373e-08 0 0.00078464014725603275 0 0 0 0 -0.0001165167192348049 0 -0.00048844410253174317
leaf_weight=92164 2339 1525 8421 1162 20234 787 5451 5367 133 7843 30723 11718 1107 4892 30407 4320 10341 27685 2094 218 421 2171 114 4206 39017 22900 29818 274 4824 124
leaf_count=92164 2339 1525 8421 1162 20234 787 5451 5367 133 7843 30723 11718 1107 4892 30407 4320 10341 27685 2094 218 421 2171 114 4206 39017 22900 29818 274 4824 124
internal_value=0.00210193 -0.00070286 0.00394929 0.00113036 -0.00399207 0.00565771 0.00922197 0.0137411 0.00886116 0.00199716 0.000586109 -0.000536614 0.00509019 0.00572774 -0.00609235 0.00230859 0.00175665 -0.00213222 0.00162976 0.0072987 0.0185452 0.00471304 -0.0104607 0.0106177 0.00462324 0.00397803 0.00370107 -0.0163391 0.0152193 0.0123853
internal_weight=372800 148038 224762 95058 52980 119863 16429 10978 6252 104899 88806 53763 103434 12735 32746 35043 22059 31704 4019 1925 763 95013 521 5731 93906 54889 52718 407 10191 545
internal_count=372800 148038 224762 95058 52980 119863 16429 10978 6252 104899 88806 53763 103434 12735 32746 35043 22059 31704 4019 1925 763 95013 521 5731 93906 54889 52718 407 10191 545
cat_boundaries=0 1 2 3 4
cat_threshold=129 1 128 1
is_linear=0
shrinkage=0.05


Tree=263
num_leaves=31
num_cat=4
split_feature=1 14 14 2 3 9 14 2 3 9 1 14 2 3 2 5 2 3 4 2 11 3 4 10 14 9 2 0 3 8
split_gain=772.658 357.059 299.838 159.983 151.287 96.6068 269.62 124.247 84.8755 80.7448 68.6958 78.6909 66.5754 66.3671 53.8526 27.1149 26.6074 26.0544 47.4937 63.9507 28.9515 25.9975 25.7103 23.9844 21.9983 40.1788 22.5621 18.2846 17.9658 17.3067
threshold=1.0000000180025095e-35 0.099999999999996994 0.95000000000000295 0.98499999999999954 9.7850000000000019 0 2.3000000000000083 0.98499999999999954 31.655000000000005 1 6.5000000000000009 1.7000000000000013 0.58500000000000008 5.9250000000000007 0.79499999999999871 0.77023320773058968 2.0849999999999995 6.9850000000000003 -0.36852933211706668 1.9949999999999994 1.0000000180025095e-35 3.2350000000000003 0.5094157245188784 2.5000000000000004 1.1000000000000123 2 1.7450000000000012 3 13.905000000000003 1.0000000180025095e-35
decision_type=2 2 2 2 2 9 2 2 2 9 2 2 2 2 2 2 2 2 2 2 2 2 2 2 2 9 2 1 2 2
left_child=2 4 9 8 14 12 7 -7 23 -1 11 17 -4 -11 -2 -12 -13 18 19 -5 -21 -14 27 -3 25 -23 -27 -10 -9 -22
right_child=1 3 5 10 -6 6 -8 28 22 13 15 16 21 -15 -16 -17 -18 -19 -20 20 29 24 -24 -25 -26 26 -28 -29 -30 -31
leaf_value=0 0 0 0 0 0 -1.7823443907012409e-07 1.5767079605649716e-05 0 -3.8057949547889541e-05 0 0 0 0 0 0 0 -1.5824906061112645e-07 0 0 6.6295184318524601e-08 6.6295184318524601e-08 0 0.00074540813989323331 0 0 0 0 -0.00011069088327306798 0 -0.00046402189740515356
leaf_weight=92164 2339 1525 8421 1162 20234 787 5451 5367 133 7843 30723 11718 1107 4892 30407 4320 10341 27685 2094 218 421 2171 114 4206 39017 22900 29818 274 4824 124
leaf_count=92164 2339 1525 8421 1162 20234 787 5451 5367 133 7843 30723 11718 1107 4892 30407 4320 10341 27685 2094 218 421 2171 114 4206 39017 22900 29818 274 4824 124
internal_value=0.00210193 -0.00070286 0.00394929 0.00113036 -0.00399207 0.00565771 0.00922197 0.0137411 0.00886116 0.00199716 0.000586109 -0.000536614 0.00509019 0.00572774 -0.00609235 0.00230859 0.00175665 -0.00213222 0.00162976 0.0072987 0.0185452 0.00471304 -0.0104607 0.0106177 0.00462324 0.00397803 0.00370107 -0.0163391 0.0152193 0.0123853
internal_weight=372800 148038 224762 95058 52980 119863 16429 10978 6252 104899 88806 53763 103434 12735 32746 35043 22059 31704 4019 1925 763 95013 521 5731 93906 54889 52718 407 10191 545
internal_count=372800 148038 224762 95058 52980 119863 16429 10978 6252 104899 88806 53763 103434 12735 32746 35043 22059 31704 4019 1925 763 95013 521 5731 93906 54889 52718 407 10191 545
cat_boundaries=0 1 2 3 4
cat_threshold=129 1 128 1
is_linear=0
shrinkage=0.05


Tree=264
num_leaves=31
num_cat=4
split_feature=1 14 14 2 3 9 14 2 3 9 1 14 2 3 2 5 2 3 4 2 11 3 4 10 14 9 2 0 3 8
split_gain=772.658 357.059 299.838 159.983 151.287 96.6068 269.62 124.247 84.8755 80.7448 68.6958 78.6909 66.5754 66.3671 53.8526 27.1149 26.6074 26.0544 47.4937 63.9507 28.9515 25.9975 25.7103 23.9844 21.9983 40.1788 22.5621 18.2846 17.9658 17.3067
threshold=1.0000000180025095e-35 0.099999999999996994 0.95000000000000295 0.98499999999999954 9.7850000000000019 0 2.3000000000000083 0.98499999999999954 31.655000000000005 1 6.5000000000000009 1.7000000000000013 0.58500000000000008 5.9250000000000007 0.79499999999999871 0.77023320773058968 2.0849999999999995 6.9850000000000003 -0.36852933211706668 1.9949999999999994 1.0000000180025095e-35 3.2350000000000003 0.5094157245188784 2.5000000000000004 1.1000000000000123 2 1.7450000000000012 3 13.905000000000003 1.0000000180025095e-35
decision_type=2 2 2 2 2 9 2 2 2 9 2 2 2 2 2 2 2 2 2 2 2 2 2 2 2 9 2 1 2 2
left_child=2 4 9 8 14 12 7 -7 23 -1 11 17 -4 -11 -2 -12 -13 18 19 -5 -21 -14 27 -3 25 -23 -27 -10 -9 -22
right_child=1 3 5 10 -6 6 -8 28 22 13 15 16 21 -15 -16 -17 -18 -19 -20 20 29 24 -24 -25 -26 26 -28 -29 -30 -31
leaf_value=0 0 0 0 0 0 -1.6932271711661787e-07 1.4978725625369727e-05 0 -3.6155052070495067e-05 0 0 0 0 0 0 0 -1.5033660757945988e-07 0 0 6.2980425102598367e-08 6.2980425102598367e-08 0 0.00070813773289857274 0 0 0 0 -0.00010515633910941348 0 -0.00044082080253489702
leaf_weight=92164 2339 1525 8421 1162 20234 787 5451 5367 133 7843 30723 11718 1107 4892 30407 4320 10341 27685 2094 218 421 2171 114 4206 39017 22900 29818 274 4824 124
leaf_count=92164 2339 1525 8421 1162 20234 787 5451 5367 133 7843 30723 11718 1107 4892 30407 4320 10341 27685 2094 218 421 2171 114 4206 39017 22900 29818 274 4824 124
internal_value=0.00210193 -0.00070286 0.00394929 0.00113036 -0.00399207 0.00565771 0.00922197 0.0137411 0.00886116 0.00199716 0.000586109 -0.000536614 0.00509019 0.00572774 -0.00609235 0.00230859 0.00175665 -0.00213222 0.00162976 0.0072987 0.0185452 0.00471304 -0.0104607 0.0106177 0.00462324 0.00397803 0.00370107 -0.0163391 0.0152193 0.0123853
internal_weight=372800 148038 224762 95058 52980 119863 16429 10978 6252 104899 88806 53763 103434 12735 32746 35043 22059 31704 4019 1925 763 95013 521 5731 93906 54889 52718 407 10191 545
internal_count=372800 148038 224762 95058 52980 119863 16429 10978 6252 104899 88806 53763 103434 12735 32746 35043 22059 31704 4019 1925 763 95013 521 5731 93906 54889 52718 407 10191 545
cat_boundaries=0 1 2 3 4
cat_threshold=129 1 128 1
is_linear=0
shrinkage=0.05


Tree=265
num_leaves=31
num_cat=4
split_feature=1 14 14 2 3 9 14 2 3 9 1 14 2 3 2 5 2 3 4 2 11 3 4 10 14 9 2 0 3 8
split_gain=772.658 357.059 299.838 159.983 151.287 96.6068 269.62 124.247 84.8755 80.7448 68.6958 78.6909 66.5754 66.3671 53.8526 27.1149 26.6074 26.0544 47.4937 63.9507 28.9515 25.9975 25.7103 23.9844 21.9983 40.1788 22.5621 18.2846 17.9658 17.3067
threshold=1.0000000180025095e-35 0.099999999999996994 0.95000000000000295 0.98499999999999954 9.7850000000000019 0 2.3000000000000083 0.98499999999999954 31.655000000000005 1 6.5000000000000009 1.7000000000000013 0.58500000000000008 5.9250000000000007 0.79499999999999871 0.77023320773058968 2.0849999999999995 6.9850000000000003 -0.36852933211706668 1.9949999999999994 1.0000000180025095e-35 3.2350000000000003 0.5094157245188784 2.5000000000000004 1.1000000000000123 2 1.7450000000000012 3 13.905000000000003 1.0000000180025095e-35
decision_type=2 2 2 2 2 9 2 2 2 9 2 2 2 2 2 2 2 2 2 2 2 2 2 2 2 9 2 1 2 2
left_child=2 4 9 8 14 12 7 -7 23 -1 11 17 -4 -11 -2 -12 -13 18 19 -5 -21 -14 27 -3 25 -23 -27 -10 -9 -22
right_child=1 3 5 10 -6 6 -8 28 22 13 15 16 21 -15 -16 -17 -18 -19 -20 20 29 24 -24 -25 -26 26 -28 -29 -30 -31
leaf_value=0 0 0 0 0 0 -1.60856581260787e-07 1.422978934410013e-05 0 -3.4347299466970314e-05 0 0 0 0 0 0 0 -1.4281977719909911e-07 0 0 5.9831403847468449e-08 5.9831403847468449e-08 0 0.00067273084625364416 0 0 0 0 -9.989852215394058e-05 0 -0.00041877976240815021
leaf_weight=92164 2339 1525 8421 1162 20234 787 5451 5367 133 7843 30723 11718 1107 4892 30407 4320 10341 27685 2094 218 421 2171 114 4206 39017 22900 29818 274 4824 124
leaf_count=92164 2339 1525 8421 1162 20234 787 5451 5367 133 7843 30723 11718 1107 4892 30407 4320 10341 27685 2094 218 421 2171 114 4206 39017 22900 29818 274 4824 124
internal_value=0.00210193 -0.00070286 0.00394929 0.00113036 -0.00399207 0.00565771 0.00922197 0.0137411 0.00886116 0.00199716 0.000586109 -0.000536614 0.00509019 0.00572774 -0.00609235 0.00230859 0.00175665 -0.00213222 0.00162976 0.0072987 0.0185452 0.00471304 -0.0104607 0.0106177 0.00462324 0.00397803 0.00370107 -0.0163391 0.0152193 0.0123853
internal_weight=372800 148038 224762 95058 52980 119863 16429 10978 6252 104899 88806 53763 103434 12735 32746 35043 22059 31704 4019 1925 763 95013 521 5731 93906 54889 52718 407 10191 545
internal_count=372800 148038 224762 95058 52980 119863 16429 10978 6252 104899 88806 53763 103434 12735 32746 35043 22059 31704 4019 1925 763 95013 521 5731 93906 54889 52718 407 10191 545
cat_boundaries=0 1 2 3 4
cat_threshold=129 1 128 1
is_linear=0
shrinkage=0.05


Tree=266
num_leaves=31
num_cat=4
split_feature=1 14 14 2 3 9 14 2 3 9 1 14 2 3 2 5 2 3 4 2 11 3 4 10 14 9 2 0 3 8
split_gain=772.658 357.059 299.838 159.983 151.287 96.6068 269.62 124.247 84.8755 80.7448 68.6958 78.6909 66.5754 66.3671 53.8526 27.1149 26.6074 26.0544 47.4937 63.9507 28.9515 25.9975 25.7103 23.9844 21.9983 40.1788 22.5621 18.2846 17.9658 17.3067
threshold=1.0000000180025095e-35 0.099999999999996994 0.95000000000000295 0.98499999999999954 9.7850000000000019 0 2.3000000000000083 0.98499999999999954 31.655000000000005 1 6.5000000000000009 1.7000000000000013 0.58500000000000008 5.9250000000000007 0.79499999999999871 0.77023320773058968 2.0849999999999995 6.9850000000000003 -0.36852933211706668 1.9949999999999994 1.0000000180025095e-35 3.2350000000000003 0.5094157245188784 2.5000000000000004 1.1000000000000123 2 1.7450000000000012 3 13.905000000000003 1.0000000180025095e-35
decision_type=2 2 2 2 2 9 2 2 2 9 2 2 2 2 2 2 2 2 2 2 2 2 2 2 2 9 2 1 2 2
left_child=2 4 9 8 14 12 7 -7 23 -1 11 17 -4 -11 -2 -12 -13 18 19 -5 -21 -14 27 -3 25 -23 -27 -10 -9 -22
right_child=1 3 5 10 -6 6 -8 28 22 13 15 16 21 -15 -16 -17 -18 -19 -20 20 29 24 -24 -25 -26 26 -28 -29 -30 -31
leaf_value=0 0 0 0 0 0 -1.5281375219774763e-07 1.3518299876896789e-05 0 -3.2629934493621796e-05 0 0 0 0 0 0 0 -1.3567878833775638e-07 0 0 5.6839833655095018e-08 5.6839833655095018e-08 0 0.00063909430394096245 0 0 0 0 -9.4903596046247429e-05 0 -0.00039784077428774438
leaf_weight=92164 2339 1525 8421 1162 20234 787 5451 5367 133 7843 30723 11718 1107 4892 30407 4320 10341 27685 2094 218 421 2171 114 4206 39017 22900 29818 274 4824 124
leaf_count=92164 2339 1525 8421 1162 20234 787 5451 5367 133 7843 30723 11718 1107 4892 30407 4320 10341 27685 2094 218 421 2171 114 4206 39017 22900 29818 274 4824 124
internal_value=0.00210193 -0.00070286 0.00394929 0.00113036 -0.00399207 0.00565771 0.00922197 0.0137411 0.00886116 0.00199716 0.000586109 -0.000536614 0.00509019 0.00572774 -0.00609235 0.00230859 0.00175665 -0.00213222 0.00162976 0.0072987 0.0185452 0.00471304 -0.0104607 0.0106177 0.00462324 0.00397803 0.00370107 -0.0163391 0.0152193 0.0123853
internal_weight=372800 148038 224762 95058 52980 119863 16429 10978 6252 104899 88806 53763 103434 12735 32746 35043 22059 31704 4019 1925 763 95013 521 5731 93906 54889 52718 407 10191 545
internal_count=372800 148038 224762 95058 52980 119863 16429 10978 6252 104899 88806 53763 103434 12735 32746 35043 22059 31704 4019 1925 763 95013 521 5731 93906 54889 52718 407 10191 545
cat_boundaries=0 1 2 3 4
cat_threshold=129 1 128 1
is_linear=0
shrinkage=0.05


Tree=267
num_leaves=31
num_cat=4
split_feature=1 14 14 2 3 9 14 2 3 9 1 14 2 3 2 5 2 3 4 2 11 3 4 10 14 9 2 0 3 8
split_gain=772.658 357.059 299.838 159.983 151.287 96.6068 269.62 124.247 84.8755 80.7448 68.6958 78.6909 66.5754 66.3671 53.8526 27.1149 26.6074 26.0544 47.4937 63.9507 28.9515 25.9975 25.7103 23.9844 21.9983 40.1788 22.5621 18.2846 17.9658 17.3067
threshold=1.0000000180025095e-35 0.099999999999996994 0.95000000000000295 0.98499999999999954 9.7850000000000019 0 2.3000000000000083 0.98499999999999954 31.655000000000005 1 6.5000000000000009 1.7000000000000013 0.58500000000000008 5.9250000000000007 0.79499999999999871 0.77023320773058968 2.0849999999999995 6.9850000000000003 -0.36852933211706668 1.9949999999999994 1.0000000180025095e-35 3.2350000000000003 0.5094157245188784 2.5000000000000004 1.1000000000000123 2 1.7450000000000012 3 13.905000000000003 1.0000000180025095e-35
decision_type=2 2 2 2 2 9 2 2 2 9 2 2 2 2 2 2 2 2 2 2 2 2 2 2 2 9 2 1 2 2
left_child=2 4 9 8 14 12 7 -7 23 -1 11 17 -4 -11 -2 -12 -13 18 19 -5 -21 -14 27 -3 25 -23 -27 -10 -9 -22
right_child=1 3 5 10 -6 6 -8 28 22 13 15 16 21 -15 -16 -17 -18 -19 -20 20 29 24 -24 -25 -26 26 -28 -29 -30 -31
leaf_value=0 0 0 0 0 0 -1.4517306458786026e-07 1.2842384883049453e-05 0 -3.099843776894071e-05 0 0 0 0 0 0 0 -1.2889484892197879e-07 0 0 5.3997841972340266e-08 5.3997841972340266e-08 0 0.00060713958874391574 0 0 0 0 -9.0158416243935058e-05 0 -0.000377948735573358
leaf_weight=92164 2339 1525 8421 1162 20234 787 5451 5367 133 7843 30723 11718 1107 4892 30407 4320 10341 27685 2094 218 421 2171 114 4206 39017 22900 29818 274 4824 124
leaf_count=92164 2339 1525 8421 1162 20234 787 5451 5367 133 7843 30723 11718 1107 4892 30407 4320 10341 27685 2094 218 421 2171 114 4206 39017 22900 29818 274 4824 124
internal_value=0.00210193 -0.00070286 0.00394929 0.00113036 -0.00399207 0.00565771 0.00922197 0.0137411 0.00886116 0.00199716 0.000586109 -0.000536614 0.00509019 0.00572774 -0.00609235 0.00230859 0.00175665 -0.00213222 0.00162976 0.0072987 0.0185452 0.00471304 -0.0104607 0.0106177 0.00462324 0.00397803 0.00370107 -0.0163391 0.0152193 0.0123853
internal_weight=372800 148038 224762 95058 52980 119863 16429 10978 6252 104899 88806 53763 103434 12735 32746 35043 22059 31704 4019 1925 763 95013 521 5731 93906 54889 52718 407 10191 545
internal_count=372800 148038 224762 95058 52980 119863 16429 10978 6252 104899 88806 53763 103434 12735 32746 35043 22059 31704 4019 1925 763 95013 521 5731 93906 54889 52718 407 10191 545
cat_boundaries=0 1 2 3 4
cat_threshold=129 1 128 1
is_linear=0
shrinkage=0.05


Tree=268
num_leaves=31
num_cat=4
split_feature=1 14 14 2 3 9 14 2 9 1 14 2 3 2 3 5 2 3 4 2 11 14 9 3 14 9 2 3 4 14
split_gain=762.594 363.689 299.838 189.024 151.287 96.6068 269.62 124.247 80.7448 68.6958 78.6909 66.5754 66.3671 53.8526 34.6417 27.1149 26.6074 26.0544 47.4937 63.9507 28.9515 26.0126 27.2356 25.9975 21.9983 40.1788 22.5621 17.9658 17.7155 19.0334
threshold=1.0000000180025095e-35 0.099999999999996994 0.95000000000000295 0.98499999999999954 9.7850000000000019 0 2.3000000000000083 0.98499999999999954 1 6.5000000000000009 1.7000000000000013 0.58500000000000008 5.9250000000000007 0.79499999999999871 20.255000000000006 0.77023320773058968 2.0849999999999995 6.9850000000000003 -0.36852933211706668 1.9949999999999994 1.0000000180025095e-35 5.7999999999999998 2 3.2350000000000003 1.1000000000000123 3 1.7450000000000012 13.905000000000003 -0.90352021490211409 4.250000000000008
decision_type=2 2 2 2 2 9 2 2 9 2 2 2 2 2 2 2 2 2 2 2 2 2 9 2 2 9 2 2 2 2
left_child=2 4 8 14 13 11 7 -7 -1 10 17 -4 -10 -2 -3 -11 -12 18 19 -5 -21 22 28 -13 25 -25 -27 -9 -16 -30
right_child=1 3 5 9 -6 6 -8 27 12 15 16 23 -14 -15 21 -17 -18 -19 -20 20 -22 -23 -24 24 -26 26 -28 -29 29 -31
leaf_value=0 0 0 0 0 0 -1.3791441135846724e-07 1.2200265638895314e-05 0 0 0 0 0 0 0 -0.00025684666802808356 0 -1.224501064767125e-07 0 0 5.1297949873723261e-08 5.1297949873723261e-08 0.11654620135011227 0.041615180066182825 0 0 0 0 0 0 -0.0013890310585207672
leaf_weight=92164 2339 5042 8421 1162 20234 787 5451 5367 7843 30723 11718 1107 4892 30407 194 4320 10341 27685 2094 218 545 148 153 2171 39017 22900 29818 4824 606 109
leaf_count=92164 2339 5042 8421 1162 20234 787 5451 5367 7843 30723 11718 1107 4892 30407 194 4320 10341 27685 2094 218 545 148 153 2171 39017 22900 29818 4824 606 109
internal_value=0.002114 -0.000672462 0.00394929 0.0011777 -0.00399207 0.00565771 0.00922197 0.0137411 0.00199716 0.000586109 -0.000536614 0.00509019 0.00572774 -0.00609235 0.00958093 0.00230859 0.00175665 -0.00213222 0.00162976 0.0072987 0.0185452 0.00198347 -0.000753296 0.00471304 0.00462324 0.00397803 0.00370107 0.0152193 -0.00408052 -0.00048951
internal_weight=372800 148038 224762 95058 52980 119863 16429 10978 104899 88806 53763 103434 12735 32746 6252 35043 22059 31704 4019 1925 763 1210 1062 95013 93906 54889 52718 10191 909 715
internal_count=372800 148038 224762 95058 52980 119863 16429 10978 104899 88806 53763 103434 12735 32746 6252 35043 22059 31704 4019 1925 763 1210 1062 95013 93906 54889 52718 10191 909 715
cat_boundaries=0 1 2 3 4
cat_threshold=129 1 105 128
is_linear=0
shrinkage=0.05


Tree=269
num_leaves=31
num_cat=4
split_feature=1 14 14 2 3 9 14 2 9 1 14 2 3 2 3 9 5 2 3 4 2 11 3 4 14 9 2 10 3 8
split_gain=759.476 365.764 299.838 198.553 151.287 96.6068 269.62 124.247 80.7448 68.6958 78.6909 66.5754 66.3671 53.8526 32.8041 31.625 27.1149 26.6074 26.0544 47.4937 63.9507 28.9515 25.9975 24.1147 21.9983 40.1788 22.5621 21.2878 17.9658 17.3067
threshold=1.0000000180025095e-35 0.099999999999996994 0.95000000000000295 0.98499999999999954 9.7850000000000019 0 2.3000000000000083 0.98499999999999954 1 6.5000000000000009 1.7000000000000013 0.58500000000000008 5.9250000000000007 0.79499999999999871 31.655000000000005 2 0.77023320773058968 2.0849999999999995 6.9850000000000003 -0.36852933211706668 1.9949999999999994 1.0000000180025095e-35 3.2350000000000003 -0.79467767141292878 1.1000000000000123 3 1.7450000000000012 2.5000000000000004 13.905000000000003 1.0000000180025095e-35
decision_type=2 2 2 2 2 9 2 2 9 2 2 2 2 2 2 9 2 2 2 2 2 2 2 2 2 9 2 2 2 2
left_child=2 4 8 14 13 11 7 -7 -1 10 18 -4 -10 -2 27 -16 -11 -12 19 20 -5 -22 -13 -17 25 -24 -27 -3 -9 -23
right_child=1 3 5 9 -6 6 -8 28 12 16 17 22 -14 -15 15 23 -18 -19 -20 -21 21 29 24 -25 -26 26 -28 -29 -30 -31
leaf_value=0 0 0 0 0 0 -1.3101869079054387e-07 1.1590252356952213e-05 0 0 0 0 0 0 0 -8.5650495431743856e-05 -0.00024400433462667942 0 -1.1632760115176667e-07 0 0 4.8733052380037095e-08 4.8733052380037095e-08 0 2.2302184437558871e-06 0 0 0 0 0 -0.00035905386369218252
leaf_weight=92164 2339 1525 8421 1162 20234 787 5451 5367 7843 30723 11718 1107 4892 30407 242 93 4320 10341 27685 2094 218 421 2171 186 39017 22900 29818 4206 4824 124
leaf_count=92164 2339 1525 8421 1162 20234 787 5451 5367 7843 30723 11718 1107 4892 30407 242 93 4320 10341 27685 2094 218 421 2171 186 39017 22900 29818 4206 4824 124
internal_value=0.00211776 -0.000663005 0.00394929 0.00119243 -0.00399207 0.00565771 0.00922197 0.0137411 0.00199716 0.000586109 -0.000536614 0.00509019 0.00572774 -0.00609235 0.00980486 -0.00220729 0.00230859 0.00175665 -0.00213222 0.00162976 0.0072987 0.0185452 0.00471304 0.00916955 0.00462324 0.00397803 0.00370107 0.0108969 0.0152193 0.0123853
internal_weight=372800 148038 224762 95058 52980 119863 16429 10978 104899 88806 53763 103434 12735 32746 6252 521 35043 22059 31704 4019 1925 763 95013 279 93906 54889 52718 5731 10191 545
internal_count=372800 148038 224762 95058 52980 119863 16429 10978 104899 88806 53763 103434 12735 32746 6252 521 35043 22059 31704 4019 1925 763 95013 279 93906 54889 52718 5731 10191 545
cat_boundaries=0 1 2 3 4
cat_threshold=129 1 32 128
is_linear=0
shrinkage=0.05


Tree=270
num_leaves=31
num_cat=4
split_feature=1 14 14 2 3 9 14 2 9 1 14 2 3 2 3 9 5 2 3 4 2 11 3 4 14 9 2 10 3 8
split_gain=759.476 365.764 299.838 198.553 151.287 96.6068 269.62 124.247 80.7448 68.6958 78.6909 66.5754 66.3671 53.8526 32.8041 31.625 27.1149 26.6074 26.0544 47.4937 63.9507 28.9515 25.9975 24.1147 21.9983 40.1788 22.5621 21.2878 17.9658 17.3067
threshold=1.0000000180025095e-35 0.099999999999996994 0.95000000000000295 0.98499999999999954 9.7850000000000019 0 2.3000000000000083 0.98499999999999954 1 6.5000000000000009 1.7000000000000013 0.58500000000000008 5.9250000000000007 0.79499999999999871 31.655000000000005 2 0.77023320773058968 2.0849999999999995 6.9850000000000003 -0.36852933211706668 1.9949999999999994 1.0000000180025095e-35 3.2350000000000003 -0.79467767141292878 1.1000000000000123 3 1.7450000000000012 2.5000000000000004 13.905000000000003 1.0000000180025095e-35
decision_type=2 2 2 2 2 9 2 2 9 2 2 2 2 2 2 9 2 2 2 2 2 2 2 2 2 9 2 2 2 2
left_child=2 4 8 14 13 11 7 -7 -1 10 18 -4 -10 -2 27 -16 -11 -12 19 20 -5 -22 -13 -17 25 -24 -27 -3 -9 -23
right_child=1 3 5 9 -6 6 -8 28 12 16 17 22 -14 -15 15 23 -18 -19 -20 -21 21 29 24 -25 -26 26 -28 -29 -30 -31
leaf_value=0 0 0 0 0 0 -1.2446775625101667e-07 1.1010739739103494e-05 0 0 0 0 0 0 0 -8.1367970660162214e-05 -0.00023180411789534546 0 -1.1051122109639878e-07 0 0 4.6296399761035239e-08 4.6296399761035239e-08 0 2.1187075215680929e-06 0 0 0 0 0 -0.00034110117050757395
leaf_weight=92164 2339 1525 8421 1162 20234 787 5451 5367 7843 30723 11718 1107 4892 30407 242 93 4320 10341 27685 2094 218 421 2171 186 39017 22900 29818 4206 4824 124
leaf_count=92164 2339 1525 8421 1162 20234 787 5451 5367 7843 30723 11718 1107 4892 30407 242 93 4320 10341 27685 2094 218 421 2171 186 39017 22900 29818 4206 4824 124
internal_value=0.00211776 -0.000663005 0.00394929 0.00119243 -0.00399207 0.00565771 0.00922197 0.0137411 0.00199716 0.000586109 -0.000536614 0.00509019 0.00572774 -0.00609235 0.00980486 -0.00220729 0.00230859 0.00175665 -0.00213222 0.00162976 0.0072987 0.0185452 0.00471304 0.00916955 0.00462324 0.00397803 0.00370107 0.0108969 0.0152193 0.0123853
internal_weight=372800 148038 224762 95058 52980 119863 16429 10978 104899 88806 53763 103434 12735 32746 6252 521 35043 22059 31704 4019 1925 763 95013 279 93906 54889 52718 5731 10191 545
internal_count=372800 148038 224762 95058 52980 119863 16429 10978 104899 88806 53763 103434 12735 32746 6252 521 35043 22059 31704 4019 1925 763 95013 279 93906 54889 52718 5731 10191 545
cat_boundaries=0 1 2 3 4
cat_threshold=129 1 32 128
is_linear=0
shrinkage=0.05


Tree=271
num_leaves=31
num_cat=4
split_feature=1 14 14 2 3 9 14 2 9 1 14 2 3 2 3 9 5 2 3 4 2 11 3 4 14 9 2 10 3 8
split_gain=758.961 365.913 299.564 199.243 151.287 96.0373 271.076 124.247 80.7448 68.6958 78.6909 66.5754 66.3671 53.8526 31.8502 32.5413 27.1149 26.6074 26.0544 47.4937 63.9507 28.9515 25.9975 22.4803 21.9983 40.1788 22.5621 21.2878 17.9658 17.3067
threshold=1.0000000180025095e-35 0.099999999999996994 0.95000000000000295 0.98499999999999954 9.7850000000000019 0 2.3000000000000083 0.98499999999999954 1 6.5000000000000009 1.7000000000000013 0.58500000000000008 5.9250000000000007 0.79499999999999871 31.655000000000005 2 0.77023320773058968 2.0849999999999995 6.9850000000000003 -0.36852933211706668 1.9949999999999994 1.0000000180025095e-35 3.2350000000000003 -0.79467767141292878 1.1000000000000123 3 1.7450000000000012 2.5000000000000004 13.905000000000003 1.0000000180025095e-35
decision_type=2 2 2 2 2 9 2 2 9 2 2 2 2 2 2 9 2 2 2 2 2 2 2 2 2 9 2 2 2 2
left_child=2 4 8 14 13 11 7 -7 -1 10 18 -4 -10 -2 27 -16 -11 -12 19 20 -5 -22 -13 -17 25 -24 -27 -3 -9 -23
right_child=1 3 5 9 -6 6 -8 28 12 16 17 22 -14 -15 15 23 -18 -19 -20 -21 21 29 24 -25 -26 26 -28 -29 -30 -31
leaf_value=0 0 0 0 0 0 -1.1824436843846585e-07 1.0460202752149429e-05 0 0 0 0 0 0 0 -7.7299572127154104e-05 -0.00022021391200057817 0 -1.0498566004324418e-07 0 0 4.3981579772983479e-08 4.3981579772983479e-08 0 2.0127721454896881e-06 0 0 0 0 0 -0.00032404611198219579
leaf_weight=92164 2339 1525 8421 1162 20234 787 5451 5367 7843 30723 11718 1107 4892 30407 242 93 4320 10341 27685 2094 218 421 2171 186 39017 22900 29818 4206 4824 124
leaf_count=92164 2339 1525 8421 1162 20234 787 5451 5367 7843 30723 11718 1107 4892 30407 242 93 4320 10341 27685 2094 218 421 2171 186 39017 22900 29818 4206 4824 124
internal_value=0.00211749 -0.00066233 0.0039484 0.00119348 -0.00399207 0.00565604 0.00920981 0.0137411 0.00199716 0.000586109 -0.000536614 0.00509019 0.00572774 -0.00609235 0.00982086 -0.00201536 0.00230859 0.00175665 -0.00213222 0.00162976 0.0072987 0.0185452 0.00471304 0.00951557 0.00462324 0.00397803 0.00370107 0.0108969 0.0152193 0.0123853
internal_weight=372800 148038 224762 95058 52980 119863 16429 10978 104899 88806 53763 103434 12735 32746 6252 521 35043 22059 31704 4019 1925 763 95013 279 93906 54889 52718 5731 10191 545
internal_count=372800 148038 224762 95058 52980 119863 16429 10978 104899 88806 53763 103434 12735 32746 6252 521 35043 22059 31704 4019 1925 763 95013 279 93906 54889 52718 5731 10191 545
cat_boundaries=0 1 2 3 4
cat_threshold=129 1 32 128
is_linear=0
shrinkage=0.05


Tree=272
num_leaves=31
num_cat=4
split_feature=1 14 14 2 3 9 14 2 9 1 14 2 3 2 3 9 5 2 3 4 2 11 3 14 9 2 10 4 3 8
split_gain=758.738 366.061 299.564 199.934 151.287 96.0373 271.076 124.247 80.7448 68.6958 78.6909 66.5754 66.3671 53.8526 30.9103 33.47 27.1149 26.6074 26.0544 47.4937 63.9507 28.9515 25.9975 21.9983 40.1788 22.5621 21.2878 20.9032 17.9658 17.3067
threshold=1.0000000180025095e-35 0.099999999999996994 0.95000000000000295 0.98499999999999954 9.7850000000000019 0 2.3000000000000083 0.98499999999999954 1 6.5000000000000009 1.7000000000000013 0.58500000000000008 5.9250000000000007 0.79499999999999871 31.655000000000005 2 0.77023320773058968 2.0849999999999995 6.9850000000000003 -0.36852933211706668 1.9949999999999994 1.0000000180025095e-35 3.2350000000000003 1.1000000000000123 3 1.7450000000000012 2.5000000000000004 -0.79467767141292878 13.905000000000003 1.0000000180025095e-35
decision_type=2 2 2 2 2 9 2 2 9 2 2 2 2 2 2 9 2 2 2 2 2 2 2 2 9 2 2 2 2 2
left_child=2 4 8 14 13 11 7 -7 -1 10 18 -4 -10 -2 26 -16 -11 -12 19 20 -5 -22 -13 24 -24 -26 -3 -17 -9 -23
right_child=1 3 5 9 -6 6 -8 28 12 16 17 22 -14 -15 15 27 -18 -19 -20 -21 21 29 23 -25 25 -27 -28 -29 -30 -31
leaf_value=0 0 0 0 0 0 -1.1233215001654256e-07 9.937192614539737e-06 0 0 0 0 0 0 0 -7.3434593520793631e-05 -0.00020920321640054926 0 -9.9736377040526852e-08 0 0 4.1782500784334308e-08 4.1782500784334308e-08 0 0 0 0 0 1.9121335382152037e-06 0 -0.00030784380638308463
leaf_weight=92164 2339 1525 8421 1162 20234 787 5451 5367 7843 30723 11718 1107 4892 30407 242 93 4320 10341 27685 2094 218 421 2171 39017 22900 29818 4206 186 4824 124
leaf_count=92164 2339 1525 8421 1162 20234 787 5451 5367 7843 30723 11718 1107 4892 30407 242 93 4320 10341 27685 2094 218 421 2171 39017 22900 29818 4206 186 4824 124
internal_value=0.00211776 -0.000661654 0.0039484 0.00119453 -0.00399207 0.00565604 0.00920981 0.0137411 0.00199716 0.000586109 -0.000536614 0.00509019 0.00572774 -0.00609235 0.00983685 -0.00182342 0.00230859 0.00175665 -0.00213222 0.00162976 0.0072987 0.0185452 0.00471304 0.00462324 0.00397803 0.00370107 0.0108969 0.00986159 0.0152193 0.0123853
internal_weight=372800 148038 224762 95058 52980 119863 16429 10978 104899 88806 53763 103434 12735 32746 6252 521 35043 22059 31704 4019 1925 763 95013 93906 54889 52718 5731 279 10191 545
internal_count=372800 148038 224762 95058 52980 119863 16429 10978 104899 88806 53763 103434 12735 32746 6252 521 35043 22059 31704 4019 1925 763 95013 93906 54889 52718 5731 279 10191 545
cat_boundaries=0 1 2 3 4
cat_threshold=129 1 32 128
is_linear=0
shrinkage=0.05


Tree=273
num_leaves=31
num_cat=4
split_feature=1 14 14 2 3 9 14 2 9 1 14 2 3 2 3 9 5 2 3 4 2 11 3 14 9 2 10 4 3 8
split_gain=758.738 366.061 299.564 199.934 151.287 96.0373 271.076 124.247 80.7448 68.6958 78.6909 66.5754 66.3671 53.8526 30.9103 33.47 27.1149 26.6074 26.0544 47.4937 63.9507 28.9515 25.9975 21.9983 40.1788 22.5621 21.2878 20.9032 17.9658 17.3067
threshold=1.0000000180025095e-35 0.099999999999996994 0.95000000000000295 0.98499999999999954 9.7850000000000019 0 2.3000000000000083 0.98499999999999954 1 6.5000000000000009 1.7000000000000013 0.58500000000000008 5.9250000000000007 0.79499999999999871 31.655000000000005 2 0.77023320773058968 2.0849999999999995 6.9850000000000003 -0.36852933211706668 1.9949999999999994 1.0000000180025095e-35 3.2350000000000003 1.1000000000000123 3 1.7450000000000012 2.5000000000000004 -0.79467767141292878 13.905000000000003 1.0000000180025095e-35
decision_type=2 2 2 2 2 9 2 2 9 2 2 2 2 2 2 9 2 2 2 2 2 2 2 2 9 2 2 2 2 2
left_child=2 4 8 14 13 11 7 -7 -1 10 18 -4 -10 -2 26 -16 -11 -12 19 20 -5 -22 -13 24 -24 -26 -3 -17 -9 -23
right_child=1 3 5 9 -6 6 -8 28 12 16 17 22 -14 -15 15 27 -18 -19 -20 -21 21 29 23 -25 25 -27 -28 -29 -30 -31
leaf_value=0 0 0 0 0 0 -1.0671554251571542e-07 9.4403329838121944e-06 0 0 0 0 0 0 0 -6.9762863844757825e-05 -0.0001987430555805218 0 -9.4749558188222959e-08 0 0 3.9693375745117593e-08 3.9693375745117593e-08 0 0 0 0 0 1.8165268613044436e-06 0 -0.00029245161606393234
leaf_weight=92164 2339 1525 8421 1162 20234 787 5451 5367 7843 30723 11718 1107 4892 30407 242 93 4320 10341 27685 2094 218 421 2171 39017 22900 29818 4206 186 4824 124
leaf_count=92164 2339 1525 8421 1162 20234 787 5451 5367 7843 30723 11718 1107 4892 30407 242 93 4320 10341 27685 2094 218 421 2171 39017 22900 29818 4206 186 4824 124
internal_value=0.00211776 -0.000661654 0.0039484 0.00119453 -0.00399207 0.00565604 0.00920981 0.0137411 0.00199716 0.000586109 -0.000536614 0.00509019 0.00572774 -0.00609235 0.00983685 -0.00182342 0.00230859 0.00175665 -0.00213222 0.00162976 0.0072987 0.0185452 0.00471304 0.00462324 0.00397803 0.00370107 0.0108969 0.00986159 0.0152193 0.0123853
internal_weight=372800 148038 224762 95058 52980 119863 16429 10978 104899 88806 53763 103434 12735 32746 6252 521 35043 22059 31704 4019 1925 763 95013 93906 54889 52718 5731 279 10191 545
internal_count=372800 148038 224762 95058 52980 119863 16429 10978 104899 88806 53763 103434 12735 32746 6252 521 35043 22059 31704 4019 1925 763 95013 93906 54889 52718 5731 279 10191 545
cat_boundaries=0 1 2 3 4
cat_threshold=129 1 32 128
is_linear=0
shrinkage=0.05


Tree=274
num_leaves=31
num_cat=4
split_feature=1 14 14 2 3 9 14 2 9 1 14 2 3 2 3 9 5 2 3 4 2 11 3 14 9 2 10 4 3 8
split_gain=758.738 366.061 299.564 199.934 151.287 96.0373 271.076 124.247 80.7448 68.6958 78.6909 66.5754 66.3671 53.8526 30.9103 33.47 27.1149 26.6074 26.0544 47.4937 63.9507 28.9515 25.9975 21.9983 40.1788 22.5621 21.2878 20.9032 17.9658 17.3067
threshold=1.0000000180025095e-35 0.099999999999996994 0.95000000000000295 0.98499999999999954 9.7850000000000019 0 2.3000000000000083 0.98499999999999954 1 6.5000000000000009 1.7000000000000013 0.58500000000000008 5.9250000000000007 0.79499999999999871 31.655000000000005 2 0.77023320773058968 2.0849999999999995 6.9850000000000003 -0.36852933211706668 1.9949999999999994 1.0000000180025095e-35 3.2350000000000003 1.1000000000000123 3 1.7450000000000012 2.5000000000000004 -0.79467767141292878 13.905000000000003 1.0000000180025095e-35
decision_type=2 2 2 2 2 9 2 2 9 2 2 2 2 2 2 9 2 2 2 2 2 2 2 2 9 2 2 2 2 2
left_child=2 4 8 14 13 11 7 -7 -1 10 18 -4 -10 -2 26 -16 -11 -12 19 20 -5 -22 -13 24 -24 -26 -3 -17 -9 -23
right_child=1 3 5 9 -6 6 -8 28 12 16 17 22 -14 -15 15 27 -18 -19 -20 -21 21 29 23 -25 25 -27 -28 -29 -30 -31
leaf_value=0 0 0 0 0 0 -1.0137976538992964e-07 8.9683163346232497e-06 0 0 0 0 0 0 0 -6.627472065251494e-05 -0.0001888059028014957 0 -9.00120802782567e-08 0 0 3.7708706957861705e-08 3.7708706957861705e-08 0 0 0 0 0 1.7257005182392214e-06 0 -0.00027782903526073487
leaf_weight=92164 2339 1525 8421 1162 20234 787 5451 5367 7843 30723 11718 1107 4892 30407 242 93 4320 10341 27685 2094 218 421 2171 39017 22900 29818 4206 186 4824 124
leaf_count=92164 2339 1525 8421 1162 20234 787 5451 5367 7843 30723 11718 1107 4892 30407 242 93 4320 10341 27685 2094 218 421 2171 39017 22900 29818 4206 186 4824 124
internal_value=0.00211776 -0.000661654 0.0039484 0.00119453 -0.00399207 0.00565604 0.00920981 0.0137411 0.00199716 0.000586109 -0.000536614 0.00509019 0.00572774 -0.00609235 0.00983685 -0.00182342 0.00230859 0.00175665 -0.00213222 0.00162976 0.0072987 0.0185452 0.00471304 0.00462324 0.00397803 0.00370107 0.0108969 0.00986159 0.0152193 0.0123853
internal_weight=372800 148038 224762 95058 52980 119863 16429 10978 104899 88806 53763 103434 12735 32746 6252 521 35043 22059 31704 4019 1925 763 95013 93906 54889 52718 5731 279 10191 545
internal_count=372800 148038 224762 95058 52980 119863 16429 10978 104899 88806 53763 103434 12735 32746 6252 521 35043 22059 31704 4019 1925 763 95013 93906 54889 52718 5731 279 10191 545
cat_boundaries=0 1 2 3 4
cat_threshold=129 1 32 128
is_linear=0
shrinkage=0.05


Tree=275
num_leaves=31
num_cat=4
split_feature=1 14 14 2 3 9 14 2 9 1 14 2 3 2 3 9 5 2 3 4 2 11 3 14 9 2 10 4 3 8
split_gain=758.738 366.061 299.564 199.934 151.287 96.0373 271.076 124.247 80.7448 68.6958 78.6909 66.5754 66.3671 53.8526 30.9103 33.47 27.1149 26.6074 26.0544 47.4937 63.9507 28.9515 25.9975 21.9983 40.1788 22.5621 21.2878 20.9032 17.9658 17.3067
threshold=1.0000000180025095e-35 0.099999999999996994 0.95000000000000295 0.98499999999999954 9.7850000000000019 0 2.3000000000000083 0.98499999999999954 1 6.5000000000000009 1.7000000000000013 0.58500000000000008 5.9250000000000007 0.79499999999999871 31.655000000000005 2 0.77023320773058968 2.0849999999999995 6.9850000000000003 -0.36852933211706668 1.9949999999999994 1.0000000180025095e-35 3.2350000000000003 1.1000000000000123 3 1.7450000000000012 2.5000000000000004 -0.79467767141292878 13.905000000000003 1.0000000180025095e-35
decision_type=2 2 2 2 2 9 2 2 9 2 2 2 2 2 2 9 2 2 2 2 2 2 2 2 9 2 2 2 2 2
left_child=2 4 8 14 13 11 7 -7 -1 10 18 -4 -10 -2 26 -16 -11 -12 19 20 -5 -22 -13 24 -24 -26 -3 -17 -9 -23
right_child=1 3 5 9 -6 6 -8 28 12 16 17 22 -14 -15 15 27 -18 -19 -20 -21 21 29 23 -25 25 -27 -28 -29 -30 -31
leaf_value=0 0 0 0 0 0 -9.6310777120433162e-08 8.5199005178893113e-06 0 0 0 0 0 0 0 -6.2960984619886418e-05 -0.00017936560766142093 0 -8.5511476266564309e-08 0 0 3.5823271609968621e-08 3.5823271609968621e-08 0 0 0 0 0 1.6394154923272603e-06 0 -0.00026393758349769759
leaf_weight=92164 2339 1525 8421 1162 20234 787 5451 5367 7843 30723 11718 1107 4892 30407 242 93 4320 10341 27685 2094 218 421 2171 39017 22900 29818 4206 186 4824 124
leaf_count=92164 2339 1525 8421 1162 20234 787 5451 5367 7843 30723 11718 1107 4892 30407 242 93 4320 10341 27685 2094 218 421 2171 39017 22900 29818 4206 186 4824 124
internal_value=0.00211776 -0.000661654 0.0039484 0.00119453 -0.00399207 0.00565604 0.00920981 0.0137411 0.00199716 0.000586109 -0.000536614 0.00509019 0.00572774 -0.00609235 0.00983685 -0.00182342 0.00230859 0.00175665 -0.00213222 0.00162976 0.0072987 0.0185452 0.00471304 0.00462324 0.00397803 0.00370107 0.0108969 0.00986159 0.0152193 0.0123853
internal_weight=372800 148038 224762 95058 52980 119863 16429 10978 104899 88806 53763 103434 12735 32746 6252 521 35043 22059 31704 4019 1925 763 95013 93906 54889 52718 5731 279 10191 545
internal_count=372800 148038 224762 95058 52980 119863 16429 10978 104899 88806 53763 103434 12735 32746 6252 521 35043 22059 31704 4019 1925 763 95013 93906 54889 52718 5731 279 10191 545
cat_boundaries=0 1 2 3 4
cat_threshold=129 1 32 128
is_linear=0
shrinkage=0.05


Tree=276
num_leaves=31
num_cat=4
split_feature=1 14 14 2 3 9 14 2 9 1 14 2 3 2 3 9 5 2 3 4 2 11 3 14 9 2 10 4 3 8
split_gain=758.738 366.061 299.564 199.934 151.287 96.0373 271.076 124.247 80.7448 68.6958 78.6909 66.5754 66.3671 53.8526 30.9103 33.47 27.1149 26.6074 26.0544 47.4937 63.9507 28.9515 25.9975 21.9983 40.1788 22.5621 21.2878 20.9032 17.9658 17.3067
threshold=1.0000000180025095e-35 0.099999999999996994 0.95000000000000295 0.98499999999999954 9.7850000000000019 0 2.3000000000000083 0.98499999999999954 1 6.5000000000000009 1.7000000000000013 0.58500000000000008 5.9250000000000007 0.79499999999999871 31.655000000000005 2 0.77023320773058968 2.0849999999999995 6.9850000000000003 -0.36852933211706668 1.9949999999999994 1.0000000180025095e-35 3.2350000000000003 1.1000000000000123 3 1.7450000000000012 2.5000000000000004 -0.79467767141292878 13.905000000000003 1.0000000180025095e-35
decision_type=2 2 2 2 2 9 2 2 9 2 2 2 2 2 2 9 2 2 2 2 2 2 2 2 9 2 2 2 2 2
left_child=2 4 8 14 13 11 7 -7 -1 10 18 -4 -10 -2 26 -16 -11 -12 19 20 -5 -22 -13 24 -24 -26 -3 -17 -9 -23
right_child=1 3 5 9 -6 6 -8 28 12 16 17 22 -14 -15 15 27 -18 -19 -20 -21 21 29 23 -25 25 -27 -28 -29 -30 -31
leaf_value=0 0 0 0 0 0 -9.1495238264411502e-08 8.093905491995956e-06 0 0 0 0 0 0 0 -5.9812935388892098e-05 -0.00017039732727834988 0 -8.1235902454901429e-08 0 0 3.4032108029470193e-08 3.4032108029470193e-08 0 0 0 0 0 1.5574447177108972e-06 0 -0.00025074070432281047
leaf_weight=92164 2339 1525 8421 1162 20234 787 5451 5367 7843 30723 11718 1107 4892 30407 242 93 4320 10341 27685 2094 218 421 2171 39017 22900 29818 4206 186 4824 124
leaf_count=92164 2339 1525 8421 1162 20234 787 5451 5367 7843 30723 11718 1107 4892 30407 242 93 4320 10341 27685 2094 218 421 2171 39017 22900 29818 4206 186 4824 124
internal_value=0.00211776 -0.000661654 0.0039484 0.00119453 -0.00399207 0.00565604 0.00920981 0.0137411 0.00199716 0.000586109 -0.000536614 0.00509019 0.00572774 -0.00609235 0.00983685 -0.00182342 0.00230859 0.00175665 -0.00213222 0.00162976 0.0072987 0.0185452 0.00471304 0.00462324 0.00397803 0.00370107 0.0108969 0.00986159 0.0152193 0.0123853
internal_weight=372800 148038 224762 95058 52980 119863 16429 10978 104899 88806 53763 103434 12735 32746 6252 521 35043 22059 31704 4019 1925 763 95013 93906 54889 52718 5731 279 10191 545
internal_count=372800 148038 224762 95058 52980 119863 16429 10978 104899 88806 53763 103434 12735 32746 6252 521 35043 22059 31704 4019 1925 763 95013 93906 54889 52718 5731 279 10191 545
cat_boundaries=0 1 2 3 4
cat_threshold=129 1 32 128
is_linear=0
shrinkage=0.05


Tree=277
num_leaves=31
num_cat=4
split_feature=1 14 14 2 3 9 14 2 9 1 14 2 3 2 3 9 5 2 3 4 2 11 3 14 9 2 10 4 3 8
split_gain=758.738 366.061 299.564 199.934 151.287 96.0373 271.076 124.247 80.7448 68.6958 78.6909 66.5754 66.3671 53.8526 30.9103 33.47 27.1149 26.6074 26.0544 47.4937 63.9507 28.9515 25.9975 21.9983 40.1788 22.5621 21.2878 20.9032 17.9658 17.3067
threshold=1.0000000180025095e-35 0.099999999999996994 0.95000000000000295 0.98499999999999954 9.7850000000000019 0 2.3000000000000083 0.98499999999999954 1 6.5000000000000009 1.7000000000000013 0.58500000000000008 5.9250000000000007 0.79499999999999871 31.655000000000005 2 0.77023320773058968 2.0849999999999995 6.9850000000000003 -0.36852933211706668 1.9949999999999994 1.0000000180025095e-35 3.2350000000000003 1.1000000000000123 3 1.7450000000000012 2.5000000000000004 -0.79467767141292878 13.905000000000003 1.0000000180025095e-35
decision_type=2 2 2 2 2 9 2 2 9 2 2 2 2 2 2 9 2 2 2 2 2 2 2 2 9 2 2 2 2 2
left_child=2 4 8 14 13 11 7 -7 -1 10 18 -4 -10 -2 26 -16 -11 -12 19 20 -5 -22 -13 24 -24 -26 -3 -17 -9 -23
right_child=1 3 5 9 -6 6 -8 28 12 16 17 22 -14 -15 15 27 -18 -19 -20 -21 21 29 23 -25 25 -27 -28 -29 -30 -31
leaf_value=0 0 0 0 0 0 -8.6920476351190931e-08 7.6892102173986562e-06 0 0 0 0 0 0 0 -5.6822288619451383e-05 -0.00016187746091443238 0 -7.7174107332433913e-08 0 0 3.2330502627996679e-08 3.2330502627996679e-08 0 0 0 0 0 1.4795724818253523e-06 0 -0.00023820366910666803
leaf_weight=92164 2339 1525 8421 1162 20234 787 5451 5367 7843 30723 11718 1107 4892 30407 242 93 4320 10341 27685 2094 218 421 2171 39017 22900 29818 4206 186 4824 124
leaf_count=92164 2339 1525 8421 1162 20234 787 5451 5367 7843 30723 11718 1107 4892 30407 242 93 4320 10341 27685 2094 218 421 2171 39017 22900 29818 4206 186 4824 124
internal_value=0.00211776 -0.000661654 0.0039484 0.00119453 -0.00399207 0.00565604 0.00920981 0.0137411 0.00199716 0.000586109 -0.000536614 0.00509019 0.00572774 -0.00609235 0.00983685 -0.00182342 0.00230859 0.00175665 -0.00213222 0.00162976 0.0072987 0.0185452 0.00471304 0.00462324 0.00397803 0.00370107 0.0108969 0.00986159 0.0152193 0.0123853
internal_weight=372800 148038 224762 95058 52980 119863 16429 10978 104899 88806 53763 103434 12735 32746 6252 521 35043 22059 31704 4019 1925 763 95013 93906 54889 52718 5731 279 10191 545
internal_count=372800 148038 224762 95058 52980 119863 16429 10978 104899 88806 53763 103434 12735 32746 6252 521 35043 22059 31704 4019 1925 763 95013 93906 54889 52718 5731 279 10191 545
cat_boundaries=0 1 2 3 4
cat_threshold=129 1 32 128
is_linear=0
shrinkage=0.05


Tree=278
num_leaves=31
num_cat=4
split_feature=1 14 14 2 3 9 14 2 9 1 14 2 3 2 3 9 5 2 3 4 2 11 3 14 9 2 10 4 3 8
split_gain=758.738 366.061 299.564 199.934 151.287 96.0373 271.076 124.247 80.7448 68.6958 78.6909 66.5754 66.3671 53.8526 30.9103 33.47 27.1149 26.6074 26.0544 47.4937 63.9507 28.9515 25.9975 21.9983 40.1788 22.5621 21.2878 20.9032 17.9658 17.3067
threshold=1.0000000180025095e-35 0.099999999999996994 0.95000000000000295 0.98499999999999954 9.7850000000000019 0 2.3000000000000083 0.98499999999999954 1 6.5000000000000009 1.7000000000000013 0.58500000000000008 5.9250000000000007 0.79499999999999871 31.655000000000005 2 0.77023320773058968 2.0849999999999995 6.9850000000000003 -0.36852933211706668 1.9949999999999994 1.0000000180025095e-35 3.2350000000000003 1.1000000000000123 3 1.7450000000000012 2.5000000000000004 -0.79467767141292878 13.905000000000003 1.0000000180025095e-35
decision_type=2 2 2 2 2 9 2 2 9 2 2 2 2 2 2 9 2 2 2 2 2 2 2 2 9 2 2 2 2 2
left_child=2 4 8 14 13 11 7 -7 -1 10 18 -4 -10 -2 26 -16 -11 -12 19 20 -5 -22 -13 24 -24 -26 -3 -17 -9 -23
right_child=1 3 5 9 -6 6 -8 28 12 16 17 22 -14 -15 15 27 -18 -19 -20 -21 21 29 23 -25 25 -27 -28 -29 -30 -31
leaf_value=0 0 0 0 0 0 -8.2574452533631373e-08 7.3047497065270589e-06 0 0 0 0 0 0 0 -5.3981174188477699e-05 -0.00015378358786871074 0 -7.3315401966089771e-08 0 0 3.0713977496596844e-08 3.0713977496596844e-08 0 0 0 0 0 1.4055938577340847e-06 0 -0.00022629348565133547
leaf_weight=92164 2339 1525 8421 1162 20234 787 5451 5367 7843 30723 11718 1107 4892 30407 242 93 4320 10341 27685 2094 218 421 2171 39017 22900 29818 4206 186 4824 124
leaf_count=92164 2339 1525 8421 1162 20234 787 5451 5367 7843 30723 11718 1107 4892 30407 242 93 4320 10341 27685 2094 218 421 2171 39017 22900 29818 4206 186 4824 124
internal_value=0.00211776 -0.000661654 0.0039484 0.00119453 -0.00399207 0.00565604 0.00920981 0.0137411 0.00199716 0.000586109 -0.000536614 0.00509019 0.00572774 -0.00609235 0.00983685 -0.00182342 0.00230859 0.00175665 -0.00213222 0.00162976 0.0072987 0.0185452 0.00471304 0.00462324 0.00397803 0.00370107 0.0108969 0.00986159 0.0152193 0.0123853
internal_weight=372800 148038 224762 95058 52980 119863 16429 10978 104899 88806 53763 103434 12735 32746 6252 521 35043 22059 31704 4019 1925 763 95013 93906 54889 52718 5731 279 10191 545
internal_count=372800 148038 224762 95058 52980 119863 16429 10978 104899 88806 53763 103434 12735 32746 6252 521 35043 22059 31704 4019 1925 763 95013 93906 54889 52718 5731 279 10191 545
cat_boundaries=0 1 2 3 4
cat_threshold=129 1 32 128
is_linear=0
shrinkage=0.05


Tree=279
num_leaves=31
num_cat=4
split_feature=1 14 14 2 3 9 14 2 9 1 14 2 3 2 3 9 5 2 3 4 2 11 3 14 9 2 10 4 3 8
split_gain=758.738 366.061 299.564 199.934 151.287 96.0373 271.076 124.247 80.7448 68.6958 78.6909 66.5754 66.3671 53.8526 30.9103 33.47 27.1149 26.6074 26.0544 47.4937 63.9507 28.9515 25.9975 21.9983 40.1788 22.5621 21.2878 20.9032 17.9658 17.3067
threshold=1.0000000180025095e-35 0.099999999999996994 0.95000000000000295 0.98499999999999954 9.7850000000000019 0 2.3000000000000083 0.98499999999999954 1 6.5000000000000009 1.7000000000000013 0.58500000000000008 5.9250000000000007 0.79499999999999871 31.655000000000005 2 0.77023320773058968 2.0849999999999995 6.9850000000000003 -0.36852933211706668 1.9949999999999994 1.0000000180025095e-35 3.2350000000000003 1.1000000000000123 3 1.7450000000000012 2.5000000000000004 -0.79467767141292878 13.905000000000003 1.0000000180025095e-35
decision_type=2 2 2 2 2 9 2 2 9 2 2 2 2 2 2 9 2 2 2 2 2 2 2 2 9 2 2 2 2 2
left_child=2 4 8 14 13 11 7 -7 -1 10 18 -4 -10 -2 26 -16 -11 -12 19 20 -5 -22 -13 24 -24 -26 -3 -17 -9 -23
right_child=1 3 5 9 -6 6 -8 28 12 16 17 22 -14 -15 15 27 -18 -19 -20 -21 21 29 23 -25 25 -27 -28 -29 -30 -31
leaf_value=0 0 0 0 0 0 -7.8445729906949817e-08 6.9395122211990404e-06 0 0 0 0 0 0 0 -5.1282115479056589e-05 -0.00014609440847527521 0 -6.9649631867507722e-08 0 0 2.9178278621767004e-08 2.9178278621767004e-08 0 0 0 0 0 1.3353141648473805e-06 0 -0.00021497881136877119
leaf_weight=92164 2339 1525 8421 1162 20234 787 5451 5367 7843 30723 11718 1107 4892 30407 242 93 4320 10341 27685 2094 218 421 2171 39017 22900 29818 4206 186 4824 124
leaf_count=92164 2339 1525 8421 1162 20234 787 5451 5367 7843 30723 11718 1107 4892 30407 242 93 4320 10341 27685 2094 218 421 2171 39017 22900 29818 4206 186 4824 124
internal_value=0.00211776 -0.000661654 0.0039484 0.00119453 -0.00399207 0.00565604 0.00920981 0.0137411 0.00199716 0.000586109 -0.000536614 0.00509019 0.00572774 -0.00609235 0.00983685 -0.00182342 0.00230859 0.00175665 -0.00213222 0.00162976 0.0072987 0.0185452 0.00471304 0.00462324 0.00397803 0.00370107 0.0108969 0.00986159 0.0152193 0.0123853
internal_weight=372800 148038 224762 95058 52980 119863 16429 10978 104899 88806 53763 103434 12735 32746 6252 521 35043 22059 31704 4019 1925 763 95013 93906 54889 52718 5731 279 10191 545
internal_count=372800 148038 224762 95058 52980 119863 16429 10978 104899 88806 53763 103434 12735 32746 6252 521 35043 22059 31704 4019 1925 763 95013 93906 54889 52718 5731 279 10191 545
cat_boundaries=0 1 2 3 4
cat_threshold=129 1 32 128
is_linear=0
shrinkage=0.05


Tree=280
num_leaves=31
num_cat=4
split_feature=1 14 14 2 3 9 14 2 9 1 14 2 3 2 3 9 5 2 3 4 2 11 3 14 9 2 10 4 3 8
split_gain=758.738 366.061 299.564 199.934 151.287 96.0373 271.076 124.247 80.7448 68.6958 78.6909 66.5754 66.3671 53.8526 30.9103 33.47 27.1149 26.6074 26.0544 47.4937 63.9507 28.9515 25.9975 21.9983 40.1788 22.5621 21.2878 20.9032 17.9658 17.3067
threshold=1.0000000180025095e-35 0.099999999999996994 0.95000000000000295 0.98499999999999954 9.7850000000000019 0 2.3000000000000083 0.98499999999999954 1 6.5000000000000009 1.7000000000000013 0.58500000000000008 5.9250000000000007 0.79499999999999871 31.655000000000005 2 0.77023320773058968 2.0849999999999995 6.9850000000000003 -0.36852933211706668 1.9949999999999994 1.0000000180025095e-35 3.2350000000000003 1.1000000000000123 3 1.7450000000000012 2.5000000000000004 -0.79467767141292878 13.905000000000003 1.0000000180025095e-35
decision_type=2 2 2 2 2 9 2 2 9 2 2 2 2 2 2 9 2 2 2 2 2 2 2 2 9 2 2 2 2 2
left_child=2 4 8 14 13 11 7 -7 -1 10 18 -4 -10 -2 26 -16 -11 -12 19 20 -5 -22 -13 24 -24 -26 -3 -17 -9 -23
right_child=1 3 5 9 -6 6 -8 28 12 16 17 22 -14 -15 15 27 -18 -19 -20 -21 21 29 23 -25 25 -27 -28 -29 -30 -31
leaf_value=0 0 0 0 0 0 -7.4523443411602324e-08 6.5925366101393662e-06 0 0 0 0 0 0 0 -4.8718009705106541e-05 -0.00013878968805151147 0 -6.6167150275520112e-08 0 0 2.7719364690678654e-08 2.7719364690678654e-08 0 0 0 0 0 1.2685484566050115e-06 0 -0.00020422987080033207
leaf_weight=92164 2339 1525 8421 1162 20234 787 5451 5367 7843 30723 11718 1107 4892 30407 242 93 4320 10341 27685 2094 218 421 2171 39017 22900 29818 4206 186 4824 124
leaf_count=92164 2339 1525 8421 1162 20234 787 5451 5367 7843 30723 11718 1107 4892 30407 242 93 4320 10341 27685 2094 218 421 2171 39017 22900 29818 4206 186 4824 124
internal_value=0.00211776 -0.000661654 0.0039484 0.00119453 -0.00399207 0.00565604 0.00920981 0.0137411 0.00199716 0.000586109 -0.000536614 0.00509019 0.00572774 -0.00609235 0.00983685 -0.00182342 0.00230859 0.00175665 -0.00213222 0.00162976 0.0072987 0.0185452 0.00471304 0.00462324 0.00397803 0.00370107 0.0108969 0.00986159 0.0152193 0.0123853
internal_weight=372800 148038 224762 95058 52980 119863 16429 10978 104899 88806 53763 103434 12735 32746 6252 521 35043 22059 31704 4019 1925 763 95013 93906 54889 52718 5731 279 10191 545
internal_count=372800 148038 224762 95058 52980 119863 16429 10978 104899 88806 53763 103434 12735 32746 6252 521 35043 22059 31704 4019 1925 763 95013 93906 54889 52718 5731 279 10191 545
cat_boundaries=0 1 2 3 4
cat_threshold=129 1 32 128
is_linear=0
shrinkage=0.05


Tree=281
num_leaves=31
num_cat=4
split_feature=1 14 14 2 3 9 14 2 9 1 14 2 3 2 3 9 5 2 3 4 2 11 3 14 9 2 10 4 3 8
split_gain=758.738 366.061 299.564 199.934 151.287 96.0373 271.076 124.247 80.7448 68.6958 78.6909 66.5754 66.3671 53.8526 30.9103 33.47 27.1149 26.6074 26.0544 47.4937 63.9507 28.9515 25.9975 21.9983 40.1788 22.5621 21.2878 20.9032 17.9658 17.3067
threshold=1.0000000180025095e-35 0.099999999999996994 0.95000000000000295 0.98499999999999954 9.7850000000000019 0 2.3000000000000083 0.98499999999999954 1 6.5000000000000009 1.7000000000000013 0.58500000000000008 5.9250000000000007 0.79499999999999871 31.655000000000005 2 0.77023320773058968 2.0849999999999995 6.9850000000000003 -0.36852933211706668 1.9949999999999994 1.0000000180025095e-35 3.2350000000000003 1.1000000000000123 3 1.7450000000000012 2.5000000000000004 -0.79467767141292878 13.905000000000003 1.0000000180025095e-35
decision_type=2 2 2 2 2 9 2 2 9 2 2 2 2 2 2 9 2 2 2 2 2 2 2 2 9 2 2 2 2 2
left_child=2 4 8 14 13 11 7 -7 -1 10 18 -4 -10 -2 26 -16 -11 -12 19 20 -5 -22 -13 24 -24 -26 -3 -17 -9 -23
right_child=1 3 5 9 -6 6 -8 28 12 16 17 22 -14 -15 15 27 -18 -19 -20 -21 21 29 23 -25 25 -27 -28 -29 -30 -31
leaf_value=0 0 0 0 0 0 -7.0797271241022205e-08 6.2629097796307327e-06 0 0 0 0 0 0 0 -4.6282109219852877e-05 -0.00013185020364893588 0 -6.2858792759801227e-08 0 0 2.6333396456144721e-08 2.6333396456144721e-08 0 0 0 0 0 1.205121033774761e-06 0 -0.00019401837726031325
leaf_weight=92164 2339 1525 8421 1162 20234 787 5451 5367 7843 30723 11718 1107 4892 30407 242 93 4320 10341 27685 2094 218 421 2171 39017 22900 29818 4206 186 4824 124
leaf_count=92164 2339 1525 8421 1162 20234 787 5451 5367 7843 30723 11718 1107 4892 30407 242 93 4320 10341 27685 2094 218 421 2171 39017 22900 29818 4206 186 4824 124
internal_value=0.00211776 -0.000661654 0.0039484 0.00119453 -0.00399207 0.00565604 0.00920981 0.0137411 0.00199716 0.000586109 -0.000536614 0.00509019 0.00572774 -0.00609235 0.00983685 -0.00182342 0.00230859 0.00175665 -0.00213222 0.00162976 0.0072987 0.0185452 0.00471304 0.00462324 0.00397803 0.00370107 0.0108969 0.00986159 0.0152193 0.0123853
internal_weight=372800 148038 224762 95058 52980 119863 16429 10978 104899 88806 53763 103434 12735 32746 6252 521 35043 22059 31704 4019 1925 763 95013 93906 54889 52718 5731 279 10191 545
internal_count=372800 148038 224762 95058 52980 119863 16429 10978 104899 88806 53763 103434 12735 32746 6252 521 35043 22059 31704 4019 1925 763 95013 93906 54889 52718 5731 279 10191 545
cat_boundaries=0 1 2 3 4
cat_threshold=129 1 32 128
is_linear=0
shrinkage=0.05


Tree=282
num_leaves=31
num_cat=4
split_feature=1 14 14 2 3 9 14 2 9 1 14 2 3 2 3 9 5 2 3 4 2 11 3 14 9 2 10 4 3 8
split_gain=758.738 366.061 299.564 199.934 151.287 96.0373 271.076 124.247 80.7448 68.6958 78.6909 66.5754 66.3671 53.8526 30.9103 33.47 27.1149 26.6074 26.0544 47.4937 63.9507 28.9515 25.9975 21.9983 40.1788 22.5621 21.2878 20.9032 17.9658 17.3067
threshold=1.0000000180025095e-35 0.099999999999996994 0.95000000000000295 0.98499999999999954 9.7850000000000019 0 2.3000000000000083 0.98499999999999954 1 6.5000000000000009 1.7000000000000013 0.58500000000000008 5.9250000000000007 0.79499999999999871 31.655000000000005 2 0.77023320773058968 2.0849999999999995 6.9850000000000003 -0.36852933211706668 1.9949999999999994 1.0000000180025095e-35 3.2350000000000003 1.1000000000000123 3 1.7450000000000012 2.5000000000000004 -0.79467767141292878 13.905000000000003 1.0000000180025095e-35
decision_type=2 2 2 2 2 9 2 2 9 2 2 2 2 2 2 9 2 2 2 2 2 2 2 2 9 2 2 2 2 2
left_child=2 4 8 14 13 11 7 -7 -1 10 18 -4 -10 -2 26 -16 -11 -12 19 20 -5 -22 -13 24 -24 -26 -3 -17 -9 -23
right_child=1 3 5 9 -6 6 -8 28 12 16 17 22 -14 -15 15 27 -18 -19 -20 -21 21 29 23 -25 25 -27 -28 -29 -30 -31
leaf_value=0 0 0 0 0 0 -6.7257407678971101e-08 5.9497642906469757e-06 0 0 0 0 0 0 0 -4.3968003758865232e-05 -0.0001252576934664891 0 -5.9715853123476492e-08 0 0 2.5016726633337487e-08 2.5016726633337487e-08 0 0 0 0 0 1.144864982086023e-06 0 -0.00018431745839729842
leaf_weight=92164 2339 1525 8421 1162 20234 787 5451 5367 7843 30723 11718 1107 4892 30407 242 93 4320 10341 27685 2094 218 421 2171 39017 22900 29818 4206 186 4824 124
leaf_count=92164 2339 1525 8421 1162 20234 787 5451 5367 7843 30723 11718 1107 4892 30407 242 93 4320 10341 27685 2094 218 421 2171 39017 22900 29818 4206 186 4824 124
internal_value=0.00211776 -0.000661654 0.0039484 0.00119453 -0.00399207 0.00565604 0.00920981 0.0137411 0.00199716 0.000586109 -0.000536614 0.00509019 0.00572774 -0.00609235 0.00983685 -0.00182342 0.00230859 0.00175665 -0.00213222 0.00162976 0.0072987 0.0185452 0.00471304 0.00462324 0.00397803 0.00370107 0.0108969 0.00986159 0.0152193 0.0123853
internal_weight=372800 148038 224762 95058 52980 119863 16429 10978 104899 88806 53763 103434 12735 32746 6252 521 35043 22059 31704 4019 1925 763 95013 93906 54889 52718 5731 279 10191 545
internal_count=372800 148038 224762 95058 52980 119863 16429 10978 104899 88806 53763 103434 12735 32746 6252 521 35043 22059 31704 4019 1925 763 95013 93906 54889 52718 5731 279 10191 545
cat_boundaries=0 1 2 3 4
cat_threshold=129 1 32 128
is_linear=0
shrinkage=0.05


Tree=283
num_leaves=31
num_cat=4
split_feature=1 14 14 2 3 9 14 2 9 1 14 2 3 2 3 9 5 2 3 4 2 11 3 14 9 2 10 4 3 8
split_gain=758.738 366.061 299.564 199.934 151.287 96.0373 271.076 124.247 80.7448 68.6958 78.6909 66.5754 66.3671 53.8526 30.9103 33.47 27.1149 26.6074 26.0544 47.4937 63.9507 28.9515 25.9975 21.9983 40.1788 22.5621 21.2878 20.9032 17.9658 17.3067
threshold=1.0000000180025095e-35 0.099999999999996994 0.95000000000000295 0.98499999999999954 9.7850000000000019 0 2.3000000000000083 0.98499999999999954 1 6.5000000000000009 1.7000000000000013 0.58500000000000008 5.9250000000000007 0.79499999999999871 31.655000000000005 2 0.77023320773058968 2.0849999999999995 6.9850000000000003 -0.36852933211706668 1.9949999999999994 1.0000000180025095e-35 3.2350000000000003 1.1000000000000123 3 1.7450000000000012 2.5000000000000004 -0.79467767141292878 13.905000000000003 1.0000000180025095e-35
decision_type=2 2 2 2 2 9 2 2 9 2 2 2 2 2 2 9 2 2 2 2 2 2 2 2 9 2 2 2 2 2
left_child=2 4 8 14 13 11 7 -7 -1 10 18 -4 -10 -2 26 -16 -11 -12 19 20 -5 -22 -13 24 -24 -26 -3 -17 -9 -23
right_child=1 3 5 9 -6 6 -8 28 12 16 17 22 -14 -15 15 27 -18 -19 -20 -21 21 29 23 -25 25 -27 -28 -29 -30 -31
leaf_value=0 0 0 0 0 0 -6.3894537295022534e-08 5.6522760761124065e-06 0 0 0 0 0 0 0 -4.1769603570918084e-05 -0.00011899480879316464 0 -5.6730060465914891e-08 0 0 2.3765890301670613e-08 2.3765890301670613e-08 0 0 0 0 0 1.0876217329817218e-06 0 -0.00017510158547743294
leaf_weight=92164 2339 1525 8421 1162 20234 787 5451 5367 7843 30723 11718 1107 4892 30407 242 93 4320 10341 27685 2094 218 421 2171 39017 22900 29818 4206 186 4824 124
leaf_count=92164 2339 1525 8421 1162 20234 787 5451 5367 7843 30723 11718 1107 4892 30407 242 93 4320 10341 27685 2094 218 421 2171 39017 22900 29818 4206 186 4824 124
internal_value=0.00211776 -0.000661654 0.0039484 0.00119453 -0.00399207 0.00565604 0.00920981 0.0137411 0.00199716 0.000586109 -0.000536614 0.00509019 0.00572774 -0.00609235 0.00983685 -0.00182342 0.00230859 0.00175665 -0.00213222 0.00162976 0.0072987 0.0185452 0.00471304 0.00462324 0.00397803 0.00370107 0.0108969 0.00986159 0.0152193 0.0123853
internal_weight=372800 148038 224762 95058 52980 119863 16429 10978 104899 88806 53763 103434 12735 32746 6252 521 35043 22059 31704 4019 1925 763 95013 93906 54889 52718 5731 279 10191 545
internal_count=372800 148038 224762 95058 52980 119863 16429 10978 104899 88806 53763 103434 12735 32746 6252 521 35043 22059 31704 4019 1925 763 95013 93906 54889 52718 5731 279 10191 545
cat_boundaries=0 1 2 3 4
cat_threshold=129 1 32 128
is_linear=0
shrinkage=0.05


Tree=284
num_leaves=31
num_cat=4
split_feature=1 14 14 2 3 9 14 2 9 1 14 2 3 2 3 9 5 2 3 4 2 11 3 14 9 2 10 4 3 8
split_gain=758.738 366.061 299.564 199.934 151.287 96.0373 271.076 124.247 80.7448 68.6958 78.6909 66.5754 66.3671 53.8526 30.9103 33.47 27.1149 26.6074 26.0544 47.4937 63.9507 28.9515 25.9975 21.9983 40.1788 22.5621 21.2878 20.9032 17.9658 17.3067
threshold=1.0000000180025095e-35 0.099999999999996994 0.95000000000000295 0.98499999999999954 9.7850000000000019 0 2.3000000000000083 0.98499999999999954 1 6.5000000000000009 1.7000000000000013 0.58500000000000008 5.9250000000000007 0.79499999999999871 31.655000000000005 2 0.77023320773058968 2.0849999999999995 6.9850000000000003 -0.36852933211706668 1.9949999999999994 1.0000000180025095e-35 3.2350000000000003 1.1000000000000123 3 1.7450000000000012 2.5000000000000004 -0.79467767141292878 13.905000000000003 1.0000000180025095e-35
decision_type=2 2 2 2 2 9 2 2 9 2 2 2 2 2 2 9 2 2 2 2 2 2 2 2 9 2 2 2 2 2
left_child=2 4 8 14 13 11 7 -7 -1 10 18 -4 -10 -2 26 -16 -11 -12 19 20 -5 -22 -13 24 -24 -26 -3 -17 -9 -23
right_child=1 3 5 9 -6 6 -8 28 12 16 17 22 -14 -15 15 27 -18 -19 -20 -21 21 29 23 -25 25 -27 -28 -29 -30 -31
leaf_value=0 0 0 0 0 0 -6.0699810430271409e-08 5.3696622723087291e-06 0 0 0 0 0 0 0 -3.968112339237662e-05 -0.00011304506835350639 0 -5.389355744456204e-08 0 0 2.2577595786587083e-08 2.2577595786587083e-08 0 0 0 0 0 1.0332406463326355e-06 0 -0.00016634650620356295
leaf_weight=92164 2339 1525 8421 1162 20234 787 5451 5367 7843 30723 11718 1107 4892 30407 242 93 4320 10341 27685 2094 218 421 2171 39017 22900 29818 4206 186 4824 124
leaf_count=92164 2339 1525 8421 1162 20234 787 5451 5367 7843 30723 11718 1107 4892 30407 242 93 4320 10341 27685 2094 218 421 2171 39017 22900 29818 4206 186 4824 124
internal_value=0.00211776 -0.000661654 0.0039484 0.00119453 -0.00399207 0.00565604 0.00920981 0.0137411 0.00199716 0.000586109 -0.000536614 0.00509019 0.00572774 -0.00609235 0.00983685 -0.00182342 0.00230859 0.00175665 -0.00213222 0.00162976 0.0072987 0.0185452 0.00471304 0.00462324 0.00397803 0.00370107 0.0108969 0.00986159 0.0152193 0.0123853
internal_weight=372800 148038 224762 95058 52980 119863 16429 10978 104899 88806 53763 103434 12735 32746 6252 521 35043 22059 31704 4019 1925 763 95013 93906 54889 52718 5731 279 10191 545
internal_count=372800 148038 224762 95058 52980 119863 16429 10978 104899 88806 53763 103434 12735 32746 6252 521 35043 22059 31704 4019 1925 763 95013 93906 54889 52718 5731 279 10191 545
cat_boundaries=0 1 2 3 4
cat_threshold=129 1 32 128
is_linear=0
shrinkage=0.05


Tree=285
num_leaves=31
num_cat=4
split_feature=1 14 14 2 3 9 14 2 9 1 14 2 3 2 3 9 5 2 3 4 2 11 3 14 9 2 10 4 3 8
split_gain=758.738 366.061 299.564 199.934 151.287 96.0373 271.076 124.247 80.7448 68.6958 78.6909 66.5754 66.3671 53.8526 30.9103 33.47 27.1149 26.6074 26.0544 47.4937 63.9507 28.9515 25.9975 21.9983 40.1788 22.5621 21.2878 20.9032 17.9658 17.3067
threshold=1.0000000180025095e-35 0.099999999999996994 0.95000000000000295 0.98499999999999954 9.7850000000000019 0 2.3000000000000083 0.98499999999999954 1 6.5000000000000009 1.7000000000000013 0.58500000000000008 5.9250000000000007 0.79499999999999871 31.655000000000005 2 0.77023320773058968 2.0849999999999995 6.9850000000000003 -0.36852933211706668 1.9949999999999994 1.0000000180025095e-35 3.2350000000000003 1.1000000000000123 3 1.7450000000000012 2.5000000000000004 -0.79467767141292878 13.905000000000003 1.0000000180025095e-35
decision_type=2 2 2 2 2 9 2 2 9 2 2 2 2 2 2 9 2 2 2 2 2 2 2 2 9 2 2 2 2 2
left_child=2 4 8 14 13 11 7 -7 -1 10 18 -4 -10 -2 26 -16 -11 -12 19 20 -5 -22 -13 24 -24 -26 -3 -17 -9 -23
right_child=1 3 5 9 -6 6 -8 28 12 16 17 22 -14 -15 15 27 -18 -19 -20 -21 21 29 23 -25 25 -27 -28 -29 -30 -31
leaf_value=0 0 0 0 0 0 -5.7664819908757839e-08 5.1011791586952349e-06 0 0 0 0 0 0 0 -3.7697067222752791e-05 -0.00010739281493583107 0 -5.119887957483194e-08 0 0 2.1448715997257729e-08 2.1448715997257729e-08 0 0 0 0 0 9.8157861401600382e-07 0 -0.00015802918089338205
leaf_weight=92164 2339 1525 8421 1162 20234 787 5451 5367 7843 30723 11718 1107 4892 30407 242 93 4320 10341 27685 2094 218 421 2171 39017 22900 29818 4206 186 4824 124
leaf_count=92164 2339 1525 8421 1162 20234 787 5451 5367 7843 30723 11718 1107 4892 30407 242 93 4320 10341 27685 2094 218 421 2171 39017 22900 29818 4206 186 4824 124
internal_value=0.00211776 -0.000661654 0.0039484 0.00119453 -0.00399207 0.00565604 0.00920981 0.0137411 0.00199716 0.000586109 -0.000536614 0.00509019 0.00572774 -0.00609235 0.00983685 -0.00182342 0.00230859 0.00175665 -0.00213222 0.00162976 0.0072987 0.0185452 0.00471304 0.00462324 0.00397803 0.00370107 0.0108969 0.00986159 0.0152193 0.0123853
internal_weight=372800 148038 224762 95058 52980 119863 16429 10978 104899 88806 53763 103434 12735 32746 6252 521 35043 22059 31704 4019 1925 763 95013 93906 54889 52718 5731 279 10191 545
internal_count=372800 148038 224762 95058 52980 119863 16429 10978 104899 88806 53763 103434 12735 32746 6252 521 35043 22059 31704 4019 1925 763 95013 93906 54889 52718 5731 279 10191 545
cat_boundaries=0 1 2 3 4
cat_threshold=129 1 32 128
is_linear=0
shrinkage=0.05


Tree=286
num_leaves=31
num_cat=4
split_feature=1 14 14 2 3 9 14 2 9 1 14 2 3 2 3 9 5 2 3 4 2 11 3 14 9 2 10 4 3 8
split_gain=758.738 366.061 299.564 199.934 151.287 96.0373 271.076 124.247 80.7448 68.6958 78.6909 66.5754 66.3671 53.8526 30.9103 33.47 27.1149 26.6074 26.0544 47.4937 63.9507 28.9515 25.9975 21.9983 40.1788 22.5621 21.2878 20.9032 17.9658 17.3067
threshold=1.0000000180025095e-35 0.099999999999996994 0.95000000000000295 0.98499999999999954 9.7850000000000019 0 2.3000000000000083 0.98499999999999954 1 6.5000000000000009 1.7000000000000013 0.58500000000000008 5.9250000000000007 0.79499999999999871 31.655000000000005 2 0.77023320773058968 2.0849999999999995 6.9850000000000003 -0.36852933211706668 1.9949999999999994 1.0000000180025095e-35 3.2350000000000003 1.1000000000000123 3 1.7450000000000012 2.5000000000000004 -0.79467767141292878 13.905000000000003 1.0000000180025095e-35
decision_type=2 2 2 2 2 9 2 2 9 2 2 2 2 2 2 9 2 2 2 2 2 2 2 2 9 2 2 2 2 2
left_child=2 4 8 14 13 11 7 -7 -1 10 18 -4 -10 -2 26 -16 -11 -12 19 20 -5 -22 -13 24 -24 -26 -3 -17 -9 -23
right_child=1 3 5 9 -6 6 -8 28 12 16 17 22 -14 -15 15 27 -18 -19 -20 -21 21 29 23 -25 25 -27 -28 -29 -30 -31
leaf_value=0 0 0 0 0 0 -5.4781578913319951e-08 4.8461202007632492e-06 0 0 0 0 0 0 0 -3.5812213861619036e-05 -0.00010202317418903952 0 -4.8638935595812788e-08 0 0 2.0376280197394841e-08 2.0376280197394841e-08 0 0 0 0 0 9.324996833152036e-07 0 -0.00015012772184871406
leaf_weight=92164 2339 1525 8421 1162 20234 787 5451 5367 7843 30723 11718 1107 4892 30407 242 93 4320 10341 27685 2094 218 421 2171 39017 22900 29818 4206 186 4824 124
leaf_count=92164 2339 1525 8421 1162 20234 787 5451 5367 7843 30723 11718 1107 4892 30407 242 93 4320 10341 27685 2094 218 421 2171 39017 22900 29818 4206 186 4824 124
internal_value=0.00211776 -0.000661654 0.0039484 0.00119453 -0.00399207 0.00565604 0.00920981 0.0137411 0.00199716 0.000586109 -0.000536614 0.00509019 0.00572774 -0.00609235 0.00983685 -0.00182342 0.00230859 0.00175665 -0.00213222 0.00162976 0.0072987 0.0185452 0.00471304 0.00462324 0.00397803 0.00370107 0.0108969 0.00986159 0.0152193 0.0123853
internal_weight=372800 148038 224762 95058 52980 119863 16429 10978 104899 88806 53763 103434 12735 32746 6252 521 35043 22059 31704 4019 1925 763 95013 93906 54889 52718 5731 279 10191 545
internal_count=372800 148038 224762 95058 52980 119863 16429 10978 104899 88806 53763 103434 12735 32746 6252 521 35043 22059 31704 4019 1925 763 95013 93906 54889 52718 5731 279 10191 545
cat_boundaries=0 1 2 3 4
cat_threshold=129 1 32 128
is_linear=0
shrinkage=0.05


Tree=287
num_leaves=31
num_cat=4
split_feature=1 14 14 2 3 9 14 2 9 1 14 2 3 2 3 9 5 2 3 4 2 11 3 14 9 2 10 4 3 8
split_gain=758.738 366.061 299.564 199.934 151.287 96.0373 271.076 124.247 80.7448 68.6958 78.6909 66.5754 66.3671 53.8526 30.9103 33.47 27.1149 26.6074 26.0544 47.4937 63.9507 28.9515 25.9975 21.9983 40.1788 22.5621 21.2878 20.9032 17.9658 17.3067
threshold=1.0000000180025095e-35 0.099999999999996994 0.95000000000000295 0.98499999999999954 9.7850000000000019 0 2.3000000000000083 0.98499999999999954 1 6.5000000000000009 1.7000000000000013 0.58500000000000008 5.9250000000000007 0.79499999999999871 31.655000000000005 2 0.77023320773058968 2.0849999999999995 6.9850000000000003 -0.36852933211706668 1.9949999999999994 1.0000000180025095e-35 3.2350000000000003 1.1000000000000123 3 1.7450000000000012 2.5000000000000004 -0.79467767141292878 13.905000000000003 1.0000000180025095e-35
decision_type=2 2 2 2 2 9 2 2 9 2 2 2 2 2 2 9 2 2 2 2 2 2 2 2 9 2 2 2 2 2
left_child=2 4 8 14 13 11 7 -7 -1 10 18 -4 -10 -2 26 -16 -11 -12 19 20 -5 -22 -13 24 -24 -26 -3 -17 -9 -23
right_child=1 3 5 9 -6 6 -8 28 12 16 17 22 -14 -15 15 27 -18 -19 -20 -21 21 29 23 -25 25 -27 -28 -29 -30 -31
leaf_value=0 0 0 0 0 0 -5.2042499967653953e-08 4.6038141907234211e-06 0 0 0 0 0 0 0 -3.4021603168543634e-05 -9.6922015479587547e-05 0 -4.6206988818520145e-08 0 0 1.93574661875251e-08 1.93574661875251e-08 0 0 0 0 0 8.8587469914944348e-07 0 -0.00014262133575627668
leaf_weight=92164 2339 1525 8421 1162 20234 787 5451 5367 7843 30723 11718 1107 4892 30407 242 93 4320 10341 27685 2094 218 421 2171 39017 22900 29818 4206 186 4824 124
leaf_count=92164 2339 1525 8421 1162 20234 787 5451 5367 7843 30723 11718 1107 4892 30407 242 93 4320 10341 27685 2094 218 421 2171 39017 22900 29818 4206 186 4824 124
internal_value=0.00211776 -0.000661654 0.0039484 0.00119453 -0.00399207 0.00565604 0.00920981 0.0137411 0.00199716 0.000586109 -0.000536614 0.00509019 0.00572774 -0.00609235 0.00983685 -0.00182342 0.00230859 0.00175665 -0.00213222 0.00162976 0.0072987 0.0185452 0.00471304 0.00462324 0.00397803 0.00370107 0.0108969 0.00986159 0.0152193 0.0123853
internal_weight=372800 148038 224762 95058 52980 119863 16429 10978 104899 88806 53763 103434 12735 32746 6252 521 35043 22059 31704 4019 1925 763 95013 93906 54889 52718 5731 279 10191 545
internal_count=372800 148038 224762 95058 52980 119863 16429 10978 104899 88806 53763 103434 12735 32746 6252 521 35043 22059 31704 4019 1925 763 95013 93906 54889 52718 5731 279 10191 545
cat_boundaries=0 1 2 3 4
cat_threshold=129 1 32 128
is_linear=0
shrinkage=0.05


Tree=288
num_leaves=31
num_cat=4
split_feature=1 14 14 2 3 9 14 2 9 1 14 2 3 2 3 9 5 2 3 4 2 11 3 14 9 2 10 4 3 8
split_gain=758.738 366.061 299.564 199.934 151.287 96.0373 271.076 124.247 80.7448 68.6958 78.6909 66.5754 66.3671 53.8526 30.9103 33.47 27.1149 26.6074 26.0544 47.4937 63.9507 28.9515 25.9975 21.9983 40.1788 22.5621 21.2878 20.9032 17.9658 17.3067
threshold=1.0000000180025095e-35 0.099999999999996994 0.95000000000000295 0.98499999999999954 9.7850000000000019 0 2.3000000000000083 0.98499999999999954 1 6.5000000000000009 1.7000000000000013 0.58500000000000008 5.9250000000000007 0.79499999999999871 31.655000000000005 2 0.77023320773058968 2.0849999999999995 6.9850000000000003 -0.36852933211706668 1.9949999999999994 1.0000000180025095e-35 3.2350000000000003 1.1000000000000123 3 1.7450000000000012 2.5000000000000004 -0.79467767141292878 13.905000000000003 1.0000000180025095e-35
decision_type=2 2 2 2 2 9 2 2 9 2 2 2 2 2 2 9 2 2 2 2 2 2 2 2 9 2 2 2 2 2
left_child=2 4 8 14 13 11 7 -7 -1 10 18 -4 -10 -2 26 -16 -11 -12 19 20 -5 -22 -13 24 -24 -26 -3 -17 -9 -23
right_child=1 3 5 9 -6 6 -8 28 12 16 17 22 -14 -15 15 27 -18 -19 -20 -21 21 29 23 -25 25 -27 -28 -29 -30 -31
leaf_value=0 0 0 0 0 0 -4.9440374969271248e-08 4.373623481185307e-06 0 0 0 0 0 0 0 -3.2320523010120898e-05 -9.2075914705608161e-05 0 -4.3896639378981916e-08 0 0 1.8389592878148845e-08 1.8389592878148845e-08 0 0 0 0 0 8.4158096419197123e-07 0 -0.00013549026896846341
leaf_weight=92164 2339 1525 8421 1162 20234 787 5451 5367 7843 30723 11718 1107 4892 30407 242 93 4320 10341 27685 2094 218 421 2171 39017 22900 29818 4206 186 4824 124
leaf_count=92164 2339 1525 8421 1162 20234 787 5451 5367 7843 30723 11718 1107 4892 30407 242 93 4320 10341 27685 2094 218 421 2171 39017 22900 29818 4206 186 4824 124
internal_value=0.00211776 -0.000661654 0.0039484 0.00119453 -0.00399207 0.00565604 0.00920981 0.0137411 0.00199716 0.000586109 -0.000536614 0.00509019 0.00572774 -0.00609235 0.00983685 -0.00182342 0.00230859 0.00175665 -0.00213222 0.00162976 0.0072987 0.0185452 0.00471304 0.00462324 0.00397803 0.00370107 0.0108969 0.00986159 0.0152193 0.0123853
internal_weight=372800 148038 224762 95058 52980 119863 16429 10978 104899 88806 53763 103434 12735 32746 6252 521 35043 22059 31704 4019 1925 763 95013 93906 54889 52718 5731 279 10191 545
internal_count=372800 148038 224762 95058 52980 119863 16429 10978 104899 88806 53763 103434 12735 32746 6252 521 35043 22059 31704 4019 1925 763 95013 93906 54889 52718 5731 279 10191 545
cat_boundaries=0 1 2 3 4
cat_threshold=129 1 32 128
is_linear=0
shrinkage=0.05


Tree=289
num_leaves=31
num_cat=4
split_feature=1 14 14 2 3 9 14 2 9 1 14 2 3 2 3 9 5 2 3 4 2 11 3 14 9 2 10 4 3 8
split_gain=758.738 366.061 299.564 199.934 151.287 96.0373 271.076 124.247 80.7448 68.6958 78.6909 66.5754 66.3671 53.8526 30.9103 33.47 27.1149 26.6074 26.0544 47.4937 63.9507 28.9515 25.9975 21.9983 40.1788 22.5621 21.2878 20.9032 17.9658 17.3067
threshold=1.0000000180025095e-35 0.099999999999996994 0.95000000000000295 0.98499999999999954 9.7850000000000019 0 2.3000000000000083 0.98499999999999954 1 6.5000000000000009 1.7000000000000013 0.58500000000000008 5.9250000000000007 0.79499999999999871 31.655000000000005 2 0.77023320773058968 2.0849999999999995 6.9850000000000003 -0.36852933211706668 1.9949999999999994 1.0000000180025095e-35 3.2350000000000003 1.1000000000000123 3 1.7450000000000012 2.5000000000000004 -0.79467767141292878 13.905000000000003 1.0000000180025095e-35
decision_type=2 2 2 2 2 9 2 2 9 2 2 2 2 2 2 9 2 2 2 2 2 2 2 2 9 2 2 2 2 2
left_child=2 4 8 14 13 11 7 -7 -1 10 18 -4 -10 -2 26 -16 -11 -12 19 20 -5 -22 -13 24 -24 -26 -3 -17 -9 -23
right_child=1 3 5 9 -6 6 -8 28 12 16 17 22 -14 -15 15 27 -18 -19 -20 -21 21 29 23 -25 25 -27 -28 -29 -30 -31
leaf_value=0 0 0 0 0 0 -4.6968356220807687e-08 4.1549423071274294e-06 0 0 0 0 0 0 0 -3.0704496859612633e-05 -8.7472118970327749e-05 0 -4.1701807407257266e-08 0 0 1.7470113234241399e-08 1.7470113234241399e-08 0 0 0 0 0 7.9950191598237271e-07 0 -0.00012871575552004245
leaf_weight=92164 2339 1525 8421 1162 20234 787 5451 5367 7843 30723 11718 1107 4892 30407 242 93 4320 10341 27685 2094 218 421 2171 39017 22900 29818 4206 186 4824 124
leaf_count=92164 2339 1525 8421 1162 20234 787 5451 5367 7843 30723 11718 1107 4892 30407 242 93 4320 10341 27685 2094 218 421 2171 39017 22900 29818 4206 186 4824 124
internal_value=0.00211776 -0.000661654 0.0039484 0.00119453 -0.00399207 0.00565604 0.00920981 0.0137411 0.00199716 0.000586109 -0.000536614 0.00509019 0.00572774 -0.00609235 0.00983685 -0.00182342 0.00230859 0.00175665 -0.00213222 0.00162976 0.0072987 0.0185452 0.00471304 0.00462324 0.00397803 0.00370107 0.0108969 0.00986159 0.0152193 0.0123853
internal_weight=372800 148038 224762 95058 52980 119863 16429 10978 104899 88806 53763 103434 12735 32746 6252 521 35043 22059 31704 4019 1925 763 95013 93906 54889 52718 5731 279 10191 545
internal_count=372800 148038 224762 95058 52980 119863 16429 10978 104899 88806 53763 103434 12735 32746 6252 521 35043 22059 31704 4019 1925 763 95013 93906 54889 52718 5731 279 10191 545
cat_boundaries=0 1 2 3 4
cat_threshold=129 1 32 128
is_linear=0
shrinkage=0.05


Tree=290
num_leaves=31
num_cat=4
split_feature=1 14 14 2 3 9 14 2 9 1 14 2 3 2 3 9 5 2 3 4 2 11 3 14 9 2 10 4 3 8
split_gain=758.738 366.061 299.564 199.934 151.287 96.0373 271.076 124.247 80.7448 68.6958 78.6909 66.5754 66.3671 53.8526 30.9103 33.47 27.1149 26.6074 26.0544 47.4937 63.9507 28.9515 25.9975 21.9983 40.1788 22.5621 21.2878 20.9032 17.9658 17.3067
threshold=1.0000000180025095e-35 0.099999999999996994 0.95000000000000295 0.98499999999999954 9.7850000000000019 0 2.3000000000000083 0.98499999999999954 1 6.5000000000000009 1.7000000000000013 0.58500000000000008 5.9250000000000007 0.79499999999999871 31.655000000000005 2 0.77023320773058968 2.0849999999999995 6.9850000000000003 -0.36852933211706668 1.9949999999999994 1.0000000180025095e-35 3.2350000000000003 1.1000000000000123 3 1.7450000000000012 2.5000000000000004 -0.79467767141292878 13.905000000000003 1.0000000180025095e-35
decision_type=2 2 2 2 2 9 2 2 9 2 2 2 2 2 2 9 2 2 2 2 2 2 2 2 9 2 2 2 2 2
left_child=2 4 8 14 13 11 7 -7 -1 10 18 -4 -10 -2 26 -16 -11 -12 19 20 -5 -22 -13 24 -24 -26 -3 -17 -9 -23
right_child=1 3 5 9 -6 6 -8 28 12 16 17 22 -14 -15 15 27 -18 -19 -20 -21 21 29 23 -25 25 -27 -28 -29 -30 -31
leaf_value=0 0 0 0 0 0 -4.4619938409767301e-08 3.9471951917724459e-06 0 0 0 0 0 0 0 -2.9169272016627001e-05 -8.3098513021811362e-05 0 -3.9616717034673958e-08 0 0 1.6596607572529329e-08 1.6596607572529329e-08 0 0 0 0 0 7.5952682018325418e-07 0 -0.00012227996774403783
leaf_weight=92164 2339 1525 8421 1162 20234 787 5451 5367 7843 30723 11718 1107 4892 30407 242 93 4320 10341 27685 2094 218 421 2171 39017 22900 29818 4206 186 4824 124
leaf_count=92164 2339 1525 8421 1162 20234 787 5451 5367 7843 30723 11718 1107 4892 30407 242 93 4320 10341 27685 2094 218 421 2171 39017 22900 29818 4206 186 4824 124
internal_value=0.00211776 -0.000661654 0.0039484 0.00119453 -0.00399207 0.00565604 0.00920981 0.0137411 0.00199716 0.000586109 -0.000536614 0.00509019 0.00572774 -0.00609235 0.00983685 -0.00182342 0.00230859 0.00175665 -0.00213222 0.00162976 0.0072987 0.0185452 0.00471304 0.00462324 0.00397803 0.00370107 0.0108969 0.00986159 0.0152193 0.0123853
internal_weight=372800 148038 224762 95058 52980 119863 16429 10978 104899 88806 53763 103434 12735 32746 6252 521 35043 22059 31704 4019 1925 763 95013 93906 54889 52718 5731 279 10191 545
internal_count=372800 148038 224762 95058 52980 119863 16429 10978 104899 88806 53763 103434 12735 32746 6252 521 35043 22059 31704 4019 1925 763 95013 93906 54889 52718 5731 279 10191 545
cat_boundaries=0 1 2 3 4
cat_threshold=129 1 32 128
is_linear=0
shrinkage=0.05


Tree=291
num_leaves=31
num_cat=4
split_feature=1 14 14 2 3 9 14 2 9 1 14 2 3 2 3 9 5 2 3 4 2 11 3 14 9 2 10 4 3 8
split_gain=758.738 366.061 299.564 199.934 151.287 96.0373 271.076 124.247 80.7448 68.6958 78.6909 66.5754 66.3671 53.8526 30.9103 33.47 27.1149 26.6074 26.0544 47.4937 63.9507 28.9515 25.9975 21.9983 40.1788 22.5621 21.2878 20.9032 17.9658 17.3067
threshold=1.0000000180025095e-35 0.099999999999996994 0.95000000000000295 0.98499999999999954 9.7850000000000019 0 2.3000000000000083 0.98499999999999954 1 6.5000000000000009 1.7000000000000013 0.58500000000000008 5.9250000000000007 0.79499999999999871 31.655000000000005 2 0.77023320773058968 2.0849999999999995 6.9850000000000003 -0.36852933211706668 1.9949999999999994 1.0000000180025095e-35 3.2350000000000003 1.1000000000000123 3 1.7450000000000012 2.5000000000000004 -0.79467767141292878 13.905000000000003 1.0000000180025095e-35
decision_type=2 2 2 2 2 9 2 2 9 2 2 2 2 2 2 9 2 2 2 2 2 2 2 2 9 2 2 2 2 2
left_child=2 4 8 14 13 11 7 -7 -1 10 18 -4 -10 -2 26 -16 -11 -12 19 20 -5 -22 -13 24 -24 -26 -3 -17 -9 -23
right_child=1 3 5 9 -6 6 -8 28 12 16 17 22 -14 -15 15 27 -18 -19 -20 -21 21 29 23 -25 25 -27 -28 -29 -30 -31
leaf_value=0 0 0 0 0 0 -4.2388941489278941e-08 3.7498354321818807e-06 0 0 0 0 0 0 0 -2.7710808415792876e-05 -7.8943587370720793e-05 0 -3.7635881183772929e-08 0 0 1.5766777193902865e-08 1.5766777193902865e-08 0 0 0 0 0 7.2155047917409147e-07 0 -0.0001161659693568351
leaf_weight=92164 2339 1525 8421 1162 20234 787 5451 5367 7843 30723 11718 1107 4892 30407 242 93 4320 10341 27685 2094 218 421 2171 39017 22900 29818 4206 186 4824 124
leaf_count=92164 2339 1525 8421 1162 20234 787 5451 5367 7843 30723 11718 1107 4892 30407 242 93 4320 10341 27685 2094 218 421 2171 39017 22900 29818 4206 186 4824 124
internal_value=0.00211776 -0.000661654 0.0039484 0.00119453 -0.00399207 0.00565604 0.00920981 0.0137411 0.00199716 0.000586109 -0.000536614 0.00509019 0.00572774 -0.00609235 0.00983685 -0.00182342 0.00230859 0.00175665 -0.00213222 0.00162976 0.0072987 0.0185452 0.00471304 0.00462324 0.00397803 0.00370107 0.0108969 0.00986159 0.0152193 0.0123853
internal_weight=372800 148038 224762 95058 52980 119863 16429 10978 104899 88806 53763 103434 12735 32746 6252 521 35043 22059 31704 4019 1925 763 95013 93906 54889 52718 5731 279 10191 545
internal_count=372800 148038 224762 95058 52980 119863 16429 10978 104899 88806 53763 103434 12735 32746 6252 521 35043 22059 31704 4019 1925 763 95013 93906 54889 52718 5731 279 10191 545
cat_boundaries=0 1 2 3 4
cat_threshold=129 1 32 128
is_linear=0
shrinkage=0.05


Tree=292
num_leaves=31
num_cat=4
split_feature=1 14 14 2 3 9 14 2 9 1 14 2 3 2 3 9 5 2 3 4 2 11 3 14 9 2 10 4 3 8
split_gain=758.738 366.061 299.564 199.934 151.287 96.0373 271.076 124.247 80.7448 68.6958 78.6909 66.5754 66.3671 53.8526 30.9103 33.47 27.1149 26.6074 26.0544 47.4937 63.9507 28.9515 25.9975 21.9983 40.1788 22.5621 21.2878 20.9032 17.9658 17.3067
threshold=1.0000000180025095e-35 0.099999999999996994 0.95000000000000295 0.98499999999999954 9.7850000000000019 0 2.3000000000000083 0.98499999999999954 1 6.5000000000000009 1.7000000000000013 0.58500000000000008 5.9250000000000007 0.79499999999999871 31.655000000000005 2 0.77023320773058968 2.0849999999999995 6.9850000000000003 -0.36852933211706668 1.9949999999999994 1.0000000180025095e-35 3.2350000000000003 1.1000000000000123 3 1.7450000000000012 2.5000000000000004 -0.79467767141292878 13.905000000000003 1.0000000180025095e-35
decision_type=2 2 2 2 2 9 2 2 9 2 2 2 2 2 2 9 2 2 2 2 2 2 2 2 9 2 2 2 2 2
left_child=2 4 8 14 13 11 7 -7 -1 10 18 -4 -10 -2 26 -16 -11 -12 19 20 -5 -22 -13 24 -24 -26 -3 -17 -9 -23
right_child=1 3 5 9 -6 6 -8 28 12 16 17 22 -14 -15 15 27 -18 -19 -20 -21 21 29 23 -25 25 -27 -28 -29 -30 -31
leaf_value=0 0 0 0 0 0 -4.026949441481499e-08 3.5623436605736193e-06 0 0 0 0 0 0 0 -2.6325267994997684e-05 -7.4996408002184743e-05 0 -3.5754087124306726e-08 0 0 1.4978438334207719e-08 1.4978438334207719e-08 0 0 0 0 0 6.854729552153868e-07 0 -0.00011035767088899418
leaf_weight=92164 2339 1525 8421 1162 20234 787 5451 5367 7843 30723 11718 1107 4892 30407 242 93 4320 10341 27685 2094 218 421 2171 39017 22900 29818 4206 186 4824 124
leaf_count=92164 2339 1525 8421 1162 20234 787 5451 5367 7843 30723 11718 1107 4892 30407 242 93 4320 10341 27685 2094 218 421 2171 39017 22900 29818 4206 186 4824 124
internal_value=0.00211776 -0.000661654 0.0039484 0.00119453 -0.00399207 0.00565604 0.00920981 0.0137411 0.00199716 0.000586109 -0.000536614 0.00509019 0.00572774 -0.00609235 0.00983685 -0.00182342 0.00230859 0.00175665 -0.00213222 0.00162976 0.0072987 0.0185452 0.00471304 0.00462324 0.00397803 0.00370107 0.0108969 0.00986159 0.0152193 0.0123853
internal_weight=372800 148038 224762 95058 52980 119863 16429 10978 104899 88806 53763 103434 12735 32746 6252 521 35043 22059 31704 4019 1925 763 95013 93906 54889 52718 5731 279 10191 545
internal_count=372800 148038 224762 95058 52980 119863 16429 10978 104899 88806 53763 103434 12735 32746 6252 521 35043 22059 31704 4019 1925 763 95013 93906 54889 52718 5731 279 10191 545
cat_boundaries=0 1 2 3 4
cat_threshold=129 1 32 128
is_linear=0
shrinkage=0.05


Tree=293
num_leaves=31
num_cat=4
split_feature=1 14 14 2 3 9 14 2 9 1 14 2 3 2 3 9 5 2 3 4 2 11 3 14 9 2 10 4 3 8
split_gain=758.738 366.061 299.564 199.934 151.287 96.0373 271.076 124.247 80.7448 68.6958 78.6909 66.5754 66.3671 53.8526 30.9103 33.47 27.1149 26.6074 26.0544 47.4937 63.9507 28.9515 25.9975 21.9983 40.1788 22.5621 21.2878 20.9032 17.9658 17.3067
threshold=1.0000000180025095e-35 0.099999999999996994 0.95000000000000295 0.98499999999999954 9.7850000000000019 0 2.3000000000000083 0.98499999999999954 1 6.5000000000000009 1.7000000000000013 0.58500000000000008 5.9250000000000007 0.79499999999999871 31.655000000000005 2 0.77023320773058968 2.0849999999999995 6.9850000000000003 -0.36852933211706668 1.9949999999999994 1.0000000180025095e-35 3.2350000000000003 1.1000000000000123 3 1.7450000000000012 2.5000000000000004 -0.79467767141292878 13.905000000000003 1.0000000180025095e-35
decision_type=2 2 2 2 2 9 2 2 9 2 2 2 2 2 2 9 2 2 2 2 2 2 2 2 9 2 2 2 2 2
left_child=2 4 8 14 13 11 7 -7 -1 10 18 -4 -10 -2 26 -16 -11 -12 19 20 -5 -22 -13 24 -24 -26 -3 -17 -9 -23
right_child=1 3 5 9 -6 6 -8 28 12 16 17 22 -14 -15 15 27 -18 -19 -20 -21 21 29 23 -25 25 -27 -28 -29 -30 -31
leaf_value=0 0 0 0 0 0 -3.825601969407424e-08 3.3842264775429955e-06 0 0 0 0 0 0 0 -2.5009004595244467e-05 -7.1246587602075506e-05 0 -3.3966382767536275e-08 0 0 1.4229516417497332e-08 1.4229516417497332e-08 0 0 0 0 0 6.5119930745461744e-07 0 -0.00010483978734454613
leaf_weight=92164 2339 1525 8421 1162 20234 787 5451 5367 7843 30723 11718 1107 4892 30407 242 93 4320 10341 27685 2094 218 421 2171 39017 22900 29818 4206 186 4824 124
leaf_count=92164 2339 1525 8421 1162 20234 787 5451 5367 7843 30723 11718 1107 4892 30407 242 93 4320 10341 27685 2094 218 421 2171 39017 22900 29818 4206 186 4824 124
internal_value=0.00211776 -0.000661654 0.0039484 0.00119453 -0.00399207 0.00565604 0.00920981 0.0137411 0.00199716 0.000586109 -0.000536614 0.00509019 0.00572774 -0.00609235 0.00983685 -0.00182342 0.00230859 0.00175665 -0.00213222 0.00162976 0.0072987 0.0185452 0.00471304 0.00462324 0.00397803 0.00370107 0.0108969 0.00986159 0.0152193 0.0123853
internal_weight=372800 148038 224762 95058 52980 119863 16429 10978 104899 88806 53763 103434 12735 32746 6252 521 35043 22059 31704 4019 1925 763 95013 93906 54889 52718 5731 279 10191 545
internal_count=372800 148038 224762 95058 52980 119863 16429 10978 104899 88806 53763 103434 12735 32746 6252 521 35043 22059 31704 4019 1925 763 95013 93906 54889 52718 5731 279 10191 545
cat_boundaries=0 1 2 3 4
cat_threshold=129 1 32 128
is_linear=0
shrinkage=0.05


Tree=294
num_leaves=31
num_cat=4
split_feature=1 14 14 2 3 9 14 2 9 1 14 2 3 2 3 9 5 2 3 4 2 11 3 14 9 2 10 4 3 8
split_gain=758.738 366.061 299.564 199.934 151.287 96.0373 271.076 124.247 80.7448 68.6958 78.6909 66.5754 66.3671 53.8526 30.9103 33.47 27.1149 26.6074 26.0544 47.4937 63.9507 28.9515 25.9975 21.9983 40.1788 22.5621 21.2878 20.9032 17.9658 17.3067
threshold=1.0000000180025095e-35 0.099999999999996994 0.95000000000000295 0.98499999999999954 9.7850000000000019 0 2.3000000000000083 0.98499999999999954 1 6.5000000000000009 1.7000000000000013 0.58500000000000008 5.9250000000000007 0.79499999999999871 31.655000000000005 2 0.77023320773058968 2.0849999999999995 6.9850000000000003 -0.36852933211706668 1.9949999999999994 1.0000000180025095e-35 3.2350000000000003 1.1000000000000123 3 1.7450000000000012 2.5000000000000004 -0.79467767141292878 13.905000000000003 1.0000000180025095e-35
decision_type=2 2 2 2 2 9 2 2 9 2 2 2 2 2 2 9 2 2 2 2 2 2 2 2 9 2 2 2 2 2
left_child=2 4 8 14 13 11 7 -7 -1 10 18 -4 -10 -2 26 -16 -11 -12 19 20 -5 -22 -13 24 -24 -26 -3 -17 -9 -23
right_child=1 3 5 9 -6 6 -8 28 12 16 17 22 -14 -15 15 27 -18 -19 -20 -21 21 29 23 -25 25 -27 -28 -29 -30 -31
leaf_value=0 0 0 0 0 0 -3.6343218709370532e-08 3.2150151536680663e-06 0 0 0 0 0 0 0 -2.3758554365482798e-05 -6.768425822197173e-05 0 -3.2268063626661462e-08 0 0 1.3518040596622466e-08 1.3518040596622466e-08 0 0 0 0 0 6.1863934208188657e-07 0 -9.9597797977318828e-05
leaf_weight=92164 2339 1525 8421 1162 20234 787 5451 5367 7843 30723 11718 1107 4892 30407 242 93 4320 10341 27685 2094 218 421 2171 39017 22900 29818 4206 186 4824 124
leaf_count=92164 2339 1525 8421 1162 20234 787 5451 5367 7843 30723 11718 1107 4892 30407 242 93 4320 10341 27685 2094 218 421 2171 39017 22900 29818 4206 186 4824 124
internal_value=0.00211776 -0.000661654 0.0039484 0.00119453 -0.00399207 0.00565604 0.00920981 0.0137411 0.00199716 0.000586109 -0.000536614 0.00509019 0.00572774 -0.00609235 0.00983685 -0.00182342 0.00230859 0.00175665 -0.00213222 0.00162976 0.0072987 0.0185452 0.00471304 0.00462324 0.00397803 0.00370107 0.0108969 0.00986159 0.0152193 0.0123853
internal_weight=372800 148038 224762 95058 52980 119863 16429 10978 104899 88806 53763 103434 12735 32746 6252 521 35043 22059 31704 4019 1925 763 95013 93906 54889 52718 5731 279 10191 545
internal_count=372800 148038 224762 95058 52980 119863 16429 10978 104899 88806 53763 103434 12735 32746 6252 521 35043 22059 31704 4019 1925 763 95013 93906 54889 52718 5731 279 10191 545
cat_boundaries=0 1 2 3 4
cat_threshold=129 1 32 128
is_linear=0
shrinkage=0.05


Tree=295
num_leaves=31
num_cat=4
split_feature=1 14 14 2 3 9 14 2 9 1 14 2 3 2 3 9 5 2 3 4 2 11 3 14 9 2 10 4 3 8
split_gain=758.738 366.061 299.564 199.934 151.287 96.0373 271.076 124.247 80.7448 68.6958 78.6909 66.5754 66.3671 53.8526 30.9103 33.47 27.1149 26.6074 26.0544 47.4937 63.9507 28.9515 25.9975 21.9983 40.1788 22.5621 21.2878 20.9032 17.9658 17.3067
threshold=1.0000000180025095e-35 0.099999999999996994 0.95000000000000295 0.98499999999999954 9.7850000000000019 0 2.3000000000000083 0.98499999999999954 1 6.5000000000000009 1.7000000000000013 0.58500000000000008 5.9250000000000007 0.79499999999999871 31.655000000000005 2 0.77023320773058968 2.0849999999999995 6.9850000000000003 -0.36852933211706668 1.9949999999999994 1.0000000180025095e-35 3.2350000000000003 1.1000000000000123 3 1.7450000000000012 2.5000000000000004 -0.79467767141292878 13.905000000000003 1.0000000180025095e-35
decision_type=2 2 2 2 2 9 2 2 9 2 2 2 2 2 2 9 2 2 2 2 2 2 2 2 9 2 2 2 2 2
left_child=2 4 8 14 13 11 7 -7 -1 10 18 -4 -10 -2 26 -16 -11 -12 19 20 -5 -22 -13 24 -24 -26 -3 -17 -9 -23
right_child=1 3 5 9 -6 6 -8 28 12 16 17 22 -14 -15 15 27 -18 -19 -20 -21 21 29 23 -25 25 -27 -28 -29 -30 -31
leaf_value=0 0 0 0 0 0 -3.4526057773902004e-08 3.0542643959852182e-06 0 0 0 0 0 0 0 -2.2570626647211436e-05 -6.4300045310873141e-05 0 -3.0654660443385494e-08 0 0 1.2842138566791343e-08 1.2842138566791343e-08 0 0 0 0 0 5.8770737497779225e-07 0 -9.4617908078453719e-05
leaf_weight=92164 2339 1525 8421 1162 20234 787 5451 5367 7843 30723 11718 1107 4892 30407 242 93 4320 10341 27685 2094 218 421 2171 39017 22900 29818 4206 186 4824 124
leaf_count=92164 2339 1525 8421 1162 20234 787 5451 5367 7843 30723 11718 1107 4892 30407 242 93 4320 10341 27685 2094 218 421 2171 39017 22900 29818 4206 186 4824 124
internal_value=0.00211776 -0.000661654 0.0039484 0.00119453 -0.00399207 0.00565604 0.00920981 0.0137411 0.00199716 0.000586109 -0.000536614 0.00509019 0.00572774 -0.00609235 0.00983685 -0.00182342 0.00230859 0.00175665 -0.00213222 0.00162976 0.0072987 0.0185452 0.00471304 0.00462324 0.00397803 0.00370107 0.0108969 0.00986159 0.0152193 0.0123853
internal_weight=372800 148038 224762 95058 52980 119863 16429 10978 104899 88806 53763 103434 12735 32746 6252 521 35043 22059 31704 4019 1925 763 95013 93906 54889 52718 5731 279 10191 545
internal_count=372800 148038 224762 95058 52980 119863 16429 10978 104899 88806 53763 103434 12735 32746 6252 521 35043 22059 31704 4019 1925 763 95013 93906 54889 52718 5731 279 10191 545
cat_boundaries=0 1 2 3 4
cat_threshold=129 1 32 128
is_linear=0
shrinkage=0.05


Tree=296
num_leaves=31
num_cat=4
split_feature=1 14 14 2 3 9 14 2 9 1 14 2 3 2 3 9 5 2 3 4 2 11 3 14 9 2 10 4 3 8
split_gain=758.738 366.061 299.564 199.934 151.287 96.0373 271.076 124.247 80.7448 68.6958 78.6909 66.5754 66.3671 53.8526 30.9103 33.47 27.1149 26.6074 26.0544 47.4937 63.9507 28.9515 25.9975 21.9983 40.1788 22.5621 21.2878 20.9032 17.9658 17.3067
threshold=1.0000000180025095e-35 0.099999999999996994 0.95000000000000295 0.98499999999999954 9.7850000000000019 0 2.3000000000000083 0.98499999999999954 1 6.5000000000000009 1.7000000000000013 0.58500000000000008 5.9250000000000007 0.79499999999999871 31.655000000000005 2 0.77023320773058968 2.0849999999999995 6.9850000000000003 -0.36852933211706668 1.9949999999999994 1.0000000180025095e-35 3.2350000000000003 1.1000000000000123 3 1.7450000000000012 2.5000000000000004 -0.79467767141292878 13.905000000000003 1.0000000180025095e-35
decision_type=2 2 2 2 2 9 2 2 9 2 2 2 2 2 2 9 2 2 2 2 2 2 2 2 9 2 2 2 2 2
left_child=2 4 8 14 13 11 7 -7 -1 10 18 -4 -10 -2 26 -16 -11 -12 19 20 -5 -22 -13 24 -24 -26 -3 -17 -9 -23
right_child=1 3 5 9 -6 6 -8 28 12 16 17 22 -14 -15 15 27 -18 -19 -20 -21 21 29 23 -25 25 -27 -28 -29 -30 -31
leaf_value=0 0 0 0 0 0 -3.2799754885206899e-08 2.9015511761876223e-06 0 0 0 0 0 0 0 -2.1442095314849752e-05 -6.1085043045329496e-05 0 -2.9121927419550888e-08 0 0 1.2200031638451777e-08 1.2200031638451777e-08 0 0 0 0 0 5.5832200622890262e-07 0 -8.9887012674533259e-05
leaf_weight=92164 2339 1525 8421 1162 20234 787 5451 5367 7843 30723 11718 1107 4892 30407 242 93 4320 10341 27685 2094 218 421 2171 39017 22900 29818 4206 186 4824 124
leaf_count=92164 2339 1525 8421 1162 20234 787 5451 5367 7843 30723 11718 1107 4892 30407 242 93 4320 10341 27685 2094 218 421 2171 39017 22900 29818 4206 186 4824 124
internal_value=0.00211776 -0.000661654 0.0039484 0.00119453 -0.00399207 0.00565604 0.00920981 0.0137411 0.00199716 0.000586109 -0.000536614 0.00509019 0.00572774 -0.00609235 0.00983685 -0.00182342 0.00230859 0.00175665 -0.00213222 0.00162976 0.0072987 0.0185452 0.00471304 0.00462324 0.00397803 0.00370107 0.0108969 0.00986159 0.0152193 0.0123853
internal_weight=372800 148038 224762 95058 52980 119863 16429 10978 104899 88806 53763 103434 12735 32746 6252 521 35043 22059 31704 4019 1925 763 95013 93906 54889 52718 5731 279 10191 545
internal_count=372800 148038 224762 95058 52980 119863 16429 10978 104899 88806 53763 103434 12735 32746 6252 521 35043 22059 31704 4019 1925 763 95013 93906 54889 52718 5731 279 10191 545
cat_boundaries=0 1 2 3 4
cat_threshold=129 1 32 128
is_linear=0
shrinkage=0.05


Tree=297
num_leaves=31
num_cat=4
split_feature=1 14 14 2 3 9 14 2 9 1 14 2 3 2 3 9 5 2 3 4 2 11 3 14 9 2 10 4 3 8
split_gain=758.738 366.061 299.564 199.934 151.287 96.0373 271.076 124.247 80.7448 68.6958 78.6909 66.5754 66.3671 53.8526 30.9103 33.47 27.1149 26.6074 26.0544 47.4937 63.9507 28.9515 25.9975 21.9983 40.1788 22.5621 21.2878 20.9032 17.9658 17.3067
threshold=1.0000000180025095e-35 0.099999999999996994 0.95000000000000295 0.98499999999999954 9.7850000000000019 0 2.3000000000000083 0.98499999999999954 1 6.5000000000000009 1.7000000000000013 0.58500000000000008 5.9250000000000007 0.79499999999999871 31.655000000000005 2 0.77023320773058968 2.0849999999999995 6.9850000000000003 -0.36852933211706668 1.9949999999999994 1.0000000180025095e-35 3.2350000000000003 1.1000000000000123 3 1.7450000000000012 2.5000000000000004 -0.79467767141292878 13.905000000000003 1.0000000180025095e-35
decision_type=2 2 2 2 2 9 2 2 9 2 2 2 2 2 2 9 2 2 2 2 2 2 2 2 9 2 2 2 2 2
left_child=2 4 8 14 13 11 7 -7 -1 10 18 -4 -10 -2 26 -16 -11 -12 19 20 -5 -22 -13 24 -24 -26 -3 -17 -9 -23
right_child=1 3 5 9 -6 6 -8 28 12 16 17 22 -14 -15 15 27 -18 -19 -20 -21 21 29 23 -25 25 -27 -28 -29 -30 -31
leaf_value=0 0 0 0 0 0 -3.1159767140946558e-08 2.7564736173768535e-06 0 0 0 0 0 0 0 -2.0369990549107264e-05 -5.8030790893063021e-05 0 -2.7665831048295787e-08 0 0 1.1590030056529188e-08 1.1590030056529188e-08 0 0 0 0 0 5.3040590591745745e-07 0 -8.5392662040806316e-05
leaf_weight=92164 2339 1525 8421 1162 20234 787 5451 5367 7843 30723 11718 1107 4892 30407 242 93 4320 10341 27685 2094 218 421 2171 39017 22900 29818 4206 186 4824 124
leaf_count=92164 2339 1525 8421 1162 20234 787 5451 5367 7843 30723 11718 1107 4892 30407 242 93 4320 10341 27685 2094 218 421 2171 39017 22900 29818 4206 186 4824 124
internal_value=0.00211776 -0.000661654 0.0039484 0.00119453 -0.00399207 0.00565604 0.00920981 0.0137411 0.00199716 0.000586109 -0.000536614 0.00509019 0.00572774 -0.00609235 0.00983685 -0.00182342 0.00230859 0.00175665 -0.00213222 0.00162976 0.0072987 0.0185452 0.00471304 0.00462324 0.00397803 0.00370107 0.0108969 0.00986159 0.0152193 0.0123853
internal_weight=372800 148038 224762 95058 52980 119863 16429 10978 104899 88806 53763 103434 12735 32746 6252 521 35043 22059 31704 4019 1925 763 95013 93906 54889 52718 5731 279 10191 545
internal_count=372800 148038 224762 95058 52980 119863 16429 10978 104899 88806 53763 103434 12735 32746 6252 521 35043 22059 31704 4019 1925 763 95013 93906 54889 52718 5731 279 10191 545
cat_boundaries=0 1 2 3 4
cat_threshold=129 1 32 128
is_linear=0
shrinkage=0.05


Tree=298
num_leaves=31
num_cat=4
split_feature=1 14 14 2 3 9 14 2 9 1 14 2 3 2 3 9 5 2 3 4 2 11 3 14 9 2 10 4 3 8
split_gain=758.738 366.061 299.564 199.934 151.287 96.0373 271.076 124.247 80.7448 68.6958 78.6909 66.5754 66.3671 53.8526 30.9103 33.47 27.1149 26.6074 26.0544 47.4937 63.9507 28.9515 25.9975 21.9983 40.1788 22.5621 21.2878 20.9032 17.9658 17.3067
threshold=1.0000000180025095e-35 0.099999999999996994 0.95000000000000295 0.98499999999999954 9.7850000000000019 0 2.3000000000000083 0.98499999999999954 1 6.5000000000000009 1.7000000000000013 0.58500000000000008 5.9250000000000007 0.79499999999999871 31.655000000000005 2 0.77023320773058968 2.0849999999999995 6.9850000000000003 -0.36852933211706668 1.9949999999999994 1.0000000180025095e-35 3.2350000000000003 1.1000000000000123 3 1.7450000000000012 2.5000000000000004 -0.79467767141292878 13.905000000000003 1.0000000180025095e-35
decision_type=2 2 2 2 2 9 2 2 9 2 2 2 2 2 2 9 2 2 2 2 2 2 2 2 9 2 2 2 2 2
left_child=2 4 8 14 13 11 7 -7 -1 10 18 -4 -10 -2 26 -16 -11 -12 19 20 -5 -22 -13 24 -24 -26 -3 -17 -9 -23
right_child=1 3 5 9 -6 6 -8 28 12 16 17 22 -14 -15 15 27 -18 -19 -20 -21 21 29 23 -25 25 -27 -28 -29 -30 -31
leaf_value=0 0 0 0 0 0 -2.9601778783899229e-08 2.6186499365088437e-06 0 0 0 0 0 0 0 -1.9351491021657455e-05 -5.5129251348409866e-05 0 -2.6282539494770774e-08 0 0 1.101052855370273e-08 1.101052855370273e-08 0 0 0 0 0 5.038856106215846e-07 0 -8.1123028938767671e-05
leaf_weight=92164 2339 1525 8421 1162 20234 787 5451 5367 7843 30723 11718 1107 4892 30407 242 93 4320 10341 27685 2094 218 421 2171 39017 22900 29818 4206 186 4824 124
leaf_count=92164 2339 1525 8421 1162 20234 787 5451 5367 7843 30723 11718 1107 4892 30407 242 93 4320 10341 27685 2094 218 421 2171 39017 22900 29818 4206 186 4824 124
internal_value=0.00211776 -0.000661654 0.0039484 0.00119453 -0.00399207 0.00565604 0.00920981 0.0137411 0.00199716 0.000586109 -0.000536614 0.00509019 0.00572774 -0.00609235 0.00983685 -0.00182342 0.00230859 0.00175665 -0.00213222 0.00162976 0.0072987 0.0185452 0.00471304 0.00462324 0.00397803 0.00370107 0.0108969 0.00986159 0.0152193 0.0123853
internal_weight=372800 148038 224762 95058 52980 119863 16429 10978 104899 88806 53763 103434 12735 32746 6252 521 35043 22059 31704 4019 1925 763 95013 93906 54889 52718 5731 279 10191 545
internal_count=372800 148038 224762 95058 52980 119863 16429 10978 104899 88806 53763 103434 12735 32746 6252 521 35043 22059 31704 4019 1925 763 95013 93906 54889 52718 5731 279 10191 545
cat_boundaries=0 1 2 3 4
cat_threshold=129 1 32 128
is_linear=0
shrinkage=0.05


Tree=299
num_leaves=31
num_cat=4
split_feature=1 14 14 2 3 9 14 2 9 1 14 2 3 2 3 9 5 2 3 4 2 11 3 14 9 2 10 4 3 8
split_gain=758.738 366.061 299.564 199.934 151.287 96.0373 271.076 124.247 80.7448 68.6958 78.6909 66.5754 66.3671 53.8526 30.9103 33.47 27.1149 26.6074 26.0544 47.4937 63.9507 28.9515 25.9975 21.9983 40.1788 22.5621 21.2878 20.9032 17.9658 17.3067
threshold=1.0000000180025095e-35 0.099999999999996994 0.95000000000000295 0.98499999999999954 9.7850000000000019 0 2.3000000000000083 0.98499999999999954 1 6.5000000000000009 1.7000000000000013 0.58500000000000008 5.9250000000000007 0.79499999999999871 31.655000000000005 2 0.77023320773058968 2.0849999999999995 6.9850000000000003 -0.36852933211706668 1.9949999999999994 1.0000000180025095e-35 3.2350000000000003 1.1000000000000123 3 1.7450000000000012 2.5000000000000004 -0.79467767141292878 13.905000000000003 1.0000000180025095e-35
decision_type=2 2 2 2 2 9 2 2 9 2 2 2 2 2 2 9 2 2 2 2 2 2 2 2 9 2 2 2 2 2
left_child=2 4 8 14 13 11 7 -7 -1 10 18 -4 -10 -2 26 -16 -11 -12 19 20 -5 -22 -13 24 -24 -26 -3 -17 -9 -23
right_child=1 3 5 9 -6 6 -8 28 12 16 17 22 -14 -15 15 27 -18 -19 -20 -21 21 29 23 -25 25 -27 -28 -29 -30 -31
leaf_value=0 0 0 0 0 0 -2.8121689844704267e-08 2.4877174396809033e-06 0 0 0 0 0 0 0 -1.83839164705768e-05 -5.2372788780989377e-05 0 -2.4968412520864903e-08 0 0 1.0460002126017593e-08 1.0460002126017593e-08 0 0 0 0 0 4.7869133009050533e-07 0 -7.7066877491827068e-05
leaf_weight=92164 2339 1525 8421 1162 20234 787 5451 5367 7843 30723 11718 1107 4892 30407 242 93 4320 10341 27685 2094 218 421 2171 39017 22900 29818 4206 186 4824 124
leaf_count=92164 2339 1525 8421 1162 20234 787 5451 5367 7843 30723 11718 1107 4892 30407 242 93 4320 10341 27685 2094 218 421 2171 39017 22900 29818 4206 186 4824 124
internal_value=0.00211776 -0.000661654 0.0039484 0.00119453 -0.00399207 0.00565604 0.00920981 0.0137411 0.00199716 0.000586109 -0.000536614 0.00509019 0.00572774 -0.00609235 0.00983685 -0.00182342 0.00230859 0.00175665 -0.00213222 0.00162976 0.0072987 0.0185452 0.00471304 0.00462324 0.00397803 0.00370107 0.0108969 0.00986159 0.0152193 0.0123853
internal_weight=372800 148038 224762 95058 52980 119863 16429 10978 104899 88806 53763 103434 12735 32746 6252 521 35043 22059 31704 4019 1925 763 95013 93906 54889 52718 5731 279 10191 545
internal_count=372800 148038 224762 95058 52980 119863 16429 10978 104899 88806 53763 103434 12735 32746 6252 521 35043 22059 31704 4019 1925 763 95013 93906 54889 52718 5731 279 10191 545
cat_boundaries=0 1 2 3 4
cat_threshold=129 1 32 128
is_linear=0
shrinkage=0.05


end of trees

feature_importances:
time_reserve_min=2371
edge_delta_delay_P90=1569
min_technical_time_min=1448
active_disruption_group=986
prev_delay_departure_min=943
hour_sin=380
hour_cos=262
train_kind=244
is_passing_loop=172
num_platform_tracks=158
edge_delta_delay_P50=149
edge_delta_delay_MAD=128
is_speed_warning=99
is_track_closure=60
is_node=20
station_delta_stop_min_P90=10
day_of_week=1

parameters:
[boosting: gbdt]
[objective: regression_l1]
[metric: l1]
[tree_learner: serial]
[device_type: cpu]
[data_sample_strategy: bagging]
[data: ]
[valid: ]
[num_iterations: 300]
[learning_rate: 0.05]
[num_leaves: 31]
[num_threads: 4]
[seed: 42]
[deterministic: 0]
[force_col_wise: 0]
[force_row_wise: 0]
[histogram_pool_size: -1]
[max_depth: -1]
[min_data_in_leaf: 80]
[min_sum_hessian_in_leaf: 0.001]
[bagging_fraction: 1]
[pos_bagging_fraction: 1]
[neg_bagging_fraction: 1]
[bagging_freq: 0]
[bagging_seed: 400]
[bagging_by_query: 0]
[feature_fraction: 1]
[feature_fraction_bynode: 1]
[feature_fraction_seed: 30056]
[extra_trees: 0]
[extra_seed: 12879]
[early_stopping_round: 0]
[early_stopping_min_delta: 0]
[first_metric_only: 0]
[max_delta_step: 0]
[lambda_l1: 0]
[lambda_l2: 0]
[linear_lambda: 0]
[min_gain_to_split: 0]
[drop_rate: 0.1]
[max_drop: 50]
[skip_drop: 0.5]
[xgboost_dart_mode: 0]
[uniform_drop: 0]
[drop_seed: 17869]
[top_rate: 0.2]
[other_rate: 0.1]
[min_data_per_group: 100]
[max_cat_threshold: 32]
[cat_l2: 10]
[cat_smooth: 10]
[max_cat_to_onehot: 4]
[top_k: 20]
[monotone_constraints: ]
[monotone_constraints_method: basic]
[monotone_penalty: 0]
[feature_contri: ]
[forcedsplits_filename: ]
[refit_decay_rate: 0.9]
[cegb_tradeoff: 1]
[cegb_penalty_split: 0]
[cegb_penalty_feature_lazy: ]
[cegb_penalty_feature_coupled: ]
[path_smooth: 0]
[interaction_constraints: ]
[verbosity: -1]
[saved_feature_importance_type: 0]
[use_quantized_grad: 0]
[num_grad_quant_bins: 4]
[quant_train_renew_leaf: 0]
[stochastic_rounding: 1]
[linear_tree: 0]
[max_bin: 255]
[max_bin_by_feature: ]
[min_data_in_bin: 3]
[bin_construct_sample_cnt: 200000]
[data_random_seed: 175]
[is_enable_sparse: 1]
[enable_bundle: 1]
[use_missing: 1]
[zero_as_missing: 0]
[feature_pre_filter: 1]
[pre_partition: 0]
[two_round: 0]
[header: 0]
[label_column: ]
[weight_column: ]
[group_column: ]
[ignore_column: ]
[categorical_feature: 0,9]
[forcedbins_filename: ]
[precise_float_parser: 0]
[parser_config_file: ]
[objective_seed: 16083]
[num_class: 1]
[is_unbalance: 0]
[scale_pos_weight: 1]
[sigmoid: 1]
[boost_from_average: 1]
[reg_sqrt: 0]
[alpha: 0.9]
[fair_c: 1]
[poisson_max_delta_step: 0.7]
[tweedie_variance_power: 1.5]
[lambdarank_truncation_level: 30]
[lambdarank_norm: 1]
[label_gain: ]
[lambdarank_position_bias_regularization: 0]
[eval_at: ]
[multi_error_top_k: 1]
[auc_mu_weights: ]
[num_machines: 1]
[local_listen_port: 12400]
[time_out: 120]
[machine_list_filename: ]
[machines: ]
[gpu_platform_id: -1]
[gpu_device_id: -1]
[gpu_device_id_list: ]
[gpu_use_dp: 0]
[num_gpu: 1]

end of parameters

pandas_categorical:[]
